time,signal,fit_total,peak_1,peak_2,peak_3,peak_4,peak_5,peak_6,peak_7,peak_8,peak_9,peak_10,peak_11,peak_12,peak_13,peak_14
0.0,-0.004680851,0.0,0.0,0.0,0.0,0.0,0.0,0.0,0.0,0.0,0.0,0.0,0.0,0.0,0.0,0.0
0.0166666666666666,-0.004680851,0.0,0.0,0.0,0.0,0.0,0.0,0.0,0.0,0.0,0.0,0.0,0.0,0.0,0.0,0.0
0.0333333333333333,0.0,0.0,0.0,0.0,0.0,0.0,0.0,0.0,0.0,0.0,0.0,0.0,0.0,0.0,0.0,0.0
0.05,0.0,0.0,0.0,0.0,0.0,0.0,0.0,0.0,0.0,0.0,0.0,0.0,0.0,0.0,0.0,0.0
0.0666666666666666,0.0,0.0,0.0,0.0,0.0,0.0,0.0,0.0,0.0,0.0,0.0,0.0,0.0,0.0,0.0,0.0
0.0833333333333333,0.0,0.0,0.0,0.0,0.0,0.0,0.0,0.0,0.0,0.0,0.0,0.0,0.0,0.0,0.0,0.0
0.1,0.0,0.0,0.0,0.0,0.0,0.0,0.0,0.0,0.0,0.0,0.0,0.0,0.0,0.0,0.0,0.0
0.1166666666666666,0.0,0.0,0.0,0.0,0.0,0.0,0.0,0.0,0.0,0.0,0.0,0.0,0.0,0.0,0.0,0.0
0.1333333333333333,0.0,0.0,0.0,0.0,0.0,0.0,0.0,0.0,0.0,0.0,0.0,0.0,0.0,0.0,0.0,0.0
0.15,0.0,0.0,0.0,0.0,0.0,0.0,0.0,0.0,0.0,0.0,0.0,0.0,0.0,0.0,0.0,0.0
0.1666666666666666,0.0,0.0,0.0,0.0,0.0,0.0,0.0,0.0,0.0,0.0,0.0,0.0,0.0,0.0,0.0,0.0
0.1833333333333333,0.0,0.0,0.0,0.0,0.0,0.0,0.0,0.0,0.0,0.0,0.0,0.0,0.0,0.0,0.0,0.0
0.2,0.0,0.0,0.0,0.0,0.0,0.0,0.0,0.0,0.0,0.0,0.0,0.0,0.0,0.0,0.0,0.0
0.2166666666666666,0.0,0.0,0.0,0.0,0.0,0.0,0.0,0.0,0.0,0.0,0.0,0.0,0.0,0.0,0.0,0.0
0.2333333333333333,-0.004680851,0.0,0.0,0.0,0.0,0.0,0.0,0.0,0.0,0.0,0.0,0.0,0.0,0.0,0.0,0.0
0.25,-0.004680851,0.0,0.0,0.0,0.0,0.0,0.0,0.0,0.0,0.0,0.0,0.0,0.0,0.0,0.0,0.0
0.2666666666666666,-0.004680851,0.0,0.0,0.0,0.0,0.0,0.0,0.0,0.0,0.0,0.0,0.0,0.0,0.0,0.0,0.0
0.2833333333333333,-0.004680851,0.0,0.0,0.0,0.0,0.0,0.0,0.0,0.0,0.0,0.0,0.0,0.0,0.0,0.0,0.0
0.3,-0.004680851,0.0,0.0,0.0,0.0,0.0,0.0,0.0,0.0,0.0,0.0,0.0,0.0,0.0,0.0,0.0
0.3166666666666666,-0.004680851,0.0,0.0,0.0,0.0,0.0,0.0,0.0,0.0,0.0,0.0,0.0,0.0,0.0,0.0,0.0
0.3333333333333333,0.0,0.0,0.0,0.0,0.0,0.0,0.0,0.0,0.0,0.0,0.0,0.0,0.0,0.0,0.0,0.0
0.35,0.0,0.0,0.0,0.0,0.0,0.0,0.0,0.0,0.0,0.0,0.0,0.0,0.0,0.0,0.0,0.0
0.3666666666666666,0.0,0.0,0.0,0.0,0.0,0.0,0.0,0.0,0.0,0.0,0.0,0.0,0.0,0.0,0.0,0.0
0.3833333333333333,0.0,0.0,0.0,0.0,0.0,0.0,0.0,0.0,0.0,0.0,0.0,0.0,0.0,0.0,0.0,0.0
0.4,0.0,0.0,0.0,0.0,0.0,0.0,0.0,0.0,0.0,0.0,0.0,0.0,0.0,0.0,0.0,0.0
0.4166666666666667,-0.004680851,0.0,0.0,0.0,0.0,0.0,0.0,0.0,0.0,0.0,0.0,0.0,0.0,0.0,0.0,0.0
0.4333333333333333,-0.004680851,0.0,0.0,0.0,0.0,0.0,0.0,0.0,0.0,0.0,0.0,0.0,0.0,0.0,0.0,0.0
0.45,-0.004680851,0.0,0.0,0.0,0.0,0.0,0.0,0.0,0.0,0.0,0.0,0.0,0.0,0.0,0.0,0.0
0.4666666666666667,-0.004680851,0.0,0.0,0.0,0.0,0.0,0.0,0.0,0.0,0.0,0.0,0.0,0.0,0.0,0.0,0.0
0.4833333333333333,-0.004680851,0.0,0.0,0.0,0.0,0.0,0.0,0.0,0.0,0.0,0.0,0.0,0.0,0.0,0.0,0.0
0.5,-0.004680851,0.0,0.0,0.0,0.0,0.0,0.0,0.0,0.0,0.0,0.0,0.0,0.0,0.0,0.0,0.0
0.5166666666666667,-0.004680851,0.0,0.0,0.0,0.0,0.0,0.0,0.0,0.0,0.0,0.0,0.0,0.0,0.0,0.0,0.0
0.5333333333333333,0.0,0.0,0.0,0.0,0.0,0.0,0.0,0.0,0.0,0.0,0.0,0.0,0.0,0.0,0.0,0.0
0.55,0.0,0.0,0.0,0.0,0.0,0.0,0.0,0.0,0.0,0.0,0.0,0.0,0.0,0.0,0.0,0.0
0.5666666666666667,0.0,0.0,0.0,0.0,0.0,0.0,0.0,0.0,0.0,0.0,0.0,0.0,0.0,0.0,0.0,0.0
0.5833333333333334,0.0,0.0,0.0,0.0,0.0,0.0,0.0,0.0,0.0,0.0,0.0,0.0,0.0,0.0,0.0,0.0
0.6,0.0,0.0,0.0,0.0,0.0,0.0,0.0,0.0,0.0,0.0,0.0,0.0,0.0,0.0,0.0,0.0
0.6166666666666667,0.0,0.0,0.0,0.0,0.0,0.0,0.0,0.0,0.0,0.0,0.0,0.0,0.0,0.0,0.0,0.0
0.6333333333333333,-0.004680851,0.0,0.0,0.0,0.0,0.0,0.0,0.0,0.0,0.0,0.0,0.0,0.0,0.0,0.0,0.0
0.65,-0.004680851,0.0,0.0,0.0,0.0,0.0,0.0,0.0,0.0,0.0,0.0,0.0,0.0,0.0,0.0,0.0
0.6666666666666666,-0.004680851,0.0,0.0,0.0,0.0,0.0,0.0,0.0,0.0,0.0,0.0,0.0,0.0,0.0,0.0,0.0
0.6833333333333333,-0.004680851,0.0,0.0,0.0,0.0,0.0,0.0,0.0,0.0,0.0,0.0,0.0,0.0,0.0,0.0,0.0
0.7,-0.004680851,0.0,0.0,0.0,0.0,0.0,0.0,0.0,0.0,0.0,0.0,0.0,0.0,0.0,0.0,0.0
0.7166666666666667,-0.004680851,0.0,0.0,0.0,0.0,0.0,0.0,0.0,0.0,0.0,0.0,0.0,0.0,0.0,0.0,0.0
0.7333333333333333,-0.004680851,0.0,0.0,0.0,0.0,0.0,0.0,0.0,0.0,0.0,0.0,0.0,0.0,0.0,0.0,0.0
0.75,-0.004680851,0.0,0.0,0.0,0.0,0.0,0.0,0.0,0.0,0.0,0.0,0.0,0.0,0.0,0.0,0.0
0.7666666666666667,-0.004680851,0.0,0.0,0.0,0.0,0.0,0.0,0.0,0.0,0.0,0.0,0.0,0.0,0.0,0.0,0.0
0.7833333333333333,-0.004680851,0.0,0.0,0.0,0.0,0.0,0.0,0.0,0.0,0.0,0.0,0.0,0.0,0.0,0.0,0.0
0.8,-0.004680851,0.0,0.0,0.0,0.0,0.0,0.0,0.0,0.0,0.0,0.0,0.0,0.0,0.0,0.0,0.0
0.8166666666666667,-0.004680851,0.0,0.0,0.0,0.0,0.0,0.0,0.0,0.0,0.0,0.0,0.0,0.0,0.0,0.0,0.0
0.8333333333333334,-0.004680851,0.0,0.0,0.0,0.0,0.0,0.0,0.0,0.0,0.0,0.0,0.0,0.0,0.0,0.0,0.0
0.85,-0.004680851,0.0,0.0,0.0,0.0,0.0,0.0,0.0,0.0,0.0,0.0,0.0,0.0,0.0,0.0,0.0
0.8666666666666667,-0.004680851,0.0,0.0,0.0,0.0,0.0,0.0,0.0,0.0,0.0,0.0,0.0,0.0,0.0,0.0,0.0
0.8833333333333333,-0.004680851,0.0,0.0,0.0,0.0,0.0,0.0,0.0,0.0,0.0,0.0,0.0,0.0,0.0,0.0,0.0
0.9,-0.004680851,0.0,0.0,0.0,0.0,0.0,0.0,0.0,0.0,0.0,0.0,0.0,0.0,0.0,0.0,0.0
0.9166666666666666,-0.004680851,0.0,0.0,0.0,0.0,0.0,0.0,0.0,0.0,0.0,0.0,0.0,0.0,0.0,0.0,0.0
0.9333333333333332,-0.004680851,0.0,0.0,0.0,0.0,0.0,0.0,0.0,0.0,0.0,0.0,0.0,0.0,0.0,0.0,0.0
0.95,-0.004680851,0.0,0.0,0.0,0.0,0.0,0.0,0.0,0.0,0.0,0.0,0.0,0.0,0.0,0.0,0.0
0.9666666666666668,-0.004680851,0.0,0.0,0.0,0.0,0.0,0.0,0.0,0.0,0.0,0.0,0.0,0.0,0.0,0.0,0.0
0.9833333333333332,-0.004680851,0.0,0.0,0.0,0.0,0.0,0.0,0.0,0.0,0.0,0.0,0.0,0.0,0.0,0.0,0.0
1.0,-0.004680851,0.0,0.0,0.0,0.0,0.0,0.0,0.0,0.0,0.0,0.0,0.0,0.0,0.0,0.0,0.0
1.0166666666666666,-0.004680851,0.0,0.0,0.0,0.0,0.0,0.0,0.0,0.0,0.0,0.0,0.0,0.0,0.0,0.0,0.0
1.0333333333333334,-0.004680851,0.0,0.0,0.0,0.0,0.0,0.0,0.0,0.0,0.0,0.0,0.0,0.0,0.0,0.0,0.0
1.05,-0.004680851,0.0,0.0,0.0,0.0,0.0,0.0,0.0,0.0,0.0,0.0,0.0,0.0,0.0,0.0,0.0
1.0666666666666669,-0.004680851,0.0,0.0,0.0,0.0,0.0,0.0,0.0,0.0,0.0,0.0,0.0,0.0,0.0,0.0,0.0
1.0833333333333333,-0.004680851,0.0,0.0,0.0,0.0,0.0,0.0,0.0,0.0,0.0,0.0,0.0,0.0,0.0,0.0,0.0
1.1,-0.004680851,0.0,0.0,0.0,0.0,0.0,0.0,0.0,0.0,0.0,0.0,0.0,0.0,0.0,0.0,0.0
1.1166666666666667,-0.004680851,0.0,0.0,0.0,0.0,0.0,0.0,0.0,0.0,0.0,0.0,0.0,0.0,0.0,0.0,0.0
1.1333333333333333,-0.004680851,0.0,0.0,0.0,0.0,0.0,0.0,0.0,0.0,0.0,0.0,0.0,0.0,0.0,0.0,0.0
1.15,-0.004680851,0.0,0.0,0.0,0.0,0.0,0.0,0.0,0.0,0.0,0.0,0.0,0.0,0.0,0.0,0.0
1.1666666666666667,-0.004680851,0.0,0.0,0.0,0.0,0.0,0.0,0.0,0.0,0.0,0.0,0.0,0.0,0.0,0.0,0.0
1.1833333333333331,-0.004680851,0.0,0.0,0.0,0.0,0.0,0.0,0.0,0.0,0.0,0.0,0.0,0.0,0.0,0.0,0.0
1.2,-0.004680851,0.0,0.0,0.0,0.0,0.0,0.0,0.0,0.0,0.0,0.0,0.0,0.0,0.0,0.0,0.0
1.2166666666666666,-0.004680851,0.0,0.0,0.0,0.0,0.0,0.0,0.0,0.0,0.0,0.0,0.0,0.0,0.0,0.0,0.0
1.2333333333333334,-0.004680851,0.0,0.0,0.0,0.0,0.0,0.0,0.0,0.0,0.0,0.0,0.0,0.0,0.0,0.0,0.0
1.25,-0.004680851,0.0,0.0,0.0,0.0,0.0,0.0,0.0,0.0,0.0,0.0,0.0,0.0,0.0,0.0,0.0
1.2666666666666666,-0.009361702,0.0,0.0,0.0,0.0,0.0,0.0,0.0,0.0,0.0,0.0,0.0,0.0,0.0,0.0,0.0
1.2833333333333334,-0.009361702,0.0,0.0,0.0,0.0,0.0,0.0,0.0,0.0,0.0,0.0,0.0,0.0,0.0,0.0,0.0
1.3,-0.009361702,0.0,0.0,0.0,0.0,0.0,0.0,0.0,0.0,0.0,0.0,0.0,0.0,0.0,0.0,0.0
1.3166666666666669,-0.009361702,0.0,0.0,0.0,0.0,0.0,0.0,0.0,0.0,0.0,0.0,0.0,0.0,0.0,0.0,0.0
1.3333333333333333,-0.009361702,0.0,0.0,0.0,0.0,0.0,0.0,0.0,0.0,0.0,0.0,0.0,0.0,0.0,0.0,0.0
1.35,-0.009361702,0.0,0.0,0.0,0.0,0.0,0.0,0.0,0.0,0.0,0.0,0.0,0.0,0.0,0.0,0.0
1.3666666666666667,-0.009361702,0.0,0.0,0.0,0.0,0.0,0.0,0.0,0.0,0.0,0.0,0.0,0.0,0.0,0.0,0.0
1.3833333333333333,-0.009361702,0.0,0.0,0.0,0.0,0.0,0.0,0.0,0.0,0.0,0.0,0.0,0.0,0.0,0.0,0.0
1.4,-0.009361702,0.0,0.0,0.0,0.0,0.0,0.0,0.0,0.0,0.0,0.0,0.0,0.0,0.0,0.0,0.0
1.4166666666666667,-0.009361702,0.0,0.0,0.0,0.0,0.0,0.0,0.0,0.0,0.0,0.0,0.0,0.0,0.0,0.0,0.0
1.4333333333333331,-0.009361702,0.0,0.0,0.0,0.0,0.0,0.0,0.0,0.0,0.0,0.0,0.0,0.0,0.0,0.0,0.0
1.45,-0.009361702,0.0,0.0,0.0,0.0,0.0,0.0,0.0,0.0,0.0,0.0,0.0,0.0,0.0,0.0,0.0
1.4666666666666666,-0.009361702,0.0,0.0,0.0,0.0,0.0,0.0,0.0,0.0,0.0,0.0,0.0,0.0,0.0,0.0,0.0
1.4833333333333334,-0.009361702,0.0,0.0,0.0,0.0,0.0,0.0,0.0,0.0,0.0,0.0,0.0,0.0,0.0,0.0,0.0
1.5,-0.009361702,0.0,0.0,0.0,0.0,0.0,0.0,0.0,0.0,0.0,0.0,0.0,0.0,0.0,0.0,0.0
1.5166666666666666,-0.009361702,0.0,0.0,0.0,0.0,0.0,0.0,0.0,0.0,0.0,0.0,0.0,0.0,0.0,0.0,0.0
1.5333333333333334,-0.009361702,0.0,0.0,0.0,0.0,0.0,0.0,0.0,0.0,0.0,0.0,0.0,0.0,0.0,0.0,0.0
1.55,-0.009361702,0.0,0.0,0.0,0.0,0.0,0.0,0.0,0.0,0.0,0.0,0.0,0.0,0.0,0.0,0.0
1.5666666666666669,-0.0140425535,0.0,0.0,0.0,0.0,0.0,0.0,0.0,0.0,0.0,0.0,0.0,0.0,0.0,0.0,0.0
1.5833333333333333,-0.0140425535,0.0,0.0,0.0,0.0,0.0,0.0,0.0,0.0,0.0,0.0,0.0,0.0,0.0,0.0,0.0
1.6,-0.009361702,0.0,0.0,0.0,0.0,0.0,0.0,0.0,0.0,0.0,0.0,0.0,0.0,0.0,0.0,0.0
1.6166666666666667,-0.009361702,0.0,0.0,0.0,0.0,0.0,0.0,0.0,0.0,0.0,0.0,0.0,0.0,0.0,0.0,0.0
1.6333333333333333,-0.009361702,0.0,0.0,0.0,0.0,0.0,0.0,0.0,0.0,0.0,0.0,0.0,0.0,0.0,0.0,0.0
1.65,-0.009361702,0.0,0.0,0.0,0.0,0.0,0.0,0.0,0.0,0.0,0.0,0.0,0.0,0.0,0.0,0.0
1.6666666666666667,-0.009361702,0.0,0.0,0.0,0.0,0.0,0.0,0.0,0.0,0.0,0.0,0.0,0.0,0.0,0.0,0.0
1.6833333333333331,-0.009361702,0.0,0.0,0.0,0.0,0.0,0.0,0.0,0.0,0.0,0.0,0.0,0.0,0.0,0.0,0.0
1.7,-0.009361702,0.0,0.0,0.0,0.0,0.0,0.0,0.0,0.0,0.0,0.0,0.0,0.0,0.0,0.0,0.0
1.7166666666666666,-0.009361702,0.0,0.0,0.0,0.0,0.0,0.0,0.0,0.0,0.0,0.0,0.0,0.0,0.0,0.0,0.0
1.7333333333333334,-0.009361702,0.0,0.0,0.0,0.0,0.0,0.0,0.0,0.0,0.0,0.0,0.0,0.0,0.0,0.0,0.0
1.75,-0.0140425535,0.0,0.0,0.0,0.0,0.0,0.0,0.0,0.0,0.0,0.0,0.0,0.0,0.0,0.0,0.0
1.7666666666666666,-0.0140425535,0.0,0.0,0.0,0.0,0.0,0.0,0.0,0.0,0.0,0.0,0.0,0.0,0.0,0.0,0.0
1.7833333333333334,-0.0140425535,0.0,0.0,0.0,0.0,0.0,0.0,0.0,0.0,0.0,0.0,0.0,0.0,0.0,0.0,0.0
1.8,-0.0140425535,0.0,0.0,0.0,0.0,0.0,0.0,0.0,0.0,0.0,0.0,0.0,0.0,0.0,0.0,0.0
1.8166666666666669,-0.0140425535,0.0,0.0,0.0,0.0,0.0,0.0,0.0,0.0,0.0,0.0,0.0,0.0,0.0,0.0,0.0
1.8333333333333333,-0.0140425535,0.0,0.0,0.0,0.0,0.0,0.0,0.0,0.0,0.0,0.0,0.0,0.0,0.0,0.0,0.0
1.85,-0.0140425535,0.0,0.0,0.0,0.0,0.0,0.0,0.0,0.0,0.0,0.0,0.0,0.0,0.0,0.0,0.0
1.8666666666666667,-0.0140425535,0.0,0.0,0.0,0.0,0.0,0.0,0.0,0.0,0.0,0.0,0.0,0.0,0.0,0.0,0.0
1.8833333333333333,-0.0140425535,0.0,0.0,0.0,0.0,0.0,0.0,0.0,0.0,0.0,0.0,0.0,0.0,0.0,0.0,0.0
1.9,-0.0140425535,0.0,0.0,0.0,0.0,0.0,0.0,0.0,0.0,0.0,0.0,0.0,0.0,0.0,0.0,0.0
1.9166666666666667,-0.0140425535,0.0,0.0,0.0,0.0,0.0,0.0,0.0,0.0,0.0,0.0,0.0,0.0,0.0,0.0,0.0
1.9333333333333331,-0.0140425535,0.0,0.0,0.0,0.0,0.0,0.0,0.0,0.0,0.0,0.0,0.0,0.0,0.0,0.0,0.0
1.95,-0.0140425535,0.0,0.0,0.0,0.0,0.0,0.0,0.0,0.0,0.0,0.0,0.0,0.0,0.0,0.0,0.0
1.9666666666666663,-0.0140425535,0.0,0.0,0.0,0.0,0.0,0.0,0.0,0.0,0.0,0.0,0.0,0.0,0.0,0.0,0.0
1.9833333333333332,-0.0140425535,0.0,0.0,0.0,0.0,0.0,0.0,0.0,0.0,0.0,0.0,0.0,0.0,0.0,0.0,0.0
2.0,-0.0140425535,0.0,0.0,0.0,0.0,0.0,0.0,0.0,0.0,0.0,0.0,0.0,0.0,0.0,0.0,0.0
2.0166666666666666,-0.0140425535,0.0,0.0,0.0,0.0,0.0,0.0,0.0,0.0,0.0,0.0,0.0,0.0,0.0,0.0,0.0
2.033333333333333,-0.0140425535,0.0,0.0,0.0,0.0,0.0,0.0,0.0,0.0,0.0,0.0,0.0,0.0,0.0,0.0,0.0
2.05,-0.0140425535,0.0,0.0,0.0,0.0,0.0,0.0,0.0,0.0,0.0,0.0,0.0,0.0,0.0,0.0,0.0
2.066666666666667,-0.0140425535,0.0,0.0,0.0,0.0,0.0,0.0,0.0,0.0,0.0,0.0,0.0,0.0,0.0,0.0,0.0
2.083333333333333,-0.0140425535,0.0,0.0,0.0,0.0,0.0,0.0,0.0,0.0,0.0,0.0,0.0,0.0,0.0,0.0,0.0
2.1,-0.0140425535,0.0,0.0,0.0,0.0,0.0,0.0,0.0,0.0,0.0,0.0,0.0,0.0,0.0,0.0,0.0
2.1166666666666667,-0.0140425535,0.0,0.0,0.0,0.0,0.0,0.0,0.0,0.0,0.0,0.0,0.0,0.0,0.0,0.0,0.0
2.1333333333333333,-0.0140425535,0.0,0.0,0.0,0.0,0.0,0.0,0.0,0.0,0.0,0.0,0.0,0.0,0.0,0.0,0.0
2.15,-0.0140425535,0.0,0.0,0.0,0.0,0.0,0.0,0.0,0.0,0.0,0.0,0.0,0.0,0.0,0.0,0.0
2.1666666666666665,-0.0140425535,0.0,0.0,0.0,0.0,0.0,0.0,0.0,0.0,0.0,0.0,0.0,0.0,0.0,0.0,0.0
2.183333333333333,-0.0140425535,0.0,0.0,0.0,0.0,0.0,0.0,0.0,0.0,0.0,0.0,0.0,0.0,0.0,0.0,0.0
2.2,-0.0140425535,0.0,0.0,0.0,0.0,0.0,0.0,0.0,0.0,0.0,0.0,0.0,0.0,0.0,0.0,0.0
2.216666666666667,-0.0140425535,0.0,0.0,0.0,0.0,0.0,0.0,0.0,0.0,0.0,0.0,0.0,0.0,0.0,0.0,0.0
2.2333333333333334,-0.0140425535,0.0,0.0,0.0,0.0,0.0,0.0,0.0,0.0,0.0,0.0,0.0,0.0,0.0,0.0,0.0
2.25,-0.0140425535,0.0,0.0,0.0,0.0,0.0,0.0,0.0,0.0,0.0,0.0,0.0,0.0,0.0,0.0,0.0
2.2666666666666666,-0.0140425535,0.0,0.0,0.0,0.0,0.0,0.0,0.0,0.0,0.0,0.0,0.0,0.0,0.0,0.0,0.0
2.283333333333333,-0.0140425535,0.0,0.0,0.0,0.0,0.0,0.0,0.0,0.0,0.0,0.0,0.0,0.0,0.0,0.0,0.0
2.3,-0.0140425535,0.0,0.0,0.0,0.0,0.0,0.0,0.0,0.0,0.0,0.0,0.0,0.0,0.0,0.0,0.0
2.316666666666667,-0.0140425535,0.0,0.0,0.0,0.0,0.0,0.0,0.0,0.0,0.0,0.0,0.0,0.0,0.0,0.0,0.0
2.333333333333333,-0.0140425535,0.0,0.0,0.0,0.0,0.0,0.0,0.0,0.0,0.0,0.0,0.0,0.0,0.0,0.0,0.0
2.35,-0.0140425535,0.0,0.0,0.0,0.0,0.0,0.0,0.0,0.0,0.0,0.0,0.0,0.0,0.0,0.0,0.0
2.3666666666666667,-0.009361702,0.0,0.0,0.0,0.0,0.0,0.0,0.0,0.0,0.0,0.0,0.0,0.0,0.0,0.0,0.0
2.3833333333333333,-0.009361702,0.0,0.0,0.0,0.0,0.0,0.0,0.0,0.0,0.0,0.0,0.0,0.0,0.0,0.0,0.0
2.4,-0.009361702,0.0,0.0,0.0,0.0,0.0,0.0,0.0,0.0,0.0,0.0,0.0,0.0,0.0,0.0,0.0
2.4166666666666665,-0.009361702,0.0,0.0,0.0,0.0,0.0,0.0,0.0,0.0,0.0,0.0,0.0,0.0,0.0,0.0,0.0
2.433333333333333,-0.009361702,0.0,0.0,0.0,0.0,0.0,0.0,0.0,0.0,0.0,0.0,0.0,0.0,0.0,0.0,0.0
2.45,-0.009361702,0.0,0.0,0.0,0.0,0.0,0.0,0.0,0.0,0.0,0.0,0.0,0.0,0.0,0.0,0.0
2.466666666666667,-0.009361702,0.0,0.0,0.0,0.0,0.0,0.0,0.0,0.0,0.0,0.0,0.0,0.0,0.0,0.0,0.0
2.4833333333333334,-0.009361702,0.0,0.0,0.0,0.0,0.0,0.0,0.0,0.0,0.0,0.0,0.0,0.0,0.0,0.0,0.0
2.5,-0.009361702,0.0,0.0,0.0,0.0,0.0,0.0,0.0,0.0,0.0,0.0,0.0,0.0,0.0,0.0,0.0
2.5166666666666666,-0.009361702,0.0,0.0,0.0,0.0,0.0,0.0,0.0,0.0,0.0,0.0,0.0,0.0,0.0,0.0,0.0
2.533333333333333,-0.009361702,0.0,0.0,0.0,0.0,0.0,0.0,0.0,0.0,0.0,0.0,0.0,0.0,0.0,0.0,0.0
2.55,-0.009361702,0.0,0.0,0.0,0.0,0.0,0.0,0.0,0.0,0.0,0.0,0.0,0.0,0.0,0.0,0.0
2.566666666666667,-0.009361702,0.0,0.0,0.0,0.0,0.0,0.0,0.0,0.0,0.0,0.0,0.0,0.0,0.0,0.0,0.0
2.583333333333333,-0.009361702,0.0,0.0,0.0,0.0,0.0,0.0,0.0,0.0,0.0,0.0,0.0,0.0,0.0,0.0,0.0
2.6,-0.009361702,0.0,0.0,0.0,0.0,0.0,0.0,0.0,0.0,0.0,0.0,0.0,0.0,0.0,0.0,0.0
2.6166666666666667,-0.009361702,0.0,0.0,0.0,0.0,0.0,0.0,0.0,0.0,0.0,0.0,0.0,0.0,0.0,0.0,0.0
2.6333333333333333,-0.009361702,0.0,0.0,0.0,0.0,0.0,0.0,0.0,0.0,0.0,0.0,0.0,0.0,0.0,0.0,0.0
2.65,-0.009361702,0.0,0.0,0.0,0.0,0.0,0.0,0.0,0.0,0.0,0.0,0.0,0.0,0.0,0.0,0.0
2.6666666666666665,-0.0140425535,0.0,0.0,0.0,0.0,0.0,0.0,0.0,0.0,0.0,0.0,0.0,0.0,0.0,0.0,0.0
2.683333333333333,-0.0140425535,0.0,0.0,0.0,0.0,0.0,0.0,0.0,0.0,0.0,0.0,0.0,0.0,0.0,0.0,0.0
2.7,-0.0140425535,0.0,0.0,0.0,0.0,0.0,0.0,0.0,0.0,0.0,0.0,0.0,0.0,0.0,0.0,0.0
2.716666666666667,-0.009361702,0.0,0.0,0.0,0.0,0.0,0.0,0.0,0.0,0.0,0.0,0.0,0.0,0.0,0.0,0.0
2.7333333333333334,-0.009361702,0.0,0.0,0.0,0.0,0.0,0.0,0.0,0.0,0.0,0.0,0.0,0.0,0.0,0.0,0.0
2.75,-0.009361702,0.0,0.0,0.0,0.0,0.0,0.0,0.0,0.0,0.0,0.0,0.0,0.0,0.0,0.0,0.0
2.7666666666666666,-0.009361702,0.0,0.0,0.0,0.0,0.0,0.0,0.0,0.0,0.0,0.0,0.0,0.0,0.0,0.0,0.0
2.783333333333333,-0.009361702,0.0,0.0,0.0,0.0,0.0,0.0,0.0,0.0,0.0,0.0,0.0,0.0,0.0,0.0,0.0
2.8,-0.009361702,0.0,0.0,0.0,0.0,0.0,0.0,0.0,0.0,0.0,0.0,0.0,0.0,0.0,0.0,0.0
2.816666666666667,-0.009361702,0.0,0.0,0.0,0.0,0.0,0.0,0.0,0.0,0.0,0.0,0.0,0.0,0.0,0.0,0.0
2.833333333333333,-0.009361702,0.0,0.0,0.0,0.0,0.0,0.0,0.0,0.0,0.0,0.0,0.0,0.0,0.0,0.0,0.0
2.85,-0.0140425535,0.0,0.0,0.0,0.0,0.0,0.0,0.0,0.0,0.0,0.0,0.0,0.0,0.0,0.0,0.0
2.8666666666666667,-0.0140425535,0.0,0.0,0.0,0.0,0.0,0.0,0.0,0.0,0.0,0.0,0.0,0.0,0.0,0.0,0.0
2.8833333333333333,-0.0140425535,0.0,0.0,0.0,0.0,0.0,0.0,0.0,0.0,0.0,0.0,0.0,0.0,0.0,0.0,0.0
2.9,-0.0140425535,0.0,0.0,0.0,0.0,0.0,0.0,0.0,0.0,0.0,0.0,0.0,0.0,0.0,0.0,0.0
2.9166666666666665,-0.0140425535,0.0,0.0,0.0,0.0,0.0,0.0,0.0,0.0,0.0,0.0,0.0,0.0,0.0,0.0,0.0
2.933333333333333,-0.0140425535,0.0,0.0,0.0,0.0,0.0,0.0,0.0,0.0,0.0,0.0,0.0,0.0,0.0,0.0,0.0
2.95,-0.009361702,0.0,0.0,0.0,0.0,0.0,0.0,0.0,0.0,0.0,0.0,0.0,0.0,0.0,0.0,0.0
2.966666666666667,-0.009361702,0.0,0.0,0.0,0.0,0.0,0.0,0.0,0.0,0.0,0.0,0.0,0.0,0.0,0.0,0.0
2.9833333333333334,-0.009361702,0.0,0.0,0.0,0.0,0.0,0.0,0.0,0.0,0.0,0.0,0.0,0.0,0.0,0.0,0.0
3.0,-0.009361702,0.0,0.0,0.0,0.0,0.0,0.0,0.0,0.0,0.0,0.0,0.0,0.0,0.0,0.0,0.0
3.0166666666666666,-0.0140425535,0.0,0.0,0.0,0.0,0.0,0.0,0.0,0.0,0.0,0.0,0.0,0.0,0.0,0.0,0.0
3.033333333333333,-0.0140425535,0.0,0.0,0.0,0.0,0.0,0.0,0.0,0.0,0.0,0.0,0.0,0.0,0.0,0.0,0.0
3.05,-0.0140425535,0.0,0.0,0.0,0.0,0.0,0.0,0.0,0.0,0.0,0.0,0.0,0.0,0.0,0.0,0.0
3.066666666666667,-0.0140425535,0.0,0.0,0.0,0.0,0.0,0.0,0.0,0.0,0.0,0.0,0.0,0.0,0.0,0.0,0.0
3.083333333333333,-0.009361702,0.0,0.0,0.0,0.0,0.0,0.0,0.0,0.0,0.0,0.0,0.0,0.0,0.0,0.0,0.0
3.1,-0.009361702,0.0,0.0,0.0,0.0,0.0,0.0,0.0,0.0,0.0,0.0,0.0,0.0,0.0,0.0,0.0
3.1166666666666667,-0.009361702,0.0,0.0,0.0,0.0,0.0,0.0,0.0,0.0,0.0,0.0,0.0,0.0,0.0,0.0,0.0
3.1333333333333333,-0.009361702,0.0,0.0,0.0,0.0,0.0,0.0,0.0,0.0,0.0,0.0,0.0,0.0,0.0,0.0,0.0
3.15,-0.009361702,0.0,0.0,0.0,0.0,0.0,0.0,0.0,0.0,0.0,0.0,0.0,0.0,0.0,0.0,0.0
3.1666666666666665,-0.009361702,0.0,0.0,0.0,0.0,0.0,0.0,0.0,0.0,0.0,0.0,0.0,0.0,0.0,0.0,0.0
3.183333333333333,-0.009361702,0.0,0.0,0.0,0.0,0.0,0.0,0.0,0.0,0.0,0.0,0.0,0.0,0.0,0.0,0.0
3.2,-0.009361702,0.0,0.0,0.0,0.0,0.0,0.0,0.0,0.0,0.0,0.0,0.0,0.0,0.0,0.0,0.0
3.216666666666667,-0.009361702,0.0,0.0,0.0,0.0,0.0,0.0,0.0,0.0,0.0,0.0,0.0,0.0,0.0,0.0,0.0
3.2333333333333334,-0.009361702,0.0,0.0,0.0,0.0,0.0,0.0,0.0,0.0,0.0,0.0,0.0,0.0,0.0,0.0,0.0
3.25,-0.009361702,0.0,0.0,0.0,0.0,0.0,0.0,0.0,0.0,0.0,0.0,0.0,0.0,0.0,0.0,0.0
3.2666666666666666,-0.009361702,0.0,0.0,0.0,0.0,0.0,0.0,0.0,0.0,0.0,0.0,0.0,0.0,0.0,0.0,0.0
3.283333333333333,-0.009361702,0.0,0.0,0.0,0.0,0.0,0.0,0.0,0.0,0.0,0.0,0.0,0.0,0.0,0.0,0.0
3.3,-0.009361702,0.0,0.0,0.0,0.0,0.0,0.0,0.0,0.0,0.0,0.0,0.0,0.0,0.0,0.0,0.0
3.316666666666667,-0.0140425535,0.0,0.0,0.0,0.0,0.0,0.0,0.0,0.0,0.0,0.0,0.0,0.0,0.0,0.0,0.0
3.333333333333333,-0.0140425535,0.0,0.0,0.0,0.0,0.0,0.0,0.0,0.0,0.0,0.0,0.0,0.0,0.0,0.0,0.0
3.35,-0.0140425535,0.0,0.0,0.0,0.0,0.0,0.0,0.0,0.0,0.0,0.0,0.0,0.0,0.0,0.0,0.0
3.3666666666666667,-0.0140425535,0.0,0.0,0.0,0.0,0.0,0.0,0.0,0.0,0.0,0.0,0.0,0.0,0.0,0.0,0.0
3.3833333333333333,-0.0140425535,0.0,0.0,0.0,0.0,0.0,0.0,0.0,0.0,0.0,0.0,0.0,0.0,0.0,0.0,0.0
3.4,-0.0140425535,0.0,0.0,0.0,0.0,0.0,0.0,0.0,0.0,0.0,0.0,0.0,0.0,0.0,0.0,0.0
3.4166666666666665,-0.0140425535,0.0,0.0,0.0,0.0,0.0,0.0,0.0,0.0,0.0,0.0,0.0,0.0,0.0,0.0,0.0
3.433333333333333,-0.0140425535,0.0,0.0,0.0,0.0,0.0,0.0,0.0,0.0,0.0,0.0,0.0,0.0,0.0,0.0,0.0
3.45,-0.0140425535,0.0,0.0,0.0,0.0,0.0,0.0,0.0,0.0,0.0,0.0,0.0,0.0,0.0,0.0,0.0
3.466666666666667,-0.0140425535,0.0,0.0,0.0,0.0,0.0,0.0,0.0,0.0,0.0,0.0,0.0,0.0,0.0,0.0,0.0
3.4833333333333334,-0.0140425535,0.0,0.0,0.0,0.0,0.0,0.0,0.0,0.0,0.0,0.0,0.0,0.0,0.0,0.0,0.0
3.5,-0.0140425535,0.0,0.0,0.0,0.0,0.0,0.0,0.0,0.0,0.0,0.0,0.0,0.0,0.0,0.0,0.0
3.5166666666666666,-0.0140425535,0.0,0.0,0.0,0.0,0.0,0.0,0.0,0.0,0.0,0.0,0.0,0.0,0.0,0.0,0.0
3.533333333333333,-0.0140425535,0.0,0.0,0.0,0.0,0.0,0.0,0.0,0.0,0.0,0.0,0.0,0.0,0.0,0.0,0.0
3.55,-0.0140425535,0.0,0.0,0.0,0.0,0.0,0.0,0.0,0.0,0.0,0.0,0.0,0.0,0.0,0.0,0.0
3.566666666666667,-0.0140425535,0.0,0.0,0.0,0.0,0.0,0.0,0.0,0.0,0.0,0.0,0.0,0.0,0.0,0.0,0.0
3.583333333333333,-0.018723404,0.0,0.0,0.0,0.0,0.0,0.0,0.0,0.0,0.0,0.0,0.0,0.0,0.0,0.0,0.0
3.6,-0.0140425535,0.0,0.0,0.0,0.0,0.0,0.0,0.0,0.0,0.0,0.0,0.0,0.0,0.0,0.0,0.0
3.6166666666666663,-0.018723404,0.0,0.0,0.0,0.0,0.0,0.0,0.0,0.0,0.0,0.0,0.0,0.0,0.0,0.0,0.0
3.633333333333333,-0.018723404,0.0,0.0,0.0,0.0,0.0,0.0,0.0,0.0,0.0,0.0,0.0,0.0,0.0,0.0,0.0
3.65,-0.018723404,0.0,0.0,0.0,0.0,0.0,0.0,0.0,0.0,0.0,0.0,0.0,0.0,0.0,0.0,0.0
3.6666666666666665,-0.018723404,0.0,0.0,0.0,0.0,0.0,0.0,0.0,0.0,0.0,0.0,0.0,0.0,0.0,0.0,0.0
3.683333333333333,-0.018723404,0.0,0.0,0.0,0.0,0.0,0.0,0.0,0.0,0.0,0.0,0.0,0.0,0.0,0.0,0.0
3.7,-0.018723404,0.0,0.0,0.0,0.0,0.0,0.0,0.0,0.0,0.0,0.0,0.0,0.0,0.0,0.0,0.0
3.716666666666667,-0.018723404,0.0,0.0,0.0,0.0,0.0,0.0,0.0,0.0,0.0,0.0,0.0,0.0,0.0,0.0,0.0
3.733333333333333,-0.018723404,0.0,0.0,0.0,0.0,0.0,0.0,0.0,0.0,0.0,0.0,0.0,0.0,0.0,0.0,0.0
3.75,-0.018723404,0.0,0.0,0.0,0.0,0.0,0.0,0.0,0.0,0.0,0.0,0.0,0.0,0.0,0.0,0.0
3.7666666666666666,-0.018723404,0.0,0.0,0.0,0.0,0.0,0.0,0.0,0.0,0.0,0.0,0.0,0.0,0.0,0.0,0.0
3.783333333333333,-0.018723404,0.0,0.0,0.0,0.0,0.0,0.0,0.0,0.0,0.0,0.0,0.0,0.0,0.0,0.0,0.0
3.8,-0.018723404,0.0,0.0,0.0,0.0,0.0,0.0,0.0,0.0,0.0,0.0,0.0,0.0,0.0,0.0,0.0
3.816666666666667,-0.018723404,0.0,0.0,0.0,0.0,0.0,0.0,0.0,0.0,0.0,0.0,0.0,0.0,0.0,0.0,0.0
3.8333333333333335,-0.018723404,0.0,0.0,0.0,0.0,0.0,0.0,0.0,0.0,0.0,0.0,0.0,0.0,0.0,0.0,0.0
3.85,-0.0140425535,0.0,0.0,0.0,0.0,0.0,0.0,0.0,0.0,0.0,0.0,0.0,0.0,0.0,0.0,0.0
3.8666666666666663,-0.0140425535,0.0,0.0,0.0,0.0,0.0,0.0,0.0,0.0,0.0,0.0,0.0,0.0,0.0,0.0,0.0
3.883333333333333,-0.0140425535,0.0,0.0,0.0,0.0,0.0,0.0,0.0,0.0,0.0,0.0,0.0,0.0,0.0,0.0,0.0
3.9,-0.0140425535,0.0,0.0,0.0,0.0,0.0,0.0,0.0,0.0,0.0,0.0,0.0,0.0,0.0,0.0,0.0
3.9166666666666665,-0.0140425535,0.0,0.0,0.0,0.0,0.0,0.0,0.0,0.0,0.0,0.0,0.0,0.0,0.0,0.0,0.0
3.933333333333333,-0.0140425535,0.0,0.0,0.0,0.0,0.0,0.0,0.0,0.0,0.0,0.0,0.0,0.0,0.0,0.0,0.0
3.95,-0.0140425535,0.0,0.0,0.0,0.0,0.0,0.0,0.0,0.0,0.0,0.0,0.0,0.0,0.0,0.0,0.0
3.966666666666667,-0.0140425535,0.0,0.0,0.0,0.0,0.0,0.0,0.0,0.0,0.0,0.0,0.0,0.0,0.0,0.0,0.0
3.983333333333333,-0.0140425535,0.0,0.0,0.0,0.0,0.0,0.0,0.0,0.0,0.0,0.0,0.0,0.0,0.0,0.0,0.0
4.0,-0.0140425535,0.0,0.0,0.0,0.0,0.0,0.0,0.0,0.0,0.0,0.0,0.0,0.0,0.0,0.0,0.0
4.016666666666667,-0.0140425535,0.0,0.0,0.0,0.0,0.0,0.0,0.0,0.0,0.0,0.0,0.0,0.0,0.0,0.0,0.0
4.033333333333333,-0.0140425535,0.0,0.0,0.0,0.0,0.0,0.0,0.0,0.0,0.0,0.0,0.0,0.0,0.0,0.0,0.0
4.05,-0.0140425535,0.0,0.0,0.0,0.0,0.0,0.0,0.0,0.0,0.0,0.0,0.0,0.0,0.0,0.0,0.0
4.066666666666666,-0.0140425535,0.0,0.0,0.0,0.0,0.0,0.0,0.0,0.0,0.0,0.0,0.0,0.0,0.0,0.0,0.0
4.083333333333333,-0.0140425535,0.0,0.0,0.0,0.0,0.0,0.0,0.0,0.0,0.0,0.0,0.0,0.0,0.0,0.0,0.0
4.1,-0.0140425535,0.0,0.0,0.0,0.0,0.0,0.0,0.0,0.0,0.0,0.0,0.0,0.0,0.0,0.0,0.0
4.116666666666666,-0.0140425535,0.0,0.0,0.0,0.0,0.0,0.0,0.0,0.0,0.0,0.0,0.0,0.0,0.0,0.0,0.0
4.133333333333334,-0.0140425535,0.0,0.0,0.0,0.0,0.0,0.0,0.0,0.0,0.0,0.0,0.0,0.0,0.0,0.0,0.0
4.15,-0.0140425535,0.0,0.0,0.0,0.0,0.0,0.0,0.0,0.0,0.0,0.0,0.0,0.0,0.0,0.0,0.0
4.166666666666667,-0.0140425535,0.0,0.0,0.0,0.0,0.0,0.0,0.0,0.0,0.0,0.0,0.0,0.0,0.0,0.0,0.0
4.183333333333334,-0.0140425535,0.0,0.0,0.0,0.0,0.0,0.0,0.0,0.0,0.0,0.0,0.0,0.0,0.0,0.0,0.0
4.2,-0.009361702,0.0,0.0,0.0,0.0,0.0,0.0,0.0,0.0,0.0,0.0,0.0,0.0,0.0,0.0,0.0
4.216666666666667,-0.009361702,0.0,0.0,0.0,0.0,0.0,0.0,0.0,0.0,0.0,0.0,0.0,0.0,0.0,0.0,0.0
4.233333333333333,-0.009361702,0.0,0.0,0.0,0.0,0.0,0.0,0.0,0.0,0.0,0.0,0.0,0.0,0.0,0.0,0.0
4.25,-0.009361702,0.0,0.0,0.0,0.0,0.0,0.0,0.0,0.0,0.0,0.0,0.0,0.0,0.0,0.0,0.0
4.266666666666667,-0.009361702,0.0,0.0,0.0,0.0,0.0,0.0,0.0,0.0,0.0,0.0,0.0,0.0,0.0,0.0,0.0
4.283333333333333,-0.009361702,0.0,0.0,0.0,0.0,0.0,0.0,0.0,0.0,0.0,0.0,0.0,0.0,0.0,0.0,0.0
4.3,-0.009361702,0.0,0.0,0.0,0.0,0.0,0.0,0.0,0.0,0.0,0.0,0.0,0.0,0.0,0.0,0.0
4.316666666666666,-0.009361702,0.0,0.0,0.0,0.0,0.0,0.0,0.0,0.0,0.0,0.0,0.0,0.0,0.0,0.0,0.0
4.333333333333333,-0.009361702,0.0,0.0,0.0,0.0,0.0,0.0,0.0,0.0,0.0,0.0,0.0,0.0,0.0,0.0,0.0
4.35,-0.009361702,0.0,0.0,0.0,0.0,0.0,0.0,0.0,0.0,0.0,0.0,0.0,0.0,0.0,0.0,0.0
4.366666666666666,-0.009361702,0.0,0.0,0.0,0.0,0.0,0.0,0.0,0.0,0.0,0.0,0.0,0.0,0.0,0.0,0.0
4.383333333333334,-0.009361702,0.0,0.0,0.0,0.0,0.0,0.0,0.0,0.0,0.0,0.0,0.0,0.0,0.0,0.0,0.0
4.4,-0.009361702,0.0,0.0,0.0,0.0,0.0,0.0,0.0,0.0,0.0,0.0,0.0,0.0,0.0,0.0,0.0
4.416666666666667,-0.009361702,0.0,0.0,0.0,0.0,0.0,0.0,0.0,0.0,0.0,0.0,0.0,0.0,0.0,0.0,0.0
4.433333333333334,-0.009361702,0.0,0.0,0.0,0.0,0.0,0.0,0.0,0.0,0.0,0.0,0.0,0.0,0.0,0.0,0.0
4.45,-0.009361702,0.0,0.0,0.0,0.0,0.0,0.0,0.0,0.0,0.0,0.0,0.0,0.0,0.0,0.0,0.0
4.466666666666667,-0.009361702,0.0,0.0,0.0,0.0,0.0,0.0,0.0,0.0,0.0,0.0,0.0,0.0,0.0,0.0,0.0
4.483333333333333,-0.009361702,0.0,0.0,0.0,0.0,0.0,0.0,0.0,0.0,0.0,0.0,0.0,0.0,0.0,0.0,0.0
4.5,-0.009361702,0.0,0.0,0.0,0.0,0.0,0.0,0.0,0.0,0.0,0.0,0.0,0.0,0.0,0.0,0.0
4.516666666666667,-0.009361702,0.0,0.0,0.0,0.0,0.0,0.0,0.0,0.0,0.0,0.0,0.0,0.0,0.0,0.0,0.0
4.533333333333333,-0.009361702,0.0,0.0,0.0,0.0,0.0,0.0,0.0,0.0,0.0,0.0,0.0,0.0,0.0,0.0,0.0
4.55,-0.009361702,0.0,0.0,0.0,0.0,0.0,0.0,0.0,0.0,0.0,0.0,0.0,0.0,0.0,0.0,0.0
4.566666666666666,-0.009361702,0.0,0.0,0.0,0.0,0.0,0.0,0.0,0.0,0.0,0.0,0.0,0.0,0.0,0.0,0.0
4.583333333333333,-0.004680851,0.0,0.0,0.0,0.0,0.0,0.0,0.0,0.0,0.0,0.0,0.0,0.0,0.0,0.0,0.0
4.6,-0.009361702,0.0,0.0,0.0,0.0,0.0,0.0,0.0,0.0,0.0,0.0,0.0,0.0,0.0,0.0,0.0
4.616666666666666,-0.004680851,0.0,0.0,0.0,0.0,0.0,0.0,0.0,0.0,0.0,0.0,0.0,0.0,0.0,0.0,0.0
4.633333333333334,-0.004680851,0.0,0.0,0.0,0.0,0.0,0.0,0.0,0.0,0.0,0.0,0.0,0.0,0.0,0.0,0.0
4.65,-0.004680851,0.0,0.0,0.0,0.0,0.0,0.0,0.0,0.0,0.0,0.0,0.0,0.0,0.0,0.0,0.0
4.666666666666667,-0.004680851,0.0,0.0,0.0,0.0,0.0,0.0,0.0,0.0,0.0,0.0,0.0,0.0,0.0,0.0,0.0
4.683333333333334,-0.004680851,0.0,0.0,0.0,0.0,0.0,0.0,0.0,0.0,0.0,0.0,0.0,0.0,0.0,0.0,0.0
4.7,-0.004680851,0.0,0.0,0.0,0.0,0.0,0.0,0.0,0.0,0.0,0.0,0.0,0.0,0.0,0.0,0.0
4.716666666666667,-0.009361702,0.0,0.0,0.0,0.0,0.0,0.0,0.0,0.0,0.0,0.0,0.0,0.0,0.0,0.0,0.0
4.733333333333333,-0.009361702,0.0,0.0,0.0,0.0,0.0,0.0,0.0,0.0,0.0,0.0,0.0,0.0,0.0,0.0,0.0
4.75,-0.009361702,0.0,0.0,0.0,0.0,0.0,0.0,0.0,0.0,0.0,0.0,0.0,0.0,0.0,0.0,0.0
4.766666666666667,-0.004680851,0.0,0.0,0.0,0.0,0.0,0.0,0.0,0.0,0.0,0.0,0.0,0.0,0.0,0.0,0.0
4.783333333333333,-0.004680851,0.0,0.0,0.0,0.0,0.0,0.0,0.0,0.0,0.0,0.0,0.0,0.0,0.0,0.0,0.0
4.8,-0.004680851,0.0,0.0,0.0,0.0,0.0,0.0,0.0,0.0,0.0,0.0,0.0,0.0,0.0,0.0,0.0
4.816666666666666,-0.004680851,0.0,0.0,0.0,0.0,0.0,0.0,0.0,0.0,0.0,0.0,0.0,0.0,0.0,0.0,0.0
4.833333333333333,-0.004680851,0.0,0.0,0.0,0.0,0.0,0.0,0.0,0.0,0.0,0.0,0.0,0.0,0.0,0.0,0.0
4.85,-0.004680851,0.0,0.0,0.0,0.0,0.0,0.0,0.0,0.0,0.0,0.0,0.0,0.0,0.0,0.0,0.0
4.866666666666666,-0.004680851,0.0,0.0,0.0,0.0,0.0,0.0,0.0,0.0,0.0,0.0,0.0,0.0,0.0,0.0,0.0
4.883333333333334,-0.004680851,0.0,0.0,0.0,0.0,0.0,0.0,0.0,0.0,0.0,0.0,0.0,0.0,0.0,0.0,0.0
4.9,-0.004680851,0.0,0.0,0.0,0.0,0.0,0.0,0.0,0.0,0.0,0.0,0.0,0.0,0.0,0.0,0.0
4.916666666666667,-0.004680851,0.0,0.0,0.0,0.0,0.0,0.0,0.0,0.0,0.0,0.0,0.0,0.0,0.0,0.0,0.0
4.933333333333334,-0.004680851,0.0,0.0,0.0,0.0,0.0,0.0,0.0,0.0,0.0,0.0,0.0,0.0,0.0,0.0,0.0
4.95,-0.004680851,0.0,0.0,0.0,0.0,0.0,0.0,0.0,0.0,0.0,0.0,0.0,0.0,0.0,0.0,0.0
4.966666666666667,-0.004680851,0.0,0.0,0.0,0.0,0.0,0.0,0.0,0.0,0.0,0.0,0.0,0.0,0.0,0.0,0.0
4.983333333333333,-0.004680851,0.0,0.0,0.0,0.0,0.0,0.0,0.0,0.0,0.0,0.0,0.0,0.0,0.0,0.0,0.0
5.0,-0.004680851,0.0,0.0,0.0,0.0,0.0,0.0,0.0,0.0,0.0,0.0,0.0,0.0,0.0,0.0,0.0
5.016666666666667,0.0,0.0,0.0,0.0,0.0,0.0,0.0,0.0,0.0,0.0,0.0,0.0,0.0,0.0,0.0,0.0
5.033333333333333,0.0,0.0,0.0,0.0,0.0,0.0,0.0,0.0,0.0,0.0,0.0,0.0,0.0,0.0,0.0,0.0
5.05,-0.004680851,0.0,0.0,0.0,0.0,0.0,0.0,0.0,0.0,0.0,0.0,0.0,0.0,0.0,0.0,0.0
5.066666666666666,-0.004680851,0.0,0.0,0.0,0.0,0.0,0.0,0.0,0.0,0.0,0.0,0.0,0.0,0.0,0.0,0.0
5.083333333333333,-0.004680851,0.0,0.0,0.0,0.0,0.0,0.0,0.0,0.0,0.0,0.0,0.0,0.0,0.0,0.0,0.0
5.1,-0.004680851,0.0,0.0,0.0,0.0,0.0,0.0,0.0,0.0,0.0,0.0,0.0,0.0,0.0,0.0,0.0
5.116666666666666,-0.004680851,0.0,0.0,0.0,0.0,0.0,0.0,0.0,0.0,0.0,0.0,0.0,0.0,0.0,0.0,0.0
5.133333333333334,-0.004680851,0.0,0.0,0.0,0.0,0.0,0.0,0.0,0.0,0.0,0.0,0.0,0.0,0.0,0.0,0.0
5.15,-0.004680851,0.0,0.0,0.0,0.0,0.0,0.0,0.0,0.0,0.0,0.0,0.0,0.0,0.0,0.0,0.0
5.166666666666667,-0.004680851,0.0,0.0,0.0,0.0,0.0,0.0,0.0,0.0,0.0,0.0,0.0,0.0,0.0,0.0,0.0
5.183333333333334,-0.004680851,0.0,0.0,0.0,0.0,0.0,0.0,0.0,0.0,0.0,0.0,0.0,0.0,0.0,0.0,0.0
5.2,0.0,0.0,0.0,0.0,0.0,0.0,0.0,0.0,0.0,0.0,0.0,0.0,0.0,0.0,0.0,0.0
5.216666666666667,0.0,0.0,0.0,0.0,0.0,0.0,0.0,0.0,0.0,0.0,0.0,0.0,0.0,0.0,0.0,0.0
5.233333333333333,0.0,0.0,0.0,0.0,0.0,0.0,0.0,0.0,0.0,0.0,0.0,0.0,0.0,0.0,0.0,0.0
5.25,0.0,0.0,0.0,0.0,0.0,0.0,0.0,0.0,0.0,0.0,0.0,0.0,0.0,0.0,0.0,0.0
5.266666666666667,-0.004680851,0.0,0.0,0.0,0.0,0.0,0.0,0.0,0.0,0.0,0.0,0.0,0.0,0.0,0.0,0.0
5.283333333333333,-0.004680851,0.0,0.0,0.0,0.0,0.0,0.0,0.0,0.0,0.0,0.0,0.0,0.0,0.0,0.0,0.0
5.3,0.0,0.0,0.0,0.0,0.0,0.0,0.0,0.0,0.0,0.0,0.0,0.0,0.0,0.0,0.0,0.0
5.316666666666666,0.0,0.0,0.0,0.0,0.0,0.0,0.0,0.0,0.0,0.0,0.0,0.0,0.0,0.0,0.0,0.0
5.333333333333333,0.0,0.0,0.0,0.0,0.0,0.0,0.0,0.0,0.0,0.0,0.0,0.0,0.0,0.0,0.0,0.0
5.35,0.0,0.0,0.0,0.0,0.0,0.0,0.0,0.0,0.0,0.0,0.0,0.0,0.0,0.0,0.0,0.0
5.366666666666666,0.0,0.0,0.0,0.0,0.0,0.0,0.0,0.0,0.0,0.0,0.0,0.0,0.0,0.0,0.0,0.0
5.383333333333334,0.0,0.0,0.0,0.0,0.0,0.0,0.0,0.0,0.0,0.0,0.0,0.0,0.0,0.0,0.0,0.0
5.4,0.0,0.0,0.0,0.0,0.0,0.0,0.0,0.0,0.0,0.0,0.0,0.0,0.0,0.0,0.0,0.0
5.416666666666667,0.0,0.0,0.0,0.0,0.0,0.0,0.0,0.0,0.0,0.0,0.0,0.0,0.0,0.0,0.0,0.0
5.433333333333334,0.0,0.0,0.0,0.0,0.0,0.0,0.0,0.0,0.0,0.0,0.0,0.0,0.0,0.0,0.0,0.0
5.45,0.0,0.0,0.0,0.0,0.0,0.0,0.0,0.0,0.0,0.0,0.0,0.0,0.0,0.0,0.0,0.0
5.466666666666667,0.0,0.0,0.0,0.0,0.0,0.0,0.0,0.0,0.0,0.0,0.0,0.0,0.0,0.0,0.0,0.0
5.483333333333333,0.0,0.0,0.0,0.0,0.0,0.0,0.0,0.0,0.0,0.0,0.0,0.0,0.0,0.0,0.0,0.0
5.5,0.0,0.0,0.0,0.0,0.0,0.0,0.0,0.0,0.0,0.0,0.0,0.0,0.0,0.0,0.0,0.0
5.516666666666667,0.0,0.0,0.0,0.0,0.0,0.0,0.0,0.0,0.0,0.0,0.0,0.0,0.0,0.0,0.0,0.0
5.533333333333333,0.0,0.0,0.0,0.0,0.0,0.0,0.0,0.0,0.0,0.0,0.0,0.0,0.0,0.0,0.0,0.0
5.55,0.0,0.0,0.0,0.0,0.0,0.0,0.0,0.0,0.0,0.0,0.0,0.0,0.0,0.0,0.0,0.0
5.566666666666666,0.0,0.0,0.0,0.0,0.0,0.0,0.0,0.0,0.0,0.0,0.0,0.0,0.0,0.0,0.0,0.0
5.583333333333333,0.0,0.0,0.0,0.0,0.0,0.0,0.0,0.0,0.0,0.0,0.0,0.0,0.0,0.0,0.0,0.0
5.6,0.0,0.0,0.0,0.0,0.0,0.0,0.0,0.0,0.0,0.0,0.0,0.0,0.0,0.0,0.0,0.0
5.616666666666666,0.0,0.0,0.0,0.0,0.0,0.0,0.0,0.0,0.0,0.0,0.0,0.0,0.0,0.0,0.0,0.0
5.633333333333334,0.0,0.0,0.0,0.0,0.0,0.0,0.0,0.0,0.0,0.0,0.0,0.0,0.0,0.0,0.0,0.0
5.65,0.0,0.0,0.0,0.0,0.0,0.0,0.0,0.0,0.0,0.0,0.0,0.0,0.0,0.0,0.0,0.0
5.666666666666667,0.0,0.0,0.0,0.0,0.0,0.0,0.0,0.0,0.0,0.0,0.0,0.0,0.0,0.0,0.0,0.0
5.683333333333334,0.0,0.0,0.0,0.0,0.0,0.0,0.0,0.0,0.0,0.0,0.0,0.0,0.0,0.0,0.0,0.0
5.7,0.0,0.0,0.0,0.0,0.0,0.0,0.0,0.0,0.0,0.0,0.0,0.0,0.0,0.0,0.0,0.0
5.716666666666667,0.0,0.0,0.0,0.0,0.0,0.0,0.0,0.0,0.0,0.0,0.0,0.0,0.0,0.0,0.0,0.0
5.733333333333333,0.0,0.0,0.0,0.0,0.0,0.0,0.0,0.0,0.0,0.0,0.0,0.0,0.0,0.0,0.0,0.0
5.75,0.0,0.0,0.0,0.0,0.0,0.0,0.0,0.0,0.0,0.0,0.0,0.0,0.0,0.0,0.0,0.0
5.766666666666667,0.0,0.0,0.0,0.0,0.0,0.0,0.0,0.0,0.0,0.0,0.0,0.0,0.0,0.0,0.0,0.0
5.783333333333333,0.0,0.0,0.0,0.0,0.0,0.0,0.0,0.0,0.0,0.0,0.0,0.0,0.0,0.0,0.0,0.0
5.8,0.0,0.0,0.0,0.0,0.0,0.0,0.0,0.0,0.0,0.0,0.0,0.0,0.0,0.0,0.0,0.0
5.816666666666666,-0.004680851,0.0,0.0,0.0,0.0,0.0,0.0,0.0,0.0,0.0,0.0,0.0,0.0,0.0,0.0,0.0
5.833333333333333,-0.004680851,0.0,0.0,0.0,0.0,0.0,0.0,0.0,0.0,0.0,0.0,0.0,0.0,0.0,0.0,0.0
5.85,-0.004680851,0.0,0.0,0.0,0.0,0.0,0.0,0.0,0.0,0.0,0.0,0.0,0.0,0.0,0.0,0.0
5.866666666666666,-0.004680851,0.0,0.0,0.0,0.0,0.0,0.0,0.0,0.0,0.0,0.0,0.0,0.0,0.0,0.0,0.0
5.883333333333334,-0.004680851,0.0,0.0,0.0,0.0,0.0,0.0,0.0,0.0,0.0,0.0,0.0,0.0,0.0,0.0,0.0
5.9,0.0,0.0,0.0,0.0,0.0,0.0,0.0,0.0,0.0,0.0,0.0,0.0,0.0,0.0,0.0,0.0
5.916666666666667,0.0,0.0,0.0,0.0,0.0,0.0,0.0,0.0,0.0,0.0,0.0,0.0,0.0,0.0,0.0,0.0
5.933333333333334,0.0,0.0,0.0,0.0,0.0,0.0,0.0,0.0,0.0,0.0,0.0,0.0,0.0,0.0,0.0,0.0
5.95,0.0,0.0,0.0,0.0,0.0,0.0,0.0,0.0,0.0,0.0,0.0,0.0,0.0,0.0,0.0,0.0
5.966666666666667,0.0,0.0,0.0,0.0,0.0,0.0,0.0,0.0,0.0,0.0,0.0,0.0,0.0,0.0,0.0,0.0
5.983333333333333,-0.004680851,0.0,0.0,0.0,0.0,0.0,0.0,0.0,0.0,0.0,0.0,0.0,0.0,0.0,0.0,0.0
6.0,-0.004680851,0.0,0.0,0.0,0.0,0.0,0.0,0.0,0.0,0.0,0.0,0.0,0.0,0.0,0.0,0.0
6.016666666666667,-0.004680851,0.0,0.0,0.0,0.0,0.0,0.0,0.0,0.0,0.0,0.0,0.0,0.0,0.0,0.0,0.0
6.033333333333333,-0.004680851,0.0,0.0,0.0,0.0,0.0,0.0,0.0,0.0,0.0,0.0,0.0,0.0,0.0,0.0,0.0
6.05,0.0,0.0,0.0,0.0,0.0,0.0,0.0,0.0,0.0,0.0,0.0,0.0,0.0,0.0,0.0,0.0
6.066666666666666,0.0,0.0,0.0,0.0,0.0,0.0,0.0,0.0,0.0,0.0,0.0,0.0,0.0,0.0,0.0,0.0
6.083333333333333,0.0,0.0,0.0,0.0,0.0,0.0,0.0,0.0,0.0,0.0,0.0,0.0,0.0,0.0,0.0,0.0
6.1,0.0,0.0,0.0,0.0,0.0,0.0,0.0,0.0,0.0,0.0,0.0,0.0,0.0,0.0,0.0,0.0
6.116666666666666,0.0,0.0,0.0,0.0,0.0,0.0,0.0,0.0,0.0,0.0,0.0,0.0,0.0,0.0,0.0,0.0
6.133333333333334,0.0,0.0,0.0,0.0,0.0,0.0,0.0,0.0,0.0,0.0,0.0,0.0,0.0,0.0,0.0,0.0
6.15,0.0,0.0,0.0,0.0,0.0,0.0,0.0,0.0,0.0,0.0,0.0,0.0,0.0,0.0,0.0,0.0
6.166666666666667,0.0,0.0,0.0,0.0,0.0,0.0,0.0,0.0,0.0,0.0,0.0,0.0,0.0,0.0,0.0,0.0
6.183333333333334,-0.004680851,0.0,0.0,0.0,0.0,0.0,0.0,0.0,0.0,0.0,0.0,0.0,0.0,0.0,0.0,0.0
6.2,-0.004680851,0.0,0.0,0.0,0.0,0.0,0.0,0.0,0.0,0.0,0.0,0.0,0.0,0.0,0.0,0.0
6.216666666666667,-0.004680851,0.0,0.0,0.0,0.0,0.0,0.0,0.0,0.0,0.0,0.0,0.0,0.0,0.0,0.0,0.0
6.233333333333333,-0.004680851,0.0,0.0,0.0,0.0,0.0,0.0,0.0,0.0,0.0,0.0,0.0,0.0,0.0,0.0,0.0
6.25,0.0,0.0,0.0,0.0,0.0,0.0,0.0,0.0,0.0,0.0,0.0,0.0,0.0,0.0,0.0,0.0
6.266666666666667,0.0,0.0,0.0,0.0,0.0,0.0,0.0,0.0,0.0,0.0,0.0,0.0,0.0,0.0,0.0,0.0
6.283333333333333,-0.004680851,0.0,0.0,0.0,0.0,0.0,0.0,0.0,0.0,0.0,0.0,0.0,0.0,0.0,0.0,0.0
6.3,-0.004680851,0.0,0.0,0.0,0.0,0.0,0.0,0.0,0.0,0.0,0.0,0.0,0.0,0.0,0.0,0.0
6.316666666666666,-0.004680851,0.0,0.0,0.0,0.0,0.0,0.0,0.0,0.0,0.0,0.0,0.0,0.0,0.0,0.0,0.0
6.333333333333333,-0.004680851,0.0,0.0,0.0,0.0,0.0,0.0,0.0,0.0,0.0,0.0,0.0,0.0,0.0,0.0,0.0
6.35,-0.004680851,0.0,0.0,0.0,0.0,0.0,0.0,0.0,0.0,0.0,0.0,0.0,0.0,0.0,0.0,0.0
6.366666666666666,-0.004680851,0.0,0.0,0.0,0.0,0.0,0.0,0.0,0.0,0.0,0.0,0.0,0.0,0.0,0.0,0.0
6.383333333333334,-0.004680851,0.0,0.0,0.0,0.0,0.0,0.0,0.0,0.0,0.0,0.0,0.0,0.0,0.0,0.0,0.0
6.4,-0.004680851,0.0,0.0,0.0,0.0,0.0,0.0,0.0,0.0,0.0,0.0,0.0,0.0,0.0,0.0,0.0
6.416666666666667,-0.004680851,0.0,0.0,0.0,0.0,0.0,0.0,0.0,0.0,0.0,0.0,0.0,0.0,0.0,0.0,0.0
6.433333333333334,-0.004680851,0.0,0.0,0.0,0.0,0.0,0.0,0.0,0.0,0.0,0.0,0.0,0.0,0.0,0.0,0.0
6.45,-0.004680851,0.0,0.0,0.0,0.0,0.0,0.0,0.0,0.0,0.0,0.0,0.0,0.0,0.0,0.0,0.0
6.466666666666667,-0.004680851,0.0,0.0,0.0,0.0,0.0,0.0,0.0,0.0,0.0,0.0,0.0,0.0,0.0,0.0,0.0
6.483333333333333,-0.004680851,0.0,0.0,0.0,0.0,0.0,0.0,0.0,0.0,0.0,0.0,0.0,0.0,0.0,0.0,0.0
6.5,-0.004680851,0.0,0.0,0.0,0.0,0.0,0.0,0.0,0.0,0.0,0.0,0.0,0.0,0.0,0.0,0.0
6.516666666666667,-0.004680851,0.0,0.0,0.0,0.0,0.0,0.0,0.0,0.0,0.0,0.0,0.0,0.0,0.0,0.0,0.0
6.533333333333333,-0.004680851,0.0,0.0,0.0,0.0,0.0,0.0,0.0,0.0,0.0,0.0,0.0,0.0,0.0,0.0,0.0
6.55,-0.004680851,0.0,0.0,0.0,0.0,0.0,0.0,0.0,0.0,0.0,0.0,0.0,0.0,0.0,0.0,0.0
6.566666666666666,-0.004680851,0.0,0.0,0.0,0.0,0.0,0.0,0.0,0.0,0.0,0.0,0.0,0.0,0.0,0.0,0.0
6.583333333333333,-0.004680851,0.0,0.0,0.0,0.0,0.0,0.0,0.0,0.0,0.0,0.0,0.0,0.0,0.0,0.0,0.0
6.6,-0.004680851,0.0,0.0,0.0,0.0,0.0,0.0,0.0,0.0,0.0,0.0,0.0,0.0,0.0,0.0,0.0
6.616666666666666,-0.004680851,0.0,0.0,0.0,0.0,0.0,0.0,0.0,0.0,0.0,0.0,0.0,0.0,0.0,0.0,0.0
6.633333333333334,-0.004680851,0.0,0.0,0.0,0.0,0.0,0.0,0.0,0.0,0.0,0.0,0.0,0.0,0.0,0.0,0.0
6.65,-0.004680851,0.0,0.0,0.0,0.0,0.0,0.0,0.0,0.0,0.0,0.0,0.0,0.0,0.0,0.0,0.0
6.666666666666667,-0.004680851,0.0,0.0,0.0,0.0,0.0,0.0,0.0,0.0,0.0,0.0,0.0,0.0,0.0,0.0,0.0
6.683333333333334,-0.009361702,0.0,0.0,0.0,0.0,0.0,0.0,0.0,0.0,0.0,0.0,0.0,0.0,0.0,0.0,0.0
6.7,-0.009361702,0.01979712380484472,0.01979712380484472,0.0,0.0,0.0,0.0,0.0,0.0,0.0,0.0,0.0,0.0,0.0,0.0,0.0
6.716666666666667,-0.009361702,0.002726214040484404,0.002726214040484404,0.0,0.0,0.0,0.0,0.0,0.0,0.0,0.0,0.0,0.0,0.0,0.0,0.0
6.733333333333333,-0.009361702,0.0005149745511843569,0.0005149745511843569,0.0,0.0,0.0,0.0,0.0,0.0,0.0,0.0,0.0,0.0,0.0,0.0,0.0
6.75,-0.009361702,0.00010749580488237329,0.00010749580488237329,0.0,0.0,0.0,0.0,0.0,0.0,0.0,0.0,0.0,0.0,0.0,0.0,0.0
6.766666666666667,-0.009361702,2.3583061125375074e-05,2.3583061125375074e-05,0.0,0.0,0.0,0.0,0.0,0.0,0.0,0.0,0.0,0.0,0.0,0.0,0.0
6.783333333333333,-0.009361702,5.330701332652234e-06,5.330701332652234e-06,0.0,0.0,0.0,0.0,0.0,0.0,0.0,0.0,0.0,0.0,0.0,0.0,0.0
6.8,-0.009361702,1.2292331025159274e-06,1.2292331025159274e-06,0.0,0.0,0.0,0.0,0.0,0.0,0.0,0.0,0.0,0.0,0.0,0.0,0.0
6.816666666666666,-0.009361702,2.875309152008123e-07,2.875309152008123e-07,0.0,0.0,0.0,0.0,0.0,0.0,0.0,0.0,0.0,0.0,0.0,0.0,0.0
6.833333333333333,-0.009361702,6.798171767475481e-08,6.798171767475481e-08,0.0,0.0,0.0,0.0,0.0,0.0,0.0,0.0,0.0,0.0,0.0,0.0,0.0
6.85,-0.004680851,1.620789893611853e-08,1.620789893611853e-08,0.0,0.0,0.0,0.0,0.0,0.0,0.0,0.0,0.0,0.0,0.0,0.0,0.0
6.866666666666666,-0.004680851,3.89014780551936e-09,3.89014780551936e-09,0.0,0.0,0.0,0.0,0.0,0.0,0.0,0.0,0.0,0.0,0.0,0.0,0.0
6.883333333333334,-0.004680851,9.388244390071177e-10,9.388244390071177e-10,0.0,0.0,0.0,0.0,0.0,0.0,0.0,0.0,0.0,0.0,0.0,0.0,0.0
6.9,-0.004680851,2.2760757490025154e-10,2.2760757490025154e-10,0.0,0.0,0.0,0.0,0.0,0.0,0.0,0.0,0.0,0.0,0.0,0.0,0.0
6.916666666666667,-0.004680851,5.539480516016147e-11,5.539480516016147e-11,0.0,0.0,0.0,0.0,0.0,0.0,0.0,0.0,0.0,0.0,0.0,0.0,0.0
6.933333333333334,-0.004680851,1.3526712873608494e-11,1.3526712873608494e-11,0.0,0.0,0.0,0.0,0.0,0.0,0.0,0.0,0.0,0.0,0.0,0.0,0.0
6.95,-0.004680851,3.312569355420786e-12,3.312569355420786e-12,0.0,0.0,0.0,0.0,0.0,0.0,0.0,0.0,0.0,0.0,0.0,0.0,0.0
6.966666666666667,-0.004680851,8.132639448569735e-13,8.132639448569735e-13,0.0,0.0,0.0,0.0,0.0,0.0,0.0,0.0,0.0,0.0,0.0,0.0,0.0
6.983333333333333,-0.004680851,2.0010762067123656e-13,2.0010762067123656e-13,0.0,0.0,0.0,0.0,0.0,0.0,0.0,0.0,0.0,0.0,0.0,0.0,0.0
7.0,-0.004680851,4.9334912604400647e-14,4.9334912604400647e-14,0.0,0.0,0.0,0.0,0.0,0.0,0.0,0.0,0.0,0.0,0.0,0.0,0.0
7.016666666666667,0.0,1.218466569780182e-14,1.218466569780182e-14,0.0,0.0,0.0,0.0,0.0,0.0,0.0,0.0,0.0,0.0,0.0,0.0,0.0
7.033333333333333,0.0,3.0141493455153762e-15,3.0141493455153762e-15,0.0,0.0,0.0,0.0,0.0,0.0,0.0,0.0,0.0,0.0,0.0,0.0,0.0
7.05,0.0,7.466930364824896e-16,7.466930364824896e-16,0.0,0.0,0.0,0.0,0.0,0.0,0.0,0.0,0.0,0.0,0.0,0.0,0.0
7.066666666666666,0.004680851,1.8522041381216883e-16,1.8522041381216883e-16,0.0,0.0,0.0,0.0,0.0,0.0,0.0,0.0,0.0,0.0,0.0,0.0,0.0
7.083333333333333,0.004680851,4.5999766786399433e-17,4.5999766786399433e-17,0.0,0.0,0.0,0.0,0.0,0.0,0.0,0.0,0.0,0.0,0.0,0.0,0.0
7.1,0.009361702,1.1436660118023446e-17,1.1436660118023446e-17,0.0,0.0,0.0,0.0,0.0,0.0,0.0,0.0,0.0,0.0,0.0,0.0,0.0
7.116666666666666,0.0140425535,2.8463057750208417e-18,2.8463057750208417e-18,0.0,0.0,0.0,0.0,0.0,0.0,0.0,0.0,0.0,0.0,0.0,0.0,0.0
7.133333333333334,0.018723404,7.090371290272e-19,7.090371290272e-19,0.0,0.0,0.0,0.0,0.0,0.0,0.0,0.0,0.0,0.0,0.0,0.0,0.0
7.15,0.0140425535,1.7677935668503748e-19,1.7677935668503748e-19,0.0,0.0,0.0,0.0,0.0,0.0,0.0,0.0,0.0,0.0,0.0,0.0,0.0
7.166666666666667,0.0,4.4110555973203243e-20,4.4110555973203243e-20,0.0,0.0,0.0,0.0,0.0,0.0,0.0,0.0,0.0,0.0,0.0,0.0,0.0
7.183333333333334,-0.04680851,1.1014833818907868e-20,1.1014833818907868e-20,0.0,0.0,0.0,0.0,0.0,0.0,0.0,0.0,0.0,0.0,0.0,0.0,0.0
7.2,-0.13574468,2.752429593574859e-21,2.752429593574859e-21,0.0,0.0,0.0,0.0,0.0,0.0,0.0,0.0,0.0,0.0,0.0,0.0,0.0
7.216666666666667,-0.30893618,6.8823672126078525e-22,6.8823672126078525e-22,0.0,0.0,0.0,0.0,0.0,0.0,0.0,0.0,0.0,0.0,0.0,0.0,0.0
7.233333333333333,-0.6038298,1.721968259437104e-22,1.721968259437104e-22,0.0,0.0,0.0,0.0,0.0,0.0,0.0,0.0,0.0,0.0,0.0,0.0,0.0
7.25,-1.0485107,4.3108414619945016e-23,4.3108414619945016e-23,0.0,0.0,0.0,0.0,0.0,0.0,0.0,0.0,0.0,0.0,0.0,0.0,0.0
7.266666666666667,-1.6570213,1.079776605638904e-23,1.079776605638904e-23,0.0,0.0,0.0,0.0,0.0,0.0,0.0,0.0,0.0,0.0,0.0,0.0,0.0
7.283333333333333,-2.42,2.705997110552145e-24,2.705997110552145e-24,0.0,0.0,0.0,0.0,0.0,0.0,0.0,0.0,0.0,0.0,0.0,0.0,0.0
7.3,-3.2812765,6.784689999561951e-25,6.784689999561951e-25,0.0,0.0,0.0,0.0,0.0,0.0,0.0,0.0,0.0,0.0,0.0,0.0,0.0
7.316666666666666,-4.1659575,1.7018867752480128e-25,1.7018867752480128e-25,0.0,0.0,0.0,0.0,0.0,0.0,0.0,0.0,0.0,0.0,0.0,0.0,0.0
7.333333333333333,-4.989787,4.2708949593517787e-26,4.2708949593517787e-26,0.0,0.0,0.0,0.0,0.0,0.0,0.0,0.0,0.0,0.0,0.0,0.0,0.0
7.35,-5.66383,1.0722229193681891e-26,1.0722229193681891e-26,0.0,0.0,0.0,0.0,0.0,0.0,0.0,0.0,0.0,0.0,0.0,0.0,0.0
7.366666666666666,-6.1225533,2.6929008762019485e-27,2.6929008762019485e-27,0.0,0.0,0.0,0.0,0.0,0.0,0.0,0.0,0.0,0.0,0.0,0.0,0.0
7.383333333333334,-6.3285108,6.76575861947046e-28,6.76575861947046e-28,0.0,0.0,0.0,0.0,0.0,0.0,0.0,0.0,0.0,0.0,0.0,0.0,0.0
7.4,-6.291064,1.7004577050768359e-28,1.7004577050768359e-28,0.0,0.0,0.0,0.0,0.0,0.0,0.0,0.0,0.0,0.0,0.0,0.0,0.0
7.416666666666667,-6.0242553,4.2752474574258885e-29,4.2752474574258885e-29,0.0,0.0,0.0,0.0,0.0,0.0,0.0,0.0,0.0,0.0,0.0,0.0,0.0
7.433333333333334,-5.584255,1.075217039425716e-29,1.075217039425716e-29,0.0,0.0,0.0,0.0,0.0,0.0,0.0,0.0,0.0,0.0,0.0,0.0,0.0
7.45,-5.022553,2.704981429300199e-30,2.704981429300199e-30,0.0,0.0,0.0,0.0,0.0,0.0,0.0,0.0,0.0,0.0,0.0,0.0,0.0
7.466666666666667,-4.4,6.807065356100404e-31,6.807065356100404e-31,0.0,0.0,0.0,0.0,0.0,0.0,0.0,0.0,0.0,0.0,0.0,0.0,0.0
7.483333333333333,-3.7587233,1.7134743935630767e-31,1.7134743935630767e-31,0.0,0.0,0.0,0.0,0.0,0.0,0.0,0.0,0.0,0.0,0.0,0.0,0.0
7.5,-3.1361701,4.314319497111389e-32,4.314319497111389e-32,0.0,0.0,0.0,0.0,0.0,0.0,0.0,0.0,0.0,0.0,0.0,0.0,0.0
7.516666666666667,-2.5604255,1.0865737450329627e-32,1.0865737450329627e-32,0.0,0.0,0.0,0.0,0.0,0.0,0.0,0.0,0.0,0.0,0.0,0.0,0.0
7.533333333333333,-2.045532,2.737246100592113e-33,2.737246100592113e-33,0.0,0.0,0.0,0.0,0.0,0.0,0.0,0.0,0.0,0.0,0.0,0.0,0.0
7.55,-1.6055319,6.8971869966723655e-34,6.8971869966723655e-34,0.0,0.0,0.0,0.0,0.0,0.0,0.0,0.0,0.0,0.0,0.0,0.0,0.0
7.566666666666666,-1.2404255,1.7383198748854084e-34,1.7383198748854084e-34,0.0,0.0,0.0,0.0,0.0,0.0,0.0,0.0,0.0,0.0,0.0,0.0,0.0
7.583333333333333,-0.9361702,4.382109030930232e-35,4.382109030930232e-35,0.0,0.0,0.0,0.0,0.0,0.0,0.0,0.0,0.0,0.0,0.0,0.0,0.0
7.6,-0.6974468,1.104915096779869e-35,1.104915096779869e-35,0.0,0.0,0.0,0.0,0.0,0.0,0.0,0.0,0.0,0.0,0.0,0.0,0.0
7.616666666666666,-0.5055319,2.7865287669785434e-36,2.7865287669785434e-36,0.0,0.0,0.0,0.0,0.0,0.0,0.0,0.0,0.0,0.0,0.0,0.0,0.0
7.633333333333334,-0.3557447,7.028843572556519e-37,7.028843572556519e-37,0.0,0.0,0.0,0.0,0.0,0.0,0.0,0.0,0.0,0.0,0.0,0.0,0.0
7.65,-0.2387234,1.7733193174790318e-37,1.7733193174790318e-37,0.0,0.0,0.0,0.0,0.0,0.0,0.0,0.0,0.0,0.0,0.0,0.0,0.0
7.666666666666667,-0.14510638,4.4747613927558714e-38,4.4747613927558714e-38,0.0,0.0,0.0,0.0,0.0,0.0,0.0,0.0,0.0,0.0,0.0,0.0,0.0
7.683333333333334,-0.07021277,1.1293537180231675e-38,1.1293537180231675e-38,0.0,0.0,0.0,0.0,0.0,0.0,0.0,0.0,0.0,0.0,0.0,0.0,0.0
7.7,-0.009361702,2.8507864530363444e-39,2.8507864530363444e-39,0.0,0.0,0.0,0.0,0.0,0.0,0.0,0.0,0.0,0.0,0.0,0.0,0.0
7.716666666666667,0.037446808,7.197332068647127e-40,7.197332068647127e-40,0.0,0.0,0.0,0.0,0.0,0.0,0.0,0.0,0.0,0.0,0.0,0.0,0.0
7.733333333333333,0.079574466,1.8173903740602612e-40,1.8173903740602612e-40,0.0,0.0,0.0,0.0,0.0,0.0,0.0,0.0,0.0,0.0,0.0,0.0,0.0
7.75,0.11234043,4.5897868861788605e-41,4.5897868861788605e-41,0.0,0.0,0.0,0.0,0.0,0.0,0.0,0.0,0.0,0.0,0.0,0.0,0.0
7.766666666666667,0.14510638,0.06613351910458805,1.1593173134816143e-41,0.06613351910458805,0.0,0.0,0.0,0.0,0.0,0.0,0.0,0.0,0.0,0.0,0.0,0.0
7.783333333333333,0.17319149,0.12528665653737772,2.92870489466773e-42,0.12528665653737772,0.0,0.0,0.0,0.0,0.0,0.0,0.0,0.0,0.0,0.0,0.0,0.0
7.8,0.2012766,0.1751179714757913,7.399637976964288e-43,0.1751179714757913,0.0,0.0,0.0,0.0,0.0,0.0,0.0,0.0,0.0,0.0,0.0,0.0
7.816666666666666,0.2293617,0.2171996386965616,1.8698426630470197e-43,0.2171996386965616,0.0,0.0,0.0,0.0,0.0,0.0,0.0,0.0,0.0,0.0,0.0,0.0
7.833333333333333,0.2574468,0.25259751486573173,4.725607355070871e-44,0.25259751486573173,0.0,0.0,0.0,0.0,0.0,0.0,0.0,0.0,0.0,0.0,0.0,0.0
7.85,0.28085107,0.28215164683183447,1.194445947841539e-44,0.28215164683183447,0.0,0.0,0.0,0.0,0.0,0.0,0.0,0.0,0.0,0.0,0.0,0.0
7.866666666666666,0.29957446,0.3065648660945768,3.0194654219418274e-45,0.3065648660945768,0.0,0.0,0.0,0.0,0.0,0.0,0.0,0.0,0.0,0.0,0.0,0.0
7.883333333333334,0.3229787,0.32644258184744385,7.633905368240812e-46,0.32644258184744385,0.0,0.0,0.0,0.0,0.0,0.0,0.0,0.0,0.0,0.0,0.0,0.0
7.9,0.34170213,0.34231475873255784,1.9302571098611797e-46,0.34231469804377335,6.068878447116596e-08,0.0,0.0,0.0,0.0,0.0,0.0,0.0,0.0,0.0,0.0,0.0
7.916666666666667,0.3557447,0.3546571151214217,4.881281034211158e-47,0.3546494558550916,7.659266330058714e-06,0.0,0.0,0.0,0.0,0.0,0.0,0.0,0.0,0.0,0.0,0.0
7.933333333333334,0.36510637,0.36395532527193303,1.2345292083913755e-47,0.36386306551503056,9.225975690244527e-05,0.0,0.0,0.0,0.0,0.0,0.0,0.0,0.0,0.0,0.0,0.0
7.95,0.3744681,0.3708056823871921,3.122601251748235e-48,0.370326892762885,0.00047878962430710214,0.0,0.0,0.0,0.0,0.0,0.0,0.0,0.0,0.0,0.0,0.0
7.966666666666667,0.37914893,0.3759768878708365,7.89910779457077e-49,0.37437309910081845,0.001603788770018029,0.0,0.0,0.0,0.0,0.0,0.0,0.0,0.0,0.0,0.0,0.0
7.983333333333333,0.38382977,0.3804043572963159,1.9984104850173573e-49,0.3762992347705875,0.004105122525728384,0.0,0.0,0.0,0.0,0.0,0.0,0.0,0.0,0.0,0.0,0.0
8.0,0.37914893,0.3851293567037511,5.056329303207376e-50,0.3763720812842698,0.008757275419481276,0.0,0.0,0.0,0.0,0.0,0.0,0.0,0.0,0.0,0.0,0.0
8.016666666666667,0.3744681,0.39120793635353357,1.279466384589969e-50,0.3748309308368232,0.01637700551671039,0.0,0.0,0.0,0.0,0.0,0.0,0.0,0.0,0.0,0.0,0.0
8.033333333333333,0.36978722,0.39961375479272965,3.237905859290981e-51,0.37189042697677027,0.02772332781595939,0.0,0.0,0.0,0.0,0.0,0.0,0.0,0.0,0.0,0.0,0.0
8.05,0.36042553,0.4111527335429032,8.194837226043755e-52,0.367743052855,0.043409680687903233,0.0,0.0,0.0,0.0,0.0,0.0,0.0,0.0,0.0,0.0,0.0
8.066666666666666,0.3557447,0.4264002476121518,2.0742267378112365e-52,0.3625613293349279,0.06383891827722385,0.0,0.0,0.0,0.0,0.0,0.0,0.0,0.0,0.0,0.0,0.0
8.083333333333334,0.34638298,0.4456651948891861,5.250624367492947e-53,0.3564997694645715,0.08916542542461456,0.0,0.0,0.0,0.0,0.0,0.0,0.0,0.0,0.0,0.0,0.0
8.1,0.34638298,0.468980520556503,1.3292405224980003e-53,0.34969662508071325,0.11928389547578976,0.0,0.0,0.0,0.0,0.0,0.0,0.0,0.0,0.0,0.0,0.0
8.116666666666667,0.34638298,0.49611667789614877,3.365372994253385e-54,0.34227545378575747,0.1538412241103913,0.0,0.0,0.0,0.0,0.0,0.0,0.0,0.0,0.0,0.0,0.0
8.133333333333333,0.34638298,0.5266128583337523,8.521165265906423e-55,0.334346529100074,0.19226632923367823,0.0,0.0,0.0,0.0,0.0,0.0,0.0,0.0,0.0,0.0,0.0
8.15,0.3557447,0.5598202862493423,2.1577448625140686e-55,0.3260081125605474,0.23381217368879495,0.0,0.0,0.0,0.0,0.0,0.0,0.0,0.0,0.0,0.0,0.0
8.166666666666666,0.36978722,0.5949521072941037,5.4643148074722115e-56,0.31734760347362384,0.2776045038204799,0.0,0.0,0.0,0.0,0.0,0.0,0.0,0.0,0.0,0.0,0.0
8.183333333333334,0.38851064,0.6311351058533301,1.3839011648357947e-56,0.3084425796534515,0.32269252619987865,0.0,0.0,0.0,0.0,0.0,0.0,0.0,0.0,0.0,0.0,0.0
8.2,0.40723404,0.6674594332082786,3.505156645322495e-57,0.299361740592687,0.36809769261559167,0.0,0.0,0.0,0.0,0.0,0.0,0.0,0.0,0.0,0.0,0.0
8.216666666666667,0.43531916,0.7030235416255743,8.878550241064695e-58,0.2901657629950884,0.41285777863048595,0.0,0.0,0.0,0.0,0.0,0.0,0.0,0.0,0.0,0.0,0.0
8.233333333333333,0.4680851,0.7369724860659412,2.249097328039487e-58,0.28090807735485124,0.45606440871109,0.0,0.0,0.0,0.0,0.0,0.0,0.0,0.0,0.0,0.0,0.0
8.25,0.50085104,0.7685286052603868,5.697775482099363e-59,0.2716355732332922,0.49689303202709456,0.0,0.0,0.0,0.0,0.0,0.0,0.0,0.0,0.0,0.0,0.0
8.266666666666667,0.533617,0.7970142931637733,1.44355271295415e-59,0.2623892400127745,0.5346250531509987,0.0,0.0,0.0,0.0,0.0,0.0,0.0,0.0,0.0,0.0,0.0
8.283333333333333,0.56638294,0.8218671107038319,3.657543997871754e-60,0.25320474916633184,0.5686623615375,0.0,0.0,0.0,0.0,0.0,0.0,0.0,0.0,0.0,0.0,0.0
8.3,0.59446806,0.8426478732082237,9.267774357689622e-61,0.24411298344404475,0.5985348897641789,0.0,0.0,0.0,0.0,0.0,0.0,0.0,0.0,0.0,0.0,0.0
8.316666666666666,0.62255317,0.859042597716283,2.3484954725742747e-61,0.2351405178244251,0.6239020798918579,0.0,0.0,0.0,0.0,0.0,0.0,0.0,0.0,0.0,0.0,0.0
8.333333333333334,0.6459574,0.8708593283496412,5.951573586366453e-62,0.22631005659602335,0.6445492717536179,0.0,0.0,0.0,0.0,0.0,0.0,0.0,0.0,0.0,0.0,0.0
8.35,0.65999997,0.8780209003217471,1.5083465396675039e-62,0.2176408305097566,0.6603800698119905,0.0,0.0,0.0,0.0,0.0,0.0,0.0,0.0,0.0,0.0,0.0
8.366666666666667,0.6740425,0.8805546765153016,3.822937110816556e-63,0.20914895756671772,0.6714057189485839,0.0,0.0,0.0,0.0,0.0,0.0,0.0,0.0,0.0,0.0,0.0
8.383333333333333,0.6787234,0.878580215166993,9.68990114781493e-64,0.20084777067239867,0.6777324444945944,0.0,0.0,0.0,0.0,0.0,0.0,0.0,0.0,0.0,0.0,0.0
8.4,0.68340427,0.8722957204784778,2.4562196255040094e-64,0.19274811509019082,0.679547605388287,0.0,0.0,0.0,0.0,0.0,0.0,0.0,0.0,0.0,0.0,0.0
8.416666666666666,0.6787234,0.8619640041654141,6.226445734276218e-65,0.18485861836011977,0.6771053858052943,0.0,0.0,0.0,0.0,0.0,0.0,0.0,0.0,0.0,0.0,0.0
8.433333333333334,0.6693617,0.8478985562077553,1.5784756763735454e-65,0.17718593510879413,0.6707126210989612,0.0,0.0,0.0,0.0,0.0,0.0,0.0,0.0,0.0,0.0,0.0
8.45,0.65999997,0.830450195678403,4.001840610563968e-66,0.16973496896039486,0.6607152267180081,0.0,0.0,0.0,0.0,0.0,0.0,0.0,0.0,0.0,0.0,0.0
8.466666666666667,0.6459574,0.8099946533302474,1.0146246995403582e-66,0.16250907356316804,0.6474855797670794,0.0,0.0,0.0,0.0,0.0,0.0,0.0,0.0,0.0,0.0,0.0
8.483333333333333,0.6319149,0.7869213303687764,2.5726125273571392e-67,0.1555102345691376,0.6314110957996388,0.0,0.0,0.0,0.0,0.0,0.0,0.0,0.0,0.0,0.0,0.0
8.5,0.6085106,0.761623384616522,6.523282775517712e-68,0.14873923424437333,0.6128841503721487,0.0,0.0,0.0,0.0,0.0,0.0,0.0,0.0,0.0,0.0,0.0
8.516666666666667,0.58978724,0.7344892168860797,1.6541713156446624e-68,0.14219580024157677,0.592293416644503,0.0,0.0,0.0,0.0,0.0,0.0,0.0,0.0,0.0,0.0,0.0
8.533333333333333,0.5710638,0.7058953666642577,4.1948536513219895e-69,0.13587873993425573,0.570016626730002,0.0,0.0,0.0,0.0,0.0,0.0,0.0,0.0,0.0,0.0,0.0
8.55,0.5476596,0.6762007763474078,1.0638362699212356e-69,0.12978606159118528,0.5464147147562226,0.0,0.0,0.0,0.0,0.0,0.0,0.0,0.0,0.0,0.0,0.0
8.566666666666666,0.52425534,0.6457423459987893,2.6980751134987986e-70,0.12391508355991498,0.5218272624388743,0.0,0.0,0.0,0.0,0.0,0.0,0.0,0.0,0.0,0.0,0.0
8.583333333333334,0.50085104,0.6148316744179254,6.8431201850439434e-71,0.11826253252776901,0.4965691418901564,0.0,0.0,0.0,0.0,0.0,0.0,0.0,0.0,0.0,0.0,0.0
8.6,0.4774468,0.5837528656116296,1.735700629144659e-71,0.11282463183724936,0.4709282337743803,0.0,0.0,0.0,0.0,0.0,0.0,0.0,0.0,0.0,0.0,0.0
8.616666666666667,0.4587234,0.5527612709305613,4.402664983298108e-72,0.10759718074904998,0.44516409018151126,0.0,0.0,0.0,0.0,0.0,0.0,0.0,0.0,0.0,0.0,0.0
8.633333333333333,0.43531916,0.5220830346563785,1.1168022387153848e-72,0.10257562546945166,0.4195074091869268,0.0,0.0,0.0,0.0,0.0,0.0,0.0,0.0,0.0,0.0,0.0
8.65,0.41659573,0.49191531328946314,2.833064038725034e-73,0.09775512268888019,0.39416019060058294,0.0,0.0,0.0,0.0,0.0,0.0,0.0,0.0,0.0,0.0,0.0
8.666666666666666,0.3931915,0.46242704494858416,7.187132579866117e-74,0.09313059631445036,0.3692964486341338,0.0,0.0,0.0,0.0,0.0,0.0,0.0,0.0,0.0,0.0,0.0
8.683333333333334,0.37914893,0.43376015406960755,1.8233655651193844e-74,0.08869678802070427,0.34506336604890325,0.0,0.0,0.0,0.0,0.0,0.0,0.0,0.0,0.0,0.0,0.0
8.7,0.36042553,0.4060310870689058,4.626050348526031e-75,0.08444830218915884,0.32158278487974695,0.0,0.0,0.0,0.0,0.0,0.0,0.0,0.0,0.0,0.0,0.0
8.716666666666667,0.34638298,0.379332586066654,1.1737217967921757e-75,0.08037964575813325,0.29895294030852076,0.0,0.0,0.0,0.0,0.0,0.0,0.0,0.0,0.0,0.0,0.0
8.733333333333333,0.33234042,0.35373561954562804,2.978090520672322e-76,0.07648526345937676,0.2772503560862513,0.0,0.0,0.0,0.0,0.0,0.0,0.0,0.0,0.0,0.0,0.0
8.75,0.31829786,0.3292914004852262,7.556631380623374e-77,0.07275956887678445,0.2565318316084418,0.0,0.0,0.0,0.0,0.0,0.0,0.0,0.0,0.0,0.0,0.0
8.766666666666667,0.30893618,0.30603343371033565,1.9175023966722402e-77,0.06919697172476585,0.2368364619855698,0.0,0.0,0.0,0.0,0.0,0.0,0.0,0.0,0.0,0.0,0.0
8.783333333333333,0.29489362,0.28397954468188885,4.865871671279444e-78,0.06579190170922503,0.21818764297266383,0.0,0.0,0.0,0.0,0.0,0.0,0.0,0.0,0.0,0.0,0.0
8.8,0.2855319,0.26313385156738034,1.2348157877474981e-78,0.06253882930243707,0.2005950222649433,0.0,0.0,0.0,0.0,0.0,0.0,0.0,0.0,0.0,0.0,0.0
8.816666666666666,0.28085107,0.24348865106998885,3.1337202123492795e-79,0.05943228373407634,0.18405636733591252,0.0,0.0,0.0,0.0,0.0,0.0,0.0,0.0,0.0,0.0,0.0
8.833333333333334,0.27148935,0.22502619612407118,7.953064942211273e-80,0.056466868474040595,0.1685593276500306,0.0,0.0,0.0,0.0,0.0,0.0,0.0,0.0,0.0,0.0,0.0
8.85,0.2668085,0.20772035018504725,2.018481863155538e-80,0.053637274458371395,0.15408307572667587,0.0,0.0,0.0,0.0,0.0,0.0,0.0,0.0,0.0,0.0,0.0
8.866666666666667,0.26212767,0.19153810848627292,5.123077675106865e-81,0.05093829128722974,0.1405998171990432,0.0,0.0,0.0,0.0,0.0,0.0,0.0,0.0,0.0,0.0,0.0
8.883333333333333,0.2574468,0.1764409813612621,1.3003269261324046e-81,0.04836481660346645,0.12807616475779565,0.0,0.0,0.0,0.0,0.0,0.0,0.0,0.0,0.0,0.0,0.0
8.9,0.2574468,0.1623862386072544,3.3005739032193784e-82,0.045911863841586874,0.11647437476566752,0.0,0.0,0.0,0.0,0.0,0.0,0.0,0.0,0.0,0.0,0.0
8.916666666666666,0.25276595,0.14932801697647757,8.378020685053789e-83,0.04357456851978953,0.10575344845668803,0.0,0.0,0.0,0.0,0.0,0.0,0.0,0.0,0.0,0.0,0.0
8.933333333333334,0.25276595,0.137218295308368,2.126709795285121e-83,0.04134819323205062,0.09587010207631737,0.0,0.0,0.0,0.0,0.0,0.0,0.0,0.0,0.0,0.0,0.0
8.95,0.25276595,0.12600774364479608,5.398705670964481e-84,0.03922813148288471,0.08677961216191138,0.0,0.0,0.0,0.0,0.0,0.0,0.0,0.0,0.0,0.0,0.0
8.966666666666667,0.25276595,0.1156464539829874,1.3705202995855633e-84,0.03720991049425642,0.07843654348873098,0.0,0.0,0.0,0.0,0.0,0.0,0.0,0.0,0.0,0.0,0.0
8.983333333333333,0.2574468,0.10608456119582116,3.479328909447609e-85,0.03528919310211682,0.07079536809370435,0.0,0.0,0.0,0.0,0.0,0.0,0.0,0.0,0.0,0.0,0.0
9.0,0.26212767,0.09727276315858872,8.833228901537924e-86,0.03346177884903241,0.06381098430955631,0.0,0.0,0.0,0.0,0.0,0.0,0.0,0.0,0.0,0.0,0.0
9.016666666666667,0.27148935,0.08917200379896155,2.2426281479843317e-86,0.03172360436934224,0.05743914496197386,9.254467645448842e-06,0.0,0.0,0.0,0.0,0.0,0.0,0.0,0.0,0.0,0.0
9.033333333333331,0.2855319,0.08688097360782798,5.693884339062907e-87,0.030070743154086116,0.051636803861070966,0.005173426592670892,0.0,0.0,0.0,0.0,0.0,0.0,0.0,0.0,0.0,0.0
9.05,0.30893618,0.10543303828773842,1.445684113477574e-87,0.028499404774565855,0.046362389507830344,0.030571244005342224,0.0,0.0,0.0,0.0,0.0,0.0,0.0,0.0,0.0,0.0
9.066666666666666,0.34170213,0.15311740828906945,3.670721056763811e-88,0.027005933635747385,0.041576014581671504,0.08453546007165054,0.0,0.0,0.0,0.0,0.0,0.0,0.0,0.0,0.0,0.0
9.083333333333334,0.38851064,0.23097999465449948,9.320568012540213e-89,0.025586807323705836,0.03723962931559353,0.1681535580152001,0.0,0.0,0.0,0.0,0.0,0.0,0.0,0.0,0.0,0.0
9.1,0.4493617,0.335517079891137,2.366716388511248e-89,0.02423863460496005,0.03331712633344688,0.2779613189527301,0.0,0.0,0.0,0.0,0.0,0.0,0.0,0.0,0.0,0.0
9.116666666666667,0.52425534,0.4607464356659709,6.009837382336065e-90,0.022958153129707497,0.029774403946810038,0.40801387858945337,0.0,0.0,0.0,0.0,0.0,0.0,0.0,0.0,0.0,0.0
9.133333333333333,0.61787236,0.5996720386002082,1.5261306496628344e-90,0.02174222688568534,0.02657939430925424,0.5513504174052687,0.0,0.0,0.0,0.0,0.0,0.0,0.0,0.0,0.0,0.0
9.15,0.72553194,0.7452612726395351,3.8755471899497904e-91,0.020587843444544802,0.023702062221167164,0.7009713669738231,0.0,0.0,0.0,0.0,0.0,0.0,0.0,0.0,0.0,0.0
9.166666666666666,0.847234,0.8910536255024042,9.842071120825288e-92,0.01949211103823929,0.02111437978299302,0.8504471346811718,0.0,0.0,0.0,0.0,0.0,0.0,0.0,0.0,0.0,0.0
9.183333333333334,0.9782979,1.0315013264674695,2.4994932043599054e-92,0.018452255498920708,0.018790281519335844,0.9942587894492129,0.0,0.0,0.0,0.0,0.0,0.0,0.0,0.0,0.0,0.0
9.2,1.1093616,1.1621216240476266,6.347887969346759e-93,0.017465617092209743,0.016705604048880638,1.1279504029065364,0.0,0.0,0.0,0.0,0.0,0.0,0.0,0.0,0.0,0.0
9.216666666666669,1.2357447,1.279521796759089,1.612197420352189e-93,0.016529647270395943,0.014838013860942802,1.2481541356277503,0.0,0.0,0.0,0.0,0.0,0.0,0.0,0.0,0.0,0.0
9.233333333333333,1.348085,1.3813425425191719,4.0946681651597284e-94,0.01564190536913254,0.013166926282300042,1.3525337108677393,0.0,0.0,0.0,0.0,0.0,0.0,0.0,0.0,0.0,0.0
9.25,1.446383,1.4661530566021763,1.0399933760629693e-94,0.014800055268461386,0.011673418279665167,1.4396795830540499,0.0,0.0,0.0,0.0,0.0,0.0,0.0,0.0,0.0,0.0
9.266666666666667,1.5212766,1.5333215016926953,2.6415185078404622e-95,0.014001862036550022,0.01034013734446743,1.5089795023116779,0.0,0.0,0.0,0.0,0.0,0.0,0.0,0.0,0.0,0.0
9.283333333333331,1.5774468,1.5828772368803505,6.709463913791791e-96,0.013245188572278544,0.009151208347086574,1.5604808399609855,0.0,0.0,0.0,0.0,0.0,0.0,0.0,0.0,0.0,0.0
9.3,1.6102128,1.6153756667002455,1.704248505078318e-96,0.012527992260802789,0.008092139926296182,1.5947555345131466,0.0,0.0,0.0,0.0,0.0,0.0,0.0,0.0,0.0,0.0
9.316666666666666,1.6242553,1.6317725124358005,4.329012297792637e-97,0.011848321654395243,0.0071497316946709105,1.6127744590867343,0.0,0.0,0.0,0.0,0.0,0.0,0.0,0.0,0.0,0.0
9.333333333333334,1.6195744,1.633311374082507,1.0996522781878017e-97,0.011204313189211746,0.006311983290015943,1.6157950776032792,0.0,0.0,0.0,0.0,0.0,0.0,0.0,0.0,0.0,0.0
9.35,1.600851,1.6214263801523492,2.7933957235269194e-98,0.01059418794715718,0.005568006084160165,1.605264186121032,0.0,0.0,0.0,0.0,0.0,0.0,0.0,0.0,0.0,0.0
9.366666666666667,1.572766,1.5976603037003818,7.096103559915529e-99,0.010016248470678023,0.004907938171155095,1.5827361170585488,0.0,0.0,0.0,0.0,0.0,0.0,0.0,0.0,0.0,0.0
9.383333333333333,1.5353191,1.5635975906451733,1.8026760639704406e-99,0.009468875637114592,0.004322863094521764,1.549805851913537,0.0,0.0,0.0,0.0,0.0,0.0,0.0,0.0,0.0,0.0
9.4,1.4931915,1.5208111712127932,4.579579251151303e-100,0.0089505255981626,0.003804732635088718,1.508055912979542,0.0,0.0,0.0,0.0,0.0,0.0,0.0,0.0,0.0,0.0
9.416666666666666,1.446383,1.470821607336894,1.1634386337273312e-100,0.008459726789031475,0.00334629386469511,1.4590155866831676,0.0,0.0,0.0,0.0,0.0,0.0,0.0,0.0,0.0,0.0
9.433333333333334,1.3948936,1.415066991950251,2.955774351889413e-101,0.007995077011018738,0.0029410205741801847,1.4041308943650521,0.0,0.0,0.0,0.0,0.0,0.0,0.0,0.0,0.0,0.0
9.45,1.3434043,1.3548820028967337,7.509462360093211e-102,0.007555240590452,0.0025830491043985783,1.3447437132018831,0.0,0.0,0.0,0.0,0.0,0.0,0.0,0.0,0.0,0.0
9.466666666666669,1.2919148,1.2914845819452105,1.907902024637002e-102,0.0071389456162595415,0.002267118544363685,1.2820785177845873,0.0,0.0,0.0,0.0,0.0,0.0,0.0,0.0,0.0,0.0
9.483333333333333,1.2404255,1.2259688267637616,4.847444360835866e-103,0.006744981257823767,0.001988515209091239,1.2172353302968466,0.0,0.0,0.0,0.0,0.0,0.0,0.0,0.0,0.0,0.0
9.5,1.1889361,1.1593028281406967,1.2316264963853948e-103,0.006372195164226712,0.0017430212694951647,1.1511876117069748,0.0,0.0,0.0,0.0,0.0,0.0,0.0,0.0,0.0,0.0
9.516666666666667,1.1327659,1.0923303403244942,3.129352808017554e-104,0.006019490945524403,0.001526867376173574,1.0847839820027962,0.0,0.0,0.0,0.0,0.0,0.0,0.0,0.0,0.0,0.0
9.533333333333331,1.0812765,1.0257753282301454,7.951320144268112e-105,0.00568582573626107,0.001336689096643408,1.018752813397241,0.0,0.0,0.0,0.0,0.0,0.0,0.0,0.0,0.0,0.0
9.55,1.034468,0.9602485843083417,2.020379943169137e-105,0.005370207841069012,0.0011694869702530337,0.9537088894970197,0.0,0.0,0.0,0.0,0.0,0.0,0.0,0.0,0.0,0.0
9.566666666666666,0.9829787,0.896255745725976,5.133763397598904e-106,0.005071694461877825,0.0010225899754610932,0.890161461288637,0.0,0.0,0.0,0.0,0.0,0.0,0.0,0.0,0.0,0.0
9.583333333333334,0.93148935,0.8342061667772537,1.3045103769313272e-106,0.004789389505974175,0.0008936221994063149,0.8285231550718732,0.0,0.0,0.0,0.0,0.0,0.0,0.0,0.0,0.0,0.0
9.6,0.88468087,0.7744222111536576,3.314881538845793e-107,0.004522441473916244,0.0007804724988254482,0.7691192971809159,0.0,0.0,0.0,0.0,0.0,0.0,0.0,0.0,0.0,0.0
9.616666666666667,0.8378723,0.7171486238235552,8.423589091875179e-108,0.0042700414260958075,0.0006812669436284365,0.7121973154538309,0.0,0.0,0.0,0.0,0.0,0.0,0.0,0.0,0.0,0.0
9.633333333333333,0.79106385,0.6625617234231588,2.140597042410633e-108,0.004031421026567743,0.0005943438391569841,0.657935958557434,0.0,0.0,0.0,0.0,0.0,0.0,0.0,0.0,0.0,0.0
9.65,0.7442553,0.6107782242406091,5.43977777777352e-109,0.0038058506626162496,0.0005182311297624278,0.6064541424482305,0.0,0.0,0.0,0.0,0.0,0.0,0.0,0.0,0.0,0.0
9.666666666666666,0.7068085,0.561863553306123,1.3824065748806017e-109,0.003592637638405376,0.00045162599436468124,0.5578192896733529,0.0,0.0,0.0,0.0,0.0,0.0,0.0,0.0,0.0,0.0
9.683333333333334,0.66468084,0.5158395740943563,3.513166426052638e-110,0.0033911244409587284,0.0003933764536884026,0.5120550731997092,0.0,0.0,0.0,0.0,0.0,0.0,0.0,0.0,0.0,0.0
9.7,0.62723404,0.47269166522169176,8.92832242595735e-111,0.0032006870766335157,0.0003424648185804131,0.46914851332647783,0.0,0.0,0.0,0.0,0.0,0.0,0.0,0.0,0.0,0.0
9.716666666666669,0.59446806,0.4323751315496486,2.269076432874519e-111,0.003020733476189283,0.0002979928189130585,0.42905640525454625,0.0,0.0,0.0,0.0,0.0,0.0,0.0,0.0,0.0,0.0
9.733333333333333,0.5710638,0.3948209474721329,5.766820235766429e-112,0.0028507019665055906,0.0002591682628461706,0.39171107724278115,0.0,0.0,0.0,0.0,0.0,0.0,0.0,0.0,0.0,0.0
9.75,0.5476596,0.35994084894657496,1.465654627118152e-112,0.002690059806967505,0.00022529308647068792,0.35702549605313677,1.9940582970289315e-27,0.0,0.0,0.0,0.0,0.0,0.0,0.0,0.0,0.0
9.766666666666667,0.5382979,0.32763188077018734,3.7250724850270263e-113,0.0025383017885189517,0.00019575266394677207,0.324897748541047,7.777667462495473e-08,0.0,0.0,0.0,0.0,0.0,0.0,0.0,0.0,0.0
9.783333333333331,0.5429787,0.2978062087810543,9.467723857036372e-114,0.002394948893371448,0.00017000625806367205,0.29521493663090287,2.6316998716297576e-05,0.0,0.0,0.0,0.0,0.0,0.0,0.0,0.0,0.0
9.8,0.5757447,0.27094518770510423,2.4063795235984653e-114,0.0022595470133567695,0.000147578500604798,0.2678565282668093,0.0006815339243334073,0.0,0.0,0.0,0.0,0.0,0.0,0.0,0.0,0.0
9.816666666666666,0.6506383,0.25110089719431583,6.116320977855369e-115,0.0021316657249198213,0.000128051800935971,0.24269720987540072,0.006143969793059287,0.0,0.0,0.0,0.0,0.0,0.0,0.0,0.0,0.0
9.833333333333334,0.7817021,0.2527758547813368,1.554618878519256e-115,0.0020108971187620373,0.00011105958980545152,0.21960928695425216,0.031044611118517126,0.0,0.0,0.0,0.0,0.0,0.0,0.0,0.0,0.0
9.85,1.0017021,0.3091959119449217,3.95152787313231e-116,0.0018968546821690037,9.628031342483512e-05,0.19846467905380907,0.1087380978955188,0.0,0.0,0.0,0.0,0.0,0.0,0.0,0.0,0.0
9.866666666666667,1.3434043,0.4767461474800765,1.0044157811388513e-116,0.001789172232081366,8.34321004753627e-05,0.17913655402098078,0.29573698912653895,0.0,0.0,0.0,0.0,0.0,0.0,0.0,0.0,0.0
9.883333333333333,1.8442553,0.8315813819970321,2.5531086319592385e-117,0.0016875028970010555,7.226803175230853e-05,0.1615006442221836,0.6683209668460951,0.0,0.0,0.0,0.0,0.0,0.0,0.0,0.0,0.0
9.9,2.5510638,1.458109802781404,6.4898143407933644e-118,0.0015915181458596359,6.257194872502205e-05,0.14543628480567167,1.3110194278811476,0.0,0.0,0.0,0.0,0.0,0.0,0.0,0.0,0.0
9.916666666666666,3.515319,2.432486347894865,1.6496901806706553e-118,0.0015009068620153332,5.415474336382057e-05,0.13082721109270343,2.3001040751967823,0.0,0.0,0.0,0.0,0.0,0.0,0.0,0.0,0.0
9.933333333333334,4.774468,3.805855340777217,4.193528223117285e-119,0.0014153744605863512,4.6851077183183905e-05,0.11756214905632964,3.6868309661831176,0.0,0.0,0.0,0.0,0.0,0.0,0.0,0.0,0.0
9.95,6.342553,5.591698081344452,1.0660160484759033e-119,0.0013346420473726952,4.0516482593832575e-05,0.10553522967332105,5.484787693141165,0.0,0.0,0.0,0.0,0.0,0.0,0.0,0.0,0.0
9.966666666666669,8.228936,7.759975755108836,2.7099098030809143e-120,0.0012584456176638129,3.502480436647485e-05,0.09464625480688314,7.664036029879922,0.0,0.0,0.0,0.0,0.0,0.0,0.0,0.0,0.0
9.983333333333333,10.405532,10.238714115117274,6.888945982668787e-121,0.0011865352932771086,3.026594331164695e-05,0.08480083926036727,10.152696474620317,0.0,0.0,0.0,0.0,0.0,0.0,0.0,0.0,0.0
10.0,12.820851,12.92194831230011,1.7512877257839089e-121,0.001118674596219656,2.614386819796406e-05,0.07591045078003991,12.844893043055652,0.0,0.0,0.0,0.0,0.0,0.0,0.0,0.0,0.0
10.016666666666667,15.390638,15.68188496340796,4.4521413199670465e-122,0.001054639757415148,2.257486549088889e-05,0.067892367108485,15.612915381676569,0.0,0.0,0.0,0.0,0.0,0.0,0.0,0.0,0.0
10.033333333333331,18.007235,18.382791694082744,1.1318451768632714e-122,0.000994219058986226,1.9485999720816127e-05,0.060669566716503934,18.321108422307532,0.0,0.0,0.0,0.0,0.0,0.0,0.0,0.0,0.0
10.05,20.534893,20.89434797878492,2.877475850974035e-123,0.0009372122086322578,1.681376020791409e-05,0.05417056757918387,20.8392233852369,0.0,0.0,0.0,0.0,0.0,0.0,0.0,0.0,0.0
10.066666666666666,22.842552,23.102763222265512,7.315480637273736e-124,0.0008834297446917058,1.4502872505618447e-05,0.04832922631172701,23.053536063336587,0.0,0.0,0.0,0.0,0.0,0.0,0.0,0.0,0.0
10.083333333333334,24.80383,24.918671927211708,1.8598610238405e-124,0.0008326924705265853,1.2505255298061335e-05,0.04308450813834611,24.87474222134754,0.0,0.0,0.0,0.0,0.0,0.0,0.0,0.0,0.0
10.1,26.320425,26.28148525931338,4.728512141846238e-125,0.0007848309169157173,1.0779105621078115e-05,0.03838023652491103,26.242309412765934,0.0,0.0,0.0,0.0,0.0,0.0,0.0,0.0,0.0
10.116666666666667,27.322126,27.160412108378868,1.2021948102174757e-125,0.0007396848311905592,9.288097192401052e-06,0.03416482985179186,27.125498305598693,0.0,0.0,0.0,0.0,0.0,0.0,0.0,0.0,0.0
10.133333333333333,27.771488,27.552719025272804,3.056549635021612e-126,0.0006971026918950406,8.000678353856846e-06,0.030391031225108337,27.521622890677445,0.0,0.0,0.0,0.0,0.0,0.0,0.0,0.0,0.0
10.15,27.682552,27.479979603546376,7.771310466945662e-127,0.00065694124779672,6.889457664962243e-06,0.02701563640846128,27.452300136432452,0.0,0.0,0.0,0.0,0.0,0.0,0.0,0.0,0.0
10.166666666666666,27.111488,26.983099302402234,1.9758920319295407e-127,0.0006190650801222369,5.930666560266335e-06,0.02399922388932156,26.95847508276623,0.0,0.0,0.0,0.0,0.0,0.0,0.0,0.0,0.0
10.183333333333334,26.147234,26.116832528402483,5.023868288119891e-128,0.0005833461869341488,5.103689707755721e-06,0.02130589026045767,26.094938188265385,0.0,0.0,0.0,0.0,0.0,0.0,0.0,0.0,0.0
10.2,24.878723,24.94437699067806,1.2773776308721211e-128,0.0005496635886098076,4.3906547971154705e-06,0.018902993383591235,24.924919943051062,0.0,0.0,0.0,0.0,0.0,0.0,0.0,0.0,0.0
10.216666666666669,23.394894,23.532472041007825,3.247927586915315e-129,0.0005179029534249064,3.776074457875543e-06,0.016760905196763456,23.51518945678318,0.0,0.0,0.0,0.0,0.0,0.0,0.0,0.0,0.0
10.233333333333333,21.78,21.947270090790557,8.258464052520092e-130,0.000487956242285691,3.2465338706593584e-06,0.014852775516511657,21.931926112497887,0.0,0.0,0.0,0.0,0.0,0.0,0.0,0.0,0.0
10.25,20.104256,20.251111020017127,2.0998974456769344e-130,0.0004597213716934247,2.790418400964495e-06,0.01315430775940202,20.23749420046763,0.0,0.0,0.0,0.0,0.0,0.0,0.0,0.0,0.0
10.266666666666667,18.42383,18.500218179618855,5.339525819792009e-131,0.0004331018940638444,2.3976762642791476e-06,0.011643547154345402,18.488139132894183,0.0,0.0,0.0,0.0,0.0,0.0,0.0,0.0,0.0
10.283333333333331,16.77617,16.743254061688578,1.3577288481621986e-131,0.00040800669456147147,2.0596118330176447e-06,0.010300681727757981,16.732543313654425,0.0,0.0,0.0,0.0,0.0,0.0,0.0,0.0,0.0
10.3,15.184681,15.020622408269588,3.4524635046228056e-132,0.0003843497036452633,1.7687057280852794e-06,0.009107856109456879,15.011128433750757,0.0,0.0,0.0,0.0,0.0,0.0,0.0,0.0,0.0
10.316666666666666,13.677446,13.364377219105318,8.779116062816782e-133,0.0003620496245572008,1.518458308346539e-06,0.008048998020356609,13.355964653002095,0.0,0.0,0.0,0.0,0.0,0.0,0.0,0.0,0.0
10.333333333333334,12.273191,11.798592366083708,2.2324311636136697e-133,0.00034102967501913067,1.3032535866521415e-06,0.007109657156629864,11.791140375998474,0.0,0.0,0.0,0.0,0.0,0.0,0.0,0.0,0.0
10.35,10.976596,10.340052733836798,5.676895540075036e-134,0.00032121734243625844,1.1182409674815994e-06,0.006276856072899068,10.333453542180495,0.0,0.0,0.0,0.0,0.0,0.0,0.0,0.0,0.0
10.366666666666667,9.79234,8.999143898967375,1.4436077990337415e-134,0.0003025441519369503,9.592325241419632e-07,0.005538952583752862,8.993301442999162,0.0,0.0,0.0,0.0,0.0,0.0,0.0,0.0,0.0
10.383333333333333,8.715745,7.780838117434565,3.67107263148089e-135,0.0002849454466091391,8.226138177542566e-07,0.0048855131437443656,7.7756668362303945,0.0,0.0,0.0,0.0,0.0,0.0,0.0,0.0,0.0
10.4,7.751489,6.685696582981223,9.33559764993067e-136,0.0002683601793227291,7.052665103428248e-07,0.0043071966268436014,6.681120320908547,0.0,0.0,0.0,0.0,0.0,0.0,0.0,0.0,0.0
10.416666666666666,6.885532,5.710829280496167,2.3740869362980587e-136,0.0002527307155556799,6.045012441552987e-07,0.003795647903532388,5.706780297375835,0.0,0.0,0.0,0.0,0.0,0.0,0.0,0.0,0.0
10.433333333333334,6.1225533,4.850772856308041,6.037489745286657e-137,0.0002380026466683668,5.17999452383723e-07,0.0033434006042347172,4.847190935057685,0.0,0.0,0.0,0.0,0.0,0.0,0.0,0.0,0.0
10.45,5.4485106,4.09826300802044,1.535399668389578e-137,0.00022412461309691202,4.4376293585943097e-07,0.002943788458943765,4.095094651185463,0.0,0.0,0.0,0.0,0.0,0.0,0.0,0.0,0.0
10.466666666666669,4.858723,3.4448907110558564,3.904736040127402e-138,0.00021104813696099374,3.800701888329202e-07,0.002590864612469107,3.4420884182362377,0.0,0.0,0.0,0.0,0.0,0.0,0.0,0.0,0.0
10.483333333333333,4.339149,2.881641248699812,9.930407620599572e-139,0.00019872746360566286,3.254385870996663e-07,0.00227932833079196,2.8791628674668273,0.0,0.0,0.0,0.0,0.0,0.0,0.0,0.0,0.0
10.5,3.8897872,2.399321815775756,2.525501213032302e-139,0.00018711941161948036,2.785916656844783e-07,0.002004458534966696,2.397129959237504,0.0,0.0,0.0,0.0,0.0,0.0,0.0,0.0,0.0
10.516666666666667,3.5059574,1.9888878557177303,6.422929478854894e-140,0.00017618323089340772,2.3843081299842275e-07,0.0017620536235187396,1.9869493804325051,0.0,0.0,0.0,0.0,0.0,0.0,0.0,0.0,0.0
10.533333333333331,3.173617,1.6416807371482454,1.6335173375309704e-140,0.00016588046830573385,2.0401079555263964e-07,0.0015483770712383755,1.6399662755979056,0.0,0.0,0.0,0.0,0.0,0.0,0.0,0.0,0.0
10.55,2.892766,1.3495903359107966,4.154505342611814e-141,0.00015617484063854993,1.7451860347887838e-07,0.001360108320762115,1.3480738782307924,0.0,0.0,0.0,0.0,0.0,0.0,0.0,0.0,0.0
10.566666666666666,2.6493616,1.1051559733828713,1.0566224438130808e-141,0.00014703211435052215,1.4925517361133662e-07,0.0011942985126177697,1.1038144935007295,0.0,0.0,0.0,0.0,0.0,0.0,0.0,0.0,0.0
10.583333333333334,2.4434042,0.9016183219154511,2.687356200077157e-142,0.0001384199918490131,1.2761960491711576e-07,0.0010483306288946003,0.9004314436751025,0.0,0.0,0.0,0.0,0.0,0.0,0.0,0.0,0.0
10.6,2.2655318,0.7329336068389528,6.834952323888197e-143,0.00013030800392232247,1.0909553167179728e-07,0.0009198836549207827,0.7318833060845781,0.0,0.0,0.0,0.0,0.0,0.0,0.0,0.0,0.0
10.616666666666667,2.1157446,0.5937599304485751,1.7384033697521691e-143,0.00012266740800948557,9.323936388388047e-08,0.0008069003919116888,0.5928302694092901,0.0,0.0,0.0,0.0,0.0,0.0,0.0,0.0,0.0
10.633333333333333,1.9846808,0.4794239774361085,4.4215077497619215e-144,0.00011547109200119534,7.967014289087864e-08,0.0007075585812252714,0.4786008680927391,0.0,0.0,0.0,0.0,0.0,0.0,0.0,0.0,0.0
10.65,1.8723404,0.38587484458690197,1.1245919113812845e-144,0.00010869348328065043,6.806079349409501e-08,0.0006202450274131665,0.38514583801541463,0.0,0.0,0.0,0.0,0.0,0.0,0.0,0.0,0.0
10.666666666666666,1.7787234,0.3096303413129636,2.860383145388586e-145,0.00010231046272779216,5.813058309683089e-08,0.0005435324325485675,0.30898444028710415,0.0,0.0,0.0,0.0,0.0,0.0,0.0,0.0,0.0
10.683333333333334,1.6991489,0.24771987169748333,7.2754207726460975e-146,9.62992834242671e-05,4.9638623612525464e-08,0.00047615867824628446,0.24714736409718915,0.0,0.0,0.0,0.0,0.0,0.0,0.0,0.0,0.0
10.7,1.6289362,0.19762695005823375,1.8505321428632388e-146,9.063849380977831e-05,4.237827389878538e-08,0.00041700831431542147,0.19711926087183465,0.0,0.0,0.0,0.0,0.0,0.0,0.0,0.0,0.0
10.716666666666669,1.572766,0.15723352122511164,4.706951504765244e-147,8.530786505309859e-05,3.617231957366909e-08,0.0003650960340768029,0.15678308115366216,0.0,0.0,0.0,0.0,0.0,0.0,0.0,0.0,0.0
10.733333333333333,1.5212766,0.12476754371239543,1.1972569051371757e-147,8.028832241312184e-05,3.0868823653281615e-08,0.0003195519360420439,0.1243676725851166,0.0,0.0,0.0,0.0,0.0,0.0,0.0,0.0,0.0
10.75,1.4838297,0.09875473231077017,3.0453658660924043e-148,7.556188037675861e-05,2.633755583901966e-08,0.00027960838991129513,0.09839953570292628,0.0,0.0,0.0,0.0,0.0,0.0,0.0,0.0,0.0
10.766666666666667,1.4510639,0.07797492673625062,7.746331214276941e-149,7.11115813714847e-05,2.246692076295812e-08,0.00024458834174435434,0.07765920434621401,0.0,0.0,0.0,0.0,0.0,0.0,0.0,0.0,0.0
10.783333333333331,1.4229788,0.06142323438580832,1.9704121391790516e-149,6.692143786069054e-05,1.9161316318666745e-08,0.000213894908743821,0.06114239887788749,0.0,0.0,0.0,0.0,0.0,0.0,0.0,0.0,0.0
10.8,1.3995744,0.048275868163522015,5.012131717840461e-150,6.297637763993255e-05,1.6338862579160082e-08,0.00018700212842115985,0.048025873318598346,0.0,0.0,0.0,0.0,0.0,0.0,0.0,0.0,0.0
10.816666666666666,1.3855319,0.037860446565734854,1.2749472913049753e-150,5.9262192161605926e-05,1.3929449922648931e-08,0.00016344674006038936,0.03763772370406294,0.0,0.0,0.0,0.0,0.0,0.0,0.0,0.0,0.0
10.833333333333334,1.3714893,0.02963042668315881,3.2431445361844453e-151,5.576548772448665e-05,1.1873062015231843e-08,0.00014282088841834106,0.029431828433953967,0.0,0.0,0.0,0.0,0.0,0.0,0.0,0.0,0.0
10.85,1.3668085,0.02314328774657918,8.249823585375222e-152,5.247363937316778e-05,1.011833538149894e-08,0.00012476565057577217,0.02296603833829486,0.0,0.0,0.0,0.0,0.0,0.0,0.0,0.0,0.0
10.866666666666667,1.3668085,0.018042061869958777,2.0985884043495902e-152,4.937474736046596e-05,8.621322554292589e-09,0.0001089652968488289,0.01788371320442693,0.0,0.0,0.0,0.0,0.0,0.0,0.0,0.0,0.0
10.883333333333333,1.3668085,0.014039810446726319,5.338436630964267e-153,4.645759603361239e-05,7.34443034272855e-09,9.514220575599135e-05,0.013898203300506373,0.0,0.0,0.0,0.0,0.0,0.0,0.0,0.0,0.0
10.9,1.3714893,0.010906661877255374,1.3580166581190243e-153,4.371161501233204e-05,6.255508687791936e-09,8.305236127814892e-05,0.010779891645456206,0.0,0.0,0.0,0.0,0.0,0.0,0.0,0.0,0.0
10.916666666666666,1.380851,0.008459053263983841,3.4546197532804515e-154,4.1126842533886455e-05,5.327068969916027e-09,7.248136811462774e-05,0.008345439726266357,0.0,0.0,0.0,0.0,0.0,0.0,0.0,0.0,0.0
10.933333333333334,1.3948936,0.006550851124867608,8.788191731374544e-155,3.869389084673939e-05,4.535613564571999e-09,6.324092738755947e-05,0.006448911771019745,0.0,0.0,0.0,0.0,0.0,0.0,0.0,0.0,0.0
10.95,1.4089361,0.0050660609168376464,2.235645187264558e-155,3.640391354078873e-05,3.8610609723448964e-09,5.516572134047596e-05,0.004974487420895409,0.0,0.0,0.0,0.0,0.0,0.0,0.0,0.0,0.0
10.966666666666669,1.4323404,0.003912870021066161,5.687354343870041e-156,3.4248574708042916e-05,3.286253033261305e-09,4.8110661069841336e-05,0.003830507499035243,0.0,0.0,0.0,0.0,0.0,0.0,0.0,0.0,0.0
10.983333333333333,1.4557446,0.0030188023350569077,1.4468440294812715e-156,3.22200198332868e-05,2.796532618209389e-09,4.19484562730553e-05,0.0029446310624179463,9.32890190668138e-19,0.0,0.0,0.0,0.0,0.0,0.0,0.0,0.0
11.0,1.4838297,0.0023268839201933574,3.680756904687084e-157,3.0310848319619286e-05,2.3793818137938954e-09,3.6567470441843525e-05,0.0022599131098244274,9.011222565293601e-08,0.0,0.0,0.0,0.0,0.0,0.0,0.0,0.0
11.016666666666667,1.5165957,0.0018116939695013736,9.363894530449044e-158,2.8514087558859257e-05,2.0241120161931505e-09,3.1869828921669656e-05,0.0017316406806258179,1.966734828301073e-05,0.0,0.0,0.0,0.0,0.0,0.0,0.0,0.0
11.033333333333331,1.5587233,0.0018011779537999402,2.3822087741951865e-158,2.6823168461611665e-05,1.7215985550511198e-09,2.776975083759559e-05,0.001324790388748513,0.0004217929241536649,0.0,0.0,0.0,0.0,0.0,0.0,0.0,0.0
11.05,1.6148936,0.004483258299396266,6.060480034875028e-159,2.5231902366381388e-05,1.464053506630567e-09,2.4192079094084843e-05,0.0010119926748801942,0.003421840179002099,0.0,0.0,0.0,0.0,0.0,0.0,0.0,0.0
11.066666666666666,1.6897873,0.017026468294589432,1.5418357046763376e-159,2.3734459251458904e-05,1.2448312492578342e-09,2.1070985526106347e-05,0.0007719073472459364,0.01620975425773468,0.0,0.0,0.0,0.0,0.0,0.0,0.0,0.0
11.083333333333334,1.792766,0.05516319056036811,3.922590854610112e-160,2.2325347177402353e-05,1.0582620833264454e-09,1.8348830844425006e-05,0.0005879315227565864,0.05453458380132761,0.0,0.0,0.0,0.0,0.0,0.0,0.0,0.0
11.1,1.9331914,0.1452373834133892,9.979567835502187e-161,2.0999392891862104e-05,8.995098999386334e-10,1.5975161309277637e-05,0.0004471751292422233,0.14475323283043595,0.0,0.0,0.0,0.0,0.0,0.0,0.0,0.0
11.116666666666667,2.1297872,0.3232556704639191,2.5389505313546476e-161,1.9751723532170288e-05,7.644504514545443e-10,1.3905826110957417e-05,0.00033965095905731803,0.32288236119076824,0.0,0.0,0.0,0.0,0.0,0.0,0.0,0.0
11.133333333333333,2.4059575,0.6307431509825658,6.459523712638133e-162,1.857774936463575e-05,6.495672666002333e-10,1.2102201258304859e-05,0.00025763614882726664,0.6304548342335483,0.0,0.0,0.0,0.0,0.0,0.0,0.0,0.0
11.15,2.7804255,1.1083697312338823,1.6434272333484065e-162,1.7473147502793268e-05,5.518626734062727e-10,1.0530507399285822e-05,0.00019517016220523377,1.1081465568649123,0.0,0.0,0.0,0.0,0.0,0.0,0.0,0.0
11.166666666666666,3.2859573,1.7889267119259376,4.181230975946225e-163,1.6433846550009478e-05,4.687817546610353e-10,9.161210442399857e-06,0.00014766111579379927,1.7887534552843696,0.0,0.0,0.0,0.0,0.0,0.0,0.0,0.0
11.183333333333334,3.9412766,2.6912402605704204,1.0638037294023446e-163,1.5456012114818323e-05,3.981473710003229e-10,7.968495132180333e-06,0.00011157783316178593,2.691105257831864,0.0,0.0,0.0,0.0,0.0,0.0,0.0,0.0
11.2,4.774468,3.8161846942550253,2.7065901711054613e-164,1.4536033150187674e-05,3.3810465332962917e-10,6.929802873420305e-06,8.420953360301307e-05,3.816079018547294,0.0,0.0,0.0,0.0,0.0,0.0,0.0,0.0
11.216666666666669,5.8042555,5.145347874966322,6.886318537698498e-165,1.3670509070582883e-05,2.870735951129353e-10,6.025426112149978e-06,6.347873161865783e-05,5.145264700012447,0.0,0.0,0.0,0.0,0.0,0.0,0.0,0.0
11.233333333333333,7.030638,6.642309874258793,1.752085535635032e-165,1.2856237603230167e-05,2.4370857144849005e-10,5.238152480546377e-06,4.779588716285496e-05,6.642243983737838,0.0,0.0,0.0,0.0,0.0,0.0,0.0,0.0
11.25,8.41617,8.256051591990378,4.457866551884714e-166,1.209020333236825e-05,2.068637803386244e-10,4.552952710167934e-06,3.594673083764073e-05,8.255999001896633,0.0,0.0,0.0,0.0,0.0,0.0,0.0,0.0
11.266666666666667,9.928085,9.925760402347661,1.1342332110110377e-166,1.1369566897554957e-05,1.7556374607109627e-10,3.956707024302641e-06,2.7005098267956553e-05,9.925718070799908,0.0,0.0,0.0,0.0,0.0,0.0,0.0,0.0
11.283333333333331,11.49617,11.586234911016385,2.885899258192501e-167,1.069165480922886e-05,1.4897814853862104e-10,3.4379653457006965e-06,2.0265632369080897e-05,11.586200515614882,0.0,0.0,0.0,0.0,0.0,0.0,0.0,0.0
11.3,13.059574,13.173167287727624,7.342829755542399e-168,1.00539498467651e-05,1.2640034854046435e-10,2.986737209494442e-06,1.5191924666671969e-05,13.173139054989502,0.0,0.0,0.0,0.0,0.0,0.0,0.0,0.0
11.316666666666666,14.538723,14.62774482432365,1.8683111780968335e-168,9.454082006184012e-06,1.0722907013481753e-10,2.5943077606467343e-06,1.1376627888196183e-05,14.627721399198766,0.0,0.0,0.0,0.0,0.0,0.0,0.0,0.0
11.333333333333334,15.863404,15.900211273422512,4.753772574440443e-169,8.889819966483774e-06,9.09527790956256e-11,2.2530766479659163e-06,8.510831424824558e-06,15.90019161960352,0.0,0.0,0.0,0.0,0.0,0.0,0.0,0.0
11.35,16.972765,16.952223432326974,1.2095699817733572e-169,8.359063045296483e-06,7.713636332318173e-11,1.9564170089777758e-06,6.360589482832475e-06,16.9522067561803,0.0,0.0,0.0,0.0,0.0,0.0,0.0,0.0
11.366666666666667,17.82468,17.758003526823753,3.07770497361932e-170,7.859833616185545e-06,6.540977825371803e-11,1.6985520774284282e-06,4.748961656898974e-06,17.757989219410995,0.0,0.0,0.0,0.0,0.0,0.0,0.0,0.0
11.383333333333333,18.400425,18.30441032894978,7.831164286044129e-171,7.390269961446709e-06,5.5458369277299735e-11,1.4744472430119004e-06,3.542293777048471e-06,18.30439792188334,0.0,0.0,0.0,0.0,0.0,0.0,0.0,0.0
11.4,18.685957,18.590128911430213,1.992640816882599e-171,6.948619535725632e-06,4.701462507890037e-11,1.279715655584262e-06,2.639754505954635e-06,18.5901180432935,0.0,0.0,0.0,0.0,0.0,0.0,0.0,0.0
11.416666666666666,18.695318,18.624214702469853,5.070315969049504e-172,6.5332326171442705e-06,3.985115167363091e-11,1.1105356976856973e-06,1.9653673353616336e-06,18.624205093294353,0.0,0.0,0.0,0.0,0.0,0.0,0.0,0.0
11.433333333333334,18.451914,18.424230107126128,1.290162213951902e-172,6.142556323925867e-06,3.377468757905985e-11,9.635788532207828e-07,1.4619519308973565e-06,18.424221539005245,0.0,0.0,0.0,0.0,0.0,0.0,0.0,0.0
11.45,17.99319,18.014190861429704,3.282894155092874e-173,5.7751289757411815e-06,2.8621006798743623e-11,8.359466798399887e-07,1.086523988359686e-06,18.014183163801437,0.0,0.0,0.0,0.0,0.0,0.0,0.0,0.0
11.466666666666669,17.356596,17.422503639993444,8.35358101755597e-174,5.429574780158209e-06,2.4250578718863077e-11,7.251157507468927e-07,8.068074262784171e-07,17.422496678471237,0.0,0.0,0.0,0.0,0.0,0.0,0.0,0.0
11.483333333333333,16.579575,16.68003408479557,2.1256498204171093e-174,5.1045988256794954e-06,2.0544873191285894e-11,6.288895708435408e-07,5.985935814102395e-07,16.680027752693046,0.0,0.0,0.0,0.0,0.0,0.0,0.0,0.0
11.5,15.713616,15.818401411951886,5.408962276556624e-175,4.798982363886127e-06,1.7403215460256703e-11,5.453565945437559e-07,4.4374438996382594e-07,15.818395623851133,0.0,0.0,0.0,0.0,0.0,0.0,0.0,0.0
11.516666666666667,14.79149,14.868556274316239,1.3763832010890316e-175,4.511578364193368e-06,1.4740109588505922e-11,4.728535802108199e-07,3.286844790288552e-07,14.868550961185075,0.0,0.0,0.0,0.0,0.0,0.0,0.0,0.0
11.533333333333331,13.831915,13.859665117650808,3.5024176343669824e-176,4.24130732564579e-06,1.2482960996189171e-11,4.0993361075484213e-07,2.4326390595365947e-07,13.859660223133483,0.0,0.0,0.0,0.0,0.0,0.0,0.0,0.0
11.55,12.87234,12.818297998851682,8.912501857463429e-177,3.987153331059205e-06,1.0570138938200409e-11,3.553381930094182e-07,1.7990149990275856e-07,12.818293476448087,0.0,0.0,0.0,0.0,0.0,0.0,0.0,0.0
11.566666666666666,11.926808,11.767897843166265,2.267955084821198e-177,3.7481603296441753e-06,8.949328464750128e-12,3.0797292146209875e-07,1.32940348968326e-07,11.767893654083716,0.0,0.0,0.0,0.0,0.0,0.0,0.0,0.0
11.583333333333334,11.0,10.728496820475172,5.77128282625667e-178,3.5234286350258826e-06,7.576128853290934e-12,2.6688625595011055e-07,9.816346646490346e-08,10.728492931989239,0.0,0.0,0.0,0.0,0.0,0.0,0.0,0.0
11.6,10.105957,9.716638933308797,1.4686331855308923e-178,3.3121116263173664e-06,6.412861852350596e-12,2.3125101912196867e-07,7.243024488668141e-08,9.716635317509494,0.0,0.0,0.0,0.0,0.0,0.0,0.0,0.0
11.616666666666667,9.258723,8.745465870159252,3.737294893355447e-179,3.1134126405977726e-06,5.427558498180463e-12,2.0034826874889408e-07,5.340387980470966e-08,8.745462502989035,0.0,0.0,0.0,0.0,0.0,0.0,0.0,0.0
11.633333333333333,8.46766,7.824924513594086,9.510523594877001e-180,2.9265820458087602e-06,4.593097889231618e-12,1.7355324318267152e-07,3.934722367016867e-08,7.82492137410698,0.0,0.0,0.0,0.0,0.0,0.0,0.0,0.0
11.65,7.7327657,6.962058125525579,2.420218056262012e-180,2.7509144837028966e-06,3.8864752474167165e-12,1.5032311613188688e-07,2.8970053451022788e-08,6.962055195314039,0.0,0.0,0.0,0.0,0.0,0.0,0.0,0.0
11.666666666666666,7.0587234,6.161348239691269,6.158962436154442e-181,2.5857462730670428e-06,3.2881799582898238e-12,1.301863301154415e-07,2.1314922762577602e-08,6.161345502440454,0.0,0.0,0.0,0.0,0.0,0.0,0.0,0.0
11.683333333333334,6.440851,5.425079934452725,1.567341320279669e-181,2.430452963997541e-06,2.7816671495979944e-12,1.1273330702072177e-07,1.5671937886361682e-08,5.425077374548893,1.042840932095363e-09,0.0,0.0,0.0,0.0,0.0,0.0,0.0
11.7,5.879149,4.753709273499682,3.988619062500417e-182,2.2844470345291134e-06,2.352908811758545e-12,9.760835964738236e-08,1.1515192040075141e-08,4.753706475048716,4.0487802735425215e-07,0.0,0.0,0.0,0.0,0.0,0.0,0.0
11.716666666666669,5.373617,4.14622569719949,1.0150430635360978e-182,2.1471757214130174e-06,1.990012546735504e-12,8.450265039824252e-08,8.455399992825004e-09,4.146211654354227,1.1802709501516611e-05,0.0,0.0,0.0,0.0,0.0,0.0,0.0
11.733333333333333,4.9242554,3.6005430388756197,2.5831479754786293e-183,2.018118977308194e-06,1.6828978065692485e-12,7.314806277636295e-08,6.204637832608378e-09,3.6004217440727295,0.00011919732952919006,0.0,0.0,0.0,0.0,0.0,0.0,0.0
11.75,4.5217023,3.1139847072326563,6.57380767930559e-184,1.896787547088578e-06,1.4230209947309388e-12,6.331186840388053e-08,4.550118642790494e-09,3.113309312021209,0.0006734305604900908,0.0,0.0,0.0,0.0,0.0,0.0,0.0
11.766666666666667,4.1659575,2.6838842592300756,1.672967775080206e-184,1.7827211563876042e-06,1.2031420912317688e-12,5.4792087195373724e-08,3.334706305408116e-09,2.6812475421877666,0.0026348761931558936,0.0,0.0,0.0,0.0,0.0,0.0,0.0
11.783333333333331,3.8523405,2.30823130274591,4.257562286616396e-185,1.6754868058918672e-06,1.0171265590264525e-12,4.741345136035651e-08,2.4424490536367584e-09,2.300229070607987,0.008000506794199592,0.0,0.0,0.0,0.0,0.0,0.0,0.0
11.8,3.580851,1.9862273656198843,1.0835208671988407e-185,1.574677165267777e-06,8.597772229239598e-13,4.10238953090345e-08,1.78784904930193e-09,1.9660476049522788,0.020178143177836082,0.0,0.0,0.0,0.0,0.0,0.0,0.0
11.816666666666666,3.3468084,1.7186122856677546,2.7575053608731466e-186,1.4799090609546466e-06,7.266916070108348e-13,3.549150349636603e-08,1.3079099560269073e-09,1.6744445644061674,0.04416620455238596,0.0,0.0,0.0,0.0,0.0,0.0,0.0
11.833333333333334,3.1502128,1.5076710677447513,7.017755758009276e-187,1.3908220523869226e-06,6.141408930391052e-13,3.070185694102272e-08,9.562482578735025e-10,1.4212238900571084,0.08644575520687134,0.0,0.0,0.0,0.0,0.0,0.0,0.0
11.85,2.986383,1.3569060405513722,1.7860059973778425e-187,1.3070770915208674e-06,5.189672378551399e-13,2.655572675538831e-08,6.987363424842798e-10,1.2023386886652114,0.15456601755408725,0.0,0.0,0.0,0.0,0.0,0.0,0.0
11.866666666666667,2.8646808,1.270431127390571,4.545381485349446e-188,1.2283552608338428e-06,4.3849667768063776e-13,2.2967069657815933e-08,5.102815031696876e-10,1.0139535733746659,0.2564763021828547,0.0,0.0,0.0,0.0,0.0,0.0,0.0
11.883333333333333,2.7757447,1.2521952823320195,1.156805936178483e-188,1.1543565852422513e-06,3.704652636508118e-13,1.986128623016586e-08,3.724465882245424e-10,0.852486533488521,0.39970757425280995,0.0,0.0,0.0,0.0,0.0,0.0,0.0
11.9,2.7242553,1.3051633609353472,2.944105747779339e-189,1.0847989136451822e-06,3.1295642732557636e-13,1.7173707737869738e-08,2.716937361604279e-10,0.7146339705498201,0.5905282881408989,0.0,0.0,0.0,0.0,0.0,0.0,0.0
11.916666666666666,2.7148936,1.4305768129054417,7.492884030707334e-190,1.0194168660480269e-06,2.6434787617945334e-13,1.4848281739390965e-08,1.9808901260643582e-10,0.5973822365357074,0.8331935419062331,0.0,0.0,0.0,0.0,0.0,0.0,0.0
11.933333333333334,2.7523403,1.6273909004255178,1.9069851395826562e-190,9.579608424525325e-07,2.2326657523394442e-13,1.2836430558151485e-08,1.4434770499797877e-10,0.4980086474042213,1.1293812820794527,0.0,0.0,0.0,0.0,0.0,0.0,0.0
11.95,2.8365958,1.8919487994547577,4.853424537377099e-191,9.001960899197343e-07,1.88550588747929e-13,1.1096060044046706e-08,1.0513120242979038e-10,0.41407455648544217,1.4778733315718457,0.0,0.0,0.0,0.0,0.0,0.0,0.0
11.966666666666669,2.9770212,2.21791439854446,1.2352416081867396e-191,8.459018244187756e-07,1.5921674095305652e-13,9.59069897579389e-09,7.652953413974045e-11,0.3434126830361618,1.874500859939086,0.0,0.0,0.0,0.0,0.0,0.0,0.0
11.983333333333333,3.1782978,2.5964512851959296,3.1438237028194784e-192,7.948704042703243e-07,1.3443321209263763e-13,8.28875200414103e-09,5.5680811701928826e-11,0.2841105196988316,2.3123399622821266,0.0,0.0,0.0,0.0,0.0,0.0,0.0
12.0,3.431064,3.016609217003302,8.001420239800889e-193,7.469065521768697e-07,1.1349631964677639e-13,7.162851257027338e-09,4.049154808692045e-11,0.23449130032436527,2.782117162568928,0.0,0.0,0.0,0.0,0.0,0.0,0.0
12.016666666666667,3.7306383,3.465862901527147,2.0364726649276493e-193,7.018266230064886e-07,9.581084814224886e-14,6.189293662897712e-09,2.94312530484038e-11,0.19309370337637188,3.2727684901053316,0.0,0.0,0.0,0.0,0.0,0.0,0.0
12.033333333333331,4.0723405,3.930740924888295,5.183136919636632e-194,6.594579146596862e-07,8.087338736223251e-14,5.347552733924437e-09,2.1381679454879344e-11,0.15865119889434304,3.772089061167022,0.0,0.0,0.0,0.0,0.0,0.0,0.0
12.05,4.4421277,4.397483743171708,1.3191960845007938e-194,6.196380195037707e-07,6.825822065239486e-14,4.619855018804539e-09,1.5526252326547785e-11,0.13007171897480307,4.267411399923437,0.0,0.0,0.0,0.0,0.0,0.0,0.0
12.066666666666666,4.8306384,4.852676730665749,3.357597133680237e-195,5.822142140047064e-07,5.760537454575192e-14,3.9908127128789646e-09,1.1269022234937089e-11,0.10641814124338156,4.746258003206014,0.0,0.0,0.0,0.0,0.0,0.0,0.0
12.083333333333334,5.214468,5.283815157967234,8.545753492195492e-196,5.470428843232688e-07,4.861049995458637e-14,3.4471050258881725e-09,8.175297102914941e-12,0.08688991892601212,5.1969246885430085,0.0,0.0,0.0,0.0,0.0,0.0,0.0
12.1,5.5889363,5.679770616034583,2.175077145114239e-196,5.139889857722321e-07,4.101630528194968e-14,2.9772018759950067e-09,5.928180869695311e-12,0.0708060662743793,5.608964032788046,0.0,0.0,0.0,0.0,0.0,0.0,0.0
12.116666666666667,5.9306383,6.031141138378859,5.536068835243992e-197,4.829255341527617e-07,3.460530432947749e-14,2.571124321273286e-09,4.296776431782167e-12,0.0575896103432107,5.973551042534659,0.0,0.0,0.0,0.0,0.0,0.0,0.0
12.133333333333333,6.2395744,6.330478877257524,1.4090642460310014e-197,4.5373312710352187e-07,2.9193677964230705e-14,2.2202368728972887e-09,3.1129363343762386e-12,0.04675354552130447,6.283724875779713,0.0,0.0,0.0,0.0,0.0,0.0,0.0
12.15,6.497021,6.572398881688253,3.5864319161486615e-198,4.2629949370409075e-07,2.462607912494144e-14,1.917067471866364e-09,2.25427342386624e-12,0.037888272021296646,6.534510181448116,0.0,0.0,0.0,0.0,0.0,0.0,0.0
12.166666666666666,6.698298,6.75357992092734,9.128446048203617e-199,4.0051907067664645e-07,2.0771236722489636e-14,1.6551514655967029e-09,1.6317531506524106e-12,0.030650460270022155,6.722929058481443,0.0,0.0,0.0,0.0,0.0,0.0,0.0
12.183333333333334,6.838723,6.872673328837038,2.3234512639291087e-199,3.762926036259333e-07,1.7518236021429873e-14,1.4288964028386235e-09,1.1806371262985359e-12,0.024753256710435958,6.847919694403904,0.0,0.0,0.0,0.0,0.0,0.0,0.0
12.2,6.913617,6.93013867383748,5.913882866222691e-200,3.5352677184844474e-07,1.477337177481782e-14,1.2334648845111825e-09,8.538764911475688e-13,0.019957730220265122,6.91018058885611,0.0,0.0,0.0,0.0,0.0,0.0,0.0
12.216666666666669,6.9276595,6.928025994145785,1.5052696031123524e-200,3.321338353270743e-07,1.2457486229406781e-14,1.0646730723431916e-09,6.172950700614758e-13,0.01606544985768155,6.9119602110889655,0.0,0.0,0.0,0.0,0.0,0.0,0.0
12.233333333333333,6.880851,6.869723762589094,3.8314068618698135e-201,3.120313026082491e-07,1.0503717552545014e-14,9.189027737963029e-10,4.460793581072842e-13,0.012912082021538271,6.856811367616894,0.0,0.0,0.0,0.0,0.0,0.0,0.0
12.25,6.777872,6.759690062969374,9.75224597860707e-202,2.9314161833426756e-07,8.8555956208809e-15,7.930252968155208e-10,3.2222215625324793e-13,0.010361896767985952,6.749327872266413,0.0,0.0,0.0,0.0,0.0,0.0,0.0
12.266666666666667,6.623404,6.603182053719866,2.4822950420709635e-202,2.753918692753817e-07,7.465431764470256e-15,6.843355069158931e-10,2.326617364867686e-13,0.008303077668911262,6.59487869997451,0.0,0.0,0.0,0.0,0.0,0.0,0.0
12.283333333333331,6.4268084,6.405996000983977,6.318362189859948e-203,2.5871350777329993e-07,6.2929572412785275e-15,5.904947266679854e-10,1.6792800055706725e-13,0.006643736209962869,6.399352005469837,0.0,0.0,0.0,0.0,0.0,0.0,0.0
12.3,6.188085,6.174227258622443,1.6082663889126857e-203,2.4304209157149525e-07,5.3041721500223405e-15,5.094812978946755e-10,1.2115800211735305e-13,0.005308539514863745,6.16891847555588,0.0,0.0,0.0,0.0,0.0,0.0,0.0
12.316666666666666,5.9212766,5.914056768747914,4.0936790520363465e-204,2.2831703906752804e-07,4.47037236345606e-15,4.395477833992735e-10,8.73804199823231e-14,0.004235868546832045,5.909820671444403,0.0,0.0,0.0,0.0,0.0,0.0,0.0
12.333333333333334,5.626383,5.631568102574394,1.042010075413906e-204,2.1448139907883422e-07,3.7673270406455534e-15,3.7918392091676946e-10,6.299576465234267e-14,0.003375432433075191,5.6281924552806695,0.0,0.0,0.0,0.0,0.0,0.0,0.0
12.35,5.312766,5.332596851287428,2.652359299553947e-205,2.0148163426676503e-07,3.174583492143247e-15,3.270845599198608e-10,4.539895904789214e-14,0.002686272867205972,5.329910376611455,0.0,0.0,0.0,0.0,0.0,0.0,0.0
12.366666666666667,4.994468,5.022612357124155,6.75141940043144e-206,1.8926741741350092e-07,2.674879742178858e-15,2.821219142669174e-10,3.270542795388004e-14,0.0021351004504496737,5.020477067124131,0.0,0.0,0.0,0.0,0.0,0.0,0.0
12.383333333333333,4.6668086,4.706630355810717,1.7185418070830116e-206,1.777914397937459e-07,2.2536481554058064e-15,2.4332155249870146e-10,2.3552402516586754e-14,0.0016949121976879698,4.704935265578242,0.0,0.0,0.0,0.0,0.0,0.0,0.0
12.4,4.3485107,4.3891540655293575,4.374489564105328e-207,1.6700923092740697e-07,1.898596055776203e-15,2.0984162465057745e-10,1.6954853113311037e-14,0.0013438461805459936,4.38781005212972,0.0,0.0,0.0,0.0,0.0,0.0,0.0
12.416666666666666,4.030213,4.0741405687383585,1.1135171836385617e-207,1.5687898904137218e-07,1.599351432529992e-15,1.809548912957476e-10,1.220107929465636e-14,0.0010642353734228098,4.073076176304978,0.0,0.0,0.0,0.0,0.0,0.0,0.0
12.433333333333334,3.7306383,3.764988944407517,2.834449373278119e-208,1.4736142160781553e-07,1.3471636630474041e-15,1.560331785159734e-10,8.777074712025141e-15,0.000841828208418789,3.7641469686816333,0.0,0.0,0.0,0.0,0.0,0.0,0.0
12.45,3.4404254,3.46454646749379,7.215105981101526e-209,1.3841959536363477e-07,1.1346507353008343e-15,1.345339327793891e-10,6.311761194164888e-15,0.0006651481529191402,3.463881180786734,0.0,0.0,0.0,0.0,0.0,0.0,0.0
12.466666666666669,3.168936,3.1751292472367627,1.8366184450780206e-209,1.3001879525050173e-07,9.555857669593524e-16,1.159885933052424e-10,4.5373512091986704e-15,0.000524968835416172,3.1746041482665572,0.0,0.0,0.0,0.0,0.0,0.0,0.0
12.483333333333333,2.9114892,2.8985538764303445,4.675169620638881e-210,1.2212639174798865e-07,8.047167303971952e-16,9.999253729636539e-11,3.2606721197875884e-15,0.0004138849063275635,2.8981398692976286,0.0,0.0,0.0,0.0,0.0,0.0,0.0
12.5,2.672766,2.6361769655229694,1.1900850344283386e-210,1.1471171610314036e-07,6.7761423390038e-16,8.61963861879237e-11,2.3424296009242947e-15,0.00032596198108084394,2.635850888743973,0.0,0.0,0.0,0.0,0.0,0.0,0.0
12.516666666666667,2.452766,2.388939799730011,3.0294291086714e-211,1.0774594298915669e-07,5.705430055046826e-16,7.429848946253739e-11,1.682218501218086e-15,0.0002564517240576571,2.3886832401857094,0.0,0.0,0.0,0.0,0.0,0.0,0.0
12.533333333333331,2.2514894,2.157415752474561,7.711622474148193e-212,1.0120198015322397e-07,4.80353399358293e-16,6.403842719490204e-11,1.2076926609592216e-15,0.0002015604447951558,2.1572140907637456,0.0,0.0,0.0,0.0,0.0,0.0,0.0
12.55,2.0642552,1.941858489216248,1.9630568654181643e-212,9.505436463949386e-08,4.0438981412948004e-16,5.519139381676882e-11,8.667429287847569e-16,0.00015826154049365844,1.9417001325661971,0.0,0.0,0.0,0.0,0.0,0.0,0.0
12.566666666666666,1.9004256,1.7422493830478352,4.997147191542506e-213,8.927916519755779e-08,3.4041339472074203e-16,4.7563344071165334e-11,6.218501001909034e-16,0.00012414377645480755,1.7421251499446508,0.0,0.0,0.0,0.0,0.0,0.0,0.0
12.583333333333334,1.7506382,1.5583429238265902,1.2720773875921644e-213,8.385389050968135e-08,2.865367959211507e-16,4.098679813188475e-11,4.460096602824586e-16,9.728878982827209e-05,1.558245551141884,0.0,0.0,0.0,0.0,0.0,0.0,0.0
12.6,1.6148936,1.389709227280588,3.238225145701575e-214,7.875740289172009e-08,2.4116913107181505e-16,3.531721672932032e-11,3.197919907239771e-16,7.61723691716252e-05,1.3896329761186956,0.0,0.0,0.0,0.0,0.0,0.0,0.0
12.616666666666667,1.4978724,1.235773034587039,8.243329401280294e-215,7.396983714293231e-08,2.0296952001981334e-16,3.042986913151163e-11,2.2922249599923473e-16,5.958503594326508e-05,1.2357133755508283,0.0,0.0,0.0,0.0,0.0,0.0,0.0
12.633333333333333,1.3948936,1.0958488345703914,2.0984583880713073e-215,6.947252423909352e-08,1.708078967996065e-16,2.6217127227586913e-11,1.6425355547111883e-16,4.656826333404245e-05,1.0958021968083156,0.0,0.0,0.0,0.0,0.0,0.0,0.0
12.65,1.3012766,0.9691719404510907,5.3419540833115764e-216,6.52479195813143e-08,1.4373194554785346e-16,2.2586127964010212e-11,1.1766349146249113e-16,3.6363338274554016e-05,0.9691355118423102,0.0,0.0,0.0,0.0,0.0,0.0,0.0
12.666666666666666,1.2170212,0.8549255132360172,1.3598844571238706e-216,6.127953552997024e-08,1.209392090057515e-16,1.9456754178577674e-11,8.426351858562859e-17,2.8370426098566917e-05,0.8548970815109261,0.0,0.0,0.0,0.0,0.0,0.0,0.0
12.683333333333334,1.1468085,0.7522636477446086,3.4618315210806015e-217,5.7551877969099734e-08,1.0175356256458383e-16,1.675989062427059e-11,6.0326735770154e-17,2.2115853175128915e-05,0.7522414743227955,0.0,0.0,0.0,0.0,0.0,0.0,0.0
12.7,1.0812765,0.6603307289575467,8.812758989646346e-218,5.405038666169787e-08,8.560537237387625e-17,1.443591781502326e-11,4.3177141536588535e-17,1.722599706000353e-05,0.660313448895664,0.0,0.0,0.0,0.0,0.0,0.0,0.0
12.716666666666669,1.0251064,0.5782773302060511,2.2434680781336888e-218,5.0761379170465955e-08,7.20147621171659e-17,1.2433411379496996e-11,3.0893932517298064e-17,1.3406480140009775e-05,0.5782638729520984,0.0,0.0,0.0,0.0,0.0,0.0,0.0
12.733333333333333,0.96893615,0.5052729650744157,5.711233551376124e-219,4.7671998131933545e-08,6.057750268051701e-17,1.0708018982413075e-11,2.209882299061054e-17,1.0425612998846285e-05,0.5052624917787106,0.0,0.0,0.0,0.0,0.0,0.0,0.0
12.75,0.92212766,0.44051602597525147,1.4539248507633163e-219,4.477016168438154e-08,5.095311464063883e-17,9.221490657020813e-12,1.5803129929422026e-17,8.101237617323147e-06,0.4405078799582509,0.0,0.0,0.0,0.0,0.0,0.0,0.0
12.766666666666667,0.88,0.38324124808263293,3.7013146101112165e-220,4.20445168618454e-08,4.2854837438360646e-17,7.94084166601458e-12,1.1297866735276946e-17,6.290286240457345e-06,0.3832349157439347,0.0,0.0,0.0,0.0,0.0,0.0,0.0
12.783333333333331,0.8425532,0.3327250311793305,9.42262776324063e-221,3.948439577754891e-08,3.604117310086384e-17,6.837629840082907e-12,8.074775993664024e-18,4.880506142735149e-06,0.3327201111819543,0.0,0.0,0.0,0.0,0.0,0.0,0.0
12.8,0.8051064,0.2882889370682125,2.3987779540294927e-221,3.7079774430608494e-08,3.0308757974002675e-17,5.8873317927202075e-12,5.769610889049535e-18,3.78390928844833e-06,0.2882851160732623,0.0,0.0,0.0,0.0,0.0,0.0,0.0
12.816666666666666,0.7723404,0.2493016591380185,6.106748474343753e-222,3.482123397969045e-08,2.5486354426697826e-17,5.068804528320168e-12,4.121410357454069e-18,2.9315937253309633e-06,0.24929869271799035,0.0,0.0,0.0,0.0,0.0,0.0,0.0
12.833333333333334,0.7442553,0.21517973564982965,1.554647652735913e-222,3.2699924336546754e-08,2.142978699421391e-17,4.363820792458074e-12,2.9432675937754973e-18,2.2696543530074822e-06,0.21517743329118846,0.0,0.0,0.0,0.0,0.0,0.0,0.0
12.85,0.7114894,0.18538725110435642,3.9578184333576336e-223,3.070752994110893e-08,1.801767486733688e-17,3.756668097263975e-12,2.1013550644866756e-18,1.7559576701510035e-06,0.18538546443539963,0.0,0.0,0.0,0.0,0.0,0.0,0.0
12.866666666666667,0.68340427,0.15943474206812996,1.0075850063952073e-223,2.883623758799392e-08,1.5147835796627323e-17,3.2338027242460355e-12,1.4998787758691168e-18,1.3576008481877629e-06,0.15943335562781036,0.0,0.0,0.0,0.0,0.0,0.0,0.0
12.883333333333333,0.65999997,0.13687749616135028,2.5651304325794947e-224,2.7078706182020842e-08,1.2734256030318502e-17,2.7835511908223355e-12,1.0702891174987915e-18,1.048912150077127e-06,0.13687642016771046,0.0,0.0,0.0,0.0,0.0,0.0,0.0
12.9,0.6365957,0.11731340633675152,6.530390131835578e-225,2.542803830758818e-08,1.0704537402816747e-17,2.395852690165921e-12,7.635464754557123e-19,8.09879060203633e-07,0.11731257102725715,0.0,0.0,0.0,0.0,0.0,0.0,0.0
12.916666666666666,0.6131915,0.1003805176663451,1.6625346602904875e-225,2.3877753503611967e-08,8.997746613053298e-18,2.062036898466465e-12,5.445784207981996e-19,6.249139399653662e-07,0.1003798688725896,0.0,0.0,0.0,0.0,0.0,0.0,0.0
12.933333333333334,0.59446806,0.0857543809611548,4.232570355213027e-226,2.2421763142147697e-08,7.562603479184823e-18,1.7746323081107153e-12,3.883086925012261e-19,4.818857294620258e-07,0.08575387665188755,0.0,0.0,0.0,0.0,0.0,0.0,0.0
12.95,0.5757447,0.07314530688092596,1.077555257121347e-226,2.105434681488448e-08,6.355954867267586e-18,1.5272009058372396e-12,2.7681311377901334e-19,3.713611153569865e-07,0.07314491446393659,0.0,0.0,0.0,0.0,0.0,0.0,0.0
12.966666666666669,0.56638294,0.062295595823347955,2.743322028530479e-227,1.977013013738526e-08,5.341489352682239e-18,1.3141955856704312e-12,1.9728323707919094e-19,2.8601043548708735e-07,0.06229529004146813,0.0,0.0,0.0,0.0,0.0,0.0,0.0
12.983333333333333,0.55234045,0.052976802799303634,6.984187630690149e-228,1.856406388631842e-08,4.4886547260609065e-18,1.1308371795549482e-12,1.4056874990725876e-19,2.2014300269392732e-07,0.05297656409110621,0.0,0.0,0.0,0.0,0.0,0.0,0.0
13.0,0.5429787,0.04498708261546706,1.7781027854503784e-228,1.7431404389955138e-08,3.771746404338114e-18,9.730084146051385e-13,1.0013445337086043e-19,1.6934399513642794e-07,0.044986895839094515,0.0,0.0,0.0,0.0,0.0,0.0,0.0
13.016666666666667,0.533617,0.038148648864529316,4.526887203457225e-229,1.636769509696815e-08,3.1691398247452296e-18,8.371624738661925e-13,7.131411449175726e-20,1.3019097290217668e-07,0.03814850230502415,0.0,0.0,0.0,0.0,0.0,0.0,0.0
13.033333333333331,0.52893615,0.03230537030076208,1.1525089894341437e-229,1.5368749253014214e-08,2.6626441305745012e-18,7.20244155314472e-13,5.077684544590963e-20,1.0003275774320616e-07,0.032305254898534835,0.0,0.0,0.0,0.0,0.0,0.0,0.0
13.05,0.52893615,0.027320519972685572,2.934207327425969e-230,1.4430633618793477e-08,2.236958025267596e-18,6.1962189832327e-13,3.6145582604070567e-20,7.681710774615507e-08,0.027320428724324584,0.0,0.0,0.0,0.0,0.0,0.0,0.0
13.066666666666666,0.52893615,0.0230746858059296,7.470318027676305e-231,1.3549653167228376e-08,1.8792116795201507e-18,5.330291838668762e-13,2.5724387730377598e-20,5.895653431856468e-08,0.023074613299209082,0.0,0.0,0.0,0.0,0.0,0.0,0.0
13.083333333333334,0.52893615,0.01946384599046295,1.901906634245737e-231,1.2722336701112784e-08,1.5785811121906596e-18,4.5851401942327e-13,1.8303585354912124e-20,4.522390669782614e-08,0.019463788043761036,0.0,0.0,0.0,0.0,0.0,0.0,0.0
13.1,0.52893615,0.016397608346879117,4.84218184104796e-232,1.1945423336091461e-08,1.3259636037528367e-18,3.9439539626836953e-13,1.3020557493962257e-20,3.467129805455845e-08,0.016397561729763328,0.0,0.0,0.0,0.0,0.0,0.0,0.0
13.116666666666667,0.52425534,0.013797609656810067,1.2328061317260575e-232,1.1215849797106594e-08,1.1137045031678886e-18,3.3922575943217905e-13,9.260325426537177e-21,2.6566949606877937e-08,0.013797571873671435,0.0,0.0,0.0,0.0,0.0,0.0,0.0
13.133333333333333,0.52425534,0.01159606858737991,3.138703252106936e-233,1.0530738479550983e-08,9.353673080073795e-19,2.9175866230405e-13,6.584565654264474e-21,2.0346346350418202e-08,0.01159603771000332,0.0,0.0,0.0,0.0,0.0,0.0,0.0
13.15,0.51957446,0.009734484178110745,7.991117200441998e-234,9.887386229271057e-09,7.8554017780612755e-19,2.5092089156944807e-13,4.680941042964169e-21,1.5574274570896553e-08,0.009734458716199023,0.0,0.0,0.0,0.0,0.0,0.0,0.0
13.166666666666666,0.5148936,0.008162470765869336,2.0345412766033647e-234,9.28325379830574e-09,6.596731194281873e-19,2.1578844629372437e-13,3.3269424846208077e-21,1.1915418352131449e-08,0.008162449566981396,0.0,0.0,0.0,0.0,0.0,0.0,0.0
13.183333333333334,0.5102128,0.00683671958948476,5.179970223738388e-235,8.715955935817042e-09,5.539409922719038e-19,1.8556583966078946e-13,2.3640922088122632e-21,9.111590248920888e-09,0.006836701761753009,0.0,0.0,0.0,0.0,0.0,0.0,0.0
13.2,0.5055319,0.005720077045636094,1.3188328781201322e-235,8.183252076094656e-09,4.651282470775635e-19,1.5956826496235366e-13,1.679544163947857e-21,6.964112096111361e-09,0.005720061898112354,0.0,0.0,0.0,0.0,0.0,0.0,0.0
13.216666666666669,0.4961702,0.004780729580231118,3.3577936446704855e-236,7.683037587790353e-09,3.9053195740257677e-19,1.3720623050030312e-13,1.1929637030216119e-21,5.320190767509518e-09,0.004780716576865556,0.0,0.0,0.0,0.0,0.0,0.0,0.0
13.233333333333333,0.48212767,0.003991485426253124,8.549091522265259e-237,7.213335550684894e-09,3.278802464540582e-19,1.1797232248126218e-13,8.471741436379504e-22,4.06239043470301e-09,0.003991474150409166,0.0,0.0,0.0,0.0,0.0,0.0,0.0
13.25,0.47276595,0.0033291437827197845,2.1766452210578885e-237,6.772289028299829e-09,2.752636698967197e-19,1.0142980193027271e-13,6.014903682813835e-22,3.1005031322558256e-09,0.0033291339098261937,0.0,0.0,0.0,0.0,0.0,0.0,0.0
13.266666666666667,0.46340424,0.0027739425229742084,5.541878979616792e-238,6.358153806568137e-09,2.3107750096603473e-19,8.720278215261224e-14,4.269686961424183e-22,2.3652754966519237e-09,0.002773933799457702,0.0,0.0,0.0,0.0,0.0,0.0,0.0
13.283333333333331,0.4493617,0.0023090760857843113,1.4110036197264609e-238,5.969291570553349e-09,1.939731890719034e-19,7.496776821019303e-14,3.03023007381183e-22,1.8035710583618972e-09,0.0023090683128467143,0.0,0.0,0.0,0.0,0.0,0.0,0.0
13.3,0.43531916,0.00192027580919825,3.5925341873108145e-239,5.604163492887496e-09,1.6281753665944167e-19,6.444637001493915e-14,2.1501472850445976e-22,1.3746419966313286e-09,0.0019202688303283138,0.0,0.0,0.0,0.0,0.0,0.0,0.0
13.316666666666666,0.42595744,0.001595445590807987,9.146930400332256e-240,5.2613242091736355e-09,1.3665836947336466e-19,5.539902663321079e-14,1.5253681286585059e-22,1.0472577444422544e-09,0.0015954392821706342,0.0,0.0,0.0,0.0,0.0,0.0,0.0
13.333333333333334,0.41191489,0.0013243463806067019,2.3289036095072772e-240,4.939416157078595e-09,1.1469566935824352e-19,4.761960181110741e-14,1.0819215736154025e-22,7.974948980705397e-10,0.001324340643648027,0.0,0.0,0.0,0.0,0.0,0.0,0.0
13.35,0.39787233,0.001098323620204942,5.929653549344305e-241,4.637164257239862e-09,9.625730205566241e-20,4.0930730061075823e-14,7.672419503591252e-23,6.070371713637643e-10,0.0010983183759625827,0.0,0.0,0.0,0.0,0.0,0.0,0.0
13.366666666666667,0.38851064,0.0009100723247954508,1.5097630187804014e-241,4.353370915417246e-09,8.077860996408267e-20,3.5179809318625714e-14,5.439827506388078e-23,4.6186847481732544e-10,0.0009100675095208806,0.0,0.0,0.0,0.0,0.0,0.0,0.0
13.383333333333333,0.37914893,0.0007534350550667832,3.8440576872265435e-242,4.086911326555937e-09,6.778525558337279e-20,3.023555055008365e-14,3.856158844023709e-23,3.5126880684180554e-10,0.0007534306168564142,0.0,0.0,0.0,0.0,0.0,0.0,0.0
13.4,0.36510637,0.0006232285408569793,9.78751974174842e-243,3.836729062584279e-09,5.687879880492504e-20,2.5985007083320313e-14,2.733017797385238e-23,2.6704324493873096e-10,0.0006232244370586867,0.0,0.0,0.0,0.0,0.0,0.0,0.0
13.416666666666666,0.3557447,0.0005150951942971646,2.492051648363717e-243,3.6018319268616175e-09,4.772457322300076e-20,2.2331017115786783e-14,1.9366382799968128e-23,2.0293026220864116e-10,0.0005150913895126445,0.0,0.0,0.0,0.0,0.0,0.0,0.0
13.433333333333334,0.34638298,0.0004253761866179296,6.345166928769579e-244,3.3812880592146272e-09,4.0041495669348814e-20,1.9190002062766404e-14,1.37206223458042e-23,1.5414791608769572e-10,0.00042537265116276426,0.0,0.0,0.0,0.0,0.0,0.0,0.0
13.45,0.33702126,0.00035100315994455767,1.6155882362760127e-244,3.174222276465926e-09,3.3593501264091736e-20,1.6490071346390645e-14,9.71894412359065e-24,1.170459752004619e-10,0.0003509998686598159,0.0,0.0,0.0,0.0,0.0,0.0,0.0
13.466666666666669,0.33234042,0.0002894060044030698,4.113579752671548e-245,2.9798126342632486e-09,2.8182345159919655e-20,1.4169391067503759e-14,6.88311546408154e-24,8.883939902045825e-11,0.0002894029357368671,0.0,0.0,0.0,0.0,0.0,0.0,0.0
13.483333333333333,0.3229787,0.00023843445342406299,1.0473956416219382e-245,2.7972871968711582e-09,2.3641553290181245e-20,1.2174779898925446e-14,4.87385303272906e-24,6.740425454600501e-11,0.00023843158872043676,0.0,0.0,0.0,0.0,0.0,0.0,0.0
13.5,0.31829786,0.00019629153839402115,2.666878293677961e-246,2.6259210023862215e-09,1.9831339040557862e-20,1.046050062016236e-14,3.450499020472055e-24,5.1121525234282496e-11,0.000196288861341033,0.0,0.0,0.0,0.0,0.0,0.0,0.0
13.516666666666667,0.31361702,0.0001614772001493859,6.79042905872715e-247,2.465033211592245e-09,1.6634331881670465e-20,8.987220092596389e-15,2.442385333763508e-24,3.875763516880799e-11,0.0001614746963495519,0.0,0.0,0.0,0.0,0.0,0.0,0.0
13.533333333333331,0.31361702,0.00013274058174335543,1.7289913245082986e-247,2.3139844293776645e-09,1.39519884954973e-20,7.721114247383948e-15,1.728502196664417e-24,2.937310448450623e-11,0.00013273823837810044,0.0,0.0,0.0,0.0,0.0,0.0,0.0
13.55,0.30893618,0.00010903972698463627,4.4024048892306415e-248,2.172174188304636e-09,1.170157753433773e-20,6.633097909423083e-15,1.2230658449486222e-24,2.2252747380182084e-11,0.00010903753255106747,0.0,0.0,0.0,0.0,0.0,0.0,0.0
13.566666666666666,0.3042553,8.950758495456234e-05,1.1209563789544302e-248,2.0390385845450244e-09,9.81364648349295e-21,5.698162081765366e-15,8.652757946932247e-25,1.6852358447437806e-11,8.950552905792117e-05,0.0,0.0,0.0,0.0,0.0,0.0,0.0
13.583333333333334,0.3042553,7.342337447180741e-05,2.8542302091285946e-249,1.9140480569856555e-09,8.229893676892324e-21,4.894803727940956e-15,6.12046953664992e-25,1.2758012286508865e-11,7.342144766084332e-05,0.0,0.0,0.0,0.0,0.0,0.0,0.0
13.6,0.29957446,6.018849658673047e-05,7.267596910129201e-250,1.796705300860256e-09,6.901380775441815e-21,4.204535168441854e-15,4.32853608459659e-25,9.655007127226372e-12,6.018669022221794e-05,0.0,0.0,0.0,0.0,0.0,0.0,0.0
13.616666666666667,0.29957446,4.930629979630201e-05,1.8505217967954505e-250,1.686543307783753e-09,5.787031328547472e-21,3.611461998227752e-15,3.0607235012454525e-25,7.304178447959029e-12,4.930460594520431e-05,0.0,0.0,0.0,0.0,0.0,0.0,0.0
13.633333333333333,0.29957446,4.03651037647037e-05,4.711933047569639e-251,1.583123524554758e-09,4.852369709631393e-21,3.1019199744664943e-15,2.16388680319884e-25,5.523841987823103e-12,4.0363515114235236e-05,0.0,0.0,0.0,0.0,0.0,0.0,0.0
13.65,0.29957446,3.302397473604332e-05,1.199790840758462e-251,1.4860341235506703e-09,4.068462006920866e-21,2.664162652105025e-15,1.5295827762420737e-25,4.176034532181733e-12,3.3022484523221075e-05,0.0,0.0,0.0,0.0,0.0,0.0,0.0
13.666666666666666,0.29489362,2.7000821192432172e-05,3.0550160171708366e-252,1.3948883779726264e-09,3.411026580577652e-21,2.2880926889188657e-15,1.081035736991185e-25,3.1560342646478297e-12,2.699942314573184e-05,0.0,0.0,0.0,0.0,0.0,0.0,0.0
13.683333333333334,0.29489362,2.206244313934839e-05,7.778985316094194e-253,1.3093231356028724e-09,2.859687150750421e-21,1.9650307269086266e-15,7.638997080795772e-26,2.384382522011124e-12,2.2061131429865232e-05,0.0,0.0,0.0,0.0,0.0,0.0,0.0
13.7,0.29021275,1.8016224033759804e-05,1.9807693875613377e-253,1.2289973851195537e-09,2.39734561360333e-21,1.6875166053129627e-15,5.397124816417994e-26,1.8008125387082505e-12,1.8014993233874627e-05,0.0,0.0,0.0,0.0,0.0,0.0,0.0
13.716666666666669,0.2855319,1.4703202006465362e-05,5.043666656265812e-254,1.1535909093720939e-09,2.0096554243333158e-21,1.4491383910326369e-15,3.8125802650602865e-26,1.359631351542493e-12,1.4702047054475499e-05,0.0,0.0,0.0,0.0,0.0,0.0,0.0
13.733333333333333,0.2855319,1.19922977316627e-05,1.2842817916294814e-254,1.0828030203582536e-09,1.6845794475120439e-21,1.2443853412595075e-15,2.692815066106842e-26,1.026208537848307e-12,1.1991213901189417e-05,0.0,0.0,0.0,0.0,0.0,0.0,0.0
13.75,0.28085107,9.775511002536147e-06,3.2702108651602056e-255,1.0163513709602382e-09,1.4120187481548755e-21,1.0685214546447252e-15,1.9016283220816966e-26,7.743076236947994e-13,9.77449387578904e-06,0.0,0.0,0.0,0.0,0.0,0.0,0.0
13.766666666666667,0.27148935,7.963927607570301e-06,8.327078606709955e-256,9.53970838796157e-10,1.1835009594795897e-21,9.174767335644888e-16,1.342693510806179e-26,5.840587640288677e-13,7.962973051755262e-06,0.0,0.0,0.0,0.0,0.0,0.0,0.0
13.783333333333331,0.2668085,6.4844031915256055e-06,2.120367016939722e-256,8.954124778222283e-10,9.919186807267079e-22,7.877536813907205e-16,9.478963467478861e-27,4.40419219831897e-13,6.483507337840809e-06,0.0,0.0,0.0,0.0,0.0,0.0,0.0
13.8,0.26212767,5.2768120590713005e-06,5.399218175822504e-257,8.404425335850812e-10,8.313098856758066e-22,6.763469041640725e-16,6.690800341575334e-27,3.320047303075284e-13,5.2759712838566375e-06,0.0,0.0,0.0,0.0,0.0,0.0,0.0
13.816666666666666,0.2574468,4.291766887073753e-06,1.3748400309825358e-257,7.888415182708257e-10,6.966736058356085e-22,5.806739834485352e-16,4.7220339036354964e-27,2.5020277564625194e-13,4.290977794772031e-06,0.0,0.0,0.0,0.0,0.0,0.0,0.0
13.833333333333334,0.25276595,3.4887305297658434e-06,3.5008613299049133e-258,7.404033419296631e-10,5.83815230601953e-22,4.985160431066602e-16,3.332072808220015e-27,1.884999958651683e-13,3.4879899374254013e-06,0.0,0.0,0.0,0.0,0.0,0.0,0.0
13.85,0.2480851,2.834453941240912e-06,8.914543106164336e-259,6.949344964741174e-10,4.89216672666381e-22,4.279666530309722e-16,2.3509032148442445e-27,1.41972240566544e-13,2.83375886434423e-06,0.0,0.0,0.0,0.0,0.0,0.0,0.0
13.866666666666667,0.24340425,2.3016850568626666e-06,2.269993975136388e-259,6.522532892536989e-10,4.0992740810555874e-22,3.6738790245501143e-16,1.6584043619820143e-27,1.0689807157413508e-13,2.301032696307953e-06,0.0,0.0,0.0,0.0,0.0,0.0,0.0
13.883333333333333,0.23404256,1.8681025745800418e-06,5.78031821264622e-260,6.121891232023932e-10,3.434730400100925e-22,3.1537263862190467e-16,1.1697203590982897e-27,8.046594131892527e-14,1.8674903046755252e-06,0.0,0.0,0.0,0.0,0.0,0.0,0.0
13.9,0.2293617,1.5154362205890985e-06,1.4719064605589195e-260,5.745818207364315e-10,2.877785716466717e-22,2.707120069841451e-16,8.249167423663696e-28,6.05524243841805e-14,1.5148615779452254e-06,0.0,0.0,0.0,0.0,0.0,0.0,0.0
13.916666666666666,0.22468086,1.2287414954041464e-06,3.7480906858315333e-261,5.392809887506449e-10,2.411040263302698e-22,2.3236754991551903e-16,5.816679680218233e-28,4.555432218331163e-14,1.2282021686287057e-06,0.0,0.0,0.0,0.0,0.0,0.0,0.0
13.933333333333334,0.22,9.958022675095203e-07,9.544240556460975e-262,5.061454222216618e-10,2.0199043014123616e-22,1.994472248605266e-16,4.100885491222189e-28,3.4261599199723614e-14,9.95296087626252e-07,0.0,0.0,0.0,0.0,0.0,0.0,0.0
13.95,0.2106383,8.066390754068724e-07,2.4303793429053244e-262,4.750425440770902e-10,1.6921449190017942e-22,1.7118479227851172e-16,2.890800350726774e-28,2.576125471266602e-14,8.061640069303557e-07,0.0,0.0,0.0,0.0,0.0,0.0,0.0
13.966666666666669,0.20595744,6.531047536752038e-07,6.1888242347137944e-263,4.458478791310924e-10,1.4175058210961873e-22,1.4692210067996065e-16,2.0374971398760904e-28,1.936462371379091e-14,6.526588862845267e-07,0.0,0.0,0.0,0.0,0.0,0.0,0.0
13.983333333333333,0.2012766,5.285521322922598e-07,1.5759543052535032e-263,4.184445600200298e-10,1.187388370400063e-22,1.260938622433531e-16,1.4358691191743085e-28,1.455241560091048e-14,5.281336730537302e-07,0.0,0.0,0.0,0.0,0.0,0.0,0.0
14.0,0.19659574,4.275611705933344e-07,4.013104563852061e-264,3.92722863196532e-10,9.945840262813495e-23,1.0821456944035254e-16,1.0117474566632477e-28,1.0933176959551668e-14,4.2716843668874623e-07,0.0,0.0,0.0,0.0,0.0,0.0,0.0
14.016666666666667,0.19191489,3.4571506216642184e-07,1.021924253674187e-264,3.685797731581684e-10,8.330499112677366e-23,9.28672520764809e-17,7.128026078046966e-29,8.211910191186794e-15,3.4534647408848617e-07,0.0,0.0,0.0,0.0,0.0,0.0,0.0
14.033333333333331,0.18723404,2.794166558530017e-07,2.6023056657236836e-265,3.459185731968895e-10,6.977205633138586e-23,7.969381628336646e-17,5.021191670867742e-29,6.166372743784774e-15,2.790707310337382e-07,0.0,0.0,0.0,0.0,0.0,0.0,0.0
14.05,0.18255319,2.2573804082632902e-07,6.626729933735872e-266,3.2464846105937913e-10,5.843500477870158e-23,6.838674323433981e-17,3.536593497258744e-29,4.629182973187703e-15,2.2541338766769986e-07,0.0,0.0,0.0,0.0,0.0,0.0,0.0
14.066666666666666,0.17787234,1.8229739092132625e-07,1.6874914986838386e-266,3.046841880058623e-10,4.893795397637011e-23,5.868195651976372e-17,2.4906045127099247e-29,3.4743143912298683e-15,1.81992703200324e-07,0.0,0.0,0.0,0.0,0.0,0.0,0.0
14.083333333333334,0.17319149,1.4715819740421394e-07,4.297197030039976e-267,2.8594571984634235e-10,4.098262735197733e-23,5.0352693920468296e-17,1.7537437330178673e-29,2.606905339035108e-15,1.4687224902710952e-07,0.0,0.0,0.0,0.0,0.0,0.0,0.0
14.1,0.16851063,1.1874687578124413e-07,1.0942845952371646e-267,2.683579186195346e-10,3.4319041613233536e-23,4.3204242366886827e-17,1.2347233911284345e-29,1.955572630240208e-15,1.1847851586384769e-07,0.0,0.0,0.0,0.0,0.0,0.0,0.0
14.116666666666667,0.16851063,9.578544086629845e-08,2.786612900574798e-268,2.518502436603742e-10,2.873769761286641e-23,3.706941469187493e-17,8.69192246530142e-30,1.466615692819987e-15,9.553358911895294e-08,0.0,0.0,0.0,0.0,0.0,0.0,0.0
14.133333333333333,0.16382979,7.723653010658918e-08,7.096175281972285e-269,2.363564708781355e-10,2.4063032312387204e-23,3.180466382873332e-17,6.117938022164874e-30,1.0996475756265e-15,7.700017250425878e-08,0.0,0.0,0.0,0.0,0.0,0.0,0.0
14.15,0.15914893,6.22585389490085e-08,1.8070632457806174e-269,2.2181442913843808e-10,2.0147928465961585e-23,2.7286744760581e-17,4.305640803280078e-30,8.243025445469059e-16,6.203672366828074e-08,0.0,0.0,0.0,0.0,0.0,0.0,0.0
14.166666666666666,0.15914893,5.0169031216510704e-08,4.601757115389964e-270,2.0816575270961e-10,1.6869111398693988e-23,2.3409847127413387e-17,3.0298033406172072e-30,6.177557239829562e-16,4.996086482263551e-08,0.0,0.0,0.0,0.0,0.0,0.0,0.0
14.183333333333334,0.15446809,4.041491655602243e-08,1.1718589673501078e-270,1.9535564879677902e-10,1.4123289739587367e-23,2.0083132230248253e-17,2.1317458560637994e-30,4.628550531088509e-16,4.021956042428745e-08,0.0,0.0,0.0,0.0,0.0,0.0,0.0
14.2,0.15446809,3.2548158091879145e-08,2.984202655651002e-271,1.8333267924638063e-10,1.1823920034183916e-23,1.722861748523417e-17,1.4996888956059013e-30,3.467148096915362e-16,3.2364825048689326e-08,0.0,0.0,0.0,0.0,0.0,0.0,0.0
14.216666666666669,0.15446809,2.6205996512364825e-08,7.599457335489029e-272,1.7204855555930054e-10,9.89849451538427e-24,1.4779359387130426e-17,1.054901957265516e-30,2.596569610957596e-16,2.6033947682369193e-08,0.0,0.0,0.0,0.0,0.0,0.0,0.0
14.233333333333333,0.14978723,2.1094860273139518e-08,1.9352547755861358e-272,1.6145794640323617e-10,8.286267549576585e-24,1.2677892924337956e-17,7.419396876362841e-31,1.9441455135989575e-16,2.093340211964383e-08,0.0,0.0,0.0,0.0,0.0,0.0,0.0
14.25,0.14978723,1.69772823410427e-08,4.928275830285809e-273,1.515182968638506e-10,6.936349899458114e-24,1.0874891304032105e-17,5.217603752827713e-31,1.455324348161401e-16,1.6825763887771515e-08,0.0,0.0,0.0,0.0,0.0,0.0,0.0
14.266666666666667,0.14510638,1.366126766237619e-08,1.2550272408821334e-273,1.4218965872056985e-10,5.806111375188847e-24,9.328014931460143e-18,3.668765643227303e-31,1.0891659315438099e-16,1.3519077885411006e-08,0.0,0.0,0.0,0.0,0.0,0.0,0.0
14.283333333333331,0.14510638,1.0991657071557694e-08,3.196042744805035e-274,1.3343453107607258e-10,4.859842034487237e-24,8.000922958504818e-18,2.579381778020597e-31,8.14952894260424e-17,1.0858222450985405e-08,0.0,0.0,0.0,0.0,0.0,0.0,0.0
14.3,0.14510638,8.843116589129394e-09,8.139041839508367e-275,1.2521771070934092e-10,4.067630136213462e-24,6.862424473476297e-18,1.8132532127752147e-31,6.096437620874464e-17,8.717898810593247e-09,0.0,0.0,0.0,0.0,0.0,0.0,0.0
14.316666666666666,0.14042553,7.11444923999069e-09,2.072694298444796e-275,1.1750615156038695e-10,3.40442179943491e-24,5.885749632869076e-18,1.274526416271824e-31,4.5595909474301534e-17,6.996943036948641e-09,0.0,0.0,0.0,0.0,0.0,0.0,0.0
14.333333333333334,0.14042553,5.723982334914338e-09,5.278353699819055e-276,1.1026883279063674e-10,2.849232979596608e-24,5.047923810627407e-18,8.957507208844961e-32,3.4094371389881905e-17,5.613713462981403e-09,0.0,0.0,0.0,0.0,0.0,0.0,0.0
14.35,0.14042553,4.60582881281345e-09,1.3441971906554097e-276,1.0347663489683148e-10,2.384489120380778e-24,4.3292302250550344e-18,6.294682202307065e-32,2.5488687417060287e-17,4.502352148098698e-09,0.0,0.0,0.0,0.0,0.0,0.0,0.0
14.366666666666667,0.14042553,3.7068585606298893e-09,3.423172080226917e-277,9.710222338791814e-11,1.995471821066608e-24,3.7127485526132195e-18,4.422920597065111e-32,1.9051147631612145e-17,3.609756314478073e-09,0.0,0.0,0.0,0.0,0.0,0.0,0.0
14.383333333333333,0.14042553,2.9842461132057337e-09,8.717575695607981e-278,9.111993956427967e-11,1.6698551980752e-24,3.183958798648163e-18,3.1073740715598276e-32,1.4236544709035706e-17,2.8931261562209486e-09,0.0,0.0,0.0,0.0,0.0,0.0,0.0
14.4,0.13574468,2.403486021892774e-09,2.220056182828065e-278,8.550569796658938e-11,1.3973174193760992e-24,2.730401208036683e-18,2.182867421929132e-32,1.0636499278320265e-17,2.3179803105592827e-09,0.0,0.0,0.0,0.0,0.0,0.0,0.0
14.416666666666666,0.13574468,1.936787483095496e-09,5.653708858786627e-279,8.023689008791815e-11,1.1692152384133168e-24,2.341384298692758e-18,1.5332429264368397e-32,7.945191468819597e-18,1.8565505827210006e-09,0.0,0.0,0.0,0.0,0.0,0.0,0.0
14.433333333333334,0.13574468,1.5617763701615605e-09,1.43980655816864e-279,7.529229396738292e-11,9.783113230346244e-25,2.0077342177576235e-18,1.0768240012467911e-32,5.933656629739439e-18,1.4864840682527856e-09,0.0,0.0,0.0,0.0,0.0,0.0,0.0
14.45,0.13574468,1.2604462983198419e-09,3.666705928574544e-280,7.06519893068697e-11,8.185458257330702e-25,1.7215795798580164e-18,7.561866136996549e-33,4.430509671439851e-18,1.1897943028608821e-09,0.0,0.0,0.0,0.0,0.0,0.0,0.0
14.466666666666669,0.13106383,1.018311333838147e-09,9.337900355123726e-281,6.629727777412395e-11,6.848450256174434e-25,1.4761667711729176e-18,5.3096279956420395e-33,3.3074937629298103e-18,9.52014051280362e-10,0.0,0.0,0.0,0.0,0.0,0.0,0.0
14.483333333333333,0.13106383,8.237218950635966e-10,2.3780643681724033e-281,6.22106081760175e-11,5.729610329615917e-25,1.265701411230491e-18,3.7277810994007175e-33,2.468648550433783e-18,7.615112831532286e-10,0.0,0.0,0.0,0.0,0.0,0.0,0.0
14.5,0.13106383,6.673126610158457e-10,6.05618574812768e-282,5.837550620498732e-11,4.793375200316944e-25,1.0852122727008003e-18,2.6169067699192245e-33,1.842193278951622e-18,6.089371518834524e-10,0.0,0.0,0.0,0.0,0.0,0.0,0.0
14.516666666666667,0.13106383,5.415572108087802e-10,1.5423252675849036e-282,5.477650847976719e-11,4.0099725744509914e-25,9.304344820202763e-19,1.8368681336055852e-33,1.3744457844663614e-18,4.867807000241323e-10,0.0,0.0,0.0,0.0,0.0,0.0,0.0
14.533333333333331,0.12638298,4.40408916261137e-10,3.9278415576477536e-283,5.13991006184441e-11,3.3544791896658585e-25,7.977092725440199e-19,1.2891988984477773e-33,1.0252677860252349e-18,3.890098138197155e-10,0.0,0.0,0.0,0.0,0.0,0.0,0.0
14.55,0.12638298,3.590115064468985e-10,1.0003066207803586e-283,4.8229659097853426e-11,2.8060319070774963e-25,6.83897947464317e-19,9.04720477837151e-34,7.646541738936272e-19,3.107818459004927e-10,0.0,0.0,0.0,0.0,0.0,0.0,0.0
14.566666666666666,0.12638298,2.9346588467519403e-10,2.5474960313383143e-284,4.525539666829351e-11,2.347167010268256e-25,5.863080408693462e-19,6.348363601869282e-34,5.701795433920565e-19,2.482104868504127e-10,0.0,0.0,0.0,0.0,0.0,0.0,0.0
14.583333333333334,0.12170213,2.406423426041329e-10,6.487764457667638e-285,4.2464311106577984e-11,1.963266900149612e-25,5.026299497131433e-19,4.454124672064833e-34,4.250869479551389e-19,1.9817803056983782e-10,0.0,0.0,0.0,0.0,0.0,0.0,0.0
14.6,0.12170213,1.9802939470106244e-10,1.6522578064168768e-285,3.9845137103696706e-11,1.6420967486915237e-25,4.308825537162565e-19,3.1247585880991136e-34,3.1685766829093057e-19,1.5818425684962535e-10,0.0,0.0,0.0,0.0,0.0,0.0,0.0
14.616666666666667,0.12170213,1.6361214017870308e-10,4.207864302780804e-286,3.738730109572413e-11,1.373416502267793e-25,3.693665499711861e-19,2.1919185710559524e-34,2.3614117458131015e-19,1.2622483847747108e-10,0.0,0.0,0.0,0.0,0.0,0.0,0.0
14.633333333333333,0.12170213,1.357744230737046e-10,1.0716348039978147e-286,3.50808788582976e-11,1.1486559951109608e-25,3.166244091560929e-19,1.5373987446959784e-34,1.759547455468774e-19,1.0069354372282773e-10,0.0,0.0,0.0,0.0,0.0,0.0,0.0
14.65,0.11702128,1.132201646853877e-10,2.7291855256237515e-287,3.29165556959122e-11,9.606429191813177e-26,2.714060149395792e-19,1.0782093667961558e-34,1.3108491910081047e-19,8.030360858698447e-11,0.0,0.0,0.0,0.0,0.0,0.0,0.0
14.666666666666666,0.11702128,9.491013528587795e-11,6.95057076339985e-288,3.088558906757833e-11,8.03375060770358e-26,2.3263918098121647e-19,7.560916818344632e-35,9.76399751251137e-20,6.402454588802039e-11,0.0,0.0,0.0,0.0,0.0,0.0,0.0
14.683333333333334,0.11702128,8.001115378297685e-11,1.7701457832023432e-288,2.8979773500026772e-11,6.718296084504024e-26,1.9940435397961062e-19,5.301526145718094e-35,7.27154116388253e-20,5.103138001083024e-11,0.0,0.0,0.0,0.0,0.0,0.0,0.0
14.7,0.11234043,6.785528731004703e-11,4.508154084256959e-289,2.7191407648731433e-11,5.618035052233244e-26,1.7091290914366193e-19,3.716915992075835e-35,5.414393742632594e-20,4.066387943625869e-11,0.0,0.0,0.0,0.0,0.0,0.0,0.0
14.716666666666669,0.11234043,5.7907093876756363e-11,1.1481261642107588e-289,2.551326337552203e-11,4.697797965092663e-26,1.4648852853827419e-19,2.6056751659516355e-35,4.0308667282555396e-20,3.239383031443709e-11,0.0,0.0,0.0,0.0,0.0,0.0,0.0
14.733333333333333,0.11234043,4.973733162039645e-11,2.924028612665948e-290,2.3938556719574374e-11,3.928157456416017e-26,1.2555122493983923e-19,1.8264752410840523e-35,3.000357090140237e-20,2.5798774745267247e-11,0.0,0.0,0.0,0.0,0.0,0.0,0.0
14.75,0.11234043,4.300186518903894e-11,7.44688691115123e-291,2.246092064606103e-11,3.284491755143995e-26,1.0760363580797703e-19,1.2801580346479156e-35,2.2329243574628025e-20,2.0540944413045e-11,0.0,0.0,0.0,0.0,0.0,0.0,0.0
14.766666666666667,0.11234043,3.742474742161316e-11,1.8965706753845135e-291,2.1074379463822942e-11,2.746200705257193e-26,9.22192651823203e-20,8.971601096196233e-36,1.661507415841701e-20,1.6350367848955854e-11,0.0,0.0,0.0,0.0,0.0,0.0,0.0
14.783333333333331,0.10765957,3.2784654153819916e-11,4.830192409415141e-292,1.9773324810027177e-11,2.296049550413455e-26,7.903239698449787e-20,6.286851246091413e-36,1.236113655289617e-20,1.3011329252399186e-11,0.0,0.0,0.0,0.0,0.0,0.0,0.0
14.8,0.10765957,2.890401089493388e-11,1.2301581651499813e-292,1.8552493106015113e-11,1.9196196841680526e-26,6.77294424115903e-20,4.405077558693582e-36,9.194815150642873e-21,1.0351517711994493e-11,0.0,0.0,0.0,0.0,0.0,0.0,0.0
14.816666666666666,0.10765957,2.56402797523719e-11,3.132987009105249e-293,1.7406944394386838e-11,1.6048489485128128e-26,5.804151776147474e-20,3.086251839938174e-36,6.838434683695986e-21,8.233335293105094e-12,0.0,0.0,0.0,0.0,0.0,0.0,0.0
14.833333333333334,0.10765957,2.287897936625114e-11,7.979163202369251e-294,1.6332042472848265e-11,1.341646896422663e-26,4.973807791800354e-20,2.162055668178913e-36,5.08510728881237e-21,6.546936838579677e-12,0.0,0.0,0.0,0.0,0.0,0.0,0.0
14.85,0.10765957,2.052809463685401e-11,2.0321567815948212e-294,1.5323436245516623e-11,1.1215728067940781e-26,4.262145551936005e-20,1.5144689238834583e-36,3.780714312702606e-21,5.204658344935206e-12,0.0,0.0,0.0,0.0,0.0,0.0,0.0
14.866666666666667,0.10765957,1.8513600628920338e-11,5.175569895655977e-295,1.4377042217206751e-11,9.375662272707479e-27,3.6522177114674847e-20,1.060747749748141e-36,2.8104672282553492e-21,4.136558372380932e-12,0.0,0.0,0.0,0.0,0.0,0.0,0.0
14.883333333333333,0.10765957,1.6775879404905697e-11,1.3181360722411997e-295,1.3489028060777895e-11,7.837214845821006e-27,3.1294945879753985e-20,7.428863900526827e-37,2.0888858318187234e-21,3.286851310743962e-12,0.0,0.0,0.0,0.0,0.0,0.0,0.0
14.9,0.10297872,1.526685224750623e-11,3.3570932715189135e-296,1.2655797191881552e-11,6.550989955938413e-27,2.681519613911051e-20,5.2022531719208085e-37,1.552326178564085e-21,2.6110550272571505e-12,0.0,0.0,0.0,0.0,0.0,0.0,0.0
14.916666666666666,0.10297872,1.3947684856250069e-11,8.550030441921799e-297,1.1873974289467102e-11,5.475673792324891e-27,2.297613839524789e-20,3.642668334126026e-37,1.1534105883214047e-21,2.0737105426534115e-12,0.0,0.0,0.0,0.0,0.0,0.0,0.0
14.933333333333334,0.10297872,1.2786951318517777e-11,2.177574393608959e-297,1.1140391704160421e-11,4.5767134659902915e-27,1.9686225111860417e-20,2.5503929893065658e-37,8.568762992506757e-22,1.6465595938142497e-12,0.0,0.0,0.0,0.0,0.0,0.0,0.0
14.95,0.10297872,1.175916531236621e-11,5.545994353246353e-298,1.045207670017217e-11,3.825211647729149e-27,1.6866977405692418e-20,1.785476634637538e-37,6.364820111288182e-22,1.3070885946905791e-12,0.0,0.0,0.0,0.0,0.0,0.0,0.0
14.966666666666669,0.09829787,1.0843605185176476e-11,1.412495012271912e-298,9.806239479706665e-12,3.1970017485629264e-27,1.4451121304109715e-20,1.2498591819702972e-37,4.72703151890105e-22,1.0373656905459833e-12,0.0,0.0,0.0,0.0,0.0,0.0,0.0
14.983333333333333,0.09829787,1.0023374145102268e-11,3.59745604488697e-299,9.200261941965712e-12,2.671874183612611e-27,1.2380989521289085e-20,8.748389355718566e-38,3.5101507771890245e-22,8.231121904045481e-13,0.0,0.0,0.0,0.0,0.0,0.0,0.0
15.0,0.09829787,9.284648507387577e-12,9.162313312303028e-300,8.631687131762474e-12,2.2329290622533122e-27,1.060715096621215e-20,6.122876226201417e-38,2.6061445249580294e-22,6.529613647573362e-13,0.0,0.0,0.0,0.0,0.0,0.0,0.0
15.016666666666667,0.09829787,8.616076323024572e-12,2.333543204384692e-300,8.098209335517732e-12,1.86603466737408e-27,9.087235567259396e-21,4.284927386555077e-38,1.9346713717271626e-22,5.17866978226138e-13,0.0,0.0,0.0,0.0,0.0,0.0,0.0
15.033333333333331,0.09361702,8.008296239962983e-12,5.943299469732469e-301,7.597664784983847e-12,1.5593744518197618e-27,7.784926607044205e-21,2.998418933536026e-38,1.435993345108074e-22,4.1063144705060853e-13,0.0,0.0,0.0,0.0,0.0,0.0,0.0
15.05,0.09361702,7.45355247478598e-12,1.5137021863743862e-301,7.128022931471284e-12,1.3030680971748403e-27,6.669096715469518e-21,2.0979844337309747e-38,1.0656993070739691e-22,3.2552953653902773e-13,0.0,0.0,0.0,0.0,0.0,0.0,0.0
15.066666666666666,0.08893617,6.945386600892564e-12,3.855265701753869e-302,6.68737825562804e-12,1.0888545381343306e-27,5.7130670616073655e-21,1.4678225683816197e-38,7.90777836533953e-23,2.5800833947237736e-13,0.0,0.0,0.0,0.0,0.0,0.0,0.0
15.083333333333334,0.08893617,6.478390725218541e-12,9.81904474348911e-303,6.2739425799552635e-12,9.098268295058434e-28,4.893972195614212e-21,1.0268486853724445e-38,5.866949522330473e-23,2.0444814031063536e-13,0.0,0.0,0.0,0.0,0.0,0.0,0.0
15.1,0.08893617,6.048009720124397e-12,2.5008359698209864e-303,5.8860378532555775e-12,7.602103849660551e-28,4.192215488916668e-21,7.182922372380828e-39,4.3521993016423e-23,1.6197186263308124e-13,0.0,0.0,0.0,0.0,0.0,0.0,0.0
15.116666666666667,0.08893617,5.650382653385529e-12,6.3694541409338895e-304,5.522089378088938e-12,6.351774994225103e-28,3.591002263000433e-21,5.0240963878356174e-39,3.228079744979206e-23,1.2829327167330732e-13,0.0,0.0,0.0,0.0,0.0,0.0,0.0
15.133333333333333,0.084255315,5.2822155401745875e-12,1.6222592477722092e-304,5.18061945408447e-12,5.306922240886789e-28,3.075939534735428e-21,3.5138001437134366e-39,2.3939731855679524e-23,1.0159608299023683e-13,0.0,0.0,0.0,0.0,0.0,0.0,0.0
15.15,0.084255315,4.940679125118153e-12,4.131800401287661e-305,4.860241411614849e-12,4.4338063188583e-28,2.634692882477231e-21,2.457302861482445e-39,1.7751470701839145e-23,8.043771085085953e-14,0.0,0.0,0.0,0.0,0.0,0.0,0.0
15.166666666666666,0.084255315,4.623326669045192e-12,1.0523481352817548e-305,4.5596540119022475e-12,3.704223212961843e-28,2.256692289331992e-21,1.7183161979153614e-39,1.3161030892231884e-23,6.367265487309027e-14,0.0,0.0,0.0,0.0,0.0,0.0,0.0
15.183333333333334,0.084255315,4.3280277273183804e-12,2.680282443201835e-306,4.277636191086977e-12,3.0945968505440127e-28,1.932879979782575e-21,1.2014632133357405e-39,9.756329520685441e-24,5.0391534288766e-14,0.0,0.0,0.0,0.0,0.0,0.0,0.0
15.2,0.079574466,4.052914715480479e-12,6.8265724968468956e-307,4.013042127167421e-12,2.585220376350702e-28,1.6554942606892825e-21,8.400034987524522e-40,7.231434592848933e-24,3.9872586650332197e-14,0.0,0.0,0.0,0.0,0.0,0.0,0.0
15.216666666666669,0.079574466,3.796339704059336e-12,1.7387048566196621e-307,3.764796610008737e-12,2.159621704182937e-28,1.4178842309334424e-21,5.87239363804513e-40,5.3592544472678e-24,3.154309262735546e-14,0.0,0.0,0.0,0.0,0.0,0.0,0.0
15.233333333333333,0.079574466,3.556839400372992e-12,4.428432599616952e-308,3.53189069583231e-12,1.8040330080209436e-28,1.2143509557979769e-21,4.1049974730888154e-40,3.9712448108184106e-24,2.4948703322360032e-14,0.0,0.0,0.0,0.0,0.0,0.0,0.0
15.25,0.079574466,3.333106687155695e-12,1.12791200348994e-308,3.31337762873352e-12,1.506947140238808e-28,1.040011329827901e-21,2.8692904929880344e-40,2.9423325989324374e-24,1.972905737922155e-14,0.0,0.0,0.0,0.0,0.0,0.0,0.0
15.266666666666667,0.074893616,3.1239674166899713e-12,2.872773602712793e-309,3.108369012847137e-12,1.2587467464174627e-28,8.90681390208476e-22,2.005396505008729e-40,2.1797171043274615e-24,1.5598402949973163e-14,0.0,0.0,0.0,0.0,0.0,0.0,0.0
15.283333333333331,0.074893616,2.928361421582384e-12,7.31692467438024e-310,2.916031219779773e-12,1.0513941736849811e-28,7.627763043365172e-22,1.4014910018085951e-40,1.614552631935273e-24,1.2330201038220423e-14,0.0,0.0,0.0,0.0,0.0,0.0,0.0
15.3,0.074893616,2.745326912742409e-12,1.86361742516473e-310,2.735582016872965e-12,8.781722166564413e-29,6.532246511547426e-22,9.79365754583223e-41,1.1957721195829487e-24,9.74489521502327e-15,0.0,0.0,0.0,0.0,0.0,0.0,0.0
15.316666666666666,0.074893616,2.573987602196334e-12,4.7466360451863e-311,2.5662874027446104e-12,7.334673739724093e-29,5.593949553166061e-22,6.843279325122639e-41,8.855013173222017e-25,7.700198891443371e-15,0.0,0.0,0.0,0.0,0.0,0.0,0.0
15.333333333333334,0.074893616,2.413542021636396e-12,1.208971578756e-311,2.407458637385199e-12,6.12588651100871e-29,4.790327243764518e-22,4.78132851211179e-41,6.556544262156089e-25,6.0833837715082894e-15,0.0,0.0,0.0,0.0,0.0,0.0,0.0
15.35,0.074893616,2.263254613901974e-12,3.079266193947e-312,2.258449454867322e-12,5.116160849570736e-29,4.102064888442992e-22,3.340396909218726e-41,4.854071858661454e-25,4.805158623959928e-15,0.0,0.0,0.0,0.0,0.0,0.0,0.0
15.366666666666667,0.074893616,2.1224482593592056e-12,7.8429483928e-313,2.1186534474564673e-12,4.272741193864839e-29,3.512615590055738e-22,2.3335275999901015e-41,3.593215288944936e-25,3.794811551117604e-15,0.0,0.0,0.0,0.0,0.0,0.0,0.0
15.383333333333333,0.074893616,1.990497966751721e-12,1.9976180674e-313,1.9875016105999345e-12,3.5682575810490636e-29,3.0078039595526303e-22,1.6300217345155865e-41,2.659539968590767e-25,2.9963558507401996e-15,0.0,0.0,0.0,0.0,0.0,0.0,0.0
15.4,0.074893616,1.8668255120081643e-12,5.087993296e-314,1.864460038914544e-12,2.979840887729994e-29,2.5754865167419706e-22,1.138517306342035e-41,1.968232756168173e-25,2.365472835874993e-15,0.0,0.0,0.0,0.0,0.0,0.0,0.0
15.416666666666666,0.074893616,1.7508948514917704e-12,1.2959300863e-314,1.7490277639004103e-12,2.4883832982251384e-29,2.205260679124245e-22,7.951551341938931e-42,1.4564428307702969e-25,1.8670873706884462e-15,0.0,0.0,0.0,0.0,0.0,0.0,0.0
15.433333333333334,0.074893616,1.6422081704733846e-12,3.300787615e-315,1.640734724675677e-12,2.0779201828798396e-29,1.8882153933594236e-22,5.553033424878008e-42,1.0776007358211321e-25,1.4734456087782944e-15,0.0,0.0,0.0,0.0,0.0,0.0,0.0
15.45,0.074893616,1.5403024549718165e-12,8.40726144e-316,1.5391398635617422e-12,1.7351134715835302e-29,1.6167174558191304e-22,3.877707931832616e-42,7.972052674322577e-26,1.162591248322683e-15,0.0,0.0,0.0,0.0,0.0,0.0,0.0
15.466666666666669,0.074893616,1.4447464969390952e-12,2.14137384e-316,1.4438293388487183e-12,1.4488198713551672e-29,1.3842284190433297e-22,2.7076123477365065e-42,5.896993804181577e-26,9.171579518949473e-16,0.0,0.0,0.0,0.0,0.0,0.0,0.0
15.483333333333333,0.074893616,1.3551382601994896e-12,5.454203e-317,1.3544148475421647e-12,1.2097300062161167e-29,1.18514770995009e-22,1.89044764837759e-42,4.36153939014669e-26,7.23412538766444e-16,0.0,0.0,0.0,0.0,0.0,0.0,0.0
15.5,0.074893616,1.2711025484713845e-12,1.3892207e-317,1.2705320513327027e-12,1.0100668399381735e-29,1.0146782106247375e-22,1.3198050785005394e-42,3.225506505499568e-26,5.704970371817661e-16,0.0,0.0,0.0,0.0,0.0,0.0,0.0
15.516666666666667,0.07021277,1.192288927927761e-12,3.53844e-318,1.1918390994459374e-12,8.433336507914936e-30,8.687110882854932e-23,9.213446055974133e-43,2.385093541741325e-26,4.498283949288093e-16,0.0,0.0,0.0,0.0,0.0,0.0,0.0
15.533333333333331,0.07021277,1.1183698656475544e-12,9.01265e-319,1.1180152424180144e-12,7.041034232820894e-30,7.437271202979898e-23,6.4313441724534616e-43,1.763447982037644e-26,3.5462315514963755e-16,0.0,0.0,0.0,0.0,0.0,0.0,0.0
15.55,0.07021277,1.0490390524339363e-12,2.29563e-319,1.0487595312083704e-12,5.87842856250383e-30,6.367121538103731e-23,4.488993174056125e-43,1.303676990883856e-26,2.7952116188146416e-16,0.0,0.0,0.0,0.0,0.0,0.0,0.0
15.566666666666666,0.07021277,9.84009884183868e-13,5.8473e-320,9.83789596404008e-13,4.9076530239752694e-30,5.450846770521285e-23,3.1330250300894716e-43,9.636688507620611e-27,2.2028772534179543e-16,0.0,0.0,0.0,0.0,0.0,0.0,0.0
15.583333333333334,0.07021277,9.230140805739875e-13,1.489e-320,9.22840502591115e-13,4.097078871252046e-30,4.6663376860716336e-23,2.1864859682865233e-43,7.122565881037501e-27,1.7357793620205928e-16,0.0,0.0,0.0,0.0,0.0,0.0,0.0
15.6,0.07021277,8.658004235111585e-13,3.79e-321,8.656636732728785e-13,3.420288344668339e-30,3.99465938916638e-23,1.5258000275501238e-43,5.26376288271234e-27,1.3675019832814188e-16,0.0,0.0,0.0,0.0,0.0,0.0,0.0
15.616666666666667,0.06553192,8.121336007609312e-13,9.73e-322,8.120258819952597e-13,2.8552167989855653e-30,3.4195959078203764e-23,1.0646744142064592e-43,3.889624705787085e-27,1.0771873147165125e-16,0.0,0.0,0.0,0.0,0.0,0.0,0.0
15.633333333333333,0.06553192,7.617931425616157e-13,2.4e-322,7.617083056094341e-13,2.383435949006719e-30,2.9272600778659615e-23,7.428557197933478e-44,2.8738954909299445e-27,8.483692290624882e-17,0.0,0.0,0.0,0.0,0.0,0.0,0.0
15.65,0.06553192,7.145724409684634e-13,6e-323,7.145056358491358e-13,1.9895550381235484e-30,2.5057593566505457e-23,5.182755958354085e-44,2.123178337215588e-27,6.680509426793204e-17,0.0,0.0,0.0,0.0,0.0,0.0,0.0
15.666666666666666,0.06553192,6.702778432453345e-13,1e-323,6.702252456362114e-13,1.660720544390883e-30,2.1449095544847537e-23,3.615645626389971e-44,1.5683917562243446e-27,5.2597587672458864e-17,0.0,0.0,0.0,0.0,0.0,0.0,0.0
15.683333333333334,0.06553192,5.778060012545792e-08,0.0,6.286864067476147e-13,1.3861982228502267e-30,1.8359896187724824e-23,2.522202448118312e-44,1.1584453143212194e-27,4.140513568152792e-17,5.7779971397646015e-08,0.0,0.0,0.0,0.0,0.0,0.0
15.7,0.06553192,2.5274169254518506e-06,0.0,5.897195556841951e-13,1.1570239444000903e-30,1.571531588457025e-23,1.759313307422114e-44,8.555586112589833e-28,3.258932016950476e-17,2.5274163356997058e-06,0.0,0.0,0.0,0.0,0.0,0.0
15.716666666666669,0.06553192,2.1432580539588018e-05,0.0,5.531656047754078e-13,9.657120162016351e-31,1.345140678571339e-23,1.2270881585031205e-44,6.317970146694972e-28,2.5646591103031786e-17,2.1432579986396767e-05,0.0,0.0,0.0,0.0,0.0,0.0
15.733333333333333,0.06553192,9.284511001010421e-05,0.0,5.188752957366037e-13,8.06011528076929e-31,1.1513411763768582e-23,8.558109645584574e-45,4.66508188726642e-28,2.0179843809283013e-17,9.284510949120874e-05,0.0,0.0,0.0,0.0,0.0,0.0
15.75,0.060851064,0.0002783563574992329,0.0,4.867085930661946e-13,6.727028234987916e-31,9.854444490205276e-24,5.968285649881123e-45,3.444254191505517e-28,1.5875971145204947e-17,0.0002783563570125084,0.0,0.0,0.0,0.0,0.0,0.0
15.766666666666667,0.060851064,0.0006612100970992589,0.0,4.565341148309828e-13,5.614274926873495e-31,8.434358926003828e-24,4.1618957453138974e-45,2.5426446053488017e-28,1.2488137840942495e-17,0.0006612100966427124,0.0,0.0,0.0,0.0,0.0,0.0
15.783333333333331,0.060851064,0.001337540793347429,0.0,4.282285985381706e-13,4.685463708878576e-31,7.218781066453254e-24,2.9020360404489527e-45,1.8768561393795788e-28,9.821786224472992e-18,0.0013375407929191905,0.0,0.0,0.0,0.0,0.0,0.0
15.8,0.060851064,0.0024055081634472802,0.0,4.016763999342638e-13,3.910209321305886e-31,6.1782796713888874e-24,2.0234132063803548e-45,1.3852605931885155e-28,7.723589857253924e-18,0.002405508163045596,0.0,0.0,0.0,0.0,0.0,0.0
15.816666666666666,0.060851064,0.003954601250989494,0.0,3.7676902270393197e-13,3.263142269324158e-31,5.287656046359599e-24,1.4107065955182823e-45,1.022321407309013e-28,6.072735674049779e-18,0.003954601250612719,0.0,0.0,0.0,0.0,0.0,0.0
15.833333333333334,0.056170214,0.006056639508870154,0.0,3.5340467716609397e-13,2.7230814596608947e-31,4.5253357970537216e-24,9.834659183775618e-46,7.543957219178721e-29,4.7740450237217405e-18,0.006056639508516745,0.0,0.0,0.0,0.0,0.0,0.0
15.85,0.056170214,0.008759293887292232,0.0,3.314878661819871e-13,2.272343211557983e-31,3.8728479270972394e-24,6.855712452908167e-46,5.56630589271267e-29,3.752546684864454e-18,0.00875929388696074,0.0,0.0,0.0,0.0,0.0,0.0
15.866666666666667,0.056170214,0.012082389630537312,0.0,3.109289965992947e-13,1.8961641805501743e-31,3.3143787465514555e-24,4.778776239946319e-46,4.106684239628598e-29,2.9491961331918404e-18,0.01208238963022638,0.0,0.0,0.0,0.0,0.0,0.0
15.883333333333333,0.056170214,0.016016856389711606,0.0,2.916440146597891e-13,1.58221943023954e-31,2.8363898552793138e-24,3.3308247165886476e-46,3.0295089612681706e-29,2.3174995448616407e-18,0.01601685638941996,0.0,0.0,0.0,0.0,0.0,0.0
15.9,0.056170214,0.02052594567454514,0.0,2.735540638944666e-13,1.3202199759556288e-31,2.427291004777711e-24,2.321442870013128e-46,2.234653299258598e-29,1.8208517785739188e-18,0.020525945674271583,0.0,0.0,0.0,0.0,0.0,0.0
15.916666666666666,0.056170214,0.025548211672558226,0.0,2.565851641210146e-13,1.1015767049139714e-31,2.077159960949764e-24,1.61783980556571e-46,1.648182646654212e-29,1.430437698345368e-18,0.02554821167230164,0.0,0.0,0.0,0.0,0.0,0.0
15.933333333333334,0.060851064,0.03100171738115976,0.0,2.4066791024358693e-13,9.191197336808443e-32,1.7775026201742977e-24,1.1274167498676047e-46,1.2155087298083159e-29,1.1235779023376825e-18,0.031001717380919093,0.0,0.0,0.0,0.0,0.0,0.0
15.95,0.060851064,0.03678895491413908,0.0,2.257371896349764e-13,7.668640652088879e-32,1.5210475989904804e-24,7.856064715523625e-47,8.963315294150827e-30,8.824249715003848e-19,0.036788954913913346,0.0,0.0,0.0,0.0,0.0,0.0
15.966666666666669,0.060851064,0.04280203285599616,0.0,2.11731916956129e-13,6.398139127313833e-32,1.3015703469278812e-24,5.4739065367377e-47,6.609024976039088e-30,6.92936138306247e-19,0.042802032855784426,0.0,0.0,0.0,0.0,0.0,0.0
15.983333333333333,0.060851064,0.04892776624709787,0.0,1.9859478533859587e-13,5.337993151400573e-32,1.1137425423588249e-24,3.813832457665773e-47,4.872642184952039e-30,5.440639029173866e-19,0.04892776624689927,0.0,0.0,0.0,0.0,0.0,0.0
16.0,0.06553192,0.05505239290762268,0.0,1.86272032921441e-13,4.4533971884506956e-32,9.530031397452574e-25,2.657038824343287e-47,3.592115838206598e-30,4.271184637946331e-19,0.0550523929074364,0.0,0.0,0.0,0.0,0.0,0.0
16.016666666666666,0.06553192,0.06106572440911387,0.0,1.747132237963911e-13,3.7153007857258107e-32,8.154479578974547e-25,1.850999903641369e-47,2.6478605223737725e-30,3.352655718037993e-19,0.061065724408939155,0.0,0.0,0.0,0.0,0.0,0.0
16.033333333333335,0.07021277,0.06686461560176164,0.0,1.6387104247305408e-13,3.0994576253265575e-32,6.977351453482009e-25,1.2893987522809398e-47,1.9516372833830737e-30,2.6313110668955206e-19,0.06686461560159777,0.0,0.0,0.0,0.0,0.0,0.0
16.05,0.074893616,0.07235570034289884,0.0,1.537011010308664e-13,2.585631596645606e-32,5.970042413949364e-25,8.981328785951822e-48,1.4383434711266303e-30,2.0648974359880411e-19,0.07235570034274515,0.0,0.0,0.0,0.0,0.0,0.0
16.066666666666666,0.074893616,0.07745739196797662,0.0,1.4416175817558008e-13,2.1569339809420687e-32,5.108068789441369e-25,6.255565707647519e-48,1.0599512010710987e-30,1.620198659781355e-19,0.07745739196783245,0.0,0.0,0.0,0.0,0.0,0.0
16.083333333333332,0.084255315,0.08210118539227572,0.0,1.3521394946641405e-13,1.799270111205008e-32,4.3704745587703735e-25,4.356777436560078e-48,7.810326050508983e-31,1.271106590146583e-19,0.08210118539214051,0.0,0.0,0.0,0.0,0.0,0.0
16.1,0.084255315,0.08623232461961004,0.0,1.26821028025028e-13,1.5008774384766996e-32,3.739323419770508e-25,3.0341503124431327e-48,5.754568263703416e-31,9.971029766863511e-20,0.08623232461948323,0.0,0.0,0.0,0.0,0.0,0.0
16.116666666666667,0.08893617,0.0898099163904818,0.0,1.189486150800196e-13,1.2519399158802923e-32,3.199263942922694e-25,2.1129143065334812e-48,4.239521824319315e-31,7.820649339717977e-20,0.08980991639036286,0.0,0.0,0.0,0.0,0.0,0.0
16.133333333333333,0.09361702,0.0928065794333431,0.0,1.1156445974033178e-13,1.0442661005341811e-32,2.7371573009563255e-25,1.4712954459609485e-48,3.123070637070972e-31,6.133251668878887e-20,0.09280657943323153,0.0,0.0,0.0,0.0,0.0,0.0
16.15,0.09361702,0.0952077209973196,0.0,1.0463830742844033e-13,8.710204522232143e-33,2.341758575884262e-25,1.0244511461792227e-48,2.3004234978850207e-31,4.809327338857314e-20,0.09520772099721496,0.0,0.0,0.0,0.0,0.0,0.0
16.166666666666668,0.09829787,0.09701052963978204,0.0,9.814177643912753e-14,7.264990436991067e-33,2.0034439379876175e-25,7.132735313370932e-49,1.694318644634355e-31,3.7707164290712725e-20,0.0970105296396839,0.0,0.0,0.0,0.0,0.0,0.0
16.183333333333334,0.09829787,0.09822276703610723,0.0,9.204824212265366e-14,6.059423472556664e-33,1.7139770986635662e-25,4.965861409540817e-49,1.2477970083728526e-31,2.9560364968180876e-20,0.09822276703601518,0.0,0.0,0.0,0.0,0.0,0.0
16.2,0.09829787,0.09886143308135639,0.0,8.633272822192404e-14,5.053789729211999e-33,1.46630938741177e-25,3.4570594572865336e-49,9.188710979106398e-32,2.3170877884452268e-20,0.09886143308127006,0.0,0.0,0.0,0.0,0.0,0.0
16.216666666666665,0.09829787,0.09895136875730279,0.0,8.097180492232598e-14,4.2149524462998326e-33,1.2544086153916982e-25,2.4065395642430998e-49,6.765926690309448e-32,1.816027219359592e-20,0.09895136875722181,0.0,0.0,0.0,0.0,0.0,0.0
16.233333333333334,0.09829787,0.09852385092870103,0.0,7.594349320001268e-14,3.515263449814317e-33,1.0731125834739575e-25,1.6751480662024964e-49,4.981524498551168e-32,1.4231470398506683e-20,0.09852385092862509,0.0,0.0,0.0,0.0,0.0,0.0
16.25,0.09829787,0.09761522300622257,0.0,7.122717508001149e-14,2.9316546416153788e-33,9.18003688286992e-26,1.1659705071379575e-49,3.6674126477564073e-32,1.1151290535275385e-20,0.09761522300615134,0.0,0.0,0.0,0.0,0.0,0.0
16.266666666666666,0.09829787,0.09626559570121042,0.0,6.680350943941573e-14,2.4448797724564346e-33,7.853015897619232e-26,8.115144044126959e-50,2.699728233677756e-32,8.73672776411094e-21,0.09626559570114361,0.0,0.0,0.0,0.0,0.0,0.0
16.283333333333335,0.09361702,0.0945176431908511,0.0,6.265435301347161e-14,2.0388816560526323e-33,6.717713403959638e-26,5.647800335471391e-50,1.987207945725235e-32,6.844175928597676e-21,0.09451764319078844,0.0,0.0,0.0,0.0,0.0,0.0
16.3,0.09361702,0.09241551208882717,0.0,5.876268628340006e-14,1.7002640852169857e-33,5.746447504054104e-26,3.9304022628917423e-50,1.4626142842097942e-32,5.360960216344139e-21,0.09241551208876841,0.0,0.0,0.0,0.0,0.0,0.0
16.316666666666666,0.08893617,0.09000385376287541,0.0,5.5112543944626825e-14,1.4178511374696385e-33,4.915530831412787e-26,2.735075763848646e-50,1.0764150595398632e-32,4.198686306441583e-21,0.0900038537628203,0.0,0.0,0.0,0.0,0.0,0.0
16.333333333333332,0.08893617,0.08732698477462093,0.0,5.168894967266357e-14,1.182319418214919e-33,4.20469449312422e-26,1.9031654420087117e-50,7.921244284185958e-33,3.2880170392660732e-21,0.08732698477456924,0.0,0.0,0.0,0.0,0.0,0.0
16.35,0.084255315,0.0844281755054336,0.0,4.847785492131501e-14,9.858911779071861e-34,3.5965950331354467e-26,1.3242155224306349e-50,5.828690045793416e-33,2.5745707727984126e-21,0.08442817550538513,0.0,0.0,0.0,0.0,0.0,0.0
16.366666666666667,0.079574466,0.08134906330649112,0.0,4.546608150424346e-14,8.220782335371764e-34,3.0763924595415394e-26,9.213314182970529e-51,4.28857147443877e-33,2.015700987692655e-21,0.08134906330644566,0.0,0.0,0.0,0.0,0.0,0.0
16.383333333333333,0.079574466,0.07812918368059024,0.0,4.264126772627979e-14,6.85468289347222e-34,2.631389099772527e-26,6.409856239425997e-51,3.155140490992298e-33,1.5779681447001775e-21,0.0781291836805476,0.0,0.0,0.0,0.0,0.0,0.0
16.4,0.074893616,0.07480561096390193,0.0,3.999181784527826e-14,5.715466412900938e-34,2.2507205209875153e-26,4.459190465120608e-51,2.321075832831217e-33,1.2351552551769496e-21,0.07480561096386193,0.0,0.0,0.0,0.0,0.0,0.0
16.416666666666668,0.074893616,0.07141269861918423,0.0,3.750685465883012e-14,4.765474097653306e-34,1.9250910144607752e-26,3.101981513477418e-51,1.707358625314395e-33,9.667104389447325e-22,0.07141269861914672,0.0,0.0,0.0,0.0,0.0,0.0
16.433333333333334,0.07021277,0.06798190847037978,0.0,3.5176175022835335e-14,3.973294135101199e-34,1.6465472227474702e-26,2.157734270904423e-51,1.255813615307425e-33,7.565247567216934e-22,0.0679819084703446,0.0,0.0,0.0,0.0,0.0,0.0
16.45,0.07021277,0.0645417178993439,0.0,3.299020812084102e-14,3.3127260583377826e-34,1.408284413030163e-26,1.5008331265897412e-51,9.236147215609203e-34,5.919732675032977e-22,0.06454171789931092,0.0,0.0,0.0,0.0,0.0,0.0
16.466666666666665,0.06553192,0.061117594093878895,0.0,3.0939976314228425e-14,2.7619166909732154e-34,1.2044806916152885e-26,1.0438609915100849e-51,6.792379496623716e-34,4.631627166217004e-22,0.061117594093847954,0.0,0.0,0.0,0.0,0.0,0.0
16.483333333333334,0.060851064,0.05773202479676431,0.0,2.9017058413811584e-14,2.3026392651656417e-34,1.0301551321982e-26,7.259870336523157e-52,4.994806686845752e-34,3.623414064255854e-22,0.05773202479673529,0.0,0.0,0.0,0.0,0.0,0.0
16.5,0.060851064,0.0544045955829777,0.0,2.7213555223247316e-14,1.9196920043518538e-34,8.810463706342979e-27,5.048834242774292e-52,3.6726646997550627e-34,2.8343634575361585e-22,0.05440459558295049,0.0,0.0,0.0,0.0,0.0,0.0
16.516666666666666,0.056170214,0.05115210442194853,0.0,2.5522057213889704e-14,1.6003963855507516e-34,7.535087155647396e-27,3.510989513552471e-52,2.7002870717053456e-34,2.216902729508739e-22,0.05115210442192301,0.0,0.0,0.0,0.0,0.0,0.0
16.533333333333335,0.056170214,0.047988705108954206,0.0,2.3935614199385803e-14,1.3341785706947776e-34,6.444232493645767e-27,2.4414297946400828e-52,1.9852027027294667e-34,1.733770377222271e-22,0.047988705108930274,0.0,0.0,0.0,0.0,0.0,0.0
16.55,0.05148936,0.0449260720295216,0.0,2.2447706886438838e-14,1.1122202294144672e-34,5.5112175779052e-27,1.697599946816253e-52,1.4593727913780028e-34,1.3557845381289524e-22,0.04492607202949915,0.0,0.0,0.0,0.0,0.0,0.0
16.566666666666666,0.04680851,0.04197357961670123,0.0,2.1052220185781893e-14,9.271672565901271e-35,4.713216382134037e-27,1.180328750503962e-52,1.0727395662933522e-34,1.0600936801606043e-22,0.041973579616680176,0.0,0.0,0.0,0.0,0.0,0.0
16.583333333333332,0.04680851,0.03913849074487972,0.0,1.974341817458331e-14,7.728867915187233e-35,4.0307020296879584e-27,8.20629743071386e-53,7.88477344305084e-35,8.28805441373805e-23,0.03913849074485998,0.0,0.0,0.0,0.0,0.0,0.0
16.6,0.042127658,0.036426149153750476,0.0,1.8515920608198255e-14,6.442645341106439e-35,3.446970225996327e-27,5.705165798907397e-53,5.794970126860359e-35,6.479120059421826e-23,0.03642614915373196,0.0,0.0,0.0,0.0,0.0,0.0
16.616666666666667,0.042127658,0.03384017179658217,0.0,1.7364680885502053e-14,5.370356792150041e-35,2.9477314913043232e-27,3.966122721985256e-53,4.258733281871158e-35,5.0644798794595594e-23,0.0338401717965648,0.0,0.0,0.0,0.0,0.0,0.0
16.633333333333333,0.042127658,0.031382637747259315,0.0,1.628496537793724e-14,4.4764389644335037e-35,2.5207622673192846e-27,2.7570268802686234e-53,3.129515688654277e-35,3.958305967398871e-23,0.03138263774724303,0.0,0.0,0.0,0.0,0.0,0.0
16.65,0.037446808,0.029054270974241164,0.0,1.527233403797283e-14,3.7312370601389614e-35,2.1556064026247032e-27,1.9164298987408315e-53,2.29954264147179e-35,3.0934268978536166e-23,0.02905427097422589,0.0,0.0,0.0,0.0,0.0,0.0
16.666666666666668,0.037446808,0.026854614893320503,0.0,1.432262220786445e-14,3.110023714602127e-35,1.8433197467531696e-27,1.332054736198397e-53,1.6895600595710265e-35,2.4172781876152637e-23,0.02685461489330618,0.0,0.0,0.0,0.0,0.0,0.0
16.683333333333334,0.037446808,0.02478219714439474,0.0,1.3431923554500624e-14,2.5921807282664355e-35,1.5762516313030146e-27,9.258241602151423e-54,1.2412916182813238e-35,1.8887304377421935e-23,0.02478219714438131,0.0,0.0,0.0,0.0,0.0,0.0
16.7,0.03276596,0.02283468350181685,0.0,1.2596574060698063e-14,2.1605166030980865e-35,1.3478579138562544e-27,6.434463821520202e-54,9.118895088541424e-36,1.4756052226302217e-23,0.022834683501804252,0.0,0.0,0.0,0.0,0.0,0.0
16.716666666666665,0.03276596,0.021009020226359264,0.0,1.1813137007614239e-14,1.8006973581736384e-35,1.1525410284815243e-27,4.471711119477139e-54,6.69852231801842e-36,1.1527298296946822e-23,0.02100902022634745,0.0,0.0,0.0,0.0,0.0,0.0
16.733333333333334,0.03276596,0.019301564503423914,0.0,1.1078388886979251e-14,1.5007718330132847e-35,9.855131439106185e-28,3.107511510735446e-54,4.9202183304758254e-36,9.004141386828302e-24,0.019301564503412836,0.0,0.0,0.0,0.0,0.0,0.0
16.75,0.028085107,0.01770820289173696,0.0,1.0389306185635552e-14,1.2507758025567368e-35,8.426790930172207e-28,2.159382061627804e-54,3.6137532810553225e-36,7.032581691015407e-24,0.01770820289172657,0.0,0.0,0.0,0.0,0.0,0.0
16.766666666666666,0.028085107,0.016224457934545494,0.0,9.74305298842833e-15,1.0424018268482833e-35,7.205362186524592e-28,1.5004588011981366e-54,2.654003932497141e-36,5.4921861427006286e-24,0.016224457934535752,0.0,0.0,0.0,0.0,0.0,0.0
16.783333333333335,0.028085107,0.01484558326671606,0.0,9.136969348823277e-15,8.687239269879902e-36,6.160886928940436e-28,1.0425493195685374e-54,1.9490085419517667e-36,4.288781957343244e-24,0.014845583266706923,0.0,0.0,0.0,0.0,0.0,0.0
16.8,0.028085107,0.013566647691454518,0.0,8.568560379757271e-15,7.23967988024622e-36,5.267742193468127e-28,7.243478832036652e-55,1.4311831605358176e-36,3.3487383407621424e-24,0.01356664769144595,0.0,0.0,0.0,0.0,0.0,0.0
16.816666666666666,0.028085107,0.012382608804875257,0.0,8.035486020158362e-15,6.033202987378466e-36,4.504013298590246e-28,5.032409080561616e-55,1.050863149807633e-36,2.6144916493002996e-24,0.012382608804867221,0.0,0.0,0.0,0.0,0.0,0.0
16.833333333333332,0.028085107,0.011288376820305663,0.0,7.535551435333329e-15,5.027678973472081e-36,3.850957452204631e-28,3.4960926887638694e-55,7.715547566258016e-37,2.041043998674253e-24,0.011288376820298127,0.0,0.0,0.0,0.0,0.0,0.0
16.85,0.028085107,0.010278869291625465,0.0,7.066698011996288e-15,4.189654425345032e-36,3.2925449035879366e-28,2.4286688355599703e-55,5.664442337786969e-37,1.5932238601124097e-24,0.010278869291618397,0.0,0.0,0.0,0.0,0.0,0.0
16.866666666666667,0.023404256,0.009349057460406943,0.0,6.626994911143634e-15,3.491242053644094e-36,2.8150664362261667e-28,1.687066199391691e-55,4.158316636382734e-37,1.2435430506776779e-24,0.009349057460400316,0.0,0.0,0.0,0.0,0.0,0.0
16.883333333333333,0.023404256,0.008494004958972535,0.0,6.214631144248607e-15,2.90919508588147e-36,2.406797615275692e-28,1.1718567121847309e-55,3.052446842173248e-37,9.705204586533572e-25,0.00849400495896632,0.0,0.0,0.0,0.0,0.0,0.0
16.9,0.023404256,0.00770889959420475,0.0,5.8279081403901596e-15,2.4241354949878434e-36,2.0577115878285993e-28,8.139459429198481e-56,2.2405208503372746e-37,7.57370992807714e-25,0.007708899594198922,0.0,0.0,0.0,0.0,0.0,0.0
16.916666666666668,0.023404256,0.006989078918057112,0.0,5.465232773926419e-15,2.019910510631999e-36,1.7592334187406054e-28,5.653213355501455e-56,1.6444488277250167e-37,5.909802906748756e-25,0.006989078918051647,0.0,0.0,0.0,0.0,0.0,0.0
16.933333333333334,0.023404256,0.00633005026292488,0.0,5.1251108242075435e-15,1.683056102496655e-36,1.5040299583885574e-28,3.9262147574493318e-56,1.206875292206169e-37,4.611029863254272e-25,0.006330050262919755,0.0,0.0,0.0,0.0,0.0,0.0
16.95,0.023404256,0.005727505885621733,0.0,4.806140840580401e-15,1.402349662864966e-36,1.2858301060018445e-28,2.726664382888674e-56,8.856767661974109e-38,3.59735857673923e-25,0.005727505885616927,0.0,0.0,0.0,0.0,0.0,0.0
16.966666666666665,0.023404256,0.005177333824662945,0.0,4.5070083875968506e-15,1.1684370669614105e-36,1.0992710742819576e-28,1.8935133694630114e-56,6.499187907445833e-38,2.80627758616808e-25,0.005177333824658438,0.0,0.0,0.0,0.0,0.0,0.0
16.983333333333334,0.023404256,0.004675625033511201,0.0,4.226480646883862e-15,9.735217508465579e-37,9.397668959438017e-29,1.3148742480564242e-56,4.768854614052396e-38,2.188965281308538e-25,0.004675625033506974,0.0,0.0,0.0,0.0,0.0,0.0
17.0,0.023404256,0.004218677308796238,0.0,3.9634013535939795e-15,8.111054995205572e-37,8.0339595605059e-29,9.130179435200367e-57,3.498971286704654e-38,1.707295552149068e-25,0.004218677308792275,0.0,0.0,0.0,0.0,0.0,0.0
17.016666666666666,0.018723404,0.0038029964883809528,0.0,3.716686046716592e-15,6.757723499914048e-37,6.868047987955077e-29,6.339481667601402e-57,2.567072537526248e-38,1.331497556668626e-25,0.003802996488377236,0.0,0.0,0.0,0.0,0.0,0.0
17.033333333333335,0.018723404,0.0034252953504325333,0.0,3.4853176138161663e-15,5.6300844194699125e-37,5.871258550389732e-29,4.401570140620753e-57,1.8832480487647554e-38,1.038326900393536e-25,0.003425295350429048,0.0,0.0,0.0,0.0,0.0,0.0
17.05,0.018723404,0.0030824906020634093,0.0,3.2683421119622566e-15,4.690518394815922e-37,5.0190707712152947e-29,3.055913355986732e-57,1.3814930076470804e-38,8.096366131939147e-26,0.003082490602060141,0.0,0.0,0.0,0.0,0.0,0.0
17.066666666666666,0.018723404,0.002771698305184939,0.0,3.0648648477462404e-15,3.907673404098043e-37,4.290517585390682e-29,2.1215539136717716e-57,1.0133554099625799e-38,6.312606360090792e-26,0.002771698305181874,0.0,0.0,0.0,0.0,0.0,0.0
17.083333333333332,0.018723404,0.0024902280483631092,0.0,2.874046700337625e-15,3.255421178650409e-37,3.6676706508060627e-29,1.4728103516671268e-57,7.432706391730555e-39,4.921415623864203e-26,0.0024902280483602352,0.0,0.0,0.0,0.0,0.0,0.0
17.1,0.018723404,0.002235576136951298,0.0,2.6951006725256082e-15,2.711987294960077e-37,3.1352001706180284e-29,1.0223965950121743e-57,5.451354247660397e-39,3.836492677546507e-26,0.002235576136948603,0.0,0.0,0.0,0.0,0.0,0.0
17.116666666666667,0.018723404,0.0020054180397853297,0.0,2.5272886556229453e-15,2.259226054762271e-37,2.679998445369506e-29,7.096951929961328e-58,3.997921141322864e-39,2.99048704340017e-26,0.002005418039782802,0.0,0.0,0.0,0.0,0.0,0.0
17.133333333333333,0.018723404,0.0017976002993452193,0.0,2.36991839498339e-15,1.8820160677087475e-37,2.2908579328253346e-29,4.926112505638027e-58,2.9318151387785843e-39,2.3308424701929254e-26,0.0017976002993428494,0.0,0.0,0.0,0.0,0.0,0.0
17.15,0.018723404,0.001610132083548176,0.0,2.2223406437040293e-15,1.5677564554747606e-37,1.958195927222345e-29,3.4191399130865976e-58,2.1498671924123426e-39,1.8165509740549908e-26,0.0016101320835459536,0.0,0.0,0.0,0.0,0.0,0.0
17.166666666666668,0.018723404,0.0014411765312027593,0.0,2.0839464928528903e-15,1.3059469351941899e-37,1.6738191106020493e-29,2.373064773089485e-58,1.576374927059032e-39,1.4156182229469404e-26,0.0014411765312006752,0.0,0.0,0.0,0.0,0.0,0.0
17.183333333333334,0.018723404,0.001289042019560987,0.0,1.954164867283816e-15,1.0878378242550195e-37,1.4307222049297363e-29,1.6469581915062184e-58,1.155793873767559e-39,1.1030845652434423e-26,0.0012890420195590328,0.0,0.0,0.0,0.0,0.0,0.0
17.2,0.018723404,0.0011521734612454264,0.0,1.832460176777824e-15,9.061383298930341e-38,1.2229157886232139e-29,1.1429728319859917e-58,8.473725398755559e-40,8.594800399527923e-27,0.001152173461243594,0.0,0.0,0.0,0.0,0.0,0.0
17.216666666666665,0.018723404,0.0010291437189820273,0.0,1.7183301128854462e-15,7.547734225657587e-38,1.0452790553209012e-29,7.931762085138655e-59,6.2121460286049654e-40,6.69618311949715e-27,0.001029143718980309,0.0,0.0,0.0,0.0,0.0,0.0
17.233333333333334,0.018723404,0.0009186452098901374,0.0,1.6113035824403421e-15,6.286812058632334e-38,8.934339036417343e-30,5.504070350926553e-59,4.553887956524931e-40,5.216552705566679e-27,0.0009186452098885261,0.0,0.0,0.0,0.0,0.0,0.0
17.25,0.018723404,0.0008194817564230245,0.0,1.5109387692734604e-15,5.23644041185327e-38,7.636372692690169e-30,3.8192570237213194e-59,3.3380787838538312e-40,4.0635428134721695e-27,0.0008194817564215136,0.0,0.0,0.0,0.0,0.0,0.0
17.266666666666666,0.018723404,0.0007305607282558737,0.0,1.4168213161816337e-15,4.3614780716453624e-38,6.526890576853212e-30,2.6500526002963957e-59,2.4467214018821687e-40,3.1651278053961245e-27,0.0007305607282544568,0.0,0.0,0.0,0.0,0.0,0.0
17.283333333333335,0.018723404,0.0006508855083299833,0.0,1.3285626196965812e-15,3.632646090205796e-38,5.5785341822810954e-30,1.8387000442176298e-59,1.793272528311028e-40,2.4651482415878433e-27,0.0006508855083286547,0.0,0.0,0.0,0.0,0.0,0.0
17.3,0.0140425535,0.000579548306724541,0.0,1.2457982306619584e-15,3.025550327002234e-38,4.7679142716792705e-30,1.2756988021980162e-59,1.3142622828400662e-40,1.9198195659654564e-27,0.0005795483067232952,0.0,0.0,0.0,0.0,0.0,0.0
17.316666666666666,0.0140425535,0.0005157233378932757,0.0,1.1681863540585444e-15,2.519866886387215e-38,4.075035272322285e-30,8.850470570618845e-60,9.63145511965071e-41,1.4950081940049619e-27,0.0005157233378921075,0.0,0.0,0.0,0.0,0.0,0.0
17.333333333333332,0.0140425535,0.00045866036992840486,0.0,1.0954064419250622e-15,2.098663318363306e-38,3.482803102480566e-30,6.139961020171455e-60,7.057908335618445e-41,1.1641065174528903e-27,0.00045866036992730944,0.0,0.0,0.0,0.0,0.0,0.0
17.35,0.0140425535,0.00040767876483561235,0.0,1.027157873601989e-15,1.7478329665043092e-38,2.976604342073841e-30,4.2593760650383617e-60,5.171714056202898e-41,9.063752886246016e-28,0.0004076786487605933,1.1607399188331723e-10,0.0,0.0,0.0,0.0,0.0
17.366666666666667,0.0140425535,0.00036219262801123606,0.0,9.631587178843229e-16,1.4556236125283793e-38,2.54394641077853e-30,2.9546603303708204e-60,3.789374361773749e-41,7.056507024102843e-28,0.00036216119545491815,3.1432555354766285e-08,0.0,0.0,0.0,0.0,0.0
17.383333333333333,0.0140425535,0.00032229818644679306,0.0,9.031445720037107e-16,1.2122447058961012e-38,2.1741499137092522e-30,2.0495117939252533e-60,2.776356105840749e-41,5.493360270089195e-28,0.0003215494708616159,7.487155842740084e-07,0.0,0.0,0.0,0.0,0.0
17.4,0.0140425535,0.0002919305228541383,0.0,8.468674726760376e-16,1.0095400833019342e-38,1.8580855950339246e-30,1.4215909473062918e-60,2.0340311896957587e-41,4.276152284616633e-28,0.0002853383988070325,6.5921240462589584e-06,0.0,0.0,0.0,0.0,0.0
17.416666666666668,0.018723404,0.00028671489062821726,0.0,7.940948747447975e-16,8.407152639179899e-39,1.5879494348023075e-30,9.860077412447368e-61,1.490098435409851e-41,3.3283977045179822e-28,0.00025307173653037944,3.364315409704373e-05,0.0,0.0,0.0,0.0,0.0
17.433333333333334,0.018723404,0.00034594614949313404,0.0,7.446086932281443e-16,7.001102241925761e-39,1.3570703606884106e-30,6.838605144689526e-61,1.0915593430769932e-41,2.590504943895421e-28,0.0002243377792301898,0.00012160837026219964,0.0,0.0,0.0,0.0,0.0
17.45,0.018723404,0.0005452241051137532,0.0,6.982044048369187e-16,5.830100712966971e-39,1.1597458471929215e-30,4.7428167099774056e-61,7.995670978388984e-42,2.0160485552632625e-28,0.00019876538420767446,0.00034645872090538054,0.0,0.0,0.0,0.0,0.0
17.466666666666665,0.018723404,0.001005246240099845,0.0,6.546902052748614e-16,4.85487297311766e-39,9.911013597469012e-31,3.2891739508227916e-61,5.856494995139084e-42,1.5688632435971477e-28,0.00017602029914862708,0.0008292259409505631,0.0,0.0,0.0,0.0,0.0
17.483333333333334,0.018723404,0.0018932124270675088,0.0,6.138862188607324e-16,4.042703489412102e-39,8.469701868755947e-31,2.2809675671573157e-61,4.289395222370053e-42,1.220778616503262e-28,0.00015580177849469762,0.0017374106485721972,0.0,0.0,0.0,0.0,0.0
17.5,0.018723404,0.003415357784623404,0.0,5.756237572264656e-16,3.3663412491204363e-39,7.23790704481369e-31,1.5817331760266073e-61,3.141448194506158e-42,9.49853545484221e-29,0.00013783947156238856,0.0032775183130604396,0.0,0.0,0.0,0.0,0.0
17.516666666666666,0.023404256,0.005801337337440879,0.0,5.397446240467387e-16,2.8030874448541823e-39,6.185185446576513e-31,1.096804594878167e-61,2.300591001316029e-42,7.390000628756644e-29,0.0001218905660218656,0.005679446771418474,0.0,0.0,0.0,0.0,0.0
17.533333333333335,0.028085107,0.009282879371153324,0.0,5.061004629440444e-16,2.334035399458441e-39,5.285515077594752e-31,7.605141515134268e-62,1.684708361336017e-42,5.749109448880233e-29,0.00010773717050305002,0.009175142200649768,0.0,0.0,0.0,0.0,0.0
17.55,0.03276596,0.014070017082252514,0.0,4.745521458904168e-16,1.9434373386190604e-39,4.516653697045425e-31,5.273117108048042e-62,1.2336329731131885e-42,4.4722403122800127e-29,9.518392041355585e-05,0.013974833161838484,0.0,0.0,0.0,0.0,0.0
17.566666666666666,0.037446808,0.02032830834542772,0.0,4.449691995928072e-16,1.6181768521356073e-39,3.8595900435082315e-31,3.656029470936435e-62,9.032817827157036e-43,3.478710754963763e-29,8.405579149815207e-05,0.020244252553929126,0.0,0.0,0.0,0.0,0.0
17.583333333333332,0.04680851,0.02815994214196761,0.0,4.172292675053148e-16,1.347329412521903e-39,3.2980746985914427e-31,2.5347445036724346e-62,6.613581356022625e-43,2.7057042094677586e-29,7.419610621306236e-05,0.02808574603575413,0.0,0.0,0.0,0.0,0.0
17.6,0.05148936,0.03759075341964491,0.0,3.912176052571403e-16,1.1217962594488408e-39,2.81821903822229e-31,1.7572801299034543e-62,4.842018400614982e-43,2.1043176591233372e-29,6.546471860521647e-05,0.0375252887010393,0.0,0.0,0.0,0.0,0.0
17.616666666666667,0.060851064,0.04856416210771307,0.0,3.66826607422615e-16,9.33999408460298e-40,2.408152394328109e-31,1.2182325184567798e-62,3.544806850977683e-43,1.6364827852004733e-29,5.7736364055523043e-05,0.048506425743657176,0.0,0.0,0.0,0.0,0.0
17.633333333333333,0.07021277,0.0609421022213553,0.0,3.4395536368788196e-16,7.77627583968474e-40,2.0577289818195474e-31,8.445042383275588e-63,2.5949873274141383e-43,1.2725677533921902e-29,5.0899160948057225e-05,0.0608912030604069,0.0,0.0,0.0,0.0,0.0
17.65,0.084255315,0.07451223397582847,0.0,3.225092425898244e-16,6.474245778043531e-40,1.7582773704141552e-31,5.854044359179982e-63,1.8995667008339366e-43,9.895093213272521e-30,4.485325204898444e-05,0.07446738072377916,0.0,0.0,0.0,0.0,0.0
17.666666666666668,0.09361702,0.08900019412396953,0.0,3.0239950111560387e-16,5.390129522503211e-40,1.5023863279633972e-31,4.05782009081658e-63,1.3904347480527802e-43,7.69358112467684e-30,3.9509574107420665e-05,0.08896068454986181,0.0,0.0,0.0,0.0,0.0
17.683333333333334,0.10765957,0.1040853461013379,0.0,2.8354291855763724e-16,4.487471877788075e-40,1.2837217572908759e-31,2.8126276633570145e-63,1.0177088503959918e-43,5.981457564252247e-30,3.4788744915362236e-05,0.10405055735642225,0.0,0.0,0.0,0.0,0.0
17.7,0.12170213,0.11941841642970147,0.0,2.658614531181107e-16,3.73591360045159e-40,1.0968702140998592e-31,1.9494605417977135e-63,7.448579868873037e-44,4.650027505145549e-30,3.062005777697132e-05,0.11938779637192423,0.0,0.0,0.0,0.0,0.0
17.716666666666665,0.13574468,0.13463950204345201,0.0,2.492819198508345e-16,3.1101725086388624e-40,9.372051480730305e-32,1.351137277796776e-63,5.451305351698077e-44,3.6147160750760615e-30,2.6940574032581542e-05,0.1346125614694192,0.0,0.0,0.0,0.0,0.0
17.733333333333334,0.14978723,0.14939515220206517,0.0,2.337356886155527e-16,2.5891948129143597e-40,8.007725689456193e-32,9.36412919421114e-64,3.9893740293329664e-44,2.8097209917352542e-30,2.3694304954667828e-05,0.14937145789711026,0.0,0.0,0.0,0.0,0.0
17.75,0.16382979,0.16335351725223388,0.0,2.1915840080224799e-16,2.1554482434899938e-40,6.841933178427798e-32,6.489605280832125e-64,2.9193511136969224e-44,2.1838494794826653e-30,2.0831474978115803e-05,0.16333268577725554,0.0,0.0,0.0,0.0,0.0
17.766666666666666,0.17787234,0.17621687043225515,0.0,2.0548970365984226e-16,1.794333293457749e-40,5.845795332901724e-32,4.4973035702360245e-64,2.136216899129436e-44,1.697277555338068e-30,1.830785884264659e-05,0.1761985625734123,0.0,0.0,0.0,0.0,0.0
17.783333333333335,0.18723404,0.18773111357738323,0.0,1.926730011362356e-16,1.4936928504417606e-40,4.994632510941312e-32,3.116515069250153e-64,1.5630825409033346e-44,1.3190275180871872e-30,1.6084185809509374e-05,0.18771502939157353,0.0,0.0,0.0,0.0,0.0
17.8,0.19659574,0.19769214878323454,0.0,1.8065522020424497e-16,1.2434037823949005e-40,4.2673537634219166e-32,2.1595806871122774e-64,1.1436579115007148e-44,1.0250046226823768e-30,1.4125604666417234e-05,0.19767802317856795,0.0,0.0,0.0,0.0,0.0
17.816666666666666,0.20595744,0.2059492213034526,0.0,1.693865917117394e-16,1.035036787059844e-40,3.645935214520079e-32,1.4964178658557637e-64,8.367353838488178e-45,7.964690964928336e-31,1.2401203753803557e-05,0.20593682009969863,0.0,0.0,0.0,0.0,0.0
17.833333333333332,0.2106383,0.21240550788143286,0.0,1.5882044485392493e-16,8.615731005404619e-41,3.114974227867265e-32,1.0368588748980528e-64,6.121502186781658e-45,6.188470555109165e-31,1.088358073185993e-05,0.21239462430070086,0.0,0.0,0.0,0.0,0.0
17.85,0.21531914,0.21701633937170725,0.0,1.4891301442169927e-16,7.171685648493078e-41,2.661308352316553e-32,7.184057468302716e-65,4.478224572455938e-45,4.808052232479157e-31,9.548457261910686e-06,0.2170067909144452,0.0,0.0,0.0,0.0,0.0
17.866666666666667,0.22,0.21978551138614344,0.0,1.396232600324974e-16,5.969571408574322e-41,2.2736896389298973e-32,4.9774097972093295e-65,3.27590893474116e-45,3.735309802590032e-31,8.374334198312272e-06,0.219777137051945,0.0,0.0,0.0,0.0,0.0
17.883333333333333,0.22,0.220760159056565,0.0,1.3091269659931037e-16,4.968872747959486e-41,1.9425062866290413e-32,3.448422886617776e-65,2.3962712136070985e-45,2.901722204699753e-31,7.342183279208656e-06,0.22075281687328566,0.0,0.0,0.0,0.0,0.0
17.9,0.22,0.22002466043543473,0.0,1.2274523533976347e-16,4.135856275340188e-41,1.6595447416045185e-32,2.3890279276930145e-65,1.7527437373961248e-45,2.2540157416756404e-31,6.435171667366832e-06,0.22001822526376724,0.0,0.0,0.0,0.0,0.0
17.916666666666668,0.22,0.21769399640955922,0.0,1.1508703467046238e-16,3.4424359309983846e-41,1.4177863737757773e-32,1.6550289276788685e-65,1.281974200748665e-45,1.750774097582627e-31,5.63841602725194e-06,0.21768835799353187,0.0,0.0,0.0,0.0,0.0
17.933333333333334,0.21531914,0.21390694160789464,0.0,1.0790636037245394e-16,2.8652279700003685e-41,1.2112337069305054e-32,1.1464989797134013e-65,9.37602286830271e-46,1.3598014052162847e-31,4.93876313293601e-06,0.2139020028447616,0.0,0.0,0.0,0.0,0.0
17.95,0.2106383,0.20881939796284268,0.0,1.0117345445178359e-16,2.3847640138610264e-41,1.034761908649518e-32,7.94192064789163e-66,6.857039401361563e-46,1.0560712294695524e-31,4.324594284807309e-06,0.20881507336855779,0.0,0.0,0.0,0.0,0.0
17.966666666666665,0.2012766,0.20259811638621109,0.0,9.486041215489356e-17,1.9848357431340388e-41,8.839918697191728e-33,5.501248556032126e-66,5.014565963981443e-46,8.20131393019256e-32,3.785651072881107e-06,0.2025943307351381,0.0,0.0,0.0,0.0,0.0
17.983333333333334,0.19659574,0.19541498714981992,0.0,8.894106663214146e-17,1.6519492197998082e-41,7.551817358031951e-33,3.8104907378760963e-66,3.666982777584189e-46,6.368634211613433e-32,3.3128802622715404e-06,0.19541167426955755,0.0,0.0,0.0,0.0,0.0
18.0,0.18723404,0.1874420194205782,0.0,8.339088077417419e-17,1.3748705070459206e-41,6.45134209828978e-33,2.639274348249625e-66,2.6814105307541123e-46,4.945178398588455e-32,2.898295793567972e-06,0.18743912112478456,0.0,0.0,0.0,0.0,0.0
18.016666666666666,0.17787234,0.1788470772248308,0.0,7.81868457754095e-17,1.1442473182104797e-41,5.511173330671665e-33,1.8279832483558625e-66,1.960635084560316e-46,3.839640405319683e-32,2.5348560888842647e-06,0.17884454236874184,0.0,0.0,0.0,0.0,0.0
18.03333333333333,0.16851063,0.16979039414784886,0.0,7.330738600655856e-17,9.522939789117465e-42,4.707967858500277e-33,1.2660300058441093e-66,1.43353845379273e-46,2.9810702913664144e-32,2.2163550346245926e-06,0.16978817779281416,0.0,0.0,0.0,0.0,0.0
18.05,0.16382979,0.1604218527526391,0.0,6.87322698040793e-17,7.925291121956644e-42,4.021780334901953e-33,8.767988322302251e-67,1.0480961871773674e-46,2.3143396408309982e-32,1.9373251758541332e-06,0.16041991542746317,0.0,0.0,0.0,0.0,0.0
18.066666666666663,0.15446809,0.1508789868618069,0.0,6.444252580879761e-17,6.595572271213697e-42,3.435568862468636e-33,6.072117494330892e-67,7.662531090118496e-47,1.796616260170464e-32,1.692951805866952e-06,0.15087729391000096,0.0,0.0,0.0,0.0,0.0
18.08333333333333,0.14042553,0.14128564488945713,0.0,6.042036450877206e-17,5.4888686589863754e-42,2.9347725013857355e-33,4.204987153043069e-67,5.6017377101636835e-47,1.3946237292061538e-32,1.4789967693046388e-06,0.14128416589268777,0.0,0.0,0.0,0.0,0.0
18.1,0.13106383,0.13175123946222078,0.0,5.664910466292408e-17,4.567791929204855e-42,2.5069502315171084e-33,2.9118804850658074e-67,4.094989558628593e-47,1.0825112164336256e-32,1.2917309191493968e-06,0.13174994773130158,0.0,0.0,0.0,0.0,0.0
18.116666666666667,0.12170213,0.1223705016025837,0.0,5.311310430201065e-17,3.8012193196553004e-42,2.141472433237986e-33,2.016354303819826e-67,2.99338399093888e-47,8.401977733891459e-33,1.1278742781548786e-06,0.12236937372830549,0.0,0.0,0.0,0.0,0.0
18.133333333333333,0.11702128,0.1132236556861149,0.0,4.9797696022381155e-17,3.1632440978386555e-42,1.829257250418832e-33,1.3961903672494185e-67,2.1880224008405568e-47,6.52085509654085e-33,9.84543054803e-07,0.11322267114306005,0.0,0.0,0.0,0.0,0.0
18.15,0.10765957,0.10437693317124186,0.0,4.668912630565194e-17,2.6323017379353052e-42,1.5625453089202265e-33,9.667339707415139e-68,1.59926668430351e-47,5.0605953182066674e-33,8.592027536154066e-07,0.10437607396848819,0.0,0.0,0.0,0.0,0.0
18.166666666666668,0.09829787,0.09588334775422629,0.0,4.377449861398382e-17,2.1904424250129038e-42,1.3347072126470015e-33,6.693510288501939e-68,1.1688799365151623e-47,3.9271079440173426e-33,7.496267004714178e-07,0.09588259812752577,0.0,0.0,0.0,0.0,0.0
18.183333333333334,0.08893617,0.08778366124874837,0.0,4.104172002621144e-17,1.822725393487989e-42,1.1400790500685914e-33,4.634315155258582e-68,8.542773644115702e-48,3.0473221633907997e-33,6.538593763034851e-07,0.08778300738937202,0.0,0.0,0.0,0.0,0.0
18.2,0.084255315,0.08010747737809687,0.0,3.847945119465703e-17,1.5167147048290196e-42,9.73821837140985e-34,3.208499146673835e-68,6.243210348886959e-48,2.3644946468354454e-33,5.701840178944871e-07,0.08010690719407894,0.0,0.0,0.0,0.0,0.0
18.216666666666665,0.079574466,0.07287440917775619,0.0,3.607705941614219e-17,1.2620594821332428e-42,8.318014148894689e-34,2.2212788742609645e-68,4.562440372002769e-48,1.834563985079378e-33,4.970940031793548e-07,0.07287391208375298,0.0,0.0,0.0,0.0,0.0
18.23333333333333,0.07021277,0.06609527434239841,0.0,3.3824574623539604e-17,1.0501444610723591e-42,7.104858261512154e-34,1.5377619074604963e-68,3.334008419789932e-48,1.4233184686498179e-33,4.3326759108369084e-07,0.06609484107480729,0.0,0.0,0.0,0.0,0.0
18.25,0.06553192,0.0597732812370693,0.0,3.171264811623466e-17,8.737990832131163e-43,6.06857628642535e-34,1.0645351959260662e-68,2.4362201469415116e-48,1.1041958919791353e-33,3.7754563309625574e-07,0.059772903691436174,0.0,0.0,0.0,0.0,0.0
18.266666666666666,0.060851064,0.05390517615507077,0.0,2.973251385916929e-17,7.270553283506511e-43,5.183389712933879e-34,7.369125006722421e-69,1.7801098607674627e-48,8.565744536642801e-34,3.2891191599775644e-07,0.05390484724315474,0.0,0.0,0.0,0.0,0.0
18.28333333333333,0.056170214,0.04848232956231588,0.0,2.787595219070087e-17,6.049461234391594e-43,4.4272757681785624e-34,5.101017980811954e-69,1.30064150381791e-48,6.644452233085371e-34,2.8647583293988854e-07,0.048482043086482914,0.0,0.0,0.0,0.0,0.0
18.3,0.05148936,0.04349174541238519,0.0,2.6135255789468395e-17,5.03337532100392e-43,3.7814204357699152e-34,3.530879326086889e-69,9.502743928141813e-49,5.15381054293013e-34,2.4945711382776297e-07,0.04349149595527133,0.0,0.0,0.0,0.0,0.0
18.316666666666663,0.05148936,0.03891698310075686,0.0,2.4503197759742324e-17,4.187890664477526e-43,3.2297511061009953e-34,2.443959719864346e-69,6.942584084426703e-49,3.997357956055311e-34,2.171723761060056e-07,0.03891676592838073,0.0,0.0,0.0,0.0,0.0
18.33333333333333,0.04680851,0.03473898625027913,0.0,2.2973001703481032e-17,3.484374103256427e-43,2.758537269730297e-34,1.6915717295945814e-69,5.071939468512481e-49,3.100224037341228e-34,1.8902328394994057e-07,0.03473879722699516,0.0,0.0,0.0,0.0,0.0
18.35,0.042127658,0.03093681631687051,0.0,2.1538313655511793e-17,2.8989963187819412e-43,2.3560493510194424e-34,1.1707712689791915e-69,3.705167565653925e-49,2.404300180329958e-34,1.644861278493091e-07,0.03093665183074264,0.0,0.0,0.0,0.0,0.0
18.366666666666667,0.042127658,0.027488292032609277,0.0,2.0193175765927843e-17,2.411926201476845e-43,2.0122672198698702e-34,8.102872668521576e-70,2.7065908571004115e-49,1.8644897121002365e-34,1.4310265794192463e-07,0.027488148929951314,0.0,0.0,0.0,0.0,0.0
18.383333333333333,0.037446808,0.024370538036474463,0.0,1.8932001620994237e-17,2.006660272533868e-43,1.7186311505635928e-34,5.6077849329538235e-70,1.977053482835864e-49,1.4457962934557084e-34,1.2447202348118018e-07,0.024370413564450962,0.0,0.0,0.0,0.0,0.0
18.4,0.037446808,0.021560447762780557,0.0,1.7749553100635426e-17,1.6694645300766234e-43,1.4678290488281981e-34,3.880870204100851e-70,1.4440936601913551e-49,1.1210633529575389e-34,1.0824368774893172e-07,0.02156033951909279,0.0,0.0,0.0,0.0,0.0
18.416666666666668,0.03276596,0.019035066848403594,0.0,1.6640918676885606e-17,1.3889098790567045e-43,1.2536146673292532e-34,2.6856683185304995e-70,1.0547596937874935e-49,8.692190923694133e-35,9.411120277479612e-08,0.0190349727372008,0.0,0.0,0.0,0.0,0.0
18.433333333333334,0.03276596,0.016771904065745066,0.0,1.560149306365136e-17,1.1554854603602559e-43,1.0706522981131648e-34,1.8584940685550688e-70,7.703587047922421e-50,6.739140773940225e-35,8.180674159464253e-08,0.016771822259003456,0.0,0.0,0.0,0.0,0.0
18.45,0.03276596,0.014749177167955454,0.0,1.4626958133692476e-17,9.612768222231703e-44,9.143840870744634e-35,1.286043276975422e-70,5.626182965306924e-50,5.224636587919943e-35,7.109629765360517e-08,0.014749106071657785,0.0,0.0,0.0,0.0,0.0
18.466666666666665,0.03276596,0.012946001119121397,0.0,1.3713265023972724e-17,7.996980646625084e-44,7.809166765685871e-35,8.898885999757325e-71,4.1088111433247196e-50,4.050270701095319e-35,6.177547149424981e-08,0.01294593934364989,0.0,0.0,0.0,0.0,0.0
18.48333333333333,0.028085107,0.01134252604015478,0.0,1.2856617355419644e-17,6.652689088689294e-44,6.669243617101595e-35,6.157457368691956e-71,3.0005444309923327e-50,3.139702745923631e-35,5.366577421306517e-08,0.011342472374380554,0.0,0.0,0.0,0.0,0.0
18.5,0.028085107,0.009920031888325312,0.0,1.2053455497743649e-17,5.53429159707701e-44,5.695663555684634e-35,4.260425243083505e-71,2.191117057423413e-50,2.433714610752487e-35,4.6611385448624244e-08,0.00991998527693985,0.0,0.0,0.0,0.0,0.0
18.516666666666666,0.028085107,0.008660986453857562,0.0,1.1300441814272568e-17,4.603842917099904e-44,4.864161085330746e-35,2.9477476651774364e-71,1.5999735915487256e-50,1.88637274939175e-35,4.0476310998895655e-08,0.008660945977546552,0.0,0.0,0.0,0.0,0.0
18.53333333333333,0.028085107,0.007549072742026665,0.0,1.0594446825805785e-17,3.82976939723984e-44,4.1540092624616123e-35,2.0394522051362095e-71,1.1682662938442135e-50,1.4620500485495222e-35,3.5141891657712355e-08,0.007549037600134997,0.0,0.0,0.0,0.0,0.0
18.55,0.028085107,0.006569191247660912,0.0,9.932536236285862e-18,3.185799501446809e-44,3.547503860930895e-35,1.4109859416694673e-71,8.530073184893596e-51,1.1331148685238962e-35,3.050462060479282e-08,0.006569160743040297,0.0,0.0,0.0,0.0,0.0
18.566666666666663,0.028085107,0.005707442048036703,0.0,9.311958766644168e-18,2.650073768292775e-44,3.029522706401359e-35,9.761528381606266e-72,6.227957287338226e-51,8.781379003400488e-36,2.6474231763265502e-08,0.00570741557380493,0.0,0.0,0.0,0.0,0.0
18.58333333333333,0.023404256,0.004951091061087822,0.0,8.730134746508237e-18,2.2044041197878285e-44,2.5871492301942146e-35,6.753034817599587e-72,4.546953684906854e-51,6.805008940934462e-36,2.2972026028055274e-08,0.004951068089061785,0.0,0.0,0.0,0.0,0.0
18.6,0.023404256,0.004288524254663401,0.0,8.184645416599338e-18,1.8336574686241602e-44,2.2093508871212255e-35,4.671606370595929e-72,3.319537286966251e-51,5.2731725608675405e-36,1.9929406234261133e-08,0.004288504325257158,0.0,0.0,0.0,0.0,0.0
18.616666666666667,0.023404256,0.003709193060825289,0.0,7.673222897571081e-18,1.5252427729197916e-44,1.8867044442026818e-35,3.231615132156779e-72,2.4233534751088176e-51,4.0859465470941146e-36,1.7286595235973414e-08,0.0037091757742300454,0.0,0.0,0.0,0.0,0.0
18.633333333333333,0.023404256,0.003203553754797505,0.0,7.193740783799453e-18,1.268684183874995e-44,1.6111613112576325e-35,2.235420421708958e-72,1.7690424396115644e-51,3.1658541284760394e-36,1.4991514555866963e-08,0.0032035387632829418,0.0,0.0,0.0,0.0,0.0
18.65,0.023404256,0.0027630031060015153,0.0,6.744205323216434e-18,1.0552658420537609e-44,1.375847078963522e-35,1.5462689565902965e-72,1.2913444087738907e-51,2.452826045374745e-36,1.299880379132374e-08,0.002762990107197717,0.0,0.0,0.0,0.0,0.0
18.666666666666668,0.023404256,0.0023798122010391127,0.0,6.322747146696584e-18,8.777363004465465e-45,1.1748902797841394e-35,1.0695402992040806e-72,9.426019772388482e-52,1.9002919742660486e-36,1.1268963365589452e-08,0.002379800932075741,0.0,0.0,0.0,0.0,0.0
18.683333333333334,0.023404256,0.0020470599760652407,0.0,5.927613512778434e-18,7.300625688154454e-45,1.0032761132416775e-35,7.397681231576436e-73,6.880137342617679e-52,1.4721489761419534e-36,9.767605329887482e-09,0.002047050208459905,0.0,0.0,0.0,0.0,0.0
18.7,0.023404256,0.0017585676777834161,0.0,5.557161035631316e-18,6.07225452110773e-45,8.567214973580764e-36,5.116588252097404e-73,5.0216731993667625e-52,1.1404103116079913e-36,8.464798787441382e-09,0.0017585592129846232,0.0,0.0,0.0,0.0,0.0
18.716666666666665,0.023404256,0.0015088351963403834,0.0,5.2098488661754934e-18,5.0504925263982994e-45,7.315683381086741e-36,3.538765390279041e-73,3.665071377791978e-52,8.833820319606779e-37,7.3344981524161066e-09,0.0015088278618422258,0.0,0.0,0.0,0.0,0.0
18.73333333333333,0.023404256,0.0012929799769883705,0.0,4.8842322981357515e-18,4.2006006832156594e-45,6.246923615610909e-36,2.4474259991367145e-73,2.674848287734471e-52,6.842489545974167e-37,6.354043901859473e-09,0.0012929736229444638,0.0,0.0,0.0,0.0,0.0
18.75,0.023404256,0.0011066790173736578,0.0,4.578956772563889e-18,3.4936788704244276e-45,5.3342524025534614e-36,1.6925983521773686e-73,1.952084771917201e-52,5.299781707693241e-37,5.503726749938699e-09,0.0011066735136469033,0.0,0.0,0.0,0.0,0.0
18.766666666666666,0.023404256,0.0009461142902874812,0.0,4.292752256015007e-18,2.9056848251812164e-45,4.5548807591460924e-36,1.1705362138071903e-73,1.4245610549659931e-52,4.104688281456401e-37,4.766407291550677e-09,0.0009461095238801853,0.0,0.0,0.0,0.0,0.0
18.78333333333333,0.023404256,0.0008079217941873372,0.0,4.024427969103235e-18,2.4166178737183084e-45,3.8893458296576706e-36,8.09473136436949e-74,1.0395524569661806e-52,3.1789291076420713e-37,4.1271841448596e-09,0.0008079176670031883,0.0,0.0,0.0,0.0,0.0
18.8,0.023404256,0.0006891443223150899,0.0,3.772867443615608e-18,2.009839770112973e-45,3.32102558604526e-36,5.597662651905264e-74,7.585684434203174e-53,2.4618413784889484e-37,3.57310448552772e-09,0.0006891407492106007,0.0,0.0,0.0,0.0,0.0
18.816666666666663,0.023404256,0.0005871879524764035,0.0,3.537023887717163e-18,1.671509621726151e-45,2.8357243124983698e-36,3.8707733898625995e-74,5.53510964295811e-53,1.9064172267242384e-37,3.092911623514316e-09,0.0005871848595647765,0.0,0.0,0.0,0.0,0.0
18.83333333333333,0.023404256,0.000499782190383151,0.0,3.315915840056077e-18,1.3901137439574377e-45,2.421318553159486e-36,2.676551254515854e-74,4.0386930705546047e-53,1.4762319565767506e-37,2.676824938880821e-09,0.0004997795135582089,0.0,0.0,0.0,0.0,0.0
18.85,0.023404256,0.0004249436470062597,0.0,3.1086230947731264e-18,1.156074502638535e-45,2.067454706601765e-36,1.8507178886866885e-74,2.9467188884315406e-53,1.1430628542036204e-37,2.316348077132089e-09,0.00042494133065817946,0.0,0.0,0.0,0.0,0.0
18.866666666666667,0.023404256,0.00036094309200884614,0.0,2.9142828805380655e-18,9.614248784945811e-46,1.7652907357522574e-36,1.2796516776826995e-74,2.1499079817494303e-53,8.850434246692202e-38,2.0041018170146663e-09,0.0003609410879070262,0.0,0.0,0.0,0.0,0.0
18.883333333333333,0.023404256,0.00030627569867268297,0.0,2.732086277787185e-18,7.995377151528961e-46,1.507275559810827e-36,8.847697279516303e-75,1.5684996104073417e-53,6.852327380819536e-38,1.7336784730377854e-09,0.0003062739649942072,0.0,0.0,0.0,0.0,0.0
18.9,0.023404256,0.00025963427870079407,0.0,2.561274859322483e-18,6.649004654894052e-46,1.286960632594316e-36,6.117242881504658e-75,1.1442802607466394e-53,5.305065867992551e-38,1.4995150888908069e-09,0.0002596327791857026,0.0,0.0,0.0,0.0,0.0
18.916666666666668,0.023404256,0.00021988529604137673,0.0,2.401137540355301e-18,5.52927793367711e-46,1.0988390129327382e-36,4.2292974011839435e-75,8.347643912691427e-54,4.106981112957203e-38,1.2967830231143707e-09,0.0002198839992583512,0.0,0.0,0.0,0.0,0.0
18.933333333333334,0.023404256,0.00018604744584832257,0.0,2.2510076249446127e-18,4.598056712345176e-46,9.38207917182019e-37,2.923935619310677e-75,6.089463203333147e-54,3.179318042306942e-38,1.1212918307768782e-09,0.00018604632455648953,0.0,0.0,0.0,0.0,0.0
18.95,0.023404256,0.00015727258650797489,0.0,2.1102600365925512e-18,3.823616820123072e-46,8.010513285971436e-37,2.0214104765631298e-75,4.441991892794198e-54,2.46107405537481e-38,9.69405609716694e-10,0.00015727161710236306,0.0,0.0,0.0,0.0,0.0
18.966666666666665,0.023404256,0.000132828818168457,0.0,1.9783087215219696e-18,3.1795712242738274e-46,6.839397377696231e-37,1.3974246223423947e-75,3.2401135956252084e-54,1.9049997458925986e-38,8.379702117354935e-10,0.00013282798019824329,0.0,0.0,0.0,0.0,0.0
18.98333333333333,0.023404256,0.00011208550943878468,0.0,1.8546042138752754e-18,2.6439724441042377e-46,5.83944514987507e-37,9.66027498530677e-76,2.3633416191403453e-54,1.47450003735023e-38,7.242499220059817e-10,0.00011208478518886082,0.0,0.0,0.0,0.0,0.0
19.0,0.023404256,9.450008407958817e-05,0.0,1.7386313527436166e-18,2.1985658654714108e-46,4.9856477983660685e-37,6.677868334206608e-76,1.7237593262036252e-54,1.1412331339761757e-38,6.258723874497837e-10,9.449945820719898e-05,0.0,0.0,0.0,0.0,0.0
19.016666666666666,0.028085107,7.960639092941247e-05,0.0,1.6299071415647854e-18,1.8281685957655613e-46,4.256649446893442e-37,4.616082113644766e-76,1.2572182622245554e-54,8.832502463781167e-39,5.407807300732566e-10,7.960585014868076e-05,0.0,0.0,0.0,0.0,0.0
19.03333333333333,0.028085107,6.700449247110258e-05,0.0,1.5279787410161695e-18,1.5201527597381281e-46,3.6342137466536708e-37,3.1907777574102196e-76,9.169142573865388e-55,6.835543703663065e-39,4.671919169705361e-10,6.700402527918408e-05,0.0,0.0,0.0,0.0,0.0
19.05,0.028085107,5.6351719921688185e-05,0.0,1.4324215870833802e-18,1.2640156814873287e-46,3.1027683381371e-37,2.2054996239538017e-76,6.68699240077353e-55,5.289837784443689e-39,4.03560577331457e-10,5.635131636110942e-05,0.0,0.0,0.0,0.0,0.0
19.066666666666663,0.028085107,4.7354855198184886e-05,0.0,1.342837626501939e-18,1.0510223474765907e-46,2.649015813067353e-37,1.5244208043349697e-76,4.87659914740906e-55,4.0934710902071173e-39,3.485475604466383e-10,4.7354506650623095e-05,0.0,0.0,0.0,0.0,0.0
19.08333333333333,0.028085107,3.976331232153036e-05,0.0,1.2588536622560929e-18,8.739079996271375e-47,2.261601471834004e-37,1.0536351195174469e-76,3.5562106428692814e-55,3.167533914488429e-39,3.009926192479046e-10,3.976301132890985e-05,0.0,0.0,0.0,0.0,0.0
19.1,0.028085107,3.3363202586625995e-05,0.0,1.1801198022747684e-18,7.266307494555302e-47,1.930829587559065e-37,7.282209105091094e-77,2.593236654310065e-55,2.4509309794429132e-39,2.5989068299405266e-10,3.336294269594182e-05,0.0,0.0,0.0,0.0,0.0
19.116666666666667,0.028085107,2.7972179016764444e-05,0.0,1.1063080048915504e-18,6.041658031394802e-47,1.6484210972278617e-37,5.032961792904382e-77,1.8909547896313143e-55,1.8963619783380986e-39,2.2437125174245338e-10,2.7971954645511595e-05,0.0,0.0,0.0,0.0,0.0
19.133333333333333,0.028085107,2.343496614845441e-05,0.0,1.03711071503613e-18,5.023343008982431e-47,1.4073066732427053e-37,3.4783377225885765e-77,1.3788103142613251e-55,1.4672085028516788e-39,1.9368050549624503e-10,2.343477246794788e-05,0.0,0.0,0.0,0.0,0.0
19.15,0.028085107,1.9619491005119856e-05,0.0,9.722395855016679e-19,4.1766095009146006e-47,1.2014500110294046e-37,2.4038509110107487e-77,1.0053385806918554e-55,1.1351230859979319e-39,1.6716577348650146e-10,1.9619323839345398e-05,0.0,0.0,0.0,0.0,0.0
19.166666666666668,0.028085107,1.6413540190515793e-05,0.0,9.114242779833493e-19,3.4725560985939286e-47,1.0256969219038181e-37,1.6612348126935727e-77,7.330012010516614e-56,8.781620995032555e-40,1.4426205490444128e-10,1.6413395928459977e-05,0.0,0.0,0.0,0.0,0.0
19.183333333333334,0.028085107,1.3721876361996526e-05,0.0,8.544113389151636e-19,2.887147991383543e-47,8.756464640638374e-38,1.1480010211863676e-77,5.344186399247167e-56,6.793398962895974e-40,1.244803223886278e-10,1.3721751881673284e-05,0.0,0.0,0.0,0.0,0.0
19.2,0.03276596,1.146375494292206e-05,0.0,8.009631454408458e-19,2.400397771028465e-47,7.475408943305807e-38,7.933070695071114e-78,3.896217076669089e-56,5.2550921405121474e-40,1.0739737443604683e-10,1.1463647545546823e-05,0.0,0.0,0.0,0.0,0.0
19.216666666666665,0.03276596,9.570788827847643e-06,0.0,7.508569171464533e-19,1.9956840849013492e-47,6.381716928205458e-38,5.48186349519841e-78,2.840464675124965e-56,4.064942606808285e-40,9.264703329390792e-11,9.570696180813598e-06,0.0,0.0,0.0,0.0,0.0
19.23333333333333,0.03276596,7.98511505740209e-06,0.0,7.038837894536623e-19,1.6591849497423136e-47,5.447993137801419e-38,3.787939154831978e-78,2.0707153398756412e-56,3.144194863669887e-40,7.991251136819256e-11,7.985035144890018e-06,0.0,0.0,0.0,0.0,0.0
19.25,0.03276596,6.657823031495009e-06,0.0,6.598479448290653e-19,1.3794064368411262e-47,4.6508465834983824e-38,2.617373490603003e-78,1.5095108236599568e-56,2.431898955889438e-40,6.891979225283202e-11,6.657754111702096e-06,0.0,0.0,0.0,0.0,0.0
19.266666666666666,0.03276596,5.547608832611882e-06,0.0,6.185657982039694e-19,1.1467906834342388e-47,3.970305575807437e-38,1.8084910943332432e-78,1.1003654499476222e-56,1.880887059453968e-40,5.943189257408752e-11,5.547549400718689e-06,0.0,0.0,0.0,0.0,0.0
19.28333333333333,0.03276596,4.6196246900798474e-06,0.0,5.798652332240476e-19,9.533898835885556e-48,3.3893180389129986e-38,1.2495540933584233e-78,8.02089081073176e-57,1.4546587153895484e-40,5.124388833823239e-11,4.619573446190929e-06,0.0,0.0,0.0,0.0,0.0
19.3,0.03276596,3.844496576240554e-06,0.0,5.4358488615889155e-19,7.92595156673835e-48,2.8933248255500775e-38,8.633398797850274e-79,5.846463836724442e-57,1.1249696160617426e-40,4.4178604699177074e-11,3.8444523976353105e-06,0.0,0.0,0.0,0.0,0.0
19.316666666666663,0.03276596,3.1974864305527966e-06,0.0,5.095734744991285e-19,6.589110589178843e-48,2.4698953706888415e-38,5.964810337980364e-79,4.26136756472113e-57,8.699651165911175e-41,3.808288131609811e-11,3.197448347670971e-06,0.0,0.0,0.0,0.0,0.0
19.33333333333333,0.037446808,2.6577786004196803e-06,0.0,4.776891674537232e-19,5.477680569387933e-48,2.1084165791162318e-38,4.120971514938224e-79,3.105917020344396e-57,6.727354790466515e-41,3.282433700307062e-11,2.6577457760821995e-06,0.0,0.0,0.0,0.0,0.0
19.35,0.037446808,2.2078728085403512e-06,0.0,4.47798995734442e-19,4.553665743323576e-48,1.7998271714096513e-38,2.847021615039384e-79,2.2636844377528982e-57,5.201976115778141e-41,2.8288567404418337e-11,2.207844519972499e-06,0.0,0.0,0.0,0.0,0.0
19.366666666666667,0.037446808,1.8330683439462911e-06,0.0,4.197782981766652e-19,3.785472972668758e-48,1.5363908481506251e-38,1.9668449971183142e-79,1.649784292914754e-57,4.0222955965067875e-41,2.4376718153988337e-11,1.8330439672277174e-06,0.0,0.0,0.0,0.0,0.0
19.383333333333333,0.037446808,1.5210262631307275e-06,0.0,3.9351020289889093e-19,3.146833191398062e-48,1.3115026018590186e-38,1.3587443980219e-79,1.2023301706328411e-57,3.110006529546371e-41,2.1003383562673265e-11,1.5210052597467712e-06,0.0,0.0,0.0,0.0,0.0
19.4,0.042127658,1.2613982115751981e-06,0.0,3.688851408465317e-19,2.6159044806886555e-48,1.1195233342148906e-38,9.38628416846651e-80,8.762049161200074e-58,2.404531023955162e-41,1.809478747321138e-11,1.261380116787356e-06,0.0,0.0,0.0,0.0,0.0
19.416666666666668,0.042127658,1.0455120645409086e-06,0.0,3.4580038969972586e-19,2.1745261961000458e-48,9.556386433254781e-39,6.483924825992177e-80,6.38517851214325e-58,1.8590082367737105e-41,1.5587208652826276e-11,1.0454964773319099e-06,0.0,0.0,0.0,0.0,0.0
19.433333333333334,0.042127658,8.661059665719103e-07,0.0,3.241596462509465e-19,1.807598716520761e-48,8.15738249746726e-39,4.478892356773497e-80,4.652923117256439e-58,1.437189932734526e-41,1.3425618074680308e-11,8.660925409535114e-07,0.0,0.0,0.0,0.0,0.0
19.45,0.042127658,7.171035464687304e-07,0.0,3.0387262547627685e-19,1.502567664312669e-48,6.963130457366046e-39,3.093796188371201e-80,3.390503850629567e-58,1.1110382721805282e-41,1.1562499765779622e-11,7.170919839686608e-07,0.0,0.0,0.0,0.0,0.0
19.466666666666665,0.042127658,5.934241208079296e-07,0.0,2.848546846349772e-19,1.2489950059524065e-48,5.943671926805312e-39,2.1369838303110167e-80,2.470518990853505e-58,8.58867067009887e-42,9.956830656996442e-12,5.934141639769877e-07,0.0,0.0,0.0,0.0,0.0
19.48333333333333,0.04680851,0.020870086205565675,0.0,2.6702647083579704e-19,1.038202403376987e-48,5.073430677741573e-39,1.4760438937608484e-80,1.8001048300317164e-58,6.639036175863276e-42,8.573198134250065e-12,4.90814021147216e-07,0.02086959538297133,0.0,0.0,0.0,0.0
19.5,0.04680851,0.026720812089586446,0.0,2.503135906058103e-19,8.629746489300197e-49,4.3305718226778814e-39,1.0194967572018346e-80,1.3115749089498505e-58,5.1317601534171125e-42,7.381036823193886e-12,4.0574715661472373e-07,0.026720406335048793,0.0,0.0,0.0,0.0
19.516666666666666,0.04680851,0.03077011355272317,0.0,2.3464630008898115e-19,7.173130650826581e-49,3.69645467886105e-39,7.041432231809798e-81,9.555956418249018e-59,3.966522947614551e-42,6.353968599136032e-12,3.352562329168761e-07,0.030769778290136284,0.0,0.0,0.0,0.0
19.53333333333333,0.04680851,0.03392784878209733,0.0,2.1995921458708207e-19,5.9623045367483e-49,3.1551656228455694e-39,4.86322963653082e-81,6.962112464771254e-59,3.06574460639382e-42,5.469231948304064e-12,2.7687541250930626e-07,0.033927571901215585,0.0,0.0,0.0,0.0
19.55,0.04680851,0.03653032834444438,0.0,2.061910362361077e-19,4.9558059628645206e-49,2.6931192444103818e-39,3.358746343825959e-81,5.072169724446055e-59,2.369432984867985e-42,4.707188658544877e-12,2.2855004043327877e-07,0.036530099789696756,0.0,0.0,0.0,0.0
19.566666666666663,0.04680851,0.03874510966769762,0.0,1.932842986863837e-19,4.1191648573380626e-49,2.298717816996234e-39,2.319627942086512e-81,3.6951531594540878e-59,1.8311984689900163e-42,4.0508974241549625e-12,1.8856919700542318e-07,0.038744921094449714,0.0,0.0,0.0,0.0
19.58333333333333,0.04680851,0.04066972193149505,0.0,1.8118512772525454e-19,3.423724487232669e-49,1.962060560517917e-39,1.6019471717742752e-81,2.6918886356596814e-59,1.4151712800893211e-42,3.4857453430265862e-12,1.555091055088738e-07,0.04066956641890379,0.0,0.0,0.0,0.0
19.6,0.04680851,0.042366754848448734,0.0,1.6984301684745692e-19,2.8456613475735608e-49,1.674695418012448e-39,1.1062844811132697e-81,1.9609556275529244e-59,1.093617049618324e-42,2.9991294927089256e-12,1.2818568661466786e-07,0.04236662665976299,0.0,0.0,0.0,0.0
19.616666666666667,0.05148936,0.04387918168769884,0.0,1.5921061684023672e-19,2.365170242362984e-49,1.4294071312259558e-39,7.639664029845938e-82,1.4284483137906678e-59,8.450925776351914e-43,2.580181819686128e-12,1.0561481292554192e-07,0.04387907607030573,0.0,0.0,0.0,0.0
19.633333333333333,0.05148936,0.04523800999270691,0.0,1.492435385085073e-19,1.965786724263405e-49,1.2200363084994973e-39,5.275584058290722e-82,1.0405128191946713e-59,6.530194603205724e-43,2.2195314843941565e-12,8.697903994209516e-08,0.04523792301144744,0.0,0.0,0.0,0.0
19.65,0.05148936,0.046466483381346686,0.0,1.3990016771996146e-19,1.6338237477985935e-49,1.04132495388001e-39,3.64297104589867e-82,7.579080731033666e-60,5.045809534436886e-43,1.9090995916498845e-12,7.159977939869981e-08,0.046466411779658184,0.0,0.0,0.0,0.0
19.666666666666668,0.05148936,0.04758256060759789,0.0,1.3114149200112085e-19,1.3579032896548508e-49,8.887845886267131e-40,2.5155318137910193e-82,5.520416913028505e-60,3.8986885883929635e-43,1.6419219182566492e-12,5.891404206492542e-08,0.04758250169191391,0.0,0.0,0.0,0.0
19.683333333333334,0.05148936,0.04860046251239249,0.0,1.2293093796332436e-19,1.1285669318911813e-49,7.585836617721795e-40,1.736972203264217e-82,4.020809726219931e-60,3.012237952051323e-43,1.4119958405134136e-12,4.845501387616463e-08,0.048600414055966615,0.0,0.0,0.0,0.0
19.7,0.05148936,0.049531681882674365,0.0,1.1523421888262726e-19,9.379521000867776e-50,6.474514292511935e-40,1.1993471830610997e-82,2.9284749783217035e-60,2.3272503858065456e-43,1.214148176259498e-12,3.9835845196641995e-08,0.04953164204561502,0.0,0.0,0.0,0.0
19.716666666666665,0.05148936,0.050385667650646435,0.0,1.0801919179976826e-19,7.795228905919161e-50,5.525958934100384e-40,8.281061382771973e-83,2.13282841200753e-60,1.7979603982044077e-43,1.0439210994418123e-12,3.2736131190222406e-08,0.050385634913471325,0.0,0.0,0.0,0.0
19.73333333333333,0.05148936,0.051170303124925015,0.0,1.0125572354589929e-19,6.478462855484869e-50,4.71633746752434e-40,5.7176314551714155e-83,1.5533051175477525e-60,1.3889940262952927e-43,8.974736691026888e-13,2.689064431035748e-08,0.05117027623338323,0.0,0.0,0.0,0.0
19.75,0.05148936,0.05189224924270996,0.0,9.491556513683618e-20,5.384061047986405e-50,4.025305643762095e-40,3.947620716596448e-83,1.1312123451989363e-60,1.0730104430288718e-43,7.714968470728852e-13,2.2079950079200423e-08,0.05189222716198838,0.0,0.0,0.0,0.0
19.766666666666666,0.05148936,0.05255719663826173,0.0,8.897223401340436e-20,4.474483330787e-50,3.4354974621825174e-40,2.7254851706011916e-83,8.237929246504348e-61,8.28878553594035e-44,6.631401663790774e-13,1.812259654266439e-08,0.052557178515002044,0.0,0.0,0.0,0.0
19.78333333333333,0.056170214,0.0848709654491164,0.0,8.340090363797858e-20,3.718525329823687e-50,2.9320892937542026e-40,1.8816610979579653e-83,5.998996225562709e-61,6.402672803343424e-44,5.699484613984527e-13,1.4868617719176794e-08,0.05317003960523804,0.031700910974690695,0.0,0.0,0.0
19.8,0.056170214,0.09148463116945424,0.0,7.817829998797404e-20,3.090249456505365e-50,2.502427778873598e-40,1.2990569897655099e-83,4.36843401405256e-61,4.945557252260672e-44,4.898072862864231e-13,1.2194133419922408e-08,0.0537350822062143,0.03774953676861671,0.0,0.0,0.0
19.816666666666663,0.056170214,0.09592118232894473,0.0,7.32826045156252e-20,2.5680962241919484e-50,2.135712171330678e-40,8.968178679233703e-84,3.18097079587792e-61,3.8199066169318023e-44,4.208958346486683e-13,9.996863214286319e-09,0.054256052021914025,0.04166512030974658,0.0,0.0,0.0
19.83333333333333,0.056170214,0.09931537675987356,0.0,6.869336317030033e-20,2.1341454703263488e-50,1.8227231640422947e-40,6.191125205296062e-84,2.3162228650814005e-61,2.9503525340660396e-44,3.6164633471741403e-13,8.192402074279893e-09,0.0547362562009614,0.04457911236614844,0.0,0.0,0.0
19.85,0.056170214,0.10206988012393467,0.0,6.439140110480835e-20,1.7735022054323327e-50,1.5555913968855124e-40,4.273898885324028e-84,1.686505716710847e-61,2.2786561735101975e-44,3.1070903379594655e-13,6.711130230629692e-09,0.05517863290375905,0.04689124050873467,0.0,0.0,0.0
19.866666666666667,0.056170214,0.10438047722606221,0.0,6.035874271075376e-20,1.473786071659878e-50,1.3275998413774063e-40,2.950314108222296e-84,1.2279541489109163e-61,1.7598168568482767e-44,2.6692200637629497e-13,5.495650754047491e-09,0.055585807228179074,0.04879466450196546,0.0,0.0,0.0
19.883333333333333,0.056170214,0.10635932909886445,0.0,5.657853665013603e-20,1.224706936866985e-50,1.133015105986002e-40,2.0365808735157741e-84,8.940532644634752e-62,1.3590642862126677e-44,2.2928512464954405e-13,4.498665968715885e-09,0.05596013662986608,0.050399187970103114,0.0,0.0,0.0
19.9,0.056170214,0.10807766831961034,0.0,5.303498557122596e-20,1.0177120963581074e-50,9.669434307532367e-41,1.4058030855992342e-84,6.50925962589173e-62,1.0495338377495952e-44,1.969376203108147e-13,3.6812185456650105e-09,0.05630374815539919,0.05177391648279567,0.0,0.0,0.0
19.916666666666668,0.056170214,0.10958408263241182,0.0,4.971328021613893e-20,8.456930039586923e-51,8.252077588114035e-41,9.703687121716575e-85,4.739001014867059e-62,8.104698685205326e-45,1.6913874451340501e-13,3.0112354639377318e-09,0.05661856922526724,0.05296551039573997,0.0,0.0,0.0
19.933333333333334,0.056170214,0.11091350205097994,0.0,4.659953764585601e-20,7.027414907770808e-51,7.042428007803083e-41,6.697898681792032e-85,3.4500791998028275e-62,6.258371644702917e-45,1.4525110019907993e-13,2.4623233499192424e-09,0.0569063532842024,0.054007146304308945,0.0,0.0,0.0
19.95,0.056170214,0.11209207158895393,0.0,4.368074332551014e-20,5.839471233533499e-51,6.010054591649576e-41,4.623063861857667e-85,2.511646017878795e-62,4.8324785823675316e-45,1.247262792497657e-13,2.0127723330629866e-09,0.05716870132965605,0.05492336824640083,0.0,0.0,0.0
19.966666666666665,0.056170214,0.11313999566707644,0.0,4.094469682885819e-20,4.852287607789864e-51,5.128983650345474e-41,3.1908822352600264e-85,1.828415733242973e-62,3.7313217728214175e-45,1.0709248720736794e-13,1.6447327621998532e-09,0.05740708010198573,0.055732913920250864,0.0,0.0,0.0
19.98333333333333,0.056170214,0.11407329733988444,0.0,3.83799609358633e-20,4.0319454089705456e-51,4.3770460809402643e-41,2.202324235573223e-85,1.3310018739197595e-62,2.880976436791283e-45,9.194388176254665e-14,1.3435351404890434e-09,0.0576228375496671,0.05645045844659027,0.0,0.0,0.0
20.0,0.060851064,0.11490495827868855,0.0,3.597581391145912e-20,3.350254988678877e-51,3.735320219985555e-41,1.5199922452121708e-85,9.688791957442329e-63,2.224339185891828e-45,7.893138874733934e-14,1.0971286524144628e-09,0.05781721605389238,0.05708774112758858,0.0,0.0,0.0
20.016666666666666,0.060851064,0.11564568643881788,0.0,3.372220476677847e-20,2.783788304698685e-51,3.187656264379332e-41,1.0490378363357605e-85,7.052577834597895e-63,1.7173020358337462e-45,6.775479178205679e-14,8.956178358422445e-10,0.05799136379826921,0.05765432174486308,0.0,0.0,0.0
20.03333333333333,0.060851064,0.11630444997233644,0.0,3.1609711316542414e-20,2.313074851589021e-51,2.720270321379848e-41,7.239867735997413e-86,5.133499044449714e-63,1.3257962443524451e-45,5.815591971800779e-14,7.308804328645149e-10,0.058146344593167934,0.05815810464822991,0.0,0.0,0.0
20.05,0.056170214,0.116888858924944,0.0,2.962950085793886e-20,1.92193333133142e-51,2.3213978961501053e-41,4.996430431844203e-86,3.73651276387233e-63,1.0235083116314245e-45,4.991278018500829e-14,5.962523498481744e-10,0.05828314640494314,0.058605711923698595,0.0,0.0,0.0
20.066666666666663,0.056170214,0.11740544466973815,0.0,2.7773293307226263e-20,1.5969161556150235e-51,1.980998116539798e-41,3.448091830868865e-86,2.7196116197097335e-63,7.90115377868868e-46,4.28345084154704e-14,4.862680661547723e-10,0.05840268879368084,0.05900275538974641,0.0,0.0,0.0
20.08333333333333,0.056170214,0.11785986875499316,0.0,2.6033326640508065e-20,1.3268477363736644e-51,1.6905012679911067e-41,2.3795103681471246e-86,1.979405557771215e-63,6.0992195642464344e-46,3.67570185247559e-14,3.9644683318138157e-10,0.0585058294262742,0.05935403893223538,0.0,0.0,0.0
20.1,0.056170214,0.11825708186499712,0.0,2.4402324494743775e-20,1.1024407343224423e-51,1.4425932983745576e-41,1.6420493731891324e-86,1.4406225477651144e-63,4.708067647591401e-46,3.1539259968965794e-14,3.231166683369719e-10,0.05859336980227018,0.059663711739578726,0.0,0.0,0.0
20.116666666666667,0.056170214,0.11860144677969331,0.0,2.2873465794014585e-20,9.15977106390357e-52,1.231031880452624e-41,1.133116819243531e-86,1.0484632223595226e-63,3.6340914755744766e-46,2.7059995312246615e-14,2.632695289130815e-10,0.058666060306379074,0.05993538621001765,0.0,0.0,0.0
20.133333333333333,0.060851064,0.11889683486733207,0.0,2.1440356274510333e-20,7.610430135120601e-52,1.0504894118056508e-41,7.819033213004872e-87,7.630338598382932e-64,2.805006097626701e-46,2.3215027006784977e-14,2.144421958591399e-10,0.05872460468252651,0.060172229970340156,0.0,0.0,0.0
20.15,0.060851064,0.11914670279353422,0.0,2.009700178960808e-20,6.323084962075763e-52,8.964190082865933e-42,5.395371574243171e-87,5.5529284904000685e-64,2.1649936072725023e-46,1.9914810870959577e-14,1.7461834676248248e-10,0.058769664008888334,0.06037703861000762,0.0,0.0,0.0
20.166666666666668,0.060851064,0.11935415421966913,0.0,1.8837783283810462e-20,5.253443599096818e-52,7.649401243493758e-42,3.722885017281454e-87,4.040992618400437e-64,1.6709534076769213e-46,1.708240256151566e-14,1.4214808386043612e-10,0.058801860240740286,0.060552293836763686,0.0,0.0,0.0
20.183333333333334,0.060851064,0.11952198995671928,0.0,1.7657433331264435e-20,4.364699876341884e-52,6.527409264038098e-42,2.5687857341319304e-87,2.940639482891897e-64,1.2896059696373513e-46,1.4651690761933092e-14,1.1568183420663381e-10,0.05882177937760134,0.06070021046342145,0.0,0.0,0.0
20.2,0.060851064,0.11965274913041377,0.0,1.6551014141092803e-20,3.626268579837444e-52,5.569949660387678e-42,1.7724180505481602e-87,2.139849875676708e-64,9.952558994326958e-47,1.2565877213210005e-14,9.411607811674329e-11,0.05882997430260613,0.060822774733679,0.0,0.0,0.0
20.216666666666665,0.060851064,0.11974874326843844,0.0,1.551389693787842e-20,3.0127342794430496e-52,4.7529005907906734e-42,1.2229100263271394e-87,1.557086239178341e-64,7.680642939769208e-47,1.0776169235211868e-14,7.654880784186303e-11,0.05882696733495698,0.06092177585692188,0.0,0.0,0.0
20.23333333333333,0.060851064,0.11981208475655758,0.0,1.4541742631364612e-20,2.5029777265334073e-52,4.0556758300533404e-42,8.43748349867545e-88,1.1330000009551197e-64,5.927144825950309e-47,9.240655147372094e-15,6.224298696531695e-11,0.05881325253040402,0.06099883216390133,0.0,0.0,0.0
20.25,0.060851064,0.1198447107720075,0.0,1.3630483694801036e-20,2.07944983387321e-52,3.4607066696233445e-42,5.82132020009102e-88,8.243944897467926e-65,4.573816192290979e-47,7.923337101386699e-15,5.059658552093818e-11,0.05878929775976378,0.06105541296163922,0.0,0.0,0.0
20.266666666666666,0.060851064,0.11984840355239947,0.0,1.277630717640335e-20,1.7275683129163736e-52,2.95299971973423e-42,4.01624494679923e-88,5.998300515898008e-65,3.5293695877182203e-47,6.7932993757590225e-15,4.111801728361522e-11,0.05875554659133727,0.061092856919937384,0.0,0.0,0.0
20.28333333333333,0.060851064,0.11982480767132504,0.0,1.1975638773102742e-20,1.4352162520276205e-52,2.5197594967211073e-42,2.770824885601014e-88,4.364247512995266e-65,2.7233338891997654e-47,5.823993230498612e-15,3.340601321997256e-11,0.05871241999958837,0.061112387638324835,0.0,0.0,0.0
20.3,0.060851064,0.1197754448504351,0.0,1.1225127900198525e-20,1.1923254170857432e-52,2.1500663064187047e-42,1.9115610878846747e-88,3.1752548051223154e-65,2.1013094734902208e-47,4.992622047196938e-15,2.7133136290635684e-11,0.058660317919479815,0.06111512690381716,0.0,0.0,0.0
20.316666666666663,0.060851064,0.11970172672973664,0.0,1.0521633694662527e-20,9.905299634281983e-53,1.834601324060071e-42,1.3187349872167948e-88,2.310127177200577e-65,1.621304468167174e-47,4.279612743082123e-15,2.2032283955151344e-11,0.058599620663344856,0.06110210604435521,0.0,0.0,0.0
20.33333333333333,0.060851064,0.11960496593454478,0.0,9.86221189373846e-21,8.2287866478289e-53,1.5654119571864873e-42,9.097397097179183e-89,1.6806657039345614e-65,1.2509058680615494e-47,3.6681613975971066e-15,1.788564106122769e-11,0.058530690215024786,0.061074275701630695,0.0,0.0,0.0
20.35,0.060851064,0.11948638571271171,0.0,9.24410253412726e-21,6.835957735400729e-53,1.3357115905337233e-42,6.275770911970531e-89,1.2226860849589639e-65,9.650953541121506e-48,3.1438427097585014e-15,1.4515641622105059e-11,0.05845387141416437,0.06103251428402856,0.0,0.0,0.0
20.366666666666667,0.060851064,0.11934712836490033,0.0,8.664718420461875e-21,5.678822962859807e-53,1.1397086760725215e-42,4.329197002807861e-89,8.894813095236235e-66,7.445629480325514e-48,2.69427435129692e-15,1.177757687720876e-11,0.05836949304197881,0.06097763531114125,0.0,0.0,0.0
20.383333333333333,0.060851064,0.11918826265046512,0.0,8.121634314982456e-21,4.717508562040784e-53,9.724608690704249e-43,2.986331283612677e-89,6.470635722341508e-66,5.744050790578499e-48,2.308828526550401e-15,9.553551952907305e-12,0.05827786881844773,0.06091039382246152,0.0,0.0,0.0
20.4,0.060851064,0.11901079031947562,0.0,7.612576803330354e-21,3.9188846732349903e-53,8.297505407153831e-43,2.059961084961277e-89,4.707012850031564e-66,4.431194699280111e-48,1.978384123007787e-15,7.747546841079296e-12,0.05817929831971787,0.06083149199200822,0.0,0.0,0.0
20.416666666666668,0.060851064,0.11881565189573409,0.0,7.13541479419156e-21,3.255425042051932e-53,7.07978535311353e-43,1.4209227777022418e-89,3.423987471002765e-66,3.4182919998306756e-48,1.6951137601994926e-15,6.2813813176805655e-12,0.058074067823479764,0.06074158406597125,0.0,0.0,0.0
20.433333333333334,0.060851064,0.11860373181490558,0.0,6.688150613163683e-21,2.7042594739115955e-53,6.040734988256815e-43,9.801045238133251e-90,2.4906192527135303e-66,2.6368371179128512e-48,1.4523008399660535e-15,5.091419504323753e-12,0.05796245108920151,0.060641280720611195,0.0,0.0,0.0
20.45,0.060851064,0.11837586300503768,0.0,6.268911653696334e-21,2.2463864712156764e-53,5.154144971526685e-43,6.760281783527275e-90,1.8116360201514028e-66,2.0339642776706272e-48,1.2441823857727934e-15,4.125879414025139e-12,0.05784471007933317,0.06053115292157738,0.0,0.0,0.0
20.466666666666665,0.060851064,0.11813283098299254,0.0,5.875942550276589e-21,1.866018981703337e-53,4.39764976697551e-43,4.662810014383712e-90,1.317719661075841e-66,1.568878333053037e-48,1.0658140480349385e-15,3.3426371576677425e-12,0.0577210956269255,0.06041173535272335,0.0,0.0,0.0
20.48333333333333,0.060851064,0.11787537752901092,0.0,5.5075978412074055e-21,1.5500407604098482e-53,3.752164051731217e-43,3.2160381272242936e-90,9.584371034454931e-67,1.2100997993112924e-48,9.129541595856226e-16,2.7074354605497887e-12,0.057591848054519015,0.060283529471783566,0.0,0.0,0.0
20.5,0.060851064,0.11760420399229793,0.0,5.162335090366349e-21,1.2875546489939976e-53,3.201401740065256e-43,2.2181209965299816e-90,6.970962773991416e-67,9.333384235431282e-49,7.819641618649432e-16,2.192422523855792e-12,0.05745719774864386,0.06014700624146086,0.0,0.0,0.0
20.516666666666666,0.060851064,0.11731997427277771,0.0,4.838708439247793e-21,1.0695072354173287e-53,2.7314655159372827e-43,1.5298184059184862e-90,5.070029691110341e-67,7.198519520145645e-49,6.697230979490263e-16,1.7749607027481536e-12,0.0573173656938193,0.06000260857718277,0.0,0.0,0.0
20.53333333333333,0.056170214,0.11702331751770598,0.0,4.535362562381178e-21,8.883769824975672e-54,2.3304965403562974e-43,1.0550794512352799e-90,3.687371334359453e-67,5.5517942883102504e-49,5.735541916404041e-16,1.4366554871595181e-12,0.057172563969541,0.059850753546727746,0.0,0.0,0.0
20.55,0.056170214,0.11671483056642551,0.0,4.2510270009044825e-21,7.379150958404094e-54,1.9883755140197407e-43,7.276476158362721e-91,2.681710674336382e-67,4.281635913069425e-49,4.911618097992855e-16,1.1625642963898452e-12,0.05702299621339373,0.05969183435186872,0.0,0.0,0.0
20.566666666666663,0.056170214,0.1163950801719997,0.0,3.984510850644089e-21,6.129302149931381e-54,1.6964675680097484e-43,5.018197484019823e-91,1.950274213883979e-67,3.301964081114538e-49,4.2057734418908645e-16,9.405519906512245e-13,0.05686885805311385,0.05952622211794489,0.0,0.0,0.0
20.58333333333333,0.056170214,0.11606460502461904,0.0,3.734697782532384e-21,5.091095186236518e-54,1.4474045583315265e-43,3.460709191391719e-91,1.4183002788850093e-67,2.5463684683373892e-49,3.601127547548127e-16,7.607660548810312e-13,0.05671033751014982,0.0593542675137081,0.0,0.0,0.0
20.6,0.056170214,0.11572391759842153,0.0,3.500541374580665e-21,4.2287008686301214e-54,1.2348992814978079e-43,2.3865647041769874e-91,1.0314056084510436e-67,1.9636156962315376e-49,3.083206931101607e-16,6.152093634166289e-13,0.05654761537702467,0.059176302220781345,0.0,0.0,0.0
20.616666666666667,0.056170214,0.11537350584059433,0.0,3.281060735922681e-21,3.512354046650206e-54,1.0535869318530472e-43,1.6457812026059383e-91,7.500316987825172e-68,1.5141822024265632e-49,2.6396027709108355e-16,4.973924864840848e-13,0.05638086557058382,0.05899264026951286,0.0,0.0,0.0
20.633333333333333,0.056170214,0.11501383471925766,0.0,3.0753364046614047e-21,2.9173275488527197e-54,8.988898071054709e-44,1.13491095351948e-91,5.454043738809901e-68,1.167578865280525e-49,2.2596771800064216e-16,4.020508135320821e-13,0.05621025546301775,0.058803579255837644,0.0,0.0,0.0
20.65,0.05148936,0.11464534764460797,0.0,2.8825065023971128e-21,2.4230796847600364e-54,7.669018538308553e-44,7.826044467626686e-92,3.965943483022025e-68,9.002866473536565e-50,1.9343111459684826e-16,3.2491447774504504e-13,0.05603594619237581,0.05860940145190705,0.0,0.0,0.0
20.666666666666668,0.056170214,0.1142684677760483,0.0,2.7017631293805855e-21,2.0125459641998393e-54,6.542901442431561e-44,5.39651882801081e-92,2.883788265105874e-68,6.941637631623658e-50,1.6556882452394183e-16,2.625212801557936e-13,0.055858092954129815,0.05841037482165579,0.0,0.0,0.0
20.683333333333334,0.05148936,0.11388359922653536,0.0,2.532348985242761e-21,1.6715506431576256e-54,5.582108018669888e-44,3.721139673438777e-92,2.0968588758828666e-68,5.352167105700566e-50,1.4171090696612209e-16,2.1206462052457227e-13,0.05567684527520857,0.05820675395111459,0.0,0.0,0.0
20.7,0.05148936,0.1134911281740672,0.0,2.373554201190098e-21,1.3883178292843888e-54,4.762372576086056e-44,2.5658375939659988e-92,1.5246285741713475e-68,4.1265207719913726e-50,1.2128320170804418e-16,1.712699192402882e-13,0.05549234727179668,0.057998780902099124,0.0,0.0,0.0
20.716666666666665,0.05148936,0.11309142388911193,0.0,2.2247133704398373e-21,1.153065307126896e-54,4.0629902826425845e-44,1.7691852152995607e-92,1.108531314419405e-68,3.1814499927046763e-50,1.0379367115376191e-16,1.3829422032901708e-13,0.05530473789208161,0.05778668599689193,0.0,0.0,0.0
20.73333333333333,0.05148936,0.11268483968579192,0.0,2.085202764493696e-21,9.576670907638533e-55,3.466294745357834e-44,1.2198555636490819e-92,8.059738891863876e-69,2.4527478876437065e-50,8.882068459042513e-17,1.1164464970092848e-13,0.055114151145028156,0.05757068854065203,0.0,0.0,0.0
20.75,0.05148936,0.11227171380378373,0.0,1.9544377236258147e-21,7.953730777545337e-55,2.95721221813327e-44,8.410746065583297e-93,5.859804296085011e-69,1.8908954278633075e-50,7.600296929587936e-17,9.011220555147758e-14,0.05492071631617038,0.057350997487523155,0.0,0.0,0.0
20.766666666666666,0.05148936,0.11185237022714503,0.0,1.8318702106864718e-21,6.60576144482888e-55,2.522881200240665e-44,5.798980629010001e-93,4.2602434877601047e-69,1.4577026850817947e-50,6.503099202067589e-17,7.271801252546878e-14,0.05472455817132764,0.0571278120557446,0.0,0.0,0.0
20.78333333333333,0.04680851,0.11142711944562111,0.0,1.71698651800495e-21,5.486186567338069e-55,2.152327835908296e-44,3.998157047763844e-93,3.0972405569182835e-69,1.1237178629081455e-50,5.563956782069272e-17,5.866970499699029e-14,0.054525797149076,0.05690132229648638,0.0,0.0,0.0
20.8,0.04680851,0.11099625916340967,0.0,1.6093051178138261e-21,4.556317268526302e-55,1.8361889314325588e-44,2.756507139653736e-93,2.2516697704029286e-69,8.662286668242396e-51,4.7601521947013636e-17,4.7326039817495785e-14,0.05432454954274023,0.056671709620622075,0.0,0.0,0.0
20.816666666666663,0.04680851,0.11056007495985123,0.0,1.5083746472159274e-21,3.784016768097935e-55,1.5664756061255124e-44,1.9004196062859567e-93,1.6369059866247056e-69,6.677206445845734e-51,4.0722255177175903e-17,3.8168193292807775e-14,0.05412092767260867,0.05643914728720436,0.0,0.0,0.0
20.83333333333333,0.04680851,0.11011884090606408,0.0,1.4137720192758216e-21,3.1425910372261968e-55,1.3363716174147426e-44,1.3101801575973344e-93,1.1899592604598265e-69,5.146880530555719e-51,3.4835084166418206e-17,3.0776485807548355e-14,0.05391504004901798,0.05620380085701528,0.0,0.0,0.0
20.85,0.04680851,0.10967282014114824,0.0,1.3251006523458994e-21,2.6098672312306895e-55,1.1400612743038842e-44,9.032411082443866e-94,8.650272755272945e-70,3.967166700259658e-51,2.9797246599067445e-17,2.4811512547265797e-14,0.053706991526905314,0.05596582861421808,0.0,0.0,0.0
20.866666666666667,0.04680851,0.10922226541122751,0.0,1.2419888102285726e-21,2.1674281229624673e-55,9.725825991796107e-45,6.22683790025219e-94,6.288063205699557e-70,3.057763821833017e-51,2.5486476549776347e-17,1.999885007775828e-14,0.05349688345237761,0.055725381958829874,0.0,0.0,0.0
20.883333333333333,0.04680851,0.10876741957428546,0.0,1.1640880462399011e-21,1.7999761361909593e-55,8.297020343957868e-45,4.292621928436791e-94,4.5708126370958116e-70,2.3567558746244733e-51,2.1798068884444116e-17,1.6116664214373645e-14,0.05328481380180609,0.05548260577246322,0.0,0.0,0.0
20.9,0.04680851,0.108308516073478,0.0,1.0910717446737506e-21,1.4948050450528088e-55,7.078075332024064e-45,2.959163491248367e-94,3.3224572384831765e-70,1.816404115750549e-51,1.8642363052535326e-17,1.2985671251337471e-14,0.05307087731391751,0.05523763875954748,0.0,0.0,0.0
20.916666666666668,0.04680851,0.1078457793813499,0.0,1.022633753571591e-21,1.2413611168306918e-55,6.038173380855562e-45,2.039889054173531e-94,2.4149874369498965e-70,1.3999019581011624e-51,1.5942586513720496e-17,1.046100760758068e-14,0.05285516561531591,0.054990613766023516,0.0,0.0,0.0
20.933333333333334,0.042127658,0.10737942541716583,0.0,9.584871030845833e-22,1.0308785587859783e-55,5.151021451286574e-45,1.4061622283140436e-94,1.755334472549178e-70,1.0788723808694883e-51,1.3633006532521107e-17,8.425646673875804e-15,0.052637767339838805,0.05474165807731859,0.0,0.0,0.0
20.95,0.042127658,0.10690966193936466,0.0,8.983628040718918e-22,8.560766915981607e-56,4.3941869054726284e-45,9.692942293711771e-95,1.2758348276792918e-70,8.314380310059993e-52,1.1657346362461841e-17,6.785069697699212e-15,0.05241876824212106,0.054490893697236795,0.0,0.0,0.0
20.966666666666665,0.042127658,0.10643668891497035,0.0,8.420087219142425e-22,7.109084004096658e-56,3.748530835991288e-45,6.681395360954196e-95,9.272965093596028e-71,6.407330082225921e-52,9.967428096110283e-18,5.46295283665716e-15,0.052198251305713934,0.054238437609250935,0.0,0.0,0.0
20.98333333333333,0.042127658,0.1059606988676307,0.0,7.891885208357544e-22,5.903511828139679e-56,3.197724558779848e-45,4.605428939353769e-95,6.739573772100147e-71,4.937552842356272e-52,8.522009825197789e-18,4.397677427323889e-15,0.051976296846081245,0.053984402021545044,0.0,0.0,0.0
21.0,0.037446808,0.10548187720581206,0.0,7.39680674321382e-22,4.902335822830511e-56,2.7278370676145472e-45,3.174420068668159e-95,4.8981931597287175e-71,3.804818168717967e-52,7.285789361242813e-18,3.5395069918009126e-15,0.05175298260877227,0.05372889459703624,0.0,0.0,0.0
21.016666666666666,0.037446808,0.10500040253254952,0.0,6.932775374937001e-22,4.0709101610044208e-56,2.326983037822229e-45,2.1880141589132218e-95,3.5598285945444383e-71,2.9318624629777063e-52,6.228550719429645e-18,2.84830411718156e-15,0.05152838386305085,0.05347201866949583,0.0,0.0,0.0
21.03333333333333,0.037446808,0.10451644693803241,0.0,6.497844775709433e-22,3.3804602090599246e-56,1.985022494386156e-45,1.50809016204326e-95,2.5870927858708093e-71,2.2591281136918925e-52,5.324432959487349e-18,2.291684378013872e-15,0.05130257349123924,0.053213873446790884,0.0,0.0,0.0
21.05,0.037446808,0.10403017627620285,0.0,6.090190587715188e-22,2.807087814029499e-56,1.693304563055022e-45,1.0394317005278393e-95,1.880116213236611e-71,1.7407073050544533e-52,4.551303886467977e-18,1.843523974256203e-15,0.05107562207402019,0.05295455420218082,0.0,0.0,0.0
21.066666666666663,0.037446808,0.10354175042644703,0.0,5.708102782569819e-22,2.3309450765713454e-56,1.4444488353300793e-45,7.16400872235432e-96,1.3663035288947102e-71,1.3412147231420569e-52,3.890223609878938e-18,1.4827535776385865e-15,0.0508475979719224,0.05269415245452315,0.0,0.0,0.0
21.08333333333333,0.037446808,0.103051323541371,0.0,5.349978499189658e-22,1.9355480785166751e-56,1.2321588273278035e-45,4.937507591577648e-96,9.928863152468075e-72,1.0333765092553296e-52,3.3249851002317726e-18,1.1923837095784848e-15,0.05061856740319961,0.05243275613817021,0.0,0.0,0.0
21.1,0.03276596,0.10255904428157908,0.0,5.014315330155345e-22,1.6072068639026309e-56,1.0510628224237242e-45,3.4029141602638453e-96,7.215089668155586e-72,7.961714743795529e-53,2.8417207180659275e-18,9.587173763186985e-16,0.05038859451830186,0.05217044976327625,0.0,0.0,0.0
21.116666666666667,0.03276596,0.1020650560382959,0.0,4.699705028494811e-22,1.3345519851509788e-56,8.965780786782841e-46,2.345231850099596e-96,5.242927436320458e-72,6.133981204760241e-53,2.428565265095069e-18,7.707141189618527e-16,0.05015774147112206,0.05190731456717307,0.0,0.0,0.0
21.133333333333333,0.03276596,0.10156949714460975,0.0,4.404827608568928e-22,1.1081412595859478e-56,7.64794971768378e-46,1.6162635168571918e-96,3.8097449376209554e-72,4.725699591346279e-53,2.0753674574415044e-18,6.194764691179028e-16,0.04992606848718972,0.05164342865741941,0.0,0.0,0.0
21.15,0.028085107,0.10107250107605895,0.0,4.1284458163911784e-22,9.201331507413992e-57,6.523781473563427e-46,1.1138588953510702e-96,2.7682666886917155e-72,3.640639399477128e-53,1.7734428788136107e-18,4.978353367812802e-16,0.04969363392897482,0.05137886714708362,0.0,0.0,0.0
21.166666666666668,0.028085107,0.10057419664122377,0.0,3.8693999462537837e-22,7.640154893741887e-57,5.564821862109106e-46,7.676085983868937e-97,2.0114533196511892e-72,2.8046401468905634e-53,1.515362464280017e-18,4.000153409407411e-16,0.049460494358451845,0.05111370228277152,0.0,0.0,0.0
21.183333333333334,0.028085107,0.10007470816294123,0.0,3.6266029819811503e-22,6.343801601313969e-57,4.746796517847866e-46,5.289823167515308e-97,1.4615107957578404e-72,2.160551375247486e-53,1.2947714164920923e-18,3.213647243374412e-16,0.04922670459706637,0.05084800356587454,0.0,0.0,0.0
21.2,0.023404256,0.0995741556507111,0.0,3.399036042487854e-22,5.267359673072586e-57,4.048997025858678e-46,3.64530752595074e-97,1.0619013373210984e-72,1.6643323733955826e-53,1.1062341859294239e-18,2.5813743326949827e-16,0.04899231778323655,0.050581837867474284,0.0,0.0,0.0
21.216666666666665,0.023404256,0.09907265496482481,0.0,3.1857441125903612e-22,4.373532118454848e-57,3.453757184424236e-46,2.5119957983891365e-97,7.715363829207849e-73,1.2820459101683598e-53,9.451017722894028e-19,2.0731732249790276e-16,0.04875738542751571,0.05031526953730889,0.0,0.0,0.0
21.23333333333333,0.023404256,0.09857031797270659,0.0,2.9858320412136707e-22,3.6313460717860276e-57,2.946006173828342e-46,1.7309933032948513e-97,5.605557202394381e-73,9.87541123316613e-54,8.073981403368829e-19,1.6647637049087832e-16,0.0485219574655322,0.05004836050717422,0.0,0.0,0.0
21.25,0.023404256,0.09806725269792427,0.0,2.7984607902511567e-22,3.015080714497255e-57,2.512887340720044e-46,1.1927890219509807e-97,4.072596033534222e-73,7.60667635335009e-54,6.897230031074638e-19,1.3366034771385284e-16,0.048286082308817604,0.04978117038910654,0.0,0.0,0.0
21.266666666666666,0.018723404,0.09756356346229447,0.0,2.6228439183850553e-22,2.50337689528936e-57,2.1434329646733458e-46,8.219088738830998e-98,2.9587895641136824e-73,5.858991462636281e-54,5.891686192335352e-19,1.072966403711366e-16,0.04804980689362717,0.049513756568667196,0.0,0.0,0.0
21.28333333333333,0.018723404,0.0970593510214765,0.0,2.4582442851549472e-22,2.0784976610405548e-57,1.8282867875934306e-46,5.66337761155543e-98,2.1495475340835034e-73,4.512726475433416e-54,5.032485887047542e-19,8.611995063101706e-17,0.04781317672784955,0.04924617429362687,0.0,0.0,0.0
21.3,0.018723404,0.09655471269442467,0.0,2.303970961485063e-22,1.725714126630333e-57,1.5594672931334874e-46,3.9022870046998075e-98,1.5616017637672952e-73,3.4757090642435497e-54,4.298369206212503e-19,6.911241786752676e-17,0.04757623593609874,0.04897847675832586,0.0,0.0,0.0
21.316666666666663,0.018723404,0.09604974248704229,0.0,2.159376333741918e-22,1.4327954439544947e-57,1.3301657527319104e-46,2.6887768298566534e-98,1.1344459843695037e-73,2.6769244993854894e-54,3.671158943384903e-19,5.5455371057128754e-17,0.04733902730307488,0.04871071518396734,0.0,0.0,0.0
21.33333333333333,0.0140425535,0.09554453121035587,0.0,2.0238533892040823e-22,1.189585228788246e-57,1.1345739332428992e-46,1.8526022669817017e-98,8.24114733685259e-74,2.0616605896158337e-54,3.135314477514253e-19,4.44904603333745e-17,0.047101592315274665,0.04844293889508117,0.0,0.0,0.0
21.35,0.0140425535,0.09503916659351269,0.0,1.8968331715847078e-22,9.876497930621176e-58,9.677371105828378e-47,1.276443315676701e-98,5.9866227440984284e-74,1.5877663614679492e-54,2.6775500839173947e-19,3.5688350247152434e-17,0.046863971201130415,0.04817519539238225,0.0,0.0,0.0
21.366666666666667,0.0140425535,0.0945339319724182,0.0,1.7777823959577276e-22,8.199860127376796e-58,8.254286732595123e-47,8.794533489239598e-99,4.3487705219816336e-74,1.222769071461743e-54,2.286508388615598e-19,2.8623508275320835e-17,0.04662620296964956,0.04790753042222948,1.9858053913774004e-07,0.0,0.0
21.383333333333333,0.0140425535,0.09403502032553016,0.0,1.6662012131048726e-22,6.807787235596966e-58,7.040431452429182e-47,6.0592104267845225e-99,3.158940960571987e-74,9.41652696459278e-55,1.9524810163040553e-19,2.2953905569848058e-17,0.04638832544762285,0.047639988042877175,6.706835030113939e-06,0.0,0.0
21.4,0.0140425535,0.0935721719966978,0.0,1.5616211139274423e-22,5.651992497281286e-58,6.005049231427617e-47,4.174565126134501e-99,2.2945999294241234e-74,7.251461803577036e-55,1.667169625745413e-19,1.840467579292209e-17,0.04615037531546791,0.04737261068770172,4.9185993528156106e-05,0.0,0.0
21.416666666666668,0.0140425535,0.09321085255705437,0.0,1.4636029651499695e-22,4.692380931352344e-58,5.121904198296295e-47,2.8760633431185013e-99,1.6667210556333302e-74,5.584045040284535e-55,1.4234815057896487e-19,1.4754962617788476e-17,0.04591238814176866,0.04710543922556894,0.00019302518971677608,0.0,0.0
21.433333333333334,0.0140425535,0.09305067527908882,0.0,1.3717351680941226e-22,3.8956599240549064e-58,4.3686164550822156e-47,1.9814251731150556e-99,1.2106242737827074e-74,4.299924599793269e-55,1.2153547440308258e-19,1.1827335565064154e-17,0.04567439841656915,0.04683851301850113,0.0005377638440185321,0.0,0.0
21.45,0.0140425535,0.09321460375469395,0.0,1.2856319328143334e-22,3.2341854236980564e-58,3.7260954637408016e-47,1.365051233136733e-99,8.79318829490146e-75,3.311016808119455e-55,1.0376086984389375e-19,9.479274142486063e-18,0.04543643958347652,0.04657186997678913,0.0012062941944283086,0.0,0.0
21.466666666666665,0.018723404,0.09383414648454298,0.0,1.2049316603706935e-22,2.6850037971940257e-58,3.178056676637333e-47,9.403992968984296e-100,6.38666208859183e-75,2.5494739984155473e-55,8.858161174246157e-20,7.596317303068852e-18,0.04519854407062603,0.04630554661168829,0.0023300558022286556,0.0,0.0
21.48333333333333,0.018723404,0.09503437071897057,0.0,1.1292954264655832e-22,2.229056175804047e-58,2.7106091837040123e-47,6.478399577414018e-100,4.638655333415003e-75,1.9630369918475383e-55,7.561937804925237e-20,6.086553510573696e-18,0.04496074332055708,0.04603957808582624,0.004034049312587247,0.0,0.0
21.5,0.018723404,0.09692110129293252,0.0,1.0584055600955982e-22,1.8505177402871227e-58,2.311903944606858e-47,4.462880725962723e-100,3.368999136265547e-75,1.5114546236182513e-55,6.455089826013313e-20,4.8761898210426664e-18,0.04472306781904716,0.04577399826144304,0.006424035212442314,0.0,0.0
21.516666666666666,0.023404256,0.09957149166752162,0.0,9.919643112671955e-23,1.5362490655838634e-58,1.9718337062651287e-47,3.07436172904286e-100,2.446810606710824e-75,1.1637254033552762e-55,5.509995714358324e-20,3.905989278717007e-18,0.04448554712294867,0.045508839746577615,0.00957710479799532,0.0,0.0
21.53333333333333,0.028085107,0.1030283113711808,0.0,9.296926021973588e-23,1.2753405236996866e-58,1.6817770131136877e-47,2.1178090926905281e-100,1.7770125634672863e-75,8.959725936993902e-56,4.7030557732162017e-20,3.128406945699588e-18,0.04424820988706996,0.04524413393930529,0.01353596754480556,0.0,0.0
21.55,0.03276596,0.10729774717368777,0.0,8.713288567698925e-23,1.058733964659129e-58,1.4343798326301664e-47,1.4588506473914632e-100,1.2905396747068025e-75,6.89807295891263e-56,4.014107584537366e-20,2.5052879445672093e-18,0.04401108389014162,0.04497991107012737,0.018306752213418775,0.0,0.0
21.566666666666663,0.037446808,0.11235020116195296,0.0,8.166279033454247e-23,8.789085706625018e-59,1.2233692700314976e-47,1.004909747494958e-100,9.372230699938785e-76,5.310675020561432e-56,3.425926263002679e-20,2.0060175317333326e-18,0.0437741960599057,0.04471620024260594,0.023859804859441322,0.0,0.0
21.58333333333333,0.042127658,0.11812342444813555,0.0,7.653599463296879e-23,7.296200003949098e-59,1.0433946577213539e-47,6.922062396507314e-101,6.806210190778425e-76,4.088467888410157e-56,2.9237972333775684e-20,1.6060346798635424e-18,0.043537572497363265,0.04445302947233094,0.030132822478441335,0.0,0.0
21.6,0.04680851,0.12452729669702059,0.0,7.173096021933436e-23,6.056837856579891e-59,8.898919975565761e-48,4.767999564985139e-101,4.9426351034739107e-76,3.147461419225292e-56,2.495151026933668e-20,1.2856379333369381e-18,0.04330123850021634,0.044190425724304275,0.03703563247249996,0.0,0.0
21.616666666666667,0.056170214,0.13144960645035908,0.0,6.722749959052561e-23,5.02795474925436e-59,7.589683247840592e-48,3.284196792860212e-101,3.5892406375561854e-76,2.4229766896536807e-56,2.1292511110401537e-20,1.0290262211677897e-18,0.043065218585535685,0.043928414948817315,0.04445597291600608,0.0,0.0
21.633333333333333,0.060851064,0.13876227349792047,0.0,6.300669139945827e-23,4.173812910841089e-59,6.473030665260605e-48,2.2621136903432492e-101,2.6063783915920983e-76,1.8652072286647111e-56,1.8169270653797368e-20,8.235285200788016e-19,0.04282953651168515,0.04366702211589505,0.05226571487034026,0.0,0.0
21.65,0.07021277,0.1463275595864496,0.0,5.905080106940894e-23,3.464741275315584e-59,5.520638976918274e-48,1.558088044234538e-101,1.8926192302571373e-76,1.4358002138454575e-56,1.550346530105127e-20,6.589852833019436e-19,0.042594215299533826,0.04340627124837759,0.06032707303853818,0.0,0.0
21.666666666666668,0.074893616,0.1540039221915236,0.0,5.534320638389745e-23,2.8761058452651744e-59,4.7083496403705746e-48,1.0731536205436569e-101,1.3742949507280661e-76,1.105223329983793e-56,1.3228203026093619e-20,5.272518129732094e-19,0.04235927725298279,0.04314618545370268,0.06849845948483811,0.0,0.0
21.683333333333334,0.084255315,0.16165126815441522,0.0,5.1868327740391566e-23,2.3874547660432986e-59,4.015556550578152e-48,7.391356498629493e-102,9.979013308860295e-77,8.507367945315581e-57,1.1286357735712275e-20,4.217995981798893e-19,0.04212474397883398,0.042886786954451715,0.07663973722112952,0.0,0.0
21.7,0.08893617,0.16913545411539352,0.0,4.861156277562752e-23,1.9818084719491307e-59,3.424683763999352e-48,5.090714951406954e-102,7.245798118130659e-77,6.548315082302336e-57,9.629145893348926e-21,3.3739634288386807e-19,0.041890636406026346,0.0426280971177165,0.08461672059165068,0.0,0.0
21.716666666666665,0.09361702,0.17633195622077857,0.0,4.55592250886422e-23,1.6450702926953306e-59,2.9207399924229664e-48,3.5061121784977875e-102,5.261091586220444e-77,5.040262253247648e-57,8.214910234500198e-21,2.698491905882293e-19,0.041656974804264314,0.042370136483342376,0.0923048449331719,0.0,0.0
21.73333333333333,0.10297872,0.18312869192073283,0.0,4.2698486804766513e-23,1.3655370829082432e-59,2.4909385843003314e-48,2.4147115136838133e-102,3.819939876627907e-77,3.8794124086577457e-57,7.008080498391834e-21,2.1579869501928062e-19,0.04142377880206124,0.04211292479109926,0.09959198832757234,0.0,0.0
21.75,0.10765957,0.18942802247978385,0.0,4.001732473990251e-23,1.1334929040072828e-59,2.124373369070105e-48,1.663018719473727e-102,2.773500530351205e-77,2.9858504588119183e-57,5.978285460029557e-21,1.7255353270335853e-19,0.041191067404220426,0.041856481006829156,0.10638047406873427,0.0,0.0
21.766666666666666,0.11234043,0.19514799752968184,0.0,3.750446993950169e-23,9.408716665307308e-60,1.8117421541756444e-48,1.1453058605315112e-102,2.0136828310927587e-77,2.2980500168271575e-57,5.099594275511809e-21,1.3795792046544412e-19,0.04095885900877503,0.041600823347617506,0.11258831517328931,0.0,0.0
21.78333333333333,0.11702128,0.2002229244283134,0.0,3.514936038076101e-23,7.809770314936597e-60,1.5451108709194967e-48,7.88748069700892e-103,1.4619920024246484e-77,1.768643316093622e-57,4.3498683426671444e-21,1.1028528225706356e-19,0.04072717142340637,0.041345969306030676,0.11814978369887637,0.0,0.0
21.8,0.12170213,0.20460335729890927,0.0,3.2942096639837423e-23,6.48249854452625e-60,1.3177123945054178e-48,5.431848366174104e-103,1.0614268505801893e-77,1.3611639208413665e-57,3.71020760659139e-21,8.815298077245898e-20,0.04049602188136098,0.041091935673462913,0.12301539974408539,0.0,0.0
21.816666666666663,0.12638298,0.2082556053155235,0.0,3.087340033826367e-23,5.380751043538621e-60,1.1237749416105473e-48,3.7406707949418155e-103,7.705952235302621e-78,1.0475385821187708e-57,3.1644775721799715e-21,7.04539507627774e-20,0.040265427056884455,0.040838738562630865,0.12715143969600817,0.0,0.0
21.83333333333333,0.13106383,0.2111608588279497,0.0,2.893457519440333e-23,4.4662155805294753e-60,9.583756978264352e-49,2.575988283993067e-103,5.594403067388285e-78,8.061559933633975e-58,2.6989052803793817e-21,5.630189168875397e-20,0.04003540308018913,0.040586393429252875,0.13053906231850768,0.0,0.0
21.85,0.13574468,0.21331402682869838,0.0,2.711747051669966e-23,3.707087080231606e-60,8.173159662561315e-49,1.773906977126729e-103,4.061368709286618e-78,6.203797912926276e-58,2.3017342104694724e-21,4.498733669782439e-20,0.03980596555197379,0.040334915092949564,0.13317314618377502,0.0,0.0
21.866666666666667,0.13574468,0.21472237137203523,0.0,2.5414446985682685e-23,3.0769626459026035e-60,6.970146736154435e-49,1.2215475717278446e-103,2.9483723861209344e-78,4.774036418054431e-58,1.9629295290165612e-21,3.594244451997492e-20,0.03957712955751078,0.04008431775739835,0.1350609240571261,0.0,0.0
21.883333333333333,0.13574468,0.2154040149431401,0.0,2.3818344581293996e-23,2.5539241774589175e-60,5.944175351601412e-49,8.411675924795854e-104,2.1403437545925149e-78,3.6736973683729335e-58,1.6739263530040363e-21,2.8712786208333705e-20,0.03934890968031533,0.03983461502977309,0.13622049023305166,0.0,0.0
21.9,0.13574468,0.2153863863076867,0.0,2.232245252108286e-23,2.1197767435109177e-60,5.069195764091115e-49,5.79225009106665e-104,1.5537317101095668e-78,2.8269011657303755e-58,1.4274147606401208e-21,2.2934740182457826e-20,0.03912132001541355,0.03958581993950089,0.13667924635277226,0.0,0.0
21.916666666666668,0.13574468,0.21470465971374464,0.0,2.0920481083237356e-23,1.7594162689615866e-60,4.322990479915301e-49,3.9884552444440115e-104,1.1278721170765211e-78,2.1752416228368965e-58,1.2171561946482605e-21,1.8317383231669886e-20,0.038894374182221844,0.03933794495636307,0.13647234057515972,0.0,0.0
21.933333333333334,0.13574468,0.21340023196117125,0.0,1.9606535196316863e-23,1.4603045866138464e-60,3.686610585845054e-49,2.7463431881531022e-104,8.18719339020951e-79,1.6737633364534102e-58,1.0378266818743581e-21,1.4627985243129095e-20,0.03866808533705221,0.039091002007968736,0.13564114461615032,0.0,0.0
21.95,0.13574468,0.2115192721448889,0.0,1.83750896849528e-23,1.212033626732921e-60,3.14389497125442e-49,1.8910263284424046e-104,5.942943778871943e-79,1.2878648659958803e-58,8.848829589537095e-22,1.1680392077946711e-20,0.03844246618525553,0.038845002496625806,0.13423180346300756,0.0,0.0
21.966666666666665,0.13106383,0.20911137004352387,0.0,1.722096606772384e-23,1.0059636118863624e-60,2.681060255172647e-49,1.3020661538649203e-104,4.313796013774857e-79,9.909147045571307e-59,7.544481629670426e-22,9.325722783693898e-21,0.038217528993016336,0.038599957315635265,0.13229388373487228,0.0,0.0
21.98333333333333,0.13106383,0.20622830129337733,0.0,1.6139310809913602e-23,8.349226928533035e-61,2.2863510220898504e-49,8.965226160028374e-105,3.1311871359155445e-79,7.624160261068122e-59,6.432142324974794e-22,7.44492107789096e-21,0.03799328559881038,0.038355876865031335,0.1298791388295356,0.0,0.0
22.0,0.12638298,0.2029229207142226,0.0,1.5125574939952822e-23,6.929575940175077e-61,1.9497414986645028e-49,6.1727998392540254e-105,2.27274078498092e-79,5.865939225591653e-59,5.483585802778776e-22,5.942792288586004e-21,0.037769747424536496,0.0381127710667903,0.1270404022228958,0.0,0.0
22.016666666666666,0.12170213,0.1992481894361172,0.0,1.417549494406953e-23,5.7512660737104475e-61,1.6626811071707886e-49,4.2500682523805725e-105,1.6496137770886173e-79,4.513078975396668e-59,4.674729539431205e-22,4.743230132552678e-21,0.03754692548633422,0.03787064937952912,0.12383061457025385,0.0,0.0
22.03333333333333,0.12170213,0.19525633677262133,0.0,1.328507485901517e-23,4.773277444648417e-61,1.4178774435876804e-49,2.9261891716798145e-105,1.1973087552285055e-79,3.4721475485713893e-59,3.9850270505047765e-22,3.7853964134838894e-21,0.037324830405096814,0.03762952081271391,0.12030198555481061,0.0,0.0
22.05,0.11702128,0.19099815402502573,0.0,1.2450569487770338e-23,3.9615607633355224e-61,1.2091111768411567e-49,2.0146596916568392e-105,8.690036103252927e-80,2.671242452429076e-59,3.396949460041571e-22,3.020663794490602e-21,0.03710347241669096,0.03738939394039797,0.11650528766793682,0.0,0.0
22.066666666666663,0.11234043,0.18652241449629547,0.0,1.1668468667826832e-23,3.28785304931887e-61,1.0310781748714901e-49,1.3870554383070992e-105,6.3070833156392155e-80,2.055030980551568e-59,2.8955429623145326e-22,2.4101695398129116e-21,0.03688286138189222,0.0371502769145079,0.11248927619989536,0.0,0.0
22.08333333333333,0.10765957,0.18187541184509248,0.0,1.0935482526060537e-23,2.728694511064636e-61,8.792548534179253e-50,9.549459353858504e-106,4.577487271444919e-80,1.5809327658168632e-59,2.46805108394582e-22,1.922858375383678e-21,0.03666300679604509,0.03691217747769423,0.10830022757135317,0.0,0.0
22.1,0.10297872,0.17710060741904096,0.0,1.024852765834677e-23,2.2646124278077694e-61,7.49783332166645e-50,6.574407388037953e-106,3.322135469089501e-80,1.2161815803694852e-59,2.1035922727339943e-22,1.5339168681050049e-21,0.03644391779845801,0.03667510297576509,0.10398158664481787,0.0,0.0
22.116666666666667,0.09829787,0.17223837627324826,0.0,9.604714175941407e-24,1.8794436708937484e-61,6.393734851075664e-50,4.526133098557529e-106,2.411010885257606e-80,9.355639272824147e-60,1.7928847222873457e-22,1.2235211583232031e-21,0.036225603181540986,0.03643906036971777,0.0995737127219895,0.0,0.0
22.133333333333333,0.09361702,0.167325841111036,0.0,9.001333564282986e-24,1.5597723178991132e-61,5.452194003156429e-50,3.1159532327214823e-106,1.7497365737473834e-80,7.196785729729856e-60,1.528011522834561e-22,9.75835453128626e-22,0.03600807139969363,0.03620405624738292,0.09511371346395946,0.0,0.0
22.15,0.08893617,0.1623967832916946,0.0,8.435847303286863e-24,1.2944628111777995e-61,4.649281297663074e-50,2.1450995923954282e-106,1.2698074146377758e-80,5.535970486660613e-60,1.3022202376865272e-22,7.782111652552244e-22,0.035791330577953126,0.035970096834697644,0.09063535587904382,0.0,0.0
22.166666666666668,0.084255315,0.15748162025589307,0.0,7.905876201381236e-24,1.074272432039446e-61,3.964589214619206e-50,1.4767158246503384e-106,9.21498776129347e-81,4.2583277081016607e-60,1.1097518667928252e-22,6.205465776200597e-22,0.0355753885204085,0.03573718800662005,0.08616904372886454,0.0,0.0
22.183333333333334,0.079574466,0.15260743915351033,0.0,7.40919039853836e-24,8.915296177478113e-62,3.380713919942264e-50,1.0165748361642486e-106,6.687186056226406e-81,3.275476943065158e-60,9.456948951067827e-23,4.947749195194409e-22,0.03536025271838917,0.03550533529769917,0.08174185113742198,0.0,0.0
22.2,0.079574466,0.1477980770601399,0.0,6.943699996350588e-24,7.3986693658118685e-62,2.882813244241606e-50,6.998013213491145e-107,4.852704150139696e-81,2.5194178162407466e-60,8.058607523264133e-23,3.9445515222064036e-22,0.03514593035843444,0.035274543912312564,0.07737760278939289,0.0,0.0
22.216666666666665,0.074893616,0.1430742388856413,0.0,6.507446275838184e-24,6.13999435763033e-62,2.458229697764493e-50,4.817294049785571e-107,3.521405287830534e-81,1.9378317175211686e-60,6.866775476702948e-23,3.144448959378961e-22,0.03493242833005139,0.03504481873458426,0.07309699182100567,0.0,0.0
22.23333333333333,0.07021277,0.13845364486722567,0.0,6.098593466132548e-24,5.095406540890875e-62,2.0961689542098392e-50,3.316076716897461e-107,2.55528898188819e-81,1.4904663273947413e-60,5.85099402037211e-23,2.506390409286864e-22,0.03471975323326723,0.03481616433799448,0.06891772729596396,0.0,0.0
22.25,0.06553192,0.13395120036506303,0.0,5.7154210294942684e-24,4.228499003086817e-62,1.7874256432895605e-50,2.28264836462805e-107,1.8541969827778078e-81,1.1463534801370632e-60,4.98529091615399e-23,1.9976087629125383e-22,0.03450791138598259,0.034588584994692154,0.06485470398438829,0.0,0.0
22.266666666666666,0.06553192,0.12957918151146616,0.0,5.3563164302872535e-24,3.509054852241441e-62,1.5241494921475598e-50,1.5712544176892986e-107,1.345437658401575e-81,8.81668338427088e-61,4.247520515125231e-23,1.5919520417058997e-22,0.03429690883113213,0.03436208468452127,0.06092018799581276,0.0,0.0
22.28333333333333,0.060851064,0.12534743108280025,0.0,5.019768357561123e-24,2.911994977970819e-62,1.2996458794730314e-50,1.0815511876456082e-107,9.762547817982976e-82,6.780820897739116e-61,3.618800736115656e-23,1.2685501526738648e-22,0.03408675134365772,0.03413666710377062,0.05712401263537192,0.0,0.0
22.3,0.056170214,0.12126355974934383,0.0,4.704360372796451e-24,2.4165046463598546e-62,1.108205739322279e-50,7.444589126697048e-108,7.083610587978914e-82,5.214944239501108e-61,3.0830327675141154e-23,1.0107498858580888e-22,0.033877444437300556,0.03391233567365759,0.05347377963838567,0.0,0.0
22.316666666666663,0.056170214,0.11733314859978025,0.0,4.408764956150943e-24,2.0053085410196953e-62,9.449604964217356e-51,5.1242167935056096e-108,5.139704091097491e-82,4.010582571680501e-61,2.62649135570963e-23,8.05264282079181e-23,0.033668993371217565,0.03368909354855492,0.04997506168000775,0.0,0.0
22.33333333333333,0.05148936,0.11355994952535921,0.0,4.131737926213453e-24,1.6640690251362923e-62,8.057583499520386e-51,3.527015612831791e-108,3.729181410266099e-82,3.0842933877759427e-61,2.237475321469652e-23,6.414932980263166e-23,0.03346140315642642,0.033466943623968834,0.04663160274496396,0.0,0.0
22.35,0.05148936,0.10994608067872477,0.0,3.872113209844802e-24,1.38088668491452e-62,6.870587646138467e-51,2.4276183520851225e-108,2.705707751438248e-82,2.3718889989104223e-61,1.906009463435983e-23,5.109813343454506e-23,0.033254678562085874,0.03324588854427872,0.04344551357236018,0.0,0.0
22.366666666666667,0.05148936,0.10649221479116235,0.0,3.628797940146943e-24,1.145885772467156e-62,5.858424898860017e-51,1.6708851646847092e-108,1.9630902458464254e-82,1.8239945061683183e-61,1.6235903037151418e-23,4.069841017387418e-23,0.03304882412161527,0.03302593071024527,0.04041745995930181,0.0,0.0
22.383333333333333,0.04680851,0.10319775863916875,0.0,3.400767861981873e-24,9.508701195304243e-63,4.995348225271881e-51,1.1500215364594093e-108,1.42426785292736e-82,1.402630272099991e-61,1.3829692367151386e-23,3.241228256950137e-23,0.03284384413865749,0.03280707228629494,0.037546842214216315,0.0,0.0
22.4,0.04680851,0.10006102239781656,0.0,3.1870630257521343e-24,7.89037545025808e-63,4.259401635408547e-51,7.91513891130359e-109,1.0333207002002638e-82,1.0785826645997269e-61,1.1779675866264042e-23,2.5810820890412183e-23,0.032639742692891376,0.032589315207589724,0.034831964497335464,0.0,0.0
22.416666666666668,0.042127658,0.09707937800661061,0.0,2.9867837513623655e-24,6.547428146397998e-63,3.631862075384452e-51,5.447588872278121e-109,7.496709138130413e-83,8.293813007077793e-62,1.0033188849274787e-23,2.0552010307945026e-23,0.03243652364569678,0.03237266118688808,0.032270193174025755,0.0,0.0
22.433333333333334,0.042127658,0.09424940600679704,0.0,2.799086845415925e-24,5.433009000028968e-63,3.096763469795274e-51,3.7492408482506793e-109,5.4387399001712765e-83,6.377429229137634e-62,8.545343672352266e-24,1.6363166605076193e-23,0.03223419064567723,0.032157111721204945,0.02985810363991486,0.0,0.0
22.45,0.037446808,0.0915670305910756,0.0,2.623182055762982e-24,4.5082368743367536e-63,2.640490823343407e-51,2.5803321100420638e-109,3.9456452767647314e-83,4.903742875159741e-62,7.277882759709105e-24,1.302690374269479e-23,0.03203274713404358,0.03194266809827693,0.027591615358755088,0.0,0.0
22.466666666666665,0.037446808,0.08902764284171032,0.0,2.4583287485125324e-24,3.740844503339331e-63,2.2514340710175612e-51,1.7758289928746534e-109,2.8623974095654226e-83,3.7705125887091937e-62,6.1982005642359196e-24,1.0369937036673764e-23,0.031832196349863555,0.03172933140283973,0.025466115089007025,0.0,0.0
22.48333333333333,0.037446808,0.0866262123254355,0.0,2.303832793554166e-24,3.104053656444585e-63,1.919692883307165e-51,1.2221372002650462e-109,2.07650981199984e-83,2.899103976661268e-62,5.2785096144657345e-24,8.254149884590383e-24,0.03163254133518021,0.031517102522723744,0.023476568467531562,0.0,0.0
22.5,0.03276596,0.08435738736784111,0.0,2.159043645509999e-24,2.5756415690158946e-63,1.63682492690258e-51,8.410698962089092e-110,1.5063650590278901e-83,2.2290402384456325e-62,4.495129449760915e-24,6.569467192432884e-24,0.03143378494000348,0.03130598215477364,0.021617620273063996,0.0,0.0
22.516666666666666,0.03276596,0.08221558445040053,0.0,2.0233516078584305e-24,2.1371661226501586e-63,1.3956311849180586e-51,5.788120118933209e-110,1.0927446534725878e-83,1.7138103997565646e-62,3.827880359891687e-24,5.228170700866103e-24,0.031235929827178353,0.031095970810598308,0.019883683812623874,0.0,0.0
22.53333333333333,0.03276596,0.08019506726418664,0.0,1.896185268738384e-24,1.773322785719969e-63,1.1899728818949934e-51,3.983238586507849e-110,7.926827011823928e-84,1.317644994418671e-62,3.259566502601145e-24,4.160364945669473e-24,0.031038978477132693,0.030887068822155632,0.018269019964898315,0.0,0.0
22.55,0.028085107,0.0782900160196013,0.0,1.7770090976653705e-24,1.4714109123695336e-63,1.0146153615810153e-51,2.7411226073759684e-110,5.750059344159702e-84,1.0130359662671051e-62,2.7755352402375175e-24,3.310361324885753e-24,0.030842933192508738,0.03067927634717855,0.016767806479914004,0.0,0.0
22.566666666666663,0.028085107,0.07649458765476934,0.0,1.665321193064168e-24,1.2208908061386848e-63,8.650949501032693e-52,1.8863139471581202e-110,4.1709746599885835e-84,7.78829057242764e-63,2.3633014712029576e-24,2.633794658185462e-24,0.03064779610268127,0.030472593374447028,0.015374198177641045,0.0,0.0
22.58333333333333,0.028085107,0.07480296761005657,0.0,1.5606511711568696e-24,1.0130161152074193e-63,7.376054210419427e-52,1.2980543615705259e-110,3.0254855027621323e-84,5.987565665761456e-63,2.0122273826098967e-24,2.095324088308577e-24,0.030453569168164874,0.030267019728910282,0.01408237871298142,0.0,0.0
22.6,0.023404256,0.07320941384556187,0.0,1.4625581873387182e-24,8.40528749861616e-64,6.2890117688201925e-52,8.93233892424607e-111,2.194547188091858e-84,4.6030884700017065e-63,1.713249458780809e-24,1.6668000898337697e-24,0.03026025418491473,0.03006255507666529,0.012886604583981845,0.0,0.0
22.616666666666667,0.023404256,0.07170829377512276,0.0,1.3706290817294058e-24,6.974056904612066e-64,5.362146860135547e-52,6.1465430921620236e-111,1.591794924500865e-84,3.538663543278181e-63,1.4586457816122828e-24,1.325803235357723e-24,0.03006785278852283,0.02985919892979527,0.01178124205680467,0.0,0.0
22.633333333333333,0.023404256,0.0702941147768987,0.0,1.2844766411092277e-24,5.786488617313436e-64,4.571860766496034e-52,4.2295105233884246e-111,1.154573735877512e-84,2.720321077143103e-63,1.2418376837011989e-24,1.0544794370328918e-24,0.02987636645831223,0.029656950651072073,0.010760797667514404,0.0,0.0
22.65,0.018723404,0.06896154891911024,0.0,1.203737969938541e-24,4.801107494887255e-64,3.8980309792854414e-52,2.9103334288023076e-111,8.374302038116696e-85,2.0911829698428365e-63,1.057220689391597e-24,8.386116020833601e-25,0.029685796521333227,0.029455809458528114,0.009819942939248906,0.0,0.0
22.666666666666668,0.018723404,0.06770545251186694,0.0,1.1280729636162023e-24,3.9834968117649304e-64,3.3234992190491335e-52,2.0025753278911814e-111,6.073904752985226e-85,1.6075145041978034e-63,9.000204246389508e-25,6.668797892865719e-25,0.029496144156263174,0.02925577442990081,0.008953533925702948,0.0,0.0
22.683333333333334,0.018723404,0.06652088106391744,0.0,1.0571628775622935e-24,3.3050972515677203e-64,2.833634848023053e-52,1.3779341616198871e-111,4.405343379230878e-85,1.2356878993403078e-63,7.661698126852695e-25,5.302716485784967e-25,0.02930741039721291,0.029056844506953946,0.00815662615975059,0.0,0.0
22.7,0.018723404,0.06540310018793472,0.0,9.907089861127374e-25,2.742210215765644e-64,2.4159625750480977e-52,9.481162333075102e-112,3.195096703244299e-85,9.49847188458596e-64,6.522044150774803e-25,4.216126624591084e-25,0.029119596137441976,0.028859018499679295,0.007424485550813446,0.0,0.0
22.716666666666665,0.018723404,0.0643475929608244,0.0,9.284313255905768e-25,2.2751706964531856e-64,2.0598449866752018e-52,6.523613512371343e-112,2.3172917915142106e-85,7.30112477301107e-64,5.551732402926606e-25,3.3519188078252557e-25,0.02893270213298548,0.028662295090382872,0.006752595737456051,0.0,0.0
22.73333333333333,0.018723404,0.06335006420745916,0.0,8.700675162721187e-25,1.887660871307177e-64,1.756211831798165e-52,4.488574184066721e-112,1.680621578392544e-85,5.6119902423206394e-64,4.725627368743517e-25,2.664637653028709e-25,0.028746729006194703,0.028466672837658705,0.006136662363605745,0.0,0.0
22.75,0.018723404,0.06240644213802788,0.0,8.153716582972842e-25,1.5661404837009715e-64,1.4973291755807863e-52,3.0883189771941806e-112,1.2188539378896032e-85,4.3135534002896044e-64,4.0223202454298033e-25,2.1181068896420793e-25,0.028561677249193566,0.028272150180253797,0.005572614708580515,0.0,0.0
22.766666666666666,0.018723404,0.06151287773147711,0.0,7.641132968844786e-25,1.2993741418863565e-64,1.2766025519426662e-52,2.1248558287303543e-112,8.839464025001981e-86,3.31546625343313e-64,3.423577037558238e-25,1.6835376854237373e-25,0.02837754722725371,0.028078725440827748,0.005056605063395653,0.0,0.0
22.78333333333333,0.0140425535,0.06066574222082172,0.0,7.16076452500683e-25,1.0780390498836052e-64,1.088409108187421e-52,1.4619427943055437e-112,6.410512628464417e-86,2.5482687750338593e-64,2.913868289406682e-25,1.338022084854443e-25,0.028194339182089384,0.02788639682960956,0.004585006209122774,0.0,0.0
22.8,0.0140425535,0.05986162300082615,0.0,6.710587119110941e-25,8.943994869276777e-65,9.279544724477054e-53,1.0058307253795105e-112,4.6489210195757105e-86,1.958560844579374e-64,2.4799683932929437e-25,1.0633332687910486e-25,0.028012053235075312,0.027695162447955453,0.004154407317795387,0.0,0.0
22.816666666666663,0.0140425535,0.059097318244970075,0.0,6.288703762876149e-25,7.420366796677668e-65,7.9115070320825085e-53,6.920110697566982e-113,3.3713526073580094e-86,1.5052898861281641e-64,2.110614192717892e-25,8.449702372951779e-26,0.02783068939038883,0.027505020291810397,0.0037616085627708512,0.0,0.0
22.83333333333333,0.0140425535,0.05836983048694082,0.0,5.893336627955116e-25,6.156246428909569e-65,6.745122162225596e-53,4.7609632200625626e-113,2.4448308054929383e-86,1.1568964441637264e-64,1.796214116452244e-25,6.713971889718062e-26,0.027650247538078078,0.02731596825507551,0.0034036146937872387,0.0,0.0
22.85,0.0140425535,0.057676359392273474,0.0,5.5228195630228315e-25,5.107441676247864e-65,5.750670412800953e-53,3.2754446758897096e-113,1.772907527137386e-86,8.89119472142911e-65,1.5286003733944313e-25,5.334379721946698e-26,0.027470727457059033,0.02712800413288538,0.003077627802329064,0.0,0.0
22.866666666666667,0.0140425535,0.05701429391823824,0.0,5.175591080631055e-25,4.237284659192989e-65,4.902811511205077e-53,2.2534056744519073e-113,1.2856300716531905e-86,6.833088974094106e-65,1.300817840987035e-25,4.2379403644546804e-26,0.02729212881804253,0.02694112562479714,0.002781039475398573,0.0,0.0
22.883333333333333,0.0140425535,0.056381204034705805,0.0,4.850187784344728e-25,3.515350857806518e-65,4.179939372403191e-53,1.550251600057694e-113,9.322634224418761e-87,5.251282403817339e-65,1.1069442203065894e-25,3.3666073069722037e-26,0.027114451186392597,0.026755330337893343,0.0025114225104198645,0.0,0.0
22.9,0.0140425535,0.055774832155480285,0.0,4.54523820853179e-25,2.91639626097425e-65,3.56363190841135e-53,1.0664946921158252e-113,6.760113260368248e-87,4.0355714730559894e-65,9.419368325747512e-26,2.674219114328076e-26,0.026937694024919148,0.026570615789802587,0.0022665223407585485,0.0,0.0
22.916666666666668,0.0140425535,0.05519308440841084,0.0,4.259457044904097e-25,2.4194754190436424e-65,3.0381818893032805e-53,7.336837999079578e-114,4.901872656370336e-87,3.101245222367429e-65,8.015021152075692e-26,2.124068996333289e-26,0.02676185669660556,0.02638697941163902,0.002044248300166268,0.0,0.0
22.933333333333334,0.0140425535,0.05463402185343615,0.0,3.991639731538144e-25,2.00720961473475e-65,2.5901969175297674e-53,5.0472277060626255e-114,3.5543715378613715e-87,2.383189596676809e-65,6.819844580531372e-26,1.6869707457310332e-26,0.026586938467273367,0.026204418550863796,0.0018426648352989938,0.0,0.0
22.95,0.0140425535,0.05409585174046378,0.0,3.74065738162268e-25,1.6651796050741126e-65,2.20825833544633e-53,3.47208717088847e-114,2.577249037215952e-87,1.8313549524934927e-65,5.802715170213747e-26,1.3397198053299367e-26,0.026412938508185154,0.02602293047406992,0.0016599827582087087,0.0,0.0
22.966666666666665,0.0140425535,0.05357691888355678,0.0,3.505452030612162e-25,1.3814217339400452e-65,1.8826303851908106e-53,2.388482758691226e-114,1.8687135527601588e-87,1.4072716283327387e-65,4.937135655595212e-26,1.0638688457970765e-26,0.026239855898587794,0.025842512369693715,0.0014945506152752646,0.0,0.0
22.98333333333333,0.0140425535,0.053075697214161596,0.0,3.285032181798847e-25,1.1460098221758455e-65,1.605012218531963e-53,1.6430371596697654e-114,1.3549456979417396e-87,1.0813712872515128e-65,4.20054805177849e-26,8.447536619052052e-27,0.026067689628197,0.025663161350654152,0.001344846235310448,0.0,0.0
23.0,0.0140425535,0.05259078156396586,0.0,3.078468631573425e-25,9.50708235897383e-66,1.3683264445355994e-53,1.1302290378566117e-114,9.824124808211038e-88,8.309277401379733e-66,3.573748637024017e-26,6.707182791153645e-27,0.025896438599624875,0.025484874456922345,0.001209468507418643,0.0,0.0
23.016666666666666,0.0140425535,0.05212087971729113,0.0,2.884890556817618e-25,7.886840179809992e-66,1.1665388325776286e-53,7.774623236914522e-115,7.122930350457782e-88,6.384740181972053e-66,3.040389719807407e-26,5.3249858327933534e-27,0.02572610163075198,0.02530764865802352,0.0010871294285156327,0.0,0.0
23.03333333333333,0.0140425535,0.051664804763588215,0.0,2.7034818479745414e-25,6.542680293905678e-66,9.945045810064931e-54,5.347934436466728e-115,5.164358585507248e-88,4.905855722812241e-66,2.586555330964189e-26,4.227320852659331e-27,0.025556677457044777,0.025131480855472496,0.0009766464510709398,0.0,0.0
23.05,0.0140425535,0.051221467772501375,0.0,2.533477672375198e-25,5.427567579025525e-66,8.478372377916621e-54,3.6786345328430685e-115,3.7442683504385897e-88,3.7694493423797704e-66,2.200399884715984e-26,3.355680408922744e-27,0.025388164733820433,0.02495636788514553,0.0008769351535354189,0.0,0.0
23.066666666666663,0.0140425535,0.05078987080697815,0.0,2.374161253367298e-25,4.5024787157117863e-66,7.227969359607477e-54,2.5303527815258413e-115,2.714628779037016e-88,2.8962274921423624e-66,1.8718404742597578e-26,2.6635740851560305e-27,0.02522056203846002,0.024782306519589826,0.0007870022489283023,0.0,0.0
23.08333333333333,0.0140425535,0.05036910028392426,0.0,2.224860851698374e-25,3.735037724784625e-66,6.161950982029585e-54,1.7404813880123894e-115,1.9680986133151117e-88,2.2252513738286137e-66,1.5922948496894598e-26,2.1140631602370265e-27,0.02505386787257081,0.02460929347027191,0.0007059389410815321,0.0,0.0
23.1,0.0140425535,0.04995832068683902,0.0,2.0849469364580475e-25,3.0983838402823215e-66,5.253131841914846e-54,1.1971583116382242e-115,1.4268430547461684e-88,1.7096891434580011e-66,1.354458303713444e-26,1.6778004408305276e-27,0.024888080664099997,0.02443732538976779,0.0006329146329712285,0.0,0.0
23.116666666666667,0.0140425535,0.04955676863060333,0.0,1.9538295336780206e-25,2.570232163790018e-66,4.47833411614672e-54,8.234319134509162e-116,1.0344238355938784e-88,1.3135509542658332e-66,1.1521136941165363e-26,1.3314718731516123e-27,0.024723198769400264,0.02426639887389555,0.0005671709873075124,0.0,0.0
23.133333333333333,0.018723404,0.04916374727505792,0.0,1.8309557414369625e-25,2.1320942787802296e-66,3.817796866993791e-54,5.66366722150437e-116,7.499180645138489e-89,1.0091794840536932e-66,9.799696869384786e-27,1.0565576815733312e-27,0.024559220475247983,0.0240965104637918,0.0005080163360181377,0.0,0.0
23.15,0.018723404,0.048778621081114616,0.0,1.7158074010175384e-25,1.7686315904680272e-66,3.254672399103544e-54,3.895486458747286e-116,5.4365340599737904e-89,7.753211731618583e-67,8.335230328362116e-27,8.383475991444858e-28,0.024396144000816408,0.023927656647934444,0.0004548204323637631,0.0,0.0
23.166666666666668,0.018723404,0.048400810900800735,0.0,1.6078989143179634e-25,1.46711879273379e-66,2.774596841269128e-54,2.6792893868435185e-116,3.941154244768566e-89,5.956438222893288e-67,7.089413097598956e-27,6.651581385082283e-28,0.02423396749960375,0.02375983386411243,0.0004070095370845538,0.0,0.0
23.183333333333334,0.018723404,0.048029789390794525,0.0,1.506775198335893e-25,1.216998710683845e-66,2.3653240157330715e-54,1.8427716275906835e-116,2.857049672991824e-89,4.57597275211911e-67,6.029630938556205e-27,5.2771050135832625e-28,0.02407268906131799,0.02359303850134437,0.0003640618281321632,0.0,0.0
23.2,0.018723404,0.047665076737586624,0.0,1.4120097681186654e-25,1.0095129596637821e-66,2.016413269168872e-54,1.267410770912358e-116,2.0711197457366865e-89,3.5153780095551164e-67,5.1281297098618076e-27,4.186361981044112e-28,0.023912306713718755,0.023427266901746836,0.00032550312212103544,0.0,0.0
23.216666666666665,0.018723404,0.04730623668135474,0.0,1.3232029401141844e-25,8.373955104352251e-67,1.718963313498798e-54,8.716803752709567e-117,1.5013629876159687e-89,2.7005515464009024e-67,4.361291850238046e-27,3.3208419091874333e-28,0.02375281842441804,0.023262515362354463,0.00029090289458224,0.0,0.0
23.23333333333333,0.018723404,0.046952872824900564,0.0,1.2399801483628814e-25,6.946184482396908e-67,1.4653852963111637e-54,5.995027182792398e-117,1.0883267355414812e-89,2.0745541343301054e-67,3.7090204597976586e-27,2.6340873637344346e-28,0.0235942221026401,0.02309878013689252,0.000259870585367943,0.0,0.0
23.25,0.018723404,0.04660462521353473,0.0,1.1619903664454986e-25,5.7618103733617894e-67,1.2492093196549818e-54,4.1230544732196135e-117,7.889073577361223e-90,1.593635359782298e-67,3.154214995100501e-27,2.0892136994711025e-28,0.023436515600941826,0.02293605743750346,0.0002320521750894403,0.0,0.0
23.266666666666666,0.018723404,0.04626116717155721,0.0,1.088904628546744e-25,4.779347159908409e-67,1.0649194778293309e-54,2.835574299425273e-117,5.718549033121427e-90,1.2241793538437074e-67,2.6823249654124438e-27,1.6569386786719128e-28,0.023279696716894543,0.022774343436428833,0.00020712701823384083,0.0,0.0
23.28333333333333,0.018723404,0.04592220238093167,0.0,1.0204146434107497e-25,3.9643790265419777e-67,9.078132111285287e-55,1.9501007419019795e-117,4.145136580475756e-90,9.40357678768724e-68,2.2809700380453875e-27,1.314017204322281e-28,0.023123763194727632,0.022613634267647176,0.00018480491855686824,0.0,0.0
23.3,0.018723404,0.04558746218786501,0.0,9.562314953560752e-26,3.288355360400724e-67,7.738813918399434e-55,1.341118445123283e-117,3.0045885788612724e-90,7.223256784406343e-68,1.939616681557641e-27,1.0419979709664163e-28,0.022968712726935677,0.0224539260284698,0.00016482343245953637,0.0,0.0
23.316666666666663,0.018723404,0.04525670312323952,0.0,8.960844268831167e-26,2.7275913640253353e-67,6.597060868775319e-55,9.222980922726622e-118,2.1778319712626705e-90,5.548364833434977e-68,1.6493029412969507e-27,8.262359018541122e-29,0.022814542955849424,0.022295214781095144,0.0001469453862949519,0.0,0.0
23.33333333333333,0.018723404,0.044929704623187294,0.0,8.397196977504353e-26,2.2624389269193984e-67,5.623733917159821e-55,6.342633048181027e-118,1.578544881865383e-90,4.261759785439395e-68,1.4024041900839186e-27,6.551078105069944e-29,0.02266125147517115,0.022137496554122497,0.0001309565938936428,0.0,0.0
23.35,0.018723404,0.04460626693652262,0.0,7.868995157183289e-26,1.876598755141952e-67,4.793991142292837e-55,4.361762129292446e-118,1.144149371679426e-90,3.273444234119582e-68,1.192433759968303e-27,5.193895133098967e-29,0.022508835831476164,0.021980767344026934,0.00011666376101951958,0.0,0.0
23.366666666666667,0.023404256,0.04428620920623088,0.0,7.37401034458937e-26,1.556549697091376e-67,4.086654144028483e-55,2.9994974616738364e-118,8.292810918363348e-91,2.5142761305013283e-68,1.0138732663736522e-27,4.1176119648574955e-29,0.022357293525680513,0.02182502311659604,0.00010389256395432656,0.0,0.0
23.383333333333333,0.023404256,0.04396936771274488,0.0,6.910154144149239e-26,1.2910753016066857e-67,3.483667850198236e-55,2.0626672085435773e-118,6.010547909072314e-91,1.931136918533214e-68,8.620282069690683e-28,3.2641465870792167e-29,0.02220662201447541,0.021670259808328783,9.248588994068995e-05,0.0,0.0
23.4,0.023404256,0.04365559426730728,0.0,6.475469426538353e-26,1.0708710446751055e-67,2.9696399642335805e-55,1.4184171991116854e-118,4.356318698257999e-91,1.4832189033009e-68,7.329050741834101e-28,2.587414698926346e-29,0.022056818711730108,0.02151647332779892,8.230222777824677e-05,0.0,0.0
23.416666666666668,0.018723404,0.04334475474429751,0.0,6.068122080129957e-26,8.8821848219798e-68,2.5314483138476245e-55,9.753780677885731e-119,3.1573194459890983e-91,1.1391726527284986e-68,6.231067793715051e-28,2.0508539395481676e-29,0.02190788098986306,0.021363659556982568,7.321419745188384e-05,0.0,0.0
23.433333333333334,0.018723404,0.043036727742000756,0.0,5.686393280626251e-26,7.367149270118388e-68,2.15790609135198e-55,6.707121445744332e-119,2.2882882035812083e-91,8.749152477429697e-69,5.2974366271828275e-28,1.6254584642709212e-29,0.021759806181182652,0.021211814352551706,6.510720826639938e-05,0.0,0.0
23.45,0.023404256,0.04273140336189054,0.0,5.328672246328294e-26,6.110491904811311e-68,1.839476451463907e-55,4.6120452085981204e-119,1.658426596759105e-91,6.719463175275577e-69,4.503577683333458e-28,1.2882187809380577e-29,0.02161259157919762,0.021060933547133724,5.787823555919381e-05,0.0,0.0
23.466666666666665,0.023404256,0.042428682097092586,0.0,4.993449448544709e-26,5.068155403473746e-68,1.5680291903403629e-55,3.171357169928932e-119,1.2019188301019773e-91,5.160542409108928e-69,3.8285840913874077e-28,1.0208833732918819e-29,0.02146623443989845,0.02091101295053869,5.143470665544416e-05,0.0,0.0
23.48333333333333,0.023404256,0.042128473821277435,0.0,4.679310248554e-26,4.203593634544034e-68,1.3366333020757965e-55,2.180675212030179e-119,8.7105864398103e-92,3.963221333695635e-69,3.254673400195532e-28,8.089758126957921e-30,0.02132073198301006,0.020762048350954555,4.569348731281744e-05,0.0,0.0
23.5,0.023404256,0.0418306968697987,0.0,4.384928934329199e-26,3.4864913120180284e-68,1.1393801233450613e-55,1.4994467963128013e-119,6.31266930066871e-92,3.043641709843614e-69,2.7667210790448884e-28,6.410147043007925e-30,0.02117608139321636,0.020614035516111382,4.0579960470957954e-05,0.0,0.0
23.516666666666666,0.023404256,0.041535277205444275,0.0,4.1090631319179915e-26,2.8917018588419386e-68,9.712325565458408e-56,1.031015968394577e-119,4.5747997464865604e-92,2.3373888783536806e-69,2.3518636045199473e-28,5.078946534995562e-30,0.021032279821357743,0.020466970194415384,3.6027189671147894e-05,0.0,0.0
23.53333333333333,0.023404256,0.041242147661695705,0.0,3.850548567944493e-26,2.398366296229406e-68,8.278965265572616e-56,7.089147196780136e-120,3.315313189065826e-92,1.7949844374952862e-69,1.9991607635943157e-28,4.023950491823014e-30,0.020889324385601322,0.020320848116053288,3.1975160041095954e-05,0.0,0.0
23.55,0.023404256,0.04095124725690051,0.0,3.6082941611807077e-26,1.989182310881609e-68,7.057113930181664e-56,4.8743519208619944e-120,2.402539159855064e-92,1.378423573459666e-69,1.6993083469142674e-28,3.187902997710412e-30,0.020747212172585468,0.020175664994068143,2.8370090246898677e-05,0.0,0.0
23.566666666666663,0.023404256,0.04066252057324316,0.0,3.381277422516756e-26,1.6497979078887964e-68,6.015565232741998e-56,3.351460210291605e-120,1.7410444017807284e-92,1.0585149768143228e-69,1.4443937204219693e-28,2.5254059018127974e-30,0.0206059402385386,0.02003141652540716,2.516380929740786e-05,0.0,0.0
23.58333333333333,0.023404256,0.040375917194859307,0.0,3.1685401439585927e-26,1.3683084175841555e-68,5.127716431618372e-56,2.3043347362720736e-120,1.2616610463336353e-92,8.128373580075235e-70,1.2276878821773353e-28,2.000465419836257e-30,0.020465505610372685,0.019888098391941812,2.2313192544808156e-05,0.0,0.0
23.6,0.023404256,0.040091391199873296,0.0,2.969184358498983e-26,1.1348392422879996e-68,4.370889340860104e-56,1.584350961720616e-120,9.142585586868457e-93,6.241696655989751e-70,1.0434685635159187e-28,1.58454584970176e-30,0.020325905286752693,0.01974570626146184,1.977965165876269e-05,0.0,0.0
23.616666666666667,0.018723404,0.039808900701545094,0.0,2.782368553846279e-26,9.41199730235211e-69,3.7257514435440227e-56,1.0893101667765553e-120,6.6250457953441005e-93,4.792852201119682e-70,8.868697442499708e-29,1.2550256872742098e-30,0.020187136239142076,0.01960423578864314,1.7528673759874622e-05,0.0,0.0
23.633333333333333,0.023404256,0.039528407434096,0.0,2.6073041240635424e-26,7.805960540090213e-69,3.1758223808916125e-56,7.489383607656869e-121,4.800674513541392e-93,3.6802541579739594e-70,7.537536415612635e-29,9.939730281821298e-31,0.020049195412824277,0.019463682615989908,1.5529405281809574e-05,0.0,0.0
23.65,0.018723404,0.03924987637914537,0.0,2.4432520441750328e-26,6.473930366033674e-69,2.7070532275374853e-56,5.149143102601041e-121,3.47863756806927e-93,2.8258818852271253e-70,6.406018194716182e-29,7.871742909248437e-31,0.019912079727902123,0.019324042374752607,1.3754276490643746e-05,0.0,0.0
23.666666666666668,0.018723404,0.03897327542902129,0.0,2.2895197537315783e-26,5.369165820626107e-69,2.307467819522456e-56,3.5401219938999325e-121,2.520633274753481e-93,2.1698146548059413e-70,5.444225655825103e-29,6.233639109223804e-31,0.019775786080274256,0.019185310685821598,1.2178662925436823e-05,0.0,0.0
23.683333333333334,0.018723404,0.03869857508352411,0.0,2.1454582362092922e-26,4.45289789468951e-69,1.9668569841703323e-56,2.433861656668422e-121,1.8264329150793096e-93,1.6660335039770108e-70,4.6267210715833656e-29,4.9361346268898105e-31,0.0196403113425901,0.019047483160597414,1.0780580336590302e-05,0.0,0.0
23.7,0.018723404,0.0384257481770098,0.0,2.0104592819379685e-26,3.6929700860270893e-69,1.6765178702663582e-56,1.6732774445837756e-121,1.3234007612616521e-93,1.2791966242373973e-70,3.9318760065400565e-29,3.90847245986034e-31,0.019505652365182903,0.018910555401837864,9.540409989029536e-06,0.0,0.0
23.716666666666665,0.018723404,0.038154769632932045,0.0,1.8839529230304995e-26,3.0627107416409796e-69,1.4290317273160967e-56,1.1503617844135752e-121,9.588985162724054e-94,9.821625724765829e-71,3.341301368862622e-29,3.094581808074422e-31,0.019371805976982293,0.01877452300448306,8.440651466693656e-06,0.0,0.0
23.73333333333333,0.018723404,0.03788561624322874,0.0,1.7654050295065969e-26,2.539997672575776e-69,1.2180744634105277e-56,7.908522760382181e-122,6.947803729276455e-94,7.540879111445212e-71,2.8393626624277445e-29,2.4500326004111566e-31,0.019238768986406012,0.018639381556458532,7.465700364195913e-06,0.0,0.0
23.75,0.018723404,0.037618266470170705,0.0,1.654315056484394e-26,2.106482263139559e-69,1.0382551473888212e-56,5.436892414925118e-122,5.034033266143737e-94,5.789660797085887e-71,2.4127677144713085e-29,1.939620972490787e-31,0.019106538182231767,0.018505126639457012,6.601648481933084e-06,0.0,0.0
23.766666666666666,0.018723404,0.03735270026850248,0.0,1.5502139329485914e-26,1.746945883287736e-69,8.849783338669865e-57,3.7376666915844466e-122,3.6473570725449716e-94,4.44505179118418e-71,2.0502160526699766e-29,1.5354551019055455e-31,0.018975110334449402,0.018371753829699668,5.8361043534099715e-06,0.0,0.0
23.78333333333333,0.018723404,0.03708889892589968,0.0,1.4526620832003083e-26,1.4487660478418743e-69,7.543266974721317e-57,2.569477831773317e-122,2.6426166176274483e-94,3.412660730664794e-71,1.7421007211838706e-29,1.215437810893177e-31,0.018844482195093767,0.018239258698676732,5.1580321291792554e-06,0.0,0.0
23.8,0.018723404,0.036826844919949295,0.0,1.361247572652508e-26,1.2014736112013063e-69,6.429609807819898e-57,1.7663780808032852e-122,1.9146250441931092e-94,2.620004331610103e-71,1.4802546999656135e-29,9.620637720805851e-32,0.018714650499058873,0.018107636813868785,4.557607021637679e-06,0.0,0.0
23.816666666666663,0.018723404,0.03656652179002245,0.0,1.2755843701585288e-26,9.963854758723565e-70,5.480347022256675e-57,1.2142747340525097e-122,1.3871614787138042e-94,2.011423540485294e-71,1.257735261406152e-29,7.614661514661957e-32,0.018585611964893875,0.017976883739448602,4.026085679974975e-06,0.0,0.0
23.83333333333333,0.018723404,0.03630791402256024,0.0,1.195310719551248e-26,8.262999391686735e-70,4.671214468209424e-57,8.347275801736722e-123,1.0049953024992998e-94,1.544179181128152e-71,1.0686405936918865e-29,6.026610080976739e-32,0.018457363295580467,0.017846995036963926,3.555690015855369e-06,0.0,0.0
23.85,0.018723404,0.03605100694843456,0.0,1.120087613531846e-26,6.852439974646202e-70,3.9815288370866797e-57,5.7380865403530656e-123,7.281062970151293e-95,1.1854534983609147e-71,9.07953867081534e-30,4.7694846731534397e-32,0.018329901179293315,0.017717966266002357,3.139503138884987e-06,0.0,0.0
23.866666666666667,0.018723404,0.035795786651168754,0.0,1.0495973634764672e-26,5.682637482647956e-70,3.393659281812686e-57,3.94442736783265e-123,5.2749615939203434e-95,9.100474512914092e-72,7.714106397973398e-30,3.7743816973523834e-32,0.01820322229014307,0.0175897929848382,2.7713761874851584e-06,0.0,0.0
23.883333333333333,0.018723404,0.03554223988491991,0.0,9.835422591340031e-27,4.7125054085582604e-70,2.8925769927403866e-57,2.711411194482261e-123,3.821532810395803e-95,6.986123489187009e-72,6.553861132021779e-30,2.986732283282092e-32,0.01807732328890212,0.01746247075106144,2.445844956352419e-06,0.0,0.0
23.9,0.018723404,0.03529035400123156,0.0,9.216433125668812e-27,3.9079677932651064e-70,2.4654712294492605e-57,1.8638088550028963e-123,2.768532812945342e-95,5.362918582612614e-72,5.5679926742703365e-30,2.3633226368160698e-32,0.017952200823714327,0.017335995122190168,2.158055327065608e-06,0.0,0.0
23.916666666666668,0.018723404,0.03504011688365889,0.0,8.636390810410656e-27,3.2407632115921265e-70,2.101422004841084e-57,1.281155761956305e-123,2.0056519291296534e-95,4.116791710985791e-72,4.7303135225807185e-30,1.8699332061561393e-32,0.017827851530788398,0.017210361656266118,1.9036966043776908e-06,0.0,0.0
23.933333333333334,0.018723404,0.03479151688945764,0.0,8.092845639043411e-27,2.687452768212655e-70,1.7911210639744677e-57,8.806373230829057e-124,1.4529654247411609e-95,3.160162024478953e-72,4.018565855068594e-30,1.4794682615222595e-32,0.017704272035075512,0.01708556591243406,1.6789419480659068e-06,0.0,0.0
23.95,0.018723404,0.034544542797606034,0.0,7.583501688033586e-27,2.228597310177405e-70,1.5266340328415e-57,6.053225378533511e-124,1.05256477944864e-95,2.425786583499274e-72,3.413832321423815e-30,1.1704741060938651e-32,0.017581458950931307,0.016961603451505138,1.480395169589406e-06,0.0,0.0
23.966666666666665,0.018723404,0.0342991837625027,0.0,7.106207428825381e-27,1.8480749956293617e-70,1.301197663247049e-57,4.1607461140066085e-124,7.624936708862283e-96,1.8620384024630993e-72,2.9000351057209487e-30,9.259652409255423e-33,0.017459408882762855,0.016838469836504957,1.305043234881249e-06,0.0,0.0
23.98333333333333,0.018723404,0.03405542927274724,0.0,6.658946648808761e-27,1.5325152797123906e-70,1.1090469959028492e-57,2.859895842701493e-124,5.523540260424428e-96,1.4292806063517715e-72,2.46351004772025e-30,7.32494539430533e-33,0.01733811842566085,0.016716160633206408,1.1502138799824111e-06,0.0,0.0
24.0,0.018723404,0.03381326911447038,0.0,6.239829942999159e-27,1.2708294610298798e-70,9.45268027660975e-58,1.9657299622363806e-124,4.001222401339221e-96,1.0970823069283361e-72,2.0926445857276032e-30,5.7941675264514514e-33,0.01721758416601706,0.016594671410647837,1.0135378054822857e-06,0.0,0.0
24.016666666666666,0.018723404,0.033572693338734035,0.0,5.847086740562339e-27,1.0538213183004224e-70,8.056721199632928e-58,1.351114489903051e-124,2.898422964105778e-96,8.420808353165981e-73,1.777569964886868e-30,4.583051826206451e-33,0.01709780268212786,0.016473997741636787,8.929149693852481e-07,0.0,0.0
24.03333333333333,0.018723404,0.03333369223256966,0.0,5.479057832572252e-27,8.73864175754327e-71,6.866889406950412e-58,9.28656518493963e-125,2.0995428878882116e-96,6.463403027617808e-73,1.5098995843909205e-30,3.624896972688832e-33,0.01697877054478353,0.01635413520323957,7.864845465639478e-07,0.0,0.0
24.05,0.0140425535,0.03309625629326823,0.0,5.134188369501264e-27,7.246330657570519e-71,5.852752048623993e-58,6.382822240776587e-125,1.52083350866738e-96,4.960912782984353e-73,1.2825065730348137e-30,2.8669086736918862e-33,0.016860484317844128,0.016235079377257256,6.925981668403922e-07,0.0,0.0
24.066666666666663,0.0140425535,0.03286037620557379,0.0,4.81102129892193e-27,6.008825897801142e-71,4.9883688294141276e-58,4.3869741807324856e-125,1.1016218576727522e-96,3.807631105944634e-73,1.0893347166926429e-30,2.2673024334119853e-33,0.016742940558802096,0.016116825850688334,6.097960833673961e-07,0.0,0.0
24.08333333333333,0.018723404,0.03262604282146808,0.0,4.508191215752296e-27,4.9826268191154706e-71,4.25162889665109e-58,3.0151721294470197e-125,7.979531260412722e-97,2.92240955434491e-73,9.252377408355426e-31,1.7930093980185004e-33,0.016626135819331422,0.01599937021617791,5.367859587520941e-07,0.0,0.0
24.1,0.0140425535,0.03239324714226771,0.0,4.224418599118554e-27,4.131658087947909e-71,3.623685592036993e-58,2.0723058693063655e-125,5.779845060814392e-97,2.242953395090402e-73,7.858426992205451e-31,1.4178598505549608e-33,0.016510066645824488,0.015882708072454597,4.724239886215481e-07,0.0,0.0
24.116666666666667,0.018723404,0.032161980302782424,0.0,3.95850441153514e-27,3.4260024281574472e-71,3.0884746262966487e-58,1.42426345691345e-125,4.186479875179237e-97,1.7214420089408623e-73,6.6743385601118035e-31,1.1211449907975572e-33,0.016394729579916237,0.015766835024754792,4.156981113990076e-07,0.0,0.0
24.133333333333333,0.018723404,0.03193223355730947,0.0,3.70932503762838e-27,2.8408496019224547e-71,2.632303366274176e-58,9.788621723485764e-126,3.032325580727558e-97,1.3211664591762642e-73,5.6685398956861745e-31,8.864782884903693e-34,0.016280121158995776,0.01565174668523445,3.6571307923821834e-07,0.0,0.0
24.15,0.0140425535,0.031703998267264416,0.0,3.475827541065309e-27,2.3556247443109166e-71,2.243500740427764e-58,6.727404043305929e-126,2.1963253644945798e-97,1.0139480312138818e-73,4.814205061921706e-31,7.008940622814204e-34,0.016166237916706377,0.015537438673369416,3.2167718862165635e-07,0.0,0.0
24.166666666666668,0.018723404,0.031477265890267773,0.0,3.257025219684741e-27,1.9532654500689216e-71,1.91211881706255e-58,4.623472109407727e-126,1.5907852859522206e-97,7.781563856519861e-74,4.088541432888213e-31,5.54133901552239e-34,0.01605307638343356,0.015423906616343906,2.828904903140597e-07,0.0,0.0
24.183333333333334,0.018723404,0.03125202797052685,0.0,3.0519934400888405e-27,1.6196222315982456e-71,1.6296784296069315e-58,3.177486752333397e-126,1.1521804696580684e-97,5.971880742617442e-74,3.4721837410727996e-31,4.380818195752704e-34,0.01594063308678167,0.01531114614942777,2.4873431740389265e-07,0.0,0.0
24.2,0.018723404,0.031028276130368904,0.0,2.8598657341275794e-27,1.3429612970744741e-71,1.388952348457815e-58,2.1837053756589117e-126,8.344945874313857e-98,4.582985010531769e-74,2.9486790903468205e-31,3.4631716317976224e-34,0.015828904552039145,0.015199152916342494,2.1866198726672669e-07,0.0,0.0
24.216666666666665,0.018723404,0.030806002062798,0.0,2.6798301408158533e-27,1.1135521890735025e-71,1.1837804581340566e-58,1.500718160689557e-126,6.0439466863909e-98,3.5170523725275826e-74,2.5040492897130963e-31,2.737607495456158e-34,0.01571788730263276,0.015087922569616604,1.9219054863553536e-07,0.0,0.0
24.23333333333333,0.018723404,0.030585197524960254,0.0,2.5111257782545296e-27,9.233258028674782e-72,1.008912216164805e-58,1.0313333109993281e-126,4.377355575025981e-98,2.6989966197597924e-74,2.1264189080305865e-31,2.1639480611902794e-34,0.015607577860571141,0.01497745077093038,1.6889345873342274e-07,0.0,0.0
24.25,0.018723404,0.030365854332415624,0.0,2.3530396310983293e-27,7.655907742178104e-72,8.59872367185144e-59,7.087511499115979e-127,3.170276509514368e-98,2.0711853742133633e-74,1.8056991887199821e-31,1.7104133332465467e-34,0.01549797274687756,0.01486773319145029,1.4839408777077965e-07,0.0,0.0
24.266666666666666,0.018723404,0.03014796435412517,0.0,2.204903540020508e-27,6.347982756875714e-72,7.328464799097081e-59,4.870609862753197e-127,2.296024879619354e-98,1.5893836593094376e-74,1.5333194418256264e-31,1.3518671232820796e-34,0.015389068482012533,0.014758765512153464,1.3035995917176557e-07,0.0,0.0
24.28333333333333,0.018723404,0.029931519508071863,0.0,2.06609138047655e-27,5.263469601083227e-72,6.245833811762432e-59,3.347092842405924e-127,1.662838922921383e-98,1.2196400520086415e-74,1.3019987877296431e-31,1.0684291638279323e-34,0.015280861586285985,0.014650543424142074,1.144976438024364e-07,0.0,0.0
24.3,0.018723404,0.029716511757443463,0.0,1.936016418867207e-27,4.364211994971253e-72,5.323119930382458e-59,2.3001016738246427e-127,1.2042535446365307e-98,9.358964311065733e-75,1.1055521954250186e-31,8.443769277770267e-35,0.01517334858025977,0.014543062628948352,1.0054823534093336e-07,0.0,0.0
24.316666666666663,0.018723404,0.029502933107312446,0.0,1.8141288349490215e-27,3.6185693688158396e-72,4.536704469534484e-59,1.5805970987386416e-127,8.721272554704522e-99,7.181532028529298e-75,9.387256667397711e-32,6.672767283780534e-35,0.01506652598514034,0.014436318838830243,8.828334186337126e-08,0.0,0.0
24.33333333333333,0.018723404,0.02929077560175506,0.0,1.6999134000402048e-27,3.000304381806373e-72,3.866456628745081e-59,1.086151009190422e-127,6.315910596146516e-99,5.510609382779102e-75,7.97056190243441e-32,5.272962673832734e-35,0.014960390323161682,0.014330307777057566,7.750153581268441e-08,0.0,0.0
24.35,0.018723404,0.029080031321359723,0.0,1.592887301228919e-27,2.487660355351576e-72,3.295218485064058e-59,7.463699308357923e-128,4.573896065587239e-99,4.228393396432716e-75,6.767527451432488e-32,4.166607697994922e-35,0.014854938117959203,0.014225025178189663,6.802521085739823e-08,0.0,0.0
24.366666666666667,0.018723404,0.02887069238107844,0.0,1.4925981024042087e-27,2.062596205031244e-72,2.8083660198430474e-59,5.128766954339369e-128,3.312308868782458e-99,3.2444747243581634e-75,5.745951936246395e-32,3.292227377395414e-35,0.014750165894934475,0.014120466788344152,5.969779981009426e-08,0.0,0.0
24.383333333333333,0.018723404,0.02866275092838028,0.0,1.3986218335080092e-27,1.710151987443886e-72,2.3934349557108257e-59,3.524250052265597e-128,2.3986649838379384e-99,2.4894687150266885e-75,4.8784837455699164e-32,2.6012160536505446e-35,0.01464607018161056,0.014016628365456888,5.2381312831544676e-08,0.0,0.0
24.4,0.023404256,0.028456199141672744,0.0,1.3105611999472832e-27,1.4179227663400292e-72,2.0398018363857583e-59,2.4216724093783215e-128,1.7370111634034392e-99,1.9101269700526858e-75,4.141891148045615e-32,2.0551452417048037e-35,0.014542647507979104,0.01391350567953398,4.595415965881523e-08,0.0,0.0
24.416666666666668,0.023404256,0.02825102922895757,0.0,1.2280439046114457e-27,1.1756223076391894e-72,1.7384121941199422e-59,1.6640218091657148e-128,1.2578529847731989e-99,1.4655853124830767e-75,3.516442172113397e-32,1.6236342401096386e-35,0.014439894406838499,0.01381109451289545,4.030922362053701e-08,0.0,0.0
24.433333333333334,0.023404256,0.028047233426693668,0.0,1.1507210754155176e-27,9.747212688145968e-73,1.481548853324599e-59,1.1433984178097274e-128,9.108595890406472e-100,1.1244840314474035e-75,2.985377757373717e-32,1.2826659505247094e-35,0.01433780741412384,0.013709390660411037,3.535215879148222e-08,0.0,0.0
24.45,0.023404256,0.02784480399884128,0.0,1.0782657917342914e-27,8.08147165452591e-73,1.2626344450180329e-59,7.856536347139482e-129,6.595796895501528e-100,8.627576513379692e-76,2.5344641591394744e-32,1.0132548926563113e-35,0.014236383069228337,0.013608389929728107,3.0999884837025513e-08,0.0,0.0
24.466666666666665,0.023404256,0.027643733236066007,0.0,1.0103717035098397e-27,6.700355684612786e-73,1.076063081393526e-59,5.3983325770344325e-129,4.776144046643199e-100,6.619385928802768e-76,2.1516126931308174e-32,8.003938185400153e-36,0.014135617915316942,0.013508088141492116,2.7179256947553186e-08,0.0,0.0
24.48333333333333,0.023404256,0.027444013455082312,0.0,9.467517372055558e-28,5.5552378561761187e-73,9.170568853643799e-60,3.7092246434512856e-129,3.4584529867266623e-100,5.0785526419606855e-76,1.826556696615785e-32,6.322206972708456e-36,0.014035508499631885,0.013408481129559627,2.3825890800220516e-08,0.0,0.0
24.5,0.023404256,0.027245636998119285,0.0,8.871368831460613e-28,4.605797741236484e-73,7.815437054643081e-60,2.5485997403800493e-129,2.5042672135914584e-100,3.896328857394922e-76,1.5505771031024463e-32,4.9936000224380955e-36,0.013936051373790517,0.013309564741204023,2.088312474408592e-08,0.0,0.0
24.516666666666666,0.023404256,0.0270485962324933,0.0,8.31275059125947e-28,3.818602690121912e-73,6.66052888198675e-60,1.7511169111116575e-129,1.8133172973164918e-100,2.98926666496483e-76,1.3162693202122476e-32,3.944018561061397e-36,0.013837243094075562,0.013211334837314322,1.8301103414276988e-08,0.0,0.0
24.53333333333333,0.023404256,0.02685288355027348,0.0,7.789300454912504e-28,3.1659313908349756e-73,5.676264417002504e-60,1.2031607913979894e-129,1.312989642760568e-100,2.2933330920050176e-76,1.1173451988435425e-32,3.114902031301983e-36,0.01373908022171785,0.013113787292586863,1.6035968768253085e-08,0.0,0.0
24.55,0.023404256,0.026658491368028364,0.0,7.298804871999609e-28,2.624798336333901e-73,4.8374331814409654e-60,8.266605854648039e-130,9.506992895143262e-101,1.759393804108902e-76,9.484648152851717e-33,2.4599720352408323e-36,0.01364155932317184,0.013016917995710397,1.4049146126412667e-08,0.0,0.0
24.566666666666663,0.023404256,0.026465412126642995,0.0,6.839189586496354e-28,2.17614489455712e-73,4.1225487787651615e-60,5.679705730292128e-130,6.883660222358878e-101,1.3497472063822492e-76,8.050935812974548e-33,1.9426581092849756e-36,0.013544676970384079,0.012920722849544708,1.230671421164413e-08,0.0,0.0
24.58333333333333,0.023404256,0.026273638291196194,0.0,6.408510873252681e-28,1.8041685327727778e-73,3.5132988418977994e-60,3.9022895730245744e-130,4.9841382717972185e-101,1.0354646854234362e-76,6.833808713830681e-33,1.5340626550789868e-36,0.013448429741054336,0.012825197771292422,1.0778849437198095e-08,0.0,0.0
24.6,0.023404256,0.026083162350891077,0.0,6.004947325687686e-28,1.495766604850424e-73,2.9940762143704455e-60,2.681070396275065e-130,3.608736343495809e-101,7.943495224327697e-77,5.800569294050812e-33,1.2113521840339042e-36,0.013352814218890311,0.01273033869266496,9.43933580664815e-09,0.0,0.0
24.616666666666667,0.023404256,0.025893976819030516,0.0,5.626792160037213e-28,1.2400751379433475e-73,2.551579369585565e-60,1.842010144814559e-130,2.6128510498947418e-101,6.0937059666915936e-77,4.923453035678996e-33,9.564856331884692e-37,0.013257826993855469,0.012636141560042266,8.265132779006974e-09,0.0,0.0
24.633333333333333,0.023404256,0.02570607423303061,0.0,5.27244600366952e-28,1.028086395364006e-73,2.174471843958585e-60,1.26552551539773e-130,1.8917711312357728e-101,4.6746045418415255e-77,4.178884724872926e-33,7.552091780887716e-37,0.013163464662410057,0.012542602334626224,7.235994330077174e-09,0.0,0.0
24.65,0.023404256,0.02551944715446788,0.0,4.940410137032021e-28,8.52331762495116e-74,1.853091969308166e-60,8.694505618510435e-131,1.369673300842084e-101,3.5859299458687026e-77,3.546846766159032e-33,5.962617342122747e-37,0.013069723827746035,0.012449716992588622,6.334133220068855e-09,0.0,0.0
24.666666666666668,0.023404256,0.025334088169153886,0.0,4.629280160697706e-28,7.066187997213496e-74,1.5792054765875391e-60,5.97329534622358e-131,9.916532858051545e-102,2.750757364357901e-77,3.0103426799603176e-33,4.707470172064278e-37,0.012976601100015509,0.01235748152521321,5.543925168325139e-09,0.0,0.0
24.683333333333334,0.023404256,0.025149989887233618,0.0,4.337740060780276e-28,5.858132113374861e-74,1.3457946398288447e-60,4.10372457931966e-131,7.179549640591578e-102,2.110067474712525e-77,2.554941451185883e-33,3.7163726880210213e-37,0.012884093096553072,0.012265891939032296,4.851648248488878e-09,0.0,0.0
24.7,0.023404256,0.024967144943303026,0.0,4.064556647663116e-28,4.8565805911503594e-74,1.1468785640147075e-60,2.81927573621543e-131,5.197913472596864e-102,1.6185793450332567e-77,2.1683905531777866e-33,2.933810599903265e-37,0.01279219644209197,0.012174944255957694,4.245253360276922e-09,0.0,0.0
24.716666666666665,0.018723404,0.02478554599654312,0.0,3.8085743445667175e-28,4.026238592219879e-74,9.773600174201928e-61,1.9368324112786244e-131,3.763183517142303e-102,1.2415529699266278e-77,1.8402873035823196e-33,2.315933596757276e-37,0.01270090776897443,0.012084634513406576,3.7141621150016675e-09,0.0,0.0
24.73333333333333,0.018723404,0.024605185730867073,0.0,3.56871030395071e-28,3.337842875260057e-74,8.328948881469412e-61,1.3305821331334794e-131,2.7244338798370342e-102,9.523358578855989e-78,1.5617997654510485e-33,1.8281062497140617e-37,0.012610223717356185,0.011994958764421993,3.2490888979879386e-09,0.0,0.0
24.75,0.018723404,0.024426056855077843,0.0,3.343949831133656e-28,2.7671311916086373e-74,7.09780923474127e-61,9.140848158271499e-132,1.9723849609754446e-102,7.3048055821691455e-78,1.3254297294974004e-33,1.442972812914123e-37,0.012520140935405231,0.011905913077788363,2.84188424826033e-09,0.0,0.0
24.766666666666666,0.018723404,0.024248152103034267,0.0,3.1333420958083033e-28,2.2939877526095515e-74,6.04862904077796e-61,6.279520414390808e-132,1.4279126512890019e-102,5.603002851157288e-78,1.1248114371080878e-33,1.1389281633922062e-37,0.01243065607949516,0.011817493538142076,2.4853970297973576e-09,0.0,0.0
24.78333333333333,0.018723404,0.024071464233823014,0.0,2.9359961133454995e-28,1.9017346923461425e-74,5.154518257408399e-61,4.313816266814274e-132,1.0337277204682189e-102,4.297607001308081e-78,9.54540658345089e-34,8.989097012241747e-38,0.012341765814392768,0.011729696246077082,2.1733531641478076e-09,0.0,0.0
24.8,0.018723404,0.023895986031935473,0.0,2.7510769789183103e-28,1.5765445863056487e-74,4.392560196476806e-61,2.963411806775668e-132,7.48350854109315e-103,3.296296299028364e-78,8.100295501813965e-34,7.094428833146118e-38,0.012253466813440594,0.011642517318245922,1.900248955635443e-09,0.0,0.0
24.816666666666663,0.018723404,0.023721710307447536,0.0,2.57780233854522e-28,1.3069533461449148e-74,3.743224478964472e-61,2.0357178115242565e-132,5.417500288100869e-103,2.5282469528918194e-78,6.873834091829535e-34,5.598871773949165e-38,0.012165755758734102,0.011555952887456164,1.6612572715903128e-09,0.0,0.0
24.83333333333333,0.018723404,0.023548629896200768,0.0,2.415439082150129e-28,1.0834563429212253e-74,3.1898667128409334e-61,1.3984223725035655e-132,3.9218161334902e-103,1.9391279374586908e-78,5.832960181345645e-34,4.418403796144225e-38,0.012078629341293612,0.011469999102762115,1.4521450444820075e-09,0.0,0.0
24.85,0.018723404,0.023376737659984527,0.0,2.263300244675726e-28,8.981735401271059e-75,2.7183020838725928e-61,9.606260906923084e-133,2.839030960910018e-103,1.4872609373335388e-78,4.949607832993764e-34,3.48668058389326e-38,0.011992084261231392,0.01138465212955239,1.2692007435437572e-09,0.0,0.0
24.866666666666667,0.018723404,0.023206026486717664,0.0,2.1207421021634537e-28,7.445718466147706e-75,2.3164419415039697e-61,6.598810105240566e-133,2.0551695462097793e-103,1.1406742360071156e-78,4.199952813474912e-34,2.751318583254272e-38,0.011906117227913869,0.011299908149633171,1.1091706231669556e-09,0.0,0.0
24.883333333333333,0.0140425535,0.02303648929062833,0.0,1.987161450535751e-28,6.172349134413067e-75,1.973984074436209e-61,4.532858190065616e-133,1.4877152783460938e-103,8.748424781362205e-79,3.5637719375129004e-34,2.1709590806932326e-38,0.011820724960118639,0.011215763361306995,9.692026964311298e-10,0.0,0.0
24.9,0.0140425535,0.022868119012432492,0.0,1.8619930555899365e-28,5.116722686436732e-75,1.6821487449179163e-61,3.113679399035787e-133,1.0769279368586134e-103,6.709526557958556e-79,3.023899111878778e-34,1.7129493089194094e-38,0.011735904186187196,0.011132213979447787,8.467975067462614e-10,0.0,0.0
24.916666666666668,0.0140425535,0.022700908619509345,0.0,1.744707263432812e-28,4.2416106869227185e-75,1.4334537221672936e-61,2.13880368540239e-133,7.795574550454324e-104,5.145738243761581e-79,2.565763493378706e-34,1.3515109864422257e-38,0.011651651644172744,0.01104925623557172,7.397648806125236e-10,0.0,0.0
24.933333333333334,0.0140425535,0.022534851106073922,0.0,1.634807761264712e-28,3.5161489359760223e-75,1.2215225537690135e-61,1.4691401723734575e-133,5.642925199944198e-104,3.9463656329402326e-79,2.176997373355001e-34,1.0662938977158956e-38,0.011567964081983689,0.010966886377904292,6.461859416377258e-10,0.0,0.0
24.95,0.0140425535,0.02236993949334559,0.0,1.5318294790544049e-28,2.914749647380011e-75,1.0409211648484893e-61,1.0091386390366272e-133,4.084652819977845e-104,3.026500719491662e-79,1.8471032687057873e-34,8.412336159187146e-39,0.011484838257522435,0.010885100671443403,5.643797516769421e-10,0.0,0.0
24.966666666666665,0.0140425535,0.022206166829713027,0.0,1.4353366232429643e-28,2.4161995394013247e-75,8.87018600118938e-62,6.931603892138725e-134,2.956655388200254e-104,2.3210157592970885e-79,1.5671712855641658e-34,6.636494561796848e-39,0.011402270938820059,0.010803895398018949,4.928740205982131e-10,0.0,0.0
24.98333333333333,0.0140425535,0.022043526190894613,0.0,1.3449208341705122e-28,2.0029120694950705e-75,7.558683420588205e-62,4.761150936687969e-134,2.1401340871561094e-104,1.779955968353081e-79,1.3296391689254304e-34,5.2353216877847216e-39,0.011320258904166594,0.01072326685634863,4.303793929002194e-10,0.0,0.0
25.0,0.0140425535,0.021882010680094374,0.0,1.2601994594432124e-28,1.6603074721220713e-75,6.441071653480534e-62,3.270284104993938e-134,1.549087641663828e-104,1.3650052016456262e-79,1.1280885956636015e-34,4.129814868358545e-39,0.011238798942237197,0.010643211362090297,3.757668782513989e-10,0.0,0.0
25.016666666666666,0.0140425535,0.021721613428153135,0.0,1.1808139359465775e-28,1.376298759476068e-75,5.48868936739649e-62,2.246230649953711e-134,1.1212584673616197e-104,1.0467747697187296e-79,9.570722401004707e-35,3.257620220024237e-39,0.011157887852214244,0.01056372524789085,3.2804804490235376e-10,0.0,0.0
25.03333333333333,0.0140425535,0.021562327593694655,0.0,1.1064282736702792e-28,1.140865576651667e-75,4.677111522678171e-62,1.5428317086565228e-134,8.115779447362975e-105,8.0272371631769e-80,8.119669665465764e-35,2.5695262157094943e-39,0.01107752244390532,0.010484804863431695,2.863576406571882e-10,0.0,0.0
25.05,0.0140425535,0.021404146363266673,0.0,1.0367276349395824e-28,9.45700896982215e-76,3.985523298878617e-62,1.0596882404720921e-134,5.874210472971872e-105,6.155635072459e-80,6.888492040908416e-35,2.0266953033393436e-39,0.010997699537857373,0.01040644657547095,2.4993834639492175e-10,0.0,0.0
25.066666666666663,0.0140425535,0.0212470629514771,0.0,9.714170030513319e-29,7.83918108844299e-76,3.3961865365552644e-62,7.278351671918085e-135,4.251709163504305e-105,4.720343188860074e-80,5.843891541070047e-35,1.598478320566919e-39,0.010918415965467132,0.010328646767882563,2.1812740264449205e-10,0.0,0.0
25.08333333333333,0.0140425535,0.021091070601124317,0.0,9.102199346893395e-29,6.498081724626106e-76,2.8939850250045466e-62,4.99900220930779e-135,3.0773180644625224e-105,3.619663825861904e-80,4.957609863935219e-35,1.2606890915457141e-39,0.010839668569087428,0.010251401841692005,1.9034488099991587e-10,0.0,0.0
25.1,0.0140425535,0.02093616258332285,0.0,8.528773908490173e-29,5.386382890384736e-76,2.4660369859463697e-62,3.433436373288787e-135,2.227286203335801e-105,2.7755999350984205e-80,4.2056660909208565e-35,9.942423721775369e-40,0.010761454202130222,0.010174708215109227,1.6608339971355698e-10,0.0,0.0
25.116666666666667,0.0140425535,0.020782332197623536,0.0,7.991466413313925e-29,4.46484986946642e-76,2.101364824326082e-62,2.3581426372875865e-135,1.6120350612280166e-105,2.1283325306120826e-80,3.567709620203094e-35,7.840786737172906e-40,0.010683769729165874,0.010098562323558557,1.448991070641655e-10,0.0,0.0
25.133333333333333,0.0140425535,0.02062957277212793,0.0,7.488002381779866e-29,3.700957422920528e-76,1.7906136842978854e-62,1.6195954200642905e-135,1.1667230227011887e-105,1.6319847482179947e-80,3.0264709256783923e-35,6.183155784951079e-40,0.010606612026018711,0.01002296061970544,1.2640377745244474e-10,0.0,0.0
25.15,0.0140425535,0.020477877663597974,0.0,7.016250537091915e-29,3.0677425647544855e-76,1.525811598670651e-62,1.1123422191401746e-135,8.4441490867742645e-106,1.2513728304293996e-80,2.5672953612729634e-35,4.875778646283883e-40,0.0105299779798594,0.009947899573480691,1.1025788397319934e-10,0.0,0.0
25.166666666666668,0.0140425535,0.020327240257560053,0.0,6.574213791012993e-29,2.5428534697996208e-76,1.3001650856044871e-62,7.63951388388919e-136,6.1113741014654495e-106,9.595141307943477e-81,2.1777474619936814e-35,3.844687891046669e-40,0.010453864489293767,0.00987337567210176,9.616452775266791e-11,0.0,0.0
25.183333333333334,0.0140425535,0.020177653968403996,0.0,6.160020796932644e-29,2.1077609871703894e-76,1.107884954462111e-62,5.246726906467073e-136,4.422997672306536e-106,7.357157800630399e-81,1.8472750880654334e-35,3.031528016141546e-40,0.010378268464448445,0.009799385420091433,8.386411889115503e-11,0.0,0.0
25.2,0.0140425535,0.02002911223947653,0.0,5.771918034537938e-29,1.7471049628956803e-76,9.440378566666968e-63,3.603351564194099e-136,3.2010276731025837e-106,5.641087349028505e-81,1.566924367478629e-35,2.3902621827109546e-40,0.010303186827053052,0.00972592533929376,7.312971665031022e-11,0.0,0.0
25.216666666666665,0.0140425535,0.019881608543169903,0.0,5.408262392638969e-29,1.4481523262788358e-76,8.044197770285908e-63,2.474686931966863e-136,2.316631914431302e-106,4.325234414980496e-81,1.3290977584141047e-35,1.8845732508305638e-40,0.010228616510519428,0.009652991968887529,6.376294778048179e-11,0.0,0.0
25.23333333333333,0.0140425535,0.01973513638100523,0.0,5.067514218804537e-29,1.2003478335769629e-76,6.85448223162724e-63,1.6995320335199768e-136,1.6765617037978852e-106,3.3162751892025434e-81,1.1273487129384395e-35,1.485812823438614e-40,0.010154554460017588,0.009580581865397213,5.559043178032745e-11,0.0,0.0
25.25,0.0140425535,0.019589689283710812,0.0,4.748230806434745e-29,9.949416284544135e-77,5.84070349723128e-63,1.1671694609839995e-136,1.213324482335022e-106,2.542644096356251e-81,9.562074081874692e-36,1.1713828156826941e-40,0.01008099763254873,0.009508691602701428,4.846065058101362e-11,0.0,0.0
25.266666666666666,0.009361702,0.019445260811295568,0.0,4.449060291747047e-29,8.246804863632152e-77,4.976846625001231e-63,8.015561627254436e-137,8.780703331902171e-107,1.9494616802173886e-81,8.110328473867261e-36,9.234583876497594e-41,0.010007942997015226,0.009437317772039133,4.224120779390662e-11,0.0,0.0
25.28333333333333,0.009361702,0.01930184455311739,0.0,4.168735934879833e-29,6.835518549305779e-77,4.240742954153408e-63,5.5046472024310005e-137,6.354429761005866e-107,1.4946446813047398e-81,6.878873429354345e-36,7.279802809855079e-41,0.009935387534287651,0.009366456982013311,3.681642938003635e-11,0.0,0.0
25.3,0.0140425535,0.01915943412794683,0.0,3.9060707609452807e-29,5.665716636652555e-77,3.613501500250208e-63,3.780250003859347e-137,4.598527741897839e-107,1.1459228077474853e-81,5.8342999645564756e-36,5.738597600386445e-41,0.00986332823726898,0.009296105858592585,3.208526350318027e-11,0.0,0.0
25.316666666666663,0.0140425535,0.019018023184026133,0.0,3.659952538379895e-29,4.696084194026421e-77,3.0790243989456327e-63,2.5960142078748854e-137,3.327790654080197e-107,8.78550892778684e-82,4.9482630235690935e-36,4.523513263388276e-41,0.009791762110956097,0.009226261045110594,2.7959442514107137e-11,0.0,0.0
25.33333333333333,0.0140425535,0.018877605399123185,0.0,3.4293390733676953e-29,3.8923738325889854e-77,2.623593976154513e-63,1.7827445892143786e-137,2.408175623241911e-107,6.735543700254467e-82,4.1967143583161696e-36,3.565578230923226e-41,0.009720686172498275,0.009156919202263036,2.4361874567962012e-11,0.0,0.0
25.35,0.0140425535,0.018738174480581415,0.0,3.213253800446846e-29,3.2261968553657068e-77,2.2355208581386976e-63,1.2242404307793776e-137,1.7426705708567058e-107,5.163837641608745e-82,3.559251549422078e-36,2.8104000436416475e-41,0.009650097451253297,0.009088077008102881,2.122523637603198e-11,0.0,0.0
25.366666666666667,0.0140425535,0.018599724165365074,0.0,3.010781650660707e-29,2.6740211438636433e-77,1.904844099528845e-63,8.406976776845166e-138,1.2610648859390616e-107,3.958828616597818e-82,3.018565594928061e-36,2.2150853055906474e-41,0.009579992988840843,0.009019731158033487,1.849074210418033e-11,0.0,0.0
25.383333333333333,0.0140425535,0.01846224822009968,0.0,2.821065179786624e-29,2.2163404307559378e-77,1.6230756406306006e-63,5.773092625842435e-138,9.125455994059959e-108,3.034974441830552e-82,2.559972151111434e-36,1.7458099846304645e-41,0.009510369839193124,0.008951878364799487,1.6107066512263437e-11,0.0,0.0
25.4,0.0140425535,0.018325740441108705,0.0,2.6433009402776204e-29,1.836985651322041e-77,1.3829825416832443e-63,3.9643570377718993e-138,6.6033867659816186e-108,2.3266850786877572e-82,2.1710137654135155e-36,1.3759028161652018e-41,0.009441225068603242,0.00888451535847606,1.4029403133740098e-11,0.0,0.0
25.416666666666668,0.0140425535,0.01819019465444577,0.0,2.4767360815774848e-29,1.5225540772460982e-77,1.1784014101229418e-63,2.72227856454531e-138,4.778305625068739e-108,1.7836696165742223e-82,1.8411223562895468e-36,1.0843335135766018e-41,0.009372555755770992,0.008817638886456139,1.2218640668141135e-11,0.0,0.0
25.433333333333334,0.0140425535,0.01805560471592277,0.0,2.3206651644384783e-29,1.261936090667011e-77,1.004080262196225e-63,1.869338465295785e-138,3.45761118273634e-108,1.367368218998652e-82,1.5613328201827036e-36,8.545203330743086e-42,0.009304358991846267,0.008751245713435862,1.0640642841456156e-11,0.0,0.0
25.45,0.0140425535,0.017921964511133835,0.0,2.1744271757725837e-29,1.045922900431023e-77,8.555437635934311e-64,1.2836271889127011e-138,2.5019201007499472e-108,1.0482160853525056e-82,1.3240400254870432e-36,6.733895689499465e-42,0.00923663188047006,0.008685332621398156,9.265618816100812e-12,0.0,0.0
25.466666666666665,0.009361702,0.01778926795547541,0.0,2.037402731416984e-29,8.668813577519723e-78,7.28978393161347e-64,8.814252097141903e-139,1.810363488082088e-108,8.035454441464705e-83,1.1227926244441243e-36,5.3063378217896826e-42,0.009169371537813205,0.008619896409594633,8.067572834187655e-12,0.0,0.0
25.48333333333333,0.009361702,0.017657508994162505,0.0,1.9090114549860724e-29,7.184843955694289e-78,6.211345845604233e-64,6.052400137207502e-139,1.3099454259848066e-108,6.1597681398969806e-83,9.521181079178233e-37,4.1812679199558954e-42,0.009102575092612874,0.008554933894525808,7.023823182639031e-12,0.0,0.0
25.5,0.009361702,0.01752668160224098,0.0,1.7887095217283894e-29,5.95487578272893e-78,5.292433360479028e-64,4.155903083402083e-139,9.478414780361486e-109,4.721854491787107e-83,8.073743716780147e-37,3.2946231882736e-42,0.009036239686206789,0.00849044190991961,6.114581800399498e-12,0.0,0.0
25.516666666666666,0.0140425535,0.017396779784596365,0.0,1.6759873570032194e-29,4.935438753090035e-78,4.5094514954814865e-64,2.85363756293909e-139,6.858250032764074e-109,3.619554836539745e-83,6.846237789108974e-37,2.5959015696232744e-42,0.008970362472565413,0.008426417306708367,5.322586927746005e-12,0.0,0.0
25.53333333333333,0.009361702,0.01726779757595873,0.0,1.570367479645349e-29,4.09050120873516e-78,3.842294763218571e-64,1.9594214021802542e-139,4.962334405964171e-109,2.7745468422201006e-83,5.805263114456648e-37,2.045292705287386e-42,0.008904940618321824,0.008362856953004124,4.63278214406854e-12,0.0,0.0
25.55,0.009361702,0.017139729040904248,0.0,1.4714024810987634e-29,3.390197399635798e-78,3.273831159717106e-64,1.345403407897775e-139,3.590491151559284e-109,2.126783662733197e-83,4.922489180217725e-37,1.6114155777250105e-42,0.008839971302799694,0.00829975773407252,4.0320359698610915e-12,0.0,0.0
25.566666666666663,0.009361702,0.017012568273853324,0.0,1.378673131774059e-29,2.809772479558009e-78,2.7894624512457065e-64,9.237891354502865e-140,2.5978664732984014e-109,1.630230209801836e-83,4.173886057127692e-37,1.269534616605887e-42,0.008775451718039212,0.008237116552305215,3.5088969353522453e-12,0.0,0.0
25.58333333333333,0.009361702,0.016886309399064988,0.0,1.291786606621529e-29,2.3287079926822274e-78,2.3767494779851028e-64,6.342914205143812e-140,1.8796410963319968e-109,1.249594021060285e-83,3.5390719217410044e-37,1.000153132304075e-42,0.008711379068820893,0.008174930327190714,3.0533796548497764e-12,0.0,0.0
25.6,0.009361702,0.016760946570628394,0.0,1.2103748224167559e-29,1.9299969766054194e-78,2.025092862093431e-64,4.355123682015203e-140,1.359966441408949e-109,9.578187498020066e-84,3.000759517103097e-37,7.879043071900987e-43,0.008647750572687626,0.00811319599528399,2.6567780035487914e-12,0.0,0.0
25.616666666666667,0.009361702,0.01663647397245104,0.0,1.1340928797269491e-29,1.5995430878949933e-78,1.7254609287134378e-64,2.990252260642102e-140,9.839581249288471e-110,7.341623984171573e-84,2.5442865576155135e-37,6.2067682983108266e-43,0.008584563459964825,0.008051910510174714,2.3115019819627443e-12,0.0,0.0
25.633333333333333,0.009361702,0.01651288581824337,0.0,1.062617602968504e-29,1.3256625339508004e-78,1.4701578594242366e-64,2.0531035264638178e-140,7.119020048534767e-110,5.627239006343156e-84,2.1572173551148223e-37,4.8892555264348506e-43,0.008521814973778482,0.00799107084245395,2.010935280842056e-12,0.0,0.0
25.65,0.009361702,0.016390176351500897,0.0,9.956461723822586e-30,1.0986712238670733e-78,1.2526261296046784e-64,1.4096443886242449e-140,5.1506139782325135e-110,4.313134678936621e-84,1.8290048704379656e-37,3.851280408653483e-43,0.008459502370071727,0.007930673979679857,1.7493109339297446e-12,0.0,0.0
25.666666666666668,0.009361702,0.016268339845482933,0.0,9.32894842139877e-30,9.105425592898086e-79,1.0672781605889261e-64,9.678409427540986e-141,3.7264301548740714e-110,3.305865076678229e-84,1.5507040302237833e-37,3.033561526913138e-43,0.008397622917619389,0.007870716926341944,1.5216027737320534e-12,0.0,0.0
25.683333333333334,0.009361702,0.01614737060318867,0.0,8.740977391601829e-30,7.5462378007258e-79,9.093528669188557e-65,6.644986881370566e-141,2.6960142118725926e-110,2.5337962577699914e-84,1.3147285365687727e-37,2.38938314760611e-43,0.008336173898041005,0.007811196703824236,1.3234306924451155e-12,0.0,0.0
25.7,0.009361702,0.016027262957330025,0.0,8.190057375543996e-30,6.254008468153811e-79,7.7479341763577e-65,4.56225954961213e-141,1.9505028441502712e-110,1.9420156699495703e-84,1.1146445748637593e-37,1.881933029215835e-43,0.008275152605811922,0.007752110350367124,1.150977961319545e-12,0.0,0.0
25.716666666666665,0.009361702,0.015908011270302065,0.0,7.673854039400268e-30,5.183035560762468e-79,6.601430747855537e-65,3.132287246472328e-141,1.4111274123754824e-110,1.488429456149577e-84,9.449958245034706e-38,1.4822039646430396e-43,0.008214556348272948,0.007693454921028198,1.0009190815142236e-12,0.0,0.0
25.73333333333333,0.009361702,0.0157896099341505,0.0,7.190180091618412e-30,4.29544004632457e-79,5.624564360878262e-65,2.1504973744330451e-141,1.02089507741092e-110,1.1407705010838241e-84,8.011550251633426e-38,1.167339745054794e-43,0.008154382445638243,0.0076352274876419005,8.703568317748613e-13,0.0,0.0
25.75,0.009361702,0.015672053370536593,0.0,6.736986022398939e-30,3.559826967720818e-79,4.792238039365307e-65,1.4764270763252178e-141,7.385692845764018e-111,8.743047168787342e-85,6.791980708982993e-38,9.19331471343036e-44,0.008094628231001714,0.007577425138778112,7.56767346490595e-13,0.0,0.0
25.766666666666666,0.009361702,0.01555533603069952,0.0,6.312351426270332e-30,2.950175647689272e-79,4.08306739687929e-65,1.0136332415603183e-141,5.343141027237891e-111,6.700726414447992e-85,5.757972148744744e-38,7.239900422883193e-44,0.008035291050341837,0.007520044979699731,6.579522048236252e-13,0.0,0.0
25.78333333333333,0.009361702,0.015439452395416043,0.0,5.914476871052524e-30,2.4449198188764145e-79,3.4788314919015668e-65,6.958977874390706e-142,3.865425476458799e-111,5.1354143482878523e-85,4.881304856002459e-38,5.701363429117089e-44,0.007976368262524918,0.007463084132319128,5.7199664029576e-13,0.0,0.0
25.8,0.009361702,0.015324396974957891,0.0,5.541676278812273e-30,2.0261851803867027e-79,2.9640049007774716e-65,4.7775566269745924e-142,2.7963611234889218e-111,3.935715033371002e-85,4.1380485508621376e-38,4.489630317332956e-44,0.007917857239306934,0.007406539735153725,4.972330927528643e-13,0.0,0.0
25.816666666666663,0.009361702,0.015210164309046814,0.0,5.1923697865787085e-30,1.6791574422942866e-79,2.5253589976379436e-65,3.2799106744729173e-142,2.022946981783582e-111,3.016243268809159e-85,3.507910723172084e-38,3.535315833134611e-44,0.007859755365333981,0.007350408943280623,4.322094230256866e-13,0.0,0.0
25.83333333333333,0.009361702,0.015096748966806905,0.0,4.865077056612968e-30,1.3915585286640876e-79,2.151622206604417e-65,2.251717915151588e-142,1.463426956123462e-111,2.311551975932912e-85,2.973683918527877e-38,2.783759359080056e-44,0.007802060038141113,0.007294688928290132,3.7566119663050095e-13,0.0,0.0
25.85,0.009361702,0.014984145546715162,0.0,4.5584110079334055e-30,1.1532124302170847e-79,1.8331905049778783e-65,1.5458300762597952e-142,1.0586512514114992e-111,1.7714771329172314e-85,2.5207769584754144e-38,2.1919015976439007e-44,0.007744768668150039,0.007239376878238637,3.264875180515913e-13,0.0,0.0
25.866666666666667,0.009361702,0.014872348676549624,0.0,4.2710719425726054e-30,9.556853647361244e-80,1.5618807457501298e-65,1.0612197745266802e-142,7.658259982316626e-112,1.3575694019627043e-85,2.1368173555977686e-38,1.7258234373657043e-44,0.007687878678665398,0.007184469997600498,2.837299628722653e-13,0.0,0.0
25.883333333333333,0.009361702,0.014761353013335102,0.0,4.001842041715358e-30,7.919875284631126e-80,1.3307204667291237e-65,7.285254621818528e-143,5.539909016318691e-112,1.0403588039396643e-85,1.8113141166652056e-38,1.3588066796950904e-44,0.00763138750586958,0.007129965507218968,2.4655421246045255e-13,0.0,0.0
25.9,0.009361702,0.014651153243287196,0.0,3.749580208431036e-30,6.5632589775794806e-80,1.1337687900398924e-65,5.001266128793392e-143,4.0074720800695005e-112,7.972579903440553e-86,1.5353717665292684e-38,1.0698060248006594e-44,0.00757529259881644,0.007075860644256522,2.1423404610621196e-13,0.0,0.0
25.916666666666668,0.009361702,0.01454174408175407,0.0,3.5132172351779894e-30,5.438993440070198e-80,9.659638137573755e-66,3.4332942972727806e-143,2.898903344673134e-112,6.109550445858593e-86,1.3014478163467624e-38,8.422451435981515e-45,0.0075195914194236884,0.007022152662144243,1.8613738936020468e-13,0.0,0.0
25.933333333333334,0.009361702,0.014433120273156325,0.0,3.291751275632417e-30,4.5072881987930205e-80,8.229925774329653e-66,2.3568825731173608e-143,2.0969705567020814e-112,4.6818153670821326e-86,1.1031470797147747e-38,6.630681317481374e-45,0.007464281442464074,0.006968838830530537,1.6171415563197774e-13,0.0,0.0
25.95,0.004680851,0.0143252765909248,0.0,3.0842436016809378e-30,3.735166143193764e-80,7.011802627287561e-66,1.6179336690982097e-143,1.5168628238994156e-112,3.5876822848259864e-86,9.350472413338428e-39,5.219921990769138e-45,0.0074093601555553215,0.006915916435228995,1.4048565156987478e-13,0.0,0.0
25.966666666666665,0.004680851,0.014218207837436636,0.0,2.8898146276221866e-30,3.0952970091029655e-80,5.973957841429314e-66,1.110655427482314e-143,1.0972249393655555e-112,2.7492127391874605e-86,7.925509320267682e-39,4.109189225018069e-45,0.007354825059148949,0.0068633827781656494,1.2203534597101868e-13,0.0,0.0
25.98333333333333,0.004680851,0.014111908843949436,0.0,2.707640184753113e-30,2.5650305570815583e-80,5.089713455638081e-66,7.624192361333711e-144,7.936708527153122e-113,2.106674360515722e-86,6.717602843339045e-39,3.234704346979025e-45,0.007300673666517956,0.006811235177325479,1.0600082749284905e-13,0.0,0.0
26.0,0.004680851,0.014006374470533661,0.0,2.5369480305743994e-30,2.1255952642141648e-80,4.3363389692534524e-66,5.233644591839715e-144,5.740908177070215e-113,1.6142885803890568e-86,5.693705540172089e-39,2.546240489763751e-45,0.007246903503743338,0.006759470966698255,9.206679872437735e-14,0.0,0.0
26.016666666666666,0.004680851,0.013901599606003356,0.0,2.377014577842949e-30,1.7614341980678398e-80,3.6944673075187833e-66,3.592613498801214e-144,4.152562602859958e-113,1.2369713890916641e-86,4.825799111984903e-39,2.004244388180753e-45,0.0071935121096996105,0.006708087496223787,7.995897363340607e-14,0.0,0.0
26.03333333333333,0.004680851,0.013797579167845029,0.0,2.2271618296272348e-30,1.4596545904515709e-80,3.1475971871505315e-66,2.466111250474602e-144,3.0036353370217674e-113,9.478352631479726e-87,4.0901294459466515e-39,1.5775691803897076e-45,0.0071404970360391526,0.006657082131736438,6.94387623926403e-14,0.0,0.0
26.05,0.004680851,0.013694308102145048,0.0,2.086754507395419e-30,1.2095716477388316e-80,2.6816691016272745e-66,1.6928198260024482e-144,2.1725694106189457e-113,7.262745221305011e-87,3.4665579532163513e-39,1.2416885678367056e-45,0.007087855847175613,0.006606452254909137,6.029864241523854e-14,0.0,0.0
26.066666666666663,0.004680851,0.013591781383515508,0.0,1.9551973599806295e-30,1.0023304658314605e-80,2.2847040360783282e-66,1.1619962396672985e-144,1.5714318989646147e-113,5.564978724515679e-87,2.938011531376801e-39,9.772901820300228e-46,0.00703558612026631,0.006556195263196842,5.235812737157281e-14,0.0,0.0
26.08333333333333,0.004680851,0.013489994015018226,0.0,1.8319326420339004e-30,8.3059267904923385e-81,1.9464956323949887e-66,7.976174200196135e-145,1.1366138088887344e-113,4.2640370673077255e-87,2.4900161637538862e-39,7.691676744893844e-46,0.006983685445193525,0.006506308569779241,4.546025725284467e-14,0.0,0.0
26.1,0.004680851,0.013388941028087631,0.0,1.7164377512924903e-30,6.882767608750878e-81,1.6583478977099247e-66,5.474953922168618e-145,8.221021051590904e-114,3.26718111799868e-87,2.1103014445177328e-39,6.0534812015283e-46,0.006932151424544989,0.006456789603503173,3.9468542402242276e-14,0.0,0.0
26.116666666666667,0.004680851,0.013288617482452119,0.0,1.608223014662692e-30,5.703427914335779e-81,1.412851718921882e-66,3.758047326329019e-145,5.946125503625814e-114,2.5033422995186905e-87,1.7884652492878367e-39,4.764047781131972e-46,0.006880981673593426,0.0064076358088244285,3.426430303274309e-14,0.0,0.0
26.133333333333333,0.004680851,0.013189018466053661,0.0,1.5068296137455963e-30,4.726140788667542e-81,1.2036944425026938e-66,2.5795263487662543e-145,4.300687351673926e-114,1.9180594558212408e-87,1.515689408656919e-39,3.749158540781754e-46,0.006830173820274986,0.0063588446457489315,2.97443532521404e-14,0.0,0.0
26.15,0.004680851,0.013090139094966488,0.0,1.4118276410259415e-30,3.9162932495022214e-81,1.0254976279958771e-66,1.7705722233959742e-145,3.1105498848257243e-114,1.4695985164365144e-87,1.2844986310827426e-39,2.950382611458505e-46,0.006779725505167048,0.0063104135897736205,2.5818985159523285e-14,0.0,0.0
26.166666666666668,0.004680851,0.01299197451331416,0.0,1.3228142784945859e-30,3.245201054173095e-81,8.736788071864801e-67,1.215299413757836e-145,2.2497381779912585e-114,1.125978683079236e-87,1.0885560996970834e-39,2.321719559886212e-46,0.0067296343814649716,0.006262340131826777,2.24102142848711e-14,0.0,0.0
26.183333333333334,0.004680851,0.012894519893185564,0.0,1.2394120909952397e-30,2.689093307069913e-81,7.443336974767791e-67,8.341591183306166e-146,1.6271301956673125e-114,8.626933855778874e-88,9.224901667795776e-40,1.826956119847032e-46,0.006679898114958153,0.006214621778207961,1.9450252621183257e-14,0.0,0.0
26.2,0.004680851,0.012797770434549391,0.0,1.1612674270701396e-30,2.22827094858178e-81,6.341358433607144e-67,5.7254614413152105e-146,1.176814902219834e-114,6.609637105884036e-88,7.817474170778261e-40,1.4375847525453874e-46,0.0066305143840050765,0.006167256050527435,1.688017983928995e-14,0.0,0.0
26.216666666666665,0.004680851,0.012701721365167682,0.0,1.0880489205354871e-30,1.8464093526936422e-81,5.4025110754234354e-67,3.9297785218298065e-146,8.5111756260785e-115,5.063999135285484e-88,6.624680898736827e-40,1.1311646724296175e-46,0.006581480879507746,0.006120240485645288,1.4648787060469596e-14,0.0,0.0
26.23333333333333,0.004680851,0.012606367940508019,0.0,1.0194460864424085e-30,1.5299803576396575e-81,4.6026481468156595e-67,2.6972527902218715e-146,6.15554475089559e-115,3.8797567856302966e-88,5.613804592320092e-40,8.900313227289894e-47,0.006532795304885214,0.0060735726356100925,1.2711570861915995e-14,0.0,0.0
26.25,0.004680851,0.012511705443654646,0.0,9.55168005479637e-31,1.2677732786804868e-81,3.921196757670042e-67,1.8512762574097317e-146,4.451834302182345e-115,2.9724206038521085e-88,4.7571128880375715e-40,7.0028025249369e-47,0.006484455376046398,0.006027250067597219,1.1029858066938418e-14,0.0,0.0
26.266666666666666,0.004680851,0.012417729185218605,0.0,8.94942091247885e-31,1.0504979535290188e-81,3.3406289805668746e-67,1.2706233256731451e-146,3.2196380947427166e-115,2.2772510946571253e-88,4.03109915949491e-40,5.509670756070078e-47,0.006436458821362195,0.005981270363846838,9.570044379462548e-15,0.0,0.0
26.28333333333333,0.004680851,0.012324434503246509,0.0,8.385129351867281e-31,8.7045577298326e-82,2.8460112150050167e-67,8.720842359761048e-147,2.328470285992065e-115,1.744642639185091e-88,3.4158389172814196e-40,4.3347758150909535e-47,0.00638880338163675,0.005935631121601456,8.302932108097166e-15,0.0,0.0
26.3,0.004680851,0.012231816763128619,0.0,7.856412242634226e-31,7.212670545475678e-82,2.4246202362797756e-67,5.9854399314625e-147,1.683952859574496e-115,1.3365861713163732e-88,2.8944441857856687e-40,3.4103182589994446e-47,0.006341486810078164,0.005890329953043253,7.203154129925477e-15,0.0,0.0
26.316666666666663,0.004680851,0.012139871357505817,0.0,7.3610272684112e-31,5.976451102669254e-82,2.065616062076637e-67,4.1079935526332204e-147,1.217824636423373e-115,1.0239585440317608e-88,2.452600948866156e-40,2.6829371582525354e-47,0.006294506872268473,0.005845364485231096,6.248672904138102e-15,0.0,0.0
26.33333333333333,0.004680851,0.012048593706175429,0.0,6.896873424322e-31,4.9520901215904485e-82,1.7597632296549935e-67,2.819418038559708e-147,8.807145822415985e-116,7.844454097000545e-89,2.0781770235819298e-40,2.11063657199991e-47,0.006247861346132869,0.005800732360037138,5.420344792035375e-15,0.0,0.0
26.35,0.0,0.011957979255996419,0.0,6.461982113133615e-31,4.1032842792391576e-82,1.499193320338332e-67,1.9350190580018935e-147,6.369146436723581e-116,6.0094957245371566e-89,1.760889643828998e-40,1.660366005589254e-47,0.006201548021908428,0.005756431234083291,4.701541200142848e-15,0.0,0.0
26.366666666666667,0.0,0.011868023480793665,0.0,6.0545088023205494e-31,3.399950344617903e-82,1.2772026278689525e-67,1.328027534155213e-147,4.6059891008372973e-116,4.6037136118490905e-89,1.4920236660750587e-40,1.3061157566811253e-47,0.006155564702112176,0.005712458778677411,4.077819161036503e-15,0.0,0.0
26.383333333333333,0.0,0.011778721881261006,0.0,5.672725206711284e-31,2.817159572778308e-82,1.088079770227049e-67,9.114334847861905e-148,3.330889397489575e-116,3.526740810184404e-89,1.2641926918712178e-40,1.0274176267572537e-47,0.00610990920150839,0.005668812679749079,3.536634922829648e-15,0.0,0.0
26.4,0.0,0.01169006998486391,0.0,5.3150119636173835e-31,2.3342546335536343e-82,9.269588139683098e-68,6.255167679562004e-148,2.4087579559359485e-116,2.7016791703681134e-89,1.0711365740965964e-40,8.081647615636707e-48,0.0060645793470755155,0.0056254906377853275,3.0670949512785165e-15,0.0,0.0
26.416666666666668,0.004680851,0.01160206334574109,0.0,4.979851769422016e-31,1.9341178111124e-82,7.896941357407156e-68,4.292882641360622e-148,1.7418941686448583e-116,2.0696123332422734e-89,9.075497679061815e-41,6.356827217669562e-48,0.006019572977972371,0.00558249036776606,2.6597394739415055e-15,0.0,0.0
26.433333333333334,0.004680851,0.011514697544605487,0.0,4.665822948564692e-31,1.6025645645911746e-82,6.7275380426244e-68,2.94615211929949e-148,1.2596388043394667e-116,1.585401419237189e-89,7.689358302036427e-41,4.999983251484322e-48,0.005974887945503897,0.005539809599099283,2.3063543276334754e-15,0.0,0.0
26.45,0.0,0.011427968188644323,0.0,4.37159342768377e-31,1.3278409773630998e-82,5.731287420105856e-68,2.0218895027386623e-148,9.10890072137047e-117,1.2144635990891323e-89,6.514840861203751e-41,3.932641720866973e-48,0.005930522113086227,0.005497446075556096,1.9998074205680995e-15,0.0,0.0
26.466666666666665,0.0,0.011341870911418656,0.0,4.095915089399054e-31,1.1002072999660226e-82,4.882553314198304e-68,1.3875727901200655e-148,6.586907847922258e-117,9.303037980103804e-90,5.519650869400867e-41,3.093057191296777e-48,0.005886473356211361,0.005455397555205559,1.7339065996051296e-15,0.0,0.0
26.48333333333333,0.004680851,0.011256401372762088,0.0,3.837618481819246e-31,9.115928394318538e-83,4.159494759359415e-68,9.522483898560409e-149,4.7631350696075855e-117,7.126234819690647e-90,4.676419976872274e-41,2.4326481483747922e-48,0.005842739562411248,0.0054136618103493355,1.5032761300635433e-15,0.0,0.0
26.5,0.004680851,0.011171555258678906,0.0,3.5956078613683857e-31,7.553099735636637e-83,3.5435042068886893e-68,6.53492852036843e-149,3.4442915515340764e-117,5.458716228918249e-90,3.961954882166365e-41,1.9131916238483384e-48,0.005799318631221407,0.005372236627456196,1.3032493586202475e-15,0.0,0.0
26.516666666666666,0.004680851,0.011087430729439076,0.0,3.3688565479341873e-31,6.2581716196288174e-83,3.0187288840763336e-68,4.484639795124709e-149,2.490592206139811e-117,4.181344715316747e-90,3.356600709818819e-41,1.5046154328590814e-48,0.005756208474144073,0.005331119807096405,1.1297754458447048e-15,1.0244819746966478e-07,0.0
26.53333333333333,0.004680851,0.011005555393633504,0.0,3.156402572664658e-31,5.185225603787033e-83,2.5716629993855596e-68,3.077587639570273e-149,1.800947535434467e-117,3.202849294428946e-90,2.84370141802242e-41,1.1832607698809822e-48,0.0057134070146108214,0.005290309163875878,9.793383299896109e-16,1.8392151458245087e-06,0.0
26.55,0.004680851,0.010930248283202245,0.0,2.957344599978609e-31,4.296212826260327e-83,2.1908003084277585e-68,2.11197823022999e-149,1.3022525762776091e-117,2.45330826986937e-90,2.40914245439317e-41,9.305149959536394e-49,0.005670912187944789,0.005249802526370304,8.488863230580589e-16,9.533568886303357e-06,0.0
26.566666666666663,0.004680851,0.010868035914154906,0.0,2.7708381065165843e-31,3.559605457664727e-83,1.866338107148739e-68,1.449321045771428e-149,9.416404925614676e-118,1.879156022295663e-90,2.0409631288064783e-41,7.317357724661344e-49,0.005628721941322501,0.005209597737059138,7.357709485019673e-16,2.9716235772531854e-05,0.0
26.58333333333333,0.004680851,0.010826623915981156,0.0,2.596091800844913e-31,2.9492792163841145e-83,1.5899250407139704e-68,9.94571295727556e-150,6.8088030501161235e-118,1.439357473096584e-90,1.7290280805677996e-41,5.7540448237895816e-49,0.005586834233735107,0.005169692652259386,6.376938111938528e-16,7.009702998602434e-05,0.0
26.6,0.004680851,0.01081395981404786,0.0,2.4323642687485865e-31,2.4435873609928587e-83,1.3544462430132758e-68,6.825011878375954e-150,4.9232532134542405e-118,1.1024771937677783e-90,1.4647488350072547e-41,4.524600933496273e-49,0.005545247035949407,0.00513008514205945,5.526604480523187e-16,0.00013862763603845064,0.0
26.616666666666667,0.004680851,0.010837487267369517,0.0,2.2789608299002425e-31,2.0245933546622717e-83,1.1538402814567453e-68,4.6834628339690173e-150,3.5598306487564522e-118,8.444339642152389e-91,1.2408478161327632e-41,3.5577501856649965e-49,0.0055039583304684,0.005090773090252828,4.789402449354388e-16,0.00024275584664781028,0.0
26.633333333333333,0.004680851,0.01090360546964737,0.0,2.135230592589583e-31,1.677435016155618e-83,9.829431994563028e-69,3.2138598073992174e-150,2.5739628561976127e-118,6.467804938912242e-91,1.0511583447232817e-41,2.7974271847302184e-49,0.005462966111491353,0.00505175439427163,4.150316248049021e-16,0.00038888496388397154,0.0
26.65,0.004680851,0.011017316661411473,0.0,2.00056369403625e-31,1.3897976291668396e-83,8.373556457120234e-69,2.205377653214785e-150,1.861105510317172e-118,4.953854963749207e-91,8.90455136961288e-42,2.199532310248269e-49,0.005422268384873638,0.005013026965120207,3.5963181601746743e-16,0.0005820213114172688,0.0
26.666666666666668,0.004680851,0.011182033525847202,0.0,1.8743887145941733e-31,1.151477341181102e-83,7.133296730322379e-69,1.5133354634742088e-150,1.3456605024371335e-118,3.794240233561505e-91,7.543106543240202e-42,1.7293789053534508e-49,0.00538186316808615,0.004974588727308589,3.116105999319099e-16,0.0008255816304521513,0.0
26.683333333333334,0.004680851,0.011399515575001013,0.0,1.7561702548925447e-31,9.540193813624996e-84,6.076722951885278e-69,1.0384453724074139e-150,9.729618577888523e-119,2.9060396595543133e-91,6.389733638335441e-42,1.3596848752521797e-49,0.00534174849017439,0.004936437618785982,2.699875155860177e-16,0.001121329466040371,0.0
26.7,0.004680851,0.011669904922949956,0.0,1.645406665648311e-31,7.904182774302928e-84,5.17663321225154e-69,7.125712808627759e-151,7.034802901356482e-119,2.2257348922626217e-91,5.412645682607525e-42,1.0689926416873699e-49,0.005301922391717176,0.0048985715908741075,2.3391206752411933e-16,0.0014694109403584385,0.0
26.716666666666665,0.004680851,0.011991834925106132,0.0,1.5416279205317205e-31,6.548694479094127e-84,4.4098535379123844e-69,4.8895534185437755e-151,5.08632223051344e-119,1.704670820700915e-91,4.5849097491852334e-42,8.404261290079429e-50,0.005262382924785079,0.004860988608200617,2.0264654227237703e-16,0.0018684633921202327,0.0
26.73333333333333,0.004680851,0.012362588929929263,0.0,1.4443936230723213e-31,5.425633663013109e-84,3.7566415087544516e-69,3.3551064504792364e-151,3.6774911220490667e-119,1.3055780109221186e-91,3.8837060318145635e-42,6.607129197421016e-50,0.005223128152898531,0.004823686648632432,1.7555109062332255e-16,0.0023157741283981238,0.0
26.75,0.004680851,0.012778290255454242,0.0,1.3532911391603555e-31,4.495150020671495e-84,3.200178168399165e-69,2.302181971283221e-151,2.6588585326478933e-119,9.999086920262904e-92,3.289699966418448e-42,5.194150339097379e-50,0.005184156150985609,0.004786663703209092,1.520707778117438e-16,0.0028074704012593897,0.0
26.766666666666666,0.004680851,0.013234108161807284,0.0,1.267933847231014e-31,3.724224932586974e-84,2.726135157228377e-69,1.579680424382736e-151,1.922359785705669e-119,7.657959902896716e-92,2.786510158608472e-42,4.08323839523606e-50,0.005145465005339598,0.004749917776076105,1.3172434271758865e-16,0.003338725380391449,0.0
26.78333333333333,0.004680851,0.013724467891926495,0.0,1.1879594987163111e-31,3.0855004143405264e-84,2.322305932439731e-69,1.083914621216555e-151,1.389856516046853e-119,5.864906200256673e-92,2.36025750484344e-42,3.20984086741486e-50,0.005107052813576165,0.00471344688441826,1.1409444118197338e-16,0.0039039681939319567,0.0
26.8,0.004680851,0.01424325573499469,0.0,1.113028681817853e-31,2.556308778408724e-84,1.9782915877980361e-69,7.437332036368648e-152,1.0048497384329109e-119,4.491633393494938e-92,1.9991831226029792e-42,2.5231952192794415e-50,0.0050689176845903705,0.004677249058392995,9.881917803442387e-17,0.004497088992011225,0.0
26.816666666666663,0.004680851,0.014784012520921621,0.0,1.0428233820902492e-31,2.117868611349644e-84,1.685233190096077e-69,5.103117076988798e-152,7.264875069431045e-120,3.4398760393231104e-92,1.693324593152054e-42,1.983384109982085e-50,0.0050310577385133965,0.004641322341063807,8.558475808091556e-17,0.005111632441344331,0.0
26.83333333333333,0.009361702,0.015340110998671379,0.0,9.770456337354992e-32,1.7546185632226172e-84,1.435583745838527e-69,3.5014680343928048e-152,5.252318524925123e-120,2.634368668484096e-92,1.4342416209296878e-42,1.559019227177484e-50,0.004993471106668946,0.004605664788333576,7.411910859698868e-17,0.005740975103668782,0.0
26.85,0.009361702,0.023086197241296277,0.0,9.154162558930369e-32,1.4536653304295172e-84,1.2229139310613858e-69,2.4024871832329887e-152,3.797255754822493e-120,2.0174630649341967e-92,1.2147835701353382e-42,1.225419588252004e-50,0.004956155931529527,0.004570274468878057,6.418634524582082e-17,0.0063784838202501646,0.007181283020638464
26.866666666666667,0.009361702,0.025054796793886728,0.0,8.576736685698672e-32,1.204326260585569e-84,1.0417465857140869e-69,1.6484215368142845e-152,2.745266676008273e-120,1.5450051197628755e-92,1.0288924888544031e-42,9.63178788386791e-51,0.0049191103666724936,0.004535149464079381,5.558197017835222e-17,0.007017653560415267,0.00858288340271953
26.883333333333333,0.009361702,0.026528275147450823,0.0,8.035727831924961e-32,9.977503619526656e-85,8.874157139890238e-70,1.1310238804666874e-152,1.9847012012528713e-120,1.1831765509883754e-92,8.714362055769587e-43,7.5703818397096e-51,0.004882332576735717,0.004500287867959506,4.8128705703272126e-17,0.007652224237367805,0.009493430465387746
26.9,0.009361702,0.02776056696626055,0.0,7.52883963079334e-32,8.266042791977064e-85,7.559463624163197e-70,7.760175995533044e-153,1.4348339372081708e-120,9.060757263882881e-93,7.380669089145666e-43,5.950007098557748e-51,0.004845820737373266,0.004465687787113838,4.167287962691737e-17,0.008276276791626003,0.010172781650147398
26.916666666666668,0.009361702,0.028838183111796284,0.0,7.053920494272091e-32,6.848121002378007e-85,6.439522846519121e-70,5.324363231017059e-153,1.0372992642844865e-120,6.938646448731361e-93,6.251013213462483e-43,4.676339620846293e-51,0.004809573035210724,0.004431347340644866,3.6081289407518635e-17,0.008884309430787335,0.010712953305153325
26.933333333333334,0.009361702,0.029800627269165988,0.0,6.608954486842374e-32,5.673397673002944e-85,5.4854875949545464e-70,3.653087680291473e-153,7.498984052797737e-121,5.313495946726755e-93,5.294191711202659e-43,3.675221391833397e-51,0.004773587667800443,0.004397264660095892,3.1238481863233985e-17,0.009471295329783878,0.011158479611485743
26.95,0.009361702,0.030668731090815957,0.0,6.192052774406445e-32,4.700164466711758e-85,4.672783185424543e-70,2.50639109905057e-153,5.421216222273173e-121,4.068940037024324e-93,4.483771692651341e-43,2.8883505839938814e-51,0.004737862843576478,0.00436343788938477,2.704439350831762e-17,0.01003272337020904,0.01153470698764564
26.966666666666665,0.009361702,0.03145448884050712,0.0,5.801445612134978e-32,3.8938652196334727e-85,3.9804747203188865e-70,1.7196256443705107e-153,3.919105692382581e-121,3.1158574299544056e-93,3.797361248124132e-43,2.2698924698679454e-51,0.004702396781809483,0.0043298651847378,2.341230383181399e-17,0.010564623658458486,0.011857603215501326
26.98333333333333,0.009361702,0.032165271055920194,0.0,5.435474837289389e-32,3.225869615387637e-85,3.3907280443650574e-70,1.1798188309636554e-153,2.8331735491534067e-121,2.3859933426938346e-93,3.2159919249063752e-43,1.783814450248261e-51,0.004667187712561356,0.0042965447146236695,2.0267060121500822e-17,0.011063579634284792,0.01213795899445036
27.0,0.009361702,0.032805889635410056,0.0,5.09258683520025e-32,2.672457104433712e-85,2.8883505243829022e-70,8.094556866025984e-154,2.048119750017741e-121,1.82707447083344e-93,2.723595532244707e-43,1.4017905400306956e-51,0.004632233876639771,0.004263474659687481,1.7543537897338417e-17,0.011526728584232909,0.01238345251484988
27.016666666666666,0.0140425535,0.03337970698164628,0.0,4.7713259485849e-32,2.2139750274662321e-85,2.4603998333503125e-70,5.5535052211836426e-154,1.4805854774307634e-121,1.3990674518712001e-93,2.3065608716054484e-43,1.1015536736340568e-51,0.004597533525552564,0.0042306532126849235,1.5185305761682713e-17,0.011951752325378586,0.01259976791803019
27.03333333333333,0.0140425535,0.033889270548137104,0.0,4.4703283022667165e-32,1.8341410793879694e-85,2.0958506691948254e-70,3.810111182015524e-154,1.0703051276457396e-121,1.0713131828771537e-93,1.953358187612132e-43,8.656001644533698e-52,0.004563084921461942,0.004198078578416469,1.3143467592260952e-17,0.012336859737989357,0.012791247310269321
27.05,0.0140425535,0.034336691307710325,0.0,4.188316017118506e-32,1.5194653692631978e-85,1.785310829622167e-70,2.613993351509142e-154,7.737091205087536e-122,8.203319884864987e-94,1.654220997923616e-43,6.801710817411596e-52,0.004528886337138588,0.00416574897366174,1.137565858035537e-17,0.01268076271276043,0.012961293284149552
27.066666666666663,0.0140425535,0.034723874781353394,0.0,3.924091788702317e-32,1.2587715731925756e-85,1.5207793344583838e-70,1.793360833794278e-154,5.592987187578738e-122,6.281426131605853e-94,1.4008765389458337e-43,5.344513763886567e-52,0.004494936055915696,0.0041336626271139985,9.845174721908633e-18,0.01298264694854003,0.01311262914978366
27.08333333333333,0.0140425535,0.03505266273785411,0.0,3.676533807621787e-32,1.0428001916246647e-85,1.2954403691124524e-70,1.2303460013302397e-154,4.043020455135445e-122,4.809747623825886e-94,1.1863174020369687e-43,4.199402248397343e-52,0.0044612323716427425,0.004101817779314656,8.520218065303261e-18,0.013242138897419403,0.013247473689477296
27.1,0.0140425535,0.03532491859294255,0.0,3.444591000054026e-32,8.638798348015331e-86,1.1034877446829262e-70,8.440792609790235e-155,2.9225642470046314e-122,3.682830679990307e-94,1.004608068498706e-43,3.2995599985835812e-52,0.004427773588639321,0.004070212682588039,7.373242360152659e-18,0.013459270011585945,0.013367662310129248
27.116666666666667,0.009361702,0.03554257627051338,0.0,3.227278568282602e-32,7.156548730612811e-86,9.399753556588749e-71,5.790760331309417e-155,2.1126045855727642e-122,2.819919155892372e-94,8.507210122771806e-44,2.592470939664073e-52,0.004394558021648804,0.004038845600976225,6.3803857832492176e-18,0.013634439304936727,0.013474733342951623
27.133333333333333,0.0140425535,0.03570766488150008,0.0,3.023673812323889e-32,5.9285978814473814e-86,8.006897853042221e-71,3.972687022639935e-155,1.5271032448431306e-122,2.1591708808014357e-94,7.203978533226549e-44,2.0368596910323357e-52,0.004361583995791846,0.004007714810173943,5.520979181525354e-18,0.013768375105481373,0.013569990970052914
27.15,0.0140425535,0.035822317240090065,0.0,2.832912214934109e-32,4.911322183547671e-86,6.820417788861131e-71,2.7253954073785807e-155,1.1038615871486633e-122,1.6532283067382274e-94,6.100317343393023e-44,1.6002864078971072e-52,0.004328849846519902,0.003976818597463722,4.7771198027510314e-18,0.013862096744472705,0.013654552051633729
27.166666666666668,0.0140425535,0.0358887675897468,0.0,2.654183773396119e-32,4.068580631359602e-86,5.809737905707124e-71,1.8696964425622575e-155,7.979154763075926e-123,1.2658263209002033e-94,5.165676781452391e-44,1.2572560712586974e-52,0.004296353919568611,0.003946155261651118,4.133301813339642e-18,0.013916876806668036,0.013729381601859035
27.183333333333334,0.0140425535,0.03590934223275804,0.0,2.4867295625344674e-32,3.370431500546786e-86,4.948812235678492e-71,1.2826527731487818e-155,5.7676010457830624e-123,9.691943906379512e-95,4.3741817813271685e-44,9.877322281105479e-53,0.004264094570911142,0.003915723113000121,3.576096055754158e-18,0.013934204454196093,0.013795320094650678
27.2,0.0140425535,0.035886445655180274,0.0,2.3298385143842994e-32,2.7920690959409738e-86,4.215453355994171e-71,8.79920700563192e-156,4.16897795358616e-123,7.420670575259382e-95,3.703916939743674e-44,7.759686947920577e-53,0.004232070166711424,0.0038855204731686583,3.09387249867797e-18,0.013915750234764605,0.013853104780535584
27.216666666666665,0.0140425535,0.03582254399297313,0.0,2.1828444008608393e-32,2.3129428405613655e-86,3.5907608206783557e-71,6.036349812071167e-156,3.013422707507865e-123,5.681603377687006e-95,3.1363208030792716e-44,6.09591224044525e-53,0.004200279083277351,0.0038555456751443082,2.6765597014661075e-18,0.013863332693575755,0.013903386540975714
27.23333333333333,0.0140425535,0.035720147165655206,0.0,2.0451230066342173e-32,1.916027438737786e-86,3.058634251367387e-71,4.1409663904476685e-156,2.178144030033783e-123,4.350049347383066e-95,2.655672774229834e-44,4.788756734381004e-53,0.004168719707013928,0.0038257970631801427,2.3154363678556063e-18,0.013778887027221264,0.013946743368239872
27.25,0.0140425535,0.0355817906331487,0.0,1.9160894802223303e-32,1.58721820729378e-86,2.605358548901369e-71,2.84070057823885e-156,1.5743787500649093e-123,3.3305271138981854e-95,2.248658482578661e-44,3.7618064330163646e-53,0.0041373904343763555,0.0037962729927307395,2.0029507176590385e-18,0.013664435946678082,0.013983691259363521
27.266666666666666,0.0140425535,0.03541001746137807,0.0,1.7951958520686376e-32,1.3148301106085072e-86,2.219250544166302e-71,1.9487030662081256e-156,1.13796247204893e-123,2.549924328811099e-95,1.9040016231446156e-44,2.955015397537639e-53,0.004106289671823114,0.00376697183038837,1.732563972349989e-18,0.013522062854840453,0.014014693104326134
27.28333333333333,0.0140425535,0.035207361181919326,0.0,1.6819287090802376e-32,1.0891827157103196e-86,1.890357988507943e-71,1.3367873859186993e-156,8.225129878065671e-124,1.9522577253951617e-95,1.6121521036375164e-44,2.3212008484868917e-53,0.004075415835768925,0.003737891953819316,1.4986147425032591e-18,0.013353887391208618,0.014040166001122465
27.3,0.0140425535,0.03497632978047879,0.0,1.575807015764872e-32,9.022563329244387e-87,1.6102031316607424e-71,9.170129682778788e-157,5.9450252046806705e-124,1.4946604940391173e-95,1.3650218908958829e-44,1.8232885168381086e-53,0.00404476735253778,0.003709031751700411,1.2962015319067426e-18,0.013162043351749171,0.01406048732449143
27.316666666666663,0.0140425535,0.034719391034747554,0.0,1.4763800727269354e-32,7.474071341425463e-87,1.37156428318864e-71,6.290498903716714e-157,4.2969545050887765e-124,1.144309540489959e-95,1.1557612637461564e-44,1.4321477036480572e-53,0.0040143426583159,0.0036803896236557417,1.121080943426653e-18,0.012948658954845324,0.014075999797930592
27.33333333333333,0.0140425535,0.03443895933497622,0.0,1.383225603863918e-32,6.191311341511988e-87,1.1682897314884163e-71,4.315103194307466e-157,3.105731723860861e-124,8.760725019723879e-96,9.785692939248127e-45,1.1248898483411143e-53,0.003984140199104634,0.0036519639801934757,9.69579492870616e-19,0.0127158393939522,0.014087015761725902
27.35,0.0140425535,0.034137384053938166,0.0,1.2959479641521971e-32,5.128686548994163e-87,9.951392276215924e-72,2.960014030890527e-157,2.2447255829875892e-124,6.707059445966908e-96,8.285333210320945e-45,8.835314035464013e-54,0.0039541584306734216,0.003623753242642954,8.385172156488889e-19,0.012465651593361835,0.014093820787259957
27.366666666666667,0.0140425535,0.03381693948209413,0.0,1.2141764604204247e-32,4.2484232963764075e-87,8.476489510657775e-72,2.030452565366461e-157,1.6224029127239253e-124,5.13475643740052e-96,7.014929875325367e-45,6.939430386690127e-54,0.003924395818512741,0.0035957558430919573,7.251414926159306e-19,0.012200111064668699,0.014096676755820738
27.383333333333333,0.0140425535,0.033479816305283315,0.0,1.1375637779887827e-32,3.5192289451114493e-87,7.220164791823604e-72,1.3927989418245866e-157,1.1726011869809763e-124,3.931000831786073e-96,5.939250776260172e-45,5.450238793221599e-54,0.0038948508377869393,0.003567970224324064,6.270697309841012e-19,0.01192117074746057,0.014095824495711744
27.4,0.0140425535,0.03312811457354507,0.0,1.065784506501239e-32,2.915180016807715e-87,6.15002797353213e-72,9.553896153158982e-158,8.474968650576296e-125,3.009414630018511e-96,5.028459780496828e-45,4.280526058606152e-54,0.003865521973287217,0.0035403948397563184,5.422397178827724e-19,0.011630711707826097,0.01409148605267544
27.416666666666668,0.0140425535,0.0327638380887053,0.0,9.985337586979869e-33,2.414801053772052e-87,5.238488255986731e-72,6.553436857908869e-158,6.125224880218865e-125,2.303862384342469e-96,4.2572906535245836e-45,3.361775446199539e-54,0.003836407719384515,0.0035130281533770303,4.688666216749358e-19,0.011330535561884037,0.014083866654059711
27.433333333333334,0.0140425535,0.03238889012359742,0.0,9.355258762697e-33,2.0003014947540558e-87,4.4620431135751826e-72,4.495254078454323e-158,4.4269248522939233e-125,1.7637079121299312e-96,3.6043473632037074e-45,2.6401599007070164e-54,0.003807506579982475,0.003485868639683807,4.054057527437014e-19,0.01102235848818605,0.014073156415745088
27.45,0.0140425535,0.03200507037597587,0.0,8.764932173043158e-33,1.656943462327721e-87,3.8006725660646523e-72,3.0834427973569174e-158,3.1994729579671003e-125,1.3501823447519948e-96,3.0515114737571464e-45,2.073393666596004e-54,0.003778817068470357,0.0034589147836217283,3.5052031389577496e-19,0.010707806692031455,0.014059531831852327
27.466666666666665,0.0140425535,0.03161407305433282,0.0,8.211850201830385e-33,1.372518006790223e-87,3.237323188237172e-72,2.1150180725422592e-158,2.3123359312995195e-125,1.0336031589103418e-96,2.583440245519633e-45,1.6282584651661427e-54,0.003750337707676022,0.003432165080521786,3.0305347320987813e-19,0.010388413186033021,0.014043157080101992
27.48333333333333,0.0140425535,0.03121748599012958,0.0,7.693663391064242e-33,1.136911202747389e-87,2.757468564431009e-72,1.4507374103157725e-158,1.6711660686014924e-125,7.912448237442853e-97,2.1871415621119367e-45,1.278659750356631e-54,0.0037220670298189255,0.003405618036039489,2.6200418117416047e-19,0.01006561575428911,0.014024185169982054
27.5,0.0140425535,0.030816790670748197,0.0,7.208170467350559e-33,9.41744685379215e-88,2.348734863533972e-72,9.950847842372682e-159,1.2077707171639777e-125,6.057083990379235e-97,1.851613929322592e-45,1.0040994982707697e-54,0.003694003576463133,0.003379272166093693,2.2650623112343935e-19,0.009740755971912303,0.014002758956279065
27.516666666666666,0.0140425535,0.030413363089207102,0.0,6.753308997142103e-33,7.800778569917911e-88,2.000581887418814e-72,6.825396958682488e-159,8.728620168268565e-126,4.6367318307562934e-97,1.567541588074747e-45,7.884762990238312e-55,0.0036661458984703905,0.0033531259968056426,1.9581012887718263e-19,0.009415079157127651,0.013979012036803417
27.53333333333333,0.0140425535,0.030008475309916988,0.0,6.327146631179716e-33,6.461611846912223e-88,1.7040313747951588e-72,4.681578436665203e-159,6.308163124117532e-126,3.549408949722534e-97,1.3270363070330789e-45,6.19142628594941e-55,0.0036384925559531933,0.003327178064438192,1.692673954582638e-19,0.009089735139420069,0.01395306955010553
27.55,0.0140425535,0.02960329765411368,0.0,5.927872900988619e-33,5.352318246169536e-88,1.4514355597997737e-72,3.211095784468815e-159,4.558862183262546e-126,2.717038475811956e-97,1.1234187106846303e-45,4.861641965857964e-55,0.003611042118227929,0.0033014269153352764,1.4631697702527537e-19,0.008765779734054369,0.013925048886496108
27.566666666666663,0.0140425535,0.029198901413776897,0.0,5.553791532625661e-33,4.4334431155209807e-88,1.2362800216662113e-72,2.2024739985922609e-159,3.29462695507683e-126,2.0798462584095553e-97,9.510330916948533e-46,3.817380686170549e-55,0.003583793163768086,0.0032758711058616112,1.264734797040475e-19,0.008444176820508227,0.013895060323638974
27.58333333333333,0.0140425535,0.028796262008580577,0.0,5.203313245069378e-33,3.6723029826365255e-88,1.0530157452458878e-72,1.5106536324898684e-159,2.3809609597669495e-126,1.5920708228917793e-97,8.050905821659488e-46,2.9973553771020658e-55,0.0035567442801574126,0.0032505092023425264,1.0931698474897107e-19,0.00812580092978629,0.01386320759629435
27.6,0.0140425535,0.02839626250651714,0.0,4.874949002700682e-33,3.041823608330575e-88,8.969160647200167e-73,1.0361332119342262e-159,1.7206579773872775e-126,1.2186787760232587e-97,6.815363426574325e-46,2.3534300834667495e-55,0.003529894064043263,0.0032253397810041227,9.448423217421939e-20,0.007811440253084155,0.0138295884083856
27.616666666666667,0.0140425535,0.027999697435110472,0.0,4.567303693246178e-33,2.519577411517684e-88,7.639548039410942e-73,7.106616542482368e-160,1.2434636340449702e-126,9.328500419230137e-98,5.7693709210778456e-46,1.8477988515806836e-55,0.0035032411210899426,0.0032003614279136213,8.166098933886787e-20,0.007501799991717245,0.013794294894389662
27.633333333333333,0.0140425535,0.027607276816459532,0.0,4.279070204359984e-33,2.0869860603473643e-88,6.507024729735255e-73,4.8742384258083447e-160,8.986030546997712e-127,7.140525184927144e-98,4.8838586447152155e-46,1.4507695959285104e-55,0.003476784065932045,0.00317557273891986,7.057544553019016e-20,0.007197505975538905,0.013757414036068723
27.65,0.0140425535,0.027219630365620657,0.0,4.0090238737152316e-33,1.7286598919473284e-88,5.542378456422714e-73,3.34308378302892e-160,6.493800853732893e-127,5.4656801870947794e-98,4.134213544865124e-46,1.13902325103634e-55,0.0034505215221279596,0.0031509723195941174,6.099249486970172e-20,0.006899108484164746,0.013719028039733834
27.666666666666668,0.009361702,0.026837311797945414,0.0,3.7560172890538534e-33,1.4318506845681573e-88,4.720726392145683e-73,2.292896038920236e-160,4.692738153183838e-127,4.183637308392354e-98,3.4995961867339064e-46,8.942463086442461e-56,0.0034244521221133925,0.0031265587851711067,5.270878830367023e-20,0.0066070862121288204,0.013679214678532095
27.683333333333334,0.009361702,0.026460803196893354,0.0,3.5189754161332724e-33,1.18599833340848e-88,4.020873549541689e-73,1.5725993252801724e-160,3.3911731595794306e-127,3.2022821686958226e-98,2.9623623959737745e-46,7.020566802676532e-56,0.003398574507154991,0.0031023307604902315,4.5548451413342056e-20,0.006321850325591062,0.013638047603657067
27.7,0.009361702,0.02609051939946732,0.0,3.296891033895468e-33,9.823553180145659e-89,3.424766258859412e-73,1.0785702324613155e-160,2.4505857626051577e-127,2.4510994615685793e-98,2.507573510325145e-46,5.5115998584287045e-56,0.003372887327303978,0.003078286879937018,3.9359378618037607e-20,0.0060437485643487785,0.013595596627877548
27.716666666666665,0.009361702,0.0257268123617515,0.0,3.088820457490683e-33,8.136756133966016e-89,2.917026631040863e-73,7.397337017301585e-161,1.7708678310290993e-127,1.8761089208181992e-98,2.1225816696482824e-46,4.326868526412213e-56,0.0033473892413499293,0.003054425787384844,3.401002633182759e-20,0.005773069348666783,0.01355192798434994
27.73333333333333,0.009361702,0.025369975472030425,0.0,2.8938795310051513e-33,6.739569870550252e-89,2.4845560065876485e-73,5.073398978775731e-161,1.2796721013672517e-127,1.4359884529528545e-98,1.7966786512976847e-46,3.3967240265949606e-56,0.003322078916774618,0.003030746136136846,2.938663801827908e-20,0.005510045855808607,0.01350710456331035
27.75,0.009361702,0.02502024778362802,0.0,2.7112398728893547e-33,5.582275213089696e-89,2.116197168399307e-73,3.4795194765473206e-161,9.247142974915471e-128,1.0991061572460821e-98,1.5207985174395701e-46,2.666474302564802e-56,0.0032969550297059047,0.0030072465888680952,2.539084308213333e-20,0.005254860036127886,0.013461186128926132
27.766666666666666,0.009361702,0.02467781814391448,0.0,2.5401253581537002e-33,4.623687720453376e-89,1.8024466112351284e-73,2.3863611793814265e-161,6.682096884102288e-128,8.412481779961999e-99,1.2872658312488252e-46,2.0931731133523396e-56,0.003272016264871784,0.002983925817568008,2.1937579327092964e-20,0.005007646543161303,0.013414229518313383
27.78333333333333,0.009361702,0.024342829199886288,0.0,2.379808822403355e-33,3.829692770931508e-89,1.5352094505480042e-73,1.6366270854447528e-161,4.828522907658681e-128,6.438792711816086e-99,1.0895824611496505e-46,1.643098231265966e-56,0.003247261315554424,0.002960782503482949,1.8953295456035334e-20,0.004768496556357882,0.013366288824491033
27.8,0.009361702,0.024015381264340545,0.0,2.22960897372495e-33,3.172032061294174e-89,1.3075906524155949e-73,1.122431779729733e-161,3.4890899319191425e-128,4.928112018347887e-99,9.22247061286717e-47,1.289770899882464e-56,0.003222688883544395,0.0029378153370591313,1.637439593339184e-20,0.004537461478899283,0.013317415564837736
27.816666666666663,0.009361702,0.023695536029939006,0.0,2.0888874993199e-33,2.627298376558752e-89,1.1137172024476501e-73,7.697803880873834e-162,2.5211946557325916e-128,3.771833616418846e-99,7.80602221788076e-47,1.0124004162749554e-56,0.0031982976790949527,0.002915023017885741,1.4145895589823672e-20,0.0043145564965182985,0.013267658836440011
27.83333333333333,0.009361702,0.023383320121409,0.0,1.9570463546043846e-33,2.1761028890141756e-89,9.48586629013749e-74,5.279227816772559e-162,1.821784262653568e-128,2.886824084654184e-99,6.607050491544439e-47,7.946626125353051e-57,0.003174086420876374,0.0028924042546382357,1.2220255731471911e-20,0.004099763986329396,0.013217065459564992
27.85,0.004680851,0.023078728478772854,0.0,1.8335252232717127e-33,1.8023853780364867e-89,8.079379754483077e-74,3.6205174495441244e-162,1.3163878816487673e-128,2.2094488857804226e-99,5.592175864897592e-47,6.237405809589714e-57,0.00315005383593047,0.00286995776502199,1.055637731068612e-20,0.003893036767463832,0.013165680110356565
27.866666666666667,0.004680851,0.02278172756684157,0.0,1.71779913753681e-33,1.4928428429379376e-89,6.881418945587196e-74,2.4829477018856106e-162,9.511897759511152e-129,1.6909993949824696e-99,4.733140332389725e-47,4.895713599440123e-57,0.003126198659625198,0.0028476822757161286,9.11873000077039e-21,0.003694301187765732,0.01311354544373451
27.883333333333333,0.004680851,0.022492258408280147,0.0,1.609376248461877e-33,1.2364561900644585e-89,5.861070316920642e-74,1.7027903933507583e-162,6.873007962098098e-129,1.2941922906613671e-99,4.006021898427644e-47,3.8425437339831707e-57,0.0031025196356092816,0.0028255765223175727,7.876598862154055e-21,0.0035034600429806,0.01306070220737269
27.9,0.004680851,0.02221023943936778,0.0,1.5077957369010088e-33,1.024098162144037e-89,4.9920028251725886e-74,1.167754390063257e-162,4.9661851074893646e-129,9.904898651220761e-100,3.390569471430219e-47,3.015869021049019e-57,0.0030790155157670567,0.002803639249285374,6.803432750474001e-21,0.00332039532677411,0.013007189347541241
27.916666666666668,0.009361702,0.021935569189144022,0.0,1.4126258561957888e-33,8.482085663829083e-90,4.251788693598957e-74,8.008266737932671e-163,3.588354566588066e-129,7.580487634700079e-100,2.869639743916737e-47,2.3669931642468686e-57,0.0030556850601733483,0.0027818692098852934,5.876280749438838e-21,0.0031449708115688342,0.012953044107516545
27.933333333333334,0.009361702,0.021668128783986565,0.0,1.323462098314815e-33,7.025252506711313e-90,3.621324846157599e-74,5.491895460965039e-163,2.5927711898281453e-129,5.801497902166106e-100,2.428720425811165e-47,1.857686522464261e-57,0.0030325270370485284,0.0027602651661346074,5.075304757419511e-21,0.0029770344616112617,0.012898302119192167
27.95,0.009361702,0.021407784280811894,0.0,1.2399254756522646e-33,5.818612595203772e-90,3.084340093093072e-74,3.766194195410531e-163,1.873395356043171e-129,4.4399597407180726e-100,2.055526593538818e-47,1.4579370900518652e-57,0.003009540222713607,0.002738825888747158,4.383357954778692e-21,0.002816420680890584,0.012842997488460546
27.966666666666665,0.004680851,0.02115438883305439,0.0,1.1616609111929537e-33,4.819202434683488e-90,2.626975359486601e-74,2.582735189706369e-163,1.3536023430592147e-129,3.3979253223026677e-100,1.7396589459874104e-47,1.1441845918590015e-57,0.0029867234015455092,0.0027175501570786565,3.785620262304145e-21,0.0026629523995504332,0.012787162874879791
27.98333333333333,0.004680851,0.020907784694371365,0.0,1.0883357302098571e-33,3.9914355600589885e-90,2.237426131540112e-74,1.7711436165558838e-163,9.780232377500317e-130,2.600426249328243e-100,1.4723144761581678e-47,8.97933945633668e-58,0.002964075365932431,0.002696436759072249,3.2692830985175017e-21,0.0025164430032767293,0.012730829566089955
28.0,0.004680851,0.020667805065664693,0.0,1.0196382470918269e-33,3.305835989692976e-90,1.9056378995670373e-74,1.2145752046142676e-163,7.066488802616558e-130,1.9900829294790285e-100,1.2460415219466635e-47,7.046666170182687e-58,0.0029415949162293377,0.002675484491204292,2.8232767800520002e-21,0.0023766981108318728,0.01267402754739919
28.016666666666666,0.004680851,0.02043427579151519,0.0,9.552764413022773e-34,2.7379891084203197e-90,1.6230467431576055e-74,8.32897931651395e-164,5.105691954933264e-130,1.5229783785692095e-100,1.0545323912489045e-47,5.529858850034744e-58,0.002919280860713591,0.002654692158430437,2.438034806324936e-21,0.002243517205450301,0.01261678556692086
28.03333333333333,0.004680851,0.020207016912508646,0.0,8.949767168481646e-34,2.267672657121873e-90,1.382358367990371e-74,5.711575243480431e-164,3.6889433111653796e-130,1.165499897367355e-100,8.924477996231755e-48,4.339457738149742e-58,0.0028971320155406605,0.002634058574131887,2.105290046082938e-21,0.0021166951262289223,0.012559131196607176
28.05,0.004680851,0.019985844080210514,0.0,8.384827399930171e-34,1.8781369122359203e-90,1.1773598952862126e-74,3.9166681238264015e-164,2.665298164141205e-130,8.919216136795361e-101,7.552682419570358e-48,3.405241964022154e-58,0.0028751472046999967,0.002613582560061957,1.817898515281737e-21,0.001996023425954557,0.012501090889494004
28.066666666666663,0.004680851,0.01977056984172541,0.0,7.855543502798162e-34,1.5555084451188177e-90,1.002759549488913e-74,2.6858045324810348e-164,1.925688655649569e-130,6.825541188611304e-101,6.391681674645314e-48,2.6720932776710952e-58,0.00285332525997106,0.002593262946292898,1.5696870172001296e-21,0.001881291602018679,0.012442690033442772
28.08333333333333,0.004680851,0.019561004800875352,0.0,7.359665402401357e-34,1.2882962469804542e-90,8.540501091930279e-75,1.841742013181543e-164,1.3913064666785792e-130,5.223281818290834e-101,5.4090946060988017e-48,2.0967488036918414e-58,0.0028316650208793873,0.002573098571162884,1.3553214188371642e-21,0.0017722882071929515,0.01238395300164013
28.1,0.004680851,0.019356958663058657,0.0,6.89508499458462e-34,1.0669826464973803e-90,7.273925991603758e-75,1.2629319716384255e-164,1.0052081527452246e-130,3.997107206729802e-101,4.57751266772273e-48,1.645251791846367e-58,0.0028101653346528956,0.0025530882812233604,1.1701927730281075e-21,0.0016688018470885787,0.01232490320009382
28.116666666666667,0.004680851,0.01915824117081184,0.0,6.459827189327326e-34,8.836844636078826e-91,6.195172232733136e-75,8.660199483282149e-165,7.26249212673118e-131,3.058750929852978e-101,3.873736555010149e-48,1.2909503732677383e-58,0.0027888250561782734,0.002533230931186587,1.0103188724353146e-21,0.0015706220711050264,0.012265563112341954
28.133333333333333,0.004680851,0.018964662937008863,0.0,6.052041519285775e-34,7.318723416825654e-91,5.276389829203312e-75,5.938443317738355e-165,5.247009221356361e-131,2.3406604654302254e-101,3.27812998652945e-48,1.0129265530753224e-58,0.002767643047957477,0.0025135253838734083,8.72259147529431e-22,0.0014775401636032911,0.012205954341574687
28.15,0.004680851,0.018776036182499088,0.0,5.669994277645279e-34,6.061382700869025e-91,4.493858040640992e-75,4.072059567727498e-165,3.790831386362226e-131,1.7911366525130716e-101,2.774072662196424e-48,7.947629719694754e-59,0.002746618180064418,0.0024939705101613167,7.530411026933949e-22,0.001389349841922345,0.012146097650351009
28.166666666666668,0.004680851,0.018592175384812157,0.0,5.312061151898657e-34,5.02003023701925e-91,3.82737318863095e-75,2.792237930906517e-165,2.738757641016538e-131,1.3706135665931068e-101,2.3474971826428192e-48,6.235748368732757e-59,0.0027257493301017627,0.0024745651889327655,6.500967285696461e-22,0.0013058478677000437,0.012086012998077586
28.183333333333334,0.004680851,0.01841289784435824,0.0,4.976720322274763e-34,4.157566662330277e-91,3.259727225285981e-75,1.9146417350754663e-165,1.978651177118958e-131,1.0488112650950284e-101,1.9864970475096516e-48,4.892500207417151e-59,0.0027050353831578767,0.002455308307023718,5.612075398532442e-22,0.0012268345777731499,0.012025719576403497
28.2,0.004680851,0.018238024174325303,0.0,4.662545995512204e-34,3.44326440610511e-91,2.7762636018063794e-75,1.3128630486253546e-165,1.429490854125285e-131,8.025566184086149e-102,1.6809948263247762e-48,3.838525806050158e-59,0.002684475231763906,0.002436198759172443,4.844570703355467e-22,0.0011521143407171492,0.011965235842671805
28.216666666666665,0.004680851,0.018067378720232022,0.0,4.368202346521458e-34,2.851673443180085e-91,2.3644989785678557e-75,9.002189257894058e-166,1.0327377185064963e-131,6.141154814617173e-102,1.42246126852216e-48,3.011545604088661e-59,0.0026640677758510097,0.002417235447968583,4.181898149638215e-22,0.0010814959448541552,0.011904579551558273
28.23333333333333,0.004680851,0.017900789914835166,0.0,4.092437842209992e-34,2.361714947319429e-91,2.0138010166639384e-75,6.172678668121517e-166,7.460968701734561e-132,4.699162322893803e-102,1.2036775355416665e-48,2.3626849640258962e-59,0.002643811922707732,0.002398417283802458,3.609757453185683e-22,0.0010147929233082634,0.011843767785016713
28.25,0.004680851,0.01773809057382277,0.0,3.8340799233667955e-34,1.9559305823266042e-91,1.7151139375057897e-75,4.232490789813574e-166,5.390101276240334e-132,3.5957285003651644e-102,1.0185339371370832e-48,1.853589715232626e-59,0.002623706586937509,0.002379743184814632,3.1157964309807373e-22,0.0009518238214291251,0.011782816980641502
28.266666666666666,0.004680851,0.017579118137449952,0.0,3.592030022024281e-34,1.6198607073781853e-91,1.4607247693408982e-75,2.9021189011234344e-166,3.8939930070333885e-132,2.7513724839921457e-102,8.618595693108254e-49,1.454162199403918e-59,0.0026037506904163636,0.002361212076845731,2.6893459842423e-22,0.0008924124116385418,0.011721742958549315
28.28333333333333,0.004680851,0.017423714862996157,0.0,3.365258893136416e-34,1.3415293611442158e-91,1.2440642491731858e-75,1.989899830764007e-166,2.813130961113846e-132,2.1052707028327985e-102,7.2927811087312e-49,1.1407843734069936e-59,0.0025839431622506886,0.0023428228933865015,2.3211910819753586e-22,0.000836387860484859,0.011660560946874109
28.3,0.004680851,0.017271727972646016,0.0,3.1528022407503073e-34,1.1110176896939465e-91,1.0595372426224527e-75,1.3644074042849598e-166,2.0322694183157442e-132,1.6108777085811599e-102,6.170857633690445e-49,8.949232154782222e-60,0.0025642829387352187,0.0023245745755281245,2.0033728619557234e-22,0.0007835848524199204,0.011599285605962753
28.316666666666663,0.004680851,0.01712300976111981,0.0,2.9537566200954563e-34,9.20110631182932e-92,9.02378305794938e-76,9.355214826356851e-167,1.468145735539194e-132,1.232574766069373e-102,5.221479352371183e-49,7.020362043366095e-60,0.0025447689633111606,0.002306466071912819,1.7290176273908935e-22,0.0007338436745438476,0.011537931051351983
28.33333333333333,0.004680851,0.016977417667107742,0.0,2.7672755981876244e-34,7.620042778779271e-92,7.685286619014226e-76,6.414463118968389e-167,1.060604866095667e-132,9.4310501992825e-103,4.41811792675065e-49,5.507123228953646e-60,0.002525400186524423,0.0022884963386846095,1.4921890893837398e-22,0.0006870102662974611,0.011476510875601248
28.35,0.004680851,0.016834814312298246,0.0,2.5925661566420853e-34,6.310634959756273e-92,6.545314178748187e-76,4.3980859886010784e-167,7.661867382987128e-133,7.216106463532932e-103,3.738322412858442e-49,4.3199791925021127e-60,0.002506175565984064,0.002270664339440448,1.2877606998735953e-22,0.0006429362378224288,0.011415038169051305
28.366666666666667,0.004680851,0.016695067511530208,0.0,2.4288853214184843e-34,5.226211727437759e-92,5.574423168595233e-76,3.0155322787824977e-167,5.534931117485201e-133,5.521307137676146e-103,3.1630927642556837e-49,3.3886765438552955e-60,0.0024870940663208733,0.002252969045181536,1.1113053473651618e-22,0.0006014788604551232,0.011353525539572678
28.383333333333333,0.004680851,0.016558050257349403,0.0,2.275537005182683e-34,4.328119424302416e-92,4.747537233057059e-76,2.0675742481866384e-167,3.998401404115017e-133,4.224516280957612e-103,2.6763495666895814e-49,2.6580931996092207e-60,0.002468154659146049,0.0022354094342648795,9.590000575338583e-23,0.0005625010325747176,0.011291985131363758
28.4,0.004680851,0.016423640682009407,0.0,2.131869048876163e-34,3.5843446987143777e-92,4.04329878845583e-76,1.417604620387315e-167,2.8883987592886363e-133,3.232274116302002e-103,2.2644852274171015e-49,2.0849802419097724e-60,0.0024493563230101227,0.0022179844923551286,8.275436605239687e-23,0.0005258712237894518,0.011230428642854702
28.416666666666668,0.004680851,0.01629172199972408,0.0,1.997270449925723e-34,2.9683738746139078e-92,3.4435175795762535e-76,9.71954655339788e-168,2.086529370817493e-133,2.473064840524431e-103,1.915984110903274e-49,1.635405145768219e-60,0.002430698043361978,0.0022006932123766663,7.140856631933401e-23,0.0004914634002169357,0.0111688673437685
28.433333333333334,0.004680851,0.016162182431759105,0.0,1.8711687653217168e-34,2.4582482330676005e-92,2.932701001451961e-76,6.663981342881289e-168,1.5072609779012934e-133,1.8921647692887066e-103,1.6211010327603671e-49,1.2827454349859245e-60,0.002412178812508063,0.002183534594465945,6.161648035662792e-23,0.0004591569333972368,0.01110731209138786
28.45,0.004680851,0.016034915116738352,0.0,1.753027678533508e-34,2.035781559539157e-92,2.4976540635481127e-76,4.5689713040044235e-168,1.0888022660897863e-133,1.447699880822787e-103,1.3715891492864342e-49,1.006114301231037e-60,0.002393797629571715,0.0021665076459240437,5.316559713860558e-23,0.00042883649516997315,0.01104577334607262
28.466666666666665,0.004680851,0.015909818008342402,0.0,1.6423447199283634e-34,1.6859120886209112e-92,2.1271386708039204e-76,3.132564222798477e-168,7.865135157510544e-134,1.107628879809034e-103,1.1604696559916188e-49,7.891252104034537e-61,0.002375553500452701,0.0021496113811695283,4.587243572945452e-23,0.0004003919406501411,0.010984261186070033
28.48333333333333,0.004680851,0.015786793762386345,0.0,1.5386491310098482e-34,1.396165763725567e-92,1.8115834267924872e-76,2.147723837216058e-168,5.68146040295051e-134,8.474345302318228e-104,9.818368733377146e-50,6.189225270785459e-61,0.002357445437786874,0.002132844821691517,3.9578584759209165e-23,0.0003737181812510349,0.010922785321656919
28.5,0.004680851,0.015665749615086693,0.0,1.4414998634040114e-34,1.1562116932359724e-92,1.542836468123949e-76,1.4724948934533542e-168,4.1040288474484944e-134,6.483569972082979e-104,8.306932839684595e-50,4.854208906198246e-61,0.0023394724609060104,0.0021162069960030225,3.4147281502401465e-23,0.00034871504952719206,0.010861355108650468
28.516666666666666,0.004680851,0.01554659725415954,0.0,1.3504837040932554e-34,9.574939679262625e-93,1.3139549497941865e-76,1.0095458993822234e-168,2.9645409811077536e-134,4.9604196205381134e-104,7.028099204007936e-50,3.8070840107947e-61,0.002321633595797811,0.002099696939594537,2.946045714327971e-23,0.0003252871574452187,0.010799979561321973
28.53333333333333,0.004680851,0.015429252684234849,0.0,1.2652135189335106e-34,7.929267239767047e-93,1.119025747120446e-76,6.921420868352249e-169,2.1414165318649335e-134,3.7950614028175653e-104,5.946082087113727e-50,2.985783458562458e-61,0.0023039278750660408,0.002083313694887854,2.5416184785765363e-23,0.000303343749535497,0.010738667364745456
28.55,0.004680851,0.01531363608792573,0.0,1.1853266069937697e-34,6.5664158841795925e-93,9.53012745614727e-77,4.7452748224501516e-169,1.5468260936800095e-134,2.903456882039185e-104,5.030599718472223e-50,2.3416178961525897e-61,0.002286354337890857,0.002067056311190146,2.192647538755876e-23,0.0002827985522332651,0.010677426886611462
28.566666666666663,0.004680851,0.015199671683754194,0.0,1.110483158726347e-34,5.437785095364979e-93,8.116267764026362e-77,3.253302218777481e-169,1.1173223348354598e-134,2.2213047525816136e-104,4.256028024609481e-50,1.8363930790427787e-61,0.0022689120299893045,0.002050923844648322,1.8915374249180677e-23,0.00026356962058253253,0.010616266188534035
28.58333333333333,0.004680851,0.015087287582007516,0.0,1.0403648114178867e-34,4.503125200761666e-93,6.912148393184911e-77,2.23040835195823e-169,8.070717189222302e-135,1.69940585119861e-104,3.60068443712738e-50,1.4401482066324243e-61,0.0022516000035759254,0.002034915358203551,1.6317317128821983e-23,0.0002455791833508744,0.010555193036877165
28.6,0.004680851,0.014976415639482567,0.0,9.74673295784491e-35,3.7291026099730797e-93,5.8866575367136235e-77,1.529119036297896e-169,5.82964948318094e-135,1.300116525911945e-104,3.0462217922412934e-50,1.1293815126758675e-61,0.0022344173173235895,0.0020190299215461327,1.4075710619712835e-23,0.00022875348748701413,0.01049421491312583
28.616666666666667,0.004680851,0.014866991313965034,0.0,9.13129167960954e-35,3.088111536697899e-93,5.013298007288794e-77,1.048323090283901e-169,4.2108466694519974e-135,9.946348263164266e-105,2.5771154040910256e-50,8.856581639083758e-62,0.0022173630363244955,0.00200326661107056,1.2141706236722395e-23,0.00021302264274533205,0.010433339023824647
28.633333333333333,0.004680851,0.014758953519190194,0.0,8.554706214965471e-35,2.5572898642896104e-93,4.269502831485127e-77,7.186972086681927e-170,3.041536899969382e-135,7.60923970681857e-105,2.1802289930075483e-50,6.945181176664227e-62,0.002200436232051257,0.0019876245098308116,1.0473141815663351e-23,0.00019832046720225086,0.010372572310105875
28.65,0.004680851,0.01465224448094024,0.0,8.0145237431067e-35,2.1177040867857674e-93,3.6360523422147e-77,4.9271265815162166e-170,2.196915916742064e-135,5.821234542186759e-105,1.844447349716884e-50,5.446193226149701e-62,0.002183635982318244,0.001972102707495937,9.033627420825833e-24,0.0001845843342983343,0.010311921456827727
28.666666666666668,0.004680851,0.014546809594846756,0.0,7.508446258787834e-35,1.7536742807383307e-93,3.096577718168501e-77,3.377835082124183e-170,1.5868302497841053e-135,4.453332946276456e-105,1.560365478410832e-50,4.270655622858636e-62,0.0021669613712430335,0.0019567003003058514,7.791756060176583e-24,0.00017175502195590533,0.010251392901341966
28.683333333333334,0.004680851,0.014442597286390213,0.0,7.034320802183394e-35,1.4522150521626121e-93,2.637138150894487e-77,2.3156884528305313e-170,1.1461572409224224e-135,3.406837953139658e-105,1.3200255375958279e-50,3.348791606879162e-62,0.0021504114892080765,0.001941416391027409,6.72042218973763e-24,0.00015977656424552675,0.010190992841909201
28.7,0.004680851,0.014339558873516582,0.0,6.590130305230589e-35,1.2025725350199988e-93,2.2458607210002324e-77,1.5875184794203038e-170,8.278556865756065e-136,2.60623779387156e-105,1.1166942315356485e-50,2.6258733763515284e-62,0.0021339854328224707,0.0019262500889106738,5.796233306093264e-24,0.00014859610600461172,0.010130727245778827
28.716666666666665,0.004680851,0.014237648432227312,0.0,6.17398501556589e-35,9.95840940042884e-94,1.9126336839883148e-77,1.0883145245376954e-170,5.979457435259766e-136,1.993759903807624e-105,9.446744341174126e-51,2.0589772477153647e-62,0.0021176823048839506,0.00191120050964548,4.999001928295606e-24,0.0001381637607478825,0.010070601856949999
28.73333333333333,0.004680851,0.014136822665439475,0.0,5.784114461612167e-35,8.246449872676319e-94,1.6288452451996921e-77,7.460828258204777e-171,4.318825289594473e-136,1.5252040233629774e-105,7.991457825426281e-51,1.6144382873803695e-62,0.0021015012143410206,0.001896266775318207,4.311307000411911e-24,0.0001284324721515489,0.0100106222036287
28.75,0.004680851,0.014037040775360303,0.0,5.418859924676814e-35,6.828769033332624e-94,1.3871610778443888e-77,5.114658574087881e-171,3.1193651347968687e-136,1.1667540019112874e-105,6.760297870203708e-51,1.2658536724709358e-62,0.0020854412762552647,0.0018814480143688117,3.718115240590685e-24,0.00011935787934089185,0.009950793605395334
28.766666666666666,0.004680851,0.013938264339572275,0.0,5.076667386071412e-35,5.65478609035791e-94,1.1813348384545588e-77,3.5062529608212957e-171,2.2530120715692387e-136,8.925384530175074e-106,5.718756871581939e-51,9.925165161841433e-63,0.0020695016117638354,0.001866743361548098,3.2064542537730564e-24,0.00011089818616384803,0.009891121180096494
28.78333333333333,0.004680851,0.013840457190981603,0.0,4.756080919283122e-35,4.682613330687958e-94,1.006046786119204e-77,2.4036257084192587e-171,1.627262276809738e-136,6.827643856205925e-106,4.83763865091475e-51,7.781873755730645e-63,0.0020536813480420747,0.001852151957875223,2.7651303406800082e-24,0.00010301403459083905,0.009831609850473466
28.8,0.004680851,0.013743585301744993,0.0,4.4557364991188053e-35,3.8775622168998663e-94,8.567663375514296e-78,1.6477352722427744e-171,1.1752989118692658e-136,5.222892379675884e-106,4.0922411572163e-51,6.101306526507948e-63,0.0020379796182663367,0.0018376729505954423,2.3844848993563338e-24,9.56683823432915e-05,0.009772264350539923
28.816666666666663,0.004680851,0.013647616671254638,0.0,4.174356201514066e-35,3.210906187456924e-94,7.296350081193026e-78,1.1295489204341712e-171,8.488595846778354e-137,3.995283449082058e-106,3.461664894160403e-51,4.7835878572404486e-63,0.002022395561576992,0.0018233054931381274,2.0561841479805544e-24,8.882638481946683e-05,0.009713089231720052
28.83333333333333,0.004680851,0.01355252121823059,0.0,3.910742769356418e-35,2.658856054132113e-94,6.213667154051331e-78,7.743185517802111e-172,6.130842097724919e-137,3.0561905169461488e-106,2.928227737355765e-51,3.7503943443267484e-63,0.002006928323041538,0.0018090487450749587,1.7730376167081424e-24,8.245528135625177e-05,0.009654088868757842
28.85,0.004680851,0.013458270676943638,0.0,3.663774521232068e-35,2.201711467809154e-94,5.29162870228049e-78,5.308004752036458e-172,4.427934239632182e-137,2.3378119119818907e-106,2.476969779948819e-51,2.9403051697882894e-63,0.0019915770536179512,0.0017949018720784156,1.5288414774220822e-24,7.652428583914829e-05,0.009595267465408123
28.866666666666667,0.004680851,0.01336483849756684,0.0,3.4324005814572217e-35,1.8231581997153899e-94,4.506400619472538e-78,3.63864733787532e-172,3.1980036682779274e-137,1.7882779986719786e-106,2.0952343601609704e-51,2.3051553262540352e-63,0.001976340910118181,0.0017808640458805054,1.3182433167345644e-24,7.100448164933825e-05,0.009536629059918816
28.883333333333333,0.004680851,0.013272199750633297,0.0,3.215636411122737e-35,1.5096861828734037e-94,3.837684701171338e-78,2.4942825971081663e-172,2.3096890864828453e-137,1.3679078115842354e-106,1.7723135533044373e-51,1.8071754489247067e-63,0.001961219055171785,0.0017669344442316597,1.1366254209463006e-24,6.586872091640242e-05,0.00947817753031345
28.9,0.004680851,0.013180331035560506,0.0,3.012559621159791e-35,1.2501075633637307e-94,3.268194115882512e-78,1.709812084196856e-172,1.668110678565177e-137,1.0463451435842686e-106,1.499148212521708e-51,1.4167486261996106e-63,0.0019462106571897756,0.0017531122508599565,9.800040418683577e-25,6.109152802767149e-05,0.009419916599483102
28.916666666666668,0.004680851,0.013089210393184666,0.0,2.822306049631127e-35,1.035157576229147e-94,2.783206680884051e-78,1.1720554187839726e-172,1.2047390410042286e-137,8.003674911982136e-107,1.2680741672434522e-51,1.1106511310126704e-63,0.0019313148903286183,0.0017393966554305137,8.449424580401563e-25,5.664900732991652e-05,0.009361849840095618
28.933333333333334,0.004680851,0.01299881722223595,0.0,2.644066086576092e-35,8.571640135971024e-95,2.370184402710943e-78,8.034242879697982e-173,8.7007741137089e-138,6.122097884737544e-107,1.0726074787259766e-51,8.706727030670853e-64,0.0019165309344544037,0.0017257868535051674,7.284759443765493e-25,5.251875494618037e-05,0.009303980679330198
28.95,0.004680851,0.01290913219967367,0.0,2.477081230789147e-35,7.097734980421562e-95,2.0184494537069388e-78,5.5073010294054856e-173,6.283760106499187e-138,4.682819909446043e-107,9.072627440200029e-52,6.82534516518911e-64,0.001901857975107182,0.0017122820465023292,6.280470210550808e-25,4.867977461957215e-05,0.009246312403444586
28.966666666666665,0.004680851,0.012820137204791545,0.0,2.3206408638970325e-35,5.877247995173822e-95,1.718908213737335e-78,3.775111033436294e-173,4.5381421895701424e-138,3.581879805071454e-107,7.673993638334861e-52,5.3504062083529744e-64,0.001887295203465476,0.0016988814416571318,5.414495750671031e-25,4.511239748676768e-05,0.00918884816218217
28.98333333333333,0.004680851,0.012731815246994682,0.0,2.1740792280231074e-35,4.866611115190825e-95,1.4638162476817887e-78,2.587722508484039e-173,3.277429865618689e-138,2.7397499834101884e-107,6.490914717762874e-52,4.194124900184526e-64,0.0018728418163109644,0.0016855842519817692,4.667806400869575e-25,4.179820567646351e-05,0.009131590973025485
29.0,0.004680851,0.012644150397144118,0.0,2.0367725941922128e-35,4.029745913000334e-95,1.246578146728633e-78,1.773792205652496e-173,2.3669306091834363e-138,2.0955944366218562e-107,5.490178842608456e-52,3.287671773820525e-64,0.001858497015993321,0.0016723896962260903,4.023987863091564e-25,3.871995962206939e-05,0.009074543725302637
29.016666666666666,0.004680851,0.012557127722359658,0.0,1.908136609440758e-35,3.336776194154372e-95,1.0615770620773639e-78,1.2158635835343892e-173,1.70936364185769e-138,1.6028760024441242e-107,4.64368990356009e-52,2.577080930822965e-64,0.0018442600103952573,0.0016592969988384193,3.4688821523595455e-25,3.5861528973271585e-05,0.00901770918415271
29.03333333333333,0.004680851,0.012470733224167651,0.0,1.787623811354361e-35,2.7629618668319483e-95,9.040295266762808e-79,8.334202241543565e-174,1.2344690945356684e-138,1.2259958783154711e-107,3.927679747970217e-52,2.02004104473792e-64,0.0018301300128976906,0.001646305389926597,2.990277781585926e-25,3.320782698761833e-05,0.008961089994355746
29.05,0.004680851,0.01238495377987834,0.0,1.674721299469011e-35,2.287816057244127e-95,7.69861813890564e-79,5.712685285105143e-174,8.915030020793377e-139,9.377228384140457e-108,3.3220416838223932e-52,1.5833790112060155e-64,0.0018161062423451124,0.0016334141052192627,2.5776424393396693e-25,3.0744748280893834e-05,0.00890468868403307
29.066666666666663,0.004680851,0.012299777087075098,0.0,1.5689485536365913e-35,1.8943739774891364e-95,6.556046383727547e-79,3.9157382065755973e-174,6.438166931776114e-139,7.172265930354264e-108,2.8097665933799292e-52,1.2410867762827571e-64,0.001802187923011128,0.0016206223860273704,2.221892339188582e-25,2.8459109813552074e-05,0.008848507668223048
29.08333333333333,0.004680851,0.012215191611096918,0.0,1.4698553900808572e-35,1.5685874645876713e-95,5.583034782704009e-79,2.6840097445103283e-174,4.6494169742956804e-139,5.4857332784857204e-108,2.3764658639275456e-52,9.727741209830121e-65,0.0017883742845641371,0.001607929479205907,1.9151932157874134e-25,2.6338594989826808e-05,0.008792549252337047
29.1,0.004680851,0.012131186535396129,0.0,1.3770200464552567e-35,1.2988235915445294e-95,4.754422014854536e-79,1.8397195486938624e-174,3.3576204937801676e-139,4.1957481610459024e-108,2.009967772930372e-52,7.624554713006321e-65,0.0017746645620332184,0.0015953346371158678,1.6507886305755022e-25,2.437170074623484e-05,0.008736815635500808
29.116666666666667,0.004680851,0.012047751714652919,0.0,1.2900473877617677e-35,1.0754494632005549e-95,4.0487802242348786e-79,1.261003402278211e-174,2.4247198588291454e-139,3.2090801590169017e-108,1.6999760210803156e-52,5.975986388161789e-65,0.0017610579957741846,0.0015828371175864659,1.4228518436354463e-25,2.25476875068558e-05,0.008681308913785414
29.133333333333333,0.004680851,0.011964877630529315,0.0,1.208567225503379e-35,8.904883837065102e-96,3.447861084116011e-79,8.643268387762304e-175,1.7510090465264163e-139,2.4544158807154583e-108,1.4377808465557508e-52,4.683789539487901e-65,0.0017475538314357505,0.0015704361838775071,1.2263580207879978e-25,2.0856531884035115e-05,0.008626031083332023
29.15,0.0,0.01188255534994789,0.0,1.1322327429253952e-35,7.373351282669602e-96,2.9361240428845405e-79,5.924297365117882e-175,1.2644803187965227e-139,1.8772070663583235e-108,1.2160146260343166e-52,3.6709445472857564e-65,0.0017341513199259453,0.0015581311046420653,1.0569739874401297e-25,1.9288882004888466e-05,0.00857098404337499
29.166666666666668,0.0,0.011800776485780849,0.0,1.0607190196496975e-35,6.1052016012069014e-96,2.5003345601028328e-79,4.0606243567310366e-175,9.131300347412524e-140,1.4357296073266576e-108,1.0284451137064822e-52,2.8770736250356096e-65,0.0017208497173786493,0.0015459211538893295,9.109631226243475e-26,1.7836015346077453e-05,0.008516169599166793
29.183333333333334,0.0,0.01171953315983869,0.0,9.937216494301242e-36,5.0551437973971645e-96,2.1292219496469356e-79,2.783209520472469e-175,6.5940169157890415e-140,1.0980688892867925e-108,8.698005236049974e-53,2.254845800219656e-65,0.0017076482851203193,0.001533805610947714,7.851033163484271e-26,1.648979896180375e-05,0.008461589464808853
29.2,0.0,0.011638817968049183,0.0,9.3095544515184e-36,4.185674391802857e-96,1.8131879870572857e-79,1.9076386477362646e-175,4.761725620856064e-140,8.398137471870882e-109,7.3562155244501095e-53,1.7671583217049599e-65,0.0016945462896368556,0.001521783760428143,6.766161979428959e-26,1.5242651992689573e-05,0.008407245265991495
29.216666666666665,0.0,0.01155862394772131,0.0,8.72153225569343e-36,3.4657385198127505e-96,1.544058750005225e-79,1.3075052866577363e-175,3.4385517411736107e-140,6.422924839150098e-109,6.221361948210913e-53,1.3849268460150115e-65,0.0016815430025406764,0.0015098548921876063,5.831060887197325e-26,1.4087510346195121e-05,0.008353138542646832
29.23333333333333,0.0,0.011478944546790737,0.0,8.170646786241509e-36,2.869621206681969e-96,1.3148732779660161e-79,8.961648992177977e-176,2.483039640253109e-140,4.912235454334288e-109,5.261538411334022e-53,1.0853529450539926e-65,0.0016686377005379319,0.0014980183012929008,5.025073442590015e-26,1.301779344236071e-05,0.008299270751517544
29.25,0.0,0.011399773594947253,0.0,7.654552965095098e-36,2.3760292515835843e-96,1.1197035886638692e-79,6.1422790841962886e-176,1.7930344757064331e-140,3.756833884253213e-109,4.449756888819053e-53,8.505658575559755e-66,0.001655829665395896,0.0014862732879846097,4.330389346194079e-26,1.202737292196551e-05,0.008245643268644782
29.266666666666666,0.0,0.01132110527654768,0.0,7.171053779541014e-36,1.9673309545547664e-96,9.53501399192624e-80,4.209866324811199e-176,1.2947637476544172e-140,2.873169830779501e-109,3.7631895509126074e-53,6.665576609433226e-66,0.001643118183910531,0.001474619157641304,3.731652686920718e-26,1.1110543217595157e-05,0.00819225739177825
29.28333333333333,-0.004680851,0.011242934105220814,0.0,6.718090934822749e-36,1.628926552294541e-96,8.119675898496522e-80,2.8853879656922405e-176,9.34952035157404e-141,2.1973391707133986e-109,3.1825276439938686e-53,5.223484911276615e-66,0.0016305025478742074,0.001463055220743932,3.2156240521024984e-26,1.0261993891585911e-05,0.008139114342711088
29.3,-0.004680851,0.011165254900074988,0.0,6.293736096765929e-36,1.3487268928464283e-96,6.914410364846459e-80,1.9775946599847892e-176,6.751263311426963e-141,1.6804647206014608e-109,2.6914391458618663e-53,4.0933212165925365e-66,0.0016179820540436016,0.0014515807928404691,2.7708891055164307e-26,9.476783648345819e-06,0.008086215269542571
29.316666666666663,-0.004680851,0.011088062763421693,0.0,5.8961826871861256e-36,1.1167217416376407e-96,5.888039377356477e-80,1.3554000726585723e-176,4.875034376328804e-141,1.2851629868811381e-109,2.2761099819299534e-53,3.207629434745225e-66,0.0016055560041077703,0.0014401951945107589,2.3876072497704742e-26,8.7503159320939e-06,0.008033561248871071
29.33333333333333,-0.004680851,0.011011353059932191,0.0,5.523738197191604e-36,9.246223099149884e-97,5.014011898431154e-80,9.289554619895702e-177,3.520199237773521e-141,9.828416080604442e-110,1.9248559313900458e-53,2.5135379986345306e-66,0.001593223704656349,0.001428897751331561,2.0572948654616e-26,8.078316024606869e-06,0.007981153287919674
29.35,-0.004680851,0.010935121397148095,0.0,5.174816985696469e-36,7.655652454172675e-97,4.269717248076715e-80,6.366774227068791e-177,2.541872358481302e-141,7.516322046098422e-110,1.6277943343732038e-53,1.9696072816231353e-66,0.0015809844671479767,0.0014176877938418357,1.7726383754218312e-26,7.456809561098975e-06,0.007928992326597183
29.366666666666667,-0.004680851,0.01085936360726947,0.0,4.847933532519629e-36,6.338675186282657e-97,3.635900368720203e-80,4.363562293953007e-177,1.8354272263072883e-141,5.748092568288934e-110,1.3765663879777443e-53,1.5433583216546131e-66,0.0015688376078788605,0.0014065646575082522,1.5273330346417884e-26,6.8821023858448936e-06,0.007877079239496512
29.383333333333333,-0.004680851,0.010784075730147566,0.0,4.5416961173764644e-36,5.248234544282309e-97,3.096163856502398e-80,2.990612124004945e-177,1.3253102100738383e-141,4.3958074592724956e-110,1.1641022377324535e-53,1.2093356482778537e-66,0.0015567824479514772,0.0013955276826908506,1.3159439093026475e-26,6.350761672604067e-06,0.007825414837832634
29.4,-0.004680851,0.010709253997413263,0.0,4.254800897886317e-36,4.3453666319932184e-97,2.6365438850485724e-80,2.049633365735944e-177,9.569623824486672e-142,3.3616315472958603e-110,9.844222713423716e-54,9.475888061533992e-67,0.0015448183132434855,0.0013845762146089883,1.1337859939990754e-26,5.85959823829293e-06,0.007773999871322496
29.416666666666668,-0.004680851,0.010634894817674502,0.0,3.9860263614084545e-36,3.597808711052356e-97,2.2451490577573284e-80,1.4047190207966116e-177,6.90985832161755e-142,2.5707397166312407e-110,8.324690370313393e-54,7.424820993573176e-67,0.001532944534376783,0.0013737096033074466,9.768208352674375e-27,5.4056499816553124e-06,0.007722835030008617
29.433333333333334,-0.004680851,0.01056099476271994,0.0,3.7342281271138574e-36,2.978846808083343e-97,1.9118528513363904e-80,9.62719872844907e-178,4.989308736240838e-142,1.9659055902631523e-110,7.039650679121523e-54,5.817616271211172e-67,0.0015211604466867376,0.001362927203622783,8.415673910818338e-27,4.98616638192011e-06,0.007671920946028498
29.45,-0.004680851,0.01048755055466854,0.0,3.498334076184692e-36,2.4663614810436937e-97,1.6280316986674221e-80,6.59792854913421e-178,3.602538075628607e-142,1.5033626919254573e-110,5.952926206395182e-54,4.558240061628974e-67,0.0015094653901915633,0.0013522283751498609,7.250251679144548e-27,4.598593995577647e-06,0.007621258195331538
29.466666666666665,-0.004680851,0.010414559054008355,0.0,3.2773397894327446e-36,2.0420376733123944e-97,1.38634193891098e-80,4.521811789942784e-178,2.6012000335341287e-142,1.1496388881333899e-110,5.0339195150113825e-54,3.57143189138406e-67,0.00149785870956188,0.0013416124822086032,6.2460794608195305e-27,4.240562892463879e-06,0.007570847299345408
29.48333333333333,-0.004680851,0.010342017248470186,0.0,3.0703042729315e-36,1.6907104418020026e-97,1.1805298675497765e-80,3.0989499540064196e-178,1.8781743196920413e-142,8.79135255729347e-111,4.256752733070844e-54,2.798212077989726e-67,0.0014863397540904365,0.001331078893810964,5.380866362803382e-27,3.909873975296666e-06,0.007520688726593489
29.5,-0.004680851,0.010269922242684764,0.0,2.876345953483727e-36,1.399823196110404e-97,1.0052699747877187e-80,2.1238011685159852e-178,1.3561103378212593e-142,6.722743279934153e-111,3.5995397652839985e-54,2.192360536941545e-67,0.0014749078776619834,0.001320626983628078,4.635400105164873e-27,3.604487129669381e-06,0.007470782894265033
29.516666666666666,-0.004680851,0.010198271248574958,0.0,2.6946389268918275e-36,1.1589791025480413e-97,8.560271894815946e-81,1.4554938161955618e-178,9.791543146154812e-143,5.140838299551523e-111,3.043770704444675e-54,1.717656981767453e-67,0.0014635624387233314,0.0013102561299576545,3.99312223443262e-27,3.3225101542645468e-06,0.007421130169739706
29.53333333333333,-0.004680851,0.010127061576436624,0.0,2.5244094430741048e-36,9.595696331448539e-98,7.289395664192193e-81,9.974797668209273e-179,7.069753139434925e-143,3.931134948831193e-111,2.573791150239277e-54,1.3457179164106928e-67,0.0014523028002535398,0.0012999657156915303,3.439761891716984e-27,3.0621884237042564e-06,0.0073717308720678484
29.55,-0.004680851,0.010056290626664903,0.0,2.3649326130772158e-36,7.944669941586182e-98,6.207183833154557e-81,6.83588977664823e-179,5.104513473506375e-143,3.006066337246608e-111,2.176361807143373e-54,1.054301395251809e-67,0.0014411283297342994,0.0012897551282834646,2.963020072239926e-27,2.821895239007988e-06,0.007322585273408131
29.566666666666663,-0.004680851,0.009985955882084577,0.0,2.215529323978612e-36,6.57769449477733e-98,5.285630640297426e-81,4.68471568128449e-179,3.6855428297363863e-143,2.2986654753659473e-111,1.8402859872208863e-54,8.259784145852473e-68,0.0014300383991204717,0.0012796237597171235,2.5522974221270302e-27,2.6001228230753497e-06,0.007273693600423907
29.58333333333333,-0.004680851,0.009916054900845442,0.0,2.0755633485552913e-36,5.4459044304219866e-98,4.500887278576902e-81,3.21047032906003e-179,2.661004315481949e-143,1.7577196068349376e-111,1.556094550473937e-54,6.4709166117902214e-68,0.0014190323848107596,0.0012695710064742512,2.198459575119586e-27,2.395473920957443e-06,0.0072250560356394745
29.6,-0.004680851,0.009846585309846414,0.0,1.944438637426273e-36,4.5088398841348863e-98,3.832644912181301e-81,2.2001450950615598e-179,1.921262512538467e-143,1.3440642789607996e-111,1.3157794284703526e-54,5.0693948072900644e-68,0.0014081096676185785,0.0012595962695030626,1.893634857162555e-27,2.2066539669271378e-06,0.007176672718757846
29.616666666666667,-0.004680851,0.009777544798653504,0.0,1.821596782149249e-36,3.733000887240562e-98,3.2636092608680985e-81,1.5077565685531122e-179,1.3871545733001504e-143,1.0277490994936737e-111,1.1125682415305342e-54,3.971363623896002e-68,0.0013972696327430852,0.0012496989541868478,1.6310398986678173e-27,2.0324637825008478e-06,0.0071285437479410695
29.633333333333333,-0.004680851,0.00970893111387884,0.0,1.706514638480373e-36,3.090650226678417e-98,2.7790531630399943e-81,1.0332570682024254e-179,1.0015209341891651e-143,7.8587016438601e-112,9.407336740803563e-55,3.111117654417947e-68,0.0013865116697403227,0.0012398784703127207,1.404829308230959e-27,1.8717927716114927e-06,0.007080669181054184
29.65,-0.004680851,0.009640742053990594,0.0,1.598702099687286e-36,2.5588222023178555e-98,2.3664355452814996e-81,7.0808076064068796e-180,7.230897988861608e-144,6.009123554809574e-112,7.954322492415241e-55,2.437173679621093e-68,0.0013758351724945791,0.0012301342320406282,1.2099660911287928e-27,1.7236125810848878e-06,0.007033049036874303
29.666666666666668,-0.004680851,0.00957297546452447,0.0,1.4977000104428324e-36,2.1185018721464405e-98,2.0150769433100552e-81,4.852376178922041e-180,5.220612667825585e-144,4.594815835292338e-112,6.725679697337747e-55,1.909192869525148e-68,0.0013652395391898736,0.00122046565787252,1.0421099526371772e-27,1.5869711964260403e-06,0.006985683296265651
29.683333333333334,-0.004680851,0.009505629233669833,0.0,1.403078212425365e-36,1.7539454649001822e-98,1.7158831817340777e-81,3.325243037068541e-180,3.76918757924613e-144,3.5133525653859292e-112,5.686769908878457e-55,1.4955689038761182e-68,0.0013547241722816196,0.0012108721706217292,8.97521020101011e-28,1.4609874446898482e-06,0.006938571903321795
29.7,-0.004680851,0.009438701288204758,0.0,1.3144337133114355e-36,1.452117681784414e-98,1.4611100654403406e-81,2.2787127951363574e-180,2.7212664997399855e-144,2.6864082530074673e-112,4.808300826141807e-55,1.171537963093127e-68,0.0013442884784684282,0.00120135319738254,7.729768573841365e-28,1.3448458778872957e-06,0.006891714766475902
29.716666666666665,-0.004680851,0.009372189589756297,0.0,1.2313889713714758e-36,1.2022257840404989e-98,1.2441629960609247e-81,1.5615398119994465e-180,1.9646783078707927e-144,2.0540875668680462e-112,4.06550137135636e-55,9.176976941947302e-69,0.0013339318686640836,0.00119190816949995,6.657009382806472e-28,1.237792011971623e-06,0.006845111759580292
29.73333333333333,-0.004680851,0.009306092131363276,0.0,1.153590288370735e-36,9.953338202869909e-99,1.0594263302132729e-81,1.0700739904132438e-180,1.4184331775060048e-144,1.5705890389986377e-112,3.437424021999865e-55,7.188466734280244e-69,0.0013236537579696757,0.0011825365225396397,5.733009981016413e-28,1.1391278979578404e-06,0.006798762722956002
29.75,-0.004680851,0.00924040693432054,0.0,1.0807063039382467e-36,8.240432102603507e-99,9.021180654193618e-82,7.33283370490597e-181,1.0240552139686061e-144,1.2008889377066048e-112,2.906354772168405e-55,5.630750247124808e-69,0.0013134535656458741,0.0011732376962581093,4.937159005097555e-28,1.0482080031598956e-06,0.006752667464413398
29.766666666666666,-0.004680851,0.009175132045285072,0.0,1.0124265849985926e-36,6.822282720049804e-99,7.681660946767019e-82,5.024896835616081e-181,7.393242166161143e-145,9.182053227661527e-113,2.4573141235337963e-55,4.4105185198296565e-69,0.0013033307150853897,0.0011640111345730393,4.251698445378205e-28,9.64435381883624e-07,0.006706825760244758
29.78333333333333,-0.004680851,0.009110265533625074,0.0,9.484603042646577e-37,5.648172423647859e-99,6.54102828513527e-82,3.443338780009785e-181,5.337569735518442e-145,7.020587454684212e-113,2.0776350657256337e-55,3.4546689880362077e-69,0.0012932846337855533,0.0011548562855338044,3.6613289872244606e-28,8.872581161937286e-07,0.006661237356189524
29.8,-0.004680851,0.009045805488995105,0.0,8.885350021694962e-37,4.676109658961755e-99,5.569754584387883e-82,2.3595525411850285e-181,3.8534459289732266e-145,5.367892295644942e-113,1.7566061709233994e-55,2.7059306155175494e-69,0.0012833147533210813,0.0011457726012922091,3.1528698896917487e-28,8.161660085837071e-07,0.006615901968373231
29.816666666666663,-0.004680851,0.008981750019120787,0.0,8.32395426969431e-37,3.871327730933602e-99,4.742695402718866e-82,1.616876504842624e-181,2.7819675425801286e-145,4.104221877390405e-113,1.4851697586520769e-55,2.119436027611494e-69,0.0012734205093169859,0.0011367595380733996,2.7149658720906173e-28,7.506875095197786e-07,0.0065708192842208815
29.83333333333333,-0.004680851,0.008918097247777802,0.0,7.798024480833846e-37,3.2050418315501656e-99,4.0384392037606917e-82,1.1079530358298875e-181,2.0084079662410936e-145,3.138011803692097e-113,1.2556666356790326e-55,1.6600356975699144e-69,0.0012636013414216256,0.0011278165561469514,2.337834517571809e-28,6.903868639080831e-07,0.006525988963345316
29.85,-0.004680851,0.008854845312951349,0.0,7.305320380450412e-37,2.653419892211109e-99,3.438753212278484e-82,7.592121706996682e-182,1.4499362380887386e-145,2.3992473558767564e-113,1.0616202260211448e-55,1.30019358241254e-69,0.0012538566932799363,0.0011189431197981626,2.0130485982533733e-28,6.348614615517563e-07,0.0064814106384116985
29.866666666666667,-0.004680851,0.008791992365162534,0.0,6.843743187360484e-37,2.1967304802327322e-99,2.92811152620461e-82,5.2023825449601113e-182,1.0467500028337221e-145,1.8343921914593566e-113,8.97554014184549e-56,1.0183383570910358e-69,0.0012441860125068111,0.0011101386972995377,1.733348498415232e-28,5.83739377621763e-07,0.006437083915978563
29.883333333333333,-0.004680851,0.008729536565949152,0.0,6.4113266784181535e-37,1.818637285124508e-99,2.4932932758386338e-82,3.564829173225396e-182,7.5567340817880204e-146,1.4025103776718318e-113,7.588371620239549e-56,7.975716297390018e-70,0.0012345887506605958,0.0011014027608824218,1.4924805778922189e-28,5.366770900678771e-07,0.006393008377316066
29.9,-0.004680851,0.008667476086489795,0.0,6.00622881728325e-37,1.5056149784667234e-99,2.1230404331067695e-82,2.4427132278263893e-182,5.455347459739028e-146,1.0723009778607034e-113,6.415539523501863e-56,6.246558626287749e-70,0.0012250643632167903,0.0010927347867088514,1.2850578916416098e-28,4.933573617456728e-07,0.006349183579202408
29.916666666666668,-0.004680851,0.008605809106360062,0.0,5.626723911773703e-37,1.2464655685048237e-99,1.807766416905777e-82,1.673800029203361e-182,3.9382910311801095e-146,8.198304689482357e-114,5.423933829132357e-56,4.892214476709665e-70,0.0012156123095418683,0.0010841342548435808,1.1064401761780186e-28,4.5348727583328426e-07,0.006305609054698779
29.933333333333334,-0.004680851,0.00854453381241105,0.0,5.2711952664333515e-37,1.0319179619012638e-99,1.5393079546823353e-82,1.1469169955203283e-182,2.8430880768322903e-146,6.267987875564585e-114,4.585558014933898e-56,3.831454907678364e-70,0.001206232052867265,0.0010756006492262861,9.526304400715033e-29,4.1679641386287525e-07,0.0062622843139036365
29.95,-0.004680851,0.008483648397760609,0.0,4.9381282990472055e-37,8.542964187211021e-100,1.310713779488406e-82,7.858827214016138e-183,2.0524375170512532e-146,4.7921343665539524e-114,3.8767395247808175e-56,3.0006512890169066e-70,0.0011969230602634944,0.001067133457643949,8.20185863377024e-29,3.8303516639662943e-07,0.006219208844686768
29.966666666666665,-0.004680851,0.008423151060888777,0.0,4.626104091815181e-37,7.072460489157737e-100,1.1160646947563884e-82,5.384939540054651e-183,1.481653677515028e-146,3.6637562958551744e-114,3.2774621097848e-56,2.3499625104334163e-70,0.0011876848026144437,0.001058732171703423,7.061410278203017e-29,3.5197316703951985e-07,0.00617638211340387
29.98333333333333,-0.004680851,0.008363040004829198,0.0,4.33379334973889e-37,5.85505537258913e-100,9.503203506009818e-83,3.689786744478359e-183,1.0695980316280028e-146,2.8010504221389948e-114,2.770801236444555e-56,1.8403479962341673e-70,0.0011785167545918006,0.0010503962868041855,6.079417727899593e-29,3.2339784110220024e-07,0.006133803565592111
30.0,-0.004680851,0.00830331343644893,0.0,4.059950740512707e-37,4.847189717219261e-100,8.091887665681023e-83,2.5282443711788377e-183,7.721321302790108e-147,2.1414702207058262e-114,2.3424466552436963e-56,1.4412277024278148e-70,0.0011694183946296312,0.0010421253021112521,5.233882077102486e-29,2.9711306081034417e-07,0.006091472626647236
