time,signal,fit_total,peak_1,peak_2,peak_3,peak_4,peak_5,peak_6,peak_7,peak_8,peak_9,peak_10,peak_11,peak_12
0.0,-0.028085107,0.0,0.0,0.0,0.0,0.0,0.0,0.0,0.0,0.0,0.0,0.0,0.0,0.0
0.0166666666666666,-0.009361702,0.0,0.0,0.0,0.0,0.0,0.0,0.0,0.0,0.0,0.0,0.0,0.0,0.0
0.0333333333333333,-0.004680851,0.0,0.0,0.0,0.0,0.0,0.0,0.0,0.0,0.0,0.0,0.0,0.0,0.0
0.05,0.0,0.0,0.0,0.0,0.0,0.0,0.0,0.0,0.0,0.0,0.0,0.0,0.0,0.0
0.0666666666666666,0.0,0.0,0.0,0.0,0.0,0.0,0.0,0.0,0.0,0.0,0.0,0.0,0.0,0.0
0.0833333333333333,0.0,0.0,0.0,0.0,0.0,0.0,0.0,0.0,0.0,0.0,0.0,0.0,0.0,0.0
0.1,0.0,0.0,0.0,0.0,0.0,0.0,0.0,0.0,0.0,0.0,0.0,0.0,0.0,0.0
0.1166666666666666,0.0,0.0,0.0,0.0,0.0,0.0,0.0,0.0,0.0,0.0,0.0,0.0,0.0,0.0
0.1333333333333333,0.0,0.0,0.0,0.0,0.0,0.0,0.0,0.0,0.0,0.0,0.0,0.0,0.0,0.0
0.15,0.0,0.0,0.0,0.0,0.0,0.0,0.0,0.0,0.0,0.0,0.0,0.0,0.0,0.0
0.1666666666666666,0.0,0.0,0.0,0.0,0.0,0.0,0.0,0.0,0.0,0.0,0.0,0.0,0.0,0.0
0.1833333333333333,0.0,0.0,0.0,0.0,0.0,0.0,0.0,0.0,0.0,0.0,0.0,0.0,0.0,0.0
0.2,0.0,0.0,0.0,0.0,0.0,0.0,0.0,0.0,0.0,0.0,0.0,0.0,0.0,0.0
0.2166666666666666,0.0,0.0,0.0,0.0,0.0,0.0,0.0,0.0,0.0,0.0,0.0,0.0,0.0,0.0
0.2333333333333333,-0.004680851,0.0,0.0,0.0,0.0,0.0,0.0,0.0,0.0,0.0,0.0,0.0,0.0,0.0
0.25,-0.004680851,0.0,0.0,0.0,0.0,0.0,0.0,0.0,0.0,0.0,0.0,0.0,0.0,0.0
0.2666666666666666,-0.004680851,0.0,0.0,0.0,0.0,0.0,0.0,0.0,0.0,0.0,0.0,0.0,0.0,0.0
0.2833333333333333,-0.004680851,0.0,0.0,0.0,0.0,0.0,0.0,0.0,0.0,0.0,0.0,0.0,0.0,0.0
0.3,-0.004680851,0.0,0.0,0.0,0.0,0.0,0.0,0.0,0.0,0.0,0.0,0.0,0.0,0.0
0.3166666666666666,-0.004680851,0.0,0.0,0.0,0.0,0.0,0.0,0.0,0.0,0.0,0.0,0.0,0.0,0.0
0.3333333333333333,-0.004680851,0.0,0.0,0.0,0.0,0.0,0.0,0.0,0.0,0.0,0.0,0.0,0.0,0.0
0.35,-0.004680851,0.0,0.0,0.0,0.0,0.0,0.0,0.0,0.0,0.0,0.0,0.0,0.0,0.0
0.3666666666666666,-0.004680851,0.0,0.0,0.0,0.0,0.0,0.0,0.0,0.0,0.0,0.0,0.0,0.0,0.0
0.3833333333333333,-0.004680851,0.0,0.0,0.0,0.0,0.0,0.0,0.0,0.0,0.0,0.0,0.0,0.0,0.0
0.4,0.0,0.0,0.0,0.0,0.0,0.0,0.0,0.0,0.0,0.0,0.0,0.0,0.0,0.0
0.4166666666666667,0.0,0.0,0.0,0.0,0.0,0.0,0.0,0.0,0.0,0.0,0.0,0.0,0.0,0.0
0.4333333333333333,0.0,0.0,0.0,0.0,0.0,0.0,0.0,0.0,0.0,0.0,0.0,0.0,0.0,0.0
0.45,0.0,0.0,0.0,0.0,0.0,0.0,0.0,0.0,0.0,0.0,0.0,0.0,0.0,0.0
0.4666666666666667,0.0,0.0,0.0,0.0,0.0,0.0,0.0,0.0,0.0,0.0,0.0,0.0,0.0,0.0
0.4833333333333333,0.0,0.0,0.0,0.0,0.0,0.0,0.0,0.0,0.0,0.0,0.0,0.0,0.0,0.0
0.5,0.0,0.0,0.0,0.0,0.0,0.0,0.0,0.0,0.0,0.0,0.0,0.0,0.0,0.0
0.5166666666666667,0.0,0.0,0.0,0.0,0.0,0.0,0.0,0.0,0.0,0.0,0.0,0.0,0.0,0.0
0.5333333333333333,0.0,0.0,0.0,0.0,0.0,0.0,0.0,0.0,0.0,0.0,0.0,0.0,0.0,0.0
0.55,0.0,0.0,0.0,0.0,0.0,0.0,0.0,0.0,0.0,0.0,0.0,0.0,0.0,0.0
0.5666666666666667,0.0,0.0,0.0,0.0,0.0,0.0,0.0,0.0,0.0,0.0,0.0,0.0,0.0,0.0
0.5833333333333334,0.0,0.0,0.0,0.0,0.0,0.0,0.0,0.0,0.0,0.0,0.0,0.0,0.0,0.0
0.6,0.004680851,0.0,0.0,0.0,0.0,0.0,0.0,0.0,0.0,0.0,0.0,0.0,0.0,0.0
0.6166666666666667,0.004680851,0.0,0.0,0.0,0.0,0.0,0.0,0.0,0.0,0.0,0.0,0.0,0.0,0.0
0.6333333333333333,0.0,0.0,0.0,0.0,0.0,0.0,0.0,0.0,0.0,0.0,0.0,0.0,0.0,0.0
0.65,0.0,0.0,0.0,0.0,0.0,0.0,0.0,0.0,0.0,0.0,0.0,0.0,0.0,0.0
0.6666666666666666,0.0,0.0,0.0,0.0,0.0,0.0,0.0,0.0,0.0,0.0,0.0,0.0,0.0,0.0
0.6833333333333333,0.0,0.0,0.0,0.0,0.0,0.0,0.0,0.0,0.0,0.0,0.0,0.0,0.0,0.0
0.7,0.0,0.0,0.0,0.0,0.0,0.0,0.0,0.0,0.0,0.0,0.0,0.0,0.0,0.0
0.7166666666666667,0.0,0.0,0.0,0.0,0.0,0.0,0.0,0.0,0.0,0.0,0.0,0.0,0.0,0.0
0.7333333333333333,0.0,0.0,0.0,0.0,0.0,0.0,0.0,0.0,0.0,0.0,0.0,0.0,0.0,0.0
0.75,0.004680851,0.0,0.0,0.0,0.0,0.0,0.0,0.0,0.0,0.0,0.0,0.0,0.0,0.0
0.7666666666666667,0.0,0.0,0.0,0.0,0.0,0.0,0.0,0.0,0.0,0.0,0.0,0.0,0.0,0.0
0.7833333333333333,0.0,0.0,0.0,0.0,0.0,0.0,0.0,0.0,0.0,0.0,0.0,0.0,0.0,0.0
0.8,0.004680851,0.0,0.0,0.0,0.0,0.0,0.0,0.0,0.0,0.0,0.0,0.0,0.0,0.0
0.8166666666666667,0.0,0.0,0.0,0.0,0.0,0.0,0.0,0.0,0.0,0.0,0.0,0.0,0.0,0.0
0.8333333333333334,0.0,0.0,0.0,0.0,0.0,0.0,0.0,0.0,0.0,0.0,0.0,0.0,0.0,0.0
0.85,0.004680851,0.0,0.0,0.0,0.0,0.0,0.0,0.0,0.0,0.0,0.0,0.0,0.0,0.0
0.8666666666666667,0.004680851,0.0,0.0,0.0,0.0,0.0,0.0,0.0,0.0,0.0,0.0,0.0,0.0,0.0
0.8833333333333333,0.004680851,0.0,0.0,0.0,0.0,0.0,0.0,0.0,0.0,0.0,0.0,0.0,0.0,0.0
0.9,0.004680851,0.0,0.0,0.0,0.0,0.0,0.0,0.0,0.0,0.0,0.0,0.0,0.0,0.0
0.9166666666666666,0.004680851,0.0,0.0,0.0,0.0,0.0,0.0,0.0,0.0,0.0,0.0,0.0,0.0,0.0
0.9333333333333332,0.004680851,0.0,0.0,0.0,0.0,0.0,0.0,0.0,0.0,0.0,0.0,0.0,0.0,0.0
0.95,0.004680851,0.0,0.0,0.0,0.0,0.0,0.0,0.0,0.0,0.0,0.0,0.0,0.0,0.0
0.9666666666666668,0.004680851,0.0,0.0,0.0,0.0,0.0,0.0,0.0,0.0,0.0,0.0,0.0,0.0,0.0
0.9833333333333332,0.004680851,0.0,0.0,0.0,0.0,0.0,0.0,0.0,0.0,0.0,0.0,0.0,0.0,0.0
1.0,0.004680851,0.0,0.0,0.0,0.0,0.0,0.0,0.0,0.0,0.0,0.0,0.0,0.0,0.0
1.0166666666666666,0.004680851,0.0,0.0,0.0,0.0,0.0,0.0,0.0,0.0,0.0,0.0,0.0,0.0,0.0
1.0333333333333334,0.004680851,0.0,0.0,0.0,0.0,0.0,0.0,0.0,0.0,0.0,0.0,0.0,0.0,0.0
1.05,0.004680851,0.0,0.0,0.0,0.0,0.0,0.0,0.0,0.0,0.0,0.0,0.0,0.0,0.0
1.0666666666666669,0.004680851,0.0,0.0,0.0,0.0,0.0,0.0,0.0,0.0,0.0,0.0,0.0,0.0,0.0
1.0833333333333333,0.004680851,0.0,0.0,0.0,0.0,0.0,0.0,0.0,0.0,0.0,0.0,0.0,0.0,0.0
1.1,0.004680851,0.0,0.0,0.0,0.0,0.0,0.0,0.0,0.0,0.0,0.0,0.0,0.0,0.0
1.1166666666666667,0.004680851,0.0,0.0,0.0,0.0,0.0,0.0,0.0,0.0,0.0,0.0,0.0,0.0,0.0
1.1333333333333333,0.004680851,0.0,0.0,0.0,0.0,0.0,0.0,0.0,0.0,0.0,0.0,0.0,0.0,0.0
1.15,0.004680851,0.0,0.0,0.0,0.0,0.0,0.0,0.0,0.0,0.0,0.0,0.0,0.0,0.0
1.1666666666666667,0.004680851,0.0,0.0,0.0,0.0,0.0,0.0,0.0,0.0,0.0,0.0,0.0,0.0,0.0
1.1833333333333331,0.004680851,0.0,0.0,0.0,0.0,0.0,0.0,0.0,0.0,0.0,0.0,0.0,0.0,0.0
1.2,0.004680851,0.0,0.0,0.0,0.0,0.0,0.0,0.0,0.0,0.0,0.0,0.0,0.0,0.0
1.2166666666666666,0.004680851,0.0,0.0,0.0,0.0,0.0,0.0,0.0,0.0,0.0,0.0,0.0,0.0,0.0
1.2333333333333334,0.004680851,0.0,0.0,0.0,0.0,0.0,0.0,0.0,0.0,0.0,0.0,0.0,0.0,0.0
1.25,0.004680851,0.0,0.0,0.0,0.0,0.0,0.0,0.0,0.0,0.0,0.0,0.0,0.0,0.0
1.2666666666666666,0.0,0.0,0.0,0.0,0.0,0.0,0.0,0.0,0.0,0.0,0.0,0.0,0.0,0.0
1.2833333333333334,0.0,0.0,0.0,0.0,0.0,0.0,0.0,0.0,0.0,0.0,0.0,0.0,0.0,0.0
1.3,0.0,0.0,0.0,0.0,0.0,0.0,0.0,0.0,0.0,0.0,0.0,0.0,0.0,0.0
1.3166666666666669,0.0,0.0,0.0,0.0,0.0,0.0,0.0,0.0,0.0,0.0,0.0,0.0,0.0,0.0
1.3333333333333333,0.0,0.0,0.0,0.0,0.0,0.0,0.0,0.0,0.0,0.0,0.0,0.0,0.0,0.0
1.35,0.0,0.0,0.0,0.0,0.0,0.0,0.0,0.0,0.0,0.0,0.0,0.0,0.0,0.0
1.3666666666666667,-0.004680851,0.0,0.0,0.0,0.0,0.0,0.0,0.0,0.0,0.0,0.0,0.0,0.0,0.0
1.3833333333333333,-0.004680851,0.0,0.0,0.0,0.0,0.0,0.0,0.0,0.0,0.0,0.0,0.0,0.0,0.0
1.4,0.0,0.0,0.0,0.0,0.0,0.0,0.0,0.0,0.0,0.0,0.0,0.0,0.0,0.0
1.4166666666666667,-0.004680851,0.0,0.0,0.0,0.0,0.0,0.0,0.0,0.0,0.0,0.0,0.0,0.0,0.0
1.4333333333333331,-0.004680851,0.0,0.0,0.0,0.0,0.0,0.0,0.0,0.0,0.0,0.0,0.0,0.0,0.0
1.45,-0.004680851,0.0,0.0,0.0,0.0,0.0,0.0,0.0,0.0,0.0,0.0,0.0,0.0,0.0
1.4666666666666666,-0.004680851,0.0,0.0,0.0,0.0,0.0,0.0,0.0,0.0,0.0,0.0,0.0,0.0,0.0
1.4833333333333334,-0.004680851,0.0,0.0,0.0,0.0,0.0,0.0,0.0,0.0,0.0,0.0,0.0,0.0,0.0
1.5,-0.004680851,0.0,0.0,0.0,0.0,0.0,0.0,0.0,0.0,0.0,0.0,0.0,0.0,0.0
1.5166666666666666,-0.004680851,0.0,0.0,0.0,0.0,0.0,0.0,0.0,0.0,0.0,0.0,0.0,0.0,0.0
1.5333333333333334,-0.004680851,0.0,0.0,0.0,0.0,0.0,0.0,0.0,0.0,0.0,0.0,0.0,0.0,0.0
1.55,-0.004680851,0.0,0.0,0.0,0.0,0.0,0.0,0.0,0.0,0.0,0.0,0.0,0.0,0.0
1.5666666666666669,-0.004680851,0.0,0.0,0.0,0.0,0.0,0.0,0.0,0.0,0.0,0.0,0.0,0.0,0.0
1.5833333333333333,-0.004680851,0.0,0.0,0.0,0.0,0.0,0.0,0.0,0.0,0.0,0.0,0.0,0.0,0.0
1.6,-0.004680851,0.0,0.0,0.0,0.0,0.0,0.0,0.0,0.0,0.0,0.0,0.0,0.0,0.0
1.6166666666666667,-0.004680851,0.0,0.0,0.0,0.0,0.0,0.0,0.0,0.0,0.0,0.0,0.0,0.0,0.0
1.6333333333333333,-0.004680851,0.0,0.0,0.0,0.0,0.0,0.0,0.0,0.0,0.0,0.0,0.0,0.0,0.0
1.65,-0.004680851,0.0,0.0,0.0,0.0,0.0,0.0,0.0,0.0,0.0,0.0,0.0,0.0,0.0
1.6666666666666667,-0.004680851,0.0,0.0,0.0,0.0,0.0,0.0,0.0,0.0,0.0,0.0,0.0,0.0,0.0
1.6833333333333331,-0.004680851,0.0,0.0,0.0,0.0,0.0,0.0,0.0,0.0,0.0,0.0,0.0,0.0,0.0
1.7,-0.004680851,0.0,0.0,0.0,0.0,0.0,0.0,0.0,0.0,0.0,0.0,0.0,0.0,0.0
1.7166666666666666,-0.004680851,0.0,0.0,0.0,0.0,0.0,0.0,0.0,0.0,0.0,0.0,0.0,0.0,0.0
1.7333333333333334,-0.004680851,0.0,0.0,0.0,0.0,0.0,0.0,0.0,0.0,0.0,0.0,0.0,0.0,0.0
1.75,-0.004680851,0.0,0.0,0.0,0.0,0.0,0.0,0.0,0.0,0.0,0.0,0.0,0.0,0.0
1.7666666666666666,-0.004680851,0.0,0.0,0.0,0.0,0.0,0.0,0.0,0.0,0.0,0.0,0.0,0.0,0.0
1.7833333333333334,-0.004680851,0.0,0.0,0.0,0.0,0.0,0.0,0.0,0.0,0.0,0.0,0.0,0.0,0.0
1.8,-0.004680851,0.0,0.0,0.0,0.0,0.0,0.0,0.0,0.0,0.0,0.0,0.0,0.0,0.0
1.8166666666666669,-0.004680851,0.0,0.0,0.0,0.0,0.0,0.0,0.0,0.0,0.0,0.0,0.0,0.0,0.0
1.8333333333333333,-0.004680851,0.0,0.0,0.0,0.0,0.0,0.0,0.0,0.0,0.0,0.0,0.0,0.0,0.0
1.85,-0.004680851,0.0,0.0,0.0,0.0,0.0,0.0,0.0,0.0,0.0,0.0,0.0,0.0,0.0
1.8666666666666667,-0.004680851,0.0,0.0,0.0,0.0,0.0,0.0,0.0,0.0,0.0,0.0,0.0,0.0,0.0
1.8833333333333333,-0.004680851,0.0,0.0,0.0,0.0,0.0,0.0,0.0,0.0,0.0,0.0,0.0,0.0,0.0
1.9,-0.004680851,0.0,0.0,0.0,0.0,0.0,0.0,0.0,0.0,0.0,0.0,0.0,0.0,0.0
1.9166666666666667,-0.004680851,0.0,0.0,0.0,0.0,0.0,0.0,0.0,0.0,0.0,0.0,0.0,0.0,0.0
1.9333333333333331,-0.004680851,0.0,0.0,0.0,0.0,0.0,0.0,0.0,0.0,0.0,0.0,0.0,0.0,0.0
1.95,-0.004680851,0.0,0.0,0.0,0.0,0.0,0.0,0.0,0.0,0.0,0.0,0.0,0.0,0.0
1.9666666666666663,0.0,0.0,0.0,0.0,0.0,0.0,0.0,0.0,0.0,0.0,0.0,0.0,0.0,0.0
1.9833333333333332,0.0,0.0,0.0,0.0,0.0,0.0,0.0,0.0,0.0,0.0,0.0,0.0,0.0,0.0
2.0,0.0,0.0,0.0,0.0,0.0,0.0,0.0,0.0,0.0,0.0,0.0,0.0,0.0,0.0
2.0166666666666666,0.0,0.0,0.0,0.0,0.0,0.0,0.0,0.0,0.0,0.0,0.0,0.0,0.0,0.0
2.033333333333333,0.0,0.0,0.0,0.0,0.0,0.0,0.0,0.0,0.0,0.0,0.0,0.0,0.0,0.0
2.05,0.0,0.0,0.0,0.0,0.0,0.0,0.0,0.0,0.0,0.0,0.0,0.0,0.0,0.0
2.066666666666667,0.004680851,0.0,0.0,0.0,0.0,0.0,0.0,0.0,0.0,0.0,0.0,0.0,0.0,0.0
2.083333333333333,0.004680851,0.0,0.0,0.0,0.0,0.0,0.0,0.0,0.0,0.0,0.0,0.0,0.0,0.0
2.1,0.004680851,0.0,0.0,0.0,0.0,0.0,0.0,0.0,0.0,0.0,0.0,0.0,0.0,0.0
2.1166666666666667,0.004680851,0.0,0.0,0.0,0.0,0.0,0.0,0.0,0.0,0.0,0.0,0.0,0.0,0.0
2.1333333333333333,0.004680851,0.0,0.0,0.0,0.0,0.0,0.0,0.0,0.0,0.0,0.0,0.0,0.0,0.0
2.15,0.004680851,0.0,0.0,0.0,0.0,0.0,0.0,0.0,0.0,0.0,0.0,0.0,0.0,0.0
2.1666666666666665,0.004680851,0.0,0.0,0.0,0.0,0.0,0.0,0.0,0.0,0.0,0.0,0.0,0.0,0.0
2.183333333333333,0.004680851,0.0,0.0,0.0,0.0,0.0,0.0,0.0,0.0,0.0,0.0,0.0,0.0,0.0
2.2,0.004680851,0.0,0.0,0.0,0.0,0.0,0.0,0.0,0.0,0.0,0.0,0.0,0.0,0.0
2.216666666666667,0.004680851,0.0,0.0,0.0,0.0,0.0,0.0,0.0,0.0,0.0,0.0,0.0,0.0,0.0
2.2333333333333334,0.009361702,0.0,0.0,0.0,0.0,0.0,0.0,0.0,0.0,0.0,0.0,0.0,0.0,0.0
2.25,0.009361702,0.0,0.0,0.0,0.0,0.0,0.0,0.0,0.0,0.0,0.0,0.0,0.0,0.0
2.2666666666666666,0.009361702,0.0,0.0,0.0,0.0,0.0,0.0,0.0,0.0,0.0,0.0,0.0,0.0,0.0
2.283333333333333,0.009361702,0.0,0.0,0.0,0.0,0.0,0.0,0.0,0.0,0.0,0.0,0.0,0.0,0.0
2.3,0.009361702,0.0,0.0,0.0,0.0,0.0,0.0,0.0,0.0,0.0,0.0,0.0,0.0,0.0
2.316666666666667,0.009361702,0.004762770229397157,0.004762770229397157,0.0,0.0,0.0,0.0,0.0,0.0,0.0,0.0,0.0,0.0,0.0
2.333333333333333,0.0140425535,0.0069202106664449994,0.0069202106664449994,0.0,0.0,0.0,0.0,0.0,0.0,0.0,0.0,0.0,0.0,0.0
2.35,0.0140425535,0.008603305799252801,0.008580895229139626,2.2410570113175413e-05,0.0,0.0,0.0,0.0,0.0,0.0,0.0,0.0,0.0,0.0
2.3666666666666667,0.0140425535,0.01011023799090812,0.009971459735792573,0.00013877825511554711,0.0,0.0,0.0,0.0,0.0,0.0,0.0,0.0,0.0,0.0
2.3833333333333333,0.0140425535,0.011572624681101241,0.011182525654161068,0.0003900990269401744,0.0,0.0,0.0,0.0,0.0,0.0,0.0,0.0,0.0,0.0
2.4,0.0140425535,0.013055311267285525,0.012261731125135688,0.0007935801421498367,0.0,0.0,0.0,0.0,0.0,0.0,0.0,0.0,0.0,0.0
2.4166666666666665,0.0140425535,0.014590231322883642,0.013237988127928719,0.001352243194954924,0.0,0.0,0.0,0.0,0.0,0.0,0.0,0.0,0.0,0.0
2.433333333333333,0.0140425535,0.016190400591403867,0.014130505572133625,0.002059895019270243,0.0,0.0,0.0,0.0,0.0,0.0,0.0,0.0,0.0,0.0
2.45,0.018723404,0.01785720266450836,0.014952871838824796,0.0029043308256835646,0.0,0.0,0.0,0.0,0.0,0.0,0.0,0.0,0.0,0.0
2.466666666666667,0.018723404,0.01958471636014454,0.015715153877506976,0.003869562482637564,0.0,0.0,0.0,0.0,0.0,0.0,0.0,0.0,0.0,0.0
2.4833333333333334,0.018723404,0.02136250126968586,0.016425079421786795,0.004937421847899064,0.0,0.0,0.0,0.0,0.0,0.0,0.0,0.0,0.0,0.0
2.5,0.018723404,0.023177480254226626,0.01708875009036109,0.006088730163865538,0.0,0.0,0.0,0.0,0.0,0.0,0.0,0.0,0.0,0.0
2.5166666666666666,0.018723404,0.02501524713178882,0.017711095247273215,0.007304151884515605,0.0,0.0,0.0,0.0,0.0,0.0,0.0,0.0,0.0,0.0
2.533333333333333,0.018723404,0.032617279488284315,0.01829617363404626,0.008564812541448847,0.0,0.0057562933127892095,0.0,0.0,0.0,0.0,0.0,0.0,0.0,0.0
2.55,0.023404256,0.036832404910424665,0.018847381104732476,0.009852737214148975,0.0,0.00813228659154321,0.0,0.0,0.0,0.0,0.0,0.0,0.0,0.0
2.566666666666667,0.023404256,0.0404383864952581,0.01936759803550717,0.01115115134461212,0.0,0.009919637115138808,0.0,0.0,0.0,0.0,0.0,0.0,0.0,0.0
2.583333333333333,0.023404256,0.043697633597563776,0.01985929662405241,0.012444675518437453,0.0,0.011393661455073919,0.0,0.0,0.0,0.0,0.0,0.0,0.0,0.0
2.6,0.023404256,0.0467066030287176,0.02032462072586123,0.013719438614227723,0.0,0.012662543688628649,0.0,0.0,0.0,0.0,0.0,0.0,0.0,0.0
2.6166666666666667,0.023404256,0.04951105246609587,0.020765446403572235,0.01496312839332206,0.0,0.013782477669201576,0.0,0.0,0.0,0.0,0.0,0.0,0.0,0.0
2.6333333333333333,0.023404256,0.05213572684218424,0.021183428627576106,0.0161649945646257,0.0,0.014787250061206257,5.3588776183593166e-08,0.0,0.0,0.0,0.0,0.0,0.0,0.0
2.65,0.023404256,0.05459673047019723,0.021580037836395723,0.017315816240231492,0.0,0.015699134160823,1.7422327470223838e-06,0.0,0.0,0.0,0.0,0.0,0.0,0.0
2.6666666666666665,0.023404256,0.05691068673009549,0.021956588942131646,0.01840784325132267,0.0,0.016533780262775997,1.2474273865188492e-05,0.0,0.0,0.0,0.0,0.0,0.0,0.0
2.683333333333333,0.023404256,0.059099768407502834,0.022314264618963027,0.019434718853342754,0.0,0.017302713794103492,4.80711410935631e-05,0.0,0.0,0.0,0.0,0.0,0.0,0.0
2.7,0.023404256,0.06119218574794783,0.02265413420459745,0.020391389796879152,0.0,0.018014734428406357,0.00013192731806487487,0.0,0.0,0.0,0.0,0.0,0.0,0.0
2.716666666666667,0.023404256,0.06322003888161205,0.022977169192310177,0.02127400849079771,0.0,0.018676755883763406,0.0002921053147407609,0.0,0.0,0.0,0.0,0.0,0.0,0.0
2.7333333333333334,0.023404256,0.06521611949336756,0.023284256042670873,0.022079830973519725,0.0,0.019294338078898514,0.0005576943982784369,0.0,0.0,0.0,0.0,0.0,0.0,0.0
2.75,0.023404256,0.06721069232630268,0.023576206865865885,0.02280711358890785,0.0,0.019872039396363533,0.0009553324751654151,0.0,0.0,0.0,0.0,0.0,0.0,0.0
2.7666666666666666,0.023404256,0.06922883776333504,0.02385376839589992,0.023455010597959063,0.0,0.020413658405806733,0.0015064003636693216,0.0,0.0,0.0,0.0,0.0,0.0,0.0
2.783333333333333,0.023404256,0.07128861514578562,0.02411762958239812,0.024023474417360073,0.0,0.020922404816350118,0.0022251063296773047,0.0,0.0,0.0,0.0,0.0,0.0,0.0
2.8,0.023404256,0.07340009475447015,0.024368428054409585,0.02451315973792563,0.0,0.02140102352470614,0.003117483437428792,0.0,0.0,0.0,0.0,0.0,0.0,0.0
2.816666666666667,0.023404256,0.09885788057785896,0.024606755656780235,0.02492533242156364,0.023292701253510236,0.021851886644239937,0.004181204601764913,0.0,0.0,0.0,0.0,0.0,0.0,0.0
2.833333333333333,0.023404256,0.10283651802088757,0.024833163218601143,0.02526178378978037,0.025058447995916455,0.02227706311019582,0.005406059906393786,0.0,0.0,0.0,0.0,0.0,0.0,0.0
2.85,0.028085107,0.10559069034235409,0.025048164681612677,0.025524750687705305,0.025564482789330184,0.022678372226011673,0.0067749199576942415,0.0,0.0,0.0,0.0,0.0,0.0,0.0
2.8666666666666667,0.023404256,0.10809308023791737,0.02525224069186449,0.025716841525228646,0.025801558929390553,0.023057425480151897,0.00826501361128179,0.0,0.0,0.0,0.0,0.0,0.0,0.0
2.8833333333333333,0.028085107,0.1104677215497522,0.025445841738666087,0.025840968352909967,0.02591588406715764,0.023415659644395445,0.009849367746623061,0.0,0.0,0.0,0.0,0.0,0.0,0.0
2.9,0.028085107,0.11274181523580781,0.025629390909641985,0.025900284918060512,0.02595949277937767,0.023754363289327937,0.011498283339399704,0.0,0.0,0.0,0.0,0.0,0.0,0.0
2.9166666666666665,0.023404256,0.11491399598351815,0.02580328631859243,0.02589813056020833,0.02595713004614115,0.024074698259051883,0.013180750799524367,0.0,0.0,0.0,0.0,0.0,0.0,0.0
2.933333333333333,0.023404256,0.11697190889038875,0.025967903253151983,0.025837979740356107,0.02592257348982036,0.024377717236366694,0.014865735170693607,0.0,0.0,0.0,0.0,0.0,0.0,0.0
2.95,0.028085107,0.11889896744342944,0.02612359608140687,0.02572339695114992,0.02586430971889914,0.02466437824042342,0.0165232864515501,0.0,0.0,0.0,0.0,0.0,0.0,0.0
2.966666666666667,0.028085107,0.12067765373547873,0.02627069995027473,0.025557996722054784,0.025787949287576918,0.0249355566918827,0.018125451083689605,0.0,0.0,0.0,0.0,0.0,0.0,0.0
2.9833333333333334,0.028085107,0.12229137451595412,0.026409532303260683,0.02534540841217812,0.025697400980996637,0.025192055530313427,0.019646977289205246,0.0,0.0,0.0,0.0,0.0,0.0,0.0
3.0,0.023404256,0.12372557344977413,0.026540394240942185,0.025089245471245848,0.02559550040558906,0.02543461375796557,0.02106581957403146,0.0,0.0,0.0,0.0,0.0,0.0,0.0
3.0166666666666666,0.023404256,0.12496839291148583,0.02666357174401942,0.024793078844538963,0.02548437189232235,0.02566391370164408,0.022363456728961017,0.0,0.0,0.0,0.0,0.0,0.0,0.0
3.033333333333333,0.023404256,0.12601103090626584,0.026779336775851068,0.02446041419878383,0.025365649143582202,0.025880587222309622,0.023525043565739107,0.0,0.0,0.0,0.0,0.0,0.0,0.0
3.05,0.023404256,0.1268478780926509,0.02688794827896558,0.024094672651757458,0.02524061613783693,0.026085221054738532,0.024539419969352397,0.0,0.0,0.0,0.0,0.0,0.0,0.0
3.066666666666667,0.028085107,0.12747649198801667,0.026989653078003814,0.023699174697647398,0.025110300623732363,0.026278361423203334,0.025399002165429754,0.0,0.0,0.0,0.0,0.0,0.0,0.0
3.083333333333333,0.023404256,0.12789745085491586,0.02708468669983898,0.023277127032106992,0.02497553818666105,0.026460518050908377,0.026099580885400455,0.0,0.0,0.0,0.0,0.0,0.0,0.0
3.1,0.023404256,0.12811412094004035,0.02717327412017689,0.02283161199473851,0.02483701737358162,0.0266321676588229,0.026640049792720454,0.0,0.0,0.0,0.0,0.0,0.0,0.0
3.1166666666666667,0.028085107,0.12813236455328753,0.02725563044471642,0.022365579361825195,0.02469531223992554,0.026793757032123926,0.027022085474696436,0.0,0.0,0.0,0.0,0.0,0.0,0.0
3.1333333333333333,0.028085107,0.12796021160715543,0.02733196153191021,0.02188184023802586,0.024550906315952383,0.026945705718608142,0.02724979780265883,0.0,0.0,0.0,0.0,0.0,0.0,0.0
3.15,0.028085107,0.1276075131195738,0.027402464563478,0.02138306281205595,0.024404210579629635,0.02708840841234333,0.027329366752066885,0.0,0.0,0.0,0.0,0.0,0.0,0.0
3.1666666666666665,0.028085107,0.1270855915787145,0.027467328568064726,0.02087176975778505,0.024255577154885473,0.027222237066896242,0.027268679031082998,0.0,0.0,0.0,0.0,0.0,0.0,0.0
3.183333333333333,0.028085107,0.12640689988085888,0.027526734902782415,0.02035033707843861,0.02410530990405783,0.027347542775231163,0.027076975220348857,0.0,0.0,0.0,0.0,0.0,0.0,0.0
3.2,0.028085107,0.1255846977445995,0.027580857696811928,0.01982099420750276,0.023953672725966425,0.02746465744746691,0.02676451566685147,0.0,0.0,0.0,0.0,0.0,0.0,0.0
3.216666666666667,0.028085107,0.12463275205918839,0.027629864260753787,0.019285825195348674,0.023800896133481384,0.027573895312837247,0.0263422711567673,0.0,0.0,0.0,0.0,0.0,0.0,0.0
3.2333333333333334,0.023404256,0.12356506552794735,0.02767391546499559,0.018746770825404078,0.023647182523315796,0.02767555426820699,0.0258216424460249,0.0,0.0,0.0,0.0,0.0,0.0,0.0
3.25,0.023404256,0.1223956362026688,0.027713166089996417,0.01820563151782576,0.02349271043942274,0.027769917092188956,0.025214211063234928,0.0,0.0,0.0,0.0,0.0,0.0,0.0
3.2666666666666666,0.023404256,0.12113824905060136,0.027747765151069012,0.017664070892012666,0.023337638053141537,0.027857252541153565,0.024531522413224587,0.0,0.0,0.0,0.0,0.0,0.0,0.0
3.283333333333333,0.023404256,0.11980629952645319,0.027777856199960902,0.017123619871911886,0.023182106027421018,0.027937816341121104,0.02378490108603829,0.0,0.0,0.0,0.0,0.0,0.0,0.0
3.3,0.023404256,0.11841264820938997,0.027803577605290685,0.01658568122989363,0.023026239892063875,0.02801185208759368,0.022985297394548115,0.0,0.0,0.0,0.0,0.0,0.0,0.0
3.316666666666667,0.023404256,0.11696950487917893,0.02782506281368081,0.016051534476002872,0.022870152027339666,0.02807959206375386,0.02214316349840171,0.0,0.0,0.0,0.0,0.0,0.0,0.0
3.333333333333333,0.018723404,0.1154883399160814,0.027842440593238694,0.015522341009644126,0.022713943331363607,0.02814125798607739,0.021268356995757586,0.0,0.0,0.0,0.0,0.0,0.0,0.0
3.35,0.018723404,0.11397982058623812,0.027855835260870893,0.01499914946023763,0.02255770463017872,0.028197061685235062,0.020370069549715826,0.0,0.0,0.0,0.0,0.0,0.0,0.0
3.3666666666666667,0.018723404,0.11245376959015088,0.027865366894767627,0.014482901152125761,0.02240151787701,0.028247205729159376,0.01945677793708811,0.0,0.0,0.0,0.0,0.0,0.0,0.0
3.3833333333333333,0.018723404,0.11091914318060876,0.027871151533263822,0.013974435637032573,0.022245457177621934,0.028291883994296146,0.01853621483839429,0.0,0.0,0.0,0.0,0.0,0.0,0.0
3.4,0.018723404,0.10938402617474659,0.02787330136116679,0.013474496244723943,0.022089589671352498,0.0283312821903273,0.017615356707176066,0.0,0.0,0.0,0.0,0.0,0.0,0.0
3.4166666666666665,0.0140425535,0.10785564127221456,0.027871924884537307,0.012983735609210479,0.021933976291670296,0.02836557834301862,0.016700426143777848,0.0,0.0,0.0,0.0,0.0,0.0,0.0
3.433333333333333,0.0140425535,0.10634037022978664,0.027867127094818724,0.012502721133919445,0.021778672425611743,0.02839494323930041,0.015796906336136323,0.0,0.0,0.0,0.0,0.0,0.0,0.0
3.45,0.0140425535,0.10484378461685616,0.02785900962312655,0.012031940364770998,0.021623728487907792,0.028419540838215646,0.014909565302835168,0.0,0.0,0.0,0.0,0.0,0.0,0.0
3.466666666666667,0.0140425535,0.10337068407338088,0.027847670885437305,0.011571806245064148,0.021469190422788643,0.028439528650959636,0.014042487869131148,0.0,0.0,0.0,0.0,0.0,0.0,0.0
3.4833333333333334,0.0140425535,0.10192514020145599,0.02783320621934973,0.011122662230547064,0.021315100144195676,0.028455058092877062,0.013199113514486471,0.0,0.0,0.0,0.0,0.0,0.0,0.0
3.5,0.0140425535,0.10051054443538049,0.02781570801303193,0.010684787247049287,0.021161495923310382,0.02846627480996974,0.01238227844201915,0.0,0.0,0.0,0.0,0.0,0.0,0.0
3.5166666666666666,0.0140425535,0.09912965844624542,0.02779526582691545,0.010258400476624786,0.021008412730835646,0.02847331898219491,0.01159426042967464,0.0,0.0,0.0,0.0,0.0,0.0,0.0
3.533333333333333,0.0140425535,0.09778466584069681,0.027771966508648577,0.009843665961328695,0.020855882540263215,0.02847632560559358,0.010836825224862734,0.0,0.0,0.0,0.0,0.0,0.0,0.0
3.55,0.0140425535,0.0964772241059598,0.027745894301778987,0.009440697016558666,0.020703934597377665,0.028475424755077486,0.010111273435166995,0.0,0.0,0.0,0.0,0.0,0.0,0.0
3.566666666666667,0.0140425535,0.09520851593194084,0.027717130948595906,0.009049560448364033,0.020552595660437073,0.02847074182951664,0.009418487045027176,0.0,0.0,0.0,0.0,0.0,0.0,0.0
3.583333333333333,0.009361702,0.09397929920468057,0.027685755787527463,0.008670280571292448,0.020401890214800954,0.028462397780605338,0.008758974850454357,0.0,0.0,0.0,0.0,0.0,0.0,0.0
3.6,0.009361702,0.09278995511280744,0.02765184584545646,0.008302843025230098,0.02025184066521957,0.028450509326838576,0.008132916250062744,0.0,0.0,0.0,0.0,0.0,0.0,0.0
3.6166666666666663,0.0140425535,0.09164053393974116,0.027615475925289155,0.00794719839132517,0.020102467508534696,0.02843518915380172,0.007540202960790417,0.0,0.0,0.0,0.0,0.0,0.0,0.0
3.633333333333333,0.0140425535,0.0905307982294818,0.027576718689085115,0.00760326560848672,0.01995378948915257,0.028416546101861336,0.006980478340896064,0.0,0.0,0.0,0.0,0.0,0.0,0.0
3.65,0.0140425535,0.08946026311352581,0.02753564473703253,0.0072709351931477175,0.019805823739323308,0.02839468534224299,0.006453174101779269,0.0,0.0,0.0,0.0,0.0,0.0,0.0
3.6666666666666665,0.0140425535,0.08842823367163412,0.027492322682531368,0.006950072265988816,0.01965858590598419,0.028369708542390293,0.0059575442747394425,0.0,0.0,0.0,0.0,0.0,0.0,0.0
3.683333333333333,0.0140425535,0.08743383927089755,0.027446819223627034,0.006640519390161131,0.01951209026569087,0.02834171402141815,0.005492696370000364,0.0,0.0,0.0,0.0,0.0,0.0,0.0
3.7,0.0140425535,0.08647606488694048,0.027399199211019108,0.006342099226237112,0.01936634982896119,0.02831079689639993,0.00505761972432314,0.0,0.0,0.0,0.0,0.0,0.0,0.0
3.716666666666667,0.009361702,0.0855537794593714,0.027349525712853054,0.006054617009675813,0.019221376435186927,0.02827704922016297,0.0046512110814926335,0.0,0.0,0.0,0.0,0.0,0.0,0.0
3.733333333333333,0.009361702,0.08466576137193635,0.027297860076487806,0.0057778628570274845,0.01907718083912324,0.028240560111207767,0.004272297488090062,0.0,0.0,0.0,0.0,0.0,0.0,0.0
3.75,0.009361702,0.08381072117743144,0.027244261987418122,0.005511613907435911,0.018933772789841298,0.028201415876313404,0.003919656616422697,0.0,0.0,0.0,0.0,0.0,0.0,0.0
3.7666666666666666,0.009361702,0.08298732170941422,0.027188789525518085,0.00525563630623795,0.018791161102922053,0.028159700126344146,0.003592034648391992,0.0,0.0,0.0,0.0,0.0,0.0,0.0
3.783333333333333,0.004680851,0.08219419573818053,0.02713149921876016,0.005009687037619253,0.018649353726576383,0.02811549388572867,0.0032881618694960567,0.0,0.0,0.0,0.0,0.0,0.0,0.0
3.8,0.004680851,0.08142996133833129,0.02707244609455378,0.004773515613374742,0.018508357802297058,0.028068875696045017,0.003006766132060695,0.0,0.0,0.0,0.0,0.0,0.0,0.0
3.816666666666667,0.004680851,0.08069323514043823,0.027011683728837485,0.004546865624849752,0.018368179720577804,0.02801992171410878,0.0027465843520644187,0.0,0.0,0.0,0.0,0.0,0.0,0.0
3.8333333333333335,0.004680851,0.07998264364064478,0.026949264293049457,0.004329476165112934,0.018228825172174685,0.027968705804930157,0.002506372205377544,0.0,0.0,0.0,0.0,0.0,0.0,0.0
3.85,0.004680851,0.07929683274023434,0.02688523859909307,0.004121083128341542,0.01809029919533179,0.02791529962987659,0.0022849121875913626,0.0,0.0,0.0,0.0,0.0,0.0,0.0
3.8666666666666663,0.009361702,0.07863447568290502,0.02681965614240628,0.003921420393291458,0.0179526062193474,0.02785977273035142,0.0020810201975084573,0.0,0.0,0.0,0.0,0.0,0.0,0.0
3.883333333333333,0.004680851,0.07799427955126523,0.02675256514323661,0.003730220897583327,0.01781575010481585,0.027802192607274893,0.001893550798354539,0.0,0.0,0.0,0.0,0.0,0.0,0.0
3.9,0.004680851,0.07737499047640091,0.026684012586216797,0.003547217609369214,0.017679734180845317,0.02774262479663217,0.001721401303337404,0.0,0.0,0.0,0.0,0.0,0.0,0.0
3.9166666666666665,0.004680851,0.07677539770566803,0.02661404425833027,0.0033721444027551856,0.017544561279519953,0.027681132941332957,0.001563514823729674,0.0,0.0,0.0,0.0,0.0,0.0,0.0
3.933333333333333,0.004680851,0.07619433666449262,0.026542704785349775,0.0032047368431489093,0.01741023376784741,0.02761777885960935,0.0014188824085371705,0.0,0.0,0.0,0.0,0.0,0.0,0.0
3.95,0.004680851,0.0756306911382026,0.026470037666827376,0.0030447328884820584,0.017276753577408554,0.027552622610161597,0.0012865443953230169,0.0,0.0,0.0,0.0,0.0,0.0,0.0
3.966666666666667,0.004680851,0.07508339469001483,0.026396085309709258,0.0028918735120273646,0.017144122231904244,0.027485722554246656,0.0011655910821273114,0.0,0.0,0.0,0.0,0.0,0.0,0.0
3.983333333333333,0.004680851,0.07455143142144925,0.026320889060644084,0.0027459032522936713,0.017012340872775117,0.027417135414890142,0.0010551628208462307,0.0,0.0,0.0,0.0,0.0,0.0,0.0
4.0,0.004680851,0.07403383617179919,0.026244489237049643,0.0026065706952412672,0.016881410283053226,0.027346916333389544,0.0009544496230655095,0.0,0.0,0.0,0.0,0.0,0.0,0.0
4.016666666666667,0.004680851,0.07352969424396921,0.026166925156998692,0.0024736288938166234,0.016751330909589253,0.027275118923265104,0.0008626903602995414,0.0,0.0,0.0,0.0,0.0,0.0,0.0
4.033333333333333,0.004680851,0.07303814073508928,0.026088235167980964,0.0023468357295620603,0.01662210288378539,0.027201795321803543,0.0007791716319573285,0.0,0.0,0.0,0.0,0.0,0.0,0.0
4.05,0.0,0.07255835954189602,0.026008456674595535,0.002225954220814363,0.016493726040951995,0.02712699623933022,0.000703226366203904,0.0,0.0,0.0,0.0,0.0,0.0,0.0
4.066666666666666,0.0,0.07208958210297445,0.02592762616522385,0.0021107527817670804,0.016366199938395366,0.02705077100633606,0.0006342322112520777,0.0,0.0,0.0,0.0,0.0,0.0,0.0
4.083333333333333,0.0,0.07163108593260892,0.025845779237731625,0.002001005436436663,0.0162395238723341,0.02697316761857705,0.00057160976752949,0.0,0.0,0.0,0.0,0.0,0.0,0.0
4.1,0.0,0.07118219299420642,0.02576295062424436,0.0018964919913428714,0.01611369689373302,0.02689423278025651,0.000514820704629662,0.0,0.0,0.0,0.0,0.0,0.0,0.0
4.116666666666666,0.0,0.0707422679550299,0.02567917421503924,0.001796998170490239,0.015988717823135733,0.026814011945393037,0.00046336580097165834,0.0,0.0,0.0,0.0,0.0,0.0,0.0
4.133333333333334,-0.004680851,0.07031071635830412,0.02559448308159338,0.0017023157160203615,0.015864585264569776,0.026732549357470395,0.00041678293865020084,0.0,0.0,0.0,0.0,0.0,0.0,0.0
4.15,-0.004680851,0.06988698274361217,0.02550890949882665,0.0016122424576949616,0.015741297618592203,0.026649888087459474,0.0003746450810388898,0.0,0.0,0.0,0.0,0.0,0.0,0.0
4.166666666666667,-0.004680851,0.06947054874186627,0.025422484966574545,0.0015265823541673505,0.015618853094537371,0.02656607007029682,0.0003365582562901846,0.0,0.0,0.0,0.0,0.0,0.0,0.0
4.183333333333334,-0.004680851,0.06906093116698424,0.025335240230325403,0.0014451455088056544,0.015497249722023904,0.02648113613989888,0.00030215956593039074,0.0,0.0,0.0,0.0,0.0,0.0,0.0
4.2,-0.004680851,0.06865768012270382,0.025247205301253912,0.0013677481626447542,0.015376485361772824,0.02639512606278622,0.0002711152342461049,0.0,0.0,0.0,0.0,0.0,0.0,0.0
4.216666666666667,-0.004680851,0.06826037713968915,0.025158409475581175,0.0012942126668658092,0.015256557715784786,0.02630807857038753,0.0002431187110698454,0.0,0.0,0.0,0.0,0.0,0.0,0.0
4.233333333333333,-0.004680851,0.06786863335519712,0.025068881353290468,0.0012243674370324374,0.015137464336920332,0.026220031390088883,0.00021788883786500544,0.0,0.0,0.0,0.0,0.0,0.0,0.0
4.25,-0.004680851,0.06748208774504243,0.024978648856225596,0.001158046891150849,0.015019202637923732,0.026131021275089848,0.0001951680846524081,0.0,0.0,0.0,0.0,0.0,0.0,0.0
4.266666666666667,-0.004680851,0.06710040541539963,0.024887739245598083,0.0010950913734678568,0.014901769899927727,0.02604108403312443,0.00017472086328152757,0.0,0.0,0.0,0.0,0.0,0.0,0.0
4.283333333333333,-0.004680851,0.06672327596007653,0.024796179138927447,0.0010353470657751618,0.014785163280473596,0.02595025455410139,0.00015633192079893263,0.0,0.0,0.0,0.0,0.0,0.0,0.0
4.3,0.0,0.06635041188725853,0.024703994526438202,0.0009786658878507698,0.014669379821078247,0.025858566836715353,0.00013980481517596855,0.0,0.0,0.0,0.0,0.0,0.0,0.0
4.316666666666666,-0.004680851,0.06598154711832883,0.02461121078693539,0.000924905388538517,0.014554416454377835,0.025766054014077056,0.00012496047440004347,0.0,0.0,0.0,0.0,0.0,0.0,0.0
4.333333333333333,-0.004680851,0.06561643556019128,0.02451785270317995,0.0008739286288443299,0.014440270010874926,0.025672748378408532,0.00011163583888354727,0.0,0.0,0.0,0.0,0.0,0.0,0.0
4.35,-0.004680851,0.065254849751535,0.024423944476783845,0.0008256040583127154,0.014326937225314454,0.025578681404846225,9.968258627776296e-05,0.0,0.0,0.0,0.0,0.0,0.0,0.0
4.366666666666666,-0.004680851,0.06489657958266151,0.024329509742643893,0.0007798053858389037,0.014214414742711685,0.025483883774392837,8.896593707419225e-05,0.0,0.0,0.0,0.0,0.0,0.0,0.0
4.383333333333334,0.0,0.06454143108782573,0.02423457158293254,0.0007364114459707567,0.01410269912405386,0.025388385396056225,7.936353881233959e-05,0.0,0.0,0.0,0.0,0.0,0.0,0.0
4.4,0.0,0.06418922530850285,0.024139152540662734,0.0006953060616597032,0.013991786851695543,0.025292215428211962,7.076442627290155e-05,0.0,0.0,0.0,0.0,0.0,0.0,0.0
4.416666666666667,-0.004680851,0.06383979722556617,0.02404327463284332,0.0006563779043313407,0.013881674334466259,0.025195402299223527,6.306805470172972e-05,0.0,0.0,0.0,0.0,0.0,0.0,0.0
4.433333333333334,-0.004680851,0.06349299475803326,0.023946959363240573,0.0006195203520637941,0.013772357912507834,0.025097973727353104,5.618340286796481e-05,0.0,0.0,0.0,0.0,0.0,0.0,0.0
4.45,-0.004680851,0.06314867782579242,0.023850227734760913,0.0005846313465848057,0.013663833861857457,0.02499995673999349,5.0028142595765046e-05,0.0,0.0,0.0,0.0,0.0,0.0,0.0
4.466666666666667,-0.004680851,0.062806717473549,0.02375310026146884,0.0005516132497270631,0.013556098398791511,0.02490137769225044,4.452787131115608e-05,0.0,0.0,0.0,0.0,0.0,0.0,0.0
4.483333333333333,-0.004680851,0.06246699505311864,0.02365559698025371,0.0005203726999147873,0.013449147683944179,0.024802262284903034,3.961540410293441e-05,0.0,0.0,0.0,0.0,0.0,0.0,0.0
4.5,-0.004680851,0.06212940146113345,0.02355773746215841,0.0004908204691930287,0.013342977826213763,0.02470263558176838,3.523012179986972e-05,0.0,0.0,0.0,0.0,0.0,0.0,0.0
4.516666666666667,-0.004680851,0.061793836429208195,0.02345954082338217,0.00046287132125414997,0.013237584886469022,0.02460252202649549,3.1317371607363606e-05,0.0,0.0,0.0,0.0,0.0,0.0,0.0
4.533333333333333,-0.004680851,0.06146020786362934,0.023361025735969314,0.0004364438708633392,0.01313296488106677,0.024501945458811944,2.7827916917970244e-05,0.0,0.0,0.0,0.0,0.0,0.0,0.0
4.55,-0.004680851,0.06112843123167452,0.023262210438195326,0.0004114604450364782,0.013029113785191435,0.024400929130245802,2.4717433005481593e-05,0.0,0.0,0.0,0.0,0.0,0.0,0.0
4.566666666666666,-0.004680851,0.06079842899173666,0.023163112744660926,0.00038784694627900786,0.012926027536026426,0.02429949571934413,2.1946045426173863e-05,0.0,0.0,0.0,0.0,0.0,0.0,0.0
4.583333333333333,-0.004680851,0.060470130064511615,0.02306375005610458,0.0003655327181534151,0.012823702035766696,0.024197667346408307,1.9477908078617377e-05,0.0,0.0,0.0,0.0,0.0,0.0,0.0
4.6,-0.004680851,0.060143469342606254,0.022964139368943145,0.00034445041340530467,0.012722133154481115,0.024095465587765486,1.7280818011199353e-05,0.0,0.0,0.0,0.0,0.0,0.0,0.0
4.616666666666666,-0.004680851,0.05981838723603195,0.02286429728455023,0.0003245358648435932,0.012621316732832882,0.023992911489594444,1.5325864210802248e-05,0.0,0.0,0.0,0.0,0.0,0.0,0.0
4.633333333333334,-0.004680851,0.05949482925116328,0.022764240018281295,0.00030572795913889856,0.01252124858466552,0.02389002558132346,1.3587107754098183e-05,0.0,0.0,0.0,0.0,0.0,0.0,0.0
4.65,-0.004680851,0.05917274560086032,0.022663983408254134,0.0002879685136755267,0.012421924499461775,0.023786827888616576,1.204129085230309e-05,0.0,0.0,0.0,0.0,0.0,0.0,0.0
4.666666666666667,-0.004680851,0.058852090843574595,0.022563542923892878,0.0002712021565663823,0.012323340244681945,0.023683337945964354,1.066757246903482e-05,0.0,0.0,0.0,0.0,0.0,0.0,0.0
4.683333333333334,-0.004680851,0.05853282354938015,0.02246293367424386,0.00025537620991650554,0.012225491567988193,0.023579574808894013,9.447288337582097e-06,0.0,0.0,0.0,0.0,0.0,0.0,0.0
4.7,-0.004680851,0.05821490599099125,0.02236217041607046,0.000240440576399525,0.012128374199360583,0.02347555706581355,8.363733347136568e-06,0.0,0.0,0.0,0.0,0.0,0.0,0.0
4.716666666666667,-0.004680851,0.05789830385794707,0.022261267561734726,0.00022634762919203382,0.01203198385311059,0.023371302849503315,7.401964406405947e-06,0.0,0.0,0.0,0.0,0.0,0.0,0.0
4.733333333333333,0.0,0.05758298599225822,0.022160239186872356,0.0002130521052935405,0.011936316229797187,0.023266829848268396,6.548622026746055e-06,0.0,0.0,0.0,0.0,0.0,0.0,0.0
4.75,0.0,0.057268924143921957,0.02205909903786809,0.0002005110022440893,0.011841367018050603,0.02316215531676419,5.79176899498591e-06,0.0,0.0,0.0,0.0,0.0,0.0,0.0
4.766666666666667,0.0,0.05695609274481907,0.021957860539137775,0.00018868347823775615,0.011747131896308332,0.02305729608650712,5.120744628084021e-06,0.0,0.0,0.0,0.0,0.0,0.0,0.0
4.783333333333333,0.0,0.0566444686996085,0.021856536800223477,0.00017753075561786652,0.011653606534467788,0.022952268576081958,4.526033217412114e-06,0.0,0.0,0.0,0.0,0.0,0.0,0.0
4.8,-0.004680851,0.056334031192332275,0.021755140622707343,0.0001670160277288496,0.011560786595459784,0.022847088801056605,3.999145379692827e-06,0.0,0.0,0.0,0.0,0.0,0.0,0.0
4.816666666666666,0.0,0.05602476150753618,0.02165368450695024,0.00015710436908999403,0.01146866773674671,0.022741772383614835,3.532511134396216e-06,0.0,0.0,0.0,0.0,0.0,0.0,0.0
4.833333333333333,-0.004680851,0.05571664286479826,0.021552180658660453,0.00014776264884794265,0.011377245611749158,0.022636334561916927,3.1193836237845225e-06,0.0,0.0,0.0,0.0,0.0,0.0,0.0
4.85,-0.004680851,0.05540966026563923,0.021450640995297827,0.00013895944745741403,0.011286515871204349,0.022530790199197733,2.7537524819049345e-06,0.0,0.0,0.0,0.0,0.0,0.0,0.0
4.866666666666666,0.0,0.055103800351865725,0.021349077152318395,0.00013066497653330662,0.011196474164459822,0.02242515379261137,2.4302659428348583e-06,0.0,0.0,0.0,0.0,0.0,0.0,0.0
4.883333333333334,-0.004680851,0.054799051274469567,0.021247500489264465,0.00012285100181192162,0.01110711614070537,0.022319439481831214,2.144160856594745e-06,0.0,0.0,0.0,0.0,0.0,0.0,0.0
4.9,0.0,0.05449540257227279,0.02114592209570482,0.00011549076915446537,0.01101843745014621,0.0222136610574137,1.891199853594844e-06,0.0,0.0,0.0,0.0,0.0,0.0,0.0
4.916666666666667,-0.004680851,0.05419284505957116,0.0210443527970295,0.00010855893352216904,0.010930433745120179,0.02210783196893378,1.6676149655336514e-06,0.0,0.0,0.0,0.0,0.0,0.0,0.0
4.933333333333334,0.0,0.053891370722086995,0.020942803160103683,0.00010203149084925252,0.010843100681161549,0.02200196533289993,1.4700570725889243e-06,0.0,0.0,0.0,0.0,0.0,0.0,0.0
4.95,0.0,0.05359097262059601,0.02084128349878477,9.588571273745283e-05,0.010756433918014027,0.021896073940455948,1.2955506038145994e-06,0.0,0.0,0.0,0.0,0.0,0.0,0.0
4.966666666666667,0.0,0.053291644801642786,0.020739803879306754,9.010008389391843e-05,0.010670429120595227,0.021790170264876722,1.1414529701621309e-06,0.0,0.0,0.0,0.0,0.0,0.0,0.0
4.983333333333333,0.0,0.05299338221480591,0.02063837412553574,8.465424223285303e-05,0.010585081959914894,0.021684266468864663,1.0054182577625685e-06,0.0,0.0,0.0,0.0,0.0,0.0,0.0
5.0,0.0,0.05269618063601652,0.02053700382410043,7.952892156033778e-05,0.010500388113949008,0.02157837441165344,8.853647533132891e-07,0.0,0.0,0.0,0.0,0.0,0.0,0.0
5.016666666666667,0.0,0.052400036596473215,0.0204357023294012,7.470589676122134e-05,0.010416343268471753,0.02147250565592516,7.794459138800489e-07,0.0,0.0,0.0,0.0,0.0,0.0,0.0
5.033333333333333,0.0,0.052104947316732854,0.020334478768501238,7.016793140678771e-05,0.010332943117847304,0.021366671474547107,6.860244304127822e-07,0.0,0.0,0.0,0.0,0.0,0.0,0.0
5.05,0.0,0.05181091064559013,0.02023334204590309,6.589872770207164e-05,0.010250183365783183,0.02126088285713376,6.036490680334084e-07,0.0,0.0,0.0,0.0,0.0,0.0,0.0
5.066666666666666,0.0,0.0515179250033897,0.02013230084821398,6.188287869213038e-05,0.010168059726047,0.02115515051643966,5.310339969257098e-07,0.0,0.0,0.0,0.0,0.0,0.0,0.0
5.083333333333333,0.0,0.05122598932944239,0.02003136364870293,5.810582264728303e-05,0.010086567923148118,0.021049484894588386,4.670403556700229e-07,0.0,0.0,0.0,0.0,0.0,0.0,0.0
5.1,0.0,0.050935103033244236,0.01993053871175283,5.455379954825074e-05,0.010005703692985837,0.020943896169142988,4.1065981433455643e-07,0.0,0.0,0.0,0.0,0.0,0.0,0.0
5.116666666666666,0.0,0.05064526594921939,0.019829834097210217,5.121380959325189e-05,0.009925462783465629,0.020838394259022532,3.6099992776473376e-07,0.0,0.0,0.0,0.0,0.0,0.0,0.0
5.133333333333334,0.0,0.05035647829473106,0.01972925766463578,4.807357365039316e-05,0.009845840955084739,0.020732988830269656,3.172710904931885e-07,0.0,0.0,0.0,0.0,0.0,0.0,0.0
5.15,0.0,0.05006874063112447,0.019628817077458286,4.512149558013269e-05,0.009766833981488563,0.020627689301673784,2.7877492370476605e-07,0.0,0.0,0.0,0.0,0.0,0.0,0.0
5.166666666666667,0.0,0.049782053827583564,0.019528519807034406,4.234662635414415e-05,0.009688437649998972,0.02052250485025414,2.4489394190035597e-07,0.0,0.0,0.0,0.0,0.0,0.0,0.0
5.183333333333334,0.0,0.04949641902760143,0.019428373136617248,3.9738629898575e-05,0.009610647762116002,0.020417444416607134,2.1508236246569367e-07,0.0,0.0,0.0,0.0,0.0,0.0,0.0
5.2,0.0,0.04921183761787832,0.019328384165235832,3.728775059143101e-05,0.009533460133993811,0.020312516710121842,1.8885793541069317e-07,0.0,0.0,0.0,0.0,0.0,0.0,0.0
5.216666666666667,0.0,0.048928311199477034,0.01922855981148813,3.4984782345635746e-05,0.009456870596892167,0.020207730214067875,1.6579468323470724e-07,0.0,0.0,0.0,0.0,0.0,0.0,0.0
5.233333333333333,0.0,0.04864584156107675,0.019128906817249706,3.282103921117745e-05,0.009380874997604498,0.02010309319055905,1.4551645231666336e-07,0.0,0.0,0.0,0.0,0.0,0.0,0.0
5.25,0.0,0.048364430654179974,0.01902943175130047,3.078832743166421e-05,0.009305469198863433,0.01999861368539687,1.276911875396768e-07,0.0,0.0,0.0,0.0,0.0,0.0,0.0
5.266666666666667,0.0,0.04808408057013708,0.018930141012871472,2.887891889254245e-05,0.009230649079724864,0.019894299532797054,1.1202585114202125e-07,0.0,0.0,0.0,0.0,0.0,0.0,0.0
5.283333333333333,0.0,0.0478047935188634,0.018831040835114037,2.708552590018719e-05,0.009156410535931385,0.019790158360002655,9.826191513605935e-08,0.0,0.0,0.0,0.0,0.0,0.0,0.0
5.3,0.0,0.04752657180913331,0.018732137288493066,2.5401277233033025e-05,0.009082749480256017,0.019686197591787056,8.61713641417128e-08,0.0,0.0,0.0,0.0,0.0,0.0,0.0
5.316666666666666,0.0,0.047249417830343594,0.018633436284106627,2.381969540787543e-05,0.009009661842827008,0.019582424454849864,7.555315222170662e-08,0.0,0.0,0.0,0.0,0.0,0.0,0.0
5.333333333333333,0.0,0.04697333403564687,0.01853494357693364,2.2334675106424726e-05,0.008937143571434525,0.019478845982108927,6.623006335555839e-08,0.0,0.0,0.0,0.0,0.0,0.0,0.0
5.35,0.0,0.0466983229263626,0.018436664769011575,2.094046270913256e-05,0.008865190631819987,0.019375469016891286,5.804593061504399e-08,0.0,0.0,0.0,0.0,0.0,0.0,0.0
5.366666666666666,0.0,0.04642438703757974,0.01833860531254581,1.963163688522911e-05,0.008793799007948752,0.01927230021702599,5.086317396672366e-08,0.0,0.0,0.0,0.0,0.0,0.0,0.0
5.383333333333334,0.0,0.04615152892487162,0.018240770512952552,1.84030901897999e-05,0.008722964702266857,0.019169346058841432,4.4560620982491914e-08,0.0,0.0,0.0,0.0,0.0,0.0,0.0
5.4,0.0,0.045879751152048606,0.018143165531836904,1.725001162059512e-05,0.008652683735942484,0.01906661284106999,3.903157863748925e-08,0.0,0.0,0.0,0.0,0.0,0.0,0.0
5.416666666666667,0.0,0.04560905627987963,0.018045795389907613,1.6167870089090057e-05,0.008582952149092712,0.01896410668866235,3.418212786181422e-08,0.0,0.0,0.0,0.0,0.0,0.0,0.0
5.433333333333334,0.0,0.0453394468557185,0.017948664969830292,1.5152398762110602e-05,0.008513766000996272,0.018861833556514197,2.99296156297972e-08,0.0,0.0,0.0,0.0,0.0,0.0,0.0
5.45,0.0,0.045070925403974976,0.017851779019020443,1.4199580232085719e-05,0.008445121370292788,0.018759799233107503,2.6201322155661965e-08,0.0,0.0,0.0,0.0,0.0,0.0,0.0
5.466666666666667,0.0,0.0448034944173747,0.017755142152377862,1.3305632475701809e-05,0.008377014355169079,0.018658009344068808,2.293328325120843e-08,0.0,0.0,0.0,0.0,0.0,0.0,0.0
5.483333333333333,0.0,0.04453715634895612,0.017658758854963826,1.2466995562399158e-05,0.008309441073533057,0.018556469355646723,2.0069250120365343e-08,0.0,0.0,0.0,0.0,0.0,0.0,0.0
5.5,0.0,0.04427191360475564,0.01756263348462247,1.1680319075772531e-05,0.008242397663175763,0.018455184578110784,1.755977084478581e-08,0.0,0.0,0.0,0.0,0.0,0.0,0.0
5.516666666666667,0.0,0.04400776853713561,0.017466770274547728,1.0942450212513247e-05,0.008175880281921937,0.018354160169073853,1.5361379579087904e-08,0.0,0.0,0.0,0.0,0.0,0.0,0.0
5.533333333333333,0.0,0.0437447234387128,0.017371173335797102,1.0250422525058639e-05,0.008109885107769657,0.01825340113673993,1.3435881046368032e-08,0.0,0.0,0.0,0.0,0.0,0.0,0.0
5.55,0.0,0.04348278053684746,0.017275846659753544,9.601445275595779e-06,0.008044408339019489,0.01815291234307951,1.1749719324510046e-08,0.0,0.0,0.0,0.0,0.0,0.0,0.0
5.566666666666666,0.0,0.043221941988656205,0.01718079412053678,8.992893370499805e-06,0.007979446194393502,0.018052698506934264,1.0273421159801718e-08,0.0,0.0,0.0,0.0,0.0,0.0,0.0
5.583333333333333,0.0,0.042962209876513564,0.017086019477365103,8.42229784567309e-06,0.007914994913144666,0.01795276420705297,8.981105152827109e-09,0.0,0.0,0.0,0.0,0.0,0.0,0.0
5.6,0.0,0.042703586204010054,0.016991526376869008,7.88733687458912e-06,0.007851050755156921,0.01785311388506039,7.850049147245162e-09,0.0,0.0,0.0,0.0,0.0,0.0,0.0
5.616666666666666,0.0,0.04244607289233606,0.0168973183553576,7.385827272136588e-06,0.007787610001036358,0.01775375184836094,6.860309028088971e-09,0.0,0.0,0.0,0.0,0.0,0.0,0.0
5.633333333333334,0.0,0.042189671777063044,0.016803398841039048,6.915716468602772e-06,0.007724668952193842,0.01765468227297864,5.994382914460421e-09,0.0,0.0,0.0,0.0,0.0,0.0,0.0
5.65,-0.004680851,0.04193438460529552,0.016709771156196106,6.475074929333811e-06,0.007662223930919417,0.01755590920633524,5.236915422564483e-09,0.0,0.0,0.0,0.0,0.0,0.0,0.0
5.666666666666667,-0.004680851,0.04168021303316829,0.016616438519317628,6.062088996761439e-06,0.007600271280448864,0.017457436569967746,4.5744372884151715e-09,0.0,0.0,0.0,0.0,0.0,0.0,0.0
5.683333333333334,-0.004680851,0.04142715862366593,0.016523404047187256,5.675054132594475e-06,0.00753880736502265,0.017359268162187243,3.99513618376026e-09,0.0,0.0,0.0,0.0,0.0,0.0,0.0
5.7,-0.004680851,0.041175222844742156,0.016430670756930214,5.312368539036875e-06,0.007477828569937682,0.01726140766068018,3.4886550414037156e-09,0.0,0.0,0.0,0.0,0.0,0.0,0.0
5.716666666666667,-0.004680851,0.040924407067718396,0.016338241568019083,4.972527138915883e-06,0.007417331301592048,0.01716385862505372,3.045914633956319e-09,0.0,0.0,0.0,0.0,0.0,0.0,0.0
5.733333333333333,-0.004680851,0.04067471256594237,0.016246119304239616,4.6541158955836275e-06,0.007357311987523103,0.01706662449932654,2.658957529175654e-09,0.0,0.0,0.0,0.0,0.0,0.0,0.0
5.75,-0.004680851,0.04042614051368811,0.016154306695617376,4.3558064543938625e-06,0.007297767076439142,0.01696970861436631,2.3208108808863225e-09,0.0,0.0,0.0,0.0,0.0,0.0,0.0
5.766666666666667,-0.004680851,0.04017869198528073,0.0160628063803062,4.076351088455819e-06,0.007238693038244896,0.016873114190275366,2.0253658118301166e-09,0.0,0.0,0.0,0.0,0.0,0.0,0.0
5.783333333333333,-0.004680851,0.039932367954429615,0.015971620906439242,3.814577932226905e-06,0.007180086364061158,0.01677684433872558,1.7672714079913961e-09,0.0,0.0,0.0,0.0,0.0,0.0,0.0
5.8,-0.004680851,0.039687169293755035,0.01588075273394348,3.569386487330582e-06,0.007121943566238711,0.016680902065243936,1.5418415768147505e-09,0.0,0.0,0.0,0.0,0.0,0.0,0.0
5.816666666666666,-0.004680851,0.039443096774494174,0.015790204236318526,3.3397433857721338e-06,0.007064261178366843,0.016585290271449803,1.3449732276992652e-09,0.0,0.0,0.0,0.0,0.0,0.0,0.0
5.833333333333333,-0.004680851,0.03920015106637313,0.015699977702380442,3.1246783964782512e-06,0.007007035755276626,0.016490011757245168,1.173074415259261e-09,0.0,0.0,0.0,0.0,0.0,0.0,0.0
5.85,-0.004680851,0.03895833273763267,0.015610075337971466,2.9232806618040677e-06,0.006950263873039214,0.016395069222958938,1.0230012467947929e-09,0.0,0.0,0.0,0.0,0.0,0.0,0.0
5.866666666666666,-0.004680851,0.03871764225519575,0.015520499267636212,2.7346951513378066e-06,0.006893942128959318,0.016300465271446386,8.920024976235599e-10,0.0,0.0,0.0,0.0,0.0,0.0,0.0
5.883333333333334,-0.004680851,0.038478079984966225,0.01543125153626529,2.5581193209870377e-06,0.006838067141564087,0.016206202410144855,7.776710035308447e-10,0.0,0.0,0.0,0.0,0.0,0.0,0.0
5.9,-0.004680851,0.03823964619224818,0.01534233411070692,2.392799965954677e-06,0.0067826355505875985,0.01611228305308669,6.779010104974774e-10,0.0,0.0,0.0,0.0,0.0,0.0,0.0
5.916666666666667,-0.004680851,0.03800234104227629,0.015253748881347194,2.2380302568074715e-06,0.006727644016951059,0.016018709522870468,5.908507597563237e-10,0.0,0.0,0.0,0.0,0.0,0.0,0.0
5.933333333333334,-0.004680851,0.03776616460084836,0.015165497663659839,2.0931469484065372e-06,0.006673089222739001,0.01592548405259145,5.149096726054034e-10,0.0,0.0,0.0,0.0,0.0,0.0,0.0
5.95,-0.009361702,0.03753111683505135,0.01507758219972594,1.957527752008712e-06,0.0066189678711715645,0.01583260878773226,4.486695756002531e-10,0.0,0.0,0.0,0.0,0.0,0.0,0.0
5.966666666666667,-0.009361702,0.037297197614072956,0.014990004159724445,1.8305888613612194e-06,0.00656527668657304,0.01574008578801464,3.908994739395089e-10,0.0,0.0,0.0,0.0,0.0,0.0,0.0
5.983333333333333,-0.009361702,0.03706440671009163,0.014902765143393901,1.7117826241009936e-06,0.006512012414336872,0.015647917029213317,3.4052344009201764e-10,0.0,0.0,0.0,0.0,0.0,0.0,0.0
6.0,-0.009361702,0.036832743799237434,0.014815866681466157,1.6005953502344075e-06,0.006459171820887189,0.015556104404932616,2.9660123691771383e-10,0.0,0.0,0.0,0.0,0.0,0.0,0.0
6.016666666666667,-0.009361702,0.036602208462617976,0.01472931023707262,1.4965452499154738e-06,0.006406751693637103,0.015464649728347003,2.583113405290718e-10,0.0,0.0,0.0,0.0,0.0,0.0,0.0
6.033333333333333,-0.009361702,0.03637280018740267,0.014643097207123566,1.3991804931601442e-06,0.0063547488409438375,0.015373554733906036,2.2493606865227093e-10,0.0,0.0,0.0,0.0,0.0,0.0,0.0
6.05,-0.009361702,0.03614451836795987,0.014557228923661125,1.308077384533702e-06,0.006303160092060853,0.015282821079004808,1.9584855592040232e-10,0.0,0.0,0.0,0.0,0.0,0.0,0.0
6.066666666666666,-0.009361702,0.03591736230704168,0.014471706655186517,1.2228386462268214e-06,0.006251982297087097,0.015192450345620489,1.7050134893470043e-10,0.0,0.0,0.0,0.0,0.0,0.0,0.0
6.083333333333333,-0.009361702,0.03569133121701104,0.014386531607962001,1.1430918032959102e-06,0.0062012123269135026,0.015102444041915818,1.4841642156717591e-10,0.0,0.0,0.0,0.0,0.0,0.0,0.0
6.1,-0.009361702,0.03546642422110687,0.014301704927288142,1.068487665184582e-06,0.006150847073166847,0.015012803603810264,1.291764352943657e-10,0.0,0.0,0.0,0.0,0.0,0.0,0.0
6.116666666666666,-0.009361702,0.03524264035474253,0.014217227698756834,9.986988979670605e-07,0.0061008834481510845,0.014923530396519561,1.12417090740692e-10,0.0,0.0,0.0,0.0,0.0,0.0,0.0
6.133333333333334,-0.009361702,0.03501997856683378,0.014133100949480651,9.334186820616762e-07,0.006051318384786283,0.014834625716064356,9.782043541857425e-11,0.0,0.0,0.0,0.0,0.0,0.0,0.0
6.15,-0.009361702,0.0347984377211523,0.014049325649298968,8.723594504537342e-07,0.006002148836545242,0.014746090790748621,8.510900918811358e-11,0.0,0.0,0.0,0.0,0.0,0.0,0.0
6.166666666666667,-0.009361702,0.03457801659770119,0.01396590271196129,8.152517027433173e-07,0.005953371777387924,0.014657926782608506,7.404072349276118e-11,0.0,0.0,0.0,0.0,0.0,0.0,0.0
6.183333333333334,-0.004680851,0.034358713894109424,0.01388283299628838,7.618428905951374e-07,0.005904984201693768,0.014570134788832298,6.440438319825773e-11,0.0,0.0,0.0,0.0,0.0,0.0,0.0
6.2,-0.004680851,0.034140528227041826,0.013800117307311486,7.11896370415524e-07,0.005856983124192023,0.014482715843152128,5.601577108118496e-11,0.0,0.0,0.0,0.0,0.0,0.0,0.0
6.216666666666667,-0.004680851,0.0339234581336219,0.013717756397390245,6.651904193162696e-07,0.00580936557989014,0.014395670917207977,4.871422486704104e-11,0.0,0.0,0.0,0.0,0.0,0.0,0.0
6.233333333333333,-0.004680851,0.033707502072864874,0.013635750967309566,6.215173106474801e-07,0.005762128624000354,0.014309000921884665,4.235964536988734e-11,0.0,0.0,0.0,0.0,0.0,0.0,0.0
6.25,-0.004680851,0.033492658427118426,0.013554101667356048,5.806824455918132e-07,0.005715269331864528,0.014222706708622374,3.682988188105903e-11,0.0,0.0,0.0,0.0,0.0,0.0,0.0
6.266666666666667,-0.004680851,0.03327892550350878,0.013472809098374238,5.425035375117277e-07,0.005668784798877334,0.014136789070701246,3.2018447620719936e-11,0.0,0.0,0.0,0.0,0.0,0.0,0.0
6.283333333333333,-0.009361702,0.033066301535390176,0.013391873812803181,5.068098459296465e-07,0.005622672140407857,0.014051248744500686,2.783252391547213e-11,0.0,0.0,0.0,0.0,0.0,0.0,0.0
6.3,-0.009361702,0.03285478468379561,0.013311296315693655,4.734414571991104e-07,0.005576928491719706,0.013966086410733826,2.4191216896787396e-11,0.0,0.0,0.0,0.0,0.0,0.0,0.0
6.316666666666666,-0.009361702,0.03264437303888702,0.013231077065706457,4.4224860909353977e-07,0.005531551007889681,0.013881302695657755,2.102403501579527e-11,0.0,0.0,0.0,0.0,0.0,0.0,0.0
6.333333333333333,-0.009361702,0.03243506462140348,0.013151216476092133,4.130910566983955e-07,0.005486536863725111,0.013796898172259972,1.8269559616626046e-11,0.0,0.0,0.0,0.0,0.0,0.0,0.0
6.35,-0.009361702,0.0322268573841054,0.013071714915652477,3.8583747714319036e-07,0.005441883253679873,0.013712873361421624,1.5874284270553592e-11,0.0,0.0,0.0,0.0,0.0,0.0,0.0
6.366666666666666,-0.009361702,0.03201974921321391,0.012992572709684288,3.603649108519492e-07,0.005397587391769225,0.013629228733057946,1.379160160595017e-11,0.0,0.0,0.0,0.0,0.0,0.0,0.0
6.383333333333334,-0.009361702,0.03181373792984346,0.012913790140905513,3.3655823712522525e-07,0.005353646511483442,0.013545964707236468,1.1980919026782809e-11,0.0,0.0,0.0,0.0,0.0,0.0,0.0
6.4,-0.009361702,0.031608821291426975,0.0128353674503643,3.143096819936357e-07,0.005310057865700408,0.013463081655273391,1.0406887040939623e-11,0.0,0.0,0.0,0.0,0.0,0.0,0.0
6.416666666666667,-0.009361702,0.031404996993132143,0.01275730483833131,2.935183564028352e-07,0.005266818726597115,0.013380579900808588,9.038725959425676e-12,0.0,0.0,0.0,0.0,0.0,0.0,0.0
6.433333333333334,-0.009361702,0.031202262669267906,0.012679602465175382,2.7408982290298734e-07,0.005223926385560232,0.01329845972085975,7.849638513886941e-12,0.0,0.0,0.0,0.0,0.0,0.0,0.0
6.45,-0.009361702,0.031000615894680374,0.01260226045222322,2.55935689122685e-07,0.005181378153095727,0.013216721346856005,6.8162975041425065e-12,0.0,0.0,0.0,0.0,0.0,0.0,0.0
6.466666666666667,-0.009361702,0.030800054186136995,0.012525278882603061,2.3897322640806043e-07,0.005139171358737615,0.013135364965651514,5.918398956818271e-12,0.0,0.0,0.0,0.0,0.0,0.0,0.0
6.483333333333333,-0.009361702,0.030600575003698654,0.012448657802072945,2.2312501210303068e-07,0.005097303350955912,0.013054390720519421,5.1382724747994175e-12,0.0,0.0,0.0,0.0,0.0,0.0,0.0
6.5,-0.009361702,0.030402175752078566,0.012372397219833608,2.083185940363579e-07,0.005055771497063796,0.012973798712126582,4.46054150615826e-12,0.0,0.0,0.0,0.0,0.0,0.0,0.0
6.516666666666667,-0.009361702,0.030204853781987742,0.012296497109326551,1.9448617586587867e-07,0.005014573183124061,0.012893588999489438,3.871827178991927e-12,0.0,0.0,0.0,0.0,0.0,0.0,0.0
6.533333333333333,-0.009361702,0.030008606391466113,0.012220957409017286,1.815643220101362e-07,0.004973705813854886,0.01281376160091144,3.3604901514677254e-12,0.0,0.0,0.0,0.0,0.0,0.0,0.0
6.55,-0.009361702,0.02981343082719917,0.012145778023164381,1.694936809728973e-07,0.00493316681253499,0.012734316494902418,2.9164056285880114e-12,0.0,0.0,0.0,0.0,0.0,0.0,0.0
6.566666666666666,-0.009361702,0.0296193242858193,0.01207095882257421,1.5821872593706144e-07,0.00489295362090819,0.012655253621080201,2.530767311255094e-12,0.0,0.0,0.0,0.0,0.0,0.0,0.0
6.583333333333333,-0.009361702,0.029426283915191812,0.011996499645342011,1.4768751157132859e-07,0.004853063699087404,0.012576572881054907,2.1959165801092558e-12,0.0,0.0,0.0,0.0,0.0,0.0,0.0
6.6,-0.009361702,0.029234306815684907,0.011922400297579221,1.3785144605608137e-07,0.0048134945254581785,0.012498274139296257,1.9051936859479305e-12,0.0,0.0,0.0,0.0,0.0,0.0,0.0
6.616666666666666,-0.009361702,0.029043390041423728,0.011848660554127652,1.28665077394308e-07,0.004774243596581706,0.012420357223984166,1.6528081287384626e-12,0.0,0.0,0.0,0.0,0.0,0.0,0.0
6.633333333333334,-0.009361702,0.02885353060152779,0.011775280159260375,1.2008589312939102e-07,0.004735308427097461,0.012342821927843101,1.4337257657013368e-12,0.0,0.0,0.0,0.0,0.0,0.0,0.0
6.65,-0.009361702,0.028664725461331985,0.011702258827370027,1.1207413264428585e-07,0.004696686549625407,0.012265668008960335,1.243570502136913e-12,0.0,0.0,0.0,0.0,0.0,0.0,0.0
6.666666666666667,-0.009361702,0.02847697154359058,0.011629596243644303,1.0459261126626099e-07,0.004658375514667852,0.012188895191588616,1.0785386922673852e-12,0.0,0.0,0.0,0.0,0.0,0.0,0.0
6.683333333333334,-0.0140425535,0.028290265729664414,0.011557292064729236,9.760655544813843e-08,0.0046203728905109915,0.012112503166933415,9.353246163350148e-13,0.0,0.0,0.0,0.0,0.0,0.0,0.0
6.7,-0.0140425535,0.028104604860691006,0.011485345919380312,9.108344834097516e-08,0.004582676263126144,0.01203649159392515,8.110556088844186e-13,0.0,0.0,0.0,0.0,0.0,0.0,0.0
6.716666666666667,-0.0140425535,0.027919985738737333,0.011413757409101647,8.49928851145661e-08,0.004545283236070729,0.011960860099976607,7.03235595371067e-13,0.0,0.0,0.0,0.0,0.0,0.0,0.0
6.733333333333333,-0.0140425535,0.027736405127935675,0.011342526108773607,7.930643742114489e-08,0.004508191430389017,0.011885608281725933,6.096959533112412e-13,0.0,0.0,0.0,0.0,0.0,0.0,0.0
6.75,-0.0140425535,0.027553859755601883,0.011271651567268821,7.399752643437043e-08,0.0044713984845126675,0.011810735705765409,5.285527530386112e-13,0.0,0.0,0.0,0.0,0.0,0.0,0.0
6.766666666666667,-0.0140425535,0.027372346313336612,0.011201133308057056,6.904130393020358e-08,0.0044349020541610985,0.011736241909356357,4.581695543106183e-13,0.0,0.0,0.0,0.0,0.0,0.0,0.0
6.783333333333333,-0.0140425535,0.02719186145810908,0.011130970829798994,6.441454090878772e-08,0.004398699812241697,0.011662126401130356,3.971250407475221e-13,0.0,0.0,0.0,0.0,0.0,0.0,0.0
6.8,-0.009361702,0.027012401813323785,0.011061163606929231,6.009552328699031e-08,0.0043627894487499345,0.011588388661777143,3.441848663407196e-13,0.0,0.0,0.0,0.0,0.0,0.0,0.0
6.816666666666666,-0.0140425535,0.026833963969869753,0.010991711090228552,5.6063954220025513e-08,0.004327168670669328,0.011515028144719372,2.982771687427066e-13,0.0,0.0,0.0,0.0,0.0,0.0,0.0
6.833333333333333,-0.0140425535,0.026656544487152944,0.01092261270738588,5.230086263759529e-08,0.004291835201871411,0.011442044276774546,2.5847127424225625e-13,0.0,0.0,0.0,0.0,0.0,0.0,0.0
6.85,-0.0140425535,0.026480139894111313,0.010853867863549842,4.87885176054189e-08,0.004256786783015558,0.011369436458804344,2.2395918054002212e-13,0.0,0.0,0.0,0.0,0.0,0.0,0.0
6.866666666666666,-0.0140425535,0.02630474669021302,0.010785475941870412,4.5510348146910685e-08,0.004222021171448863,0.011297204066351558,1.940394568131602e-13,0.0,0.0,0.0,0.0,0.0,0.0,0.0
6.883333333333334,-0.0140425535,0.026130361346437734,0.010717436304030542,4.245086818223342e-08,0.004187536141105959,0.01122534645026495,1.6810324708948605e-13,0.0,0.0,0.0,0.0,0.0,0.0,0.0
6.9,-0.0140425535,0.02595698030624115,0.010649748290768191,3.9595606263077594e-08,0.004153329482408879,0.011153862937312197,1.456221035134197e-13,0.0,0.0,0.0,0.0,0.0,0.0,0.0
6.916666666666667,-0.0140425535,0.025784599986502885,0.0105824112223888,3.6931039801350956e-08,0.0041193990021669395,0.011082752830781206,1.2613741143844543e-13,0.0,0.0,0.0,0.0,0.0,0.0,0.0
6.933333333333334,-0.018723404,0.025613216778457768,0.010515424399268378,3.4444533508627034e-08,0.004085742523476673,0.011012015411069956,1.0925119908892489e-13,0.0,0.0,0.0,0.0,0.0,0.0,0.0
6.95,-0.028085107,0.02544282704861086,0.01044878710234747,3.212428178070966e-08,0.004052357885621847,0.010941649936265143,9.461815137804333e-14,0.0,0.0,0.0,0.0,0.0,0.0,0.0
6.966666666666667,-0.037446808,0.02527342713963617,0.010382498593616058,2.995925477814513e-08,0.004019242943973551,0.010871655642709843,8.193867085560062e-14,0.0,0.0,0.0,0.0,0.0,0.0,0.0
6.983333333333333,-0.074893616,0.025105013371259356,0.010316558116589651,2.7939147968968565e-08,0.003986395569890427,0.010802031745560355,7.095284913154001e-14,0.0,0.0,0.0,0.0,0.0,0.0,0.0
7.0,-0.15914893,0.02493758204112442,0.010250964896776623,2.6054334914504306e-08,0.00395381365061897,0.01073277743933248,6.143522986492119e-14,0.0,0.0,0.0,0.0,0.0,0.0,0.0
7.016666666666667,-0.35106382,0.024771129425644803,0.010185718142137113,2.4295823092674336e-08,0.003921495089194027,0.010663891898437384,5.3190259860459596e-14,0.0,0.0,0.0,0.0,0.0,0.0,0.0
7.033333333333333,-0.73957443,0.024605651780838688,0.01012081704353337,2.265521256608555e-08,0.0038894378043393923,0.01059537427770731,4.604833827000087e-14,0.0,0.0,0.0,0.0,0.0,0.0,0.0
7.05,-1.446383,0.024441145343149163,0.010056260775172092,2.1124657314188434e-08,0.0038576397303686366,0.010527223712911257,3.986238561094141e-14,0.0,0.0,0.0,0.0,0.0,0.0,0.0
7.066666666666666,-2.5978723,0.024277606330248964,0.009992048495038462,1.9696829060097645e-08,0.0038260988170860416,0.010459439321260899,3.450486451151969e-14,0.0,0.0,0.0,0.0,0.0,0.0,0.0
7.083333333333333,-4.2502127,0.02411503094183031,0.00992817934532237,1.8364883433262073e-08,0.003794813029687816,0.010392020201906828,2.9865192969360186e-14,0.0,0.0,0.0,0.0,0.0,0.0,0.0
7.1,-6.3706384,0.023953415360379777,0.00986465245283679,1.7122428319123088e-08,0.003763780348663447,0.010324965436425373,2.5847498634883714e-14,0.0,0.0,0.0,0.0,0.0,0.0,0.0
7.116666666666666,-8.785957,0.02379275575193866,0.00980146692942852,1.596349425624071e-08,0.003732998769697341,0.010258274089296176,2.236866935371486e-14,0.0,0.0,0.0,0.0,0.0,0.0,0.0
7.133333333333334,-11.229362,0.023633048266848717,0.00973862187238132,1.4882506750127716e-08,0.0037024663035706297,0.010191945208370664,1.9356661051429535e-14,0.0,0.0,0.0,0.0,0.0,0.0,0.0
7.15,-13.410638,0.023474289040483765,0.009676116364811771,1.387426038126004e-08,0.003672180976063293,0.010125977825331568,1.6749029132728248e-14,0.0,0.0,0.0,0.0,0.0,0.0,0.0
7.166666666666667,-15.053617,0.023316474193967106,0.009613949476057785,1.2933894592443132e-08,0.0036421408278564976,0.010060370956143741,1.449165399373889e-14,0.0,0.0,0.0,0.0,0.0,0.0,0.0
7.183333333333334,-15.994468,0.023159599834875106,0.009552120262059989,1.2056871047958078e-08,0.003612343914435197,0.009995123601496333,1.2537635096331279e-14,0.0,0.0,0.0,0.0,0.0,0.0,0.0
7.2,-16.209787,0.02300366205792709,0.009490627765736174,1.1238952463697293e-08,0.0035827883059910554,0.009930234747236553,1.0846331401740106e-14,0.0,0.0,0.0,0.0,0.0,0.0,0.0
7.216666666666667,-15.774467,0.022848656945661707,0.009429471017348713,1.0476182813873309e-08,0.0035534720873256027,0.009865703364795197,9.382528872492817e-15,0.0,0.0,0.0,0.0,0.0,0.0,0.0
7.233333333333333,-14.828936,0.02269458056910005,0.009368649034865405,9.764868825854947e-09,0.003524393357753754,0.009801528411603951,8.115718283293455e-15,0.0,0.0,0.0,0.0,0.0,0.0,0.0
7.25,-13.537021,0.02254142898839559,0.009308160824313504,9.10156268029078e-09,0.0034955502310075586,0.009737708831504828,7.019468782467364e-15,0.0,0.0,0.0,0.0,0.0,0.0,0.0
7.266666666666667,-12.048511,0.022389198253471278,0.009248005380127319,8.483045838930698e-09,0.003466940835140344,0.009674243555151703,6.070884558816253e-15,0.0,0.0,0.0,0.0,0.0,0.0,0.0
7.283333333333333,-10.499148,0.022237884404643887,0.009188181685489363,7.906313927484747e-09,0.0034385633124311248,0.009611131500404222,5.250133631684465e-15,0.0,0.0,0.0,0.0,0.0,0.0,0.0
7.3,-8.987234,0.022087483473235876,0.009128688712665221,7.368562605475423e-09,0.0034104158192893807,0.009548371572714124,4.540039227280394e-15,0.0,0.0,0.0,0.0,0.0,0.0,0.0
7.316666666666666,-7.573617,0.021937991482174804,0.009069525423332185,6.86717435936945e-09,0.0033824965261601424,0.009485962665504192,3.925725460197538e-15,0.0,0.0,0.0,0.0,0.0,0.0,0.0
7.333333333333333,-6.2957444,0.021789404446580826,0.009010690768901885,6.399706159334526e-09,0.00335480361742947,0.009423903660539917,3.39431013031996e-15,0.0,0.0,0.0,0.0,0.0,0.0,0.0
7.35,-5.181702,0.021641718374341964,0.008952183690836819,5.963877923769091e-09,0.003327335291330237,0.009362193428294049,2.9346383933679515e-15,0.0,0.0,0.0,0.0,0.0,0.0,0.0
7.366666666666666,-4.240851,0.021494929266677894,0.00889400312096117,5.557561739320132e-09,0.003300089759848316,0.009300830828304133,2.537051886933613e-15,0.0,0.0,0.0,0.0,0.0,0.0,0.0
7.383333333333334,-3.459149,0.021349033118691935,0.008836147981765697,5.178771787443637e-09,0.0032730652486290908,0.009239814709523167,2.1931886092420083e-15,0.0,0.0,0.0,0.0,0.0,0.0,0.0
7.4,-2.8225532,0.02120402591991179,0.00877861718670705,4.82565493169478e-09,0.0032462599968843954,0.00917914391066352,1.895809469202188e-15,0.0,0.0,0.0,0.0,0.0,0.0,0.0
7.416666666666667,-2.3170211,0.021059903654819065,0.008721409640501504,4.4964819228669224e-09,0.0032196722572997833,0.009118817260534217,1.6386479658951695e-15,0.0,0.0,0.0,0.0,0.0,0.0,0.0
7.433333333333334,-1.9097872,0.020916662303367695,0.008664524239413163,4.189639181848837e-09,0.0031933002959422005,0.009058833578371735,1.416279924188485e-15,0.0,0.0,0.0,0.0,0.0,0.0,0.0
7.45,-1.5914893,0.020774297841491634,0.008607959871536853,3.903621122642791e-09,0.003167142392168063,0.00899919167416437,1.2240106199812709e-15,0.0,0.0,0.0,0.0,0.0,0.0,0.0
7.466666666666667,-1.3387234,0.020632806241601808,0.008551715417075688,3.6370229803996994e-09,0.003141196838531704,0.008939890348970378,1.0577769817665206e-15,0.0,0.0,0.0,0.0,0.0,0.0,0.0
7.483333333333333,-1.1374468,0.020492183473072623,0.00849578974861343,3.3885341115857875e-09,0.0031154619406942455,0.008880928395229927,9.140628617882003e-16,0.0,0.0,0.0,0.0,0.0,0.0,0.0
7.5,-0.9829787,0.020352425502718187,0.008440181731381778,3.156931735512277e-09,0.0030899360173328437,0.008822304597071038,7.898256361893365e-16,0.0,0.0,0.0,0.0,0.0,0.0,0.0
7.516666666666667,-0.85659575,0.02021352829525833,0.008384890223522639,2.941075088440938e-09,0.0030646174000503942,0.008764017730609523,6.8243262451408865e-16,0.0,0.0,0.0,0.0,0.0,0.0,0.0
7.533333333333333,-0.7489362,0.02007548781377469,0.008329914076345389,2.7398999633344327e-09,0.0030395044332855803,0.008706066564243168,5.89606019365052e-16,0.0,0.0,0.0,0.0,0.0,0.0,0.0
7.55,-0.66468084,0.0199383000201571,0.00827525213457943,2.5524136100586418e-09,0.0030145954742234107,0.008648449858940142,5.093751909451553e-16,0.0,0.0,0.0,0.0,0.0,0.0,0.0
7.566666666666666,-0.59446806,0.01980196087554015,0.008220903236621826,2.377689972470859e-09,0.002989888892706115,0.008591166368521795,4.4003538212363386e-16,0.0,0.0,0.0,0.0,0.0,0.0,0.0
7.583333333333333,-0.533617,0.019666466340730486,0.008166866214780386,2.2148652403519473e-09,0.002965383071144521,0.008534214839939958,3.8011194059090526e-16,0.0,0.0,0.0,0.0,0.0,0.0,0.0
7.6,-0.4774468,0.019531812376624654,0.008113139895512064,2.063133695566279e-09,0.0029410764044297986,0.00847759401354877,3.2832934824417136e-16,0.0,0.0,0.0,0.0,0.0,0.0,0.0
7.616666666666666,-0.43063828,0.019397994944617927,0.008059723099656888,1.9217438331690595e-09,0.0029169672998456933,0.008421302623371228,2.8358440646343816e-16,0.0,0.0,0.0,0.0,0.0,0.0,0.0
7.633333333333334,-0.3931915,0.019265010007004018,0.008006614642667395,1.7899947394299925e-09,0.002893054176981143,0.008365339397360493,2.449230213852238e-16,0.0,0.0,0.0,0.0,0.0,0.0,0.0
7.65,-0.3557447,0.01913285352736612,0.007953813334833764,1.667232709912596e-09,0.002869335467643367,0.008309703057656069,2.1152010738592e-16,0.0,0.0,0.0,0.0,0.0,0.0,0.0
7.666666666666667,-0.31829786,0.01900152147095915,0.007901317981504593,1.5528480918428145e-09,0.0028458096157713744,0.008254392320834908,1.8266219124812386e-16,0.0,0.0,0.0,0.0,0.0,0.0,0.0
7.683333333333334,-0.29021275,0.018871009805083463,0.007849127383303478,1.4462723360258282e-09,0.002822475077349907,0.008199405898157586,1.577323552041697e-16,0.0,0.0,0.0,0.0,0.0,0.0,0.0
7.7,-0.26212767,0.018741314499450348,0.007797240336341475,1.3469752445283882e-09,0.0027993303203238595,0.008144742495809633,1.3619720536185351e-16,0.0,0.0,0.0,0.0,0.0,0.0,0.0
7.716666666666667,-0.2387234,0.018612431526539047,0.007745655632425415,1.2544624012414308e-09,0.00277637382451309,0.008090400815138026,1.1759559390007636e-16,0.0,0.0,0.0,0.0,0.0,0.0,0.0
7.733333333333333,-0.22,0.018484356861945998,0.007694372059262311,1.1682727732773786e-09,0.0027536040815277336,0.008036379552883078,1.0152885972862862e-16,0.0,0.0,0.0,0.0,0.0,0.0,0.0
7.75,-0.19659574,0.01835708648472582,0.007643388400659717,1.0879764719417519e-09,0.0027310195946839227,0.007982677401405621,8.765238377648643e-17,0.0,0.0,0.0,0.0,0.0,0.0,0.0
7.766666666666667,-0.18255319,0.018230616377724752,0.007592703436722307,1.0131726627538704e-09,0.002708618878919985,0.00792929304890972,7.56682823485641e-17,0.0,0.0,0.0,0.0,0.0,0.0,0.0
7.783333333333333,-0.16851063,0.018104942527906284,0.007542315944044593,9.434876146785767e-10,0.0026864004607130634,0.007876225179660945,6.53190856289509e-17,0.0,0.0,0.0,0.0,0.0,0.0,0.0
7.8,-0.15446809,0.01798006092666936,0.007492224695899936,8.785728793742469e-10,0.002664362877996229,0.007823472474200257,5.638226889265265e-17,0.0,0.0,0.0,0.0,0.0,0.0,0.0
7.816666666666666,-0.14510638,0.017855967570159066,0.007442428462425838,8.181035918635982e-10,0.002642504680076004,0.007771033609553582,4.8665521737046836e-17,0.0,0.0,0.0,0.0,0.0,0.0,0.0
7.833333333333333,-0.14042553,0.017732658459570227,0.007392926010805693,7.617768845965921e-10,0.002620824427550379,0.007718907259437229,4.200265602255719e-17,0.0,0.0,0.0,0.0,0.0,0.0,0.0
7.85,-0.13106383,0.01761012960144368,0.007343716105446882,7.093104074007628e-10,0.0025993206922272495,0.007667092094459109,3.6250066535003474e-17,0.0,0.0,0.0,0.0,0.0,0.0,0.0
7.866666666666666,-0.12638298,0.01748837700795577,0.0072947975081554955,6.604409463063724e-10,0.0025779920570433486,0.0076155867823159504,3.1283669923461127e-17,0.0,0.0,0.0,0.0,0.0,0.0,0.0
7.883333333333334,-0.12170213,0.017367396697200714,0.007246168978307507,6.149231346940218e-10,0.0025568371159835927,0.00756438998798645,2.6996257464679523e-17,0.0,0.0,0.0,0.0,0.0,0.0,0.0
7.9,-0.11702128,0.017247184693466446,0.007197829273016668,5.725282506424896e-10,0.0025358544740009302,0.007513500373920573,2.329520586407944e-17,0.0,0.0,0.0,0.0,0.0,0.0,0.0
7.916666666666667,-0.11234043,0.01712773702750371,0.007149777147299032,5.330430947569878e-10,0.0025150427469366157,0.007462916600224947,2.0100497802580317e-17,0.0,0.0,0.0,0.0,0.0,0.0,0.0
7.933333333333334,-0.10765957,0.017009049736788625,0.007102011354234221,4.962689431341024e-10,0.002494400561440954,0.00741263732484449,1.734301043285485e-17,0.0,0.0,0.0,0.0,0.0,0.0,0.0
7.95,-0.10297872,0.01689111886577895,0.007054530645123518,4.6202057047141993e-10,0.0024739265548945097,0.007362661203740336,1.496303565223668e-17,0.0,0.0,0.0,0.0,0.0,0.0,0.0
7.966666666666667,-0.10765957,0.016773940466163966,0.007007333769644766,4.3012533865850797e-10,0.0024536193753297614,0.007312986891064086,1.2909000848813935e-17,0.0,0.0,0.0,0.0,0.0,0.0,0.0
7.983333333333333,-0.10765957,0.01665751059710829,0.00696041947600422,4.0042234649335745e-10,0.0024334776813532367,0.0072636130393284775,1.113636303304883e-17,0.0,0.0,0.0,0.0,0.0,0.0,0.0
8.0,-0.10297872,0.01654182532548955,0.0069137865110853,3.7276163645555463e-10,0.0024135001420680794,0.0072145382995745235,9.606652917017105e-18,0.0,0.0,0.0,0.0,0.0,0.0,0.0
8.016666666666667,-0.10297872,0.016426880726130192,0.006867433620594404,3.470034547360696e-10,0.0023936854369971017,0.007165761321535225,8.286648662810653e-18,0.0,0.0,0.0,0.0,0.0,0.0,0.0
8.033333333333333,-0.09361702,0.016312672882023423,0.006821359549203737,3.2301756097442644e-10,0.002374032256006281,0.0071172807537958375,7.14766175645549e-18,0.0,0.0,0.0,0.0,0.0,0.0,0.0
8.05,-0.084255315,0.016199197884553377,0.006775563040691262,3.0068258438862696e-10,0.0023545392992287166,0.007069095243950806,6.164919830761516e-18,0.0,0.0,0.0,0.0,0.0,0.0,0.0
8.066666666666666,-0.074893616,0.016086451833709773,0.0067300428380778375,2.798854232024126e-10,0.002335205276989054,0.00702120343875745,5.3170333091358606e-18,0.0,0.0,0.0,0.0,0.0,0.0,0.0
8.083333333333334,-0.06553192,0.0159744308382969,0.006684797683761489,2.6052068447919747e-10,0.002316028909728348,0.006973603984286373,4.585534515264816e-18,0.0,0.0,0.0,0.0,0.0,0.0,0.0
8.1,-0.05148936,0.01586313101613739,0.006639826319649029,2.4249016166357224e-10,0.0022970089279294157,0.006926295526068778,3.954479427713555e-18,0.0,0.0,0.0,0.0,0.0,0.0,0.0
8.116666666666667,-0.037446808,0.015752548494270414,0.006595127487284883,2.2570234730995613e-10,0.0022781440720426086,0.006879276709240572,3.4101035859405904e-18,0.0,0.0,0.0,0.0,0.0,0.0,0.0
8.133333333333333,-0.023404256,0.015642679409144915,0.006550699927977332,2.1007197864526371e-10,0.0022594330924120736,0.006832546178683526,2.9405248027598495e-18,0.0,0.0,0.0,0.0,0.0,0.0,0.0
8.15,-0.009361702,0.015533519906807468,0.006506542382922092,1.9551961376841842e-10,0.0022408747492024456,0.006786102579163315,2.5354863319302607e-18,0.0,0.0,0.0,0.0,0.0,0.0,0.0
8.166666666666666,0.004680851,0.01542506614308538,0.006462653593323379,1.8197123643556788e-10,0.0022224678123260217,0.006739944555464741,2.1861349991546956e-18,0.0,0.0,0.0,0.0,0.0,0.0,0.0
8.183333333333334,0.018723404,0.01531731428376456,0.006419032300512399,1.6935788751598048e-10,0.0022042110613703543,0.006694070752523917,1.8848295483428924e-18,0.0,0.0,0.0,0.0,0.0,0.0,0.0
8.2,0.028085107,0.04784716630423219,0.006375677246063412,1.576153213310312e-10,0.002186103285526333,0.006648479815557728,1.6249750981652304e-18,0.032636905799469394,0.0,0.0,0.0,0.0,0.0,0.0
8.216666666666667,0.037446808,0.05069180153169188,0.006332587171907301,1.4668368520747027e-10,0.002168143283516697,0.006603170390190397,1.4008801602029286e-18,0.0355879005393938,0.0,0.0,0.0,0.0,0.0,0.0
8.233333333333333,0.042127658,0.049301809888408765,0.00628976082044281,1.3650722068734886e-10,0.0021503298635250113,0.006558141122577401,1.2076331511009407e-18,0.034303577945356316,0.0,0.0,0.0,0.0,0.0,0.0
8.25,0.04680851,0.04787169051875755,0.00624719693464537,1.2703398494060827e-10,0.0021326618431250738,0.006513390659526581,1.0409957471761316e-18,0.03297844095442654,0.0,0.0,0.0,0.0,0.0,0.0
8.266666666666667,0.04680851,0.04645919925696561,0.006204894258173637,1.182155910233216e-10,0.0021151380492108077,0.0064689176486166945,8.973107897034697e-19,0.031670249182748876,0.0,0.0,0.0,0.0,0.0,0.0
8.283333333333333,0.042127658,0.04508127594677433,0.006162851535473773,1.1000696571498971e-10,0.002097757317926567,0.006424720738313317,7.734227601830451e-19,0.030395946245053703,0.0,0.0,0.0,0.0,0.0,0.0
8.3,0.037446808,0.04374437679480972,0.0061210675118814235,1.023661237528316e-10,0.0020805184945979008,0.006380798578082165,6.666091138563635e-19,0.02916199210788211,0.0,0.0,0.0,0.0,0.0,0.0
8.316666666666666,0.03276596,0.042451012104379085,0.006079540933721594,9.525395735993005e-11,0.0020634204336627765,0.006337149818499987,5.745209922746042e-19,0.027970900823240774,0.0,0.0,0.0,0.0,0.0,0.0
8.333333333333334,0.028085107,0.041201889016023605,0.00603827054840627,8.86340400377342e-11,0.0020464619986032286,0.006293773111362874,4.951320367468637e-19,0.02682338326901719,0.0,0.0,0.0,0.0,0.0,0.0
8.35,0.023404256,0.03999679084796828,0.005997255104529975,8.247244366228732e-11,0.0020296420618774644,0.0062506671097922436,4.266941982716768e-19,0.025719226489296157,0.0,0.0,0.0,0.0,0.0,0.0
8.366666666666667,0.0140425535,0.03883499392097682,0.005956493351963202,7.673756798772647e-11,0.002012959504852401,0.006207830468338368,3.6769958976241923e-19,0.024657710519085278,0.0,0.0,0.0,0.0,0.0,0.0
8.383333333333333,0.004680851,0.03771548606962749,0.005915984041943838,7.139998172064152e-11,0.0019964132177366614,0.006165261843081635,3.1684755620679044e-19,0.02363782689546538,0.0,0.0,0.0,0.0,0.0,0.0
8.4,0.0,0.03663708995675747,0.005875725927166501,6.643227438482465e-11,0.00198000209951398,0.00612295989173141,2.7301625060776728e-19,0.0226584019719133,0.0,0.0,0.0,0.0,0.0,0.0
8.416666666666666,-0.009361702,0.03559853662681607,0.005835717761869968,6.180891824827131e-11,0.0019637250578770837,0.006080923273722751,2.352381005255679e-19,0.021718170471537353,0.0,0.0,0.0,0.0,0.0,0.0
8.433333333333334,-0.0140425535,0.03459851125549123,0.005795958301922596,5.7506139633050155e-11,0.0019475810091619673,0.006039150650310804,2.0267863383920426e-19,0.020815821236589725,0.0,0.0,0.0,0.0,0.0,0.0
8.45,-0.018723404,0.033635682510498324,0.00575644630490586,5.3501798974262664e-11,0.0019315688782826485,0.0059976406846631,1.7461820475824807e-19,0.019950026589144913,0.0,0.0,0.0,0.0,0.0,0.0
8.466666666666667,-0.018723404,0.03270872182033632,0.005717180530195987,4.977527903679688e-11,0.0019156875986663141,0.0059563920419496525,1.504362236827868e-19,0.019119461599749095,0.0,0.0,0.0,0.0,0.0,0.0
8.483333333333333,-0.018723404,0.031816316199666975,0.0056781597390437545,4.6307380738312114e-11,0.0018999361121889336,0.005915403389430986,1.2959754856825352e-19,0.018322816912695924,0.0,0.0,0.0,0.0,0.0,0.0
8.5,-0.023404256,0.030957176835017183,0.005639382694652445,4.308022606390952e-11,0.0018843133691112694,0.005874673396544066,1.1164074215530103e-19,0.017558807331629175,0.0,0.0,0.0,0.0,0.0,0.0
8.516666666666667,-0.023404256,0.030130044809764597,0.005600848162254055,4.0077167592544536e-11,0.0018688183280153538,0.00583420073498624,9.61679397720743e-20,0.016826177544431782,0.0,0.0,0.0,0.0,0.0,0.0
8.533333333333333,-0.028085107,0.029333694858038016,0.005562554909183693,3.728270418749726e-11,0.0018534499557413564,0.005793984078797167,8.283610726955926e-20,0.016123705877033098,0.0,0.0,0.0,0.0,0.0,0.0
8.55,-0.028085107,0.02856693773692382,0.005524501704952272,3.4682402433336885e-11,0.0018382072273248925,0.0057540221044387494,7.134949875684382e-20,0.015450206665525506,0.0,0.0,0.0,0.0,0.0,0.0
8.566666666666666,-0.028085107,0.027828621616627656,0.00548668732131753,3.226282342993099e-11,0.0018230891259347708,0.00571431349087322,6.145314980682616e-20,0.014804531646239313,0.0,0.0,0.0,0.0,0.0,0.0
8.583333333333334,-0.03276596,0.027117632765159577,0.005449110532353318,3.0011454580261326e-11,0.0018080946428111221,0.005674856919639255,5.2927264261963636e-20,0.014185570640344427,0.0,0.0,0.0,0.0,0.0,0.0
8.6,-0.03276596,0.026432895722405564,0.005411770114517323,2.7916646033303498e-11,0.001793222777203997,0.0056356510749263145,4.5582372166183804e-20,0.013592251727841282,0.0,0.0,0.0,0.0,0.0,0.0
8.616666666666667,-0.03276596,0.025773373103057315,0.005374664846717109,2.596755146604243e-11,0.001778472536312338,0.005596694643647069,3.9255153099490336e-20,0.013023541050413246,0.0,0.0,0.0,0.0,0.0,0.0
8.633333333333333,-0.037446808,0.025138065129627213,0.005337793510374616,2.415407291002418e-11,0.0017638429352234053,0.005557986315508125,3.380483365648201e-20,0.012478442344366994,0.0,0.0,0.0,0.0,0.0,0.0
8.65,-0.037446808,0.02452600896990506,0.005301154889489088,2.246680934770587e-11,0.0017493329968525809,0.00551952478307891,2.9110080299929714e-20,0.011955996278017673,0.0,0.0,0.0,0.0,0.0,0.0
8.666666666666666,-0.037446808,0.023936277934058236,0.005264747770698466,2.0897008822431703e-11,0.0017349417518836203,0.005481308741858904,2.5066319604875836e-20,0.011455279648720236,0.0,0.0,0.0,0.0,0.0,0.0
8.683333333333334,-0.037446808,0.023367980572717988,0.005228570943339274,1.9436523823150617e-11,0.0017206682387092866,0.00544333689034311,2.158342721967099e-20,0.010975404480889796,0.0,0.0,0.0,0.0,0.0,0.0
8.7,-0.042127658,0.02282025970725344,0.005192623199505053,1.8077769721149557e-11,0.0017065115033724158,0.005405607930085908,1.8583734908915228e-20,0.010515517056212294,0.0,0.0,0.0,0.0,0.0,0.0
8.716666666666667,-0.042127658,0.02229229141591637,0.0051569033341032815,1.6813686051123584e-11,0.0016924705995073682,0.0053681205657632215,1.600031198278976e-20,0.010074796899728811,0.0,0.0,0.0,0.0,0.0,0.0
8.733333333333333,-0.042127658,0.02178328399391976,0.005121410144910954,1.5637700442960993e-11,0.001678544588281907,0.005330873505233135,1.3775483407786476e-20,0.009652455739856064,0.0,0.0,0.0,0.0,0.0,0.0
8.75,-0.042127658,0.021292476901260366,0.005086142432628665,1.4543695023720166e-11,0.001664732538339461,0.0052938654595948795,1.185955206476353e-20,0.009247736456153666,0.0,0.0,0.0,0.0,0.0,0.0
8.766666666666667,-0.042127658,0.02081913970886178,0.005051099000933382,1.3525975121501268e-11,0.001651033525741801,0.005257095143246301,1.0209697083541916e-20,0.00885991202541432,0.0,0.0,0.0,0.0,0.0,0.0
8.783333333333333,-0.04680851,0.020362571051125933,0.0050162786565298365,1.2579240114314504e-11,0.0016374466339121123,0.005220561273939788,8.78902403547052e-21,0.008488284474164954,0.0,0.0,0.0,0.0,0.0,0.0
8.8,-0.04680851,0.01992209759106123,0.00498168020920056,1.1698556277680041e-11,0.0016239709535784584,0.005184262572836701,7.565746090060894e-21,0.008132183843746955,0.0,0.0,0.0,0.0,0.0,0.0
8.816666666666666,-0.042127658,0.019497073002661378,0.004947302471854673,1.0879331494614947e-11,0.0016106055827176534,0.005148197764560358,6.512478110983415e-21,0.007790967172649363,0.0,0.0,0.0,0.0,0.0,0.0
8.833333333333334,-0.042127658,0.01908687697403904,0.004913144260575315,1.01172917009056e-11,0.0015973496264995127,0.005112365577247543,5.6056281426994084e-21,0.007464017499599376,0.0,0.0,0.0,0.0,0.0,0.0
8.85,-0.042127658,0.018690914233903937,0.004879204394665867,9.408458947196992e-12,0.0015842021972315098,0.005076764742598632,4.824872875565545e-21,0.007150742889999469,0.0,0.0,0.0,0.0,0.0,0.0
8.866666666666667,-0.042127658,0.01830861360324928,0.004845481696694894,8.749130967466613e-12,0.001571162414303811,0.005041393995926277,4.152705520794334e-21,0.0068505754875751645,0.0,0.0,0.0,0.0,0.0,0.0
8.883333333333333,-0.037446808,0.017939427075383974,0.004811974992539912,8.135862150958435e-12,0.0015582294041347061,0.005006252076202803,3.574046117315253e-21,0.006562970592528712,1.84197697891542e-12,0.0,0.0,0.0,0.0,0.0
8.9,-0.028085107,0.017583601558548618,0.004778683111429887,7.565445821641422e-12,0.0015454023001164145,0.00497133772610617,3.0759056649488456e-21,0.0062874057670393325,7.726462913669523e-07,0.0,0.0,0.0,0.0,0.0
8.916666666666666,-0.004680851,0.017326208537550045,0.004745604885986641,7.034897735783217e-12,0.0015326802425612931,0.0049366496920647054,2.64709666229767e-21,0.006023379968594548,8.789374130796142e-05,0.0,0.0,0.0,0.0,0.0
8.933333333333334,0.037446808,0.01840188800095008,0.0047127391522650205,6.541440714308366e-12,0.0015200623786484004,0.00490218672430046,2.2779836491570323e-21,0.005770412711351139,0.0014964870278436175,0.0,0.0,0.0,0.0,0.0
8.95,0.11234043,0.02724787763611648,0.004680084749791986,6.082490332282368e-12,0.001507547862370466,0.004867947576871374,1.960268234358086e-21,0.005528043255501592,0.010664254185498573,0.0,0.0,0.0,0.0,0.0
8.966666666666667,0.23404256,0.06226591556607436,0.004647640521604555,5.655641593148067e-12,0.001495135854481213,0.004833931007712131,1.6868038499878327e-21,0.005295829824442937,0.045993378352177886,0.0,0.0,0.0,0.0,0.0
8.983333333333333,0.43531916,0.1589838997147347,0.004615405314286663,5.258656520271049e-12,0.0014828255224430841,0.004800135778673824,1.451436128503922e-21,0.0050733488494076225,0.14301218424466486,0.0,0.0,0.0,0.0,0.0
9.0,0.7489362,0.36892284108647155,0.0045833779780049206,4.889452602944458e-12,0.0014706160403753074,0.004766560655562403,1.2488653646943456e-21,0.004860194241106063,0.3532420921665334,0.0,0.0,0.0,0.0,0.0
9.016666666666667,1.2029787,0.7508893827299239,0.004551557366543354,4.546092038289129e-12,0.001458506589002365,0.0047332044081759535,1.074528012101464e-21,0.004655976687848506,0.7354901376738077,0.0,0.0,0.0,0.0,0.0
9.033333333333331,1.8255318,1.357352068256332,0.0045199423373370705,4.2267717144765965e-12,0.0014464963556028154,0.004700065810340807,9.244945841029212e-22,0.004460322979549208,1.3422252407692754,0.0,0.0,0.0,0.0,0.0
9.05,2.6446807,2.2205614622515824,0.004488531751504887,3.929813884426516e-12,0.001434584533958471,0.004667143639946504,7.953816925378426e-22,0.004272875356969283,2.2056983269652735,0.0,0.0,0.0,0.0,0.0
9.066666666666666,3.6651063,3.3427048472605807,0.0044573244738810415,3.653657482600819e-12,0.0014227703243039804,0.0046344366789796854,6.842762695318173e-22,0.004093290885521296,3.328097024894241,0.0,0.0,0.0,0.0,0.0
9.083333333333334,4.8774467,4.692515128402498,0.004426319373045784,3.3968500407489542e-12,0.0014110529332767223,0.00460194371355681,5.886702878685287e-22,0.003921240852933569,4.678154571526288,0.0,0.0,0.0,0.0,0.0
9.1,6.248936,6.208541578627147,0.00439551532135513,3.1580401614774487e-12,0.0013994315738671069,0.004569663533955877,5.06404527803153e-22,0.0037564101900602245,6.194420558004751,0.0,0.0,0.0,0.0,0.0
9.116666666666667,7.723404,7.807575549042173,0.004364911194969568,2.93597051132356e-12,0.0013879054653692,0.004537594934647033,4.356201387144221e-22,0.0035984969141133268,7.793686640530138,0.0,0.0,0.0,0.0,0.0
9.133333333333333,9.225957,9.3958562812012,0.004334505873881892,2.729471297635248e-12,0.0013764738333317328,0.004505736714322174,3.7471691686111597e-22,0.003447211593593449,9.38219235318334,0.0,0.0,0.0,0.0,0.0
9.15,10.677021,10.880618427242423,0.0043042982419440705,2.5374541959984135e-12,0.0013651359095094445,0.004474087675923507,3.2231736954226515e-22,0.003302276834196725,10.867172628578311,0.0,0.0,0.0,0.0,0.0
9.166666666666666,11.99234,12.180033750747056,0.004274287186893263,2.358906697229518e-12,0.0013538909318147959,0.004442646626671139,2.772357644414009e-22,0.003163426784984245,12.166799499214333,0.0,0.0,0.0,0.0,0.0
9.183333333333334,13.101702,13.230347237286097,0.0042444716003769015,2.192886845070279e-12,0.0013427381442700128,0.004411412378089654,2.3845147369096904e-22,0.003030406664108178,13.217318208497058,0.0,0.0,0.0,0.0,0.0
9.2,13.944255,13.989766360188717,0.004214850377976951,2.038518337698972e-12,0.001331676796959505,0.00438038374603376,2.050860176658461e-22,0.0029029723034020927,13.976936476962306,0.0,0.0,0.0,0.0,0.0
9.216666666666669,14.477872,14.439275967801182,0.004185422419233257,1.8949859680125863e-12,0.0013207061459826034,0.004349559550712944,1.7638329580882018e-22,0.0027808897111557475,14.426639389972202,0.0,0.0,0.0,0.0,0.0
9.233333333333333,14.683829,14.580953538390602,0.004156186627666141,1.761531379351609e-12,0.001309825453406671,0.004318938616715281,1.5169256272258647e-22,0.0026639346524109596,14.568504653038643,0.0,0.0,0.0,0.0,0.0
9.25,14.571489,14.434550512854003,0.004127141910798062,1.6374491149365927e-12,0.0012990339872205208,0.004288519773030214,1.3045376889733078e-22,0.0025518922461302196,14.422283924935186,0.0,0.0,0.0,0.0,0.0
9.266666666666667,14.173616,14.033124608740653,0.0040982871801745775,1.5220829407776266e-12,0.001288331021288214,0.004258301853070575,1.121849381323494e-22,0.002444556578608427,14.02103513210599,0.0,0.0,0.0,0.0,0.0
9.283333333333331,13.53234,13.41841066847534,0.0040696213513844465,1.4148224232041602e-12,0.0012777158353031706,0.004228283694693622,9.647129911745279e-23,0.002341730332514158,13.406493317260031,0.0,0.0,0.0,0.0,0.0
9.3,12.70851,12.636458026580257,0.004041143344078954,1.3150997434575316e-12,0.0012671877147426105,0.004198464140221256,8.295592777118953e-23,0.002243224430965994,12.624708006948934,0.0,0.0,0.0,0.0,0.0
9.316666666666666,11.744255,11.733884771355584,0.004012852081990522,1.2223867329936502e-12,0.0012567459508223662,0.004168842036459432,7.13316906532184e-23,0.0021488576960675366,11.722297473589022,0.0,0.0,0.0,0.0,0.0
9.333333333333334,10.705106,10.754934235299082,0.003984746492950497,1.136192114265332e-12,0.0012463898404519807,0.004139416234716667,6.13343088245944e-23,0.002058456521342137,10.743505226208484,0.0,0.0,0.0,0.0,0.0
9.35,9.633191,9.739384050210008,0.0039568255089062684,1.0560589328014467e-12,0.0012361186861901705,0.004110185590821799,5.273638656665459e-23,0.001971854557527893,9.728109065865505,0.0,0.0,0.0,0.0,0.0
9.366666666666667,8.565957,8.721259962646533,0.003929088065937607,9.815621673733452e-13,0.0012259317962005972,0.004081148965140903,4.534227094099581e-23,0.0018888924112102471,8.710134901407063,0.0,0.0,0.0,0.0,0.0
9.383333333333333,7.5455317,7.7282446525407735,0.0039015331042723434,9.123065059481025e-13,0.0012158284842079807,0.004052305222593475,3.898362675914568e-23,0.0018094173557883246,7.717265568372999,0.0,0.0,0.0,0.0,0.0
9.4,6.590638,6.781640900650794,0.003874159568301296,8.479242759732559e-13,0.0012058080694545192,0.004023653232667791,3.3515627543017364e-23,0.0017332830542879484,6.770803996725235,0.0,0.0,0.0,0.0,0.0
9.416666666666666,5.72,5.896741463242062,0.003846966406592576,7.880735183264655e-13,0.0011958698766566488,0.0039951918694355795,2.8813676852139416e-23,0.0016603492935521322,5.886043085795037,0.0,0.0,0.0,0.0,0.0
9.433333333333334,4.942979,5.083467508204715,0.0038199525719051558,7.324361949969333e-13,0.0011860132359621074,0.003966920011565878,2.477058623744354e-23,0.0015904817293561264,5.072904140655194,0.0,0.0,0.0,0.0,0.0
9.45,4.2595744,4.347156802122393,0.0037931170212018354,6.80716521249772e-13,0.0011762374829073336,0.003938836542338248,2.129414631847831e-23,0.0015235516420111011,4.336725059433254,0.0,0.0,0.0,0.0,0.0
9.466666666666669,3.6651063,3.68940667648915,0.0037664587156615165,6.326394136609567e-13,0.0011665419583751612,0.003910940349655205,1.8305036298997824e-23,0.001459435702036084,3.6791032997627893,0.0,0.0,0.0,0.0,0.0
9.483333333333333,3.1548936,3.108901254829835,0.0037399766206908866,5.879490460043188e-13,0.0011569260085528533,0.0038832303260540363,1.5735024831462743e-23,0.0013980157454939266,3.0987231061284555,0.0,0.0,0.0,0.0,0.0
9.5,2.7195745,2.602174949044787,0.0037136697059354166,5.464075055240508e-13,0.0011473889848904167,0.0038557053687178202,1.352542168312817e-23,0.0013391785586016288,2.5921190064260955,0.0,0.0,0.0,0.0,0.0
9.516666666666667,2.354468,2.1642834108962568,0.00368753694528983,5.07793542641497e-13,0.0011379302440592605,0.0038283643794859044,1.1625745291120597e-23,0.0012828156712408683,2.1543467636556732,0.0,0.0,0.0,0.0,0.0
9.533333333333331,2.040851,1.7893683805195433,0.0036615773169079006,4.719014076238607e-13,0.0011285491479111405,0.0038012062648636376,9.992576146711954e-24,0.0012288231590080441,1.7795482246303806,0.0,0.0,0.0,0.0,0.0
9.55,1.7787234,1.4711142232349592,0.003635789803211682,4.38539768189205e-13,0.0011192450634374058,0.0037742299360314785,8.588570128363933e-24,0.001177101453457553,1.4614078569783826,0.0,0.0,0.0,0.0,0.0
9.566666666666666,1.5540426,1.2031017670127258,0.003610173390900208,4.0753070243802063e-13,0.0011100173627285807,0.003747434308853513,7.381609502252219e-24,0.0011275551602053459,1.1935065867896306,0.0,0.0,0.0,0.0,0.0
9.583333333333334,1.3714893,0.9790699115453045,0.003584727070957531,3.787087618885053e-13,0.0011008654229342078,0.0037208183038852827,6.344072408339299e-24,0.0010800928845722969,0.9695834078625765,0.0,0.0,0.0,0.0,0.0
9.6,1.2123404,0.7930980028937752,0.0035594498386603028,3.5192009975380697e-13,0.0010917886262230216,0.0036943808463810765,5.452204318972411e-24,0.001034627064460148,0.7837177565176987,0.0,0.0,0.0,0.0,0.0
9.616666666666667,1.0765958,0.6397227598266465,0.003534340693584742,3.2702165993489005e-13,0.0010827863597434057,0.0036681208663005677,4.6855772550707056e-24,0.000991073810164174,0.6304464380965266,0.0,0.0,0.0,0.0,0.0
9.633333333333333,0.96425533,0.5140031336109051,0.0035093986396131024,3.0388042251578705e-13,0.0010738580155841555,0.0036420372983149286,4.026624523723763e-24,0.0009493527508388892,0.5048284869062502,0.0,0.0,0.0,0.0,0.0
9.65,0.8706383,0.4115453236705757,0.003484622684939603,2.823727018389435e-13,0.0010650029907355231,0.003616129081812307,3.4602404447309914e-24,0.000909386887343961,0.402470182025462,0.0,0.0,0.0,0.0,0.0
9.666666666666666,0.786383,0.32849860132291697,0.0034600118420758494,2.6238349350976213e-13,0.001056220687050569,0.003590395160902806,2.973436000450573e-24,0.0008711024512086582,0.3195208711814167,0.0,0.0,0.0,0.0,0.0
9.683333333333334,0.7161702,0.26153086587360785,0.0034355651278557393,2.438058669318221e-13,0.0010475105112067937,0.003564834484422859,2.5550426061770164e-24,0.0008344287694632975,0.25264852698041534,0.0,0.0,0.0,0.0,0.0
9.7,0.65531915,0.20779114626998355,0.003411281563439906,2.2654040020946937e-13,0.0010388718746680635,0.0035394460059391254,2.1954572854579227e-24,0.0007992981350964751,0.19900224869061345,0.0,0.0,0.0,0.0,0.0
9.716666666666669,0.6038298,0.16486467800713356,0.003387160174319616,2.104946544733458e-13,0.0010303041936468161,0.0035142286837517903,1.886423470680652e-24,0.0007656456829063037,0.15616733927229853,0.0,0.0,0.0,0.0,0.0
9.733333333333333,0.55702126,0.1307247906898777,0.0033631999903202775,1.9558268488833102e-13,0.0010218068890665692,0.003489181480897427,1.620842454938909e-24,0.0007334092705234355,0.1221171930588744,0.0,0.0,0.0,0.0,0.0
9.75,0.5148936,0.10368466242904599,0.0033394000456043837,1.81724585793026e-13,0.0010133793865246775,0.003464303365151261,1.3926112147082815e-24,0.0007025293643923071,0.09516505026719163,0.0,0.0,0.0,0.0,0.0
9.766666666666667,0.4774468,0.0823510344321562,0.003315759378674087,1.6884606759681767e-13,0.001005021116255413,0.0034395933090290353,1.1964829198272824e-24,0.000672948930506067,0.07391771169752276,0.0,0.0,0.0,0.0,0.0
9.783333333333331,0.44468084,0.0655812185346192,0.00329227703237328,1.5687806322484842e-13,0.0009967315130932932,0.0034150502897883272,1.0279469611011136e-24,0.0006446133296985087,0.05723254636950891,0.0,0.0,0.0,0.0,0.0
9.8,0.41659573,0.052444149089435205,0.0032689520538892215,1.4575636205451977e-13,0.0009885100164366933,0.003390673289429381,8.831257680984785e-25,0.0006174702173045912,0.044178543512229565,0.0,0.0,0.0,0.0,0.0
9.816666666666666,0.38851064,0.042185801858172195,0.003245783494753802,1.3542126942972496e-13,0.0009803560702117498,0.003366461294695545,7.586860703413891e-25,0.0005914694470087692,0.03400173155136691,0.0,0.0,0.0,0.0,0.0
9.833333333333334,0.36978722,0.03419899911880074,0.0032227704108442955,1.2581728997164277e-13,0.0009722691228365113,0.0033424132970731645,6.517625826707375e-25,0.0005665629787074888,0.026094983309213466,0.0,0.0,0.0,0.0,0.0
9.85,0.34638298,0.02799741654952566,0.003199911862383775,1.1689283302865505e-13,0.0009642486271853856,0.0033185282927911046,5.598923774924961e-25,0.0005427047902196226,0.019972022976828877,0.0,0.0,0.0,0.0,0.0
9.866666666666667,0.32765958,0.023193480791226517,0.003177206913941076,1.0859993872282854e-13,0.0009562940405538375,0.003294805282819766,4.809584492201348e-25,0.0005198507926851037,0.015245323761118135,0.0,0.0,0.0,0.0,0.0
9.883333333333333,0.30893618,0.019479777494476058,0.0031546546344303965,1.0089402315758544e-13,0.0009484048246233704,0.003271243272869741,4.131411850070744e-25,0.000497958749498769,0.011607516012952887,0.0,0.0,0.0,0.0,0.0
9.9,0.29489362,0.01661356208929164,0.0031322540971104665,9.373364145080076e-14,0.0009405804454267586,0.003247841273389988,3.548766355174926e-25,0.0004769881986325278,0.008815898074638165,0.0,0.0,0.0,0.0,0.0
9.916666666666666,0.28085107,0.01440396666134488,0.0031100043795833907,8.708026735037929e-14,0.0009328203733135611,0.0032245982995656496,3.0482063407240293e-25,0.00045690037820514244,0.006679643230590057,0.0,0.0,0.0,0.0,0.0
9.933333333333334,0.2668085,0.012701516227557733,0.0030879045637930654,8.089808827570808e-14,0.0009251240829158795,0.003201513371315417,2.618179455227836e-25,0.00043765815516453574,0.005049316054287937,0.0,0.0,0.0,0.0,0.0
9.95,0.2574468,0.011389598877196736,0.0030659537360232685,7.515381470877949e-14,0.0009174910531143928,0.00317858551328855,2.248757406497079e-25,0.0004192259569532445,0.0038083426177421267,0.0,0.0,0.0,0.0,0.0
9.966666666666669,0.24340425,0.01037757120475997,0.0030441509868953673,6.981650293357576e-14,0.0009099207670046403,0.003155813754861467,1.931407903599831e-25,0.0004015697060328085,0.00286611598989587,0.0,0.0,0.0,0.0,0.0
9.983333333333333,0.23404256,0.009595219351946443,0.0030224954113657024,6.485739019197987e-14,0.0009024127118635696,0.0031331971301340076,1.6587985866428373e-25,0.00038465675714816,0.002152457341370145,0.0,0.0,0.0,0.0,0.0
10.0,0.22468086,0.008988334203784214,0.003000986108722582,6.024974138923638e-14,0.0008949663791163277,0.003110734677925266,1.424628463089133e-25,0.0003684558372178002,0.001613191200741989,0.0,0.0,0.0,0.0,0.0
10.016666666666667,0.21531914,0.008515195210956245,0.0029796221825830064,5.5968706542379996e-14,0.0008875812643033236,0.003088425441769124,1.223482996347851e-25,0.0003529369877404753,0.0012066293345043483,0.0,0.0,0.0,0.0,0.0
10.033333333333331,0.20595744,0.00814379000246125,0.002958402740889002,5.1991188221118193e-14,0.00088025686704753,0.003066268469909397,1.050709531768752e-25,0.0003380715096133691,0.0009007904149499593,0.0,0.0,0.0,0.0,0.0
10.05,0.19659574,0.007849625977286622,0.0029373268959036586,4.8295718282942616e-14,0.00087299269102203,0.003044262815294622,9.023102091838584e-26,0.00032383191026129793,0.0006712116647567189,0.0,0.0,0.0,0.0,0.0
10.066666666666666,0.19191489,0.0076140153313316045,0.0029163937642068807,4.486234325287418e-14,0.0008657882439178358,0.0030224075355725724,7.748499102789129e-26,0.0003101918529805545,0.0004992339346088985,0.0,0.0,0.0,0.0,0.0
10.083333333333334,0.18255319,0.0074227366204422385,0.0028956024666907582,4.1672517743455096e-14,0.0008586430374119239,0.003000701693084348,6.653771324034889e-26,0.00029712610840490993,0.0003706633148086252,0.0,0.0,0.0,0.0,0.0
10.1,0.17319149,0.007264994250893693,0.0028749521285547203,3.8709005352761913e-14,0.0008515565871355391,0.002979144354858233,5.713559757412048e-26,0.0002846105080052975,0.00027473067230119377,0.0,0.0,0.0,0.0,0.0
10.116666666666667,0.16851063,0.007132612564871436,0.0028544418793003236,3.5955786517359677e-14,0.0008445284126427254,0.0029577345926031693,4.906076847593647e-26,0.00027262189953819487,0.000203285780751067,0.0,0.0,0.0,0.0,0.0
10.133333333333333,0.16382979,0.007019413817403871,0.002834070852725795,3.339797283360551e-14,0.0008375580373791138,0.0029364714827019743,4.2126040331839485e-26,0.00026113810436138103,0.00015017534020220924,0.0,0.0,0.0,0.0,0.0
10.15,0.15446809,0.006920739687464968,0.0028138381869202743,3.1021727394631386e-14,0.000830644988650931,0.002915354106204217,3.617059907082184e-26,0.00025013787653901357,0.00011076452911951129,0.0,0.0,0.0,0.0,0.0
10.166666666666666,0.14510638,0.006833084373801357,0.002793743024257785,2.881419072191739e-14,0.0008237887975942667,0.0028943815488188277,3.105629074663491e-26,0.0002396008636613025,8.157013944036071e-05,0.0,0.0,0.0,0.0,0.0
10.183333333333334,0.14042553,0.00675381410882149,0.002773784511390929,2.6763411899736586e-14,0.0008169889991445585,0.002873552900906395,2.666443187959003e-26,0.00022950756930707877,5.9980128045766466e-05,0.0,0.0,0.0,0.0,0.0
10.2,0.13574468,0.006680953359399967,0.002753961799244333,2.4858284548103905e-14,0.0008102451320063283,0.0028528672574712117,2.2893068290656752e-26,0.00021983931708061412,4.4039853572621286e-05,0.0,0.0,0.0,0.0,0.0
10.216666666666669,0.13106383,0.0066130223128170115,0.002734274043007806,2.3088487295280085e-14,0.0008035567386231343,0.0028323237181530135,1.9654619436698153e-26,0.00021057821615682394,3.228959685314555e-05,0.0,0.0,0.0,0.0,0.0
10.233333333333333,0.12638298,0.006548913675050371,0.0027147204021292955,2.1444428434568654e-14,0.0007969233651477754,0.002811921387218486,1.6873854092666663e-26,0.00020170712827180802,2.3641392261561225e-05,0.0,0.0,0.0,0.0,0.0
10.25,0.12638298,0.006487799510406261,0.002695300040307524,1.9917194472141376e-14,0.0007903445614126989,0.002791659373552454,1.4486150825221426e-26,0.0001932096360982123,1.728589901545486e-05,0.0,0.0,0.0,0.0,0.0
10.266666666666667,0.12170213,0.006429060969964288,0.0026760121254844585,1.8498502293138537e-14,0.000783819880900666,0.0027715367906488886,1.2436003236018416e-26,0.00018507001294752813,1.2622159964247505e-05,0.0,0.0,0.0,0.0,0.0
10.283333333333331,0.12170213,0.006372235409938984,0.0026568558298375035,1.7180654692327852e-14,0.0007773488807156208,0.0027515527566016116,1.0675735570749493e-26,0.0001772731937437398,9.204749023327046e-06,0.0,0.0,0.0,0.0,0.0
10.3,0.11702128,0.0063169766863710045,0.0026378303297714518,1.5956499033357348e-14,0.0007709311215537894,0.0027317063940947503,9.164399120233005e-27,0.0001698047472151277,6.704093719929231e-06,0.0,0.0,0.0,0.0,0.0
10.316666666666666,0.11234043,0.0062630254076112835,0.0026189348059102655,1.4819388817128726e-14,0.0007645661676750157,0.002711996830393016,7.866823992719252e-27,0.0001626508492532406,4.876754364925183e-06,0.0,0.0,0.0,0.0,0.0
10.333333333333334,0.10765957,0.006210186693507928,0.0026001684430885627,1.3763147955161183e-14,0.0007582535868742975,0.0026924231973316677,6.752804406928013e-27,0.00015579825739011835,3.54320880951788e-06,0.0,0.0,0.0,0.0,0.0
10.35,0.10765957,0.006158313580009249,0.0025815304303429655,1.2782037558104889e-14,0.0007519929504535608,0.0026729846313063195,5.796398724852227e-27,0.00014923428634698016,2.5712815466415906e-06,0.0,0.0,0.0,0.0,0.0
10.366666666666667,0.10297872,0.0061072946596486015,0.00256301996090317,1.1870725062837646e-14,0.0007457838331936397,0.002653680273262486,4.975328082140853e-27,0.00014294678460945545,1.8638076679795201e-06,0.0,0.0,0.0,0.0,0.0
10.383333333333333,0.09829787,0.006057044893286668,0.002544636232182864,1.1024255533940708e-14,0.0007396258133264852,0.002634509268684931,4.2704597423424836e-27,0.000136924111986379,1.3494670949856133e-06,0.0,0.0,0.0,0.0,0.0
10.4,0.09361702,0.006007498791020383,0.0025263784457704172,1.0238024986840217e-14,0.0007335184725075764,0.0026154707675867897,3.665363251324318e-27,0.00013115511811091207,9.759870344501686e-07,0.0,0.0,0.0,0.0,0.0
10.416666666666666,0.09361702,0.005958605359420807,0.002508245807419387,9.507755590598766e-15,0.0007274613957885571,0.0025965639244985134,3.1459291444430815e-27,0.00012562912184451968,7.051098603221549e-07,0.0,0.0,0.0,0.0,0.0
10.433333333333334,0.08893617,0.0059103243630683235,0.002490237527038822,8.829472618281884e-15,0.0007214541715900774,0.002577787898456582,2.7000413999099784e-27,0.00012033589154594149,5.088744280717926e-07,0.0,0.0,0.0,0.0,0.0
10.45,0.08893617,0.00586262356219036,0.002472352818683411,8.199483022083534e-15,0.0007154963916748488,0.0025591418529920537,2.3172960702990236e-27,0.00011526562616891286,3.668726629344551e-07,0.0,0.0,0.0,0.0,0.0
10.466666666666669,0.08893617,0.005815476673918569,0.0024545909005434003,7.614355518993969e-15,0.0007095876511209065,0.0025406249561188915,1.9887595886612498e-27,0.00011040893715387293,2.642289738836144e-07,0.0,0.0,0.0,0.0,0.0
10.483333333333333,0.084255315,0.0057688618690617454,0.0024369509949343938,7.0709020808045776e-15,0.0007037275482950868,0.0025222363803221524,1.7067611606639285e-27,0.00010575683108038476,1.901144226574085e-07,0.0,0.0,0.0,0.0,0.0
10.5,0.084255315,0.005722760664532782,0.0024194323282869293,6.566160729683311e-15,0.0006979156848266942,0.002503975302545929,1.4647144405415563e-27,0.00010130069304834076,1.3665581832218196e-07,0.0,0.0,0.0,0.0,0.0
10.516666666666667,0.079574466,0.005677157107638119,0.002402034131135923,6.097379547487965e-15,0.0006921516655813945,0.0024858409041811982,1.2569643644937054e-27,9.703227075741738e-05,9.81359760889198e-08,0.0,0.0,0.0,0.0,0.0
10.533333333333331,0.079574466,0.005632037175347538,0.002384755638109934,5.6620018134175385e-15,0.0006864350986352952,0.0024678323710534303,1.078655595993092e-27,9.294365925546201e-05,7.04082877546477e-08,0.0,0.0,0.0,0.0,0.0
10.55,0.079574466,0.005587388331697083,0.002367596087920268,5.25765219059833e-15,0.0006807655952492303,0.0024499488934100655,9.256195366312073e-28,8.902728632775983e-05,5.046878450275294e-08,0.0,0.0,0.0,0.0,0.0
10.566666666666666,0.074893616,0.005543199201363809,0.0023505547233499476,4.882123887772641e-15,0.000675142769843256,0.0024321896659078393,7.942772850925209e-28,8.527589850030224e-05,3.6143757581933864e-08,0.0,0.0,0.0,0.0,0.0
10.583333333333334,0.074893616,0.005499459328489882,0.0023336307912424966,4.533366727436448e-15,0.0006695662399713263,0.0024145538875999135,6.815562954715803e-28,8.168254763126723e-05,2.5862040344873057e-08,0.0,0.0,0.0,0.0,0.0
10.6,0.074893616,0.005456158998005078,0.002316823542490613,4.2094760565979236e-15,0.0006640356262961871,0.002397040761922899,5.848188029149299e-28,7.824057806605384e-05,1.848922511514845e-08,0.0,0.0,0.0,0.0,0.0
10.616666666666667,0.07021277,0.005413289102733522,0.002300132232024676,3.908682440805241e-15,0.0006585505525644465,0.002379649496683692,5.018003567610341e-28,7.49436143321982e-05,1.3207124600707647e-08,0.0,0.0,0.0,0.0,0.0
10.633333333333333,0.07021277,0.00537084104402388,0.0022835561188011234,3.629342086264682e-15,0.0006531106455818562,0.0023623793040462066,4.305570352378691e-28,7.178554935152424e-05,9.426239540746288e-09,0.0,0.0,0.0,0.0,0.0
10.65,0.07021277,0.005328806656920764,0.002267094465790688,3.369927938743579e-15,0.0006477155351887715,0.0023452294005179217,3.6942011674107713e-28,6.876053314780516e-05,6.722272206571397e-09,0.0,0.0,0.0,0.0,0.0
10.666666666666666,0.06553192,0.005287178153305874,0.0022507465399665225,3.1290214115604563e-15,0.0006423648542358176,0.002328199006936342,3.1695715538669647e-28,6.58629620291436e-05,4.790134919523769e-09,0.0,0.0,0.0,0.0,0.0
10.683333333333334,0.06553192,0.005245948078206336,0.0022345116122921577,2.905304698314574e-15,0.000637058238559729,0.002311287348455279,2.719385568885939e-28,6.30874682251296e-05,3.4106711351461268e-09,0.0,0.0,0.0,0.0,0.0
10.7,0.060851064,0.0052051092757646935,0.0022183889577093805,2.6975536291269092e-15,0.0006317953269593955,0.002294493654531056,2.333088782741553e-28,6.042890995968935e-05,2.4266024742443674e-09,0.0,0.0,0.0,0.0,0.0
10.716666666666669,0.060851064,0.005164654862313611,0.0022023778551259598,2.504631032061553e-15,0.000626575761172081,0.002277817158908532,2.0016218445936534e-28,5.78823619413201e-05,1.7251632129154933e-09,0.0,0.0,0.0,0.0,0.0
10.733333333333333,0.060851064,0.005124578204692167,0.0021864775874032793,2.3254805640945044e-15,0.0006213991858498396,0.002261257099607069,1.7172088878511137e-28,5.544310625319306e-05,1.2255764609229948e-09,0.0,0.0,0.0,0.0,0.0
10.75,0.060851064,0.005084872902446363,0.0021706874413438184,2.1591209785011506e-15,0.0006162652485361032,0.0022448127189063165,1.473175854392943e-28,5.310662362631555e-05,8.700316503915124e-10,0.0,0.0,0.0,0.0,0.0
10.766666666666667,0.060851064,0.005045532772925861,0.0021550067076785855,2.0046407978672353e-15,0.0006111735996424684,0.0022284832633319477,1.2637945112233821e-28,5.0868585079680384e-05,6.171911741280253e-10,0.0,0.0,0.0,0.0,0.0
10.783333333333331,0.060851064,0.005006551838557043,0.002139434681054382,1.86119336409292e-15,0.0006061238924256539,0.0022122679836412457,1.0841485295871852e-28,4.872484391197141e-05,4.3752192870626793e-10,0.0,0.0,0.0,0.0,0.0
10.8,0.056170214,0.004967924315768197,0.0021239706600209847,1.7279922387768354e-15,0.0006011157829646359,0.002196166134808585,9.300185089373297e-29,4.667142803006297e-05,3.099422000064498e-10,0.0,0.0,0.0,0.0,0.0
10.816666666666666,0.056170214,0.004929644605184485,0.002108613947018265,1.604306929240072e-15,0.0005961489301379806,0.002180176976010849,7.977832682653944e-29,4.470453260016928e-05,2.1941561683477605e-10,0.0,0.0,0.0,0.0,0.0
10.833333333333334,0.056170214,0.004891707282813042,0.0020933638483631384,1.4894589171917255e-15,0.0005912229956013316,0.0021642997706126993,6.843351053501524e-29,4.282051300807401e-05,1.5522630931056788e-10,0.0,0.0,0.0,0.0,0.0
10.85,0.05148936,0.004854107092013762,0.0020782196742364844,1.3828179686589643e-15,0.0005863376437650884,0.0021485337861517875,5.870070492044259e-29,4.101587811546775e-05,1.0974355102699742e-10,0.0,0.0,0.0,0.0,0.0
10.866666666666667,0.05148936,0.004816838936105049,0.0020631807386699403,1.2837987053091482e-15,0.0005814925417722561,0.0021328782943238513,5.035104099093758e-29,3.9287283799939704e-05,7.75377777253724e-11,0.0,0.0,0.0,0.0,0.0
10.883333333333333,0.05148936,0.004779897871493344,0.0020482463595326243,1.1918574186932137e-15,0.0005766873594764722,0.0021173325709677453,4.31881169582267e-29,3.7631526766710736e-05,5.4748600031809435e-11,0.0,0.0,0.0,0.0,0.0
10.9,0.05148936,0.004743279101243468,0.002033415858517753,1.1064891102403763e-15,0.0005719217694201959,0.002101895896050363,3.70433963971977e-29,3.604553862068224e-05,3.8633367257838697e-11,0.0,0.0,0.0,0.0,0.0
10.916666666666666,0.05148936,0.004706977969027655,0.0020186885611292067,1.0272247410454609e-15,0.0005671954468130842,0.0020865675536514967,3.1772258088440024e-29,3.452638018786484e-05,2.7244975286952794e-11,0.0,0.0,0.0,0.0,0.0
10.933333333333334,0.05148936,0.004670989953405873,0.002004063796667986,9.536286766147163e-16,0.0005625080695105237,0.0020713468319486007,2.7250605340060274e-29,3.307123607570044e-05,1.9202108220432674e-11,0.0,0.0,0.0,0.0,0.0
10.95,0.04680851,0.004635310662401109,0.0019895408982186103,8.852963127829378e-16,0.0005578593179923405,0.0020562330232015,2.337195561846389e-29,3.1677409462241066e-05,1.3525529292106424e-11,2.6780546658422376e-18,0.0,0.0,0.0,0.0
10.966666666666669,0.04680851,0.004599936990816636,0.001975119202635428,8.218518699865568e-16,0.0005532488753416721,0.002041225423736993,2.0044942510522323e-29,3.034231710455906e-05,9.521527110323428e-12,1.1624756357705593e-09,0.0,0.0,0.0,0.0
10.983333333333333,0.04680851,0.004565113310590526,0.001960798050528886,7.629463439822277e-16,0.0005486764272240128,0.0020263233339334386,1.7191171651504268e-29,2.9063484557178605e-05,6.698999615788444e-12,2.5200764724780603e-07,0.0,0.0,0.0,0.0
11.0,0.04680851,0.004535722872419609,0.0019465767862516736,7.082556019402461e-16,0.0005441416618664093,0.0020115260582051985,1.4743380507206073e-29,2.7838541591691328e-05,4.710513260122345e-12,5.639819793414767e-06,0.0,0.0,0.0,0.0
11.016666666666667,0.04680851,0.004543104015113567,0.0019324547578848657,6.574786136244271e-16,0.0005396442700368417,0.001996832904987095,1.2643858986641443e-29,2.6665217809106898e-05,3.3104366170011294e-12,4.750686108456275e-05,0.0,0.0,0.0,0.0
11.033333333333331,0.04680851,0.004692946697246374,0.0019184313172239662,6.103358080955472e-16,0.0005351839450237475,0.0019822431867187553,1.084309394794384e-29,2.5541338436827186e-05,2.3252242215955327e-12,0.00023154690751724355,0.0,0.0,0.0,0.0
11.05,0.042127658,0.00522246976884745,0.001904505819764877,5.665675470512955e-16,0.0005307603826157153,0.001967756219828904,9.298605886265094e-30,2.4464820302484256e-05,1.632339814866141e-12,0.0007949825247025623,0.0,0.0,0.0,0.0
11.066666666666666,0.042127658,0.006532890085183789,0.0018906776246898575,5.259327065432696e-16,0.0005263732810813442,0.0019533713247196316,7.97395057984872e-30,2.343366797720824e-05,1.1453179283361452e-12,0.002139034185569904,0.0,0.0,0.0,0.0
11.083333333333334,0.042127658,0.00917059070118146,0.0018769460948533778,4.882073593946386e-16,0.0005220223411492466,0.0019390878257505573,6.837862323410787e-30,2.2445970081193193e-05,8.031835189802274e-13,0.004810088468543413,0.0,0.0,0.0,0.0
11.1,0.04680851,0.013753228527827632,0.00186331059676795,4.531835511850821e-16,0.0005177072659882259,0.0019249050512229896,5.863518686154649e-30,2.1499895744743626e-05,5.629634206695325e-13,0.009425805717540306,0.0,0.0,0.0,0.0
11.116666666666667,0.04680851,0.020859221818831594,0.001849770500589887,4.206681631731498e-16,0.000513427761187599,0.0019108223333639993,5.027909572049895e-30,2.059369121825698e-05,3.9438969916637595e-13,0.01656460753207704,0.0,0.0,0.0,0.0
11.133333333333333,0.05148936,0.030910606277155743,0.0018363251801050402,3.904818559952291e-16,0.000509183534737678,0.0018968390083104849,4.311295798599902e-30,1.9725676624882332e-05,2.761558273807736e-13,0.026648532877101113,0.0,0.0,0.0,0.0
11.15,0.060851064,0.04407848210722902,0.0018229740127144532,3.6245808841554213e-16,0.0005049742970104076,0.0018829544160931472,3.696744503917768e-30,1.8894242849851623e-05,1.9327216663548546e-13,0.03984868513836753,0.0,0.0,0.0,0.0
11.166666666666666,0.07021277,0.06023089241710468,0.001809716379420005,3.364422058067516e-16,0.0005007997607401544,0.00186916790062047,3.169730489328761e-30,1.80978485607374e-05,1.3519916057131684e-13,0.05603311052762778,0.0,0.0,0.0,0.0
11.183333333333334,0.084255315,0.07893029498957936,0.0017965516648099904,3.1229059341675975e-16,0.0004966596410046431,0.0018554788096626245,2.717794147751167e-30,1.733501735312764e-05,9.453035873613781e-14,0.07476426985665413,0.0,0.0,0.0,0.0
11.2,0.09829787,0.09947624567201403,0.0017834792570446708,2.898698898272852e-16,0.0004925536552060547,0.0018418864948353624,2.330247952770578e-30,1.660433501644455e-05,6.606390424505206e-14,0.09534172192984515,0.0,0.0,0.0,0.0
11.216666666666669,0.11702128,0.12098104302913587,0.0017704985478417723,2.6905625633464464e-16,0.0004884815230522615,0.0018283903115838536,1.997924620464404e-30,1.590444691485091e-05,4.614830022749937e-14,0.11687776819969671,0.0,0.0,0.0,0.0
11.233333333333333,0.13574468,0.1424625949163356,0.0017576089324619752,2.49734698285538e-16,0.00048444296653822063,0.0018149896191665183,1.7129610321969715e-30,1.5234055478405461e-05,3.2221710230790985e-14,0.138390319342658,0.0,0.0,0.0,0.0
11.25,0.15446809,0.16293908278625557,0.001744809809694333,2.317984346811753e-16,0.00048043770992750655,0.0018016837806387848,1.4686128445409397e-30,1.4591917799825497e-05,2.2487732803550936e-14,0.1588975595681724,0.0,0.0,0.0,0.0
11.266666666666667,0.17319149,0.18151291142429782,0.0017321005818416917,2.151483126243274e-16,0.000476465479733997,0.0017884721628368726,1.2590954317590873e-30,1.3976843332418316e-05,1.568735431853136e-14,0.17750189635653693,0.0,0.0,0.0,0.0
11.283333333333331,0.18723404,0.19743562168929962,0.0017194806547060609,1.9969226342620145e-16,0.00047252600470370137,0.0017753541363615154,1.0794474236749648e-30,1.338769168492112e-05,1.0938641092530524e-14,0.1934548732018323,0.0,0.0,0.0,0.0
11.3,0.20595744,0.21014980388194726,0.0017069494375739568,1.8534479741557709e-16,0.00046861901579672746,0.0017623290755616507,9.254136317021608e-31,1.2823370509173812e-05,7.62411263118927e-15,0.20619908298249795,0.0,0.0,0.0,0.0
11.316666666666666,0.21531914,0.2193078222273624,0.0016945063432017356,1.7202653470216807e-16,0.000464744246169403,0.0017493963585181321,7.933446106595125e-31,1.2282833476720169e-05,5.311657613768739e-15,0.2153868924459909,0.0,0.0,0.0,0.0
11.333333333333334,0.22,0.2247699488555417,0.0016821507878008724,1.5966376934070095e-16,0.0004609014311565261,0.00173655536702737,6.80110494402033e-31,1.1765078340592067e-05,3.699032983787352e-15,0.22087857619121248,0.0,0.0,0.0,0.0
11.35,0.2293617,0.226586205642644,0.0016698821910232546,1.4818806452333472e-16,0.0004570903082537668,0.001723805486584989,5.8302707837569025e-31,1.1269145078696152e-05,2.5749343926368254e-15,0.22272415851170058,0.0,0.0,0.0,0.0
11.366666666666667,0.22468086,0.22496692334897128,0.0016576999759464139,1.3753587659600032e-16,0.0004533106171001986,0.001711146106369452,4.997924097839061e-31,1.0794114115366701e-05,1.7917045108692575e-15,0.22113397253543793,0.0,0.0,0.0,0.0
11.383333333333333,0.22,0.22024695967269134,0.0016456035690587767,1.2764820585064295e-16,0.00044956209946097963,0.0016985766192256805,4.2843239286861265e-31,1.0339104617796819e-05,1.2462100070457102e-15,0.21644287828032674,0.0,0.0,0.0,0.0
11.4,0.2106383,0.21284791889987922,0.0016335924002448712,1.1847027219043159e-16,0.00044584449921016055,0.001686096421648646,3.672541286273139e-31,9.903272864195814e-06,8.664490616339189e-16,0.20907248230591036,0.0,0.0,0.0,0.0
11.416666666666666,0.2012766,0.20324182098437524,0.0016216659027705304,1.099512139000289e-16,0.000442157562313636,0.0016737049137669768,3.14805890071583e-31,9.485810680655672e-06,6.021768719286284e-16,0.19949480679484272,0.0,0.0,0.0,0.0
11.433333333333334,0.18723404,0.191918671186633,0.0016098235132680707,1.0204380787831747e-16,0.00043850103681222807,0.0016614014993265212,2.6984279013345617e-31,9.085943943833456e-06,4.1834692058083133e-16,0.18819985919328183,0.0,0.0,0.0,0.0
11.45,0.17319149,0.179359424362385,0.0015980646717214798,9.470420980757745e-17,0.0004348746728049067,0.0016491855856739354,2.312973332009824e-31,8.70293114668135e-06,2.905244869363985e-16,0.1756685965010376,0.0,0.0,0.0,0.0
11.466666666666669,0.16382979,0.1660150101207451,0.001586388821451559,8.789171284130099e-17,0.000431278222432138,0.0016370565837402413,1.9825415614568915e-31,8.336062024569357e-06,2.0168087630422526e-16,0.1623519504310963,0.0,0.0,0.0,0.0
11.483333333333333,0.14510638,0.1522914312885133,0.001574795409101094,8.156852349350652e-17,0.0004277114398593759,0.0016250139080244042,1.6992836328744446e-31,7.98465623926034e-06,1.3995377417174966e-16,0.14865592587528895,0.0,0.0,0.0,0.0
11.5,0.13106383,0.1385404792566368,0.0015632838846199849,7.569955350582204e-17,0.0004241740812606677,0.0016130569765768728,1.4564694433476171e-31,7.648062118300655e-06,9.708329222745644e-17,0.13493231625206079,0.0,0.0,0.0,0.0
11.516666666666667,0.11702128,0.1250553134564338,0.0015518537012503913,7.025222655556503e-17,0.0004206659048024097,0.0016011852109831582,1.248328369262556e-31,7.325655447496116e-06,6.732035385106828e-17,0.12147428298395022,0.0,0.0,0.0,0.0
11.533333333333331,0.10297872,0.11207000243361838,0.0015405043155118636,6.519629874866276e-17,0.00041718667062721863,0.0015893980363473885,1.0699125768244205e-31,7.016838314236812e-06,4.6665109414950426e-17,0.10851589657281756,0.0,0.0,0.0,0.0
11.55,0.08893617,0.09976208882322621,0.0015292351871864682,6.050369191631457e-17,0.000413736140837931,0.0015776948812758578,9.169797911930988e-32,6.72103799953136e-06,3.233583969046915e-17,0.09623470157592633,0.0,0.0,0.0,0.0
11.566666666666666,0.079574466,0.08825728756939712,0.001518045779303923,5.614833880397076e-17,0.00041031407948174313,0.0015660751778606196,7.858927562898198e-32,6.4377059167008e-06,2.2398754518553906e-17,0.08475641482683405,0.0,0.0,0.0,0.0
11.583333333333334,0.06553192,0.07763552659508559,0.00150693555812671,5.210603930590386e-17,0.00040692025253446005,0.0015545383616630277,6.735330107534822e-32,6.166316594766407e-06,1.5510055431777652e-17,0.07416096610616656,0.0,0.0,0.0,0.0
11.6,0.056170214,0.0679376673206338,0.0014959039931352126,4.835432695887151e-17,0.000403554427884882,0.0015430838716973313,5.772269430784324e-32,5.906366704651713e-06,1.0736294815503923e-17,0.06448921866121167,0.0,0.0,0.0,0.0
11.616666666666667,0.05148936,0.059172380032132946,0.0014849505570128394,4.487234496419536e-17,0.00040021637531931014,0.0015317111504142506,4.946823785683246e-32,5.657374126395089e-06,7.429317487629073e-18,0.055749844575260096,0.0,0.0,0.0,0.0
11.633333333333333,0.042127658,0.051322782600766,0.0014740747256311551,4.164073105955648e-17,0.0003969058665061786,0.0015204196436845764,4.2393419920524395e-32,5.41887705564739e-06,5.139236426212598e-18,0.04792596348788839,0.0,0.0,0.0,0.0
11.65,0.037446808,0.04435257171803586,0.0014632759780350117,3.8641510610017026e-17,0.0003936226749808039,0.0015092088007827669,3.632977106936714e-32,5.190433147799937e-06,3.55390008457082e-18,0.04098127383108943,0.0,0.0,0.0,0.0
11.666666666666666,0.03276596,0.03821147880968229,0.0014525537964277012,3.5857997332634945e-17,0.0003903665761302629,0.0014980780743705695,3.1132865381117104e-32,4.971618698159478e-06,2.456803840489464e-18,0.03486550874405556,0.0,0.0,0.0,0.0
11.683333333333334,0.028085107,0.032839966271668186,0.0014419076661560878,3.3274701110651475e-17,0.0003871373471783853,0.001487026920480642,2.667889140787211e-32,4.762027856651643e-06,1.6978373688028485e-18,0.029519132309996383,0.0,0.0,0.0,0.0
11.7,0.028085107,0.02817314389440326,0.0014313370756957758,3.087724239194503e-17,0.00038393476717086893,0.001476054798500201,2.286171183474697e-32,4.5612718756000445e-06,1.1729613059379797e-18,0.024877255981160782,0.0,0.0,0.0,0.0
11.716666666666669,0.023404256,0.024143931929916245,0.0014208415166362671,2.865227270237103e-17,0.0003807586169605129,0.0014651611711546748,1.9590342234930058e-32,4.368978389187622e-06,8.100930401188631e-19,0.020872801646775574,0.0,0.0,0.0,0.0
11.733333333333333,0.018723404,0.020685528600580882,0.0014104204836661448,2.658740083801227e-17,0.0003776086791925702,0.0014543455044913854,1.6786789229601063e-32,4.184790723267121e-06,5.593083859040625e-19,0.017438969142507487,0.0,0.0,0.0,0.0
11.75,0.018723404,0.017733258651619635,0.0014000734745582423,2.467112433137474e-17,0.0003744847382902118,0.001443607267863223,1.4384196856590474e-32,4.008367234241901e-06,3.8604198910789084e-19,0.014511084803673692,0.0,0.0,0.0,0.0
11.766666666666667,0.0140425535,0.01522588851648613,0.0013897999901548645,2.2892765815398413e-17,0.00037138658044011554,0.0014329459339123773,1.2325257238986704e-32,3.839380675794209e-06,2.6637047444223873e-19,0.012027916631302956,0.0,0.0,0.0,0.0
11.783333333333331,0.0140425535,0.013106495292633386,0.0013795995343529866,2.1242413935907452e-17,0.000368313993578162,0.001422360978554058,1.0560847895652795e-32,3.6775175922873252e-06,1.8374158775461246e-19,0.00993254326855587,0.0,0.0,0.0,0.0
11.8,0.009361702,0.01132297319398521,0.001369471614089477,1.9710868488006353e-17,0.0003652667673752472,0.0014118518809602399,9.048863397275168e-33,3.5224777377188656e-06,1.2670687383274084e-19,0.008172860453822508,0.0,0.0,0.0,0.0
11.816666666666666,0.009361702,0.009828254265442468,0.0013594157393263602,1.8289589475037067e-17,0.0003622446932232135,0.0014014181235434552,7.75321367038116e-33,3.3739735191496893e-06,8.735055752966624e-20,0.006701801735830272,0.0,0.0,0.0,0.0
11.833333333333334,0.009361702,0.00858031135197555,0.0013494314230360525,1.6970649810157408e-17,0.00035924756422088294,0.0013910591919405716,6.642965196243029e-33,3.231729463576881e-06,6.020123767106915e-20,0.005477341443314449,0.0,0.0,0.0,0.0
11.85,0.009361702,0.007542001702409873,0.0013395181811866547,1.5746691400560727e-17,0.0003562751751602126,0.0013807745749966245,5.6916047347529344e-33,3.0954817072645344e-06,4.1478286471904133e-20,0.004462338289359101,0.0,0.0,0.0,0.0
11.866666666666667,0.004680851,0.006680799944608108,0.0013296755327272432,1.461088437285715e-17,0.0003533273225125529,0.0013705637647486617,4.8764081049994693e-33,2.9649775065859028e-06,2.857019684846179e-20,0.003624268347113049,0.0,0.0,0.0,0.0
11.883333333333333,0.004680851,0.005968460029678758,0.0013199029995731846,1.3556889215356984e-17,0.00035040380441502043,0.0013604262564096152,4.177899042914797e-33,2.8399747694715955e-06,1.9673610347137495e-20,0.0029348869945114518,0.0,0.0,0.0,0.0
11.9,0.004680851,0.005380637440063382,0.0013102001065914716,1.257882162896471e-17,0.0003475044206569768,0.0013503615483521979,3.579385290700422e-33,2.7202416065955575e-06,1.3543616583974165e-20,0.0023698511228561277,0.0,0.0,0.0,0.0
11.916666666666666,0.004680851,0.004896495665795607,0.0013005663815860813,1.1671219893245918e-17,0.00034462897266661916,0.0013403691420928393,3.066560903213392e-33,2.605555901468113e-06,9.321081611164656e-21,0.0019083256135485871,0.0,0.0,0.0,0.0
11.933333333333334,0.0,0.004498314735960581,0.0012910013552833565,1.082901456801133e-17,0.00034177726349767206,0.001330448542275634,2.6271653263002608e-33,2.4957048986393763e-06,6.41328214530182e-21,0.001532591870005268,0.0,0.0,0.0,0.0
11.95,0.0,0.0041711144294829024,0.0012815045613174048,1.0047500363573984e-17,0.00033894909781619434,0.0013205992566563357,2.2506911483233718e-33,2.390484809250694e-06,4.411416253708614e-21,0.0012276710288837065,0.0,0.0,0.0,0.0
11.966666666666669,0.0,0.00390230060977985,0.001272075536215523,9.322310024729708e-18,0.0003361442818874807,0.0013108207960863688,1.928133580622514e-33,2.2897004332032393e-06,3.033616282825968e-21,0.000980970295157265,0.0,0.0,0.0,0.0
11.983333333333333,0.0,0.0036813398300962214,0.0012627138193836635,8.649390084563267e-18,0.0003333626235630823,0.0013011126744968873,1.6517757127013013e-33,2.193164797244164e-06,2.0855922708731432e-21,0.0007819575478553353,0.0,0.0,0.0,0.0
12.0,0.0,0.0034994648247194163,0.0012534189530918874,8.024978354441634e-18,0.00033060393226791473,0.0012914744088828392,1.4150044369215759e-33,2.1006988082995434e-06,1.4334598850168299e-21,0.0006218668316684672,0.0,0.0,0.0,0.0
12.016666666666667,-0.004680851,0.003349411617167389,0.001244190482459887,7.445583026096145e-18,0.00032786801898748307,0.0012819055192871028,1.2121526655191082e-33,2.012130921412503e-06,9.84986439861123e-22,0.0004934354655114961,0.0,0.0,0.0,0.0
12.033333333333331,-0.009361702,0.003225187626053355,0.001235027955442515,6.907963270540595e-18,0.0003251546962552036,0.001272405528784623,1.0383640870315024e-33,1.9272968216708674e-06,6.766509760887577e-22,0.00039067214874933566,0.0,0.0,0.0,0.0
12.05,-0.009361702,0.0031218692284591693,0.0012259309228153286,6.409111226803492e-18,0.00032246377813982405,0.0012629739634665905,8.89477244542016e-34,1.846039119535351e-06,4.647186356857451e-22,0.0003086545249178843,0.0,0.0,0.0,0.0
12.066666666666666,-0.009361702,0.0030354266571726283,0.0012168989381601968,5.9462352810882634e-18,0.0003197950802329527,0.0012536103524246798,7.619261771492192e-34,1.7682070590040397e-06,3.190858331413106e-22,0.000243354079295789,0.0,0.0,0.0,0.0
12.083333333333334,-0.009361702,0.002962573783008812,0.0012079315578509037,5.516744544065976e-18,0.00031714841963667893,0.0012443142277352842,6.5265525964666074e-34,1.6936562380720542e-06,2.190373320280545e-22,0.0001914859215478674,0.0,0.0,0.0,0.0
12.1,-0.009361702,0.0029006402005108296,0.0011990283410388007,5.118234440600707e-18,0.0003145236149512999,0.0012350851244438256,5.590462128600765e-34,1.6222483409690075e-06,1.5032217511619653e-22,0.00015038087173592946,0.0,0.0,0.0,0.0
12.116666666666667,-0.009361702,0.0028474630405712275,0.0011901888496384794,4.748473332320086e-18,0.0003119204862631394,0.0012259225805490725,4.78855546431554e-34,1.5538508816777747e-06,1.0313910171432124e-22,0.00011787727323885352,0.0,0.0,0.0,0.0
12.133333333333333,-0.0140425535,0.002801296033776589,0.001181412648313492,4.405390099131514e-18,0.0003093388551324711,0.0012168261369875177,4.101609439232392e-34,1.4883369582596874e-06,7.074896570231981e-23,9.22300563848445e-05,0.0,0.0,0.0,0.0
12.15,-0.0140425535,0.002760733509856918,0.0011726993044620783,4.087062611059844e-18,0.0003067785445815328,0.0012077953376177836,3.5131531281141672e-34,1.4255850175306934e-06,4.85192814598511e-23,7.203473817798863e-05,0.0,0.0,0.0,0.0
12.166666666666666,-0.0140425535,0.002724647215846861,0.0011640483882029507,3.791707026685793e-18,0.0003042393790826405,0.00119882972920507,3.009074043028584e-34,1.3654786296527263e-06,3.326650549570331e-23,5.6164240726543835e-05,0.0,0.0,0.0,0.0
12.183333333333334,-0.0140425535,0.0026921340493977586,0.0011554594723610972,3.517667859015854e-18,0.00030172118454639576,0.00118992886140564,2.577280642496835e-34,1.3079062722223863e-06,2.2803399011382496e-23,4.371662481239998e-05,0.0,0.0,0.0,0.0
12.2,-0.0140425535,0.002662473020449991,0.0011469321324536258,3.263408753843009e-18,0.0002992237883099895,0.0011810922867513567,2.2074131047843157e-34,1.2527611234570704e-06,1.5627610669378008e-23,3.3972051811558854e-05,0.0,0.0,0.0,0.0
12.216666666666669,-0.018723404,0.0026350899647665576,0.0011384659466756328,3.0275039295826805e-18,0.00029674701912559784,0.0011723195606342428,1.8905954676145747e-34,1.1999408640951402e-06,1.0707477420848669e-23,2.6357497466985884e-05,0.0,0.0,0.0,0.0
12.233333333333333,-0.018723404,0.002609528730520462,0.0011300604958861323,2.8086302312163287e-18,0.00029429070714887483,0.0011636102412911097,1.619223221728672e-34,1.1493474876432626e-06,7.334733169496628e-24,2.04179387066988e-05,0.0,0.0,0.0,0.0
12.25,-0.018723404,0.0025854277405923773,0.0011217153635939782,2.6055597543586355e-18,0.00029185468392752933,0.0011549638897881947,1.3867812902467294e-34,1.100887118618998e-06,5.023252450284189e-24,1.579291616405359e-05,0.0,0.0,0.0,0.0
12.266666666666667,-0.018723404,0.0025625009966853615,0.0011134301359438693,2.417152998612056e-18,0.000289438782390005,0.0011463800700058755,1.1876880497783501e-34,1.0544698384521804e-06,3.439459303698589e-24,1.2197538507157156e-05,0.0,0.0,0.0,0.0
12.283333333333331,-0.018723404,0.0025405227363269082,0.0011052044017023596,2.2423525122892216e-18,0.00028704283683424333,0.0011378583486234067,1.017161669857495e-34,1.0100095187221418e-06,2.3545112390688184e-24,9.407139648174067e-06,0.0,0.0,0.0,0.0
12.3,-0.018723404,0.00251931508073928,0.0010970377522439153,2.0801769932976278e-18,0.00028466668291653613,0.001129398295103706,8.711055793038103e-35,9.67423661421867e-07,1.6114532343885473e-24,7.244926813698856e-06,0.0,0.0,0.0,0.0
12.316666666666666,-0.023404256,0.0024987381214358058,0.0010889297815370185,1.9297158134987933e-18,0.00028231015764047644,0.0011209994816781933,7.460103241663088e-35,9.266332459531495e-07,1.1026607128779137e-24,5.572067334162589e-06,0.0,0.0,0.0,0.0
12.333333333333334,-0.023404256,0.0024786819876142304,0.0010808800861302889,1.790123936191023e-18,0.00027997309934598753,0.001112661483331659,6.388694728331211e-35,8.87562582568933e-07,7.543523524611567e-25,4.279756223724232e-06,0.0,0.0,0.0,0.0
12.35,-0.018723404,0.0024590605165149297,0.0010728882651386705,1.660617198538591e-18,0.0002776553476984467,0.0011043838777871965,5.471075589873021e-35,8.501391719914901e-07,5.159595246696168e-25,3.282886718622827e-06,0.0,0.0,0.0,0.0
12.366666666666667,-0.018723404,0.0024398062164898665,0.0010649539202296308,1.5404679327843432e-18,0.000275356743677895,0.001096166245491165,4.6851834031719894e-35,8.142935709460463e-07,3.528311558344846e-25,2.515013520227712e-06,0.0,0.0,0.0,0.0
12.383333333333333,-0.018723404,0.002420866269155291,0.001057076655609422,1.429000901956298e-18,0.0002730771295683343,0.001088008169598212,4.0121189708960144e-35,7.799592633607901e-07,2.412287065127839e-25,1.924355115960679e-06,0.0,0.0,0.0,0.0
12.4,-0.018723404,0.00240219936415683,0.001049256078009369,1.3255895275168221e-18,0.00027081634894710684,0.001079909235956333,3.435693057162608e-35,7.470725369943998e-07,1.6489316833019902e-25,1.4706287070250002e-06,0.0,0.0,0.0,0.0
12.416666666666666,-0.023404256,0.0023837731991215427,0.0010414917966722048,1.2296523880175914e-18,0.00026857424667436734,0.0010718690330919877,2.9420380331647273e-35,7.155723652625543e-07,1.1269088410605544e-25,1.1225503177189698e-06,0.0,0.0,0.0,0.0
12.433333333333334,-0.023404256,0.002365562509533295,0.0010337834233384389,1.1406499693221128e-18,0.00026635066888263146,0.0010638871521952526,2.519275143017323e-35,6.854002940442663e-07,7.69995489095561e-26,8.558648229270834e-07,0.0,0.0,0.0,0.0
12.45,-0.023404256,0.0023475475196314175,0.001026130572232783,1.0580816483500223e-18,0.0002641454629664161,0.0010559631871050403,2.157229428773558e-35,6.565003332583319e-07,5.260192752627686e-26,6.517969939188625e-07,0.0,0.0,0.0,0.0
12.466666666666669,-0.023404256,0.002329712726946074,0.001018532860050596,9.814828935890015e-19,0.0002619584775719568,0.0010480967342943424,1.8471854923241312e-35,6.288188530088251e-07,3.592774991745503e-26,4.958361761686496e-07,0.0,0.0,0.0,0.0
12.483333333333333,-0.023404256,0.0023120459505663027,0.0010109899059443956,9.1042266682099e-19,0.0002597895625870133,0.0010402873928555508,1.5816782478759294e-35,6.023044841072398e-07,2.4534321459137906e-26,3.767846952347307e-07,0.0,0.0,0.0,0.0
12.5,-0.018723404,0.0022945375873871816,0.001003501331510391,8.445010116225934e-19,0.0002576385691307513,0.0010325347644857988,1.3543136551532376e-35,5.769080227867288e-07,1.675076065457277e-26,2.860142374526854e-07,0.0,0.0,0.0,0.0
12.516666666666667,-0.018723404,0.0022771800319945973,0.0009960667607750737,7.833468152351167e-19,0.0002555053495437126,0.0010248384534723794,1.1596151403195533e-35,5.525823394319899e-07,1.1434369757666596e-26,2.1688586399867178e-07,0.0,0.0,0.0,0.0
12.533333333333331,-0.018723404,0.0022599672250169715,0.0009886858201818458,7.266157313591551e-19,0.00025338975737786016,0.001017198066678197,9.928920259581655e-36,5.292822911554438e-07,7.803831877894635e-27,1.6429848791259144e-07,0.0,0.0,0.0,0.0
12.55,-0.018723404,0.0022428943021194567,0.0009813581385776885,6.739882523212823e-19,0.0002512916473867053,0.0010096132135272678,8.501268179379673e-36,5.069646380577121e-07,5.325032922604375e-27,1.243379897367278e-07,0.0,0.0,0.0,0.0
12.566666666666666,-0.018723404,0.0022259573216820904,0.0009740833471998868,6.251679198880845e-19,0.0002492108755155181,0.0010020835059902917,7.27878648171911e-36,4.855879630172027e-07,3.6329226074225805e-27,9.400501337578149e-08,0.0,0.0,0.0,0.0
12.583333333333334,-0.018723404,0.0022091530538735065,0.0009668610796627801,5.7987966477135095e-19,0.0002471472988916086,0.000994608558570246,6.232005589191049e-36,4.651125948599779e-07,2.478050643385295e-27,7.100415401172513e-08,0.0,0.0,0.0,0.0
12.6,-0.023404256,0.002192478817539806,0.0009596909719445755,5.378682655824385e-19,0.0002451007758146956,0.00098718798828806,5.3356864561379946e-36,4.4550053476760623e-07,1.6899937887438534e-27,5.358095770679247e-08,0.0,0.0,0.0,0.0
12.616666666666667,-0.018723404,0.002175932354263797,0.0009525726623741959,4.988969186561267e-19,0.00024307116574734597,0.0009798214146683147,4.5682135912860436e-36,4.2671538578645864e-07,1.152342674297522e-27,4.039608815288046e-08,0.0,0.0,0.0,0.0
12.633333333333333,-0.023404256,0.002159511731268661,0.000945505791618176,4.62745910779752e-19,0.00024105832930549473,0.0009725084597250184,3.911075116798111e-36,4.087222853078428e-07,7.855982106973284e-28,3.042833466367651e-08,0.0,0.0,0.0,0.0
12.65,-0.023404256,0.002143215266666679,0.0009384900026676002,4.2921138743442915e-19,0.00023906212824904076,0.0009652487479474152,3.348417390631926e-36,3.9148784039371936e-07,5.354788447287064e-28,2.2899962229006605e-08,0.0,0.0,0.0,0.0
12.666666666666666,-0.023404256,0.002127041471989562,0.0009315249408250998,3.9810420968567907e-19,0.0002370824254725177,0.0009580419062858614,2.8666635055339456e-36,3.74980065828166e-07,3.649285325654965e-28,1.721934025447321e-08,0.0,0.0,0.0,0.0
12.683333333333334,-0.023404256,0.0021109890080628535,0.0009246102536918733,3.6924889335284506e-19,0.00023511908499584115,0.0009508875641377424,2.4541865087283525e-36,3.591683247796654e-07,2.486552681118253e-28,1.2936912616832947e-08,0.0,0.0,0.0,0.0
12.7,-0.023404256,0.002095056651168142,0.0009177455911547757,3.4248262454404963e-19,0.00023317197195513048,0.0009437853533334542,2.1010294979767228e-36,3.44023271964258e-07,1.6939965101015768e-28,9.711452816920938e-09,0.0,0.0,0.0,0.0
12.716666666666669,-0.023404256,0.002079243267124797,0.0009109306053734406,3.1765434606747347e-19,0.0002312409525936022,0.000936734908122426,1.7986658735141413e-36,3.295167992041247e-07,1.1538597201604545e-28,7.28423612349316e-09,0.0,0.0,0.0,0.0
12.733333333333333,-0.018723404,0.002063547791459385,0.0009041649507674579,2.946239096239411e-19,0.00022932589425254257,0.000929735865159211,1.5397939882924376e-36,3.1562198328071615e-07,7.858140942598401e-29,5.4592968922022095e-09,0.0,0.0,0.0,0.0
12.75,-0.018723404,0.0020479692142479364,0.0008974482840035829,2.732612890512133e-19,0.00022742666536234516,0.0009227878634896142,1.3181612639968423e-36,3.0231303598565975e-07,5.350736327363641e-29,4.088356407687526e-09,0.0,0.0,0.0,0.0
12.766666666666667,-0.018723404,0.0020325065685403076,0.0008907802639830193,2.534458502302375e-19,0.00022554313543362816,0.0009158905445368888,1.1284135471891412e-36,2.895652562769235e-07,3.642795990655343e-29,3.059330494176048e-09,0.0,0.0,0.0,0.0
12.783333333333331,-0.018723404,0.0020171589215267492,0.000884160551828724,2.350656735784225e-19,0.0002236751750484195,0.0009090435520879811,9.659660855674092e-37,2.773549844514386e-07,2.4796154411955417e-29,2.2875771729732557e-09,0.0,0.0,0.0,0.0
12.8,-0.018723404,0.0020019253678011197,0.0008775888108727661,2.1801692534781873e-19,0.00022182265585141272,0.000902246532279822,8.268930232249726e-37,2.6565955824924055e-07,1.687573157511267e-29,1.7092388693661105e-09,0.0,0.0,0.0,0.0
12.816666666666666,-0.018723404,0.0019868050242252437,0.0008710647066437536,2.022032742176567e-19,0.00021998545054129683,0.0008954991335856935,7.0783275834597274e-37,2.5445727080775864e-07,1.1483394481084623e-29,1.2761836915058932e-09,0.0,0.0,0.0,0.0
12.833333333333334,-0.023404256,0.0019717970260144323,0.0008645879068542739,1.8753534992267576e-19,0.0002181634328621521,0.0008888010068016244,6.059068876401241e-37,2.437273303882191e-07,7.81282243587352e-30,9.521659930212782e-10,0.0,0.0,0.0,0.0
12.85,-0.023404256,0.001956900523753499,0.0008581580813884113,1.7393024089297957e-19,0.00021635647759491917,0.0008821518050328624,5.1865078811452855e-37,2.3344982179955368e-07,5.3146688290065086e-30,7.09915506111573e-10,0.0,0.0,0.0,0.0
12.866666666666667,-0.023404256,0.0019421146811208778,0.0008517749022892999,1.6131102809818367e-19,0.00021456446054893285,0.0008755511836803855,4.43954166315441e-37,2.2360566944822079e-07,3.6147280252376376e-30,5.289328111811046e-10,0.0,0.0,0.0,0.0
12.883333333333333,-0.023404256,0.0019274386731511636,0.0008454380437467268,1.4960635249048168e-19,0.00021278725855353016,0.0008689988004274837,3.800101446501842e-37,2.1417660194546252e-07,2.458140962124542e-30,3.9382147735295557e-10,0.0,0.0,0.0,0.0
12.9,-0.028085107,0.0019128716849065917,0.0008391471820847836,1.3875001362834295e-19,0.000211024749449719,0.0008624943152263779,3.2527165955087442e-37,2.05145118206324e-07,1.6713609369574232e-30,2.93027504722834e-10,0.0,0.0,0.0,0.0
12.916666666666666,-0.028085107,0.001898412910458929,0.0008329019957495711,1.2868059723646196e-19,0.00020927681208192167,0.0008560373902849126,2.7841412198829785e-37,1.964944549776041e-07,1.1362308517218491e-30,2.1788754594907574e-10,0.0,0.0,0.0,0.0
12.933333333333334,-0.028085107,0.0018840615521067158,0.000826702165296947,1.1934112961878374e-19,0.00020754332628977867,0.0008496276900532896,2.3830344139563828e-37,1.8820855573448367e-07,7.723183010899049e-31,1.6191096596047166e-10,0.0,0.0,0.0,0.0
12.95,-0.028085107,0.0018698168197709085,0.0008205473733803277,1.1067875699126635e-19,0.00020582417290002312,0.0008432648812108675,2.0396864302928858e-37,1.8027204088818062e-07,5.248800186072777e-31,1.2023880191866833e-10,0.0,0.0,0.0,0.0
12.966666666666669,-0.028085107,0.0018556779305256225,0.0008144373047385329,1.0264444793994857e-19,0.0002041192337184184,0.0008369486326530087,1.7457841926949148e-37,1.7267017924934928e-07,3.566631648082795e-31,8.923641296610132e-11,0.0,0.0,0.0,0.0
12.983333333333333,-0.028085107,0.0018416441082312093,0.0008083716461836937,9.519271733899943e-20,0.0002024283915217641,0.0008306786154779934,1.4942104999721432e-37,1.653888606943384e-07,2.423212582352648e-31,6.618706334442305e-11,0.0,0.0,0.0,0.0
13.0,-0.028085107,0.0018277145832447357,0.0008023500865891863,8.828137018308135e-20,0.0002007515300499606,0.0008244545029739712,1.278872082456197e-37,1.5841456998356243e-07,1.646115620074595e-31,4.9061634121771975e-11,0.0,0.0,0.0,0.0
13.016666666666667,-0.028085107,0.001813888592189161,0.0007963723168776415,8.187126389961779e-20,0.00019908853399814563,0.0008182759706059904,1.0945523676044542e-37,1.5173436168349252e-07,1.11806033593237e-31,3.6345699923842956e-11,0.0,0.0,0.0,0.0
13.033333333333331,-0.028085107,0.001800165377766888,0.0007904380300089895,7.592608780964302e-20,0.0001974392890088894,0.0008121426960030717,9.367854057912106e-38,1.4533583614569942e-07,7.592883627019368e-32,2.690979149587108e-11,0.0,0.0,0.0,0.0
13.05,-0.028085107,0.0017865441886069698,0.0007845469209685488,7.041215850172465e-20,0.000195803681664452,0.0008060543589453304,8.017479168255818e-38,1.3920711649842381e-07,5.155672856529973e-32,1.9912140017218424e-11,0.0,0.0,0.0,0.0
13.066666666666666,-0.023404256,0.0017730242791379107,0.0007786986867551859,6.529822997234902e-20,0.00019418159947910937,0.0008000106413511769,6.861668540853495e-38,1.3333682660801087e-07,3.500270179169509e-32,1.472583041891943e-11,0.0,0.0,0.0,0.0
13.083333333333334,-0.023404256,0.001759604909479837,0.0007728930263695025,6.055531746860126e-20,0.00019257293089153455,0.0007940112272645494,5.872402568970874e-38,1.2771406996929825e-07,2.3760517026813484e-32,1.0884281273604571e-11,0.0,0.0,0.0,0.0
13.1,-0.023404256,0.0017462853453515128,0.0007671296408020877,5.615653404562418e-20,0.00019097756525724487,0.0007880558028422214,5.025694819073283e-38,1.2232840948584302e-07,1.6126822198136034e-32,8.040472732549507e-12,0.0,0.0,0.0,0.0
13.116666666666667,-0.023404256,0.0017330648579886537,0.0007614082330218105,5.207693892234241e-20,0.000189395392841109,0.0007821440563411528,4.3010117836072294e-38,1.1716984810245402e-07,1.0944118464057881e-32,5.936479202005619e-12,0.0,0.0,0.0,0.0
13.133333333333333,-0.023404256,0.0017199427240709713,0.0007557285079641745,4.8293396784961625e-20,0.00018782630480991474,0.0007762756781059084,3.680776070259824e-38,1.1222881025412963e-07,7.425955248866587e-33,4.3807195200414566e-12,0.0,0.0,0.0,0.0
13.15,-0.023404256,0.0017069182256559047,0.0007500901725197074,4.478444724893183e-20,0.00018627019322499678,0.0007704503605561213,3.149941036269189e-38,1.0749612409697141e-07,5.038066518915112e-33,3.2309823353269826e-12,0.0,0.0,0.0,0.0
13.166666666666666,-0.028085107,0.001693990650117621,0.0007444929355224141,4.153018374692394e-20,0.0001847269510349255,0.0007646677981740235,2.6956265988392354e-38,1.0296300448813438e-07,3.417558531181815e-33,2.381769812652183e-12,0.0,0.0,0.0,0.0
13.183333333333334,-0.03276596,0.0016811592900901032,0.000738936507738274,3.851214116307593e-20,0.00018319647206825192,0.0007589276874920264,2.3068074278964578e-38,9.862103668322558e-08,2.317976247144747e-33,1.7548678140334754e-12,0.0,0.0,0.0,0.0
13.2,-0.03276596,0.0016684234434135112,0.0007334206018537894,3.571319158274452e-20,0.0001816786510263159,0.0007532297270803601,1.974045990814242e-38,9.446216072092742e-08,1.571966960114438e-33,1.2923249443173093e-12,0.0,0.0,0.0,0.0
13.216666666666669,-0.03276596,0.0016557824130831512,0.000727944932464582,3.311744757239578e-20,0.00018017338347610815,0.0007475736175347663,1.6892640007058184e-38,9.047865646586503e-08,1.0659079699253215e-33,9.51228703220507e-13,0.0,0.0,0.0,0.0
13.233333333333333,-0.03276596,0.0016432355072006064,0.0007225092160640517,3.071017244645685e-20,0.00017868056584319363,0.0007419590614642578,1.4455467464877153e-38,8.666312928199178e-08,7.226671514855061e-34,6.99821372124718e-13,0.0,0.0,0.0,0.0
13.25,-0.03276596,0.0016307820389265908,0.0007171131710320623,2.847769701704986e-20,0.00017720009540468933,0.0007363857634789154,1.2369755764392545e-38,8.300849630989118e-08,4.898912352678346e-34,5.146139534196063e-13,0.0,0.0,0.0,0.0
13.266666666666667,-0.03276596,0.0016184213264353368,0.0007117565176237049,2.6407342358880082e-20,0.00017573187028230216,0.0007308534301777641,1.0584844865368918e-38,7.950797332257238e-08,3.3205055475226886e-34,3.78243100499687e-13,0.0,0.0,0.0,0.0
13.283333333333331,-0.03276596,0.0016061526928702202,0.0007064389779580936,2.4487348155215133e-20,0.00017427578943542027,0.0007253617701366903,9.057373467764047e-39,7.615506213534758e-08,2.250361904594424e-34,2.778807793336793e-13,0.0,0.0,0.0,0.0
13.3,-0.028085107,0.0015939754663004946,0.0007011602760072161,2.2706806222193844e-20,0.00017283175265426161,0.0007199104938964156,7.750227970369344e-39,7.294353854644955e-08,1.524911243660829e-34,2.0405484470120918e-13,0.0,0.0,0.0,0.0
13.316666666666666,-0.028085107,0.0015818889796790228,0.0006959201375848416,2.1055598837726353e-20,0.00017139966055308,0.0007144993139505403,6.631642707822931e-39,6.986744078602549e-08,1.0331924629789624e-34,1.4977489812845224e-13,0.0,0.0,0.0,0.0
13.333333333333334,-0.028085107,0.001569892570800852,0.0006907182903354651,1.9524341528168818e-20,0.00016997941456342168,0.0007091279447336283,5.674429703202024e-39,6.692105845205773e-08,6.999431567219428e-35,1.0988480161162339e-13,0.0,0.0,0.0,0.0
13.35,-0.028085107,0.001557985582262615,0.0006855544637233207,1.8104329990981332e-20,0.00016857091692744193,0.0007037961026093565,4.855319302583747e-39,6.409892191271145e-08,4.741214518787821e-35,8.058336376900135e-14,0.0,0.0,0.0,0.0
13.366666666666667,-0.028085107,0.0015461673614226398,0.0006804283890214266,1.678749085475184e-20,0.00016717407069127114,0.0006985035058587172,4.1543957374151125e-39,6.139579215542883e-08,3.211161423573917e-35,5.906972689419016e-14,0.0,0.0,0.0,0.0
13.383333333333333,-0.028085107,0.001534437260361762,0.0006753397993006956,1.556633599951694e-20,0.00016578877969843878,0.0006932498746682824,3.554613954920582e-39,5.8806651063953346e-08,2.1746069471007484e-35,4.3281163368065104e-14,0.0,0.0,0.0,0.0
13.4,-0.028085107,0.0015227946358447547,0.0006702884294190877,1.443392018027591e-20,0.0001644149485833473,0.0006880349311185153,3.041386021355383e-39,5.632669210523472e-08,1.472468128903237e-35,3.1699310259112274e-14,0.0,0.0,0.0,0.0
13.416666666666666,-0.028085107,0.001511238849282383,0.0006652740160108172,1.33838017151476e-20,0.0001630524827648014,0.0006828583991721484,2.6022270851046927e-39,5.3951311408947495e-08,9.969145358688143e-36,2.3207058856071058e-14,0.0,0.0,0.0,0.0
13.433333333333334,-0.028085107,0.0014997692666940073,0.0006602962974756047,1.2410006016813765e-20,0.0001617012884395885,0.000677720004662608,2.2264523269765824e-39,5.167609922306462e-08,6.748655133096687e-36,1.6982914747904007e-14,0.0,0.0,0.0,0.0
13.45,-0.023404256,0.0014883852586707606,0.0006553550139679914,1.1506991761868003e-20,0.00016036127257611248,0.0006726194752825041,1.9049175583061606e-39,4.949683172964249e-08,4.5679801699851624e-36,1.242305968311326e-14,0.0,0.0,0.0,0.0
13.466666666666669,-0.023404256,0.0014770862003392192,0.0006504499073866866,1.0669619507499108e-20,0.00015903234290807667,0.0006675565405721665,1.6297971834272965e-39,4.740946320562602e-08,3.091571053879945e-36,9.083881587937874e-15,0.0,0.0,0.0,0.0
13.483333333333333,-0.023404256,0.0014658714713256117,0.0006455807213639842,9.893122578691382e-21,0.00015771440792822252,0.0006625309319082512,1.3943941471672623e-39,4.541011851413936e-08,2.0921011571305055e-36,6.639619559453273e-15,0.0,0.0,0.0,0.0
13.5,-0.023404256,0.0014547404557204713,0.000640747201255212,9.173080061878266e-21,0.0001564073768821136,0.0006575423824923821,1.1929772620933269e-39,4.3495085912318274e-08,1.415581650610972e-36,4.8511645775959445e-15,0.0,0.0,0.0,0.0
13.516666666666667,-0.018723404,0.0014436925420437965,0.0006359490941282468,8.50539175283071e-21,0.00015511115976197452,0.0006525906273398697,1.0206419729903739e-39,4.1660810162357155e-08,9.577151012815017e-37,3.5430893302700558e-15,0.0,0.0,0.0,0.0
13.533333333333331,-0.023404256,0.0014327271232106415,0.0006311861487530685,7.886254917540618e-21,0.00015382566730057852,0.0006476754032684748,8.731911834627656e-40,3.990388593297474e-08,6.478691154822946e-37,2.5867450885435283e-15,0.0,0.0,0.0,0.0
13.55,-0.023404256,0.0014218435964971428,0.0006264581155913689,7.312142735058248e-21,0.00015255081096518297,0.000642796448887224,7.470332553518955e-40,3.82210514790627e-08,4.382158791681961e-37,1.8878292751588433e-15,0.0,0.0,0.0,0.0
13.566666666666666,-0.018723404,0.0014110413635069921,0.0006217647467862145,6.779784300703038e-21,0.0001512865029515172,0.0006379535045852957,6.39094707567969e-40,3.6609182587794264e-08,2.963733795436164e-37,1.3772457052262664e-15,0.0,0.0,0.0,0.0
13.583333333333334,-0.018723404,0.001400319830138293,0.0006171057961517482,6.286146076838505e-21,0.00015003265617781646,0.0006331463125209442,5.467454970025476e-40,3.506528677994984e-08,2.0041991605410738e-37,1.0043886555612733e-15,0.0,0.0,0.0,0.0
13.6,-0.018723404,0.0013896784065508423,0.000612481019162955,5.82841468655458e-21,0.00014878918427890675,0.0006283746166104926,4.677350690259014e-40,3.358649775571339e-08,1.3551691618160016e-37,7.322102920489269e-16,0.0,0.0,0.0,0.0
13.616666666666667,-0.018723404,0.0013791165071337839,0.000607890172945467,5.403980953150665e-21,0.00014755600160033444,0.0006236381625173743,4.001376260410161e-40,3.217007007462374e-08,9.162150922331522e-38,5.335995770753571e-16,0.0,0.0,0.0,0.0
13.633333333333333,-0.0140425535,0.0013686335504736527,0.000603333016265424,5.0104250953312474e-21,0.0001463330231925481,0.0006189366976412323,3.423052859807113e-40,3.0813374059817824e-08,6.193740576464245e-38,3.8872517160425035e-16,0.0,0.0,0.0,0.0
13.65,-0.0140425535,0.001358228959322774,0.0005988093095193794,4.645502994527717e-21,0.00014512016480512283,0.0006142699711070714,2.928279938918717e-40,2.9513890917104684e-08,4.186591215709323e-38,2.8308657731268705e-16,0.0,0.0,0.0,0.0
13.666666666666666,-0.0140425535,0.0013479021605680367,0.0005943188147242642,4.3071334568010145e-21,0.0001439173428810358,0.0006096377337544709,2.504992134810306e-40,2.8269208059818734e-08,2.8295698330416464e-38,2.0608537338180939e-16,0.0,0.0,0.0,0.0
13.683333333333334,-0.018723404,0.001337652585199998,0.0005898612955073882,3.99338639737911e-21,0.00014272447455098493,0.0006050397381268441,2.1428656565598685e-40,2.7077014630774225e-08,1.912198260920732e-38,1.4997820707293861e-16,0.0,0.0,0.0,0.0
13.7,-0.018723404,0.0013274796682823432,0.0005854365170965033,3.702471881082578e-21,0.00014154147762775586,0.0006004757384607621,1.8330670108154168e-40,2.5935097213014557e-08,1.2921067416588613e-38,1.0910986703359109e-16,0.0,0.0,0.0,0.0
13.716666666666669,-0.018723404,0.0013173828489216647,0.0005810442463099074,3.432729956713362e-21,0.00014036827060063387,0.0005959454906753228,1.5680379647618e-40,2.484133572139465e-08,8.730058661547837e-39,7.935175365887552e-17,0.0,0.0,0.0,0.0
13.733333333333333,-0.018723404,0.0013073615702375787,0.000576684251546606,3.1826212279575763e-21,0.0001392047726298623,0.0005914487523615854,1.3413115229703643e-40,2.3793699467377687e-08,5.897793311520301e-39,5.769090952937892e-17,0.0,0.0,0.0,0.0
13.75,-0.023404256,0.0012974152793331297,0.0005723563027765095,2.9507181075026565e-21,0.00013805090354114305,0.0005869852827720454,1.1473544472021223e-40,2.2790243389737232e-08,3.9839682651845566e-39,4.1929365194944455e-17,0.0,0.0,0.0,0.0
13.766666666666667,-0.023404256,0.0012875434272655415,0.0005680601715306993,2.7356967049254223e-21,0.00013690658382018635,0.0005825548428101812,9.814324924583344e-41,2.18291044441795e-08,2.6908930797138024e-39,3.046427823683375e-17,0.0,0.0,0.0,0.0
13.783333333333331,-0.023404256,0.0012777454690172357,0.0005637956308917264,2.536329302476673e-21,0.0001357717346073015,0.0005781571950200406,8.394950840063042e-41,2.0908498145178354e-08,1.8173207043103452e-39,2.212721900905104e-17,0.0,0.0,0.0,0.0
13.8,-0.023404256,0.0012680208634671493,0.000559562455483963,2.3514773762080982e-21,0.00013464627769203117,0.0005737921035758854,7.180766321235788e-41,2.0026715253609837e-08,1.2272176042058587e-39,1.6066738041261666e-17,0.0,0.0,0.0,0.0
13.816666666666666,-0.023404256,0.0012583690733623636,0.000555360421464015,2.1800851229623588e-21,0.00013353013550783374,0.0005694593342718989,6.142120853246341e-41,1.9182118604041592e-08,8.286416400276985e-40,1.1662592532374931e-17,0.0,0.0,0.0,0.0
13.833333333333334,-0.023404256,0.0012487895652899719,0.0005511893065111618,2.0211734566006683e-21,0.00013242323112680325,0.0005651586545119326,5.25364668652496e-41,1.8373140065784126e-08,5.59457894552602e-40,8.463120998888618e-18,0.0,0.0,0.0,0.0
13.85,-0.023404256,0.0012392818096492596,0.0005470488898178658,1.8738344394931124e-21,0.0001313254882544362,0.0005608898332993194,4.493640496174558e-41,1.7598277632071148e-08,3.7767986801672304e-40,6.139536357705013e-18,0.0,0.0,0.0,0.0
13.866666666666667,-0.028085107,0.001229845280624126,0.0005429389520803177,1.7372261177515436e-21,0.00013023683122443953,0.0005566526412267321,3.8435342771346157e-41,1.6856092631962327e-08,2.5493903433133776e-40,4.452579399568169e-18,0.0,0.0,0.0,0.0
13.883333333333333,-0.028085107,0.0012204794561557822,0.0005388592754890359,1.6105677309663007e-21,0.00012915718499358108,0.0005524468504661022,3.287442602884406e-41,1.6145207059798382e-08,1.7207001715149842e-40,3.228199082278075e-18,0.0,0.0,0.0,0.0
13.9,-0.028085107,0.001211183817915697,0.000534809643719511,1.4931352693219548e-21,0.00012808647513658168,0.0005482722347585848,2.811775231404816e-41,1.546430101724991e-08,1.1612633573252683e-40,2.339822592662454e-18,0.0,0.0,0.0,0.0
13.916666666666666,-0.028085107,0.001201957851278804,0.0005307898419229032,1.3842573529300562e-21,0.00012702462784104998,0.0005441285694045859,2.4049056306102357e-41,1.481211026321541e-08,7.836338454831478e-41,1.69543425198164e-18,0.0,0.0,0.0,0.0
13.933333333333334,-0.028085107,0.0011928010452969407,0.0005267996567167839,1.283311410036959e-21,0.00012597156990245607,0.0005400156312538323,2.0568873550066522e-41,1.4187423867020113e-08,5.287530363225062e-41,1.228162330523085e-18,0.0,0.0,0.0,0.0
13.95,-0.028085107,0.0011837128926725424,0.0005228388761759274,1.1897201324539629e-21,0.0001249272287191492,0.0005359331986955044,1.7592113689141046e-41,1.3589081960561982e-08,3.56738573744345e-41,8.894238321033453e-19,0.0,0.0,0.0,0.0
13.966666666666669,-0.028085107,0.0011746928897325612,0.0005189072898231484,1.102948188123439e-21,0.00012389153228741336,0.0005318810516484137,1.504598407441989e-41,1.3015973585231726e-08,2.406606337400509e-41,6.439338713581929e-19,0.0,0.0,0.0,0.0
13.983333333333333,-0.028085107,0.0011657405364026332,0.0005150046886201953,1.0224991721888566e-21,0.00012286440919656504,0.0005278589715512427,1.2868213186948473e-41,1.246703462961373e-08,1.6233721961706514e-41,4.660737276690195e-19,0.0,0.0,0.0,0.0
14.0,-0.028085107,0.0011568553361814417,0.0005111308649586756,9.479127792842256e-22,0.0001218457886240889,0.0005238667413528228,1.1005530600932008e-41,1.1941245854136977e-08,1.094937896778505e-41,3.3724857674686984e-19,0.0,0.0,0.0,0.0
14.016666666666667,-0.03276596,0.0011480367961153426,0.0005072856126510462,8.787621810107455e-22,0.00012083560033081582,0.0005199041455024814,9.412366459381704e-42,1.1437630999014773e-08,7.38447251603782e-42,2.4396586319555885e-19,0.0,0.0,0.0,0.0
14.033333333333331,-0.03276596,0.0011392844267731842,0.0005034687269216437,8.146515937278824e-22,0.00011983377465613754,0.0005159709699404309,8.049738775717981e-42,1.095525497195781e-08,4.9797592253273886e-42,1.7643823118690866e-19,0.0,0.0,0.0,0.0
14.05,-0.03276596,0.0011305977422213362,0.0004996800043977552,7.552140228634267e-22,0.00011884024251326132,0.0005120670020882069,6.884301446750562e-42,1.0493222112299198e-08,3.357811808123923e-42,1.2756815291073084e-19,0.0,0.0,0.0,0.0
14.066666666666666,-0.03276596,0.0011219762599989599,0.0004959192431007521,7.001091709461818e-22,0.00011785493538450486,0.0005081920308391745,5.887529774971926e-42,1.0050674528310919e-08,2.263934005865679e-42,9.221020779217508e-20,0.0,0.0,0.0,0.0
14.083333333333334,-0.03276596,0.0011134195010934515,0.0004921862424372568,6.49021497490564e-22,0.00011687778531662573,0.0005043458465490644,5.035023646308253e-42,9.626790504622977e-09,1.5262681375707455e-42,6.663526025223359e-20,0.0,0.0,0.0,0.0
14.1,-0.03276596,0.0011049269899161133,0.0004884808031903641,6.016584197232171e-22,0.0001159087249161935,0.0005005282410265791,4.305911374757514e-42,9.220782976793164e-09,1.0288636767333071e-42,4.81414030923501e-20,0.0,0.0,0.0,0.0
14.116666666666667,-0.03276596,0.00109649825427801,0.00048480272751090503,5.577486439381986e-22,0.00011494768734499529,0.0004967390075240395,3.682339677270293e-42,8.831898070193491e-09,6.9349767532872044e-43,3.477155413436184e-20,0.0,0.0,0.0,0.0
14.133333333333333,-0.037446808,0.0010881328253660376,0.00048115181890876505,5.170406180075741e-22,0.00011399460631548238,0.0004929779407280895,3.149037340457314e-42,8.459413700503746e-09,4.6740420442975595e-43,2.510853189952604e-20,0.0,0.0,0.0,0.0
14.15,-0.037446808,0.0010798302377191685,0.00047752788224423735,4.793010962602641e-22,0.00011304941608625129,0.0004892448367504466,2.6929419361973972e-42,8.102638233213148e-09,3.1499299864664975e-43,1.812639862544945e-20,0.0,0.0,0.0,0.0
14.166666666666666,-0.037446808,0.001071590029204904,0.00047393072371943373,4.443138085786805e-22,0.00011211205145756294,0.0004855394931187078,2.3028804796523755e-42,7.76090919964364e-09,2.1226095619565966e-43,1.3082653296980524e-20,0.0,0.0,0.0,0.0
14.183333333333334,-0.037446808,0.0010634117409959029,0.0004703601508697351,4.118782261530586e-22,0.00011118244776689823,0.0004818617087672023,1.969296237922593e-42,7.433592067110593e-09,1.4302122944332034e-43,9.44007253906625e-21,0.0,0.0,0.0,0.0
14.2,-0.03276596,0.0010552949175468027,0.0004668159725552915,3.818084168813865e-22,0.00011026054088455,0.0004782112840279004,1.6840150225780315e-42,7.120079060939603e-09,9.635900714616185e-44,6.810062553480103e-21,0.0,0.0,0.0,0.0
14.216666666666669,-0.03276596,0.0010472391065712145,0.0004632979989525639,3.5393198391070053e-22,0.00010934626720924954,0.0004745880206213649,1.4400452619411822e-42,6.819788036151825e-09,6.49151083163729e-44,4.911613695983315e-21,0.0,0.0,0.0,0.0
14.233333333333333,-0.028085107,0.001039243859018913,0.00045980604154592175,3.28089081287199e-22,0.00010843956366383187,0.0004709917216477628,1.2314069727027365e-42,6.532161396725171e-09,4.3728155102488086e-44,3.54156875641334e-21,0.0,0.0,0.0,0.0
14.25,-0.028085107,0.0010313087290531788,0.00045633991311927046,3.041315011195083e-22,0.00010754036769093222,0.00046742219157791575,1.0529854552569526e-42,6.256665060423624e-09,2.945361864255167e-44,2.5530925447503715e-21,0.0,0.0,0.0,0.0
14.266666666666667,-0.03276596,0.0010234332740283424,0.00045289942774774173,2.819218270654031e-22,0.00010664861724872117,0.00046387923624441216,9.004061402153255e-43,5.992787467275709e-09,1.983711607333413e-44,1.8400848685221896e-21,0.0,0.0,0.0,0.0
14.283333333333331,-0.037446808,0.0010156170544674823,0.0004494844007894178,2.613326493281294e-22,0.00010576425080667306,0.0004603626628327615,7.699275295606221e-43,5.740038629859753e-09,1.335921725408889e-44,1.3258993728298442e-21,0.0,0.0,0.0,0.0
14.3,-0.037446808,0.001007859634040293,0.0004460946488771036,2.422458366977548e-22,0.00010488720734136828,0.0004568722798725974,6.5834961741499716e-43,5.497949223634214e-09,8.995935313914378e-45,9.551809969690516e-22,0.0,0.0,0.0,0.0
14.316666666666666,-0.042127658,0.001000160579541137,0.00044272998991014994,2.245518614965647e-22,0.00010401742633233162,0.0004534078972289397,5.629355531571549e-43,5.266069715625161e-09,6.057238815065723e-45,6.879615207449342e-22,0.0,0.0,0.0,0.0
14.333333333333334,-0.037446808,0.0009925194608672349,0.00043939024304631035,2.0814917358771658e-22,0.00010315484775790272,0.00044996932609349204,4.8134463283719446e-43,5.0439695298521705e-09,4.07817968438281e-45,4.953896643945654e-22,0.0,0.0,0.0,0.0
14.35,-0.03276596,0.0009849358509970477,0.0004360752286936564,1.9294361988504678e-22,0.00010229941209114133,0.000446556378976002,4.115749813800432e-43,4.831236247945436e-09,2.7455005086944974e-45,3.566440592649924e-22,0.0,0.0,0.0,0.0
14.366666666666667,-0.03276596,0.000977409325968793,0.00043278476850252515,1.7884790606013136e-22,0.00010145106029576566,0.0004431688696956589,3.5191452466997863e-43,4.627474843468841e-09,1.848163689906014e-45,2.5670198819427953e-22,0.0,0.0,0.0,0.0
14.383333333333333,-0.028085107,0.0009699394648591429,0.0004295186853575209,1.6578109738241833e-22,0.00010060973382212419,0.0004398066133725493,3.0089905304106743e-43,4.432306948528932e-09,1.2440083402682502e-45,1.847270812539791e-22,0.0,0.0,0.0,0.0
14.4,-0.028085107,0.000962525849762061,0.00042627680336955606,1.5366815585045047e-22,9.977537460319913e-05,0.00043646942641915437,2.5727635089011357e-43,4.245370151307728e-09,8.372792372551467e-46,1.3290456591845136e-22,0.0,0.0,0.0,0.0
14.416666666666666,-0.03276596,0.0009551680657678074,0.0004230589478679382,1.4243951097844305e-22,9.894792505064467e-05,0.00043315712653190126,2.199755153038385e-43,4.0663173232161135e-09,5.634841944945066e-46,9.560004962664996e-23,0.0,0.0,0.0,0.0
14.433333333333334,-0.028085107,0.0009478657009420858,0.00041986494539249903,1.3203066179360807e-22,9.81273280508554e-05,0.000429869532682757,1.8808071336146196e-43,3.894815974418455e-09,3.7919076962274e-46,6.875211947050348e-23,0.0,0.0,0.0,0.0
14.45,-0.03276596,0.0009406183463053548,0.0004166946236857736,1.2238180777709695e-22,9.73135269610681e-05,0.00042660646511087657,1.6080873622924177e-43,3.730547636532671e-09,2.551517719736657e-46,4.943387809177262e-23,0.0,0.0,0.0,0.0
14.466666666666669,-0.03276596,0.0009334255958122716,0.00041354781168521324,1.1343750664583811e-22,9.650646560549477e-05,0.0004233677453142922,1.3748980094870168e-43,3.573207271359326e-09,1.7167396748177939e-46,3.553650723035508e-23,0.0,0.0,0.0,0.0
14.483333333333333,-0.03276596,0.0009262870463313047,0.0004104243395154536,1.0514635702523377e-22,9.570608827148833e-05,0.0004201531960416582,1.175511301994576e-43,3.4225027045431077e-09,1.154982838528554e-46,2.5540953211689173e-23,0.0,0.0,0.0,0.0
14.5,-0.03276596,0.0009192022976244699,0.0004073240384806157,9.746070420410504e-23,9.491233970573701e-05,0.00041696264128403406,1.0050290822560897e-43,3.2781540831143738e-09,7.769839662414343e-47,1.8353233551568486e-23,0.0,0.0,0.0,0.0
14.516666666666667,-0.03276596,0.000912170952327231,0.0004042467410566583,9.033636729466785e-23,9.412516511049354e-05,0.00041379590626672324,8.592626920990502e-44,3.139893355905039e-09,5.226539361365067e-47,1.3185664541540449e-23,0.0,0.0,0.0,0.0
14.533333333333331,-0.03276596,0.0009051926159285328,0.00040119228088376967,8.373238624194672e-23,9.334451013983212e-05,0.00041065281744115503,7.34630240783852e-44,3.007463775873453e-09,3.5154606404243325e-47,9.471225954375734e-24,0.0,0.0,0.0,0.0
14.55,-0.03276596,0.0008982668967509722,0.00039816049275880153,7.761078724004164e-23,9.257032089593641e-05,0.0004075332024768107,6.280687423416362e-44,2.8806194234147217e-09,2.3643746872059103e-47,6.801832097647798e-24,0.0,0.0,0.0,0.0
14.566666666666666,-0.03276596,0.0008913934059311264,0.00039515121262775096,7.193636521738464e-23,9.180254392542032e-05,0.0004044368902532054,5.369589708934334e-44,2.759124749772058e-09,1.5900713357386176e-47,4.8838456631280165e-24,0.0,0.0,0.0,0.0
14.583333333333334,-0.03276596,0.000884571757399996,0.00039216427757827695,6.667648215020879e-23,9.104112621567478e-05,0.00040136371085190464,4.590611937686664e-44,2.6427541397008874e-09,1.0692600962526585e-47,3.506025241813616e-24,0.0,0.0,0.0,0.0
14.6,-0.03276596,0.0008778015678636074,0.0003891995258322683,6.180088005363442e-23,9.028601519124828e-05,0.00039831349554859816,3.924602083937654e-44,2.5312914925745315e-09,7.189799014371938e-48,2.5164365697241942e-24,0.0,0.0,0.0,0.0
14.616666666666667,-0.03276596,0.0008710824567837342,0.0003862567967384475,5.728150758325225e-23,8.953715871025412e-05,0.0003952860768052115,3.355183365931276e-44,2.4245298211535142e-09,4.8341149600188564e-48,1.8058244441856893e-24,0.0,0.0,0.0,0.0
14.633333333333333,-0.03276596,0.0008644140463587654,0.00038333593076501975,5.309235925764267e-23,8.879450506080861e-05,0.0003922812882620699,2.868352247000217e-44,2.322270867273993e-09,3.25000645838374e-48,1.2956401428203494e-24,0.0,0.0,0.0,0.0
14.65,-0.03276596,0.000857795961504697,0.00038043676949236176,4.920932638409976e-23,8.805800295749779e-05,0.0003892989647301037,2.452134644692847e-44,2.2243247337415416e-09,2.184835231856829e-48,9.29422794168339e-25,0.0,0.0,0.0,0.0
14.666666666666666,-0.03276596,0.0008512278298362649,0.0003775591556057582,4.561005883653177e-23,8.732760153787334e-05,0.0003863389421831017,2.096291922877903e-44,2.1305095317474233e-09,1.4686576188340306e-48,6.6659648297026e-25,0.0,0.0,0.0,0.0
14.683333333333334,-0.03276596,0.0008447092816481982,0.0003747029328881707,4.227383689629445e-23,8.660325035897632e-05,0.00038340105775000797,1.792069460745296e-44,2.0406510431524487e-09,9.8716563367334e-49,4.780069373260945e-25,0.0,0.0,0.0,0.0
14.7,-0.03276596,0.0008382399498966123,0.00037186794621305724,3.918145242408407e-23,8.588489939389056e-05,0.00038048514970726743,1.5319816352913903e-44,1.9545823970118485e-09,6.634791383009482e-49,3.4271062058608537e-25,0.0,0.0,0.0,0.0
14.716666666666669,-0.03276596,0.0008318194701805211,0.0003690540415372272,3.631509868416353e-23,8.517249902832318e-05,0.00037759105747121093,1.3096279457361087e-44,1.872143759740329e-09,4.4589487348775935e-49,2.4566528988666608e-25,0.0,0.0,0.0,0.0
14.733333333333333,-0.03276596,0.000825447480723487,0.00036626106589374206,3.365826819154405e-23,8.44660000572138e-05,0.0003747186215904929,1.1195357711817189e-44,1.7931820383426098e-09,2.9964417002456776e-49,1.7606927979173e-25,0.0,0.0,0.0,0.0
14.75,-0.03276596,0.0008191236223553798,0.00036348886738485,3.1195657998446175e-23,8.37653536813703e-05,0.0003718676837385635,9.570259053273776e-45,1.7175505961579614e-09,2.0134808913024897e-49,1.2616752994677124e-25,0.0,0.0,0.0,0.0
14.766666666666667,-0.03276596,0.0008128475384942833,0.0003607372951749726,2.891308187881968e-23,8.307051150413404e-05,0.00036903808670619607,8.180975701703467e-45,1.6451089805916895e-09,1.3528750852120391e-49,9.039335400410468e-26,0.0,0.0,0.0,0.0
14.783333333333331,-0.03276596,0.0008066188751285053,0.0003580061994837212,2.6797388909001467e-23,8.238142552807036e-05,0.0003662296743940513,6.993300879897362e-45,1.5757226623276512e-09,9.089428333810975e-50,6.475166539595117e-26,0.0,0.0,0.0,0.0
14.8,-0.03276596,0.000800437280798718,0.0003552954315789585,2.483638797910148e-23,8.169804815168701e-05,0.000363442291805287,5.977987992115234e-45,1.5092627855378282e-09,6.10638667600935e-50,4.6375816824760135e-26,0.0,0.0,0.0,0.0
14.816666666666666,-0.03276596,0.0007943024065802302,0.0003526048437699056,2.30187778035289e-23,8.102033216618001e-05,0.000360675785038216,5.110031629748653e-45,1.4456059286254587e-09,4.102051134485867e-50,3.3209246806924804e-26,0.0,0.0,0.0,0.0
14.833333333333334,-0.028085107,0.0007882139060653572,0.00034993428940027744,2.1334082030436488e-23,8.034823075220474e-05,0.0003579300012790001,4.368052759068208e-45,1.3846338750572006e-09,2.7554151851548247e-50,2.3776828948634346e-26,0.0,0.0,0.0,0.0
14.85,-0.028085107,0.0007821714353459344,0.0003472836228414701,1.977258907898081e-23,7.968169747667484e-05,0.00035520478879439566,3.7337730007773574e-45,1.3262333938592104e-09,1.8507271961950166e-50,1.702068036212717e-26,0.0,0.0,0.0,0.0
14.866666666666667,-0.028085107,0.000776174652995932,0.00034465269948578096,1.8325296360255608e-23,7.902068628958576e-05,0.0003524999969245359,3.191565096004586e-45,1.2702960293694631e-09,1.2429890957314095e-50,1.2182280263159762e-26,0.0,0.0,0.0,0.0
14.883333333333333,-0.028085107,0.0007702232200541988,0.0003420413757396714,1.6983858562800546e-23,7.836515152086623e-05,0.00034981547607576145,2.7280685220600924e-45,1.216717899856143e-09,8.34760618712416e-51,8.717853176538906e-27,0.0,0.0,0.0,0.0
14.9,-0.028085107,0.0007643168000073144,0.0003394495090170671,1.5740539706777237e-23,7.771504787725351e-05,0.00034715107771348915,2.331860819491166e-45,1.1653995046280705e-09,5.605656416147335e-51,6.2376414244501314e-27,0.0,0.0,0.0,0.0
14.916666666666666,-0.028085107,0.0007584550587725639,0.0003368769577327009,1.458816869243784e-23,7.707033043919565e-05,0.00034450665435512804,1.9931765588345777e-45,1.116245539279288e-09,3.764099147139458e-51,4.462330587075723e-27,0.0,0.0,0.0,0.0
14.933333333333334,-0.028085107,0.0007526376646810229,0.0003343235812954915,1.352009808845664e-23,7.643095465777819e-05,0.0003418820595630346,1.7036670444567714e-45,1.0691647187246449e-09,2.527352706091879e-51,3.1917887611466614e-27,0.0,0.0,0.0,0.0
14.95,-0.023404256,0.0007468642884607598,0.00033178924010196325,1.2530165924213643e-23,7.57968763516768e-05,0.00033927714793751215,1.456194852630042e-45,1.0240696076979444e-09,1.6968405696585547e-51,2.2826439773226972e-27,0.0,0.0,0.0,0.0
14.966666666666669,-0.023404256,0.0007411346032201451,0.0003292737955297028,1.1612660267269853e-23,7.516805170413358e-05,0.00033669177510985035,1.2446581559992002e-45,9.808764583979238e-10,1.139165361859516e-51,1.6322039571402334e-27,0.0,0.0,0.0,0.0
14.983333333333333,-0.023404256,0.0007354482844312871,0.0003267771099308603,1.076228638319878e-23,7.454443725996024e-05,0.0003341257977354115,1.0638405178077593e-45,9.395050549807614e-10,7.64721342746259e-52,1.1669263356771137e-27,0.0,0.0,0.0,0.0
15.0,-0.023404256,0.0007298050099135553,0.00032429904662567777,9.974136289686243e-24,7.392598992256294e-05,0.00033157907348675,9.092824645805145e-46,8.998785646101967e-10,5.133227581550963e-52,8.341531207132498e-28,0.0,0.0,0.0,0.0
15.016666666666667,-0.023404256,0.000724204459817241,0.00032183946989606843,9.24366053050871e-24,7.33126669509942e-05,0.0003290514610467837,7.771716807391977e-46,8.619233947890324e-10,3.445473019150189e-52,5.961862927099435e-28,0.0,0.0,0.0,0.0
15.033333333333331,-0.023404256,0.0007186463166073112,0.00031939824497922764,8.566642007678179e-24,7.27044259570275e-05,0.00032654282010199936,6.642491259558878e-46,8.255690567069097e-10,2.3124820539191584e-52,4.260421869016443e-28,0.0,0.0,0.0,0.0
15.05,-0.023404256,0.0007131302650472684,0.0003169752380612793,7.939171721818238e-24,7.210122490225525e-05,0.00032405301133569956,5.677287671454754e-46,7.907480343507246e-10,1.5519553701875602e-52,3.044094768966208e-28,0.0,0.0,0.0,0.0
15.066666666666666,-0.023404256,0.0007076559921831376,0.0003145703162709687,7.357626281747227e-24,7.150302209521284e-05,0.000321581896421297,4.8522895144848e-46,7.573956591348055e-10,1.04148154544092e-52,2.174699250534925e-28,0.0,0.0,0.0,0.0
15.083333333333334,-0.023404256,0.0007022231873275388,0.0003121833476733842,6.818647054358013e-24,7.090977618852347e-05,0.0003191293380156413,4.1471373255947185e-46,7.25449989817893e-10,6.98868678428826e-53,1.553374725106667e-28,0.0,0.0,0.0,0.0
15.1,-0.023404256,0.0006968315420438797,0.0003098142012637221,6.319120835276215e-24,7.032144617606813e-05,0.000316695199752392,3.544427073330586e-46,6.948516974841523e-10,4.689336241586271e-53,1.1094041158367335e-28,0.0,0.0,0.0,0.0
15.116666666666667,-0.023404256,0.000691480750130648,0.0003074627469610851,5.8561619294710565e-24,6.97379913901781e-05,0.0003142793462354294,3.0292812874263698e-46,6.655439553745792e-10,3.1462926942841244e-53,7.922100148721822e-29,0.0,0.0,0.0,0.0
15.133333333333333,-0.028085107,0.0006861705076058147,0.0003051288556023229,5.427095539067518e-24,6.915937149885088e-05,0.0003118816430323076,2.58898240111912e-46,6.374723333643398e-10,2.1108577596639658e-53,5.656247489547568e-29,0.0,0.0,0.0,0.0
15.15,-0.028085107,0.0006809005126913328,0.00030281239893590315,5.0294423630851035e-24,6.858554650298793e-05,0.00030950195666774475,2.2126592847125304e-46,6.105846968900314e-10,1.4160906822589718e-53,4.0378901122351976e-29,0.0,0.0,0.0,0.0
15.166666666666666,-0.028085107,0.0006756704657977489,0.00030051324961582516,4.660904320770108e-24,6.801647673365653e-05,0.00030714015461715693,1.891019256644192e-46,5.848311101393341e-10,9.499386469798832e-54,2.8821666932849794e-29,0.0,0.0,0.0,0.0
15.183333333333334,-0.028085107,0.0006704800695089103,0.00029823128119556703,4.319351316616732e-24,6.745212284937255e-05,0.00030479610530022744,1.6161189765443072e-46,5.601637433232195e-10,6.37195338638627e-54,2.056945034149908e-29,0.0,0.0,0.0,0.0
15.2,-0.028085107,0.0006653290285667804,0.0002959663681220704,4.0028089711404844e-24,6.689244583340648e-05,0.00030246967807451974,1.3811685809667358e-46,5.365367838586076e-10,4.273879863901446e-54,1.467796167866444e-29,0.0,0.0,0.0,0.0
15.216666666666669,-0.028085107,0.000660217049856347,0.0002937183857297597,3.709447246994808e-24,6.633740699111096e-05,0.00030016074322912494,1.1803642400847497e-46,5.139063512965472e-10,2.866453236425267e-54,1.0472461137828695e-29,0.0,0.0,0.0,0.0
15.233333333333333,-0.028085107,0.0006551438423906458,0.0002914872102346032,3.437569905153473e-24,6.578696794727115e-05,0.00029786917197835563,1.0087450127645263e-46,4.922304158380225e-10,1.9223850711986856e-54,7.470887185648647e-30,0.0,0.0,0.0,0.0
15.25,-0.028085107,0.0006501091172958624,0.00028927271872819987,3.185604730632628e-24,6.524109064347459e-05,0.0002955948364554676,8.620704752125737e-47,4.714687202859925e-10,1.2891665377285298e-54,5.3288865577547824e-30,0.0,0.0,0.0,0.0
15.266666666666667,-0.028085107,0.0006451125877965566,0.00028707478917191327,2.95209447163929e-24,6.469973733550577e-05,0.0002933376097064323,7.367161095335731e-47,4.515827052889055e-10,8.644719750507924e-55,3.800511968290916e-30,0.0,0.0,0.0,0.0
15.283333333333331,-0.028085107,0.0006401539692009703,0.0002848933003910337,2.7356884401178727e-24,6.41628705907593e-05,0.00029109736568373956,6.295838755761477e-47,4.3253543773676895e-10,5.796504906235624e-55,2.7101262257867754e-30,0.0,0.0,0.0,0.0
15.3,-0.028085107,0.0006352329788864355,0.00028272813206897744,2.5351347254587802e-24,6.363045328567545e-05,0.0002888739792402404,5.380257631310891e-47,4.14291542176864e-10,3.8864674074118885e-55,1.9323205155492882e-30,0.0,0.0,0.0,0.0
15.316666666666666,-0.028085107,0.0006303493362848885,0.00028057916474152406,2.3492729766481894e-24,6.310244860319724e-05,0.0002866673261230321,4.5977844105687755e-47,3.968171351218288e-10,2.605658658102825e-55,1.3775630458609868e-30,0.0,0.0,0.0,0.0
15.333333333333334,-0.028085107,0.0006255027628684663,0.00027844627979108376,2.1770277113948003e-24,6.257882003024668e-05,0.0002844772829673737,3.929073930915819e-47,3.8007976212803867e-10,1.7468427881918412e-55,9.819444345031678e-31,0.0,0.0,0.0,0.0
15.35,-0.028085107,0.000620692982135214,0.0002763293594410058,2.0174021137937568e-24,6.205953135522365e-05,0.00028230372729064706,3.357591636865606e-47,3.6404833752754174e-10,1.1710193232979923e-55,6.998514767714427e-31,0.0,0.0,0.0,0.0
15.366666666666667,-0.028085107,0.0006159197195948742,0.0002742282867499151,1.8694722848869652e-24,6.154454666552377e-05,0.00028014653748634867,2.8692053690190294e-47,3.4869308670160456e-10,7.8496153782827e-56,4.987338227529634e-31,0.0,0.0,0.0,0.0
15.383333333333333,-0.028085107,0.0006111827027547829,0.0002721429456060895,1.732381913078758e-24,6.1033830345077306e-05,0.0002780055928181254,2.451836421497143e-47,3.339854907887217e-10,5.261467616398036e-56,3.553662262724166e-31,0.0,0.0,0.0,0.0
15.4,-0.028085107,0.00060648166110585,0.0002700732207218677,1.605337333772688e-24,6.0527347071908145e-05,0.00027588077341384045,2.0951612655488438e-47,3.1989823372437965e-10,3.5264665328054667e-56,2.5317935327466615e-31,0.0,0.0,0.0,0.0
15.416666666666666,-0.023404256,0.0006018163261086403,0.00026801899762809295,1.4876029498295099e-24,6.002506181571294e-05,0.00027377196025968293,1.7903565851484804e-47,3.0640515151430247e-10,2.3634537225081814e-56,1.8035394300546418e-31,0.0,0.0,0.0,0.0
15.433333333333334,-0.023404256,0.000597186431179541,0.00026598016266858924,1.3784969865160247e-24,5.952693983545931e-05,0.0002716790351943087,1.5298813374846446e-47,2.934811836469449e-10,1.5839046761305241e-56,1.2846020907037334e-31,0.0,0.0,0.0,0.0
15.45,-0.023404256,0.0005925917116770293,0.00026395660299467544,1.2773875565346376e-24,5.90329466770051e-05,0.0002696018809030222,1.307290463555321e-47,2.811023265550458e-10,1.061416194082281e-56,9.148663170033608e-32,0.0,0.0,0.0,0.0
15.466666666666669,-0.023404256,0.0005880319048880231,0.0002619482065597073,1.1836890125029747e-24,5.854304817073564e-05,0.00026754038091199116,1.117075654053366e-47,2.692455890398171e-10,7.112417409591478e-57,6.514679905810616e-32,0.0,0.0,0.0,0.0
15.483333333333333,-0.023404256,0.0005835067500143314,0.0002599548621136589,1.0968585659034562e-24,5.8057210429221685e-05,0.0002654944195825013,9.54529242554638e-48,2.578889495750306e-10,4.765667614668049e-57,4.6384763810151574e-32,0.0,0.0,0.0,0.0
15.5,-0.028085107,0.0005790159881591854,0.0002579764591977327,1.0163931530519005e-24,5.757539984489543e-05,0.00026346388210524185,8.156278681033509e-48,2.4701131541166703e-10,3.193047454510821e-57,3.302211089534967e-32,0.0,0.0,0.0,0.0
15.516666666666667,-0.028085107,0.0005745593623138698,0.0002560128881390069,9.418265300539607e-25,5.709758308774647e-05,0.00026144865449463287,6.969330366673443e-48,2.3659248340727677e-10,2.139253414856836e-57,2.3506172216036402e-32,0.0,0.0,0.0,0.0
15.533333333333331,-0.028085107,0.000570136617344437,0.00025406404004511303,8.727265800319944e-25,5.662372710303638e-05,0.0002594486235831851,5.955061275946461e-48,2.2661310250725329e-10,1.4331592656190985e-57,1.6730425158876732e-32,0.0,0.0,0.0,0.0
15.55,-0.023404256,0.0005657474999785087,0.0002521298067989469,8.086928171251632e-25,5.6153799109031384e-05,0.00025746367701589255,5.088357474066179e-48,2.1705463780837507e-10,9.600683701722288e-58,1.1906398132616563e-32,0.0,0.0,0.0,0.0
15.566666666666666,-0.028085107,0.0005613917587921747,0.00025021008105341534,7.493540728958733e-25,5.56877665947549e-05,0.00025549370324466826,4.347756377776453e-48,2.0789933613792095e-10,6.431103138358131e-58,8.472324010780264e-33,0.0,0.0,0.0,0.0
15.583333333333334,-0.023404256,0.0005570691441969669,0.0002483047562262102,6.94366351823176e-25,5.5225597317757194e-05,0.00025353859152280625,3.714916048739515e-48,1.9913019308439226e-10,4.307690726344525e-58,6.0280079160151584e-33,0.0,0.0,0.0,0.0
15.6,-0.028085107,0.0005527794084269304,0.0002464137264946196,6.434108435363386e-25,5.4767259301904404e-05,0.0002515982318994851,3.174161597692111e-48,1.9073092141867057e-10,2.8852231253157096e-58,4.288392609491856e-33,0.0,0.0,0.0,0.0
15.616666666666667,-0.023404256,0.0005485223055257768,0.0002445368867903692,5.961920803417862e-25,5.4312720835184604e-05,0.00024967251521430215,2.712097498984088e-48,1.8268592084694699e-10,1.932369890024162e-58,3.050458300180685e-33,0.0,0.0,0.0,0.0
15.633333333333333,-0.023404256,0.0005442975913341238,0.00024267413279449614,5.524362294324059e-25,5.3861950467533175e-05,0.0002477613330918454,2.31727624143692e-48,1.7498024903928188e-10,1.2941279169082383e-58,2.169630775427062e-33,0.0,0.0,0.0,0.0
15.65,-0.023404256,0.0005401050234768183,0.0002408253609322536,5.118895099421446e-25,5.34149170086747e-05,0.0002458645779362961,1.9799151317114935e-48,1.6759959387997196e-10,8.666432420152117e-59,1.542968687108879e-33,0.0,0.0,0.0,0.0
15.666666666666666,-0.023404256,0.000535944361350352,0.0002389904683680508,4.743167257268979e-25,5.297158952598352e-05,0.0002439821429260709,1.6916542548186173e-48,1.6053024688823092e-10,5.80336418771098e-59,1.0971835377554481e-33,0.0,0.0,0.0,0.0
15.683333333333334,-0.023404256,0.0005318153661103493,0.00023716935300041922,4.394999054180789e-25,5.253193734236126e-05,0.0002421139220084911,1.445349612322131e-48,1.5375907775980409e-10,3.8859368069839123e-59,7.801043316092009e-34,0.0,0.0,0.0,0.0
15.7,-0.023404256,0.0005277178006591506,0.00023536191345701547,4.0723704191233975e-25,5.2095930034132276e-05,0.0002402598098944928,1.2348963272115208e-48,1.4727350998225904e-10,2.601885587193973e-59,5.545972030807807e-34,0.0,0.0,0.0,0.0
15.716666666666669,-0.023404256,0.0005236514296334694,0.00023356804908965202,3.7734092403278256e-25,5.166353742895552e-05,0.00023841970205336444,1.0550775467671173e-48,1.4106149747866487e-10,1.7420367976296337e-59,3.9423445599205505e-34,0.0,0.0,0.0,0.0
15.733333333333333,-0.023404256,0.000519616019392143,0.00023178765996936153,3.496380536274841e-25,5.123472960375495e-05,0.00023659349470752432,9.01435309297498e-49,1.3511150223630706e-10,1.1662810919424801e-59,2.8021006849396796e-34,0.0,0.0,0.0,0.0
15.75,-0.023404256,0.0005156113380039495,0.00023002064688148802,3.2396764186246133e-25,5.080947688266497e-05,0.00023478108482732362,7.701601830495802e-49,1.2941247287886423e-10,7.807752516420931e-60,1.9914319905144464e-34,0.0,0.0,0.0,0.0
15.766666666666667,-0.023404256,0.0005116371552355252,0.00022826691132081577,3.001806789223683e-25,5.038774983499479e-05,0.00023298237012589056,6.579969492446696e-49,1.239538241423024e-10,5.226679247986618e-60,1.4151423784449225e-34,0.0,0.0,0.0,0.0
15.783333333333331,-0.023404256,0.0005076932425393493,0.00022652635548672177,2.7813907175430154e-25,4.996951927320813e-05,0.00023119724905400224,5.621639975147216e-49,1.1872541721634004e-10,3.498668348696392e-60,1.005513795537505e-34,0.0,0.0,0.0,0.0
15.8,-0.023404256,0.0005037793730418113,0.00022479888227836168,2.577148448820595e-25,4.955475625091944e-05,0.00022942562079498926,4.802844407780115e-49,1.1371754091499e-10,2.3418384404728654e-60,7.143803354730214e-35,0.0,0.0,0.0,0.0
15.816666666666666,-0.023404256,0.0004998953215313693,0.00022308439528988928,2.3878939968127386e-25,4.9143432060907966e-05,0.00022766738525967846,4.1032724615687704e-49,1.089208936412316e-10,1.5674309639131687e-60,5.074868916606235e-35,0.0,0.0,0.0,0.0
15.833333333333334,-0.023404256,0.0004960408644467706,0.0002213827988056986,2.212528278422837e-25,4.8735518233146304e-05,0.00022592244308135948,3.5055692604445564e-49,1.0432656611229292e-10,1.0490528277134347e-60,3.6047434505949226e-35,0.0,0.0,0.0,0.0
15.85,-0.023404256,0.0004922157798653662,0.0002196939977957036,2.0500327505994246e-25,4.8330986532846306e-05,0.0002241906956107915,2.99490544983817e-49,9.992602481349147e-11,7.020755506752358e-61,2.5602265728197286e-35,0.0,0.0,0.0,0.0
15.866666666666667,-0.023404256,0.0004884198474914966,0.0002180178979106433,1.8994635127861292e-25,4.792980895852068e-05,0.0002224720449112365,2.5586097884497277e-49,9.571109614989272e-11,4.6983785012676896e-61,1.8181815899792186e-35,0.0,0.0,0.0,0.0
15.883333333333333,-0.023404256,0.0004846528486449582,0.00021635440547741782,1.7599458408894786e-25,4.7531957740060717e-05,0.00022076639375352846,2.1858551734197902e-49,9.167395126636935e-11,3.144053439688276e-61,1.2910742892840248e-35,0.0,0.0,0.0,0.0
15.9,-0.023404256,0.00048091456624954507,0.0002147034274944537,1.630669121215319e-25,4.713740533682903e-05,0.0002190736456111708,1.8673903303360586e-49,8.780709150785808e-11,2.1038254797862626e-61,9.166860728789149e-36,0.0,0.0,0.0,0.0
15.916666666666666,-0.028085107,0.00047720478482167185,0.00021306487162710017,1.5108821551303265e-25,4.674612443576919e-05,0.00021739370465546803,1.59531052861021e-49,8.410333449283216e-11,1.4076914729591785e-61,6.507973223837504e-36,0.0,0.0,0.0,0.0
15.933333333333334,-0.028085107,0.0004735232904590685,0.00021143864620305102,1.3998888073408978e-25,4.635808794952972e-05,0.000215726475750687,1.362861647797825e-49,8.055580077411452e-11,9.418534461652216e-62,4.619839648757286e-36,0.0,0.0,0.0,0.0
15.95,-0.023404256,0.00046986987082955607,0.00020982466020780016,1.2970439726624169e-25,4.5973269014604194e-05,0.00021407186444925063,1.1642727452581685e-49,7.715790106226926e-11,6.301404632151156e-62,3.279173229533281e-36,0.0,0.0,0.0,0.0
15.966666666666669,-0.023404256,0.0004662443151598932,0.00020822282328012144,1.2017498379876594e-25,4.559164098948626e-05,0.0002124297769869615,9.946129805119885e-50,7.39033239878416e-11,4.215699950567438e-62,2.327332435676947e-36,0.0,0.0,0.0,0.0
15.983333333333333,-0.023404256,0.00046264641422470536,0.00020663304570758272,1.113452417865475e-25,4.521317745284014e-05,0.00021080012027825808,8.496693541787963e-50,7.078602437972898e-11,2.8202032430552596e-62,1.6516171231323393e-36,0.0,0.0,0.0,0.0
16.0,-0.023404256,0.0004590759603354765,0.00020505523842208093,1.031638343677438e-25,4.483785220168556e-05,0.00020918280191149796,7.258422343297211e-50,6.780021203790021e-11,1.8865556212530886e-62,1.1719727350334875e-36,0.0,0.0,0.0,0.0
16.016666666666666,-0.023404256,0.00045553274732962996,0.0002034893129954138,9.558318878641633e-26,4.446563924959848e-05,0.00020757773014427669,6.200560832122456e-50,6.494034097963659e-11,1.2619362394354971e-62,8.315399114908324e-37,0.0,0.0,0.0,0.0
16.033333333333335,-0.023404256,0.00045201657055967114,0.00020193518163487414,8.855922060071023e-26,4.409651282492547e-05,0.0002059848138987724,5.29683173448122e-50,6.220109913930498e-11,8.440805682424691e-63,5.899380766536025e-37,0.0,0.0,0.0,0.0
16.05,-0.023404256,0.000448527226882412,0.00020039275717887513,8.205107808294302e-26,4.373044736901404e-05,0.00020440396275712435,4.5247840428417725e-50,5.957739850254848e-11,5.645588027730434e-63,4.184925893620933e-37,0.0,0.0,0.0,0.0
16.066666666666666,-0.023404256,0.0004450645146482604,0.00019886195309260104,7.602090533437334e-26,4.336741753445628e-05,0.00020283508695683738,3.865236032192523e-50,5.706436565656537e-11,3.775838008854309e-63,2.9684340510581666e-37,0.0,0.0,0.0,0.0
16.083333333333332,-0.023404256,0.0004416282336905896,0.00019734268346368908,7.043362274548247e-26,4.300739818334764e-05,0.00020127809738622012,3.3017993313933155e-50,5.46573327389371e-11,2.5252042499015683e-63,2.1053562678648245e-37,0.0,0.0,0.0,0.0
16.1,-0.023404256,0.00043821818531517416,0.00019583486299793568,6.525672353260263e-26,4.265036438555983e-05,0.00019973290557984984,2.8204722576367273e-50,5.2351828768187236e-11,1.6887243031333246e-63,1.4930784217357165e-37,0.0,0.0,0.0,0.0
16.116666666666667,-0.018723404,0.00043483417228970365,0.0001943384070150335,6.046008517460512e-26,4.2296291417028193e-05,0.00019819942371407062,2.409292337030708e-50,5.014357133998306e-11,1.1292762024762476e-63,1.0587629489911687e-37,0.0,0.0,0.0,0.0
16.133333333333333,-0.023404256,0.00043147599883335805,0.00019285323144433244,5.601579465927921e-26,4.194515475805229e-05,0.0001966775646025147,2.0580393999494788e-50,4.8028458673546467e-11,7.551285239214648e-64,7.507134705169559e-38,0.0,0.0,0.0,0.0
16.15,-0.018723404,0.0004281434706064626,0.00019137925282062992,5.189798652882736e-26,4.159693009161146e-05,0.00019516724169165928,1.7579818923346034e-50,4.6002561993517504e-11,5.0491810808550896e-64,5.322421947894832e-38,0.0,0.0,0.0,0.0
16.166666666666668,-0.018723404,0.00042483639470020817,0.00018991638827998785,4.8082692787762493e-26,4.125159330169362e-05,0.00019366836905640848,1.5016601145345887e-50,4.4062118233113845e-11,3.375984804178008e-64,3.7731517398269844e-38,0.0,0.0,0.0,0.0
16.183333333333334,-0.018723404,0.0004215545796264457,0.00018846455555557803,4.454770380499497e-26,4.090912047163802e-05,0.0001921808613957066,1.2827010140308696e-50,4.2203523045041915e-11,2.2571456269662648e-64,2.674603284688283e-38,0.0,0.0,0.0,0.0
16.2,-0.018723404,0.00041829783530754225,0.0001870236729735498,4.12724394053944e-26,4.056948788249144e-05,0.00019070463402817692,1.095659940125095e-50,4.042332410717319e-11,1.5090315840523921e-64,1.895722927685749e-38,0.0,0.0,0.0,0.0
16.216666666666665,-0.018723404,0.0004150659730663138,0.00018559365944892918,3.823782940498653e-26,4.0232672011377945e-05,0.00018923960288779194,9.358854367084034e-51,3.8718214710563197e-11,1.0088272971820796e-64,1.343541201223998e-38,0.0,0.0,0.0,0.0
16.233333333333334,-0.018723404,0.0004118588056160225,0.00018417443448154238,3.5426202898453983e-26,3.989864952988219e-05,0.00018778568451957036,7.994037201177121e-51,3.70850276178985e-11,6.743962672426978e-65,9.521119183949426e-39,0.0,0.0,0.0,0.0
16.25,-0.018723404,0.00040867614705044557,0.000182765918151966,3.282118565822768e-26,3.956739730244604e-05,0.0001863427960753043,6.828199769363275e-51,3.5520729180971484e-11,4.508098736156076e-65,6.746618401121602e-39,0.0,0.0,0.0,0.0
16.266666666666666,-0.018723404,0.00040551781283400387,0.00018136803111750205,3.0407605051278364e-26,3.923889238477775e-05,0.00018491085530931037,5.832340334892937e-51,3.402241370625218e-11,3.0133647270472167e-65,4.780195599118517e-39,0.0,0.0,0.0,0.0
16.283333333333335,-0.018723404,0.0004023836197919666,0.0001799806946081808,2.817140192320136e-26,3.891311202227508e-05,0.0001834897805742126,4.9816830503541853e-51,3.258729805810218e-11,2.014142023300111e-65,3.38662263684044e-39,0.0,0.0,0.0,0.0
16.3,-0.018723404,0.00039927338610072015,0.00017860383042279024,2.6099548939439315e-26,3.8590033648461006e-05,0.0001820794908167524,4.255062370860263e-51,3.1212716489601676e-11,1.346197190974216e-65,2.399108026104139e-39,0.0,0.0,0.0,0.0
16.316666666666666,-0.018723404,0.0003961869312780985,0.00017723736092492733,2.4179974910800875e-26,3.8269634883431854e-05,0.00018067990557362365,3.634397114211549e-51,2.989611569139154e-11,8.99720377927681e-66,1.699397186826537e-39,0.0,0.0,0.0,0.0
16.333333333333332,-0.018723404,0.0003931240761737856,0.00017588120903907895,2.240149466506372e-26,3.795189353231893e-05,0.0001792909449673377,3.104241116692397e-51,2.863505004933856e-11,6.012939164985493e-66,1.2036558084958088e-39,0.0,0.0,0.0,0.0
16.35,-0.018723404,0.0003900846429597807,0.00017453529824672668,2.075374405848086e-26,3.7636787583762344e-05,0.00017791252970211454,2.651399332689807e-51,2.7427177102212315e-11,4.0183385751234583e-66,8.524566427917078e-40,0.0,0.0,0.0,0.0
16.366666666666667,-0.018723404,0.00038706845512092957,0.00017319955258247703,1.9227119750757088e-26,3.732429520839751e-05,0.00017654458105980183,2.264599849469874e-51,2.6270253190943242e-11,2.685262789519971e-66,6.036776203002614e-40,0.0,0.0,0.0,0.0
16.383333333333333,-0.018723404,0.00038407533744551776,0.0001718738966302157,1.7812723394600638e-26,3.701439475735395e-05,0.0001751870208958188,1.93421367541696e-51,2.5162129291375804e-11,1.7943522273490533e-66,4.274653077502141e-40,0.0,0.0,0.0,0.0
16.4,-0.018723404,0.0003811051160159326,0.0001705582555192893,1.650230991649074e-26,3.670706476076667e-05,0.0001738397716351296,1.6520153451919265e-51,2.4100747022784303e-11,1.1989727855788218e-66,3.026634095746501e-40,0.0,0.0,0.0,0.0
16.416666666666668,-0.018723404,0.0003781576181993842,0.0001692525549207091,1.5288239588974452e-26,3.6402283926299384e-05,0.00017250275626824093,1.4109783979424642e-51,2.3084134824733927e-11,8.01109277707066e-67,2.142803952655375e-40,0.0,0.0,0.0,0.0
16.433333333333334,-0.018723404,0.0003752326726386956,0.00016795672104338253,1.416343361673462e-26,3.610003113768069e-05,0.0001711758983472281,1.2051006500100673e-51,2.2110404295190015e-11,5.35248045785051e-67,1.5169408690722886e-40,0.0,0.0,0.0,0.0
16.45,-0.018723404,0.00037233010924314934,0.00016667068063036644,1.31213329790067e-26,3.580028545325098e-05,0.00016985912198178528,1.029254922948778e-51,2.1177746683071186e-11,3.576015534082329e-67,1.0737885792383254e-40,0.0,0.0,0.0,0.0
16.466666666666665,-0.018723404,0.0003694497591794019,0.00016539436095514614,1.215586028977282e-26,3.550302610452263e-05,0.0001685523518353036,8.790615194359676e-52,2.0284429528737354e-11,2.3890473867099805e-67,7.600340374136146e-41,0.0,0.0,0.0,0.0
16.483333333333334,-0.018723404,0.0003665914548624575,0.0001641276898179388,1.1261384454613989e-26,3.520823249475113e-05,0.00016725551312097415,7.507792794606013e-52,1.9428793446169476e-11,1.5959940780197747e-67,5.379125210011491e-41,0.0,0.0,0.0,0.0
16.5,-0.018723404,0.00036375502994670777,0.00016287059554202205,1.0432687919306069e-26,3.491588419751845e-05,0.00016596853159791828,6.412125104099689e-52,1.860924904086811e-11,1.066151724548837e-67,3.806754140326902e-41,0.0,0.0,0.0,0.0
16.516666666666666,-0.018723404,0.00036094031931702564,0.0001616230069700831,9.664936320234255e-27,3.462596095532766e-05,0.00016469133356734094,5.4763147876956336e-52,1.7824273957743e-11,7.1217719144844894e-68,2.6937840707342947e-41,0.0,0.0,0.0,0.0
16.533333333333335,-0.018723404,0.00035814715907992644,0.0001603848534605954,8.953650360619675e-27,3.433844267820947e-05,0.00016342384586871155,4.677044878748449e-52,1.7072410053515976e-11,4.757058560182832e-68,1.9060562766123477e-41,0.0,0.0,0.0,0.0
16.55,-0.018723404,0.0003553753865547908,0.00015915606488421855,8.294679749434948e-27,3.405330944234005e-05,0.0001621659958759715,3.994398538565389e-52,1.6352260688382132e-11,3.177389133080413e-68,1.348571115160444e-41,0.0,0.0,0.0,0.0
16.566666666666666,-0.018723404,0.00035262484026513964,0.00015793657162021895,7.684179051828725e-27,3.37705414886702e-05,0.0001609177114937624,3.411363377386788e-52,1.5662488131900685e-11,2.122188054580708e-68,9.540637390263814e-42,0.0,0.0,0.0,0.0
16.583333333333332,-0.018723404,0.00034989535992997804,0.0001567263045529173,7.118585310958165e-27,3.349011922156584e-05,0.0001596789211536838,2.9134080167535235e-52,1.5001811078298017e-11,1.4173560336885106e-68,6.749110426494768e-42,0.0,0.0,0.0,0.0
16.6,-0.018723404,0.0003471867864551928,0.00015552519506815743,6.594597311384851e-27,3.3212023207459554e-05,0.00015844955381057359,2.4881203675844204e-52,1.43690022665681e-11,9.465765883630196e-69,4.7739898181990664e-42,0.0,0.0,0.0,0.0
16.616666666666667,-0.018723404,0.0003444989619250152,0.0001543331750498006,6.109156363700527e-27,3.293623417351368e-05,0.00015722953893881477,2.124898631457404e-52,1.3762886200950994e-11,6.321415698405854e-69,3.3766220696458534e-42,0.0,0.0,0.0,0.0
16.633333333333333,-0.018723404,0.0003418317295935333,0.00015315017687623863,5.6594284988639864e-27,3.2662733006293704e-05,0.00015601880652866404,1.814687342502382e-52,1.3182336967553815e-11,4.221383520617141e-69,2.3880841840973826e-42,0.0,0.0,0.0,0.0
16.65,-0.018723404,0.0003391849338762714,0.00015197613341693428,5.242787968902429e-27,3.2391500750452926e-05,0.00015481728708260806,1.5497518864705513e-52,1.2626276143062313e-11,2.818884075022648e-69,1.688819438953699e-42,0.0,0.0,0.0,0.0
16.666666666666668,-0.018723404,0.00033655842034182324,0.00015081097802898267,4.8568019581958174e-27,3.212251860742816e-05,0.00015362491161174162,1.323485889714266e-52,1.20936707916566e-11,1.8822688067926586e-69,1.1942174459750911e-42,0.0,0.0,0.0,0.0
16.683333333333334,-0.018723404,0.00033395203570354504,0.00014965464455369542,4.499216416586767e-27,3.185576793414586e-05,0.0001524416116321722,1.1302466877293339e-52,1.1583531546412579e-11,1.2568057941242382e-69,8.44404235766713e-43,0.0,0.0,0.0,0.0
16.7,-0.018723404,0.0003313656278113021,0.00014850706731320634,4.167942932055279e-27,3.159123024173876e-05,0.00015126731916144617,9.65214780842145e-53,1.1094910771623776e-11,8.391447461558764e-70,5.970138238496493e-43,0.0,0.0,0.0,0.0
16.716666666666665,-0.018723404,0.0003287990456432767,0.000147368181107102,3.861046566730158e-27,3.132888719427352e-05,0.00015010196671500043,8.242737809024891e-53,1.0626900802633157e-11,5.6025770482785844e-70,4.220710403367062e-43,0.0,0.0,0.0,0.0
16.733333333333334,-0.018723404,0.0003262521392978293,0.00014623792120907152,3.5767345855920045e-27,3.1068720607488375e-05,0.00014894548730263717,7.0390786226438665e-53,1.0178632259903857e-11,3.7404264855750503e-70,2.983692722544285e-43,0.0,0.0,0.0,0.0
16.75,-0.018723404,0.00032372475998541955,0.00014511622336358182,3.313346012399416e-27,3.081071244754168e-05,0.00014779781442502364,6.011141655524852e-53,9.749272434199096e-12,2.497105044257638e-70,2.1090661218548296e-43,0.0,0.0,0.0,0.0
16.766666666666666,-0.018723404,0.00032121676002057814,0.00014400302378257175,3.0693419521694418e-27,3.055484482977015e-05,0.0001466588820702125,5.133279745261877e-53,9.338023739870369e-12,1.666997611198576e-70,1.4907130135449081e-43,0.0,0.0,0.0,0.0
16.783333333333335,-0.018723404,0.0003187279928139377,0.00014289825914216956,2.843296623988484e-27,3.0301100017457664e-05,0.00014552862471018825,4.383588040028244e-53,8.944122233383656e-12,1.112796354162041e-70,1.0535758833117291e-43,0.0,0.0,0.0,0.0
16.8,-0.018723404,0.0003162583128643197,0.000141801866579433,2.633889052051152e-27,3.004946042061444e-05,0.00014440697729743612,3.7433580816961613e-53,8.566836194330343e-12,7.428122125247179e-71,7.445703073774118e-44,0.0,0.0,0.0,0.0
16.816666666666666,-0.018723404,0.000313807575750872,0.00014071378368910904,2.4398953666435444e-27,2.9799908594765584e-05,0.0001432938752615326,3.196611504469291e-53,8.205464766288024e-12,4.958211795295174e-71,5.261552407240084e-44,0.0,0.0,0.0,0.0
16.833333333333332,-0.018723404,0.000311375638125264,0.00013963394852041652,2.2601816703264163e-27,2.9552427239750178e-05,0.00014218925450576063,2.7297017411835946e-53,7.859336655007114e-12,3.3094352104889273e-71,3.7178388653987155e-44,0.0,0.0,0.0,0.0
16.85,-0.018723404,0.000308962357703935,0.00013856229957384916,2.0936974278545324e-27,2.930699919853004e-05,0.0001410930514037469,2.330973821377393e-53,7.527808881505253e-12,2.2088464910785508e-71,2.62685365956511e-44,0.0,0.0,0.0,0.0
16.866666666666667,-0.018723404,0.0003065675932603984,0.00013749877579800226,1.9394693414071592e-27,2.9063607456008488e-05,0.00014000520279612203,1.99047379062962e-53,7.210265587754009e-12,1.4742125362917921e-71,1.855880572150647e-44,0.0,0.0,0.0,0.0
16.883333333333333,-0.018723404,0.000304191204617593,0.00013644331658641597,1.7965956755222682e-27,2.88222351378582e-05,0.00013892564598720194,1.699700515431263e-53,6.906116892738636e-12,9.838698465530363e-72,1.3110920298853383e-44,0.0,0.0,0.0,0.0
16.9,-0.018723404,0.0003018330526402947,0.0001353958617744438,1.6642409987385306e-27,2.8582865509359622e-05,0.00013785431874169344,1.4513936926809945e-53,6.614797796767906e-12,6.565960371034262e-72,9.261589086779535e-45,0.0,0.0,0.0,0.0
16.916666666666668,-0.018723404,0.00029949299922757633,0.00013435635163614032,1.5416313113666927e-27,2.8345481974248117e-05,0.00013679115928142072,1.2393527839839877e-53,6.3357671319976484e-12,4.381693447722979e-72,6.541949563051657e-45,0.0,0.0,0.0,0.0
16.933333333333334,-0.018723404,0.00029717090730532286,0.00013332472688116953,1.4280495310562848e-27,2.8110068073571374e-05,0.0001357361062820754,1.0582823646984458e-53,6.068506557219782e-12,2.923943115806259e-72,4.6206002481520996e-45,0.0,0.0,0.0,0.0
16.95,-0.0140425535,0.0002948666408187942,0.0001323009286517335,1.3228313098994006e-27,2.7876607484555388e-05,0.00013468909886998575,9.036600352385232e-54,5.812519595048729e-12,1.951098136938458e-72,3.2633172365327904e-45,0.0,0.0,0.0,0.0
16.966666666666665,-0.0140425535,0.00029258006472524423,0.0001312848985195223,1.2253611587405769e-27,2.764508401948036e-05,0.00013365007661891084,7.716236038647348e-54,5.567330709718362e-12,1.3018850619239202e-72,2.3045707894583928e-45,0.0,0.0,0.0,0.0
16.983333333333334,-0.0140425535,0.00029031104498658864,0.0001302765784826841,1.1350688561453708e-27,2.741548162456573e-05,0.00013261897954685445,6.588747300299223e-54,5.332484423775594e-12,8.68659506408889e-73,1.6273869828519528e-45,0.0,0.0,0.0,0.0
17.0,-0.0140425535,0.00028805944856212593,0.00012927591096281547,1.0514261211340022e-27,2.7187784378864424e-05,0.00013159574811290157,5.625966272414736e-54,5.107544472030796e-12,5.795754503605007e-73,1.1491105582558478e-45,0.0,0.0,0.0,0.0
17.016666666666666,-0.0140425535,0.0002858251434013046,0.0001282828388019709,9.739435303190163e-28,2.6961976493165802e-05,0.0001305803232140749,4.803837745374078e-54,4.8920929911926955e-12,3.8668197239810037e-73,8.1134048712194e-46,0.0,0.0,0.0,0.0
17.033333333333335,-0.0140425535,0.00028360799843654564,0.00012729730525969384,9.021676615065394e-28,2.6738042308908198e-05,0.00012957264618221388,4.101818847653189e-54,4.6857297436839275e-12,2.5797728965230726e-73,5.728158159311499e-46,0.0,0.0,0.0,0.0
17.05,-0.0140425535,0.000281407883576114,0.00012631925401006698,8.356784471359335e-28,2.6515966297100274e-05,0.00012857265878087534,3.502366333382368e-54,4.48807137419461e-12,1.7210468777722944e-73,4.043873234031074e-46,0.0,0.0,0.0,0.0
17.066666666666666,-0.0140425535,0.0002792246696970357,0.00012534862913878112,7.7408672215275564e-28,2.6295733057250787e-05,0.00012758030320225304,2.990498693773155e-54,4.298750697593462e-12,1.1481210090209256e-73,2.8546370973541995e-46,0.0,0.0,0.0,0.0
17.083333333333332,-0.0140425535,0.00027705822863807,0.00012438537514022606,7.170319520403972e-28,2.6077327316307824e-05,0.00012659552206412006,2.5534221756590524e-54,4.117416016873973e-12,7.658900623967354e-74,2.0150010480476126e-46,0.0,0.0,0.0,0.0
17.1,-0.0140425535,0.00027490843319272646,0.00012342943691459854,6.641801277822679e-28,2.5860733927606345e-05,0.0001256182584067911,2.180211382720404e-54,3.943730469868691e-12,5.1089197033726465e-74,1.4222331704912775e-46,0.0,0.0,0.0,0.0
17.116666666666667,-0.0140425535,0.0002727751571023337,0.0001224807597650316,6.152218154979185e-28,2.564593786982461e-05,0.00012464845569010608,1.8615364951001444e-54,3.77737140351848e-12,3.4078122263382796e-74,1.0037779297186164e-46,0.0,0.0,0.0,0.0
17.133333333333333,-0.0140425535,0.0002706582750491536,0.0001215392893947418,5.69870349394965e-28,2.5432924245949004e-05,0.00012368605779043305,1.589430304897152e-54,3.618029774533946e-12,2.2730356056107103e-74,7.0839575256891575e-47,0.0,0.0,0.0,0.0
17.15,-0.009361702,0.0002685576626495455,0.00012060497190419609,5.278601575128635e-28,2.5221678282247495e-05,0.00012273100899769232,1.3570892573845565e-54,3.4654095753367183e-12,1.5160757022556082e-74,4.999031519875824e-47,0.0,0.0,0.0,0.0
17.166666666666668,-0.009361702,0.00026647319644717714,0.0001196777537882976,4.889452105065025e-28,2.5012185327251565e-05,0.0001217832540124007,1.1587035354251141e-54,3.3192272842136537e-12,1.0111595015592683e-74,3.5275044831701795e-47,0.0,0.0,0.0,0.0
17.183333333333334,-0.009361702,0.00026440475390628623,0.00011875758193359178,4.5289758443325325e-28,2.4804430850746676e-05,0.0001208427379427364,9.893119485622161e-55,3.179211338663194e-12,6.743768314694672e-75,2.488978800488303e-47,0.0,0.0,0.0,0.0
17.2,-0.009361702,0.0002623524224030806,0.00011784440361548818,4.195061291705346e-28,2.4598400442770456e-05,0.00011990940630162244,8.446780066657127e-55,3.0451016309551e-12,4.497486556468138e-75,1.7560905044438728e-47,0.0,2.089980979291788e-10,0.0,0.0
17.216666666666665,-0.009361702,0.0002603292943766276,0.00011693816649550393,3.885752347053301e-28,2.439407981261993e-05,0.00011898320500383133,7.211840862150194e-55,2.9166490249673453e-12,2.999310495675934e-75,1.238924422310844e-47,0.0,1.3840148023376785e-08,0.0,0.0
17.233333333333334,-0.009361702,0.00025844613348581947,0.00011603881861852456,3.599236881066053e-28,2.4191454787866332e-05,0.0001180640803631089,6.157410484549144e-55,2.793614893402256e-12,2.0001260413668758e-75,8.740073875875643e-48,0.0,1.5177692270473843e-07,0.0,0.0
17.25,-0.009361702,0.00025708595203381875,0.00011514630841008374,3.3338361451942297e-28,2.399051131337841e-05,0.00011715197908931833,5.257110540006154e-55,2.6757706745225165e-12,1.333760180221041e-75,6.165352460461312e-48,0.0,7.971505452675634e-07,0.0,0.0
17.266666666666666,-0.009361702,0.0002570955942876962,0.00011426058467366003,3.087994960082193e-28,2.3791235450353394e-05,0.00011624684828560231,4.4884164759522655e-55,2.562897447583593e-12,8.893703320929661e-76,4.348839469700133e-48,0.0,2.796923315183055e-06,0.0,0.0
17.283333333333335,-0.009361702,0.00025992722569079317,0.00011338159658799361,2.860272625303057e-28,2.359361337535632e-05,0.0001153486354455661,3.8320946783463425e-55,2.454785526174274e-12,5.930237653486286e-76,3.0673381032594664e-48,0.0,7.6033778270916075e-06,0.0,0.0
17.3,-0.004680851,0.0002676966972349196,0.00011250929370442114,2.6493344974010376e-28,2.3397631379367103e-05,0.00011445728845047953,3.2717217677196276e-55,2.351234068709718e-12,3.954086706209018e-76,2.163330488083583e-48,0.0,1.7332481349417745e-05,0.0,0.0
17.316666666666666,-0.004680851,0.0002831526674306266,0.00011164362594422621,2.453944187139132e-28,2.3203275866835348e-05,0.00011357275556649686,2.7932740938140294e-55,2.2520507053536372e-12,2.6363615556134924e-76,1.5256579710896716e-48,0.0,3.473300780101747e-05,0.0,0.0
17.333333333333332,-0.004680851,0.0003095674980631522,0.00011078454359601064,2.2729563304562136e-28,2.3010533354743185e-05,0.00011269498544189729,2.3847771800803097e-55,2.1570511806767065e-12,1.7577151789369956e-76,1.0758822061526995e-48,0.0,6.307743351344993e-05,0.0,0.0
17.35,-0.004680851,0.00035056993732398764,0.00010993199731308206,2.105309890975757e-28,2.2819390471675518e-05,0.00011182392710434348,2.0360063651926414e-55,2.0660590113874372e-12,1.171863015507581e-76,7.586572941096876e-49,0.0,0.0001059946203688276,0.0,0.0
17.366666666666667,-0.004680851,0.00040994269527324116,0.00010908593811085963,1.9500219550071384e-28,2.2629833956898445e-05,0.00011095952995815969,1.738231166355931e-55,1.9789051584998597e-12,7.812500607595192e-77,5.349338241986738e-49,0.0,0.00016726739126841824,0.0,0.0
17.383333333333333,-0.004680851,0.0004914072183138982,0.00010824631736429646,1.806181982846028e-28,2.244185065944452e-05,0.00011010174378162683,1.4839969803525141e-55,1.8954277133288144e-12,5.208206689213834e-77,3.771621715383911e-49,0.0,0.0002506173046131027,0.0,0.0
17.4,-0.004680851,0.005385724673231842,0.00010741308680532112,1.672946482840719e-28,2.225542753720626e-05,0.00010925051872429797,1.2669386702135018e-55,1.8154715967300448e-12,3.471933094765313e-77,2.65907127348304e-49,0.0,0.0003594958481740676,0.004787309790175478,0.0
17.416666666666668,0.0,0.006455695675388818,0.00010658619852029467,1.549534077152827e-28,2.2070551656036726e-05,0.00010840580530433093,1.0816213813223292e-55,1.7388882710260976e-12,2.314405925498114e-77,1.874587630100181e-49,0.0,0.0004968970780389296,0.005721736040130337,0.0
17.433333333333334,0.0,0.007229212438780299,0.00010576560494748683,1.4352209304230625e-28,2.1887210188857664e-05,0.00010756755440584097,9.234046105242233e-56,1.6655354640832104e-12,1.5427402990334048e-77,1.3214647038829745e-49,0.0,0.0006652022405020611,0.006328789827070517,0.0
17.45,0.0,0.007881164892798978,0.0001049512588745676,1.3293365146674684e-28,2.1705390414774856e-05,0.00010673571727626857,7.883261323619749e-56,1.5952769050263659e-12,1.0283270984830898e-77,9.314929532462885e-50,0.0,0.0008660626586271177,0.0067817098660109725,0.0
17.466666666666665,0.0,0.008473742926660255,0.00010414311343611663,1.2312596856895898e-28,2.152507971820092e-05,0.00010591024552376842,6.730028823723999e-56,1.5279820711020044e-12,6.854171377705243e-78,6.565652565283168e-50,0.0,0.0011003234461011493,0.007141841040353037,0.0
17.483333333333334,0.0,0.00903663934361475,0.00010334112211114956,1.1404150481081623e-28,2.134626558798518e-05,0.00010509109111461448,5.745463208152659e-56,1.4635259452179348e-12,4.568397837232261e-78,4.627545203022452e-50,0.0,0.0013679875759774194,0.007438873287360055,0.0
17.5,0.0,0.009585914471225011,0.00010254523872066218,1.05626958778385e-28,2.1168935616551005e-05,0.00010427820637062424,4.904901618362109e-56,1.401788783710192e-12,3.04479608133205e-78,3.2613545971265234e-50,0.0,0.0016682175191716723,0.007689704569943713,0.0
17.516666666666666,0.0,0.010130570421979061,0.00010175541742518837,9.783295519857741e-29,2.0993077499039786e-05,0.00010347154396659896,4.187286619032405e-56,1.342655893905409e-12,2.0292609585446998e-78,2.2983707183506913e-50,0.0,0.001999370044846894,0.007904980336898685,0.0
17.533333333333335,0.0,0.01067541470564086,0.00010097161272237782,9.06137559084174e-29,2.0818679032462267e-05,0.00010267105692778304,3.5746392510848416e-56,1.28601742106568e-12,1.352393383710509e-78,1.6196343367142556e-50,0.0,0.002359058767965506,0.008091894587706714,0.0
17.55,0.004680851,0.01122252102362201,0.00010019377944458924,8.3926992089324e-29,2.0645728114857062e-05,0.00010187669862734079,3.051609081728056e-56,1.2317681443200309e-12,9.01267437358337e-79,1.1412711372416466e-50,0.0,0.0027442385430491768,0.008255566273154278,0.0
17.566666666666666,0.004680851,0.011772075192236805,9.942187275649852e-05,7.773341620278817e-29,2.047421274445559e-05,0.00010108842278384928,2.605090003518593e-56,1.1798072812034958e-12,6.00606301525425e-79,8.041476228776223e-51,0.0,0.0031513057355150053,0.008399784947257188,0.0
17.583333333333332,0.004680851,0.01232292025847744,9.865584815272544e-05,7.199667217879152e-29,2.0304121018854234e-05,0.00010030618345881017,2.2238921771695787e-56,1.1300383004407664e-12,4.002319041484064e-79,5.665757023232924e-51,0.0,0.0035762086535012345,0.008527445451215778,0.0
17.6,0.004680851,0.012872940208238742,9.789566145547475e-05,6.668308251472222e-29,2.013544113419337e-05,9.95299350541773e-05,1.898461915727567e-56,1.0823687426266385e-12,2.6669765510675536e-79,3.99167752210089e-51,0.0,0.004014562903032632,0.008640816266479896,0.0
17.616666666666667,0.004680851,0.01341934912821196,9.714126881219547e-05,6.176145104118254e-29,1.996816138434299e-05,9.875963230990286e-05,1.6206425057840558e-56,1.0367100484702282e-12,1.7771022454922562e-79,2.812084805567731e-51,0.0,0.004461767058545706,0.008741713006123104,0.0
17.633333333333333,0.004680851,0.013958919801946874,9.639262669325306e-05,5.720288020250898e-29,1.9802270160095058e-05,9.799523030149856e-05,1.3834699844829005e-56,9.929773942837692e-13,1.1841082709704502e-79,1.9809657387515663e-51,0.0,0.00491311475302598,0.008831614920773069,0.0
17.65,0.004680851,0.01448816983629957,9.56496918896204e-05,5.298060178448558e-29,1.9637755948362622e-05,9.723668443761542e-05,1.180998764783004e-56,9.510895344106435e-13,7.889622948440666e-80,1.3954080426413492e-51,0.0,0.005363900034102169,0.008911745668970714,0.0
17.666666666666668,0.004680851,0.01500351539552422,9.491242151058333e-05,4.9069820100198123e-29,1.9474607331385348e-05,9.648395045763917e-05,1.0081527475386616e-56,9.10968650299775e-13,5.256624691193837e-80,9.828818301455011e-52,0.0,0.005809513563415571,0.008983130851898072,0.0
17.683333333333334,0.004680851,0.015501398463287483,9.418077298146205e-05,4.5447566717696943e-29,1.9312812985941975e-05,9.573698442930349e-05,8.605981961002708e-57,8.72540205946172e-13,3.502221702318113e-80,6.922729125913504e-52,0.0,0.00624552792636955,0.009046639965648685,0.0
17.7,0.004680851,0.01597839137697356,9.345470404134739e-05,4.209256588044915e-29,1.9152361682568764e-05,9.499574274631787e-05,7.34635193225177e-57,8.357328094289409e-13,2.3332769690139623e-80,4.875615365520171e-52,0.0,0.0066677709473608685,0.009103017620306726,0.0
17.716666666666665,0.009361702,0.016431281248291307,9.27341727408543e-05,3.898510983403839e-29,1.899324228478467e-05,9.426018212601393e-05,6.271049647085934e-57,8.004780802897784e-13,1.5544437165699077e-80,3.433663401790697e-52,0.0,0.007072386459060442,0.009152907191278732,0.0
17.733333333333334,0.009361702,0.016857136312220182,9.201913743988864e-05,3.6106943330331735e-29,1.8835443748322943e-05,9.353025960700636e-05,5.353107509012811e-57,7.667105225054528e-13,1.0355469876903967e-80,2.4180334436396542e-52,0.0,0.007455882446901932,0.00919686902375632,0.0
17.75,0.009361702,0.017253355969902386,9.130955680543134e-05,3.3441156633955125e-29,1.8678955120369066e-05,9.280593254687183e-05,4.56950246084078e-57,7.343674028183805e-13,6.8984380814297905e-81,1.702720264081576e-52,0.0,0.007815166880260394,0.00923539464443495,0.0
17.766666666666666,0.004680851,0.017617706165035475,9.060538980933609e-05,3.0972086405540325e-29,1.8523765538804625e-05,9.208715861984189e-05,3.9005791498218163e-57,7.033886341992499e-13,4.595343034019579e-81,1.1989493565581376e-52,0.0,0.008147571852231904,0.0092689179981322,0.0
17.783333333333335,0.009361702,0.017948341676624416,8.990659572614268e-05,2.8685223882202013e-29,1.836986423145788e-05,9.137389581451356e-05,3.329557427532366e-57,6.737166642253074e-13,3.061056589584036e-81,8.441799263262149e-53,0.0,0.008450866885480864,0.009297824434697724,0.0
17.8,0.009361702,0.018243816878775097,8.921313413090624e-05,2.65671298183291e-29,1.8217240515360387e-05,9.066610243157565e-05,2.842111857418877e-57,6.452963681668858e-13,2.0389711863227477e-81,5.943550596945525e-53,0.0,0.00872326242912504,0.00932245797192692,0.0
17.816666666666666,0.009361702,0.018503086486565703,8.852496489703998e-05,2.4605355689233318e-29,1.806588379600942e-05,8.996373708154949e-05,2.4260127043374682e-57,6.180749465836057e-13,1.3581169760037026e-81,4.184405667953953e-53,0.0,0.008963404678930692,0.009343127221242337,0.0
17.833333333333332,0.009361702,0.018725497764160652,8.78420481941734e-05,2.278837069680646e-29,1.791578356663697e-05,8.926675868254703e-05,2.070819418639851e-57,5.920018272400523e-13,9.045856142676616e-82,2.9457683083385924e-53,0.0,0.009170362908523284,0.00936011026460201,0.0
17.85,0.009361702,0.018910775612650938,8.71643444860254e-05,2.11054941502137e-29,1.776692940748434e-05,8.857512645804332e-05,1.7676189408281367e-57,5.670285711587152e-13,6.02488325957297e-82,2.0736740218785441e-53,0.0,0.009343610511248344,0.009373658700484013,0.0
17.866666666666667,0.009361702,0.01905900188015603,8.649181452829247e-05,1.9546832826053663e-29,1.7619310985083166e-05,8.788879993466607e-05,1.5088022743705235e-57,5.431087826357102e-13,4.0126761104653117e-82,1.4596865174274491e-53,0.0,0.009483000928793967,0.009384001025370913,0.0
17.883333333333333,0.009361702,0.01917059014735264,8.582441936654955e-05,1.8103222941510743e-29,1.747291805154187e-05,8.720773893999793e-05,1.2878737319511256e-57,5.201980230520519e-13,2.6724287615340206e-82,1.0274389459010231e-53,0.0,0.009588739591249597,0.009391345479224756,0.0
17.9,0.009361702,0.01924625714078025,8.516212033416743e-05,1.676617640098952e-29,1.7327740443838325e-05,8.653190360039667e-05,1.0992880781763865e-57,4.982537283205015e-13,1.7797736728150215e-82,7.231524767956557e-54,0.0,0.009661352920772253,0.009395882455131344,0.0
17.916666666666668,0.009361702,0.01928699181743449,8.450487905024345e-05,1.5527831001675192e-29,1.7183768083118268e-05,8.586125433882911e-05,9.383114900060455e-58,4.772351298145423e-13,1.1852503140527605e-82,5.089572049911236e-54,0.0,0.009701655363553904,0.009397786551931162,0.0
17.933333333333334,0.009361702,0.01929402305071084,8.385265741754705e-05,1.4380904306624428e-29,1.7040990973999633e-05,8.519575187272107e-05,8.009028523889914e-58,4.571031786326763e-13,7.892999746256412e-83,3.581873943154036e-54,0.0,0.009710715317616535,0.009397218332372932,0.0
17.95,0.009361702,0.019268786732872994,8.320541762047837e-05,1.331865091540682e-29,1.6899399203882203e-05,8.453535721182098e-05,6.836124156639242e-58,4.3782047305727593e-13,5.256066562062411e-83,2.5206762949946577e-54,0.0,0.009689820721599319,0.009394325836799671,0.0
17.966666666666665,0.009361702,0.019212892995665545,8.256312212304216e-05,1.2334822882195321e-29,1.6758982942263487e-05,8.388003165607971e-05,5.834952759639482e-58,4.1935118907334085e-13,3.499986993392745e-83,1.773787994756694e-54,0.0,0.009640444965869799,0.00938924589265501,0.0
17.983333333333334,0.009361702,0.0191280941407925,8.19257336668352e-05,1.1423633049595495e-29,1.6619732440059858e-05,8.322973679354433e-05,4.9803751101376376e-58,4.0166101381802754e-13,2.330552331180665e-83,1.2481428830871563e-54,0.0,0.009564213685000803,0.009382105252489597,0.0
18.0,0.009361702,0.019016253767593985,8.12932152690478e-05,1.0579721083551839e-29,1.6481638028933533e-05,8.258443449826756e-05,4.25093120611068e-58,3.847170818373514e-13,1.5518087302776462e-83,8.78223314043819e-55,0.0,0.009462872892264794,0.009373021587148226,0.0
18.016666666666666,0.009361702,0.018879317487776107,8.066553022047817e-05,9.798122010464605e-30,1.634469012062486e-05,8.194408692823037e-05,3.628301916667154e-58,3.6848791403164555e-13,1.033247761595628e-83,6.179079555555641e-55,0.0,0.009338258824085259,0.009362104356053027,0.0
18.03333333333333,0.009361702,0.018719285527472457,8.004264208356223e-05,9.074237072288246e-30,1.6208879206290347e-05,8.130865652328024e-05,3.0968493870965926e-58,3.529433591763789e-13,6.879513918018345e-84,4.3473127183327076e-55,0.0,0.009192269776619005,0.009349455572687375,0.0
18.05,0.009361702,0.018538187435858194,7.942451469041524e-05,8.403806728928754e-30,1.6074195855845948e-05,8.067810600308338e-05,2.6432246802239888e-58,3.380545379096925e-13,4.580343824564084e-84,3.0584145351073767e-55,0.0,0.009026840138652592,0.0093351704803182,0.0
18.066666666666663,0.009361702,0.018338059047303075,7.881111214088874e-05,7.782885649829517e-30,1.5940630717316092e-05,8.005239836509186e-05,2.2560328199734705e-58,3.237937890826289e-13,3.049477955590297e-84,2.151544287205385e-55,0.0,0.008843916755245158,0.009319338150510828,0.0
18.08333333333333,0.009361702,0.018120921780673406,7.820239880063902e-05,7.20781954825826e-30,1.5808174516187476e-05,7.943149688252341e-05,1.9255468410623404e-58,3.1013461837232405e-13,2.0302057625994752e-84,1.5135013246056615e-55,0.0,0.008645437695195879,0.009302042014968044,0.0
18.1,0.004680851,0.017888764304700402,7.759833929921047e-05,6.67522372260262e-30,1.5676818054768877e-05,7.881536510235714e-05,1.6434636765463596e-58,2.9705164906282767e-13,1.3515801346826584e-84,1.06461846682055e-55,0.0,0.008433313442377825,0.009283360339569188,0.0
18.116666666666667,0.004680851,0.017643526551968155,7.699889852813239e-05,6.181963178955605e-30,1.5546552211555996e-05,7.820396684334327e-05,1.4026957632197366e-58,2.845205749020325e-13,8.997684814127536e-85,7.488312476226101e-56,0.0,0.008209410485978702,0.0092633666481219,0.0
18.133333333333333,0.004680851,0.017387086025570368,7.640404163902714e-05,5.725134218531891e-30,1.54173679406011e-05,7.759726619402437e-05,1.1971931399005105e-58,2.725181149471223e-13,5.989727020464951e-85,5.266872368014778e-56,0.0,0.007975537247312151,0.009242130102212044,0.0
18.15,0.004680851,0.017121246311273347,7.581373404173312e-05,5.30204738203073e-30,1.5289256270888603e-05,7.69952275107734e-05,1.021791577789975e-58,2.6102197031476213e-13,3.9872237553406154e-85,3.704252648247251e-56,0.0,0.007733432250588204,0.009219715842600725,0.0
18.166666666666668,0.004680851,0.01684772768347204,7.522794140244015e-05,4.910211650994737e-30,1.5162208305715253e-05,7.639781541584403e-05,8.720829345204432e-59,2.5001078275559444e-13,2.6541261179590625e-85,2.605118441227469e-56,0.0,0.007484754421262582,0.009196185296835448,0.0
18.183333333333334,0.004680851,0.016568159674688127,7.464662964183856e-05,4.5473198135781695e-30,1.5036215222075746e-05,7.580499479543507e-05,7.443044805317286e-59,2.394640949761451e-13,1.766688239528725e-85,1.8320339197177303e-56,0.0,0.007231075377702001,0.009171596457087313,0.0
18.2,0.004680851,0.01628407546515826,7.406976493327931e-05,4.211234908951192e-30,1.4911268270053163e-05,7.521673079776782e-05,6.352444219879794e-59,2.29362312634385e-13,1.1759415621283314e-85,1.2883053406069315e-56,0.0,0.006973873569253047,0.00914600413167475,0.0
18.216666666666665,0.004680851,0.01599690794054335,7.34973137009488e-05,3.899977670881554e-30,1.4787358772214622e-05,7.46329888311778e-05,5.421612504747145e-59,2.196866679384044e-13,7.827067281050145e-86,9.059066736198346e-57,0.0,0.0067145301057508185,0.009119460173268503,0.0
18.23333333333333,0.004680851,0.015707987261310685,7.292924261805556e-05,3.611714896886341e-30,1.4664478123011815e-05,7.405373456221943e-05,4.6271489636293045e-59,2.1041918478054462e-13,5.209546789427335e-86,6.369825872453492e-57,0.0,0.0064543261194193275,0.009092013686377652,0.0
18.25,0.0,0.015418539786299455,7.236551860502927e-05,3.3447486747638865e-30,1.4542617788186538e-05,7.34789339137839e-05,3.9490795868076558e-59,2.0154264534222189e-13,3.4672759920683096e-86,4.47869208713253e-57,0.0,0.006194441499410622,0.00906371121638029,0.0
18.266666666666666,0.0,0.015129688194806364,7.180610882773327e-05,3.0975064033387358e-30,1.442176930418121e-05,7.290855306323096e-05,3.3703553700165254e-59,1.9304055810743383e-13,2.307621196997708e-86,3.1488682300830494e-57,0.0,0.005935954841342516,0.009034596922075661,0.0
18.28333333333333,0.0,0.014842452655698418,7.125098069568803e-05,2.868531548902733e-30,1.4301924277553942e-05,7.234255844053259e-05,2.8764240657120863e-59,1.8489712722548686e-13,1.5357775264900998e-86,2.2137954900722747e-57,0.0,0.005679844458611068,0.009004712733488678,0.0
18.3,0.0,0.014557752898104391,7.07001018603085e-05,2.6564750831442817e-30,1.418307438439883e-05,7.178091672643086e-05,2.4548646205849545e-59,1.770972231660762e-13,1.022068072060394e-86,1.5563251332279498e-57,0.0,0.005426990308509474,0.008974098496446682,0.0
18.316666666666663,0.0,0.014276411045721533,7.015344021315319e-05,2.46008755235089e-30,1.4065211369770841e-05,7.122359485060896e-05,2.0950751254166685e-59,1.6962635461218928e-13,6.801725545565906e-87,1.0940648779392666e-57,0.0,0.005178176693852159,0.008942792105266216,0.0
18.33333333333333,0.0,0.013999155085327298,6.961096388418443e-05,2.2782117313657337e-30,1.3948327047115298e-05,7.067055998987305e-05,1.788006445651473e-59,1.6247064153859045e-13,4.526329831322442e-87,7.690699198078952e-58,0.0,0.004934095609513476,0.00891082962473018,0.0
18.35,0.0,0.013726622849377854,6.907264124004235e-05,2.1097758192081245e-30,1.3832413297702393e-05,7.012177956634957e-05,1.5259348469797212e-59,1.556167894259398e-13,3.0120428495144136e-87,5.405908220093596e-58,0.0,0.004695350612718397,0.008878245402399745,0.0
18.366666666666667,0.0,0.013459366402312399,6.853844088233114e-05,1.9537871364389666e-30,1.371746207006621e-05,6.957722124569428e-05,1.3022679085103935e-59,1.4905206456259802e-13,2.0043058378620259e-87,3.799720868914564e-58,0.0,0.004462461105778716,0.00884507217218654,0.0
18.383333333333333,-0.004680851,0.01319785673013097,6.800833164591433e-05,1.809326287292995e-30,1.3603465379448231e-05,6.903685293531246e-05,1.1113788512839082e-59,1.4276427038822661e-13,1.3336896372695105e-87,2.6706378039690285e-58,0.0,0.00423586693002005,0.00881134115000748,0.0
18.4,-0.004680851,0.012942488642767808,6.748228259722545e-05,1.675541752324431e-30,1.3490415307245679e-05,6.850064278259389e-05,9.484651228656916e-60,1.3674172483529273e-13,8.874288513617689e-88,1.876975704233093e-58,0.0,0.004015933179689255,0.008777082122254747,0.0
18.416666666666668,-0.004680851,0.012693585808567713,6.696026303258848e-05,1.551644879834239e-30,1.3378304000464214e-05,6.796855917315885e-05,8.09427687431146e-60,1.3097323862633699e-13,5.904733964050425e-88,1.3191153017717476e-58,0.0,0.003802955154496496,0.008742323527734033,0.0
18.433333333333334,-0.004680851,0.012451405849665826,6.64422424765511e-05,1.4369052466862336e-30,1.3267123671175431e-05,6.744057072911739e-05,6.907679903744963e-60,1.2544809448671656e-13,3.928757224102298e-88,9.270163645111772e-59,0.0,0.003597163379008253,0.008707092533655281,0.0
18.45,-0.004680851,0.012216145436155748,6.592819068022841e-05,1.3306463612826556e-30,1.3156866595978426e-05,6.691664630733997e-05,5.895000100646667e-60,1.201560272341842e-13,2.613955303702737e-88,6.514373654133108e-59,0.0,0.0033987286262531706,0.008671415106198874,0.0
18.466666666666665,-0.009361702,0.011987945325535224,6.541807761965918e-05,1.2322416834780641e-30,1.3047525115466122e-05,6.639675499774091e-05,5.030751880559779e-60,1.1508720470834412e-13,1.739118883657226e-88,4.5776084070895905e-59,0.0,0.0032077668915603715,0.008635316076126899,0.0
18.48333333333333,-0.0140425535,0.0117668953019772,6.491187349417386e-05,1.1411109380669567e-30,1.293909163369592e-05,6.588086612157397e-05,4.293183523339182e-60,1.1023220950453899e-13,1.157040535683176e-88,3.2165136906862037e-59,0.0,0.0030243442707561952,0.00859881919986133,0.0
18.5,-0.0140425535,0.011553038977456052,6.440954872477238e-05,1.0567167002022743e-30,1.2831558617664664e-05,6.536894922973967e-05,3.663730241450208e-60,1.05582021478238e-13,7.697613632850863e-89,2.2600239881092097e-59,0.0,0.0028484817043690973,0.008561947216409195,0.0
18.516666666666666,-0.0140425535,0.011346378423638084,6.391107395251553e-05,9.785612326972992e-31,1.2724918596788005e-05,6.486097410110509e-05,3.126547345425801e-60,1.0112800098743785e-13,5.120966264803541e-89,1.5878945424100964e-59,0.0,0.0026801595564089685,0.008524721900477579,0.0
18.53333333333333,-0.0140425535,0.011146878609714864,6.341642003692564e-05,9.061835566396194e-31,1.2619164162384023e-05,6.435691074083495e-05,2.6681117788761156e-60,9.68618728419233e-14,3.4067168078616895e-89,1.1156072031097698e-59,0.0,0.0025193220025898906,0.008487164112087968,0.0
18.55,-0.0140425535,0.010954471627024486,6.292555805439958e-05,8.391567381152765e-31,1.2514287967161055e-05,6.385672937873442e-05,2.2768820122012818e-60,9.277571092959567e-14,2.2662535849598826e-89,7.837581916114326e-60,0.0,0.002365881208561001,0.008449293842970414,0.0
18.566666666666663,-0.0140425535,0.010769060686377603,6.243845929663304e-05,7.77085375108186e-31,1.241028272471001e-05,6.336040046760522e-05,1.9430077496600608e-60,8.886192349129804e-14,1.5075418169047422e-89,5.50597314145016e-60,0.0,0.0022197212838083414,0.008411130259991451,0.0
18.58333333333333,-0.0140425535,0.010590523878505924,6.195509526905474e-05,7.19603269814115e-31,1.2307141209000423e-05,6.286789468161035e-05,1.658082155455841e-60,8.511323901676965e-14,1.00281001764132e-89,3.867830008008954e-60,0.0,0.0020807020014149942,0.00837269174584615,0.0
18.6,-0.018723404,0.010418717692008583,6.147543768927251e-05,6.663712726974847e-31,1.2204856253881084e-05,6.237918291465381e-05,1.414930372413381e-60,8.15226927355599e-14,6.670469950007437e-90,2.716952491327652e-60,0.0,0.0019486622778450795,0.008333995937224174,0.0
18.616666666666667,-0.018723404,0.01025348028661003,6.099945848553085e-05,6.170752856251853e-31,1.2103420752584736e-05,6.189423627876973e-05,1.2074290184110335e-60,7.808361367778256e-14,4.436931379718963e-90,1.9084384915699503e-60,0.0,0.0018234234103746763,0.008295059760640384,0.0
18.633333333333333,-0.018723404,0.010094634522502628,6.0527129795177276e-05,5.714244123462594e-31,1.2002827657236525e-05,6.141302610252305e-05,1.0303521238977568e-60,7.478961228066718e-14,2.951192531580274e-90,1.340466076803239e-60,0.0,0.0017047920727690756,0.008255899466103826,0.0
18.65,-0.023404256,0.009941990749060756,6.005842396314157e-05,5.291492454509748e-31,1.190306997836686e-05,6.0935523929421866e-05,8.792396380751602e-61,7.163456851791343e-14,1.9629126071786702e-90,9.414886866509024e-61,0.0,0.0015925630723341612,0.008216530658784029,0.0
18.666666666666668,-0.023404256,0.009795349358312326,5.959331354042448e-05,4.900002797430163e-31,1.180414078442819e-05,6.046170151634154e-05,7.50285198339026e-61,6.861262052976954e-14,1.305548513329806e-90,6.612353766399826e-61,0.0,0.0014865218735830984,0.008176968328819421,0.0
18.683333333333334,-0.023404256,0.00965450311028259,5.913177128259817e-05,4.537464427014581e-31,1.1706033201315811e-05,5.999153083195961e-05,6.402403415828338e-61,6.57181537327284e-14,8.683078602597366e-91,4.6438569317726155e-61,0.0,0.0013864468955002776,0.008137226879400722,0.0
18.7,-0.023404256,0.00951923923871218,5.867377014831536e-05,4.2017373339561745e-31,1.1608740411892424e-05,5.952498405520067e-05,5.463327491150851e-61,6.294579038859738e-14,5.774882557621913e-91,3.2612450787521276e-61,0.0,0.001292111590783084,0.008097320153250742,0.0
18.716666666666665,-0.023404256,0.009389341346737091,5.821928329783069e-05,3.8908396185336888e-31,1.1512255655516892e-05,5.906203357369468e-05,4.661964696070068e-61,6.029037961357907e-14,3.840619875274184e-91,2.290181880752414e-61,0.0,0.0012032863165374603,0.008057261457612298,0.0
18.73333333333333,-0.023404256,0.00926459110293101,5.7768284091531915e-05,3.6029358147274057e-31,1.1416572227576748e-05,5.860265198224381e-05,3.97812365516046e-61,5.774698780879283e-14,2.5541610407301534e-91,1.6081943118288415e-61,0.0,0.001119740006725422,0.008017063587846488,0.0
18.75,-0.023404256,0.009144769748686301,5.732074608848114e-05,3.3363260761306145e-31,1.132168347902455e-05,5.8146812081302054e-05,3.394572853868813e-61,5.531088949446048e-14,1.6985723407933596e-91,1.1292475467651008e-61,0.0,0.001041241657246609,0.007976738849735574,0.0
18.766666666666666,-0.023404256,0.009029659428276013,5.687664304496697e-05,3.089436160080734e-31,1.1227582815918174e-05,5.769448687546446e-05,2.8966068376315564e-61,5.297755853073596e-14,1.1295583691243786e-91,7.929064541823034e-62,0.0,0.0009675616349095738,0.007936299080577112,0.0
18.78333333333333,-0.023404256,0.008919044353124152,5.6435948913065844e-05,2.8608081511217097e-31,1.1134263698964724e-05,5.724564957196768e-05,2.4716759765972453e-61,5.074265970885744e-14,7.51142271737825e-92,5.567202126062382e-62,0.0,0.0008984728217403347,0.007895755669149077,0.0
18.8,-0.023404256,0.008812711811842414,5.599863783921485e-05,2.6490918692499652e-31,1.1041719643068369e-05,5.680027357920056e-05,2.1090704834728678e-61,4.8602040697013566e-14,4.99487543434256e-92,3.908718013817222e-62,0.0,0.00083375160611254,0.007855119574619788,0.0
18.816666666666663,-0.023404256,0.008710453037489348,5.5564684162793617e-05,2.4530369124215362e-31,1.0949944216881875e-05,5.6358332505226875e-05,1.799650736027077e-61,4.655172432595564e-14,3.3213610693464563e-92,2.7441893900899518e-62,0.0,0.0007731787320874101,0.007814401344470484,0.0
18.83333333333333,-0.023404256,0.008612063943296876,5.513406241471596e-05,2.2714852865190288e-31,1.0858931042361734e-05,5.591980015631622e-05,1.5356171200485797e-61,4.458790120001762e-14,2.208495542108815e-92,1.9265322593956993e-62,0.0,0.0007165400181455389,0.007773611131493356,0.0
18.85,-0.023404256,0.008517345737808355,5.4706747316032666e-05,2.1033645794348114e-31,1.076867379432713e-05,5.548465053548722e-05,1.3103136023268134e-61,4.270692261983362e-14,1.4684731394231537e-92,1.352449409045847e-62,0.0,0.0006636269561964836,0.007732758709923318,0.0
18.866666666666667,-0.028085107,0.008426105429997144,5.4282713776543736e-05,1.947681639116808e-31,1.0679166200022558e-05,5.505285784106132e-05,1.1180600914424557e-61,4.0905293803592676e-14,9.76392798732316e-93,9.493981543701417e-63,0.0,0.0006142372013813707,0.00769185349075724,0.0
18.883333333333333,-0.028085107,0.008338156234503598,5.3861936893419045e-05,1.8035167183886762e-31,1.0590402038683757e-05,5.462439646522453e-05,9.540093681547696e-62,3.91796673942348e-14,6.491906336040839e-93,6.664359594767052e-63,0.0,0.0005681749627567121,0.00765090453631038,0.0
18.9,-0.028085107,0.008253317886654838,5.3444391949830954e-05,1.67001805209884e-31,1.0502375141107542e-05,5.4199240992602366e-05,8.140249851337551e-62,3.752683724054122e-14,4.316274694784245e-93,4.677903081696535e-63,0.0,0.0005252513044771806,0.00760992057405659,0.0
18.916666666666668,-0.028085107,0.008171416876424826,5.303005441359473e-05,1.5463968346912986e-31,1.0415079389225121e-05,5.3777366198842704e-05,6.945770632296708e-62,3.594373244055204e-14,2.8696907389455466e-93,3.2834230792408865e-63,0.0,0.0004852843665922041,0.007568910009795015,0.0
18.933333333333334,-0.028085107,0.008092286609967362,5.261889993581996e-05,1.4319225686470042e-31,1.0328508715678918e-05,5.3358747049210585e-05,5.926533616659066e-62,3.44274116362532e-14,1.9078768632672507e-93,2.3045459656460912e-63,0.0,0.00044809951404886444,0.00752788094018336,0.0
18.95,-0.03276596,0.00801576750681664,5.221090434957036e-05,1.3259187564224433e-31,1.0242657103402758e-05,5.294335869719103e-05,5.056833837889066e-62,3.297505754892731e-14,1.2683959521238745e-93,1.6174351462269683e-63,0.0,0.000413529421958823,0.007486841164674678,0.0
18.966666666666665,-0.028085107,0.007941707040310034,5.1806043668533895e-05,1.2277589105334904e-31,1.0157518585205736e-05,5.2531176483103734e-05,4.314736079711231e-62,3.15839717450238e-14,8.432350491039093e-94,1.1351452094371976e-63,0.0,0.00038141410464912634,0.007445798196892481,0.0
18.98333333333333,-0.028085107,0.00786995972824943,5.1404294085701806e-05,1.136862858300501e-31,1.007308724335941e-05,5.2122175932726626e-05,3.6815221318200894e-62,3.025156962281974e-14,5.605724934791796e-94,7.966344429928022e-64,0.0,0.0003516008954811993,0.0074047592754761925,0.0
19.0,-0.028085107,0.007800387080288805,5.100563197205757e-05,1.0526933195051007e-31,9.989357209188314e-06,5.1716332755928976e-05,3.1412190765589387e-62,2.897537561055791e-14,3.72652710596149e-94,5.5904906095845985e-64,0.0,0.000323944383895621,0.007363731374427034,0.0
19.016666666666666,-0.028085107,0.0077328575080197045,5.061003387527437e-05,9.747527368123042e-32,9.906322662664163e-06,5.1313622845315906e-05,2.6801967299759935e-62,2.7753018567145462e-14,2.477229180802781e-94,3.923051584581718e-64,0.0,0.0002983063156263076,0.0073227212129823895,0.0
19.03333333333333,-0.028085107,0.007667246203226795,5.021747651842227e-05,9.025803402991345e-32,9.823977832003e-06,5.091402227488003e-05,2.2868241010513106e-62,2.658222737686208e-14,1.6467115303779616e-94,2.7528429646779828e-64,0.0,0.00027455546153021764,0.0072817352650446894,0.0
19.05,-0.028085107,0.007603434989306421,4.982793679868445e-05,8.357494288065756e-32,9.74231699326596e-06,5.051750729866535e-05,1.9511762182956953e-62,2.5460826729900582e-14,1.0946072921325276e-94,1.9316224681588234e-64,0.0,0.00025256746000090855,0.007240779768189436,0.0
19.066666666666663,-0.028085107,0.007541312150382678,4.944139178608303e-05,7.738648521080766e-32,9.661334469963307e-06,5.012405434943899e-05,1.6647839406860935e-62,2.4386733080898243e-14,7.275932365241353e-95,1.3553345782717629e-64,0.0,0.0002322246374777012,0.007199860732275105,0.0
19.08333333333333,-0.028085107,0.007480772242220811,4.9057818722212525e-05,7.165606790675381e-32,9.581024632661523e-06,4.973364003737293e-05,1.4204204519208067e-62,2.3357950777946807e-14,4.836247405299229e-95,9.509426282734677e-65,0.0,0.00021341581112894412,0.007158983947676262,0.0
19.1,-0.028085107,0.007421715888627854,4.867719501898387e-05,6.63498038055556e-32,9.501381898593882e-06,4.9346241148735175e-05,1.2119190604536233e-62,2.2372568354898564e-14,3.2145333831984764e-95,6.671841319300853e-65,0.0,0.000196036077379022,0.007118154993160147,0.0
19.116666666666667,-0.028085107,0.007364049566644219,4.82994982573773e-05,6.143631169045133e-32,9.422400731274297e-06,4.8961834644591194e-05,1.0340177159193276e-62,2.1428754980073935e-14,2.136569276676222e-95,4.680807307324776e-65,0.0,0.0001799865895642092,0.007077379243425338,0.0
19.133333333333333,-0.028085107,0.007307685383469688,4.792470618620207e-05,5.68865310622371e-32,9.344075640113978e-06,4.858039765951269e-05,8.822263252309036e-63,2.0524757054771287e-14,1.4200566168100163e-95,3.2838215308929155e-65,0.0,0.00016517432764333125,0.007036661876320003,0.0
19.15,-0.023404256,0.007252540847732375,4.7552796720867416e-05,5.267355059547125e-32,9.26640118004164e-06,4.8201907500297086e-05,7.527135257196928e-63,1.9658894955267777e-14,9.438087865001026e-96,2.303679850693681e-65,0.0,0.00015151186255496482,0.006996007879756545,0.0
19.166666666666668,-0.028085107,0.0071985386373976555,4.7183747942160916e-05,4.877244926893273e-32,9.189371951126684e-06,4.78263416446963e-05,6.422100626512994e-63,1.882955991225129e-14,6.272664819572898e-96,1.6160268116792786e-65,0.0,0.00013891711750291518,0.006955422058337927,0.0
19.183333333333334,-0.028085107,0.007145606366327815,4.681753809503621e-05,4.5160149234373735e-32,9.11298259820551e-06,4.745367774015377e-05,5.479263366078422e-63,1.8035211021890173e-14,4.1687887623982885e-96,1.1335976215211094e-65,0.0,0.00012731312816602574,0.006914909039710359,0.0
19.2,-0.028085107,0.007093676351239358,4.645414558740837e-05,4.1815279556673757e-32,9.037227810510922e-06,4.7083893602551184e-05,4.6748204310079446e-63,1.7274372382984532e-14,2.7704956517786367e-96,7.951577222711353e-66,0.0,0.00011662780356567447,0.0068744732806559385,0.0
19.216666666666665,-0.028085107,0.007042685380564195,4.60935489889592e-05,3.871805002253572e-32,8.962102321304593e-06,4.671696721496365e-05,3.988461313503205e-63,1.6545630354884884e-14,1.841174133383427e-96,5.57739870488682e-66,0.0,0.00010679368908410837,0.006834119072938313,0.0
19.23333333333333,-0.028085107,0.006992574486500762,4.5735727029949645e-05,3.5850134274062543e-32,8.887600907512575e-06,4.635287672642472e-05,3.402855690965852e-63,1.5847630931079965e-14,1.2235510618214443e-96,3.911958344798461e-66,0.0,9.774773290769349e-05,0.006793850548913334,0.0
19.25,-0.023404256,0.006943288721342021,4.538065860004162e-05,3.319456157851012e-32,8.813718389363796e-06,4.599160045069892e-05,2.903216221420498e-63,1.5179077223576683e-14,8.130910969073127e-97,2.7437272427436684e-66,0.0,8.94310569705182e-05,0.006753671686916219,0.0
19.266666666666666,-0.023404256,0.006894776938986961,4.5028322747128065e-05,3.073561659631382e-32,8.740449630031638e-06,4.5633116865064855e-05,2.476925466406648e-63,1.453872705339854e-14,5.403139988927746e-97,1.9242960844544223e-66,0.0,8.178873329417665e-05,0.006713586316436021,0.0
19.28333333333333,-0.023404256,0.006846991582379843,4.46786986761708e-05,2.845874655660047e-32,8.667789535278251e-06,4.527740460910531e-05,2.1132175371713596e-63,1.3925390642724092e-14,3.5904027900331167e-97,1.349544367391695e-66,0.0,7.476956645796494e-05,0.006673598123087399,0.0
19.3,-0.023404256,0.006799888477476507,4.433176574804715e-05,2.635047529301208e-32,8.595733053102093e-06,4.4924442483506763e-05,1.8029064388300494e-63,1.3337928404380925e-14,2.38577837002821e-97,9.464263220422201e-67,0.0,6.832588278900307e-05,0.006633710653389509,0.0
19.316666666666663,-0.028085107,0.006753426634207055,4.398750347840528e-05,2.4398323633060223e-32,8.52427517338824e-06,4.4574209448868585e-05,1.5381542638723447e-63,1.2775248824587072e-14,1.5852838095184727e-97,6.636985806948677e-67,0.0,6.241332673269777e-05,0.00659392731936092,0.0
19.33333333333333,-0.028085107,0.0067075680547892666,4.364589153652589e-05,2.259073567164146e-32,8.45341092756147e-06,4.422668462451833e-05,1.3122733906020292e-63,1.2236306435004258e-14,1.053353121669519e-97,4.654140228719924e-67,0.0,5.699066474941955e-05,0.006554251402939005,0.0
19.35,-0.028085107,0.006662277549645917,4.330690974419415e-05,2.091701049403548e-32,8.383135388242461e-06,4.3881847287338254e-05,1.119557699092026e-63,1.1720099870340427e-14,6.99891978301786e-98,3.263567491079945e-67,0.0,5.201959698225612e-05,0.006514686060232166,0.0
19.366666666666667,-0.028085107,0.006617522561089513,4.297053807457886e-05,1.9367238945757894e-32,8.313443668906684e-06,4.3539676870598644e-05,9.551385485861256e-64,1.1225670007888451e-14,4.6502697262051664e-98,2.2883916380104353e-67,0.0,4.746457685190258e-05,0.006475234325612301,0.0
19.383333333333333,-0.028085107,0.006573272994860299,4.263675665111876e-05,1.7932245076398288e-32,8.244330923546078e-06,4.320015296279976e-05,8.148618844072537e-64,1.0752098185545407e-14,3.089693514969502e-98,1.6045482694427244e-67,0.0,4.329263865740795e-05,0.006435899115654674,0.0
19.4,-0.028085107,0.006529501059536376,4.230554574641795e-05,1.660353191211227e-32,8.17579234633362e-06,4.2863255306522565e-05,6.951833750551133e-64,1.0298504495004367e-14,2.0527819490819475e-98,1.1250192711813868e-67,0.0,3.9473233194496495e-05,0.0063966832329323065,0.0
19.416666666666668,-0.028085107,0.006486181113776199,4.1976885781149004e-05,1.5373231236924994e-32,8.107823171290606e-06,4.25289637972871e-05,5.9307893470058904e-64,9.864046146944902e-15,1.3638306027194026e-98,7.887728224277732e-68,0.0,3.5978071345515636e-05,0.006357589369671093,0.0
19.433333333333334,-0.028085107,0.006443289521304759,4.165075732296342e-05,1.42340570866319e-32,8.04041867195677e-06,4.219725848242027e-05,5.0596837416830136e-64,9.447915905186932e-15,9.060835915054923e-99,5.530046406824683e-68,0.0,3.278097554602119e-05,0.00631862011127195,0.0
19.45,-0.028085107,0.006400804513512684,4.132714108541004e-05,1.3179262680955478e-32,7.973574161062959e-06,4.186811955992995e-05,4.3165025450508586e-64,9.049340586897092e-15,6.019582270153482e-99,3.876952977723598e-68,0.0,2.985773899161369e-05,0.006279777939705618,0.0
19.466666666666665,-0.028085107,0.0063587060595032005,4.100601792686156e-05,1.2202600539887741e-32,7.907284990206646e-06,4.154152737738912e-05,3.682462997016422e-64,8.667579626063486e-15,3.9990306054405215e-99,2.7179237637391605e-68,0.0,2.7185992414202623e-05,0.006241065236785873,0.0
19.48333333333333,-0.028085107,0.006316975743392868,4.0687368849448284e-05,1.1298285548905451e-32,7.841546549530155e-06,4.1217462430826516e-05,3.141539661821395e-64,8.301923697568003e-15,2.656644340121441e-99,1.905324913445456e-68,0.0,2.4745078228607136e-05,0.006202484287326154,0.0
19.5,-0.028085107,0.006275596648649349,4.0371174997999676e-05,1.0460960755126888e-32,7.776354267401406e-06,4.089590536362646e-05,2.6800597237663203e-64,7.951693399301127e-15,1.76482826906537e-99,1.3356292395669724e-68,0.0,2.251593182768234e-05,0.006164037282184688,0.0
19.516666666666666,-0.028085107,0.00623455324923132,4.005741765899368e-05,9.685665692584297e-33,7.711703610097455e-06,4.057683696543581e-05,2.2863576722421826e-64,7.616237989870703e-15,1.1723623496686544e-99,9.362416220480441e-69,0.0,2.0480969786346182e-05,0.006125726321202831,0.0
19.53333333333333,-0.028085107,0.006193831307281738,3.974607825951317e-05,8.967807049684784e-33,7.647590081490497e-06,4.026023817107922e-05,1.9504806624549118e-64,7.294934179558506e-15,7.787744233107033e-100,6.56258864992726e-69,0.0,1.8623984721382877e-05,0.006087553416040977,0.0
19.55,-0.028085107,0.006153417777116113,3.943713836620994e-05,8.303131505750845e-33,7.5840092227365785e-06,3.9946090059482014e-05,1.663937116456377e-64,6.987184972279976e-15,5.173112621795527e-100,4.5998925952577283e-69,0.0,1.6930046544240957e-05,0.006049520492916457,0.0
19.566666666666663,-0.028085107,0.006113300715240607,3.913057968427667e-05,7.687700576313904e-33,7.520956611966855e-06,3.963437385260111e-05,1.419482219843579e-64,6.692418556394891e-15,3.4362333851139613e-100,3.224077895971916e-69,0.0,1.5385409837683616e-05,0.006011629395247386,0.0
19.58333333333333,-0.028085107,0.0060734691961310885,3.882638405642517e-05,7.117867318677757e-33,7.458427863981337e-06,3.9325070914363276e-05,1.2109349002616248e-64,6.410087242307201e-15,2.282463642500406e-100,2.2596893785979353e-69,0.0,1.39774270836919e-05,0.005973881886206216,0.0
19.6,-0.028085107,0.006033913233503522,3.85245334618731e-05,6.590254760250475e-33,7.396418629945271e-06,3.901816274961124e-05,1.0330216681010739e-64,6.139666444882821e-15,1.516057276288658e-100,1.583716356472638e-69,0.0,1.269446746907902e-05,0.0059362796511868736,0.0
19.616666666666667,-0.028085107,0.005994623706806616,3.822501001533753e-05,6.1017359222856374e-33,7.3349245970880305e-06,3.871363100305823e-05,8.812433775274571e-65,5.8806537087925466e-15,1.0069731827183988e-100,1.1099196894727664e-69,0.0,1.1525840996427792e-05,0.005898824300188824,0.0
19.633333333333333,-0.028085107,0.005955592292670539,3.79277959660353e-05,5.6494153210955254e-33,7.273941488404323e-06,3.841145745824804e-05,7.517615443195112e-65,5.6325677749696915e-15,6.688223608151169e-101,7.778417693841047e-70,0.0,1.0461727630962089e-05,0.005861517370121257,0.0
19.65,-0.028085107,0.00591681140105034,3.7632873696690836e-05,5.230611837513015e-33,7.213465062358031e-06,3.8111624036524964e-05,6.413013504932072e-65,5.3949476864494414e-15,4.4421608219910114e-101,5.4510049008729474e-70,0.0,9.493111218481365e-06,0.00582436032703089,0.0
19.666666666666668,-0.028085107,0.005878274115807647,3.734022572255136e-05,4.842842853442416e-33,7.153491112588512e-06,3.781411279600931e-05,5.470688867949696e-65,5.1673519319271315e-15,2.9503151731665804e-101,3.8198608812268516e-70,0.0,8.611717915247132e-06,0.005787354568256083,0.0
19.683333333333334,-0.028085107,0.005839974139481421,3.704983469040902e-05,4.483809561823585e-33,7.09401546761926e-06,3.751890593058197e-05,4.666805434793334e-65,4.949357625445352e-15,1.959445638953524e-101,2.6767279680387933e-70,0.0,7.809958877525786e-06,0.005750501424510336,0.0
19.7,-0.028085107,0.005801905742005697,3.6761683377629654e-05,4.151383363247878e-33,7.0350339905689455e-06,3.722598576887478e-05,3.981027664019797e-65,4.740559720684807e-15,1.3013338472235966e-101,1.8756279607190702e-70,0.0,7.0808769661189665e-06,0.005713802161897764,0.0
19.716666666666665,-0.03276596,0.005764063713140665,3.6475754691188976e-05,3.8435932688838075e-33,6.9765425788649165e-06,3.693533477326904e-05,3.3960065709320902e-65,4.540570258400469e-15,8.642411894723412e-102,1.314240920012792e-70,0.0,6.418097229494261e-06,0.0056772579838633075,0.0
19.73333333333333,-0.028085107,0.0057264433183918835,3.6192031666715753e-05,3.5586142353029784e-33,6.918537163959068e-06,3.6646935538901543e-05,2.896941187239443e-65,4.349017645603732e-15,5.739472150602184e-102,9.208505486514238e-71,0.0,5.815780937887868e-06,0.00564087003308007,0.0
19.75,-0.03276596,0.00568904025820148,3.591049746754117e-05,3.2947563622970896e-33,6.861013711045947e-06,3.636077079267683e-05,2.471204403708523e-65,4.165545965152032e-15,3.811533405804243e-102,6.451924101468924e-71,0.0,5.268582949862486e-06,0.005604639393276188,0.0
19.766666666666666,-0.028085107,0.0056518506302045335,3.563113538375609e-05,3.050454889872008e-33,6.803968218783415e-06,3.607682339228796e-05,2.108023745308322e-65,3.989814314463176e-15,2.5311525570930767e-102,4.520384055011754e-71,0.0,4.771612202140067e-06,0.005568567091003576,0.0
19.78333333333333,-0.028085107,0.005614870894352911,3.535392883127395e-05,2.8242609353187723e-33,6.747396719015352e-06,3.579507632524271e-05,1.7982090152973305e-65,3.821496172125228e-15,1.6808453406726768e-102,3.1669955828430677e-71,0.0,4.3203951229817815e-06,0.005532654097350576,0.0
19.8,-0.028085107,0.0055780978407185934,3.507886135090126e-05,2.6148329156315797e-33,6.691295276496827e-06,3.5515512707898484e-05,1.5339199281366781e-65,3.6602787912260474e-15,1.1161641191244328e-102,2.2187362160870974e-71,0.0,3.910841778879286e-06,0.0054969013296007575,0.0
19.816666666666663,-0.028085107,0.00554152855979758,3.480591660741461e-05,2.420928604588723e-33,6.635659988621565e-06,3.523811578450318e-05,1.3084678608936606e-65,3.5058626182749415e-15,7.411724324925353e-103,1.5543543423346287e-71,0.0,3.5392145737596494e-06,0.005461309652839775,0.0
19.83333333333333,-0.028085107,0.005505160415144724,3.453507838864363e-05,2.2413977775557825e-33,6.580486985151417e-06,3.4962868926243155e-05,1.1161467144072188e-65,3.3579607366362996e-15,4.921544124730943e-103,1.0888814141627675e-71,0.0,3.202099329237467e-06,0.0054258798815120905,0.0
19.85,-0.028085107,0.005468991018179256,3.426633060456176e-05,2.07517540054634e-33,6.525772427948431e-06,3.468975563029859e-05,9.520886106551972e-66,3.2162983334425e-15,3.2679429154598597e-103,7.627766442143927e-72,0.0,2.89637858361959e-06,0.005390612780929611,0.0
19.866666666666667,-0.028085107,0.005433018205009198,3.399965728638277e-05,1.9212753232822328e-33,6.471512510708924e-06,3.441875951890532e-05,8.121407800441203e-66,3.0806121889944956e-15,2.1698940076997685e-103,5.343188397441879e-72,0.0,2.6192069563217244e-06,0.005355509068733799,0.0
19.883333333333333,-0.028085107,0.00539724001513169,3.373504258566348e-05,1.7787844389755514e-33,6.4177034586996865e-06,3.414986433842335e-05,6.927605275674779e-66,2.9506501877016024e-15,1.440766450536986e-103,3.74274240888412e-72,0.0,2.367988433073335e-06,0.00532056941631288,0.0
19.9,-0.028085107,0.005361654671874847,3.347247077341386e-05,1.6468572763105192e-33,6.364341528496544e-06,3.388305395841236e-05,5.909256234557801e-66,2.826170849652602e-15,9.566205111547167e-104,2.6215961462609695e-72,0.0,2.140355435731088e-06,0.005285794450175967,0.0
19.916666666666668,-0.028085107,0.005326260564454441,3.321192623921291e-05,1.5247109916534176e-33,6.31142300772499e-06,3.361831237071413e-05,5.040578535907515e-66,2.7069428819470665e-15,6.351508036167644e-104,1.8362342905521998e-72,0.0,1.9341495486638477e-06,0.005251184753285418,0.0
19.933333333333334,-0.028085107,0.005291056231526804,3.295339349033119e-05,1.4116207318854624e-33,6.258944214802973e-06,3.33556236885412e-05,4.299577974203551e-66,2.5927447489538276e-15,4.217014597326607e-104,1.286106397498513e-72,0.0,1.747403781511012e-06,0.005216740866349026,0.0
19.95,-0.028085107,0.005256040346126535,3.269685715085948e-05,1.3069153404398875e-33,6.20690149868581e-06,3.309497214557247e-05,3.6674918477697793e-66,2.4833642606976893e-15,2.79978364714739e-104,9.007665612848457e-73,0.0,1.5783262556263578e-06,0.005182463289073307,0.0
19.966666666666665,-0.028085107,0.005221211701885002,3.244230196084379e-05,1.209973381154463e-33,6.155291238613222e-06,3.283634209505503e-05,3.1283142503102804e-66,2.3785981786102637e-15,1.8588099280433296e-104,6.308617764080084e-73,0.0,1.4252852087041991e-06,0.005148352481379408,0.0
19.98333333333333,-0.028085107,0.005186569200432201,3.218971277542669e-05,1.1202194564259834e-33,6.104109843858451e-06,3.2579718008913116e-05,2.668391085158259e-66,2.2782518379118966e-15,1.2340611018849982e-104,4.418174090356922e-73,0.0,1.286795218932531e-06,0.005114408864582792,0.0
20.0,-0.028085107,0.005152111839891029,3.193907456399471e-05,1.0371207978934506e-33,6.053353753479435e-06,3.232508447686296e-05,2.2760745635197938e-66,2.1821387859234258e-15,8.192746912911834e-105,3.094126994411969e-73,0.0,1.1615045565342313e-06,0.005080632822537976,0.0
20.016666666666666,-0.03276596,0.005117838704379335,3.169037240933219e-05,9.60184109485836e-34,6.003019436072128e-06,3.207242620553433e-05,1.9414284512718295e-66,2.0900804356357664e-15,5.438932094625616e-105,2.1668068224868728e-73,0.0,1.048183576742023e-06,0.005047024702749564,0.0
20.03333333333333,-0.03276596,0.005083748954440624,3.144359150678066e-05,8.889526441624795e-34,5.953103389525673e-06,3.1821728017598584e-05,1.6559766114781197e-66,2.0019057338933873e-15,3.610679852063686e-105,1.517361469744436e-73,0.0,9.457140741098677e-07,0.005013584817450607,0.0
20.05,-0.03276596,0.005049841818330102,3.1198717163405e-05,8.230034970541208e-34,5.9036021407798194e-06,3.157297485090258e-05,1.4124884841068707e-66,1.917450843575638e-15,2.396931389787997e-105,1.0625386968625223e-73,0.0,8.530795236019329e-07,0.004980313444649495,0.0
20.066666666666663,-0.028085107,0.005016116584087742,3.0955734797165135e-05,7.619450989925538e-34,5.854512245584253e-06,3.132615175760997e-05,1.2047960780937356e-66,1.8365588391852323e-15,1.5911587947829242e-105,7.44024700957333e-74,0.0,7.693561391245897e-07,0.004947210829146421,0.0
20.08333333333333,-0.028085107,0.004982572592334828,3.0714629936093595e-05,7.054148955997164e-34,5.8058302882598055e-06,3.108124390334701e-05,1.0276378474870623e-66,1.7590794152780158e-15,1.0562403900836037e-105,5.20975013489713e-74,0.0,6.937046850886684e-07,0.00491427718352028,0.0
20.1,-0.028085107,0.004949209229735432,3.047538821747962e-05,6.5307719820585204e-34,5.757552881461843e-06,3.083823656635651e-05,8.765255030553202e-67,1.684868607193019e-15,7.011377809935867e-106,3.647820209796917e-74,0.0,6.253629812188156e-07,0.00488151268908723,0.0
20.116666666666667,-0.028085107,0.004916025923068135,3.0237995387058977e-05,6.046211938799248e-34,5.7096766659455015e-06,3.05971151366568e-05,7.476303905888966e-67,1.6137885235632855e-15,4.654096101835121e-106,2.5540946824311335e-74,0.0,5.636390451718853e-07,0.004848917496831688,0.0
20.133333333333333,-0.028085107,0.00488302213385745,3.0002437298208873e-05,5.597591027974455e-34,5.6621983103328185e-06,3.0357865115206798e-05,6.37686561848949e-67,1.5457070901106194e-15,3.089290344060358e-106,1.788247575978563e-74,0.0,5.079048216020054e-07,0.004816491728310554,0.0
20.15,-0.028085107,0.004850197353518552,2.9768699911149752e-05,5.182244720416175e-34,5.615114510881902e-06,3.012047211307784e-05,5.4390808619731066e-67,1.480497804248595e-15,2.0505649793769315e-106,1.2520031695395917e-74,0.0,4.5759045012612215e-07,0.004784235476531836,0.0
20.166666666666668,-0.028085107,0.004817551098971883,2.953676929215241e-05,4.797705957401233e-34,5.568421991257917e-06,2.988492185063076e-05,4.639185110436313e-67,1.4180395000375034e-15,1.3610679237537267e-106,8.765372751210032e-75,0.0,4.1217902821101994e-07,0.004752148806808213,0.0
20.183333333333334,-0.028085107,0.004785082908687977,2.9306631612750732e-05,4.441690521870429e-34,5.5221175023060595e-06,2.9651200156699992e-05,3.956906864754666e-67,1.358216123054784e-15,9.033947066404817e-107,6.136525941723628e-75,0.0,3.71201828335919e-07,0.004720231757586526,0.0
20.2,-0.028085107,0.004752792339125573,2.907827314896021e-05,4.112083492909948e-34,5.476197821826287e-06,2.9419292967782257e-05,3.3749543154954936e-67,1.3009165147624183e-15,5.996071298755951e-107,4.295977813338959e-75,0.0,3.342339318927573e-07,0.0046884843412538105,0.0
20.216666666666665,-0.028085107,0.004720678961529291,2.885168028050227e-05,3.806926703316502e-34,5.4306597543499956e-06,2.9189186327232646e-05,2.8785774334666853e-67,1.246034205970985e-15,3.9796746127316877e-107,3.0073834194392554e-75,0.0,3.0089024518304565e-07,0.004656906544920777,0.0
20.23333333333333,-0.028085107,0.004688742359055503,2.862683949003411e-05,3.5244071259932415e-34,5.385500130918556e-06,2.8960866384465256e-05,2.4551944067539424e-67,1.1934672190163362e-15,2.641313159907449e-107,2.1052464019512058e-75,0.0,2.7082186556561575e-07,0.004625498331183326,0.0
20.25,-0.028085107,0.004656982124197703,2.8403737362383963e-05,3.2628461204234284e-34,5.340715808863629e-06,2.873431939416076e-05,2.0940729707666377e-67,1.1431178782815355e-15,1.7530076236286895e-107,1.4736843565482695e-75,0.0,2.437127683161672e-07,0.004594259638862836,0.0
20.266666666666666,-0.028085107,0.004625397856484951,2.8182360583792495e-05,3.0206894755515407e-34,5.2963036715893425e-06,2.8509531715478986e-05,1.7860585664319255e-67,1.0948926287120002e-15,1.1634274816009565e-107,1.0315575571201266e-75,0.0,2.1927678708761966e-07,0.004563190383725908,0.0
20.28333333333333,-0.028085107,0.004593989160428987,2.7962695941158693e-05,2.7964981901161826e-34,5.2522606283562294e-06,2.8286489811277638e-05,1.523342446361574e-67,1.0487018619865045e-15,7.721229473876374e-108,7.220544575586736e-76,0.0,1.9725486302041308e-07,0.004532290459184125,0.0
20.3,-0.028085107,0.004562755643697793,2.77447303212921e-05,2.588939935838791e-34,5.208583614066942e-06,2.8065180247336628e-05,1.2992638595056482e-67,1.004459750021308e-15,5.124190349672607e-108,5.053985402769097e-76,0.0,1.774125395548953e-07,0.004501559736974538,0.0
20.316666666666663,-0.028085107,0.0045316969154950764,2.7528450710170318e-05,2.396781152914819e-34,5.165269589053877e-06,2.7845589691588063e-05,1.1081413070523861e-67,9.620840854979585e-16,3.4006013721635787e-108,3.537411625843868e-76,0.0,1.5953768185283485e-07,0.004470998067821449,0.0
20.33333333333333,-0.028085107,0.004500812585126734,2.7313844192201327e-05,2.218879730991944e-34,5.122315538868319e-06,2.7627704913351864e-05,9.451285979364925e-68,9.214961291183288e-16,2.256721146974283e-108,2.4758529359045794e-76,0.0,1.434384014518615e-07,0.0044406052820799395,0.0
20.35,-0.03276596,0.00447010226073731,2.7100897949491867e-05,2.0541782322890435e-34,5.079718474071545e-06,2.7411512782576877e-05,8.060920598726225e-68,8.826204633034508e-16,1.497586087483905e-108,1.7328132637444945e-76,0.0,1.2894116836432403e-07,0.004410381190361923,0.0
20.366666666666667,-0.03276596,0.004439565548200475,2.6889599261121177e-05,1.90169761671266e-34,5.037475430027593e-06,2.7197000269088223e-05,6.875057972051207e-68,8.453848520640046e-16,9.937964581485107e-109,1.2127363645811512e-76,0.0,1.15889094298536e-07,0.004380325584145094,0.0
20.383333333333333,-0.03276596,0.004409202050149033,2.6679935502418895e-05,1.760531431801389e-34,4.995583466697646e-06,2.698415444183872e-05,5.863623435985976e-68,8.097201067821581e-16,6.594697296672597e-109,8.487285236333557e-77,0.0,1.0414037203462879e-07,0.004350438236365233,0.0
20.4,-0.03276596,0.004379011365131431,2.6471894144249575e-05,1.6298404330799736e-34,4.9540396684362235e-06,2.6772962468167357e-05,5.000964472369188e-68,7.755599576555785e-16,4.376068224443783e-109,5.939624632997973e-77,0.0,9.356685723655921e-08,0.004320718901992565,0.0
20.416666666666668,-0.03276596,0.004348993086882517,2.6265462752301552e-05,1.5088476029509513e-34,4.912841143789065e-06,2.6563411613062007e-05,4.265200585985517e-68,7.428409305645469e-16,2.903789453220442e-109,4.156588660603165e-77,0.0,8.405278013324922e-08,0.004291167318592488,0.0
20.433333333333334,-0.03276596,0.004319146803697583,2.6060628986381494e-05,1.396833538611557e-34,4.871985025292649e-06,2.6355489238428497e-05,3.637668744500995e-68,7.115022291335398e-16,1.926806077170062e-109,2.9087271665485637e-77,0.0,7.549357556288518e-08,0.004261783206871206,0.0
20.45,-0.03276596,0.004289472097899511,2.5857380599713526e-05,1.2931321816675512e-34,4.8314684692753375e-06,2.6149182802364225e-05,3.1024503361093262e-68,6.814856217680139e-16,1.2785059672237147e-109,2.035433218826294e-77,0.0,6.779482085094322e-08,0.004232566271206626,0.0
20.466666666666665,-0.03276596,0.004259968545389979,2.5655705438243838e-05,1.1971268641399273e-34,4.791288655660229e-06,2.5944479858437424e-05,2.6459676641522445e-68,6.52735333456687e-16,8.483194076275266e-110,1.424290913392172e-77,0.0,6.087127189108123e-08,0.004203516200165094,0.0
20.48333333333333,-0.03276596,0.004230635715276189,2.5455591439950467e-05,1.1082466474316816e-34,4.751442787769627e-06,2.5741368054971998e-05,2.2566397584969313e-68,6.251979421381301e-16,5.628698170724502e-110,9.966176308731427e-78,0.0,5.46459886240242e-08,0.004174632667004248,0.0
20.5,-0.03276596,0.004201473169565554,2.525702663415755e-05,1.025962932557926e-34,4.711928092131064e-06,2.5539835134336916e-05,1.9245887853275375e-68,5.988222794392098e-16,3.734637529810236e-110,6.973430657360297e-78,0.0,4.904954186859122e-08,0.004145915330162462,0.0
20.516666666666666,-0.03276596,0.004172480462921397,2.5059999140855234e-05,9.497863215484825e-35,4.672741818285081e-06,2.5339868932241806e-05,1.6413896182089646e-68,5.735593356009566e-16,2.4778836750650763e-110,4.879243674010764e-78,0.0,4.401929415596181e-08,0.004117363833735285,0.0
20.53333333333333,-0.03276596,0.00414365714247321,2.4864497170023945e-05,8.792637114190344e-35,4.6338812385944e-06,2.514145737703645e-05,1.399856226237725e-68,5.493621684151229e-16,1.6440134104339674e-110,3.4138675724381757e-78,0.0,3.9498747857836254e-08,0.004088977807939148,0.0
20.55,-0.03276596,0.004115002747675876,2.467050902096393e-05,8.139756034850466e-35,4.595343648054827e-06,2.4944588489016653e-05,1.1938594674616314e-68,5.261858160023654e-16,1.0907414169223677e-110,2.3885207350701657e-78,0.0,3.5436954485817084e-08,0.004060756869562828,0.0
20.566666666666663,-0.03276596,0.004086516810212545,2.447802308162979e-05,7.535336120674291e-35,4.5571263641076955e-06,2.4749250379734405e-05,1.0181716711097734e-68,5.039872132699319e-16,7.236528592369755e-111,1.6710890176599107e-78,0.0,3.1787979577032966e-08,0.004032700622406992,0.0
20.58333333333333,-0.03276596,0.004058198853936308,2.4287027827969333e-05,6.975781578198455e-35,4.519226726453726e-06,2.4555431251313293e-05,8.683340706650889e-69,4.827251118935575e-16,4.800990129907172e-111,1.169118193329514e-78,0.0,2.8510418073693424e-08,0.004004808657712015,0.0
20.6,-0.03276596,0.0040300483948465865,2.409751182326769e-05,6.457763320022483e-35,4.481642096868653e-06,2.43631193957692e-05,7.405437286016195e-69,4.623600036750739e-16,3.185102544399765e-111,8.179100749686242e-79,0.0,2.5566955555412522e-08,0.003977080554574663,0.0
20.616666666666667,-0.03276596,0.004002064941096149,2.3909463717496382e-05,5.978199190363837e-35,4.44436985902024e-06,2.4172303194335762e-05,6.315570873392891e-69,4.4285404713319767e-16,2.1130419666546204e-111,5.72191026082034e-79,0.0,2.2923971095960496e-08,0.0039495158803537584,0.0
20.633333333333333,-0.03276596,0.0039742479930251874,2.3722872246666365e-05,5.534235656176121e-35,4.407407418286761e-06,2.398297111679467e-05,5.386077021469241e-69,4.2417099719107124e-16,1.4017964190085085e-111,4.002809412927994e-79,0.0,2.0551177893785252e-08,0.003922114191065122,0.0
20.65,-0.03276596,0.003946597043219419,2.3537726232186562e-05,5.123230855258386e-35,4.370752201577113e-06,2.3795111720811054e-05,4.5933607100573405e-69,4.0627613783007574e-16,9.299378236909996e-112,2.800123639641139e-79,0.0,1.8421298170968044e-08,0.0038948750317662666,0.0
20.666666666666668,-0.03276596,0.003919111576589155,2.335401458022664e-05,4.7427389008172193e-35,4.334401657152334e-06,2.3608713651273894e-05,3.917297829223077e-69,3.8913621758463875e-16,6.169003874628009e-112,1.95874530748909e-79,0.0,1.6509769150783663e-08,0.0038677979369309626,0.0
20.683333333333334,-0.03276596,0.003891791070466814,2.3171726281084893e-05,4.3904953493952137e-35,4.298353254448623e-06,2.3423765639640977e-05,3.340724676178266e-69,3.727193877582795e-16,4.0923084513952623e-112,1.370147223163203e-79,0.0,1.4794477212298501e-08,0.0038408824308140545,0.0
20.7,-0.03276596,0.003864634994720386,2.2990850408559952e-05,4.064403745966781e-35,4.262604483901832e-06,2.324025650328888e-05,2.8490025253126827e-69,3.56995143246002e-16,2.714650268801493e-112,9.583961156341251e-80,0.0,1.3255517583571993e-08,0.003814128027806695,0.0
20.716666666666665,-0.03276596,0.00383764281188087,2.2811376119327824e-05,3.762523166393063e-35,4.227152856773386e-06,2.3058175144867507e-05,2.4296462330959455e-69,3.4193426585319856e-16,1.8007426221447248e-112,6.703651645318705e-80,0.0,1.1874977175194536e-08,0.003787534232782384,0.0
20.73333333333333,-0.03276596,0.0038108139772816464,2.2633292652323173e-05,3.4830566833337915e-35,4.191995904977669e-06,2.2877510551659775e-05,2.0720074623050775e-69,3.275087700056634e-16,1.1944876226668957e-112,4.688851231656273e-80,0.0,1.0636738374943069e-08,0.0037611005414339834,0.0
20.75,-0.03276596,0.003784147939208077,2.2456589328125074e-05,3.224340687188467e-35,4.157131180910816e-06,2.2698251794945576e-05,1.767004494254653e-69,3.1369185074987904e-16,7.923260561121798e-113,3.2795188391238914e-80,0.0,9.526301824081199e-09,0.003734826440601958,0.0
20.766666666666666,-0.03276596,0.003757644139055808,2.22812555483475e-05,2.984834998709655e-35,4.122556257280972e-06,2.2520388029370674e-05,1.5068917784536127e-69,3.004578339469658e-16,5.255554191269538e-113,2.2937311149846933e-80,0.0,8.530626377876592e-09,0.0037087114085941307,0.0
20.78333333333333,-0.03276596,0.0037313020114963014,2.2107280795033777e-05,2.763113714621029e-35,4.088268726939849e-06,2.2343908492320184e-05,1.2850633763009064e-69,2.877821285677189e-16,3.485984218075003e-113,1.6042188666194522e-80,0.0,7.637984618749624e-09,0.003682754915497101,0.0
20.8,-0.03276596,0.0037051209846484198,2.1934654630056116e-05,2.557856731921444e-35,4.054266202715806e-06,2.2168802503296517e-05,1.0958853145639188e-69,2.7564118100015396e-16,2.3121960443076e-113,1.1219500163348503e-80,0.0,6.837832441509965e-09,0.003656956423479634,0.0
20.816666666666663,-0.03276596,0.0036791004802549103,2.176336669451902e-05,2.3678419005780446e-35,4.020546317248254e-06,2.199505946330245e-05,9.345525972201271e-70,2.640124312846099e-16,1.5336146611890476e-113,7.846431952503194e-81,0.0,6.120691367614337e-09,0.003631315387088209,0.0
20.83333333333333,-0.037446808,0.003653239913862702,2.1593406708167068e-05,2.1919377580369903e-35,3.98710672282337e-06,2.1822668854227682e-05,7.969672493492093e-70,2.5287427119511024e-16,1.017185665751291e-113,5.487313435780972e-81,0.0,5.4780423704858605e-09,0.0036058312535348605,0.0
20.85,-0.037446808,0.0036275386950062613,2.1424764468797422e-05,2.029096802433973e-35,3.953945091211281e-06,2.165162023824111e-05,6.796342999710715e-70,2.422060040891261e-16,6.746470323444804e-114,3.8373924093449395e-81,0.0,4.902230107737798e-09,0.0035805034629776615,0.0
20.866666666666667,-0.037446808,0.003601996227393127,2.1257429851676477e-05,1.8783492645758167e-35,3.921059113504551e-06,2.1481903257187074e-05,5.795730655432318e-70,2.319878064511068e-16,4.474509365808035e-114,2.6834998974262987e-81,0.0,4.3863765596070084e-09,0.0035553314487939674,0.0
20.883333333333333,-0.037446808,0.003576611909090807,2.1091392808960284e-05,1.7387973417261308e-35,3.888446499957958e-06,2.1313507631985432e-05,4.9424148378288785e-70,2.2220069105831983e-16,2.9676089618229187e-114,1.8765317533551801e-81,0.0,3.9243031669541155e-09,0.003530314637846514,0.0
20.9,-0.037446808,0.003551385132714611,2.092664336912005e-05,1.6096098589667606e-35,3.85610497982966e-06,2.1146423162037238e-05,4.2147157839422044e-70,2.1282647170059401e-16,1.9681599615858574e-114,1.3121976419768564e-81,0.0,3.5104606476457812e-09,0.0035054524507427635,0.0
20.916666666666668,-0.037446808,0.003526315285615705,2.0763171636371075e-05,1.4900173264404914e-35,3.824032301223654e-06,2.0980639724633776e-05,3.594144175397356e-70,2.0384772938839536e-16,1.3052887609618548e-114,9.175539853606885e-82,0.0,3.1398657477419526e-09,0.003480744302087525,0.0
20.933333333333334,-0.037446808,0.0035014017500689387,2.0600967790106503e-05,1.3793073631315304e-35,3.792226230933552e-06,2.0816147274370835e-05,3.0649316965560636e-70,1.9524777998645353e-16,8.656559380122544e-115,6.415833324462909e-82,0.0,2.8080442543913235e-09,0.003456189600729078,0.0
20.95,-0.037446808,0.0034766439034599732,2.0440022084334674e-05,1.2768204600119635e-35,3.760684554287611e-06,2.0652935842566304e-05,2.6136306556896383e-70,1.8701064321278662e-16,5.740854698039692e-115,4.48604505121403e-82,0.0,2.5109796613004513e-09,0.003431787749998936,0.0
20.966666666666665,-0.037446808,0.0034520411184713875,2.0280324847120993e-05,1.1819460573980821e-35,3.7294050749950717e-06,2.0490995536683074e-05,2.2287725103884047e-70,1.7912101294555094e-16,3.807153143172998e-115,3.1366303131060416e-82,0.0,2.2450669356866746e-09,0.0034075381479454735,0.0
20.98333333333333,-0.037446808,0.0034275927632673613,2.0121866480033647e-05,1.094118913223009e-35,3.698385614993803e-06,2.033031653975539e-05,1.900576632488374e-70,1.7156422878252237e-16,2.5247402764595312e-115,2.1930686303911366e-82,0.0,2.0070708882687145e-09,0.0033834401875615185,0.0
21.0,-0.037446808,0.003403298201676669,1.9964637457593635e-05,1.0128157406585593e-35,3.66762401429914e-06,2.017088910982e-05,1.620701922161141e-70,1.643262488003734e-16,1.6742706344695104e-115,1.533311274952875e-82,0.0,1.7940886955902929e-09,0.0033594932570060964,0.0
21.016666666666666,-0.037446808,0.0033791567933737473,1.9808628326728504e-05,9.375520951177445e-36,3.6371181308540415e-06,2.00127035793513e-05,1.382034967783075e-70,1.573936234631437e-16,1.110266465290463e-115,1.0720071702060992e-82,0.0,1.6035161672464387e-09,0.0033356967398204887,0.0
21.03333333333333,-0.037446808,0.003355167894057531,1.965382970623028e-05,8.678794921491092e-36,3.6068658403804223e-06,1.9855750354700326e-05,1.1785093753203455e-70,1.5075347063138918e-16,7.362434020016272e-116,7.494701515487662e-83,0.0,1.4330173897980768e-09,0.0033120500151386798,0.0
21.05,-0.037446808,0.003331330855627988,1.9500232286217367e-05,8.033827391038362e-36,3.576865036231741e-06,1.970001991553857e-05,1.0049516817499115e-70,1.4439345162562333e-16,4.882117866590471e-116,5.239626354254519e-83,0.0,1.280497414689271e-09,0.0032885524578924416,0.0
21.066666666666663,-0.037446808,0.003307645026360121,1.934782682760052e-05,7.436774647261921e-36,3.5471136292468873e-06,1.9545502814305322e-05,8.569499415184219e-71,1.3830174829954598e-16,3.2373359924279576e-116,3.662989343271774e-83,0.0,1.1440776896559122e-09,0.0032652034390111403,0.0
21.08333333333333,-0.037446808,0.0032841097510752392,1.91966041615522e-05,6.884078319911826e-36,3.5176095476051055e-06,1.9392189675659314e-05,7.307416503312322e-71,1.3246704108045385e-16,2.1466437806541539e-116,2.560709945150573e-83,0.0,1.0220739622467105e-09,0.003242002325616328,0.0
21.1,-0.042127658,0.003260724371309553,1.9046555188980645e-05,6.372444206029486e-36,3.4883507366822913e-06,1.9240071195934343e-05,6.231181612460155e-71,1.26878487936062e-16,1.4233932450434688e-116,1.790088702668797e-83,0.0,9.129764104468388e-10,0.0032189484812114185,0.0
21.116666666666667,-0.042127658,0.0032374882254798563,1.8897670880007216e-05,5.898822665724823e-36,3.4593351589084195e-06,1.908913814259938e-05,5.313431665558879e-71,1.2152570422863542e-16,9.438055991286137e-117,1.2513482209203657e-83,0.0,8.154317792524868e-10,0.0031960412658664406,0.0
21.133333333333333,-0.042127658,0.0032144006490462105,1.874994227344754e-05,5.4603904722699744e-36,3.4305607936260817e-06,1.8939381353721618e-05,4.530831759060278e-71,1.1639874341897975e-16,6.2579623978546484e-117,8.747245367506098e-84,0.0,7.282273236297501e-10,0.0031732800363979755,0.0
21.15,-0.042127658,0.0031914609746717016,1.8603360476296854e-05,5.0545340086664233e-36,3.4020256369502782e-06,1.8790791737434665e-05,3.863482255437515e-71,1.1148807858448558e-16,4.149312263396147e-117,6.114401760275117e-84,0.0,6.502763778118452e-10,0.0031506641465445305,0.0
21.166666666666668,-0.042127658,0.003168668532379091,1.845791666321883e-05,4.678833710829665e-36,3.3737277016293683e-06,1.864336027140991e-05,3.294413132735455e-71,1.0678458471684488e-16,2.75113612801e-117,4.273918166923118e-84,0.0,5.806053885359502e-10,0.0031281929471373374,0.0
21.183333333333334,-0.04680851,0.0031460226497044244,1.831360207603838e-05,4.331049664945035e-36,3.3456650169071496e-06,1.849707800233212e-05,2.8091527516718976e-71,1.022795217665717e-16,1.8240672682546815e-117,2.987363259785779e-84,0.0,5.183422657741705e-10,0.003105865786266779,0.0
21.2,-0.04680851,0.0031235226518474693,1.817040802323781e-05,4.0091082733954126e-36,3.3178356283860483e-06,1.8351936045378826e-05,2.395360089771179e-71,9.79645184027994e-17,1.2093790737459202e-117,2.0880433202294124e-84,0.0,4.6270591892778173e-10,0.00308368200944445,0.0
21.216666666666665,-0.04680851,0.0031011678618190906,1.802832587945721e-05,3.7110899100138785e-36,3.290237597891505e-06,1.8207925583703456e-05,2.042511103136459e-71,9.38315564582083e-17,8.018200234770094e-118,1.4594211760718074e-84,0.0,4.1299685947707926e-10,0.0030616409597610853,0.0
21.23333333333333,-0.04680851,0.003078957600585477,1.7887347084997977e-05,3.435217491282428e-36,3.262869003337446e-06,1.806503786792263e-05,1.7416312505755214e-71,8.987295603015897e-17,5.315990708725232e-118,1.0200265726264422e-84,0.0,3.6858876284076536e-10,0.003039741978040366,0.0
21.25,-0.05148936,0.0030568911872092394,1.774746314533033e-05,3.179845895544002e-36,3.2357279385928537e-06,1.7923264215606768e-05,1.4850673867693777e-71,8.608136121035678e-17,3.524393698144278e-118,7.129056627528814e-85,0.0,3.289208928194544e-10,0.0030179844029887305,0.0
21.266666666666666,-0.05148936,0.0030349679389874416,1.7608665630604463e-05,2.9434521673273803e-36,3.2088125133495155e-06,1.778259601077506e-05,1.2662932307340256e-71,8.244972641653474e-17,2.3365631603556935e-118,4.9824438481724024e-85,0.0,2.934913015853196e-10,0.0029963675713413286,0.0
21.28333333333333,-0.05148936,0.003013187171586481,1.7470946175164975e-05,2.724626448551498e-36,3.182120852990766e-06,1.7643024703393445e-05,1.0797434683313716e-71,7.897130330074786e-17,1.5490433063095098e-118,3.482110624283857e-85,0.0,2.618507268323576e-10,0.0029748908180041262,0.0
21.3,-0.05148936,0.0029915481991739453,1.7334296477069156e-05,2.522063582690417e-36,3.1556510984613818e-06,1.750454180887703e-05,9.206722746758195e-72,7.56396282099694e-17,1.026934012395893e-118,2.4335067275612536e-85,0.0,2.3359711550938353e-10,0.0029535534761923467,0.0
21.316666666666663,-0.05148936,0.0029700503345474407,1.7198708297608957e-05,2.334555341981454e-36,3.1294014061385753e-06,1.7367138907595883e-05,7.850326623958383e-72,7.24485101756756e-17,6.807920568287865e-119,1.7006400659310565e-85,0.0,2.083707106003148e-10,0.002932354877565314,0.0
21.33333333333333,-0.05148936,0.0029486928892603456,1.706417346083582e-05,2.1609832314561672e-36,3.1033699477039345e-06,1.72308076443841e-05,6.693735905902523e-72,6.93920194101067e-17,4.5131462157690955e-119,1.1884534146322668e-85,0.0,1.858496437679519e-10,0.0029112943523577086,0.0
21.35,-0.04680851,0.0029274751737446594,1.6930683853089775e-05,2.0003118270063634e-36,3.0775549100165918e-06,1.7095539728053342e-05,5.7075222038283e-72,6.646447628783754e-17,2.9918328660670424e-119,8.30504236777038e-86,0.0,1.657459824047073e-10,0.002890371229507451,0.0
21.366666666666667,-0.05148936,0.002906396639703433,1.6798231422531702e-05,1.851582607865802e-36,3.051954494987351e-06,1.6961326930909407e-05,4.866590876743301e-72,6.366044079217788e-17,1.9832993659522607e-119,5.8035202933830605e-86,0.0,1.4780218479597927e-10,0.0028695848367802346,1.4227252144838537e-10
21.383333333333333,-0.04680851,0.0028854974695473553,1.6666808178678757e-05,1.7139082468280353e-36,3.0265669194538148e-06,1.682816108827237e-05,4.149542917834273e-72,6.097470240678243e-17,1.3147169300597983e-119,4.055376312068538e-86,0.0,1.3178792175485716e-10,0.002848934500890709,4.13006822588079e-08
21.4,-0.04680851,0.0028656763124048647,1.6536406191943618e-05,1.5864673242419423e-36,3.0013904150566396e-06,1.6696034098000483e-05,3.53813078484535e-72,5.840227043371312e-17,8.715038193090124e-120,2.8337454922036522e-86,0.0,1.1749722727936137e-10,0.002828419547620558,1.0228165820206411e-06
21.416666666666668,-0.04680851,0.0028532341112311494,1.640701759317703e-05,1.4684994343433644e-36,2.9764232281167605e-06,1.656493792001766e-05,3.016794345899344e-72,5.593836471994276e-17,5.776960646576367e-120,1.9800701913012143e-86,0.0,1.0474594455994332e-10,0.002808039301933412,9.246325810425608e-06
21.433333333333334,-0.04680851,0.002871577989406216,1.627863457321359e-05,1.359300654813829e-36,2.951663619513652e-06,1.643486457584424e-05,2.572265147500229e-72,5.357840677507963e-17,3.829328438231878e-120,1.3835358666660758e-86,0.0,9.336943706675589e-11,0.00278779308808676,4.8119645181394154e-05
21.45,-0.042127658,0.0029796623624543557,1.615124938242093e-05,1.2582193526157257e-36,2.9271098645645853e-06,1.6305806148131387e-05,2.1932289471959876e-72,5.1318011263802165e-17,2.5382765459264794e-120,9.666970272629873e-87,0.0,8.322053750908609e-11,0.002767680229740842,0.00017659788409780795
21.466666666666665,-0.037446808,0.0032920995689492754,1.602485433025232e-05,1.1646523011535629e-36,2.9027602529048914e-06,1.617775478019893e-05,1.8700379337044825e-72,4.915297785720356e-17,1.6824740976494286e-120,6.754302382843784e-87,0.0,7.416771021705727e-11,0.0027477000500646972,0.0005092940753534625
21.48333333333333,-0.03276596,0.00399389229108561,1.5899441784802447e-05,1.0780410856595014e-36,2.8786130883692207e-06,1.605070267557651e-05,1.5944653197740627e-72,4.7079283427899105e-17,1.1151954404407365e-120,4.719117632785982e-87,0.0,6.609340497768818e-11,0.002727851871839357,0.0012312115956040527
21.5,-0.028085107,0.005343912285813908,1.5775004172366544e-05,9.978687754167423e-37,2.8546666888737753e-06,1.5924642097548378e-05,1.3594960697261915e-72,4.509307457439848e-17,7.391741147331478e-121,3.297093965060574e-87,0.0,5.889258259111659e-11,0.002708135017558288,0.0026012228964042037
21.516666666666666,-0.018723404,0.007664363766096225,1.5651533977002785e-05,9.23656843019445e-37,2.830919386299528e-06,1.579956536870134e-05,1.1591484418499608e-72,4.319066046084859e-17,4.8993187888248286e-121,2.3035205689797156e-87,0.0,5.247139442249176e-11,0.0026885488095251663,0.004941532885367618
21.53333333333333,-0.009361702,0.011317004834574332,1.552902374009785e-05,8.549623123373272e-37,2.807369526376398e-06,1.567546487047621e-05,9.883218088982661e-73,4.136850595884483e-17,3.247265890342066e-121,1.609322726170678e-87,0.0,4.674600003282202e-11,0.0026690925699489713,0.008613900359742369
21.55,0.004680851,0.016669735372140868,1.5407466059935606e-05,7.913751182128602e-37,2.7840154685683893e-06,1.5552333042722394e-05,8.426668877674427e-73,3.962322507856867e-17,2.15225250832712e-121,1.124305937056028e-87,0.0,4.164150859804575e-11,0.0026497656210365595,0.013986225894891534
21.566666666666663,0.018723404,0.02405875531994913,1.5286853591269315e-05,7.325156621778217e-37,2.760855585959708e-06,1.5430162383256235e-05,7.184750789761102e-73,3.7951574677044905e-17,1.4264673403976068e-121,7.854457685313127e-88,0.0,3.7091031287565494e-11,0.002630567285082748,0.021394710126214828
21.58333333333333,0.03276596,0.03375180450435657,1.5167179044896473e-05,6.780325496414509e-37,2.7378882651417452e-06,1.5308945447421883e-05,6.125841022680844e-73,3.6350448431823925e-17,9.454176344660388e-122,5.487041886863134e-88,0.0,3.3034833087894634e-11,0.0026114968845578753,0.03110709357400636
21.6,0.05148936,0.04591727178135849,1.504843518723728e-05,6.276004950827355e-37,2.7151119061010932e-06,1.5188674847656253e-05,5.2229752888285985e-73,3.4816871068900044e-17,6.265833327016338e-122,3.833105279537366e-88,0.0,2.941957373857876e-11,0.002592553742193069,0.04329176578780482
21.616666666666667,0.07021277,0.060602594806479254,1.4930614839916087e-05,5.809183827770875e-37,2.6925249221084393e-06,1.5069343253056859e-05,4.453161642818656e-73,3.3347992834135533e-17,4.1526685533108244e-122,2.6776490248389096e-88,0.0,2.6197628509259843e-11,0.0025737371810631584,0.057996165116203355
21.633333333333333,0.08893617,0.07772375034064687,1.4813710879345695e-05,5.377074715136353e-37,2.670125739608361e-06,1.4950943388952461e-05,3.796795363693581e-73,3.1941084197912304e-17,2.752130406915286e-122,1.8704539262959256e-88,0.0,2.33264805008173e-11,0.002555046524667247,0.0751362690126452
21.65,0.10765957,0.0970660728739232,1.4697716236314917e-05,4.97709732615929e-37,2.6479127981100793e-06,1.483346803647771e-05,3.2371600115292925e-73,3.059353078318509e-17,1.8239128135561144e-122,1.3065645471044206e-88,0.0,2.0768177010603322e-11,0.002536481097007157,0.09449741265907693
21.666666666666668,0.12638298,0.11829534701658338,1.4582623895579251e-05,4.60686311371377e-37,2.6258845500790805e-06,1.4716910032150242e-05,2.7600019687466125e-73,2.930282850750037e-17,1.2087388578020347e-122,9.126520730348375e-89,0.0,1.848884327156469e-11,0.0025180402226636484,0.11574538135695306
21.683333333333334,0.14978723,0.14097720440354813,1.4468426895454524e-05,4.264161027091268e-37,2.6040394608296755e-06,1.4601262267451512e-05,2.353167644809175e-73,2.806657892996153e-17,8.010400939565393e-123,6.374852920057132e-89,0.0,1.64582475664084e-11,0.0024997232268705568,0.13844580743159557
21.7,0.17319149,0.1646023420022098,1.435511832741339e-05,3.946944326456327e-37,2.582376008418397e-06,1.4486517688410116e-05,2.0062941162928562e-73,2.688248479448716e-17,5.3084704315820754e-123,4.452722937949705e-89,0.0,1.464941233867583e-11,0.002481529435586819,0.1620893885399493
21.716666666666665,0.19659574,0.18861492909979533,1.4242691335684993e-05,3.653318376468672e-37,2.56089268353831e-06,1.437266929518884e-05,1.71054533306824e-73,2.5748345761090128e-17,3.5178550976107844e-123,3.1100816055159306e-89,0.0,1.3038266479862838e-11,0.0024634581755665287,0.18612029465787608
21.73333333333333,0.21531914,0.21244171310435803,1.4131139116857635e-05,3.3815293463812756e-37,2.539587989414218e-06,1.4259710141674267e-05,1.458387180046518e-73,2.4662054317239028e-17,2.3312019796958806e-123,2.1722436366418118e-89,0.0,1.160333447187656e-11,0.0024455087744269894,0.20996527388107974
21.75,0.23404256,0.23551968342650145,1.4020454919484063e-05,3.1299537493223864e-37,2.518460441698688e-06,1.4147633335069846e-05,1.24339567206543e-73,2.3621591861707342e-17,1.5448107731723173e-123,1.5171759469773699e-89,0.0,1.0325458512996467e-11,0.0024276805607148515,0.23306131630676485
21.766666666666666,0.2574468,0.2573206228035684,1.391063204369012e-05,2.897088758462099e-37,2.4975085683689938e-06,1.403643203549179e-05,1.0600934021369925e-73,2.2625024953634087e-17,1.0236797735341648e-123,1.0596295450414563e-89,0.0,9.187550158262302e-12,0.002409972863970386,0.25488020535776285
21.78333333333333,0.27617022,0.2773713918795294,1.3801663840785884e-05,2.6815432423859843e-37,2.4767309096248504e-06,1.3926099455567827e-05,9.038100818569807e-74,2.1670501719824677e-17,6.783384251215773e-124,7.400531178822898e-90,0.0,8.174368366525153e-12,0.002392385014789888,0.27494880236235913
21.8,0.29021275,0.29526929687653075,1.3693543712879928e-05,2.482029466281152e-37,2.4561260177870324e-06,1.381662886003934e-05,7.705636255578339e-74,2.075624841361713e-17,4.494922370957353e-124,5.168475696584453e-90,0.0,7.272321170506202e-12,0.002374916344886314,0.2928644142257814
21.816666666666663,0.30893618,0.31069234032420223,1.3586265112496477e-05,2.297355409500987e-37,2.435692457196865e-06,1.3708013565366168e-05,6.569587523410834e-74,1.988056611892138e-17,2.978457928029192e-124,3.609548193309628e-90,0.0,6.4692884768584916e-12,0.002357566187148175,0.3083050441594497
21.83333333333333,0.31829786,0.32340452594126534,1.3479821542195034e-05,2.126417653743355e-37,2.4154288041164557e-06,1.3600246939334392e-05,5.601005257368484e-74,1.9041827593302774e-17,1.973577830809853e-124,2.5207746324969583e-90,0.0,5.754463763859369e-12,0.002340333875696682,0.32103469656252853
21.85,0.32765958,0.3332566697138488,1.3374206554193348e-05,1.968194799477204e-37,2.39533364662984e-06,1.3493322400667086e-05,4.775206307370308e-74,1.823847424424951e-17,1.3077073869102357e-124,1.760378401950029e-90,0.0,5.1182126780378416e-12,0.0023232187459412577,0.33090418810018785
21.866666666666667,0.33702126,0.34018335965514734,1.3269413749992846e-05,1.8217413713918885e-37,2.3754055845449303e-06,1.3387233418638216e-05,4.071145119901729e-74,1.7469013233002434e-17,8.664837914275697e-125,1.2293312120954754e-90,0.0,4.551946740490784e-12,0.002306220134633429,0.33784810746320876
21.883333333333333,0.34170213,0.34419681399637303,1.3165436780006747e-05,1.6861821765584844e-37,2.3556432292962192e-06,1.328197351268877e-05,3.47087773272475e-74,1.6732014700563066e-17,5.741215823971721e-125,8.584651664843333e-91,0.0,4.048010561381459e-12,0.0022893373799190595,0.34187867355888396
21.9,0.34638298,0.3453784237490025,1.3062269343191227e-05,1.5607070816875644e-37,2.3360452038483403e-06,1.3177536252046475e-05,2.9591047398545282e-74,1.6026109110732234e-17,3.804003287232334e-125,5.99469880642593e-91,0.0,3.5995811293503696e-12,0.0022725698213890986,0.34307727807321475
21.916666666666668,0.34170213,0.3438687451290257,1.2959905186679122e-05,1.4445661783608874e-37,2.3166101426004393e-06,1.3073915255347916e-05,2.522781593642481e-74,1.534998470523637e-17,2.5204117215379594e-125,4.186036448987544e-91,0.0,3.2005778932971815e-12,0.0022559168001287664,0.3415844778951117
21.933333333333334,0.33702126,0.3398566451421169,1.2858338105416461e-05,1.3370653074274298e-37,2.2973366912913097e-06,1.2971104190263591e-05,2.1507863242631084e-74,1.4702385066215942e-17,1.669920172376976e-125,2.9230054092830107e-91,0.0,2.8455824890375017e-12,0.002239377658765296,0.337589140701519
21.95,0.33234042,0.33356821372353956,1.2757561941801588e-05,1.2375619158902862e-37,2.278223506905303e-06,1.2869096773125807e-05,1.833636218000897e-74,1.4082106781544572e-17,1.1064035501253405e-125,2.0410198829811458e-91,0.0,2.529767084291585e-12,0.0022229517415141616,0.3313173570972738
21.966666666666665,0.3229787,0.3252559505236828,1.2657570585326943e-05,1.1454612215933683e-37,2.2592692575790545e-06,1.276788676855923e-05,1.5632462416641625e-74,1.3487997208643076e-17,7.330355817970631e-126,1.4251345931468392e-91,0.0,2.248830423795416e-12,0.0022066383942239546,0.32302162740059853
21.98333333333333,0.31361702,0.3151886238886577,1.2558357972223645e-05,1.060212662848358e-37,2.240472622508947e-06,1.2667467989114405e-05,1.3327230628828709e-74,1.2918952332631364e-17,4.856576265693582e-126,9.950744746165127e-92,0.0,1.9989407533264697e-12,0.0021904369644198452,0.31297072062365505
22.0,0.3042553,0.3036420916719184,1.2459918085108578e-05,9.813066118397044e-38,2.2218322918593738e-06,1.2567834294903706e-05,1.1361894220035992e-74,1.2373914714839645e-17,3.217577736252474e-126,6.947785054892464e-92,0.0,1.7766848882906957e-12,0.0021743468013456875,0.30144049528412414
22.016666666666666,0.29021275,0.29089127388546526,1.2362244952634207e-05,9.082713322172377e-38,2.203346966671752e-06,1.246897959324043e-05,9.686343838205623e-75,1.1851871527865857e-17,2.131677873352139e-126,4.850966476965192e-92,0.0,1.5790227702685354e-12,0.0021583672560048324,0.28870587205636883
22.03333333333333,0.27617022,0.2772033795324741,1.2265332649140808e-05,8.406701627395764e-38,2.185015358774255e-06,1.2370897838280043e-05,8.257856561214468e-75,1.1351852673528816e-17,1.4122377501900698e-126,3.3868917062935496e-92,0.0,1.4032469245103835e-12,0.002142497681199617,0.275034060604025
22.05,0.2574468,0.26283241625294823,1.2169175294311515e-05,7.780989101786718e-38,2.1668361906923448e-06,1.2273583030664608e-05,7.040007237443578e-75,1.0872928980220266e-17,9.355947611055859e-127,2.3646426160724943e-92,0.0,1.2469462936578194e-12,0.0021267374315696113,0.260679069225616
22.066666666666663,0.24340425,0.24801495231057943,1.2073767052829783e-05,7.201834359425113e-38,2.148808195560033e-06,1.2177029217169684e-05,6.001740258177956e-75,1.0414210476305951e-17,6.19814151887341e-127,1.650900522469411e-92,0.0,1.107973978699168e-12,0.0021110858636286564,0.24587746684137723
22.08333333333333,0.22468086,0.23296705558726544,1.197910213403931e-05,6.66577422026121e-38,2.1309301170318155e-06,1.2081230490353581e-05,5.116578122814027e-75,9.97484473636628e-18,4.106094614367139e-127,1.1525705410347999e-92,0.0,9.844184680341284e-13,0.0020955423358006427,0.23084532198773894
22.1,0.2106383,0.21788230255272864,1.1885174791606706e-05,6.169603029712543e-38,2.1132007091954443e-06,1.1986180988209803e-05,4.3619466405018315e-75,9.554015297206141e-18,2.720133317881306e-127,8.046469490163013e-93,0.0,8.74577980133469e-13,0.002080106208454177,0.21577621178691087
22.116666666666667,0.19191489,0.20293073010756474,1.1791979323186635e-05,5.710353515022787e-38,2.0956187364853606e-06,1.1891874893821664e-05,3.7185995814574397e-75,9.150940140688984e-18,1.8019602920700008e-127,5.6173889102986926e-93,0.0,7.769375851801898e-13,0.002064776843936085,0.2008401737898982
22.133333333333333,0.17787234,0.1882585929886965,1.1699510070089148e-05,5.285279064227158e-38,2.078182973596811e-06,1.1798306435019579e-05,3.1701281233632357e-75,8.764870240574637e-18,1.193696850367768e-127,3.921524314265045e-93,0.0,6.901488067665629e-13,0.0020495536066037503,0.18618346338192387
22.15,0.15914893,0.17398878723484237,1.1607761416949828e-05,4.891837322045767e-38,2.0608922054007483e-06,1.1705469884040906e-05,2.702542597434293e-75,8.395088170664283e-18,7.90745446077559e-128,2.7375789536747967e-93,0.0,6.130114366347449e-13,0.0020344358628564224,0.17192897724786654
22.166666666666668,0.14510638,0.16022180424688512,1.15167277914023e-05,4.527675004867132e-38,2.043745226859396e-06,1.1613359557192497e-05,2.303915879793162e-75,8.04090677166311e-18,5.238092781358224e-128,1.9110398456355778e-93,0.0,5.444573239812823e-13,0.002019422981165412,0.15817720743259978
22.183333333333334,0.13106383,0.1470370885936453,1.1426403663753082e-05,4.1906138442581906e-38,2.0267408429425195e-06,1.1521969814515621e-05,1.9640793436544688e-75,7.70166787428543e-18,3.4697926694776294e-128,1.3340257250257452e-93,0.0,4.835359263565623e-13,0.0020045143321032765,0.14500759914673728
22.2,0.11702128,0.1344946844462155,1.133678354665887e-05,3.8786375751551166e-38,2.0098778685443938e-06,1.1431295059453271e-05,1.674363626389767e-75,7.376741076227626e-18,2.2984112047735178e-128,9.312152199452574e-94,0.0,4.29401431992435e-13,0.0019897092883719466,0.1324801972009395
22.216666666666665,0.10297872,0.1226370691306396,1.124786199480633e-05,3.5898798911233027e-38,1.9931551284014603e-06,1.1341329738520336e-05,1.4273776069152772e-75,7.06552257073873e-18,1.5224597405284933e-128,6.500209453149455e-94,0.0,3.8130128377283113e-13,0.0019750072248298873,0.12063747955856667
22.23333333333333,0.08893617,0.11149108674900614,1.1159633604594158e-05,3.322613294834419e-38,1.9765714570106586e-06,1.1252068340975797e-05,1.216819962049714e-75,6.767434024610081e-18,1.0084579667524312e-128,4.537285277610963e-94,0.0,3.3856595327543416e-13,0.0019604075185182764,0.1095062909567467
22.25,0.079574466,0.10106990932973102,1.1072093013817541e-05,3.075238777246168e-38,1.9601256985484457e-06,1.1163505398497786e-05,1.0373185003140609e-75,6.481921503499942e-18,6.679803665348887e-129,3.167060034908763e-94,0.0,3.0059982958804926e-13,0.001945909548686227,0.09909980405663332
22.266666666666666,0.06553192,0.09137496692392442,1.0985234901355087e-05,2.8462762639114225e-38,1.9438167067904763e-06,1.1075635484860763e-05,8.842931792045945e-76,6.208454442596214e-18,4.4244930971709296e-129,2.2105890067678858e-94,0.0,2.668731021442795e-13,0.0019315126968150985,0.08941944953974944
22.28333333333333,0.056170214,0.08239780103737458,1.0899053986857777e-05,2.6343557714166564e-38,1.9276433450319573e-06,1.0988453215615311e-05,7.538393152750143e-76,5.946524660704131e-18,2.9306050165583783e-129,1.5429478264746407e-94,0.0,2.369145298133183e-13,0.0019172163466418713,0.08045676953994829
22.3,0.04680851,0.07412180749809147,1.0813545030440513e-05,2.438209221182077e-38,1.9116044860086554e-06,1.0901953247770127e-05,6.426280107775743e-76,5.695645415927214e-18,1.9410870547033728e-129,1.0769264062400722e-94,0.0,2.1030500008222842e-13,0.0019030198841816658,0.07219516051093527
22.316666666666663,0.042127658,0.06652384515192118,1.0728702832375964e-05,2.2566628617781966e-38,1.8956990118185741e-06,1.081613027947675e-05,5.478212592277346e-76,5.455350501187219e-18,1.2856617122385438e-129,7.516443300188951e-95,0.0,1.8667179253221121e-13,0.0018889226977493892,0.06461148192186145
22.33333333333333,0.03276596,0.05957569559666353,1.0644522232790398e-05,2.0886302545376592e-38,1.8799258138442427e-06,1.0730979049716174e-05,4.6699956624047365e-76,5.225193377901174e-18,8.51534789013399e-130,5.246024867326299e-95,0.0,1.6568347006510746e-13,0.001874924177980507,0.057677515991420986
22.35,0.028085107,0.05324536652646171,1.0560998111362097e-05,1.933105780606248e-38,1.8642837926756978e-06,1.0646494337988142e-05,3.9810024086375224e-76,5.004746346207259e-18,5.6399088233872705e-130,3.6613388855533054e-95,0.0,1.4704532960038405e-13,0.0018610237178510402,0.05136127103222159
22.366666666666667,0.018723404,0.047498237235425365,1.0478125387022043e-05,1.7891586306802166e-38,1.8487718580340812e-06,1.056267096400288e-05,3.393647845199073e-76,4.793599750196848e-18,3.7353885915569925e-130,2.555295674197187e-95,0.0,1.3049535134055884e-13,0.0018472207126967333,0.04562812695438907
22.383333333333333,0.0140425535,0.04229804953267448,1.0395899017656363e-05,1.655927241559881e-38,1.8333889286958526e-06,1.0479503787374584e-05,2.892940364878271e-76,4.591361216675126e-18,2.4739648516254476e-130,1.7833396444751154e-95,0.0,1.1580059228970208e-13,0.0018335145602314045,0.04044182618059354
22.4,0.009361702,0.03760775088272743,1.0314313999811547e-05,1.5326141463134036e-38,1.818133932417661e-06,1.0396987707317876e-05,2.4660993251723726e-76,4.39765492603766e-18,1.6384957122124246e-130,1.2445681017675677e-95,0.0,1.0275397558896795e-13,0.0018199046605645766,0.035765316786420545
22.416666666666668,0.004680851,0.03339019914907906,1.0233365368401551e-05,1.418481207310993e-38,1.8030058058618197e-06,1.031511766234601e-05,2.1022290169571264e-76,4.212120913906439e-18,1.0851534482920806e-130,8.685503280885583e-96,0.0,9.117143248018457e-14,0.0018063904162183284,0.031561457243932944
22.433333333333334,0.004680851,0.029608740031312322,1.0153048196417237e-05,1.3128452036740374e-38,1.7880034945224222e-06,1.0233888629971785e-05,1.7920407038294855e-76,4.034414402228554e-18,7.186725822071339e-131,6.061261998127842e-96,0.0,8.088935839149742e-14,0.0017929712321434286,0.02779359385876709
22.45,0.0,0.0262276692887576,1.0073357594637798e-05,1.215073746797346e-38,1.773125952652019e-06,1.0153295626410212e-05,1.527615645425133e-76,3.8642051585940074e-18,4.759541183853582e-131,4.229829815381996e-96,0.0,7.17623488174565e-14,0.0017796465157347298,0.024426022993777403
22.466666666666665,-0.004680851,0.023212592269632487,9.994288711344482e-06,1.1245814995611517e-38,1.75837214318897e-06,1.007333370628388e-05,1.302203062615055e-76,3.701176882582757e-18,3.1520507901880647e-131,2.9517156951644854e-96,0.0,6.366118439422285e-14,0.001766415676845889,0.021424350598162115
22.48333333333333,-0.004680851,0.020530693234707922,9.915836732036476e-06,1.0408266766592872e-38,1.7437410376853513e-06,9.993997962330257e-06,1.1100478931271096e-76,3.545026618000229e-18,2.0874469358057805e-131,2.059766411196578e-96,0.0,5.6471037896455803e-14,0.0017532781278033903,0.018755761531116005
22.5,-0.009361702,0.018150926586431082,9.837996879148703e-06,9.633078051490085e-39,1.729231616235473e-06,9.915283525111169e-06,9.462439455120584e-77,3.3954641899094437e-18,1.3823939223801418e-131,1.4373193072914276e-96,0.0,5.008987884938067e-14,0.0017402332834199033,0.01638921079094059
22.516666666666666,-0.0140425535,0.016044141481337627,9.760764411772014e-06,8.915607258792023e-39,1.7148428674050019e-06,9.837185562724753e-06,8.066087068246492e-77,3.252211665413382e-18,9.154662451846156e-132,1.0029526057194298e-96,0.0,4.4427054095766344e-14,0.0017272805610070046,0.014295548127444291
22.53333333333333,-0.018723404,0.014183150494707312,9.684134625375173e-06,8.251558178920536e-39,1.7005737881606443e-06,9.759699280519126e-06,6.875766114090301e-77,3.115002837185765e-18,6.062433928015029e-132,6.998411097127847e-97,0.0,3.9402025017567664e-14,0.0017144193803872289,0.012447586706586623
22.55,-0.018723404,0.012542752087561393,9.608102851529131e-06,7.636954292229109e-39,1.6864233838004295e-06,9.68281992080862e-06,5.861080488339802e-77,2.983582728790632e-18,4.014633258374243e-132,4.883266202185643e-97,0.0,3.494324421657143e-14,0.0017016491639055352,0.010820125577464774
22.566666666666663,-0.023404256,0.0110997156505513,9.532664457633308e-06,7.06811498755495e-39,1.6723906678845942e-06,9.606542762591913e-06,4.996117903013172e-77,2.857707120871568e-18,2.6585138605660962e-132,3.407322831130641e-97,0.0,3.098715633488009e-14,0.0016889693364401616,0.009389934716192039
22.58333333333333,-0.023404256,0.009832736909267253,9.457814846643816e-06,6.541633549291186e-39,1.6584746621669776e-06,9.530863121272288e-06,4.2587885498085665e-77,2.7371420973293875e-18,1.760460094294209e-132,2.377432109471376e-97,0.0,2.7477309369110714e-14,0.0016763793254128518,0.008135710431196838
22.6,-0.028085107,0.00872237050333496,9.383549456803803e-06,6.054356781508917e-39,1.6446743965270455e-06,9.45577634838007e-06,3.6302612942359745e-77,2.6216636106463938e-18,1.1657560030412404e-132,1.6588035064220908e-97,0.0,2.4363564323698087e-14,0.0016638785607985549,0.0070380079423103285
22.616666666666667,-0.028085107,0.00775094562119362,9.309863761375915e-06,5.6033661474219447e-39,1.630988908902467e-06,9.381277831297243e-06,3.094483019013435e-77,2.511057065548351e-18,7.719396869316927e-133,1.1573741242041706e-97,0.0,2.1601392378100148e-14,0.0016514664751345462,0.006079157015535895
22.633333333333333,-0.028085107,0.006902469700451393,9.23675326837642e-06,5.1859603115344145e-39,1.617417245222209e-06,9.307362992983813e-06,2.637768855580471e-77,2.4051169202305676e-18,5.111558385061671e-133,8.075038805536814e-98,0.0,1.9151249927677505e-14,0.001639142503528959,0.005243165663396697
22.65,-0.028085107,0.006162524400997776,9.164213520311699e-06,4.799638980188412e-39,1.6039584593402235e-06,9.23402729170649e-06,2.248452850373162e-77,2.3036463044079458e-18,3.384679440454202e-133,5.6338790116784495e-98,0.0,1.697802291405815e-14,0.001626906083668833,0.004515616118040604
22.666666666666668,-0.03276596,0.005518157330658964,9.092240093916438e-06,4.442087943974256e-39,1.5906116129696876e-06,9.161266220769426e-06,1.9165901537759636e-77,2.206456653478391e-18,2.2411763773564008e-133,3.930632905700113e-98,0.0,1.505053280180607e-14,0.0016147566558276044,0.0038835565568886513
22.683333333333334,-0.03276596,0.004957772353459421,9.020828599894016e-06,4.1111652326436845e-39,1.5773757756177765e-06,9.08907530824681e-06,1.633703133731928e-77,2.1133673581203393e-18,1.483982631929041e-133,2.742265807865447e-98,0.0,1.3341097396730602e-14,0.0016026936628721086,0.0033353914108902104
22.7,-0.03276596,0.004471020737877379,8.949974682658494e-06,3.80488829980633e-39,1.5642500245209591e-06,9.017450116717606e-06,1.3925649363186393e-77,2.0242054286727315e-18,9.82598061126177e-134,1.913148704139705e-98,0.0,1.1825140448211286e-14,0.0015907165502690502,0.0028607725127726045
22.716666666666665,-0.03276596,0.0040486949041588565,8.879674020078868e-06,3.5214221608425286e-39,1.5512334445808703e-06,8.94638624300217e-06,1.1870149707605001e-77,1.938805173674433e-18,6.5060486149126e-134,1.3346888910151936e-98,0.0,1.0480844643440017e-14,0.0015788247660910159,0.002450492844349696
22.73333333333333,-0.03276596,0.0036826261015378897,8.809922323225046e-06,3.259068413150627e-39,1.5383251283006724e-06,8.875879317901025e-06,1.0118016106800046e-77,1.8570078919652808e-18,4.3077752391819884e-134,9.31115431438313e-99,0.0,9.288843194290986e-15,0.0015670177610219989,0.002096384213737173
22.75,-0.03276596,0.003365586982889774,8.740715336115769e-06,3.016255073121474e-39,1.525524175721982e-06,8.805925005935363e-06,8.62448097664427e-78,1.778661577776783e-18,2.852220592106406e-134,6.495598693718697e-99,0.0,8.231945745558218e-15,0.0015552949883624564,0.0017912198300013107
22.766666666666666,-0.037446808,0.0030911997401072786,8.672048835468454e-06,2.7915271691058296e-39,1.5128296943623028e-06,8.73651900508978e-06,7.351382251327037e-78,1.703620638264519e-18,1.8884589282000415e-134,4.531344199405133e-99,0.0,7.294894803553153e-15,0.0015436559040339268,0.0015286224385311345
22.78333333333333,-0.037446808,0.0028538502122791806,8.603918630450865e-06,2.583538034157308e-39,1.5002407991529607e-06,8.667657046556674e-06,6.26618885120111e-78,1.6317456229572264e-18,1.2503348829914313e-134,3.1610192874124807e-99,0.0,6.4641493028273446e-15,0.0015320999665831855,0.0013029784292133688
22.8,-0.037446808,0.002648608174506841,8.536320562434567e-06,2.3910412465122297e-39,1.4877566123775822e-06,8.59933489448267e-06,5.341169908266341e-78,1.5629029646198978e-18,8.278269027251993e-135,2.2050553130089244e-99,0.0,5.727692301684063e-15,0.0015206266371859823,0.0011093581252458347
22.816666666666663,-0.037446808,0.002471153852024011,8.469250504750456e-06,2.212883169635903e-39,1.4753762636110806e-06,8.531548345717149e-06,4.552686545642885e-78,1.4969647310494911e-18,5.480839976640338e-135,1.5381691649672199e-99,0.0,5.074860129145283e-15,0.0015092353796503672,0.000943442297254489
22.83333333333333,-0.037446808,0.002317710576618495,8.402704362445794e-06,2.0479960472453147e-39,1.463098889659102e-06,8.464293229562223e-06,3.880588134428889e-78,1.4338083873416872e-18,3.628683748971421e-135,1.0729537605245655e-99,0.0,4.4961906016207306e-15,0.0014979256604195719,0.0008014548197127584
22.85,-0.037446808,0.0021849834050108614,8.336678072043345e-06,1.895391612036419e-39,1.450923634498045e-06,8.397565407525096e-06,3.307697617290289e-78,1.3733165681873666e-18,2.4024012320012668e-135,7.484283421673744e-100,0.0,3.983288190657118e-15,0.0014866969485745304,0.0006801012893182798
22.866666666666667,-0.042127658,0.0020701034470876224,8.271167601302258e-06,1.754155169908361e-39,1.4388496492155425e-06,8.33136077307197e-06,2.819372760935523e-78,1.3153768597754518e-18,1.5905099927552925e-135,5.220496152175408e-100,0.0,3.528704257348227e-15,0.0014755487158359998,0.0005765133532245028
22.883333333333333,-0.042127658,0.001970577601462033,8.206168948980512e-06,1.623440124320122e-39,1.426876091951407e-06,8.265675251383855e-06,2.403132137295354e-78,1.259881590896631e-18,1.0529838572612483e-135,3.6413773915182624e-100,0.0,3.125830677449529e-15,0.0014644804365662684,0.00048819844460032164
22.9,-0.042127658,0.0018842433629567953,8.141678144599471e-06,1.502462908044931e-39,1.41500212783912e-06,8.200504799114255e-06,2.0483362851405925e-78,1.2067276328603155e-18,6.971102829238212e-136,2.539872881442149e-100,0.0,2.7688053667629698e-15,0.0014534915877705333,0.00041299459011193916
22.916666666666668,-0.042127658,0.0018092283479461196,8.077691248209931e-06,1.3904982920197866e-39,1.4032269289477645e-06,8.135845404148722e-06,1.7459159121763212e-78,1.1558162078525712e-18,4.6150428971015975e-136,1.7715388061519365e-100,0.0,2.452428381443078e-15,0.0014425816490978931,0.00034902993526446645
22.933333333333334,-0.042127658,0.0017439141761844202,8.014204350160125e-06,1.2868750432424888e-39,1.3915496742244793e-06,8.071693085366198e-06,1.4881401982685876e-78,1.107052705379157e-18,3.055234053509511e-136,1.2356110393586596e-100,0.0,2.1720874147786466e-15,0.0014317501028420058,0.00029468662623049043
22.95,-0.042127658,0.0016869043493090764,7.951213570865292e-06,1.190971905752205e-39,1.379969549437344e-06,8.008043892402002e-06,1.2684192840119206e-78,1.0603465064524135e-18,2.0225894312399044e-136,8.617977007301393e-101,0.0,1.923691642703005e-15,0.0014209964339413734,0.0002485686883530735
22.966666666666665,-0.042127658,0.0016369957745427056,7.888715060579087e-06,1.1022138806622344e-39,1.3684857471187724e-06,7.94489390541289e-06,1.081135901444478e-78,1.0156108151954732e-18,1.3389535092268373e-136,6.01064868816833e-101,0.0,1.7036129865665014e-15,0.0014103201299793186,0.00020947354984857155
22.98333333333333,-0.042127658,0.0015931535954756238,7.826704999166663e-06,1.0200687829992212e-39,1.357097466509362e-06,7.882239234843604e-06,9.215018476209083e-79,9.727624975507434e-19,8.863755987576624e-137,4.1920827067729045e-101,0.0,1.508633965141808e-15,0.0013997206811836227,0.00017636687258997194
23.0,-0.042127658,0.0015544890087269658,7.76517959587947e-06,9.440440547575638e-40,1.3458039135022092e-06,7.820076021195393e-06,7.854356359393712e-79,9.317219267930286e-19,5.867655777369313e-137,2.92368678070601e-101,0.0,1.3359013998440343e-15,0.0013891975804258448,0.0001483603687692071
23.016666666666666,-0.042127658,0.0015202397645697572,7.70413508913172e-06,8.736838151096511e-40,1.3346043005876906e-06,7.758400434796157e-06,6.694582007701682e-79,8.924128355601485e-19,3.884239677742211e-137,2.039033546275017e-101,0.0,1.1828853189833488e-15,0.0013787503232203385,0.0001246923015237193
23.03333333333333,-0.042127658,0.0014897530702993303,7.643567746278506e-06,8.085661301290236e-40,1.3234978467986965e-06,7.697208675572376e-06,5.706039918395077e-79,8.547621741261302e-19,2.5712362400632703e-137,1.422035516196358e-101,0.0,1.0473424796495414e-15,0.001368378407722948,0.00010471038830668445
23.05,-0.042127658,0.00146247063646217,7.58347386339563e-06,7.483004856964864e-40,1.3124837776563212e-06,7.63649697282266e-06,4.863451877482811e-79,8.186999746536303e-19,1.702050815393478e-137,9.917200232958468e-102,0.0,9.272839905528115e-16,0.001358081334729427,8.785684711794038e-05
23.066666666666663,-0.042127658,0.0014379156274469068,7.523849765061138e-06,6.925254484730954e-40,1.3015613251160142e-06,7.576261584993275e-06,4.145270929722159e-79,7.841592211733592e-19,1.1266724041792607e-137,6.916084761830329e-102,0.0,8.209465766974417e-16,0.001347858607673572,7.365534709734262e-05
23.08333333333333,-0.042127658,0.0014156812989175348,7.464691804138255e-06,6.409065009480443e-40,1.290729727514146e-06,7.516498799454965e-06,3.533130682490166e-79,7.510757250486885e-19,7.457914478521787e-138,4.823076379717113e-102,0.0,7.267670779384096e-16,0.0013377097326250458,6.169964596065421e-05
23.1,-0.042127658,0.001395421124805152,7.4059963615602764e-06,5.931340376111635e-40,1.2799882295150587e-06,7.4572049322817545e-06,3.011375876958439e-79,7.193880056944083e-19,4.936643432331227e-138,3.363416104361655e-102,0.0,6.433598189682723e-16,0.0013276342182869715,5.1643716994179415e-05
23.116666666666667,-0.042127658,0.0013768402358291247,7.347759846116882e-06,5.489215102614036e-40,1.2693360820585328e-06,7.398376328031467e-06,2.5666622352662652e-79,6.89037176327672e-19,3.267689273136841e-138,2.3454690501243083e-102,0.0,5.694965287270072e-16,0.0013176315759932413,4.31931875791063e-05
23.133333333333333,-0.042127658,0.0013596880096331373,7.2899786942419716e-06,5.080037113554039e-40,1.2587725423076827e-06,7.340009359527521e-06,2.1876153615344917e-79,6.599668345388319e-19,2.1629395875199065e-138,1.6355788330596505e-102,0.0,5.04088523181985e-16,0.0013077013197055438,3.609792933101157e-05
23.15,-0.042127658,0.001343751669499413,7.232649369803302e-06,4.70135185125546e-40,1.2482968735973005e-06,7.282100427642814e-06,1.864539982730809e-79,6.321229574790557e-19,1.4316692044576875e-138,1.1405279801266392e-102,0.0,4.461708973839645e-16,0.0012978429660101822,3.014565681774057e-05
23.166666666666668,-0.042127658,0.0013288507641991425,7.175768363893564e-06,4.35088756960158e-40,1.2379083453826208e-06,7.224645961084924e-06,1.5891721010681864e-79,6.05453801469722e-19,9.476231164892297e-139,7.95303904226444e-103,0.0,3.948885011081711e-16,0.0012880560341146155,2.515640741377037e-05
23.183333333333334,-0.042127658,0.0013148324158425379,7.119332194623107e-06,4.026541722465349e-40,1.2276062331885198e-06,7.1676424161831915e-06,1.3544677256343397e-79,5.799098058471926e-19,6.272249005842391e-139,5.545657095504537e-103,0.0,3.4948349763358257e-16,0.0012783400458437828,2.0977789154410197e-05
23.2,-0.042127658,0.001301567235629361,7.0633374069140935e-06,3.726368365312261e-40,1.2173898185591069e-06,7.111086276677093e-06,1.1544227852695391e-79,5.554435008641367e-19,4.151505621918572e-139,3.8669241871612494e-103,0.0,3.092843276459095e-16,0.0012686945256361755,1.7480896490725438e-05
23.216666666666665,-0.037446808,0.0012889458192148625,7.007780572296386e-06,3.4485664945865803e-40,1.207258389007775e-06,7.054974053506537e-06,9.839196211901005e-80,5.320094194764351e-19,2.74778454111842e-139,2.69631774535203e-103,0.0,2.7369592018347685e-16,0.0012591190005396989,1.4556805660078882e-05
23.23333333333333,-0.037446808,0.0012768757440556006,6.9526582887047685e-06,3.1914692550951493e-40,1.1972112379676362e-06,6.999302284603539e-06,8.385961368276763e-80,5.09564012851618e-19,1.8186722498114307e-139,1.8800494351767067e-103,0.0,2.421910102561191e-16,0.0012496130002073076,1.2113572036774381e-05
23.25,-0.037446808,0.001265279000654424,6.8979671802778275e-06,2.9535339507953844e-40,1.1872476647423748e-06,6.944067534685496e-06,7.147342611542698e-80,4.880655694418742e-19,1.2037074140029724e-139,1.3108719615322353e-103,0.0,2.1430243850308482e-16,0.0012401760568924289,1.0073661382074655e-05
23.266666666666666,-0.037446808,0.0012540897981593686,6.843703897158336e-06,2.7333327992011767e-40,1.1773669744575204e-06,6.889266395050159e-06,6.091648751677317e-80,4.674741374712598e-19,7.966768069251103e-140,9.139956009063282e-104,0.0,1.896163222351926e-16,0.0012308077054441846,8.37175544832785e-06
23.28333333333333,-0.037446808,0.0012432526923658097,6.789865115295021e-06,2.529544374065716e-40,1.1675684780121037e-06,6.834895483371912e-06,5.191867718170155e-80,4.47751450693037e-19,5.272761991220955e-140,6.372660491590204e-104,0.0,1.6776599962462376e-16,0.0012215074833023922,6.9528799865702395e-06
23.3,-0.042127658,0.0012327209909040108,6.736447536245946e-06,2.340945685119073e-40,1.1578514920307233e-06,6.780951443499848e-06,4.4249757819460705e-80,4.288608572791951e-19,3.489706718318412e-140,4.4431433220184297e-104,0.0,1.4842665983641652e-16,0.001212274930492388,5.770809939697499e-06
23.316666666666663,-0.042127658,0.001222455396342383,6.683447886983393e-06,2.1664048474495526e-40,1.1482153388160305e-06,6.7274309452572076e-06,3.7713487446717955e-80,4.1076725171005286e-19,2.309587767603159e-140,3.0977955168578426e-104,0.0,1.3131058169284662e-16,0.001203109589619665,4.786712551529543e-06
23.33333333333333,-0.042127658,0.0012124228531752194,6.630862919699974e-06,2.0048742966422767e-40,1.1386593463015614e-06,6.674330684242356e-06,3.2142600456040717e-80,3.9343700953727837e-19,1.5285329445416354e-140,2.1597728341272988e-104,0.0,1.1616291216307106e-16,0.0011940110058642887,3.967994360570329e-06
23.35,-0.042127658,0.0012025955692634576,6.5786894116165045e-06,1.8553845090590623e-40,1.1291828480050063e-06,6.621647381631287e-06,2.7394529571537702e-80,3.768379248992171e-19,1.0116026073508155e-140,1.505761967651598e-104,0.0,1.0275792369786895e-16,0.0011849787269751762,3.2873226469254234e-06
23.366666666666667,-0.042127658,0.0011929501863243066,6.5269241647912e-06,1.7170381896598691e-40,1.1197851829818544e-06,6.569377783981737e-06,2.334775933606475e-80,3.6093915067235236e-19,6.694835220176973e-141,1.0497781131157842e-104,0.0,9.089569629088524e-17,0.0011760123032641889,2.721795928271643e-06
23.383333333333333,-0.042127658,0.001183467077582759,6.475564005930182e-06,1.5890048925672413e-40,1.1104656957793893e-06,6.517518663038508e-06,1.9898717913490833e-80,3.457111411476286e-19,4.430621717266608e-141,7.318661556108906e-105,0.0,8.039917624076457e-17,0.0011671112876000228,2.252241617907193e-06
23.4,-0.04680851,0.0011741297537619247,6.424605786199586e-06,1.4705160421644235e-40,1.1012237363911196e-06,6.46606681554047e-06,1.69591277469551e-80,3.3112559712525486e-19,2.932137221699068e-141,5.1022154456348394e-105,0.0,7.111156899836646e-17,0.0011582752354019775,1.8626220217446374e-06
23.416666666666668,-0.04680851,0.00116492436125165,6.374046381039036e-06,1.360860324912515e-40,1.0920586602115476e-06,6.415019063029026e-06,1.445374734134359e-80,3.1715541332584e-19,1.9404334900371733e-141,3.556959495314065e-105,0.0,6.289402828593666e-17,0.001149503704633541,1.5395325137663077e-06
23.433333333333334,-0.042127658,0.0011558392586038298,6.3238826899764654e-06,1.2593794242925738e-40,1.0829698279913377e-06,6.36437225165792e-06,1.2318446434909265e-80,3.037746280201972e-19,1.2841273475109927e-141,2.479659578516465e-105,0.0,5.562360793894782e-17,0.001140796255795829,1.2717780383190083e-06
23.45,-0.042127658,0.0011468646595005647,6.274111636444364e-06,1.1654640733307035e-40,1.073956605792833e-06,6.314123252004565e-06,1.0498565346379193e-80,2.909583747841751e-19,8.497913447488366e-142,1.7286148528977684e-105,0.0,4.919144670615631e-17,0.0011321524519208592,1.0500160854141003e-06
23.466666666666665,-0.042127658,0.001137992332066504,6.224730167597425e-06,1.0785504010657467e-40,1.0650183649459646e-06,6.26426895888273e-06,8.947516547780537e-81,2.7868283628890773e-19,5.6235608440248774e-142,1.2050289245885388e-105,0.0,4.350115960305847e-17,0.0011235718585646966,8.66456010337579e-07
23.48333333333333,-0.042127658,0.0011292153458834588,6.1757352541315495e-06,9.981165510776773e-41,1.0561544820045056e-06,6.214806291156746e-06,7.625592705042797e-81,2.669252000405887e-19,3.721391758559251e-142,8.400202869946571e-106,0.0,3.8467412395748404e-17,0.0011150540438004466,7.146060556807333e-07
23.5,-0.042127658,0.0011205278593444446,6.127123890104203e-06,9.236795518239656e-41,1.047364338702707e-06,6.165732191557013e-06,6.498950706491144e-81,2.5566361598750707e-19,2.4626023781008238e-142,5.855650778048595e-106,0.0,3.4014658438669637e-17,0.0011065985782111095,5.890607129369686e-07
23.516666666666666,-0.042127658,0.0011119249410826652,6.078893092756153e-06,8.547924200376297e-41,1.0386473219122855e-06,6.117043626496965e-06,5.538745698410883e-81,2.448771559156138e-19,1.6295891297630801e-142,4.0818183183905672e-106,0.0,3.0076019438334994e-17,0.0010982050348823155,4.853221591537902e-07
23.53333333333333,-0.042127658,0.001103402420152464,6.0310399023345285e-06,7.910414798366985e-41,1.0300028235997574e-06,6.068737585891415e-06,4.720392981907869e-81,2.345457745571084e-19,1.0783428834654968e-142,2.8452818894237016e-106,0.0,2.659229379921754e-17,0.001089872989394906,3.996504457056229e-07
23.55,-0.042127658,0.0010949567604452315,5.98356138191716e-06,7.320438814852152e-41,1.021430240784142e-06,6.02081108297621e-06,4.0229388943274527e-81,2.2465027233982065e-19,7.1356013438125e-143,1.9833075897610103e-106,0.0,2.3511078057361392e-17,0.0010816020198174095,3.2893792212088813e-07
23.566666666666663,-0.042127658,0.0010865849555118138,5.936454617238389e-06,6.774453049421496e-41,1.012928975495017e-06,5.9732611541294355e-06,3.4285245850111736e-81,2.1517225970815813e-19,4.7217092044528755e-143,1.3824454753712452e-106,0.0,2.0785988548105287e-17,0.0010733917066983994,2.706040665305447e-07
23.58333333333333,-0.042127658,0.0010782844405505376,5.8897167165159834e-06,6.269178344396343e-41,1.0044984347308915e-06,5.92608485869366e-06,2.9219289704123715e-81,2.0609412294926164e-19,3.124372900496811e-143,9.636051897321648e-107,0.0,1.8375971910113253e-17,0.0010652416330587068,2.2250748187169245e-07
23.6,-0.04680851,0.0010700530188206484,5.8433448102795405e-06,5.801579913574995e-41,9.961380304179726e-07,5.879279278799872e-06,2.490179178247336e-81,1.9739899146097086e-19,2.0673855035332104e-143,6.716506641428254e-107,0.0,1.624469431947564e-17,0.0010571513843835524,1.8287231758205313e-07
23.616666666666667,-0.04680851,0.001061888800166765,5.79733605120014e-06,5.368849136075116e-41,9.87847179369246e-07,5.832841519192546e-06,2.122218516147203e-81,1.8907070640068811e-19,1.3679652375890672e-143,4.681456409833142e-107,0.0,1.436000049333364e-17,0.0010491205486145598,1.5022680242876245e-07
23.633333333333333,-0.04680851,0.001053790149701859,5.751687613921172e-06,4.968386706185608e-41,9.796253032438816e-07,5.786768707056036e-06,1.8086234713362972e-81,1.8109379065688414e-19,9.051564647229545e-144,3.2629600335095936e-107,0.0,1.2693434518814064e-17,0.0010411487161416408,1.2335193598410033e-07
23.65,-0.04680851,0.0010457556450033725,5.706396694890543e-06,4.597787038263134e-41,9.7147182850701e-07,5.74105799184238e-06,1.541362501777371e-81,1.7345342008750876e-19,5.98917863376356e-144,2.2742372969241424e-107,0.0,1.1219815464539052e-17,0.0010332354797948059,1.0123869331528158e-07
23.666666666666668,-0.04680851,0.0010377840404372227,5.661460512194124e-06,4.254823833219496e-41,9.633861863898025e-07,5.6957065451002945e-06,1.31359044803288e-81,1.6613539597179477e-19,3.962834175660917e-144,1.5850868801146034e-107,0.0,9.916861531494056e-18,0.001025380434835861,8.30523576675374e-08
23.683333333333334,-0.04680851,0.0010298742374447412,5.616876305390493e-06,3.937436720104817e-41,9.553678128499138e-07,5.650711560305645e-06,1.1194733061346254e-81,1.5912611862430318e-19,2.6220415422202273e-144,1.1047490916323796e-107,0.0,8.764857209153018e-18,0.0010175831789500207,6.810281616559428e-08
23.7,-0.04680851,0.0010220252598137428,5.57264133534681e-06,3.6437188927287065e-41,9.47416148532218e-07,5.606070252692936e-06,9.540388783039871e-82,1.524125621221376e-19,1.7348753765361832e-144,7.699588951743176e-108,0.0,7.746358531599129e-18,0.001009843312237409,5.581983975380959e-08
23.716666666666665,-0.04680851,0.001014236233112213,5.528752884076035e-06,3.371905667225308e-41,9.39530638729893e-07,5.561779859088358e-06,8.130494802783664e-82,1.4598225009841108e-19,1.147868281842661e-144,5.366174007799652e-108,0.0,6.845932086031165e-18,0.001002160437204489,4.573252582289745e-08
23.73333333333333,-0.04680851,0.0010065063675956617,5.4852082545753735e-06,3.120363891978124e-41,9.317107333458248e-07,5.5178376377438745e-06,6.928934481954871e-82,1.398232325569472e-19,7.594704780185288e-145,3.739859635918245e-108,0.0,6.0499239205104135e-18,0.0009945341587554014,3.7452214588887314e-08
23.75,-0.04680851,0.0009988349440109435,5.442004770665823e-06,2.8875821464317686e-41,9.239558868543238e-07,5.474240868172736e-06,5.904926688933029e-82,1.339240636651439e-19,5.024869851951581e-145,2.606388866339661e-108,0.0,5.3462549362370566e-18,0.0009869640841832167,3.065830202844735e-08
23.766666666666666,-0.04680851,0.0009912213018134232,5.399139776833105e-06,2.6721616700392314e-41,9.162655582631681e-07,5.430986850986125e-06,5.032237673892157e-82,1.2827378048373491e-19,3.324557352232282e-145,1.816420924684965e-108,0.0,4.724239738362326e-18,0.0009794498231611147,2.508646622146216e-08
23.78333333333333,-0.04680851,0.0009836648293933862,5.356610638069633e-06,2.4728079669703775e-41,9.086392110759553e-07,5.388072907731107e-06,4.2885093469280174e-82,1.228618825939143e-19,2.1995707860753042e-145,1.2658643612908184e-108,0.0,4.174426263957759e-18,0.0009719909877334785,2.0518903026718442e-08
23.8,-0.04680851,0.0009761649559740621,5.314414739717762e-06,2.2883230362530616e-41,9.010763132547674e-07,5.345496380729771e-06,3.65468676912693e-82,1.1767831258396956e-19,1.455248529504851e-145,8.821679176792114e-109,0.0,3.688453811273639e-18,0.0009645871923069193,1.6776233436755766e-08
23.816666666666663,-0.04680851,0.0009687211448993537,5.272549487314255e-06,2.1175981807677123e-41,8.935763371831553e-07,5.30325463291963e-06,3.114530204559075e-82,1.127134373591715e-19,9.627898849727411e-146,6.147644881914841e-109,0.0,3.258927365230525e-18,0.000957238053641239,1.371080069423598e-08
23.83333333333333,-0.04680851,0.0009613328880760442,5.231012306435758e-06,1.959607351981448e-41,8.861387596294084e-07,5.261345047695183e-06,2.6541992447716413e-82,1.0795803024016442e-19,6.369729698246965e-146,4.284101279514528e-109,0.0,2.8793063541376585e-18,0.0009499431908403019,1.1201121978905372e-08
23.85,-0.04680851,0.0009539997013744849,5.18980064254567e-06,1.8134009905220674e-41,8.78763061710147e-07,5.219765028750701e-06,2.2618983615110985e-82,1.034032538166208e-19,4.214107722098147e-146,2.985411124147866e-109,0.0,2.5438061854048442e-18,0.0009427022253428642,9.147298611607864e-09
23.866666666666667,-0.04680851,0.0009467211208244349,5.14891196084202e-06,1.6781003256586922e-41,8.714487288542286e-07,5.178511999924316e-06,1.927574815250336e-82,9.90406435242813e-20,2.78795281212496e-146,2.0803769901518183e-109,0.0,2.2473110965832705e-18,0.000935514780913339,7.467221472928193e-09
23.883333333333333,-0.04680851,0.000939496699470112,5.108343746106468e-06,1.5528920995083627e-41,8.641952507669118e-07,5.137583405043025e-06,1.6426611868670012e-82,9.486209191484512e-20,1.844422330085567e-146,1.4496842844494538e-109,0.0,1.9852970251965506e-18,0.0009283804836324764,6.093435717078975e-09
23.9,-0.04680851,0.0009323260047714743,5.068093502554555e-06,1.4370236843333098e-41,8.570021213943584e-07,5.0969767077691686e-06,1.3998559417553562e-82,9.085983358951912e-20,1.2201985424064644e-146,1.0101789889062049e-109,0.0,1.7537633489285787e-18,0.0009212989618880176,4.970551736806682e-09
23.916666666666668,-0.04680851,0.0009252086164577255,5.028158753687023e-06,1.3297985636481034e-41,8.498688388884095e-07,5.056689391447856e-06,1.1929364089732371e-82,8.702643076819324e-20,8.072272618603611e-147,7.039093911006147e-110,0.0,1.549172478971516e-18,0.0009142698463652721,4.053108428498106e-09
23.933333333333334,-0.04680851,0.0009181441247550624,4.988537042142272e-06,1.2305721500369612e-41,8.427949055716675e-07,5.016718958955732e-06,1.0165993876221653e-82,8.335475946744368e-20,5.34018543909257e-147,4.904883898334629e-110,0.0,1.3683964056308388e-18,0.0009072927700376606,3.303810730600502e-09
23.95,-0.05148936,0.0009111321289238698,4.949225929549927e-06,1.1387479145990494e-41,8.357798279028426e-07,4.97706293255071e-06,8.663252997501929e-83,7.983799626166598e-20,3.53274317117464e-147,3.41770257226551e-110,0.0,1.2086693983217866e-18,0.0009003673681571866,2.6920766784240085e-09
23.966666666666665,-0.056170214,0.0009041722360516974,4.91022299638548e-06,1.0537738048086988e-41,8.2882311644242e-07,4.937718853722955e-06,7.382624117460298e-83,7.646960560274903e-20,2.3370231427671458e-147,2.3814056309059618e-110,0.0,1.0675461533841382e-18,0.0008934932782448773,2.192840268129325e-09
23.98333333333333,-0.060851064,0.0008972640600574805,4.871525841826089e-06,9.75138929304448e-42,8.219242858185878e-07,4.8986842830470155e-06,6.2912815986868045e-83,7.324332767471915e-20,1.54599893841138e-147,1.6593044618547946e-110,0.0,9.42864764019953e-19,0.0008866701400811712,1.785565616667847e-09
24.0,-0.060851064,0.0008904072208701499,4.833132083607425e-06,9.023704897222001e-42,8.150828546934545e-07,4.859956800034978e-06,5.361250533791389e-83,7.015316676078014e-20,1.022705545636992e-147,1.1561452415999232e-110,0.0,8.327139583095518e-19,0.0008798975956962645,1.453435548635358e-09
24.016666666666666,-0.060851064,0.0008836013437511148,4.795039357881645e-06,8.350309411683931e-42,8.08298345729555e-07,4.821534002990889e-06,4.56869001903992e-83,6.719338010114492e-20,6.765303466960199e-148,8.055496953105662e-111,0.0,7.354041147319472e-19,0.0008731752893604199,1.182684092023993e-09
24.03333333333333,-0.060851064,0.0008768460587353618,4.757245319076346e-06,7.727153642993159e-42,8.015702855566175e-07,4.78341350886609e-06,3.893282317160212e-83,6.435846722093726e-20,4.4752697287328914e-148,5.612623653292969e-111,0.0,6.494416208375241e-19,0.0008665028675742243,9.620476377256483e-10
24.05,-0.060851064,0.0008701410001703267,4.7197476397547085e-06,7.150490332420766e-42,7.948982047386174e-07,4.745592953115836e-06,3.317712266999232e-83,6.164315970834427e-20,2.9603729138221295e-148,3.910507882499887e-111,0.0,5.735061905201926e-19,0.0008598799790588245,7.823138923333435e-10
24.066666666666663,-0.060851064,0.0008634858063352803,4.6825440104766126e-06,6.616851647663099e-42,7.88281637741115e-07,4.708069989556904e-06,2.827223608189925e-83,5.904241142402231e-20,1.9582534985625725e-148,2.7245456204118224e-111,0.0,5.064307994423444e-19,0.0008533062747461243,6.359513808192171e-10
24.08333333333333,-0.060851064,0.0008568801191269805,4.645632139660784e-06,6.123028352023778e-42,7.81720122898833e-07,4.670842290226271e-06,2.4092408582262816e-83,5.65513891235467e-20,1.2953487001494754e-148,1.8982293933474066e-111,0.0,4.471839372289811e-19,0.0008467814077689333,5.168052608136793e-10
24.1,-0.056170214,0.0008503235837998824,4.609009753448076e-06,5.6660505260865496e-42,7.752132023835347e-07,4.633907545240952e-06,2.053047057752358e-83,5.416546347550848e-20,8.568400933231269e-149,1.322504050809886e-111,0.0,3.948539096427286e-19,0.0008403050334511109,4.198476984686136e-10
24.116666666666667,-0.056170214,0.00084381584875118,4.572674595565766e-06,5.243169726198434e-42,7.687604221721629e-07,4.597263462658838e-06,1.7495091303693024e-83,5.188020045854262e-20,5.66771730044911e-149,9.213805729174523e-112,0.0,3.486349545859434e-19,0.000833876809297668,3.409731148371874e-10
24.133333333333333,-0.056170214,0.0008373565653426935,4.536624427192745e-06,4.85184247271138e-42,7.623613320152137e-07,4.560907768340591e-06,1.4908438224907481e-83,4.969135312130198e-20,3.748969475081425e-149,6.419110179341901e-112,0.0,3.078149629045569e-19,0.0008274963949848303,2.768303143491642e-10
24.15,-0.056170214,0.0008309453877530568,4.500857026825904e-06,4.48971496890026e-42,7.560154854054172e-07,4.524838205812597e-06,1.2704182279214219e-83,4.7594853690081876e-20,2.4797674956939786e-149,4.472026454636733e-112,0.0,2.7176461898959693e-19,0.0008211634523500984,2.246849140916262e-10
24.166666666666668,-0.056170214,0.0008245819728547478,4.4653701901474465e-06,4.154608958854688e-42,7.497224395466444e-07,4.489052536131014e-06,1.082579787483744e-83,4.5586806009410857e-20,1.6402323244014825e-149,3.1154993749645266e-112,0.0,2.3992779744016617e-19,0.0008148776453822677,1.823066548069461e-10
24.183333333333334,-0.05148936,0.0008182659801115373,4.430161729893203e-06,3.844508639476646e-42,7.434817553230936e-07,4.453548537746775e-06,9.22511408857923e-84,4.366347830157153e-20,1.0849135277220245e-149,2.170424880132022e-112,0.0,2.1181307088284394e-19,0.0008086386402114402,1.4787713385990996e-10
24.2,-0.05148936,0.000811997071492654,4.395229475721945e-06,3.557548548032928e-42,7.372929972687129e-07,4.418324006371676e-06,7.861079951403159e-84,4.182129623158461e-20,7.175963934149715e-150,1.5120134411508415e-112,0.0,1.8698620071338046e-19,0.0008024461050989996,1.199142918499712e-10
24.216666666666665,-0.05148936,0.0008057749114006903,4.360571274085712e-06,3.2920023525690845e-42,7.311557335368939e-07,4.383376754845429e-06,6.698712189349552e-84,4.005683626478258e-20,4.746360762728006e-150,1.0533200765657245e-112,0.0,1.6506349728556142e-19,0.0007962997104275849,9.721063707279089e-11
24.23333333333333,-0.056170214,0.0007995991666107405,4.326184988101101e-06,3.0462724779027207e-42,7.250695358704034e-07,4.3487046130038e-06,5.708198461080359e-84,3.8366819304618906e-20,3.139327525117454e-150,7.337682317840065e-113,0.0,1.4570594913690063e-19,0.0007901991286910354,7.87827297408951e-11
24.25,-0.05148936,0.0007934695062187564,4.292068497421515e-06,2.8188805049272303e-42,7.190339795715774e-07,4.314305427547687e-06,4.864133116205567e-84,3.6748104598893204e-20,2.076385108947247e-150,5.111534505740952e-113,0.0,1.2861403240592853e-19,0.0007841440344843248,6.382989071873002e-11
24.266666666666666,-0.05148936,0.0007873856015974494,4.258219698110463e-06,2.608458285597987e-42,7.130486434727547e-07,4.280177061913222e-06,4.144865893022372e-84,3.519768390307106e-20,1.3733289916375127e-150,3.560717773926559e-113,0.0,1.1352312183260966e-19,0.0007781341044934888,5.1700464049657464e-11
24.28333333333333,-0.05148936,0.0007813471263583512,4.2246365025156565e-06,2.4137397202636588e-42,7.07113109906952e-07,4.246317396142864e-06,3.53194686733508e-84,3.371267588984372e-20,9.083154176588288e-151,2.4803769521880845e-113,0.0,1.0019943379390569e-19,0.0007721690174855232,4.186426244512903e-11
24.3,-0.05148936,0.0007753537563189389,4.19131683914422e-06,2.2335531479817862e-42,7.012269646787916e-07,4.212724326757441e-06,3.009653429686796e-84,3.229032079454938e-20,6.007505932501419e-151,1.727793025238147e-113,0.0,8.843643984576292e-20,0.0007662484542982868,3.3890071499569754e-11
24.316666666666663,-0.05148936,0.0007694051694738911,4.158258652538795e-06,2.066814304133653e-42,6.953897970356669e-07,4.179395766629263e-06,2.564587169726108e-84,3.0927975286499214e-20,3.9732616501577504e-151,1.2035375802055931e-113,0.0,7.805169633977511e-20,0.0007603720978303963,2.742729105711966e-11
24.33333333333333,-0.05148936,0.000763501045969702,4.125459903154504e-06,1.9125198030570638e-42,6.896011996391398e-07,4.1463296448560165e-06,2.1853303373898398e-84,2.962310755667561e-20,2.6278197185901416e-151,8.383425698436e-114,0.0,6.888404196345838e-20,0.0007545396330310936,2.2190958630899245e-11
24.35,-0.05148936,0.0007576410680820766,4.092918567236966e-06,1.7697411065690697e-42,6.838607685365898e-07,4.113523906635845e-06,1.8621530769503032e-84,2.8373292612680954e-20,1.737958585356623e-151,5.8395223317835705e-114,0.0,6.079112061116604e-20,0.0007487507468901306,1.794953645608286e-11
24.366666666666667,-0.05148936,0.0007518249201955776,4.060632636701227e-06,1.637618942161601e-42,6.781681031330924e-07,4.0809765131432335e-06,1.5867639308296006e-84,2.7176207772189e-20,1.1494199836719438e-151,4.067495515545662e-114,0.0,5.3647191910691814e-20,0.000743005128427644,1.451495592215862e-11
24.383333333333333,-0.04680851,0.000746052288785092,4.028600119011453e-06,1.5153581373546507e-42,6.725228061635183e-07,4.0486854414058515e-06,1.3520972187568218e-84,2.6029628346519882e-20,7.601749209065128e-152,2.8331581114722793e-114,0.0,4.7341196082473096e-20,0.000737302468684006,1.1734505131095172e-11
24.4,-0.04680851,0.0007403228623988283,3.9968190370617215e-06,1.4022228391890117e-42,6.669244836648847e-07,4.016648684182393e-06,1.1521318427100148e-84,2.4931423506328016e-20,5.027404336284551e-152,1.9733700220917835e-114,0.0,4.177504365884028e-20,0.0007316424607096985,9.48422075556018e-12
24.416666666666668,-0.04680851,0.000734636331642529,3.965287429057628e-06,1.297532090149849e-42,6.613727449489178e-07,3.98486424984127e-06,9.817368733501739e-85,2.3879552321710895e-20,3.3248310870351814e-152,1.3744857472677911e-114,0.0,3.686210399738535e-20,0.0007260247995551739,7.663507181930026e-12
24.433333333333334,-0.04680851,0.0007289923891646902,3.934003348398814e-06,1.2006557339541233e-42,6.558672025748645e-07,3.953330162240353e-06,8.365399599418722e-85,2.2872059969384558e-20,2.1988259849879898e-152,9.573394814351511e-115,0.0,3.252586953660729e-20,0.0007204491822607195,6.190756551896767e-12
24.45,-0.04680851,0.0007233907296425924,3.902964863562349e-06,1.1110106266123605e-42,6.504074723225039e-07,3.922044460607454e-06,7.128151906396885e-85,2.1907074099874384e-20,1.4541447760268038e-152,6.667848576658285e-115,0.0,2.8698775408344074e-20,0.0007149153078463153,4.99978476803985e-12
24.466666666666665,-0.04680851,0.0007178310497690131,3.872170057987036e-06,1.0280571300097361e-42,6.449931731654022e-07,3.8910051994218965e-06,6.073875284862069e-85,2.0982801357973387e-20,9.616564668608474e-153,4.644078282041107e-115,0.0,2.5321156380327607e-20,0.0007094228773015062,4.036932451504327e-12
24.48333333333333,-0.04680851,0.0007123130482394771,3.841617029958604e-06,9.512958669458535e-43,6.396239272443819e-07,3.860210448296846e-06,5.175513732772206e-85,2.0097524050000276e-20,6.359570663205694e-153,3.2345017749492925e-115,0.0,2.2340325188730404e-20,0.0007039715935752696,3.2587075892386486e-12
24.5,-0.04680851,0.0007068364257399577,3.8113038924957014e-06,8.802647181424555e-43,6.342993598412117e-07,3.8296582918626534e-06,4.4100116149195555e-85,1.9249596951662456e-20,4.205631137430378e-153,2.2527309690802753e-115,0.0,1.9709758166255355e-20,0.0006985611615658888,2.629869297926623e-12
24.516666666666666,-0.05148936,0.0007014008849349492,3.781228773236854e-06,8.145360431810782e-43,6.290190993525169e-07,3.7993468296510042e-06,3.757722250292455e-85,1.843744425059566e-20,2.78118649877345e-153,1.5689364521133951e-115,0.0,1.738837570383609e-20,0.0006931912881108381,2.1218706764970427e-12
24.53333333333333,-0.05148936,0.0006960061304558295,3.7513898143281832e-06,7.537141086769477e-43,6.23782777263903e-07,3.7692741759799846e-06,3.201903924418923e-85,1.765955661789403e-20,1.8391815677456703e-153,1.0926862546762374e-115,0.0,1.5339906527906307e-20,0.0006878616819766635,1.7115938698365708e-12
24.55,-0.05148936,0.0006906518688894796,3.7217851723120424e-06,6.974327082391779e-43,6.185900281242965e-07,3.7394384598400293e-06,2.7282904045588076e-85,1.6914488403192042e-20,1.216227079758332e-153,7.609913559992767e-116,0.0,1.3532326052246392e-20,0.0006825720538488803,1.3803228391766195e-12
24.566666666666663,-0.05148936,0.0006853378087671085,3.692413018016489e-06,6.4535295991961494e-43,6.134404895205024e-07,3.7098378247807344e-06,2.3247249454013923e-85,1.6200854948085098e-20,8.042671144016427e-154,5.299783137720139e-116,0.0,1.1937360192792738e-20,0.0006773221163218812,1.1129094348310584e-12
24.58333333333333,-0.04680851,0.0006800636605532327,3.6632715364455557e-06,5.971612679170987e-43,6.083338020519596e-07,3.6804704287985116e-06,1.980848400498845e-85,1.5517330012892202e-20,5.3184066665872636e-154,3.690885905592715e-116,0.0,1.053004703256763e-20,0.00067211158388884,8.970966087075741e-13
24.6,-0.04680851,0.0006748291366348144,3.6343589266703827e-06,5.5256743629190945e-43,6.032696093057187e-07,3.651334444225121e-06,1.687833441715306e-85,1.4862643311986476e-20,3.516886648953808e-154,2.570379813222586e-116,0.0,9.288349607131655e-21,0.0006669401729316438,7.229693266381588e-13
24.616666666666667,-0.04680851,0.0006696339513105109,3.6056734017212295e-06,5.113029233561454e-43,5.982475578316333e-07,3.6224280576171235e-06,1.4381580710381554e-85,1.423557815310702e-20,2.3255774473295943e-154,1.7900211307339575e-116,0.0,8.192813861946301e-21,0.0006618076017108317,5.82509221961202e-13
24.633333333333333,-0.04680851,0.0006644778207800112,3.5772131884801743e-06,4.731192262516443e-43,5.932672971177317e-07,3.593749469645985e-06,1.2254126164753897e-85,1.3634969176265247e-20,1.5377964706845006e-154,1.2465600441661917e-116,0.0,7.226266523634682e-21,0.0006567135903555338,4.692334994323538e-13
24.65,-0.04680851,0.0006593604631334715,3.5489765275747507e-06,4.377863860088375e-43,5.883284795658176e-07,3.565296894989241e-06,1.0441352622655674e-85,1.3059700188048596e-20,1.0168632181827595e-154,8.680853956393248e-117,0.0,6.373548237751094e-21,0.0006516578608534394,3.779022385621203e-13
24.666666666666668,-0.04680851,0.0006542815983410144,3.5209616732723313e-06,4.050916041028646e-43,5.834307604672631e-07,3.5370685622223246e-06,8.89671895243524e-86,1.250870208729225e-20,6.7239093848314636e-155,6.045133751254382e-117,0.0,5.6212778655281405e-21,0.0006466401370407712,3.0428121009673965e-13
24.683333333333334,-0.042127658,0.0006492409482422978,3.4931668933753753e-06,3.7483796219357465e-43,5.785737979790073e-07,3.509062713711358e-06,7.580566727006464e-86,1.1980950878267023e-20,4.446075260766909e-155,4.20962693562587e-117,0.0,4.9576443093947034e-21,0.0006416601445922822,2.4494973302450545e-13
24.7,-0.042127658,0.0006442382365361247,3.4655904691173517e-06,3.468432373552184e-43,5.73757253099742e-07,3.481277605506631e-06,6.459102484210123e-86,1.1475465767688157e-20,2.939865226487953e-155,2.9314031482074128e-117,0.0,4.3722226590283054e-21,0.0006367176110112559,1.9714506388430728e-13
24.716666666666665,-0.042127658,0.0006392731887701137,3.4382306950595765e-06,3.2093880567577477e-43,5.689807896463135e-07,3.4537115072369685e-06,5.503530463861219e-86,1.0991307342012324e-20,1.9438989954583053e-155,2.041276092561735e-117,0.0,3.855811822755787e-21,0.0006318122656195343,1.5863640834144665e-13
24.73333333333333,-0.042127658,0.0006343455323304082,3.4110858789887734e-06,2.969686276360226e-43,5.642440742303058e-07,3.4263627020049195e-06,4.689313575254546e-86,1.0527575821632812e-20,1.2853329503371693e-155,1.4214193430297998e-117,0.0,3.400291138881981e-21,0.0006269438395475612,1.276229447913255e-13
24.75,-0.042127658,0.0006294549964314233,3.3841543418154187e-06,2.7478830917025406e-43,5.59546776234823e-07,3.39922948628267e-06,3.995543637408104e-86,1.00834093887295e-20,8.49871504051047e-156,9.897761387673267e-118,0.0,2.9984937530323443e-21,0.0006221120657244391,1.0265130650542163e-13
24.766666666666666,-0.042127658,0.0006246013121056358,3.3574344174728795e-06,2.542642327647645e-43,5.548885677914708e-07,3.3723101698088667e-06,3.404404736751241e-86,9.657982585666953e-21,5.619356487140092e-156,6.892012219805541e-118,0.0,2.64409480526333e-21,0.0006173166788680137,8.254882769863555e-14
24.78333333333333,-0.04680851,0.000619784212193397,3.3309244528172923e-06,2.3527275337131075e-43,5.502691237575101e-07,3.3456030754860788e-06,2.900715935171501e-86,9.250504780962011e-21,3.7154857475492885e-156,4.798985215678625e-118,0.0,2.3315126984404095e-21,0.0006125574154749666,6.636955669686472e-14
24.8,-0.04680851,0.0006150034313327904,3.3046228075281957e-06,2.176994543018406e-43,5.456881216932248e-07,3.3191065392791925e-06,2.4715415965413598e-86,8.860218699973036e-21,2.456633235889736e-156,3.3415434532753434e-118,0.0,2.055821920682014e-21,0.0006078340138109392,5.335060613647163e-14
24.816666666666663,-0.042127658,0.000610258705949516,3.2785278540099807e-06,2.0143845863145834e-43,5.411452418394642e-07,3.2928189101144886e-06,2.105859334205688e-86,8.486399017578474e-21,1.6242795014486337e-156,2.326693387524157e-118,0.0,1.8126760725714235e-21,0.0006031462139006752,4.2876870293647986e-14
24.83333333333333,-0.037446808,0.0006055497742467958,3.2526379772939844e-06,1.8639179196972492e-43,5.366401670953639e-07,3.2667385497795015e-06,1.794277059908858e-86,8.128351010229066e-21,1.0739323622872801e-156,1.6200393116281131e-118,0.0,1.5982399070691397e-21,0.0005984937575181745,3.445251314709261e-14
24.85,-0.037446808,0.0006008763761953261,3.226951574941431e-06,1.7246879276949836e-43,5.321725829962707e-07,3.240863832823695e-06,1.5287918741628112e-86,7.785409264870548e-21,7.100498350167539e-157,1.1279927789368587e-118,0.0,1.4091293290098972e-21,0.0005938763881768867,2.7677933846188773e-14
24.866666666666667,-0.037446808,0.0005962382535232504,3.2014670569470905e-06,1.5958556662775891e-43,5.277421776918428e-07,3.215193146459848e-06,1.3025846113823523e-86,7.456936442336432e-21,4.6945770965725876e-157,7.853829480597428e-119,0.0,1.2423584238555348e-21,0.0005892938511199205,2.2231162094916223e-14
24.883333333333333,-0.037446808,0.0005916351497061516,3.176182845643575e-06,1.4766448129737696e-43,5.233486419243166e-07,3.1897248904662014e-06,1.1098447677828657e-86,7.142322092911514e-21,3.103843911662308e-157,5.46828336777136e-119,0.0,1.0952926938819708e-21,0.0005847458933102647,1.7852835315118666e-14
24.9,-0.042127658,0.0005870668099570911,3.1510973756065087e-06,1.3663369937351007e-43,5.18991669006981e-07,3.164457477089351e-06,9.456213194866506e-87,6.840981521868047e-21,2.052102416678886e-157,3.8072812901664285e-119,0.0,9.656077758576127e-22,0.0005802322634210543,1.4334071061628335e-14
24.916666666666668,-0.042127658,0.000582532981216662,3.1262090935602925e-06,1.2642674584458138e-43,5.146709548028096e-07,3.139389330947923e-06,8.056956025063849e-87,6.552354702863675e-21,1.35673166397179e-157,2.650777891895611e-119,0.0,8.512529989866718e-22,0.0005757527118258444,1.1506679132925287e-14
24.933333333333334,-0.042127658,0.000578033412143083,3.101516458284684e-06,1.169821079073916e-43,5.103861977032823e-07,3.114518888936932e-06,6.8647299230358305e-87,6.275905237183257e-21,8.969839433463312e-158,1.8455514233974513e-119,0.0,7.504192167448934e-22,0.0005713069905889229,9.235263931425788e-15
24.95,-0.042127658,0.0005735678531023096,3.0770179405220093e-06,1.0824286463978108e-43,5.061370986073719e-07,3.089844600132899e-06,5.8489060296763165e-87,6.011119356889485e-21,5.930224910448211e-158,1.284912074680946e-119,0.0,6.615104123685549e-22,0.0005668948534556364,7.41085357074246e-15
24.966666666666665,-0.042127658,0.0005691360561581828,3.0527120228851327e-06,1.0015634430383373e-43,5.019233609007163e-07,3.0653649256996997e-06,4.983386371006979e-87,5.7575049700307756e-21,3.920608319512173e-158,8.945716527243882e-120,0.0,5.83118636187589e-22,0.0005625160558427515,5.9457618162270844e-15
24.98333333333333,-0.037446808,0.0005647377750626044,3.0285971997661e-06,9.267380721851216e-44,4.977446904349536e-07,3.041078338795094e-06,4.245933677614241e-87,5.514590746131547e-21,2.5919794544496395e-158,6.228039080764951e-120,0.0,5.140018846112192e-22,0.0005581703548288388,4.769445275638515e-15
25.0,-0.037446808,0.0005603727652457429,3.004671977245504e-06,8.575015229447279e-44,4.936007955072375e-07,3.016983324478041e-06,3.6176003230512593e-87,5.281925240265062e-21,1.713584267496434e-158,4.335927525807436e-120,0.0,4.530645761767002e-22,0.000553857509144687,3.82516384211684e-15
