time,signal,fit_total,peak_1,peak_2,peak_3,peak_4,peak_5,peak_6,peak_7,peak_8,peak_9,peak_10,peak_11,peak_12,peak_13
0.0,0.0,0.0,0.0,0.0,0.0,0.0,0.0,0.0,0.0,0.0,0.0,0.0,0.0,0.0,0.0
0.0166666666666666,0.0,0.0,0.0,0.0,0.0,0.0,0.0,0.0,0.0,0.0,0.0,0.0,0.0,0.0,0.0
0.0333333333333333,0.0,0.0,0.0,0.0,0.0,0.0,0.0,0.0,0.0,0.0,0.0,0.0,0.0,0.0,0.0
0.05,0.0,0.0,0.0,0.0,0.0,0.0,0.0,0.0,0.0,0.0,0.0,0.0,0.0,0.0,0.0
0.0666666666666666,0.0,0.0,0.0,0.0,0.0,0.0,0.0,0.0,0.0,0.0,0.0,0.0,0.0,0.0,0.0
0.0833333333333333,0.0,0.0,0.0,0.0,0.0,0.0,0.0,0.0,0.0,0.0,0.0,0.0,0.0,0.0,0.0
0.1,0.0,0.0,0.0,0.0,0.0,0.0,0.0,0.0,0.0,0.0,0.0,0.0,0.0,0.0,0.0
0.1166666666666666,0.0,0.0,0.0,0.0,0.0,0.0,0.0,0.0,0.0,0.0,0.0,0.0,0.0,0.0,0.0
0.1333333333333333,0.0,0.0,0.0,0.0,0.0,0.0,0.0,0.0,0.0,0.0,0.0,0.0,0.0,0.0,0.0
0.15,0.0,0.0,0.0,0.0,0.0,0.0,0.0,0.0,0.0,0.0,0.0,0.0,0.0,0.0,0.0
0.1666666666666666,0.0,0.0,0.0,0.0,0.0,0.0,0.0,0.0,0.0,0.0,0.0,0.0,0.0,0.0,0.0
0.1833333333333333,0.0,0.0,0.0,0.0,0.0,0.0,0.0,0.0,0.0,0.0,0.0,0.0,0.0,0.0,0.0
0.2,-0.004680851,0.0,0.0,0.0,0.0,0.0,0.0,0.0,0.0,0.0,0.0,0.0,0.0,0.0,0.0
0.2166666666666666,-0.004680851,0.0,0.0,0.0,0.0,0.0,0.0,0.0,0.0,0.0,0.0,0.0,0.0,0.0,0.0
0.2333333333333333,-0.004680851,0.0,0.0,0.0,0.0,0.0,0.0,0.0,0.0,0.0,0.0,0.0,0.0,0.0,0.0
0.25,-0.009361702,0.0,0.0,0.0,0.0,0.0,0.0,0.0,0.0,0.0,0.0,0.0,0.0,0.0,0.0
0.2666666666666666,-0.009361702,0.0,0.0,0.0,0.0,0.0,0.0,0.0,0.0,0.0,0.0,0.0,0.0,0.0,0.0
0.2833333333333333,-0.009361702,0.0,0.0,0.0,0.0,0.0,0.0,0.0,0.0,0.0,0.0,0.0,0.0,0.0,0.0
0.3,-0.009361702,0.0,0.0,0.0,0.0,0.0,0.0,0.0,0.0,0.0,0.0,0.0,0.0,0.0,0.0
0.3166666666666666,-0.009361702,0.0,0.0,0.0,0.0,0.0,0.0,0.0,0.0,0.0,0.0,0.0,0.0,0.0,0.0
0.3333333333333333,-0.009361702,0.0,0.0,0.0,0.0,0.0,0.0,0.0,0.0,0.0,0.0,0.0,0.0,0.0,0.0
0.35,-0.009361702,0.0,0.0,0.0,0.0,0.0,0.0,0.0,0.0,0.0,0.0,0.0,0.0,0.0,0.0
0.3666666666666666,-0.009361702,0.0,0.0,0.0,0.0,0.0,0.0,0.0,0.0,0.0,0.0,0.0,0.0,0.0,0.0
0.3833333333333333,-0.009361702,0.0,0.0,0.0,0.0,0.0,0.0,0.0,0.0,0.0,0.0,0.0,0.0,0.0,0.0
0.4,-0.009361702,0.0,0.0,0.0,0.0,0.0,0.0,0.0,0.0,0.0,0.0,0.0,0.0,0.0,0.0
0.4166666666666667,-0.009361702,0.0,0.0,0.0,0.0,0.0,0.0,0.0,0.0,0.0,0.0,0.0,0.0,0.0,0.0
0.4333333333333333,-0.009361702,0.0,0.0,0.0,0.0,0.0,0.0,0.0,0.0,0.0,0.0,0.0,0.0,0.0,0.0
0.45,-0.009361702,0.0,0.0,0.0,0.0,0.0,0.0,0.0,0.0,0.0,0.0,0.0,0.0,0.0,0.0
0.4666666666666667,-0.009361702,0.0,0.0,0.0,0.0,0.0,0.0,0.0,0.0,0.0,0.0,0.0,0.0,0.0,0.0
0.4833333333333333,-0.009361702,0.0,0.0,0.0,0.0,0.0,0.0,0.0,0.0,0.0,0.0,0.0,0.0,0.0,0.0
0.5,-0.009361702,0.0,0.0,0.0,0.0,0.0,0.0,0.0,0.0,0.0,0.0,0.0,0.0,0.0,0.0
0.5166666666666667,-0.004680851,0.0,0.0,0.0,0.0,0.0,0.0,0.0,0.0,0.0,0.0,0.0,0.0,0.0,0.0
0.5333333333333333,-0.004680851,0.0,0.0,0.0,0.0,0.0,0.0,0.0,0.0,0.0,0.0,0.0,0.0,0.0,0.0
0.55,-0.004680851,0.0,0.0,0.0,0.0,0.0,0.0,0.0,0.0,0.0,0.0,0.0,0.0,0.0,0.0
0.5666666666666667,-0.004680851,0.0,0.0,0.0,0.0,0.0,0.0,0.0,0.0,0.0,0.0,0.0,0.0,0.0,0.0
0.5833333333333334,-0.004680851,0.0,0.0,0.0,0.0,0.0,0.0,0.0,0.0,0.0,0.0,0.0,0.0,0.0,0.0
0.6,-0.004680851,0.0,0.0,0.0,0.0,0.0,0.0,0.0,0.0,0.0,0.0,0.0,0.0,0.0,0.0
0.6166666666666667,-0.004680851,0.0,0.0,0.0,0.0,0.0,0.0,0.0,0.0,0.0,0.0,0.0,0.0,0.0,0.0
0.6333333333333333,-0.004680851,0.0,0.0,0.0,0.0,0.0,0.0,0.0,0.0,0.0,0.0,0.0,0.0,0.0,0.0
0.65,-0.004680851,0.0,0.0,0.0,0.0,0.0,0.0,0.0,0.0,0.0,0.0,0.0,0.0,0.0,0.0
0.6666666666666666,-0.004680851,0.0,0.0,0.0,0.0,0.0,0.0,0.0,0.0,0.0,0.0,0.0,0.0,0.0,0.0
0.6833333333333333,-0.004680851,0.0,0.0,0.0,0.0,0.0,0.0,0.0,0.0,0.0,0.0,0.0,0.0,0.0,0.0
0.7,-0.004680851,0.0,0.0,0.0,0.0,0.0,0.0,0.0,0.0,0.0,0.0,0.0,0.0,0.0,0.0
0.7166666666666667,-0.004680851,0.0,0.0,0.0,0.0,0.0,0.0,0.0,0.0,0.0,0.0,0.0,0.0,0.0,0.0
0.7333333333333333,-0.004680851,0.0,0.0,0.0,0.0,0.0,0.0,0.0,0.0,0.0,0.0,0.0,0.0,0.0,0.0
0.75,-0.004680851,0.0,0.0,0.0,0.0,0.0,0.0,0.0,0.0,0.0,0.0,0.0,0.0,0.0,0.0
0.7666666666666667,-0.004680851,0.0,0.0,0.0,0.0,0.0,0.0,0.0,0.0,0.0,0.0,0.0,0.0,0.0,0.0
0.7833333333333333,0.0,0.0,0.0,0.0,0.0,0.0,0.0,0.0,0.0,0.0,0.0,0.0,0.0,0.0,0.0
0.8,0.0,0.0,0.0,0.0,0.0,0.0,0.0,0.0,0.0,0.0,0.0,0.0,0.0,0.0,0.0
0.8166666666666667,0.0,0.0,0.0,0.0,0.0,0.0,0.0,0.0,0.0,0.0,0.0,0.0,0.0,0.0,0.0
0.8333333333333334,0.0,0.0,0.0,0.0,0.0,0.0,0.0,0.0,0.0,0.0,0.0,0.0,0.0,0.0,0.0
0.85,0.0,0.0,0.0,0.0,0.0,0.0,0.0,0.0,0.0,0.0,0.0,0.0,0.0,0.0,0.0
0.8666666666666667,0.0,0.0,0.0,0.0,0.0,0.0,0.0,0.0,0.0,0.0,0.0,0.0,0.0,0.0,0.0
0.8833333333333333,0.004680851,0.0,0.0,0.0,0.0,0.0,0.0,0.0,0.0,0.0,0.0,0.0,0.0,0.0,0.0
0.9,0.004680851,0.0,0.0,0.0,0.0,0.0,0.0,0.0,0.0,0.0,0.0,0.0,0.0,0.0,0.0
0.9166666666666666,0.004680851,0.0,0.0,0.0,0.0,0.0,0.0,0.0,0.0,0.0,0.0,0.0,0.0,0.0,0.0
0.9333333333333332,0.004680851,0.0,0.0,0.0,0.0,0.0,0.0,0.0,0.0,0.0,0.0,0.0,0.0,0.0,0.0
0.95,0.004680851,0.0,0.0,0.0,0.0,0.0,0.0,0.0,0.0,0.0,0.0,0.0,0.0,0.0,0.0
0.9666666666666668,0.004680851,0.0,0.0,0.0,0.0,0.0,0.0,0.0,0.0,0.0,0.0,0.0,0.0,0.0,0.0
0.9833333333333332,0.004680851,0.0,0.0,0.0,0.0,0.0,0.0,0.0,0.0,0.0,0.0,0.0,0.0,0.0,0.0
1.0,0.004680851,0.0,0.0,0.0,0.0,0.0,0.0,0.0,0.0,0.0,0.0,0.0,0.0,0.0,0.0
1.0166666666666666,0.004680851,0.0,0.0,0.0,0.0,0.0,0.0,0.0,0.0,0.0,0.0,0.0,0.0,0.0,0.0
1.0333333333333334,0.004680851,0.0,0.0,0.0,0.0,0.0,0.0,0.0,0.0,0.0,0.0,0.0,0.0,0.0,0.0
1.05,0.009361702,0.0,0.0,0.0,0.0,0.0,0.0,0.0,0.0,0.0,0.0,0.0,0.0,0.0,0.0
1.0666666666666669,0.009361702,0.0,0.0,0.0,0.0,0.0,0.0,0.0,0.0,0.0,0.0,0.0,0.0,0.0,0.0
1.0833333333333333,0.009361702,0.0,0.0,0.0,0.0,0.0,0.0,0.0,0.0,0.0,0.0,0.0,0.0,0.0,0.0
1.1,0.009361702,0.0,0.0,0.0,0.0,0.0,0.0,0.0,0.0,0.0,0.0,0.0,0.0,0.0,0.0
1.1166666666666667,0.009361702,0.0,0.0,0.0,0.0,0.0,0.0,0.0,0.0,0.0,0.0,0.0,0.0,0.0,0.0
1.1333333333333333,0.009361702,0.0,0.0,0.0,0.0,0.0,0.0,0.0,0.0,0.0,0.0,0.0,0.0,0.0,0.0
1.15,0.009361702,0.0,0.0,0.0,0.0,0.0,0.0,0.0,0.0,0.0,0.0,0.0,0.0,0.0,0.0
1.1666666666666667,0.009361702,0.0,0.0,0.0,0.0,0.0,0.0,0.0,0.0,0.0,0.0,0.0,0.0,0.0,0.0
1.1833333333333331,0.009361702,0.0,0.0,0.0,0.0,0.0,0.0,0.0,0.0,0.0,0.0,0.0,0.0,0.0,0.0
1.2,0.009361702,0.0,0.0,0.0,0.0,0.0,0.0,0.0,0.0,0.0,0.0,0.0,0.0,0.0,0.0
1.2166666666666666,0.009361702,0.0,0.0,0.0,0.0,0.0,0.0,0.0,0.0,0.0,0.0,0.0,0.0,0.0,0.0
1.2333333333333334,0.009361702,0.0,0.0,0.0,0.0,0.0,0.0,0.0,0.0,0.0,0.0,0.0,0.0,0.0,0.0
1.25,0.009361702,0.0,0.0,0.0,0.0,0.0,0.0,0.0,0.0,0.0,0.0,0.0,0.0,0.0,0.0
1.2666666666666666,0.009361702,0.0,0.0,0.0,0.0,0.0,0.0,0.0,0.0,0.0,0.0,0.0,0.0,0.0,0.0
1.2833333333333334,0.009361702,0.0,0.0,0.0,0.0,0.0,0.0,0.0,0.0,0.0,0.0,0.0,0.0,0.0,0.0
1.3,0.009361702,0.0,0.0,0.0,0.0,0.0,0.0,0.0,0.0,0.0,0.0,0.0,0.0,0.0,0.0
1.3166666666666669,0.009361702,0.0,0.0,0.0,0.0,0.0,0.0,0.0,0.0,0.0,0.0,0.0,0.0,0.0,0.0
1.3333333333333333,0.009361702,0.0,0.0,0.0,0.0,0.0,0.0,0.0,0.0,0.0,0.0,0.0,0.0,0.0,0.0
1.35,0.009361702,0.0,0.0,0.0,0.0,0.0,0.0,0.0,0.0,0.0,0.0,0.0,0.0,0.0,0.0
1.3666666666666667,0.009361702,0.0,0.0,0.0,0.0,0.0,0.0,0.0,0.0,0.0,0.0,0.0,0.0,0.0,0.0
1.3833333333333333,0.009361702,0.0,0.0,0.0,0.0,0.0,0.0,0.0,0.0,0.0,0.0,0.0,0.0,0.0,0.0
1.4,0.009361702,0.0,0.0,0.0,0.0,0.0,0.0,0.0,0.0,0.0,0.0,0.0,0.0,0.0,0.0
1.4166666666666667,0.009361702,0.0,0.0,0.0,0.0,0.0,0.0,0.0,0.0,0.0,0.0,0.0,0.0,0.0,0.0
1.4333333333333331,0.009361702,0.0,0.0,0.0,0.0,0.0,0.0,0.0,0.0,0.0,0.0,0.0,0.0,0.0,0.0
1.45,0.009361702,0.0,0.0,0.0,0.0,0.0,0.0,0.0,0.0,0.0,0.0,0.0,0.0,0.0,0.0
1.4666666666666666,0.009361702,0.0,0.0,0.0,0.0,0.0,0.0,0.0,0.0,0.0,0.0,0.0,0.0,0.0,0.0
1.4833333333333334,0.009361702,0.0,0.0,0.0,0.0,0.0,0.0,0.0,0.0,0.0,0.0,0.0,0.0,0.0,0.0
1.5,0.009361702,0.0,0.0,0.0,0.0,0.0,0.0,0.0,0.0,0.0,0.0,0.0,0.0,0.0,0.0
1.5166666666666666,0.009361702,0.0,0.0,0.0,0.0,0.0,0.0,0.0,0.0,0.0,0.0,0.0,0.0,0.0,0.0
1.5333333333333334,0.009361702,0.0,0.0,0.0,0.0,0.0,0.0,0.0,0.0,0.0,0.0,0.0,0.0,0.0,0.0
1.55,0.009361702,0.0,0.0,0.0,0.0,0.0,0.0,0.0,0.0,0.0,0.0,0.0,0.0,0.0,0.0
1.5666666666666669,0.009361702,0.0,0.0,0.0,0.0,0.0,0.0,0.0,0.0,0.0,0.0,0.0,0.0,0.0,0.0
1.5833333333333333,0.009361702,0.0,0.0,0.0,0.0,0.0,0.0,0.0,0.0,0.0,0.0,0.0,0.0,0.0,0.0
1.6,0.009361702,0.0,0.0,0.0,0.0,0.0,0.0,0.0,0.0,0.0,0.0,0.0,0.0,0.0,0.0
1.6166666666666667,0.009361702,0.0,0.0,0.0,0.0,0.0,0.0,0.0,0.0,0.0,0.0,0.0,0.0,0.0,0.0
1.6333333333333333,0.009361702,0.0,0.0,0.0,0.0,0.0,0.0,0.0,0.0,0.0,0.0,0.0,0.0,0.0,0.0
1.65,0.009361702,0.0,0.0,0.0,0.0,0.0,0.0,0.0,0.0,0.0,0.0,0.0,0.0,0.0,0.0
1.6666666666666667,0.009361702,0.0,0.0,0.0,0.0,0.0,0.0,0.0,0.0,0.0,0.0,0.0,0.0,0.0,0.0
1.6833333333333331,0.009361702,0.0,0.0,0.0,0.0,0.0,0.0,0.0,0.0,0.0,0.0,0.0,0.0,0.0,0.0
1.7,0.009361702,0.0,0.0,0.0,0.0,0.0,0.0,0.0,0.0,0.0,0.0,0.0,0.0,0.0,0.0
1.7166666666666666,0.009361702,0.0,0.0,0.0,0.0,0.0,0.0,0.0,0.0,0.0,0.0,0.0,0.0,0.0,0.0
1.7333333333333334,0.009361702,0.0,0.0,0.0,0.0,0.0,0.0,0.0,0.0,0.0,0.0,0.0,0.0,0.0,0.0
1.75,0.009361702,0.0,0.0,0.0,0.0,0.0,0.0,0.0,0.0,0.0,0.0,0.0,0.0,0.0,0.0
1.7666666666666666,0.004680851,0.0,0.0,0.0,0.0,0.0,0.0,0.0,0.0,0.0,0.0,0.0,0.0,0.0,0.0
1.7833333333333334,0.004680851,0.0,0.0,0.0,0.0,0.0,0.0,0.0,0.0,0.0,0.0,0.0,0.0,0.0,0.0
1.8,0.004680851,0.0,0.0,0.0,0.0,0.0,0.0,0.0,0.0,0.0,0.0,0.0,0.0,0.0,0.0
1.8166666666666669,0.004680851,0.0,0.0,0.0,0.0,0.0,0.0,0.0,0.0,0.0,0.0,0.0,0.0,0.0,0.0
1.8333333333333333,0.004680851,0.0,0.0,0.0,0.0,0.0,0.0,0.0,0.0,0.0,0.0,0.0,0.0,0.0,0.0
1.85,0.004680851,0.0,0.0,0.0,0.0,0.0,0.0,0.0,0.0,0.0,0.0,0.0,0.0,0.0,0.0
1.8666666666666667,0.004680851,0.0,0.0,0.0,0.0,0.0,0.0,0.0,0.0,0.0,0.0,0.0,0.0,0.0,0.0
1.8833333333333333,0.009361702,0.0,0.0,0.0,0.0,0.0,0.0,0.0,0.0,0.0,0.0,0.0,0.0,0.0,0.0
1.9,0.004680851,0.0,0.0,0.0,0.0,0.0,0.0,0.0,0.0,0.0,0.0,0.0,0.0,0.0,0.0
1.9166666666666667,0.004680851,0.0,0.0,0.0,0.0,0.0,0.0,0.0,0.0,0.0,0.0,0.0,0.0,0.0,0.0
1.9333333333333331,0.004680851,0.0,0.0,0.0,0.0,0.0,0.0,0.0,0.0,0.0,0.0,0.0,0.0,0.0,0.0
1.95,0.004680851,0.0,0.0,0.0,0.0,0.0,0.0,0.0,0.0,0.0,0.0,0.0,0.0,0.0,0.0
1.9666666666666663,0.004680851,0.0,0.0,0.0,0.0,0.0,0.0,0.0,0.0,0.0,0.0,0.0,0.0,0.0,0.0
1.9833333333333332,0.004680851,0.0,0.0,0.0,0.0,0.0,0.0,0.0,0.0,0.0,0.0,0.0,0.0,0.0,0.0
2.0,0.009361702,0.0,0.0,0.0,0.0,0.0,0.0,0.0,0.0,0.0,0.0,0.0,0.0,0.0,0.0
2.0166666666666666,0.009361702,0.0,0.0,0.0,0.0,0.0,0.0,0.0,0.0,0.0,0.0,0.0,0.0,0.0,0.0
2.033333333333333,0.004680851,0.0,0.0,0.0,0.0,0.0,0.0,0.0,0.0,0.0,0.0,0.0,0.0,0.0,0.0
2.05,0.009361702,0.0,0.0,0.0,0.0,0.0,0.0,0.0,0.0,0.0,0.0,0.0,0.0,0.0,0.0
2.066666666666667,0.004680851,0.0,0.0,0.0,0.0,0.0,0.0,0.0,0.0,0.0,0.0,0.0,0.0,0.0,0.0
2.083333333333333,0.009361702,0.0,0.0,0.0,0.0,0.0,0.0,0.0,0.0,0.0,0.0,0.0,0.0,0.0,0.0
2.1,0.009361702,0.0,0.0,0.0,0.0,0.0,0.0,0.0,0.0,0.0,0.0,0.0,0.0,0.0,0.0
2.1166666666666667,0.009361702,0.0,0.0,0.0,0.0,0.0,0.0,0.0,0.0,0.0,0.0,0.0,0.0,0.0,0.0
2.1333333333333333,0.009361702,0.0,0.0,0.0,0.0,0.0,0.0,0.0,0.0,0.0,0.0,0.0,0.0,0.0,0.0
2.15,0.009361702,0.0,0.0,0.0,0.0,0.0,0.0,0.0,0.0,0.0,0.0,0.0,0.0,0.0,0.0
2.1666666666666665,0.009361702,0.0,0.0,0.0,0.0,0.0,0.0,0.0,0.0,0.0,0.0,0.0,0.0,0.0,0.0
2.183333333333333,0.009361702,0.0,0.0,0.0,0.0,0.0,0.0,0.0,0.0,0.0,0.0,0.0,0.0,0.0,0.0
2.2,0.009361702,0.0,0.0,0.0,0.0,0.0,0.0,0.0,0.0,0.0,0.0,0.0,0.0,0.0,0.0
2.216666666666667,0.009361702,0.0,0.0,0.0,0.0,0.0,0.0,0.0,0.0,0.0,0.0,0.0,0.0,0.0,0.0
2.2333333333333334,0.009361702,0.0,0.0,0.0,0.0,0.0,0.0,0.0,0.0,0.0,0.0,0.0,0.0,0.0,0.0
2.25,0.009361702,0.0,0.0,0.0,0.0,0.0,0.0,0.0,0.0,0.0,0.0,0.0,0.0,0.0,0.0
2.2666666666666666,0.009361702,0.0,0.0,0.0,0.0,0.0,0.0,0.0,0.0,0.0,0.0,0.0,0.0,0.0,0.0
2.283333333333333,0.009361702,0.0,0.0,0.0,0.0,0.0,0.0,0.0,0.0,0.0,0.0,0.0,0.0,0.0,0.0
2.3,0.009361702,0.0,0.0,0.0,0.0,0.0,0.0,0.0,0.0,0.0,0.0,0.0,0.0,0.0,0.0
2.316666666666667,0.009361702,0.0,0.0,0.0,0.0,0.0,0.0,0.0,0.0,0.0,0.0,0.0,0.0,0.0,0.0
2.333333333333333,0.009361702,0.0,0.0,0.0,0.0,0.0,0.0,0.0,0.0,0.0,0.0,0.0,0.0,0.0,0.0
2.35,0.009361702,0.0,0.0,0.0,0.0,0.0,0.0,0.0,0.0,0.0,0.0,0.0,0.0,0.0,0.0
2.3666666666666667,0.0140425535,0.0,0.0,0.0,0.0,0.0,0.0,0.0,0.0,0.0,0.0,0.0,0.0,0.0,0.0
2.3833333333333333,0.0140425535,0.0,0.0,0.0,0.0,0.0,0.0,0.0,0.0,0.0,0.0,0.0,0.0,0.0,0.0
2.4,0.0140425535,0.0,0.0,0.0,0.0,0.0,0.0,0.0,0.0,0.0,0.0,0.0,0.0,0.0,0.0
2.4166666666666665,0.0140425535,0.0,0.0,0.0,0.0,0.0,0.0,0.0,0.0,0.0,0.0,0.0,0.0,0.0,0.0
2.433333333333333,0.0140425535,0.0,0.0,0.0,0.0,0.0,0.0,0.0,0.0,0.0,0.0,0.0,0.0,0.0,0.0
2.45,0.0140425535,0.0,0.0,0.0,0.0,0.0,0.0,0.0,0.0,0.0,0.0,0.0,0.0,0.0,0.0
2.466666666666667,0.0140425535,0.0,0.0,0.0,0.0,0.0,0.0,0.0,0.0,0.0,0.0,0.0,0.0,0.0,0.0
2.4833333333333334,0.0140425535,0.0,0.0,0.0,0.0,0.0,0.0,0.0,0.0,0.0,0.0,0.0,0.0,0.0,0.0
2.5,0.0140425535,0.0,0.0,0.0,0.0,0.0,0.0,0.0,0.0,0.0,0.0,0.0,0.0,0.0,0.0
2.5166666666666666,0.0140425535,0.0,0.0,0.0,0.0,0.0,0.0,0.0,0.0,0.0,0.0,0.0,0.0,0.0,0.0
2.533333333333333,0.0140425535,0.0,0.0,0.0,0.0,0.0,0.0,0.0,0.0,0.0,0.0,0.0,0.0,0.0,0.0
2.55,0.018723404,0.0,0.0,0.0,0.0,0.0,0.0,0.0,0.0,0.0,0.0,0.0,0.0,0.0,0.0
2.566666666666667,0.018723404,0.0,0.0,0.0,0.0,0.0,0.0,0.0,0.0,0.0,0.0,0.0,0.0,0.0,0.0
2.583333333333333,0.018723404,0.0,0.0,0.0,0.0,0.0,0.0,0.0,0.0,0.0,0.0,0.0,0.0,0.0,0.0
2.6,0.018723404,0.0,0.0,0.0,0.0,0.0,0.0,0.0,0.0,0.0,0.0,0.0,0.0,0.0,0.0
2.6166666666666667,0.018723404,0.0,0.0,0.0,0.0,0.0,0.0,0.0,0.0,0.0,0.0,0.0,0.0,0.0,0.0
2.6333333333333333,0.018723404,0.0,0.0,0.0,0.0,0.0,0.0,0.0,0.0,0.0,0.0,0.0,0.0,0.0,0.0
2.65,0.0140425535,0.0,0.0,0.0,0.0,0.0,0.0,0.0,0.0,0.0,0.0,0.0,0.0,0.0,0.0
2.6666666666666665,0.0140425535,0.0,0.0,0.0,0.0,0.0,0.0,0.0,0.0,0.0,0.0,0.0,0.0,0.0,0.0
2.683333333333333,0.018723404,0.0,0.0,0.0,0.0,0.0,0.0,0.0,0.0,0.0,0.0,0.0,0.0,0.0,0.0
2.7,0.018723404,0.0,0.0,0.0,0.0,0.0,0.0,0.0,0.0,0.0,0.0,0.0,0.0,0.0,0.0
2.716666666666667,0.018723404,0.0,0.0,0.0,0.0,0.0,0.0,0.0,0.0,0.0,0.0,0.0,0.0,0.0,0.0
2.7333333333333334,0.018723404,0.0,0.0,0.0,0.0,0.0,0.0,0.0,0.0,0.0,0.0,0.0,0.0,0.0,0.0
2.75,0.018723404,0.0,0.0,0.0,0.0,0.0,0.0,0.0,0.0,0.0,0.0,0.0,0.0,0.0,0.0
2.7666666666666666,0.018723404,0.0,0.0,0.0,0.0,0.0,0.0,0.0,0.0,0.0,0.0,0.0,0.0,0.0,0.0
2.783333333333333,0.018723404,0.0,0.0,0.0,0.0,0.0,0.0,0.0,0.0,0.0,0.0,0.0,0.0,0.0,0.0
2.8,0.018723404,0.0,0.0,0.0,0.0,0.0,0.0,0.0,0.0,0.0,0.0,0.0,0.0,0.0,0.0
2.816666666666667,0.018723404,0.0,0.0,0.0,0.0,0.0,0.0,0.0,0.0,0.0,0.0,0.0,0.0,0.0,0.0
2.833333333333333,0.0140425535,0.0,0.0,0.0,0.0,0.0,0.0,0.0,0.0,0.0,0.0,0.0,0.0,0.0,0.0
2.85,0.0140425535,0.0,0.0,0.0,0.0,0.0,0.0,0.0,0.0,0.0,0.0,0.0,0.0,0.0,0.0
2.8666666666666667,0.0140425535,0.0,0.0,0.0,0.0,0.0,0.0,0.0,0.0,0.0,0.0,0.0,0.0,0.0,0.0
2.8833333333333333,0.0140425535,0.0,0.0,0.0,0.0,0.0,0.0,0.0,0.0,0.0,0.0,0.0,0.0,0.0,0.0
2.9,0.0140425535,0.0,0.0,0.0,0.0,0.0,0.0,0.0,0.0,0.0,0.0,0.0,0.0,0.0,0.0
2.9166666666666665,0.0140425535,0.0,0.0,0.0,0.0,0.0,0.0,0.0,0.0,0.0,0.0,0.0,0.0,0.0,0.0
2.933333333333333,0.0140425535,0.0,0.0,0.0,0.0,0.0,0.0,0.0,0.0,0.0,0.0,0.0,0.0,0.0,0.0
2.95,0.0140425535,0.0,0.0,0.0,0.0,0.0,0.0,0.0,0.0,0.0,0.0,0.0,0.0,0.0,0.0
2.966666666666667,0.0140425535,0.0,0.0,0.0,0.0,0.0,0.0,0.0,0.0,0.0,0.0,0.0,0.0,0.0,0.0
2.9833333333333334,0.0140425535,0.0,0.0,0.0,0.0,0.0,0.0,0.0,0.0,0.0,0.0,0.0,0.0,0.0,0.0
3.0,0.0140425535,0.0,0.0,0.0,0.0,0.0,0.0,0.0,0.0,0.0,0.0,0.0,0.0,0.0,0.0
3.0166666666666666,0.0140425535,0.0,0.0,0.0,0.0,0.0,0.0,0.0,0.0,0.0,0.0,0.0,0.0,0.0,0.0
3.033333333333333,0.0140425535,0.0,0.0,0.0,0.0,0.0,0.0,0.0,0.0,0.0,0.0,0.0,0.0,0.0,0.0
3.05,0.0140425535,0.0,0.0,0.0,0.0,0.0,0.0,0.0,0.0,0.0,0.0,0.0,0.0,0.0,0.0
3.066666666666667,0.0140425535,0.0,0.0,0.0,0.0,0.0,0.0,0.0,0.0,0.0,0.0,0.0,0.0,0.0,0.0
3.083333333333333,0.009361702,0.0,0.0,0.0,0.0,0.0,0.0,0.0,0.0,0.0,0.0,0.0,0.0,0.0,0.0
3.1,0.009361702,0.0,0.0,0.0,0.0,0.0,0.0,0.0,0.0,0.0,0.0,0.0,0.0,0.0,0.0
3.1166666666666667,0.009361702,0.0,0.0,0.0,0.0,0.0,0.0,0.0,0.0,0.0,0.0,0.0,0.0,0.0,0.0
3.1333333333333333,0.009361702,0.0,0.0,0.0,0.0,0.0,0.0,0.0,0.0,0.0,0.0,0.0,0.0,0.0,0.0
3.15,0.009361702,0.0,0.0,0.0,0.0,0.0,0.0,0.0,0.0,0.0,0.0,0.0,0.0,0.0,0.0
3.1666666666666665,0.009361702,0.0,0.0,0.0,0.0,0.0,0.0,0.0,0.0,0.0,0.0,0.0,0.0,0.0,0.0
3.183333333333333,0.009361702,0.0,0.0,0.0,0.0,0.0,0.0,0.0,0.0,0.0,0.0,0.0,0.0,0.0,0.0
3.2,0.009361702,0.0,0.0,0.0,0.0,0.0,0.0,0.0,0.0,0.0,0.0,0.0,0.0,0.0,0.0
3.216666666666667,0.009361702,0.0,0.0,0.0,0.0,0.0,0.0,0.0,0.0,0.0,0.0,0.0,0.0,0.0,0.0
3.2333333333333334,0.009361702,0.0,0.0,0.0,0.0,0.0,0.0,0.0,0.0,0.0,0.0,0.0,0.0,0.0,0.0
3.25,0.009361702,0.0,0.0,0.0,0.0,0.0,0.0,0.0,0.0,0.0,0.0,0.0,0.0,0.0,0.0
3.2666666666666666,0.009361702,0.0,0.0,0.0,0.0,0.0,0.0,0.0,0.0,0.0,0.0,0.0,0.0,0.0,0.0
3.283333333333333,0.009361702,0.0,0.0,0.0,0.0,0.0,0.0,0.0,0.0,0.0,0.0,0.0,0.0,0.0,0.0
3.3,0.009361702,0.0,0.0,0.0,0.0,0.0,0.0,0.0,0.0,0.0,0.0,0.0,0.0,0.0,0.0
3.316666666666667,0.009361702,0.0,0.0,0.0,0.0,0.0,0.0,0.0,0.0,0.0,0.0,0.0,0.0,0.0,0.0
3.333333333333333,0.009361702,0.0,0.0,0.0,0.0,0.0,0.0,0.0,0.0,0.0,0.0,0.0,0.0,0.0,0.0
3.35,0.009361702,0.0,0.0,0.0,0.0,0.0,0.0,0.0,0.0,0.0,0.0,0.0,0.0,0.0,0.0
3.3666666666666667,0.009361702,0.0,0.0,0.0,0.0,0.0,0.0,0.0,0.0,0.0,0.0,0.0,0.0,0.0,0.0
3.3833333333333333,0.009361702,0.0,0.0,0.0,0.0,0.0,0.0,0.0,0.0,0.0,0.0,0.0,0.0,0.0,0.0
3.4,0.009361702,0.0,0.0,0.0,0.0,0.0,0.0,0.0,0.0,0.0,0.0,0.0,0.0,0.0,0.0
3.4166666666666665,0.009361702,0.0,0.0,0.0,0.0,0.0,0.0,0.0,0.0,0.0,0.0,0.0,0.0,0.0,0.0
3.433333333333333,0.009361702,0.0,0.0,0.0,0.0,0.0,0.0,0.0,0.0,0.0,0.0,0.0,0.0,0.0,0.0
3.45,0.009361702,0.0,0.0,0.0,0.0,0.0,0.0,0.0,0.0,0.0,0.0,0.0,0.0,0.0,0.0
3.466666666666667,0.009361702,0.0,0.0,0.0,0.0,0.0,0.0,0.0,0.0,0.0,0.0,0.0,0.0,0.0,0.0
3.4833333333333334,0.009361702,0.0,0.0,0.0,0.0,0.0,0.0,0.0,0.0,0.0,0.0,0.0,0.0,0.0,0.0
3.5,0.009361702,0.0,0.0,0.0,0.0,0.0,0.0,0.0,0.0,0.0,0.0,0.0,0.0,0.0,0.0
3.5166666666666666,0.009361702,0.0,0.0,0.0,0.0,0.0,0.0,0.0,0.0,0.0,0.0,0.0,0.0,0.0,0.0
3.533333333333333,0.009361702,0.0,0.0,0.0,0.0,0.0,0.0,0.0,0.0,0.0,0.0,0.0,0.0,0.0,0.0
3.55,0.009361702,0.0,0.0,0.0,0.0,0.0,0.0,0.0,0.0,0.0,0.0,0.0,0.0,0.0,0.0
3.566666666666667,0.009361702,0.0,0.0,0.0,0.0,0.0,0.0,0.0,0.0,0.0,0.0,0.0,0.0,0.0,0.0
3.583333333333333,0.009361702,0.0,0.0,0.0,0.0,0.0,0.0,0.0,0.0,0.0,0.0,0.0,0.0,0.0,0.0
3.6,0.009361702,0.0,0.0,0.0,0.0,0.0,0.0,0.0,0.0,0.0,0.0,0.0,0.0,0.0,0.0
3.6166666666666663,0.009361702,0.0,0.0,0.0,0.0,0.0,0.0,0.0,0.0,0.0,0.0,0.0,0.0,0.0,0.0
3.633333333333333,0.009361702,0.0,0.0,0.0,0.0,0.0,0.0,0.0,0.0,0.0,0.0,0.0,0.0,0.0,0.0
3.65,0.009361702,0.0,0.0,0.0,0.0,0.0,0.0,0.0,0.0,0.0,0.0,0.0,0.0,0.0,0.0
3.6666666666666665,0.009361702,0.0,0.0,0.0,0.0,0.0,0.0,0.0,0.0,0.0,0.0,0.0,0.0,0.0,0.0
3.683333333333333,0.009361702,0.0,0.0,0.0,0.0,0.0,0.0,0.0,0.0,0.0,0.0,0.0,0.0,0.0,0.0
3.7,0.009361702,0.0,0.0,0.0,0.0,0.0,0.0,0.0,0.0,0.0,0.0,0.0,0.0,0.0,0.0
3.716666666666667,0.009361702,0.0,0.0,0.0,0.0,0.0,0.0,0.0,0.0,0.0,0.0,0.0,0.0,0.0,0.0
3.733333333333333,0.0140425535,0.0,0.0,0.0,0.0,0.0,0.0,0.0,0.0,0.0,0.0,0.0,0.0,0.0,0.0
3.75,0.0140425535,0.0,0.0,0.0,0.0,0.0,0.0,0.0,0.0,0.0,0.0,0.0,0.0,0.0,0.0
3.7666666666666666,0.0140425535,0.0,0.0,0.0,0.0,0.0,0.0,0.0,0.0,0.0,0.0,0.0,0.0,0.0,0.0
3.783333333333333,0.0140425535,0.0,0.0,0.0,0.0,0.0,0.0,0.0,0.0,0.0,0.0,0.0,0.0,0.0,0.0
3.8,0.0140425535,0.0,0.0,0.0,0.0,0.0,0.0,0.0,0.0,0.0,0.0,0.0,0.0,0.0,0.0
3.816666666666667,0.0140425535,0.0,0.0,0.0,0.0,0.0,0.0,0.0,0.0,0.0,0.0,0.0,0.0,0.0,0.0
3.8333333333333335,0.0140425535,0.0,0.0,0.0,0.0,0.0,0.0,0.0,0.0,0.0,0.0,0.0,0.0,0.0,0.0
3.85,0.018723404,0.0,0.0,0.0,0.0,0.0,0.0,0.0,0.0,0.0,0.0,0.0,0.0,0.0,0.0
3.8666666666666663,0.018723404,0.0,0.0,0.0,0.0,0.0,0.0,0.0,0.0,0.0,0.0,0.0,0.0,0.0,0.0
3.883333333333333,0.018723404,0.0,0.0,0.0,0.0,0.0,0.0,0.0,0.0,0.0,0.0,0.0,0.0,0.0,0.0
3.9,0.018723404,0.0,0.0,0.0,0.0,0.0,0.0,0.0,0.0,0.0,0.0,0.0,0.0,0.0,0.0
3.9166666666666665,0.018723404,0.0,0.0,0.0,0.0,0.0,0.0,0.0,0.0,0.0,0.0,0.0,0.0,0.0,0.0
3.933333333333333,0.018723404,0.0,0.0,0.0,0.0,0.0,0.0,0.0,0.0,0.0,0.0,0.0,0.0,0.0,0.0
3.95,0.018723404,0.0,0.0,0.0,0.0,0.0,0.0,0.0,0.0,0.0,0.0,0.0,0.0,0.0,0.0
3.966666666666667,0.018723404,0.0,0.0,0.0,0.0,0.0,0.0,0.0,0.0,0.0,0.0,0.0,0.0,0.0,0.0
3.983333333333333,0.023404256,0.0,0.0,0.0,0.0,0.0,0.0,0.0,0.0,0.0,0.0,0.0,0.0,0.0,0.0
4.0,0.023404256,0.0,0.0,0.0,0.0,0.0,0.0,0.0,0.0,0.0,0.0,0.0,0.0,0.0,0.0
4.016666666666667,0.023404256,0.0,0.0,0.0,0.0,0.0,0.0,0.0,0.0,0.0,0.0,0.0,0.0,0.0,0.0
4.033333333333333,0.023404256,7.924636809461542e-05,7.924636809461542e-05,0.0,0.0,0.0,0.0,0.0,0.0,0.0,0.0,0.0,0.0,0.0,0.0
4.05,0.023404256,0.00039931318851215374,0.00039931318851215374,0.0,0.0,0.0,0.0,0.0,0.0,0.0,0.0,0.0,0.0,0.0,0.0
4.066666666666666,0.028085107,0.000998284273842854,0.000998284273842854,0.0,0.0,0.0,0.0,0.0,0.0,0.0,0.0,0.0,0.0,0.0,0.0
4.083333333333333,0.028085107,0.0018731375756150875,0.0018731375756150875,0.0,0.0,0.0,0.0,0.0,0.0,0.0,0.0,0.0,0.0,0.0,0.0
4.1,0.028085107,0.0030032917041502394,0.0030032917041502394,0.0,0.0,0.0,0.0,0.0,0.0,0.0,0.0,0.0,0.0,0.0,0.0
4.116666666666666,0.028085107,0.004359452862550972,0.004359452862550972,0.0,0.0,0.0,0.0,0.0,0.0,0.0,0.0,0.0,0.0,0.0,0.0
4.133333333333334,0.028085107,0.00590825340894496,0.00590825340894496,0.0,0.0,0.0,0.0,0.0,0.0,0.0,0.0,0.0,0.0,0.0,0.0
4.15,0.028085107,0.007614987017725081,0.007614987017725081,0.0,0.0,0.0,0.0,0.0,0.0,0.0,0.0,0.0,0.0,0.0,0.0
4.166666666666667,0.028085107,0.009445305971559785,0.009445305971559785,0.0,0.0,0.0,0.0,0.0,0.0,0.0,0.0,0.0,0.0,0.0,0.0
4.183333333333334,0.028085107,0.011366290263210403,0.011366290263210403,0.0,0.0,0.0,0.0,0.0,0.0,0.0,0.0,0.0,0.0,0.0,0.0
4.2,0.03276596,0.013347111471027151,0.013347111471027151,0.0,0.0,0.0,0.0,0.0,0.0,0.0,0.0,0.0,0.0,0.0,0.0
4.216666666666667,0.03276596,0.015359424622994047,0.015359424622994047,0.0,0.0,0.0,0.0,0.0,0.0,0.0,0.0,0.0,0.0,0.0,0.0
4.233333333333333,0.03276596,0.017377573036403263,0.017377573036403263,0.0,0.0,0.0,0.0,0.0,0.0,0.0,0.0,0.0,0.0,0.0,0.0
4.25,0.03276596,0.01937866297966108,0.01937866297966108,0.0,0.0,0.0,0.0,0.0,0.0,0.0,0.0,0.0,0.0,0.0,0.0
4.266666666666667,0.03276596,0.021342547515994695,0.021342547515994695,0.0,0.0,0.0,0.0,0.0,0.0,0.0,0.0,0.0,0.0,0.0,0.0
4.283333333333333,0.03276596,0.023251747475323152,0.023251747475323152,0.0,0.0,0.0,0.0,0.0,0.0,0.0,0.0,0.0,0.0,0.0,0.0
4.3,0.03276596,0.025091329756201073,0.025091329756201073,0.0,0.0,0.0,0.0,0.0,0.0,0.0,0.0,0.0,0.0,0.0,0.0
4.316666666666666,0.03276596,0.02684875774028118,0.02684875774028118,0.0,0.0,0.0,0.0,0.0,0.0,0.0,0.0,0.0,0.0,0.0,0.0
4.333333333333333,0.03276596,0.02851372471481122,0.02851372471481122,0.0,0.0,0.0,0.0,0.0,0.0,0.0,0.0,0.0,0.0,0.0,0.0
4.35,0.03276596,0.030077978355924587,0.030077978355924587,0.0,0.0,0.0,0.0,0.0,0.0,0.0,0.0,0.0,0.0,0.0,0.0
4.366666666666666,0.03276596,0.0315351422141967,0.0315351422141967,0.0,0.0,0.0,0.0,0.0,0.0,0.0,0.0,0.0,0.0,0.0,0.0
4.383333333333334,0.03276596,0.03288053855717709,0.03288053855717709,0.0,0.0,0.0,0.0,0.0,0.0,0.0,0.0,0.0,0.0,0.0,0.0
4.4,0.03276596,0.03411101572044335,0.03411101572044335,0.0,0.0,0.0,0.0,0.0,0.0,0.0,0.0,0.0,0.0,0.0,0.0
4.416666666666667,0.037446808,0.03522478220076584,0.03522478220076584,0.0,0.0,0.0,0.0,0.0,0.0,0.0,0.0,0.0,0.0,0.0,0.0
4.433333333333334,0.037446808,0.036221249022005506,0.036221249022005506,0.0,0.0,0.0,0.0,0.0,0.0,0.0,0.0,0.0,0.0,0.0,0.0
4.45,0.037446808,0.03710088136533583,0.03710088136533583,0.0,0.0,0.0,0.0,0.0,0.0,0.0,0.0,0.0,0.0,0.0,0.0
4.466666666666667,0.037446808,0.03786506004251638,0.03786506004251638,0.0,0.0,0.0,0.0,0.0,0.0,0.0,0.0,0.0,0.0,0.0,0.0
4.483333333333333,0.037446808,0.0385159530759242,0.0385159530759242,0.0,0.0,0.0,0.0,0.0,0.0,0.0,0.0,0.0,0.0,0.0,0.0
4.5,0.037446808,0.07593573652664842,0.03905639741034315,0.03687933911630527,0.0,0.0,0.0,0.0,0.0,0.0,0.0,0.0,0.0,0.0,0.0
4.516666666666667,0.037446808,0.07829545185430148,0.03948979060258514,0.03880566125171635,0.0,0.0,0.0,0.0,0.0,0.0,0.0,0.0,0.0,0.0,0.0
4.533333333333333,0.037446808,0.07952465848153038,0.03981999220305281,0.039704666278477574,0.0,0.0,0.0,0.0,0.0,0.0,0.0,0.0,0.0,0.0,0.0
4.55,0.042127658,0.08021737471775897,0.04005123444832505,0.04016614026943393,0.0,0.0,0.0,0.0,0.0,0.0,0.0,0.0,0.0,0.0,0.0
4.566666666666666,0.042127658,0.08057029454326003,0.04018804181787364,0.04038225272538639,0.0,0.0,0.0,0.0,0.0,0.0,0.0,0.0,0.0,0.0,0.0
4.583333333333333,0.042127658,0.08067645014772112,0.040235158964856056,0.04044129118286507,0.0,0.0,0.0,0.0,0.0,0.0,0.0,0.0,0.0,0.0,0.0
4.6,0.042127658,0.08058908449163796,0.04019748650561684,0.04039159798602111,0.0,0.0,0.0,0.0,0.0,0.0,0.0,0.0,0.0,0.0,0.0
4.616666666666666,0.037446808,0.08034271690344558,0.04008002414110747,0.04026269276233811,0.0,0.0,0.0,0.0,0.0,0.0,0.0,0.0,0.0,0.0,0.0
4.633333333333334,0.037446808,0.0799618228030457,0.03988782058273877,0.04007400222030692,0.0,0.0,0.0,0.0,0.0,0.0,0.0,0.0,0.0,0.0,0.0
4.65,0.042127658,0.07946495901519926,0.039625929762670375,0.03983902925252889,0.0,0.0,0.0,0.0,0.0,0.0,0.0,0.0,0.0,0.0,0.0
4.666666666666667,0.042127658,0.07886693138570045,0.039299372822187484,0.03956755856351297,0.0,0.0,0.0,0.0,0.0,0.0,0.0,0.0,0.0,0.0,0.0
4.683333333333334,0.037446808,0.07818002203604142,0.03891310538998468,0.03926691664605674,0.0,0.0,0.0,0.0,0.0,0.0,0.0,0.0,0.0,0.0,0.0
4.7,0.037446808,0.07741472568553764,0.038471989683566556,0.03894273600197108,0.0,0.0,0.0,0.0,0.0,0.0,0.0,0.0,0.0,0.0,0.0
4.716666666666667,0.037446808,0.07658021254186767,0.03798077099054169,0.038599441551325976,0.0,0.0,0.0,0.0,0.0,0.0,0.0,0.0,0.0,0.0,0.0
4.733333333333333,0.037446808,0.07568463085171065,0.037444058111504815,0.03824057274020583,0.0,0.0,0.0,0.0,0.0,0.0,0.0,0.0,0.0,0.0,0.0
4.75,0.037446808,0.07473531142171526,0.03686630737181449,0.03786900404990077,0.0,0.0,0.0,0.0,0.0,0.0,0.0,0.0,0.0,0.0,0.0
4.766666666666667,0.037446808,0.07373891011518305,0.036251809835366654,0.037487100279816395,0.0,0.0,0.0,0.0,0.0,0.0,0.0,0.0,0.0,0.0,0.0
4.783333333333333,0.037446808,0.07270150997123381,0.035604681379038806,0.03709682859219501,0.0,0.0,0.0,0.0,0.0,0.0,0.0,0.0,0.0,0.0,0.0
4.8,0.037446808,0.07162869640134849,0.03492885531152833,0.036699841089820155,0.0,0.0,0.0,0.0,0.0,0.0,0.0,0.0,0.0,0.0,0.0
4.816666666666666,0.037446808,0.07052561406488808,0.03422807724460024,0.03629753682028784,0.0,0.0,0.0,0.0,0.0,0.0,0.0,0.0,0.0,0.0,0.0
4.833333333333333,0.037446808,0.06939701105494692,0.033505901948126006,0.035891109106820904,0.0,0.0,0.0,0.0,0.0,0.0,0.0,0.0,0.0,0.0,0.0
4.85,0.037446808,0.06824727415627156,0.032765691942615534,0.03548158221365603,0.0,0.0,0.0,0.0,0.0,0.0,0.0,0.0,0.0,0.0,0.0
4.866666666666666,0.037446808,0.06708045773104879,0.03201061760413899,0.0350698401269098,0.0,0.0,0.0,0.0,0.0,0.0,0.0,0.0,0.0,0.0,0.0
4.883333333333334,0.03276596,0.06590030799384147,0.031243658576556935,0.03465664941728453,0.0,0.0,0.0,0.0,0.0,0.0,0.0,0.0,0.0,0.0,0.0
4.9,0.03276596,0.06471028390374911,0.030467606304804853,0.034242677598944254,0.0,0.0,0.0,0.0,0.0,0.0,0.0,0.0,0.0,0.0,0.0
4.916666666666667,0.03276596,0.06351357553829529,0.0296850675206062,0.033828508017689086,0.0,0.0,0.0,0.0,0.0,0.0,0.0,0.0,0.0,0.0,0.0
4.933333333333334,0.03276596,0.06231312056223971,0.02889846852843855,0.03341465203380116,0.0,0.0,0.0,0.0,0.0,0.0,0.0,0.0,0.0,0.0,0.0
4.95,0.03276596,0.06111161922878721,0.028110060154865918,0.03300155907392129,0.0,0.0,0.0,0.0,0.0,0.0,0.0,0.0,0.0,0.0,0.0
4.966666666666667,0.03276596,0.05991154822662238,0.027321923238523345,0.03258962498809904,0.0,0.0,0.0,0.0,0.0,0.0,0.0,0.0,0.0,0.0,0.0
4.983333333333333,0.03276596,0.05871517359796266,0.026535974551131766,0.03217919904683089,0.0,0.0,0.0,0.0,0.0,0.0,0.0,0.0,0.0,0.0,0.0
5.0,0.03276596,0.05752456288969947,0.025753973051983972,0.031770589837715496,0.0,0.0,0.0,0.0,0.0,0.0,0.0,0.0,0.0,0.0,0.0
5.016666666666667,0.03276596,0.056341596654365854,0.024977526389424617,0.031364070264941236,0.0,0.0,0.0,0.0,0.0,0.0,0.0,0.0,0.0,0.0,0.0
5.033333333333333,0.03276596,0.05516797938505627,0.024208097573002508,0.030959881812053763,0.0,0.0,0.0,0.0,0.0,0.0,0.0,0.0,0.0,0.0,0.0
5.05,0.03276596,0.054005249944965,0.023447011749252934,0.03055823819571207,0.0,0.0,0.0,0.0,0.0,0.0,0.0,0.0,0.0,0.0,0.0
5.066666666666666,0.03276596,0.05285479153538532,0.022695463022528714,0.0301593285128566,0.0,0.0,0.0,0.0,0.0,0.0,0.0,0.0,0.0,0.0,0.0
5.083333333333333,0.028085107,0.05171784123400646,0.021954521269989768,0.029763319964016693,0.0,0.0,0.0,0.0,0.0,0.0,0.0,0.0,0.0,0.0,0.0
5.1,0.028085107,0.05059549912685938,0.021225138906836347,0.029370360220023033,0.0,0.0,0.0,0.0,0.0,0.0,0.0,0.0,0.0,0.0,0.0
5.116666666666666,0.028085107,0.049488737051341956,0.020508157564180562,0.028980579487161394,0.0,0.0,0.0,0.0,0.0,0.0,0.0,0.0,0.0,0.0,0.0
5.133333333333334,0.028085107,0.04839840696370595,0.01980431464764141,0.02859409231606454,0.0,0.0,0.0,0.0,0.0,0.0,0.0,0.0,0.0,0.0,0.0
5.15,0.028085107,0.04732524894169984,0.01911424974986868,0.028210999191831166,0.0,0.0,0.0,0.0,0.0,0.0,0.0,0.0,0.0,0.0,0.0
5.166666666666667,0.028085107,0.04626989883135395,0.01843851089479193,0.02783138793656202,0.0,0.0,0.0,0.0,0.0,0.0,0.0,0.0,0.0,0.0,0.0
5.183333333333334,0.028085107,0.04523289554589106,0.01777756059549801,0.027455334950393047,0.0,0.0,0.0,0.0,0.0,0.0,0.0,0.0,0.0,0.0,0.0
5.2,0.028085107,0.044214688024234616,0.017131781711299733,0.027082906312934887,0.0,0.0,0.0,0.0,0.0,0.0,0.0,0.0,0.0,0.0,0.0
5.216666666666667,0.028085107,0.04321564185641692,0.016501483092809216,0.02671415876360771,0.0,0.0,0.0,0.0,0.0,0.0,0.0,0.0,0.0,0.0,0.0
5.233333333333333,0.028085107,0.04223604558324729,0.015886905006706857,0.026349140576540434,0.0,0.0,0.0,0.0,0.0,0.0,0.0,0.0,0.0,0.0,0.0
5.25,0.023404256,0.04127611667779975,0.015288224334432072,0.025987892343367673,0.0,0.0,0.0,0.0,0.0,0.0,0.0,0.0,0.0,0.0,0.0
5.266666666666667,0.023404256,0.04033600721656101,0.014705559541246981,0.02563044767531403,0.0,0.0,0.0,0.0,0.0,0.0,0.0,0.0,0.0,0.0,0.0
5.283333333333333,0.023404256,0.03941580924839782,0.014138975414066649,0.02527683383433117,0.0,0.0,0.0,0.0,0.0,0.0,0.0,0.0,0.0,0.0,0.0
5.3,0.023404256,0.03851555986982573,0.013588487568135922,0.02492707230168981,0.0,0.0,0.0,0.0,0.0,0.0,0.0,0.0,0.0,0.0,0.0
5.316666666666666,0.023404256,0.037635246015368495,0.013054066724087788,0.024581179291280706,0.0,0.0,0.0,0.0,0.0,0.0,0.0,0.0,0.0,0.0,0.0
5.333333333333333,0.023404256,0.03677480897207152,0.012535642758164446,0.024239166213907076,0.0,0.0,0.0,0.0,0.0,0.0,0.0,0.0,0.0,0.0,0.0
5.35,0.023404256,0.035934148627466585,0.012033108529439642,0.023901040098026943,0.0,0.0,0.0,0.0,0.0,0.0,0.0,0.0,0.0,0.0,0.0
5.366666666666666,0.023404256,0.03511312746047169,0.011546323488770159,0.023566803971701532,0.0,0.0,0.0,0.0,0.0,0.0,0.0,0.0,0.0,0.0,0.0
5.383333333333334,0.023404256,0.034311574284847865,0.011075117074941881,0.02323645720990598,0.0,0.0,0.0,0.0,0.0,0.0,0.0,0.0,0.0,0.0,0.0
5.4,0.023404256,0.033529287754922824,0.010619291904078594,0.02290999585084423,0.0,0.0,0.0,0.0,0.0,0.0,0.0,0.0,0.0,0.0,0.0
5.416666666666667,0.018723404,0.03276603964333093,0.010178626758863397,0.022587412884467528,0.0,0.0,0.0,0.0,0.0,0.0,0.0,0.0,0.0,0.0,0.0
5.433333333333334,0.018723404,0.032021577900513784,0.009752879384499114,0.022268698516014672,0.0,0.0,0.0,0.0,0.0,0.0,0.0,0.0,0.0,0.0,0.0
5.45,0.018723404,0.03129562950567626,0.009341789098614255,0.021953840407062008,0.0,0.0,0.0,0.0,0.0,0.0,0.0,0.0,0.0,0.0,0.0
5.466666666666667,0.018723404,0.030587903118804535,0.0089450792225196,0.021642823896284934,0.0,0.0,0.0,0.0,0.0,0.0,0.0,0.0,0.0,0.0,0.0
5.483333333333333,0.018723404,0.029898091543229185,0.008562459341345252,0.021335632201883933,0.0,0.0,0.0,0.0,0.0,0.0,0.0,0.0,0.0,0.0,0.0
5.5,0.018723404,0.0292258740080603,0.008193627400649257,0.021032246607411046,0.0,0.0,0.0,0.0,0.0,0.0,0.0,0.0,0.0,0.0,0.0
5.516666666666667,0.018723404,0.02857091827963819,0.007838271647095016,0.020732646632543174,0.0,0.0,0.0,0.0,0.0,0.0,0.0,0.0,0.0,0.0,0.0
5.533333333333333,0.018723404,0.027932882610934896,0.007496072420752541,0.020436810190182356,0.0,0.0,0.0,0.0,0.0,0.0,0.0,0.0,0.0,0.0,0.0
5.55,0.018723404,0.02731141753761345,0.007166703806496183,0.02014471373111727,0.0,0.0,0.0,0.0,0.0,0.0,0.0,0.0,0.0,0.0,0.0
5.566666666666666,0.018723404,0.026706167529205713,0.0068498351518536185,0.019856332377352095,0.0,0.0,0.0,0.0,0.0,0.0,0.0,0.0,0.0,0.0,0.0
5.583333333333333,0.018723404,0.026116772503609324,0.006545132458514135,0.01957164004509519,0.0,0.0,0.0,0.0,0.0,0.0,0.0,0.0,0.0,0.0,0.0
5.6,0.018723404,0.025542869212833306,0.006252259654532836,0.01929060955830047,0.0,0.0,0.0,0.0,0.0,0.0,0.0,0.0,0.0,0.0,0.0
5.616666666666666,0.018723404,0.02498409250764169,0.005970879754076209,0.01901321275356548,0.0,0.0,0.0,0.0,0.0,0.0,0.0,0.0,0.0,0.0,0.0
5.633333333333334,0.018723404,0.024440076488458543,0.005700655911346967,0.018739420577111577,0.0,0.0,0.0,0.0,0.0,0.0,0.0,0.0,0.0,0.0,0.0
5.65,0.018723404,0.023910455549608446,0.005441252375106459,0.01846920317450199,0.0,0.0,0.0,0.0,0.0,0.0,0.0,0.0,0.0,0.0,0.0
5.666666666666667,0.018723404,0.023394865323673436,0.005192335349982647,0.01820252997369079,0.0,0.0,0.0,0.0,0.0,0.0,0.0,0.0,0.0,0.0,0.0
5.683333333333334,0.018723404,0.022892943532457424,0.004953573770516374,0.01793936976194105,0.0,0.0,0.0,0.0,0.0,0.0,0.0,0.0,0.0,0.0,0.0
5.7,0.018723404,0.022404330750756783,0.004724639993656711,0.01767969075710007,0.0,0.0,0.0,0.0,0.0,0.0,0.0,0.0,0.0,0.0,0.0
5.716666666666667,0.018723404,0.021928671088849352,0.004505210415173693,0.01742346067367566,0.0,0.0,0.0,0.0,0.0,0.0,0.0,0.0,0.0,0.0,0.0
5.733333333333333,0.018723404,0.021465612799330035,0.004294966015212543,0.01717064678411749,0.0,0.0,0.0,0.0,0.0,0.0,0.0,0.0,0.0,0.0,0.0
5.75,0.018723404,0.02101480881364245,0.004093592837970775,0.016921215975671675,0.0,0.0,0.0,0.0,0.0,0.0,0.0,0.0,0.0,0.0,0.0
5.766666666666667,0.018723404,0.020575917213383723,0.003900782410238974,0.01667513480314475,0.0,0.0,0.0,0.0,0.0,0.0,0.0,0.0,0.0,0.0,0.0
5.783333333333333,0.018723404,0.020148601641193024,0.003716232103308898,0.016432369537884125,0.0,0.0,0.0,0.0,0.0,0.0,0.0,0.0,0.0,0.0,0.0
5.8,0.018723404,0.019732531655775865,0.0035396454425199015,0.016192886213255965,0.0,0.0,0.0,0.0,0.0,0.0,0.0,0.0,0.0,0.0,0.0
5.816666666666666,0.018723404,0.01932738303536509,0.003370732368487157,0.015956650666877934,0.0,0.0,0.0,0.0,0.0,0.0,0.0,0.0,0.0,0.0,0.0
5.833333333333333,0.018723404,0.018932838033676246,0.003209209453833478,0.015723628579842767,0.0,0.0,0.0,0.0,0.0,0.0,0.0,0.0,0.0,0.0,0.0
5.85,0.018723404,0.018548585592180773,0.0030548000790314002,0.015493785513149373,0.0,0.0,0.0,0.0,0.0,0.0,0.0,0.0,0.0,0.0,0.0
5.866666666666666,0.018723404,0.018174321512294277,0.00290723457075373,0.015267086941540548,0.0,0.0,0.0,0.0,0.0,0.0,0.0,0.0,0.0,0.0,0.0
5.883333333333334,0.018723404,0.017809748590860104,0.0027662503059295417,0.015043498284930564,0.0,0.0,0.0,0.0,0.0,0.0,0.0,0.0,0.0,0.0,0.0
5.9,0.018723404,0.0174545767221002,0.0026315917845088116,0.014822984937591386,0.0,0.0,0.0,0.0,0.0,0.0,0.0,0.0,0.0,0.0,0.0
5.916666666666667,0.018723404,0.01710852296900519,0.0025030106737524032,0.014605512295252785,0.0,0.0,0.0,0.0,0.0,0.0,0.0,0.0,0.0,0.0,0.0
5.933333333333334,0.018723404,0.016771311606946025,0.0023802658266858026,0.014391045780260224,0.0,0.0,0.0,0.0,0.0,0.0,0.0,0.0,0.0,0.0,0.0
5.95,0.018723404,0.016442674142106414,0.0022631232771836017,0.014179550864922813,0.0,0.0,0.0,0.0,0.0,0.0,0.0,0.0,0.0,0.0,0.0
5.966666666666667,0.0140425535,0.016122349307162696,0.002151356213988834,0.01397099309317386,0.0,0.0,0.0,0.0,0.0,0.0,0.0,0.0,0.0,0.0,0.0
5.983333333333333,0.0140425535,0.015810083036472737,0.0020447449358152216,0.013765338100657516,0.0,0.0,0.0,0.0,0.0,0.0,0.0,0.0,0.0,0.0,0.0
6.0,0.0140425535,0.01550562842287881,0.0019430767895324851,0.013562551633346326,0.0,0.0,0.0,0.0,0.0,0.0,0.0,0.0,0.0,0.0,0.0
6.016666666666667,0.0140425535,0.015208745658080915,0.001846146093293813,0.013362599564787102,0.0,0.0,0.0,0.0,0.0,0.0,0.0,0.0,0.0,0.0,0.0
6.033333333333333,0.0140425535,0.014919201958396466,0.001753754046331192,0.013165447912065274,0.0,0.0,0.0,0.0,0.0,0.0,0.0,0.0,0.0,0.0,0.0
6.05,0.0140425535,0.014636771477589183,0.001665708627017667,0.012971062850571516,0.0,0.0,0.0,0.0,0.0,0.0,0.0,0.0,0.0,0.0,0.0
6.066666666666666,0.0140425535,0.014361235208324372,0.0015818244806758983,0.012779410727648472,0.0,0.0,0.0,0.0,0.0,0.0,0.0,0.0,0.0,0.0,0.0
6.083333333333333,0.009361702,0.01409238087368937,0.0015019227984994965,0.012590458075189874,0.0,0.0,0.0,0.0,0.0,0.0,0.0,0.0,0.0,0.0,0.0
6.1,0.009361702,0.01383000281010624,0.0014258311888468173,0.012404171621259423,0.0,0.0,0.0,0.0,0.0,0.0,0.0,0.0,0.0,0.0,0.0
6.116666666666666,0.009361702,0.013573901842858746,0.0013533835420667176,0.012220518300792028,0.0,0.0,0.0,0.0,0.0,0.0,0.0,0.0,0.0,0.0,0.0
6.133333333333334,0.009361702,0.013323885155356922,0.001284419889921152,0.01203946526543577,0.0,0.0,0.0,0.0,0.0,0.0,0.0,0.0,0.0,0.0,0.0
6.15,0.009361702,0.01307976615317011,0.0012187862605810011,0.01186097989258911,0.0,0.0,0.0,0.0,0.0,0.0,0.0,0.0,0.0,0.0,0.0
6.166666666666667,0.009361702,0.012841364323771984,0.0011563345300880986,0.011685029793683886,0.0,0.0,0.0,0.0,0.0,0.0,0.0,0.0,0.0,0.0,0.0
6.183333333333334,0.009361702,0.012608505092860474,0.0010969222710987567,0.011511582821761717,0.0,0.0,0.0,0.0,0.0,0.0,0.0,0.0,0.0,0.0,0.0
6.2,0.009361702,0.012381019678038795,0.0010404125996509178,0.011340607078387877,0.0,0.0,0.0,0.0,0.0,0.0,0.0,0.0,0.0,0.0,0.0
6.216666666666667,0.009361702,0.012158744940573226,0.000986674020629127,0.0111720709199441,0.0,0.0,0.0,0.0,0.0,0.0,0.0,0.0,0.0,0.0,0.0
6.233333333333333,0.009361702,0.011941523235876739,0.0009355802725378403,0.0110059429633389,0.0,0.0,0.0,0.0,0.0,0.0,0.0,0.0,0.0,0.0,0.0
6.25,0.009361702,0.011729202263305994,0.0008870101721343592,0.010842192091171635,0.0,0.0,0.0,0.0,0.0,0.0,0.0,0.0,0.0,0.0,0.0
6.266666666666667,0.009361702,0.011521634915801724,0.0008408474594176049,0.010680787456384119,0.0,0.0,0.0,0.0,0.0,0.0,0.0,0.0,0.0,0.0,0.0
6.283333333333333,0.009361702,0.01131867912984915,0.000796980643417601,0.010521698486431549,0.0,0.0,0.0,0.0,0.0,0.0,0.0,0.0,0.0,0.0,0.0
6.3,0.009361702,0.011120197736185477,0.0007553028491830913,0.010364894887002386,0.0,0.0,0.0,0.0,0.0,0.0,0.0,0.0,0.0,0.0,0.0
6.316666666666666,0.009361702,0.010926058311635633,0.000715711666320529,0.010210346645315104,0.0,0.0,0.0,0.0,0.0,0.0,0.0,0.0,0.0,0.0,0.0
6.333333333333333,0.009361702,0.01073613303241485,0.000678108999396976,0.010058024033017874,0.0,0.0,0.0,0.0,0.0,0.0,0.0,0.0,0.0,0.0,0.0
6.35,0.009361702,0.010550298529197439,0.0006424009204816965,0.009907897608715742,0.0,0.0,0.0,0.0,0.0,0.0,0.0,0.0,0.0,0.0,0.0
6.366666666666666,0.009361702,0.010368435744214696,0.0006084975240664538,0.009759938220148243,0.0,0.0,0.0,0.0,0.0,0.0,0.0,0.0,0.0,0.0,0.0
6.383333333333334,0.009361702,0.010190429790611634,0.0005763127845725183,0.009614117006039116,0.0,0.0,0.0,0.0,0.0,0.0,0.0,0.0,0.0,0.0,0.0
6.4,0.009361702,0.010016169814261306,0.0005457644166228734,0.009470405397638432,0.0,0.0,0.0,0.0,0.0,0.0,0.0,0.0,0.0,0.0,0.0
6.416666666666667,0.009361702,0.00984554885820714,0.0005167737382310907,0.00932877511997605,0.0,0.0,0.0,0.0,0.0,0.0,0.0,0.0,0.0,0.0,0.0
6.433333333333334,0.009361702,0.009678463729878128,0.0004892655370335446,0.009189198192844583,0.0,0.0,0.0,0.0,0.0,0.0,0.0,0.0,0.0,0.0,0.0
6.45,0.009361702,0.009514814871197546,0.00046316793966897073,0.009051646931528575,0.0,0.0,0.0,0.0,0.0,0.0,0.0,0.0,0.0,0.0,0.0
6.466666666666667,0.009361702,0.009354506231684412,0.00043841228438864876,0.008916093947295763,0.0,0.0,0.0,0.0,0.0,0.0,0.0,0.0,0.0,0.0,0.0
6.483333333333333,0.009361702,0.009197445144627161,0.00041493299696169366,0.008782512147665468,0.0,0.0,0.0,0.0,0.0,0.0,0.0,0.0,0.0,0.0,0.0
6.5,0.009361702,0.0090435422063908,0.00039266746992275807,0.008650874736468042,0.0,0.0,0.0,0.0,0.0,0.0,0.0,0.0,0.0,0.0,0.0
6.516666666666667,0.009361702,0.008892711158902724,0.0003715559451939749,0.00852115521370875,0.0,0.0,0.0,0.0,0.0,0.0,0.0,0.0,0.0,0.0,0.0
6.533333333333333,0.009361702,0.008744868775347353,0.00035154140009891296,0.00839332737524844,0.0,0.0,0.0,0.0,0.0,0.0,0.0,0.0,0.0,0.0,0.0
6.55,0.009361702,0.00859993474908654,0.0003325694367736818,0.008267365312312858,0.0,0.0,0.0,0.0,0.0,0.0,0.0,0.0,0.0,0.0,0.0
6.566666666666666,0.009361702,0.008457831585810609,0.0003145881749689847,0.008143243410841624,0.0,0.0,0.0,0.0,0.0,0.0,0.0,0.0,0.0,0.0,0.0
6.583333333333333,0.009361702,0.008318484498914057,0.0002975481482267278,0.00802093635068733,0.0,0.0,0.0,0.0,0.0,0.0,0.0,0.0,0.0,0.0,0.0
6.6,0.009361702,0.008181821308080421,0.0002814022034057702,0.007900419104674651,0.0,0.0,0.0,0.0,0.0,0.0,0.0,0.0,0.0,0.0,0.0
6.616666666666666,0.009361702,0.008047772341052027,0.0002661054035233277,0.007781666937528698,0.0,0.0,0.0,0.0,0.0,0.0,0.0,0.0,0.0,0.0,0.0
6.633333333333334,0.009361702,0.007916270338552911,0.00025161493387148133,0.00766465540468143,0.0,0.0,0.0,0.0,0.0,0.0,0.0,0.0,0.0,0.0,0.0
6.65,0.009361702,0.007787250362326371,0.00023789001136199613,0.007549360350964375,0.0,0.0,0.0,0.0,0.0,0.0,0.0,0.0,0.0,0.0,0.0
6.666666666666667,0.009361702,0.0076606497062426705,0.0002248917970472226,0.0074357579091954475,0.0,0.0,0.0,0.0,0.0,0.0,0.0,0.0,0.0,0.0,0.0
6.683333333333334,0.009361702,0.0075364078104274675,0.00021258331176018797,0.00732382449866728,0.0,0.0,0.0,0.0,0.0,0.0,0.0,0.0,0.0,0.0,0.0
6.7,0.0140425535,0.0074144661783569375,0.00020092935481294077,0.0072135368235439964,0.0,0.0,0.0,0.0,0.0,0.0,0.0,0.0,0.0,0.0,0.0
6.716666666666667,0.0140425535,0.007294768296861788,0.00018989642568882265,0.007104871871172965,0.0,0.0,0.0,0.0,0.0,0.0,0.0,0.0,0.0,0.0,0.0
6.733333333333333,0.0140425535,0.007177259558979296,0.0001794526486614984,0.006997806910317797,0.0,0.0,0.0,0.0,0.0,0.0,0.0,0.0,0.0,0.0,0.0
6.75,0.0140425535,0.007061887189589671,0.00016956770027126767,0.0068923194893184036,0.0,0.0,0.0,0.0,0.0,0.0,0.0,0.0,0.0,0.0,0.0
6.766666666666667,0.0140425535,0.00694860017377095,0.0001602127395873073,0.006788387434183643,0.0,0.0,0.0,0.0,0.0,0.0,0.0,0.0,0.0,0.0,0.0
6.783333333333333,0.0140425535,0.0068373491878049135,0.00015136034118309235,0.006685988846621821,0.0,0.0,0.0,0.0,0.0,0.0,0.0,0.0,0.0,0.0,0.0
6.8,0.0140425535,0.006728086532765103,0.00014298443075117965,0.006585102102013923,0.0,0.0,0.0,0.0,0.0,0.0,0.0,0.0,0.0,0.0,0.0
6.816666666666666,0.0140425535,0.006620766070617185,0.0001350602232828678,0.006485705847334317,0.0,0.0,0.0,0.0,0.0,0.0,0.0,0.0,0.0,0.0,0.0
6.833333333333333,0.018723404,0.006515343162761084,0.00012756416373785974,0.006387778999023225,0.0,0.0,0.0,0.0,0.0,0.0,0.0,0.0,0.0,0.0,0.0
6.85,0.018723404,0.006411774610944218,0.00012047387012896345,0.006291300740815255,0.0,0.0,0.0,0.0,0.0,0.0,0.0,0.0,0.0,0.0,0.0
6.866666666666666,0.023404256,0.006310018600474849,0.00011376807894703661,0.006196250521527813,0.0,0.0,0.0,0.0,0.0,0.0,0.0,0.0,0.0,0.0,0.0
6.883333333333334,0.028085107,0.006210034645664923,0.00010742659285175553,0.006102608052813168,0.0,0.0,0.0,0.0,0.0,0.0,0.0,0.0,0.0,0.0,0.0
6.9,0.037446808,0.030978004553616916,0.00010143023055439466,0.006010353306877678,0.024866221016184843,0.0,0.0,0.0,0.0,0.0,0.0,0.0,0.0,0.0,0.0
6.916666666666667,0.042127658,0.08099339548151259,9.576077881955151e-05,0.005919466514171447,0.07497816818852159,0.0,0.0,0.0,0.0,0.0,0.0,0.0,0.0,0.0,0.0
6.933333333333334,0.056170214,0.06812782214591073,9.04009465137003e-05,0.005829928161051601,0.062207493038345434,0.0,0.0,0.0,0.0,0.0,0.0,0.0,0.0,0.0,0.0
6.95,0.06553192,0.0454557666426851,8.53343206294961e-05,0.005741718987422098,0.039628713334633504,0.0,0.0,0.0,0.0,0.0,0.0,0.0,0.0,0.0,0.0
6.966666666666667,0.079574466,0.028164276899149503,8.054532421595231e-05,0.005654819984352888,0.022428911590580664,0.0,0.0,0.0,0.0,0.0,0.0,0.0,0.0,0.0,0.0
6.983333333333333,0.084255315,0.01751167610488242,7.601917614588388e-05,0.005569212391681041,0.011866444537055496,0.0,0.0,0.0,0.0,0.0,0.0,0.0,0.0,0.0,0.0
7.0,0.084255315,0.011566698920182816,7.174185265339132e-05,0.005484877695596349,0.006010079371933074,0.0,0.0,0.0,0.0,0.0,0.0,0.0,0.0,0.0,0.0
7.016666666666667,0.037446808,0.008421813596533143,6.770005057559953e-05,0.005401797626213727,0.002952315919743815,0.0,0.0,0.0,0.0,0.0,0.0,0.0,0.0,0.0,0.0
7.033333333333333,-0.079574466,0.006801663641029468,6.388115223437285e-05,0.005319954155134671,0.001417828333660424,0.0,0.0,0.0,0.0,0.0,0.0,0.0,0.0,0.0,0.0
7.05,-0.35106382,0.005968752074168013,6.0273191895288624e-05,0.005239329492999807,0.0006691493892729178,0.0,0.0,0.0,0.0,0.0,0.0,0.0,0.0,0.0,0.0
7.066666666666666,-0.8425532,0.005528244430513849,5.686482374273973e-05,0.005159906087034562,0.000311473519736547,0.0,0.0,0.0,0.0,0.0,0.0,0.0,0.0,0.0,0.0
7.083333333333333,-1.6195744,0.0052786758214496635,5.364529131166944e-05,0.005081666618589785,0.000143363911548209,0.0,0.0,0.0,0.0,0.0,0.0,0.0,0.0,0.0,0.0
7.1,-2.6914892,0.005120573643267325,5.0604398318081194e-05,0.00500459400067906,6.537524427018298e-05,0.0,0.0,0.0,0.0,0.0,0.0,0.0,0.0,0.0,0.0
7.116666666666666,-4.0021276,0.005005982519603791,4.7732480832132184e-05,0.004928671375514413,2.9578663257246922e-05,0.0,0.0,0.0,0.0,0.0,0.0,0.0,0.0,0.0,0.0
7.133333333333334,-5.3970213,0.004912195796727452,4.502038073928122e-05,0.004853882112041917,1.329330394625376e-05,0.0,0.0,0.0,0.0,0.0,0.0,0.0,0.0,0.0,0.0
7.15,-6.693617,0.0048286090318621355,4.2459420436630716e-05,0.004780209803478693,5.93980794681208e-06,0.0,0.0,0.0,0.0,0.0,0.0,0.0,0.0,0.0,0.0
7.166666666666667,-7.704681,0.0047503203322117535,4.004137871326266e-05,0.004707638264852662,2.6406886458295483e-06,0.0,0.0,0.0,0.0,0.0,0.0,0.0,0.0,0.0,0.0
7.183333333333334,-8.294468,0.004675078770970844,3.7758467765021006e-05,0.004636151530546382,1.1687726594413145e-06,0.0,0.0,0.0,0.0,0.0,0.0,0.0,0.0,0.0,0.0
7.2,-8.41617,0.0046018524263587235,3.560331129582888e-05,0.004565733851846164,5.15263216731181e-07,0.0,0.0,0.0,0.0,0.0,0.0,0.0,0.0,0.0,0.0
7.216666666666667,-8.093191,0.004530164977116743,3.356892365924597e-05,0.00449636969449761,2.263589598881075e-07,0.0,0.0,0.0,0.0,0.0,0.0,0.0,0.0,0.0,0.0
7.233333333333333,-7.4238296,0.004459791553044731,3.164868999557069e-05,0.004428043736268669,9.912678049130737e-08,0.0,0.0,0.0,0.0,0.0,0.0,0.0,0.0,0.0,0.0
7.25,-6.5157447,0.004390620497287075,2.9836347321359573e-05,0.00436074086452122,4.328544449510248e-08,0.0,0.0,0.0,0.0,0.0,0.0,0.0,0.0,0.0,0.0
7.266666666666667,-5.5,0.004322590992641038,2.8125966529784267e-05,0.004294446173792101,1.8852319152477076e-08,0.0,0.0,0.0,0.0,0.0,0.0,0.0,0.0,0.0,0.0
7.283333333333333,-4.479574,0.004256840841941079,2.6511935261757245e-05,0.004229144963384526,8.191417043612683e-09,1.1757518777528436e-06,0.0,0.0,0.0,0.0,0.0,0.0,0.0,0.0,0.0
7.3,-3.52,0.004227221824236159,2.4988941609244032e-05,0.004164822734970658,3.551496618927148e-09,3.740659615963969e-05,0.0,0.0,0.0,0.0,0.0,0.0,0.0,0.0,0.0
7.316666666666666,-2.6774468,0.004390091208727643,2.3551958613627326e-05,0.004101465190206186,1.5367319310474032e-09,0.000265072523175899,0.0,0.0,0.0,0.0,0.0,0.0,0.0,0.0,0.0
7.333333333333333,-1.9706383,0.0050769199541299374,2.2196229523405438e-05,0.0040390582283575584,6.637224375525065e-10,0.0010156648325265357,0.0,0.0,0.0,0.0,0.0,0.0,0.0,0.0,0.0
7.35,-1.4042553,0.006777055081621776,2.0917253776888633e-05,0.003977587943942615,2.861780550945035e-10,0.002778549597724216,0.0,0.0,0.0,0.0,0.0,0.0,0.0,0.0,0.0
7.366666666666666,-0.9548936,0.010079131092854424,1.971077367690013e-05,0.003917040624385218,1.231972176047967e-10,0.006142379571595087,0.0,0.0,0.0,0.0,0.0,0.0,0.0,0.0,0.0
7.383333333333334,-0.6131915,0.015597599415356971,1.8572761725798463e-05,0.003857402747684467,5.295755722246522e-11,0.011721623852989149,0.0,0.0,0.0,0.0,0.0,0.0,0.0,0.0,0.0
7.4,-0.35106382,0.02390209609392056,1.7499408590407083e-05,0.0037986609800990793,2.2733189512234135e-11,0.020085935682497884,0.0,0.0,0.0,0.0,0.0,0.0,0.0,0.0,0.0
7.416666666666667,-0.14978723,0.03545972275637661,1.648711166767204e-05,0.003740802173847384,9.74623554161853e-12,0.03170243346111532,0.0,0.0,0.0,0.0,0.0,0.0,0.0,0.0,0.0
7.433333333333334,0.0,0.050594667598502494,1.553246422306454e-05,0.003683813364823472,4.1734247939788e-12,0.046895321765282535,0.0,0.0,0.0,0.0,0.0,0.0,0.0,0.0,0.0
7.45,0.11234043,0.06946580416226866,1.4632245074904621e-05,0.003627681770329881,1.7850865593301234e-12,0.0658234901450788,0.0,0.0,0.0,0.0,0.0,0.0,0.0,0.0,0.0
7.466666666666667,0.2012766,0.09206059959717015,1.378340879890344e-05,0.003572394786827247,7.627214761504028e-13,0.08847442140078128,0.0,0.0,0.0,0.0,0.0,0.0,0.0,0.0,0.0
7.483333333333333,0.2668085,0.11820245019665333,1.2983076428307941e-05,0.0035179399877012783,3.2556610050029353e-13,0.11467152713219818,0.0,0.0,0.0,0.0,0.0,0.0,0.0,0.0,0.0
7.5,0.31829786,0.1475681043988933,1.222852662607977e-05,0.0034643051210473904,1.3883634198322087e-13,0.144091570751081,0.0,0.0,0.0,0.0,0.0,0.0,0.0,0.0,0.0
7.516666666666667,0.3557447,0.17971186678523085,1.151718730655289e-05,0.003411478107473333,5.915346924520109e-14,0.17628887149039182,0.0,0.0,0.0,0.0,0.0,0.0,0.0,0.0,0.0
7.533333333333333,0.38382977,0.21409360233581404,1.084662768499253e-05,0.0033594470379200584,2.5182037654582288e-14,0.2107233086701838,0.0,0.0,0.0,0.0,0.0,0.0,0.0,0.0,0.0
7.55,0.40723404,0.25010803623692257,1.0214550734419382e-05,0.003308200171501123,1.0711592349984211e-14,0.24678962151467634,0.0,0.0,0.0,0.0,0.0,0.0,0.0,0.0,0.0
7.566666666666666,0.4212766,0.28711337375630713,9.618786029972322e-06,0.0032577259333608226,4.55289065997173e-15,0.2838460290369118,0.0,0.0,0.0,0.0,0.0,0.0,0.0,0.0,0.0
7.583333333333333,0.43531916,0.3244577842826398,9.057282961956417e-06,0.0032080129125513037,1.9337780679834147e-15,0.3212407140871246,0.0,0.0,0.0,0.0,0.0,0.0,0.0,0.0,0.0
7.6,0.44468084,0.3615027659928266,8.528104299565973e-06,0.0031590498599288024,8.207810266783455e-16,0.35833518802859743,0.0,0.0,0.0,0.0,0.0,0.0,0.0,0.0,0.0
7.616666666666666,0.4587234,0.3976428131761502,8.029420088081385e-06,0.003110825686069207,3.481474688442892e-16,0.3945239580699926,0.0,0.0,0.0,0.0,0.0,0.0,0.0,0.0,0.0
7.633333333333334,0.4680851,0.43232113973573694,7.559501863117194e-06,0.0030633294592030736,1.4757998342208344e-16,0.4292502507746706,0.0,0.0,0.0,0.0,0.0,0.0,0.0,0.0,0.0
7.65,0.48212767,0.46504147057848183,7.11671716624752e-06,0.00301655040317024,6.252189127856143e-17,0.4620178034581453,0.0,0.0,0.0,0.0,0.0,0.0,0.0,0.0,0.0
7.666666666666667,0.50085104,0.49537610316920344,6.699524347052126e-06,0.0029704778953941018,2.647210923697035e-17,0.49239892574946226,0.0,0.0,0.0,0.0,0.0,0.0,0.0,0.0,0.0
7.683333333333334,0.5148936,0.5229705727953123,6.306467637317733e-06,0.0029251014648757107,1.1202305219681846e-17,0.5200391648627993,0.0,0.0,0.0,0.0,0.0,0.0,0.0,0.0,0.0
7.7,0.533617,0.5475453365019565,5.936172483789141e-06,0.0028804107902077212,4.7380389875108335e-18,0.544658989539265,0.0,0.0,0.0,0.0,0.0,0.0,0.0,0.0,0.0
7.716666666666667,0.55234045,0.5688949317266088,5.587341126500633e-06,0.0028363956976082583,2.0029567749868433e-18,0.566052948687874,0.0,0.0,0.0,0.0,0.0,0.0,0.0,0.0,0.0
7.733333333333333,0.5710638,0.5868850753298783,5.2587484103253346e-06,0.00279304615897476,8.463208166620655e-19,0.5840867704224932,0.0,0.0,0.0,0.0,0.0,0.0,0.0,0.0,0.0
7.75,0.58978724,0.6014482045218306,4.949237817963808e-06,0.002750352289957829,3.574351263698685e-19,0.59869285346551,4.952854473427663e-08,0.0,0.0,0.0,0.0,0.0,0.0,0.0,0.0
7.766666666666667,0.6085106,0.61258148460524,4.657717713150617e-06,0.0027083043480550986,1.5089191810747665e-19,0.6098645726679609,3.949871510904563e-06,0.0,0.0,0.0,0.0,0.0,0.0,0.0,0.0
7.783333333333333,0.61787236,0.620368219283727,4.383157783392588e-06,0.0026668927307251424,6.367201743360756e-20,0.6176497794287633,4.7163966455140874e-05,0.0,0.0,0.0,0.0,0.0,0.0,0.0,0.0
7.8,0.62723404,0.6250328775965815,4.124585672063366e-06,0.002626107973521402,2.6856663232087265e-20,0.6221438307247126,0.0002588143126754738,0.0,0.0,0.0,0.0,0.0,0.0,0.0,0.0
7.816666666666666,0.6319149,0.6269998367811275,3.881083790168501e-06,0.002585940748246139,1.1323556647914006e-20,0.6234824309173237,0.0009275840317675231,0.0,0.0,0.0,0.0,0.0,0.0,0.0,0.0
7.833333333333333,0.6319149,0.6269237353048607,3.651786298562635e-06,0.0025463818611243705,4.772514081506042e-21,0.6218345212191151,0.0025391804383226384,0.0,0.0,0.0,0.0,0.0,0.0,0.0,0.0
7.85,0.62723404,0.6256775970582686,3.4358762518481887e-06,0.0025074222509977556,2.0107172634934033e-21,0.6173954046547421,0.0057713342762769895,0.0,0.0,0.0,0.0,0.0,0.0,0.0,0.0
7.866666666666666,0.61787236,0.6243010592153221,3.232582895611674e-06,0.0024690529875384085,8.46836923425591e-22,0.610380250882357,0.011448522762531029,0.0,0.0,0.0,0.0,0.0,0.0,0.0,0.0
7.883333333333334,0.6038298,0.6239204562499081,3.0411791090624904e-06,0.002431265269482552,3.5653226255218375e-22,0.6010180861762664,0.020468063625050062,0.0,0.0,0.0,0.0,0.0,0.0,0.0,0.0
7.9,0.58978724,0.6256558587250982,2.860978985528562e-06,0.002394050422883989,1.5005593239585308e-22,0.5895463396385451,0.033712607684683704,0.0,0.0,0.0,0.0,0.0,0.0,0.0,0.0
7.916666666666667,0.5710638,0.6305293605778612,2.6913355436356464e-06,0.0023573998993872873,6.31346178435525e-23,0.5762059874221879,0.05196328192074243,0.0,0.0,0.0,0.0,0.0,0.0,0.0,0.0
7.933333333333334,0.55702126,0.6393858259050283,2.531638562352263e-06,0.0023213052745206255,2.655501365214461e-23,0.5612373123021835,0.07582467668976174,0.0,0.0,0.0,0.0,0.0,0.0,0.0,0.0
7.95,0.5382979,0.652833375493192,2.3813125334210033e-06,0.0022857582460082183,1.1165917298996479e-23,0.5448762760546219,0.10566895988002846,0.0,0.0,0.0,0.0,0.0,0.0,0.0,0.0
7.966666666666667,0.52425534,0.671207052715233,2.2398147250204364e-06,0.002250750632102218,4.69369974482673e-24,0.5273514864241404,0.1416025758442653,0.0,0.0,0.0,0.0,0.0,0.0,0.0,0.0
7.983333333333333,0.5148936,0.6945558824446303,2.106633350809815e-06,0.0022162743699340095,1.972482440005177e-24,0.508881728541641,0.1834557728997044,0.0,0.0,0.0,0.0,0.0,0.0,0.0,0.0
8.0,0.5055319,0.7226511463831801,1.9812858388029407e-06,0.002182321513884795,8.28689193336407e-25,0.4896740220346113,0.2307928215488452,0.0,0.0,0.0,0.0,0.0,0.0,0.0,0.0
8.016666666666667,0.5055319,0.7550121649518242,1.8633171947972934e-06,0.0021488842339753593,3.4806028406941037e-25,0.46992215928620734,0.2829392581144467,0.0,0.0,0.0,0.0,0.0,0.0,0.0,0.0
8.033333333333333,0.5102128,0.7909451045160771,1.7522984553515794e-06,0.002115954814274924,1.4615206246833117e-25,0.4498056768966366,0.33902172050671026,0.0,0.0,0.0,0.0,0.0,0.0,0.0,0.0
8.05,0.52425534,0.8295901683757441,1.647825225558681e-06,0.0020835256513289224,6.135449397388579e-26,0.42948921095956816,0.3980157839396214,0.0,0.0,0.0,0.0,0.0,0.0,0.0,0.0
8.066666666666666,0.5476596,0.8699728148375666,1.5495162971035772e-06,0.0020515892526056746,2.575027604064759e-26,0.40912218690163527,0.45879748916702856,0.0,0.0,0.0,0.0,0.0,0.0,0.0,0.0
8.083333333333334,0.5757447,0.911055219870402,1.457012342325482e-06,0.0020201382349617093,1.0804743843026755e-26,0.38883879599899596,0.520194828624102,0.0,0.0,0.0,0.0,0.0,0.0,0.0,0.0
8.1,0.6085106,0.9517849324349854,1.3699746802235175e-06,0.0019891653231257434,4.5325959590465084e-27,0.3687582129785691,0.5810361841586104,0.0,0.0,0.0,0.0,0.0,0.0,0.0,0.0
8.116666666666667,0.6506383,0.9911384529739476,1.2880841105533206e-06,0.0019586633482010524,1.9010005261707523e-27,0.34898501207111615,0.6401934894705199,0.0,0.0,0.0,0.0,0.0,0.0,0.0,0.0
8.133333333333333,0.6974468,1.0281582235248334,1.2110398123610399e-06,0.001928625246186237,7.97118345419657e-28,0.329609742288014,0.6966186449508209,0.0,0.0,0.0,0.0,0.0,0.0,0.0,0.0
8.15,0.7442553,1.0619822008549744,1.1385583034896812e-06,0.0018990440565141067,3.3417291190567784e-28,0.310709626359021,0.7493723918811359,0.0,0.0,0.0,0.0,0.0,0.0,0.0,0.0
8.166666666666666,0.79106385,1.0918657626537829,1.0703724577727087e-06,0.0018699129206086755,1.4006511635479634e-28,0.292349351545342,0.7976454278153744,0.0,0.0,0.0,0.0,0.0,0.0,0.0,0.0
8.183333333333334,0.83319145,1.1171961586251358,1.00623057680024e-06,0.0018412250804600136,5.86950359197671e-29,0.274581924311181,0.840772003002918,0.0,0.0,0.0,0.0,0.0,0.0,0.0,0.0
8.2,0.8753191,1.1375000630427001,9.458955133058444e-07,0.0018129738772169064,2.4591648921470462e-29,0.25744956450592216,0.8782365787640477,0.0,0.0,0.0,0.0,0.0,0.0,0.0,0.0
8.216666666666667,0.9080851,1.152445021064209,8.891438433759458e-07,0.0017851527497970863,1.0301274990184445e-29,0.24098461820850034,0.9096743609620682,0.0,0.0,0.0,0.0,0.0,0.0,0.0,0.0
8.233333333333333,0.9361702,1.1618357210551824,8.35765084830708e-07,0.0017577552335149781,4.31433084169872e-30,0.22521047166660493,0.9348666583899777,0.0,0.0,0.0,0.0,0.0,0.0,0.0,0.0
8.25,0.95957446,1.1656060851289265,7.855609592642396e-07,0.001730774958726718,1.8065793778451228e-30,0.21014245179282254,0.9537320728164179,0.0,0.0,0.0,0.0,0.0,0.0,0.0,0.0
8.266666666666667,0.973617,1.1638081665318252,7.383446953645965e-07,0.0017042056494923782,7.563515812551101e-31,0.1957887014390068,0.9663145210986307,0.0,0.0,0.0,0.0,0.0,0.0,0.0,0.0
8.283333333333333,0.9782979,1.1565987912286602,6.939403712593157e-07,0.001678041122255181,3.1660321300876854e-31,0.18215102015048176,0.9727690360155519,0.0,0.0,0.0,0.0,0.0,0.0,0.0,0.0
8.3,0.9782979,1.1442247964380066,6.521822937517984e-07,0.001652275284537573,1.3250541849786853e-31,0.1692256633040165,0.9733462056671587,0.0,0.0,0.0,0.0,0.0,0.0,0.0,0.0
8.316666666666666,0.96893615,1.1270076133581544,6.129144124269552e-07,0.0016269021336540272,5.544730082656377e-32,0.1570040944649039,0.968376003845184,0.0,0.0,0.0,0.0,0.0,0.0,0.0,0.0
8.333333333333334,0.9548936,1.1053278251985204,5.759897667119446e-07,0.0016019157554403548,2.3198360961776408e-32,0.145473687471114,0.9582516459821993,0.0,0.0,0.0,0.0,0.0,0.0,0.0,0.0
8.35,0.94085103,1.079610213049374,5.412699640799906e-07,0.0015773103229994494,9.704338258785135e-33,0.13461837618230857,0.9434139852741019,0.0,0.0,0.0,0.0,0.0,0.0,0.0,0.0
8.366666666666667,0.9174468,1.050309687247985,5.086246876818621e-07,0.0015530800954632266,4.058895211211592e-33,0.12441925103627541,0.9243368474915585,0.0,0.0,0.0,0.0,0.0,0.0,0.0,0.0
8.383333333333333,0.8987234,1.0178983951192644,4.7793123178157e-07,0.001529219416770669,1.6974013569695775e-33,0.11485510255480436,0.9015135952164576,0.0,0.0,0.0,0.0,0.0,0.0,0.0,0.0
8.4,0.8706383,0.9828542001485225,4.490740634597307e-07,0.0015057227144617577,7.097370826149708e-34,0.10590291275488471,0.8754451156051126,0.0,0.0,0.0,0.0,0.0,0.0,0.0,0.0
8.416666666666666,0.847234,0.9456506443957878,4.219444091308328e-07,0.0014825844984871917,2.967208747681033e-34,0.0975382960695969,0.8466293418832946,0.0,0.0,0.0,0.0,0.0,0.0,0.0,0.0
8.433333333333334,0.8191489,0.9067484359023402,3.9643986449871723e-07,0.0014597993600336694,1.240331334912161e-34,0.0897358918853627,0.8155523482170793,0.0,0.0,0.0,0.0,0.0,0.0,0.0,0.0
8.45,0.786383,0.8665884458332564,3.7246402664906486e-07,0.001437361970364644,5.184031803593522e-35,0.08246971117714863,0.7826810002217165,0.0,0.0,0.0,0.0,0.0,0.0,0.0,0.0
8.466666666666667,0.753617,0.825586155459271,3.4992614704781613e-07,0.0014152670796763174,2.1664027540012255e-35,0.07571343998801362,0.7484570984654341,0.0,0.0,0.0,0.0,0.0,0.0,0.0,0.0
8.483333333333333,0.72553194,0.784127459754887,3.287408042813597e-07,0.00139350951596879,9.052188192921267e-36,0.06944070267046842,0.7132929188276455,0.0,0.0,0.0,0.0,0.0,0.0,0.0,0.0
8.5,0.6880851,0.7425657111014877,3.088275954373313e-07,0.0013720841839321308,3.781916859148025e-36,0.0636252878990972,0.677568030190863,0.0,0.0,0.0,0.0,0.0,0.0,0.0,0.0
8.516666666666667,0.65531915,0.7012198719541374,2.901108450849468e-07,0.0013509860638472792,1.579848947753882e-36,0.05824134049040772,0.6416272552890373,0.0,0.0,0.0,0.0,0.0,0.0,0.0,0.0
8.533333333333333,0.62255317,0.6603736379602592,2.725193308703558e-07,0.001330210210501566,6.598807515408066e-37,0.05326352203875418,0.6057796331916725,0.0,0.0,0.0,0.0,0.0,0.0,0.0,0.0
8.55,0.58978724,0.6202753915587857,2.5598602479635357e-07,0.00130975175211871,2.7558955291373546e-37,0.04866714330725904,0.5702982405133832,0.0,0.0,0.0,0.0,0.0,0.0,0.0,0.0
8.566666666666666,0.55702126,0.5811388492831926,2.4044784930667145e-07,0.0012896058893031629,1.1508228861390788e-37,0.04442827120917725,0.5354207317368629,0.0,0.0,0.0,0.0,0.0,0.0,0.0,0.0
8.583333333333334,0.52425534,0.5431442727069674,2.2584544734319922e-07,0.0012697678939985807,4.805114084278675e-38,0.0405238130862748,0.5013504658812467,0.0,0.0,0.0,0.0,0.0,0.0,0.0,0.0
8.6,0.4961702,0.5064401222091416,2.1212296559025367e-07,0.0012502331084603378,2.0060852440129033e-38,0.03693158084356718,0.4682580961341484,0.0,0.0,0.0,0.0,0.0,0.0,0.0,0.0
8.616666666666667,0.47276595,0.47114504364553833,1.9922785016308725e-07,0.0012309969442418555,8.374261049220891e-39,0.03363033734003492,0.4362835101334114,0.0,0.0,0.0,0.0,0.0,0.0,0.0,0.0
8.633333333333333,0.4493617,0.4373500898753423,1.8711065403885298e-07,0.001212054881194656,3.495392695511922e-39,0.030599827267816643,0.40553802061567695,0.0,0.0,0.0,0.0,0.0,0.0,0.0,0.0
8.65,0.42595744,0.40512109133056823,1.7572485556684633e-07,0.001193402466481919,1.4588099986594647e-39,0.027820794581916882,0.37610671855731387,0.0,0.0,0.0,0.0,0.0,0.0,0.0,0.0
8.666666666666666,0.41191489,0.3745011019696283,1.650266874315954e-07,0.0011750353136054552,6.0877337447523945e-40,0.025274988372143883,0.34805091325719156,0.0,0.0,0.0,0.0,0.0,0.0,0.0,0.0
8.683333333333334,0.39787233,0.3455128586743191,1.5497497547693647e-07,0.001156949101445875,2.540198110495632e-40,0.02294515890144942,0.3214105956964483,0.0,0.0,0.0,0.0,0.0,0.0,0.0,0.0
8.7,0.38851064,0.31816120317743884,1.4553098683210948e-07,0.0011391395733158561,1.0598279854883718e-40,0.020815045372302655,0.2962068727008335,0.0,0.0,0.0,0.0,0.0,0.0,0.0,0.0
8.716666666666667,0.37914893,0.29243542577054377,1.3665828681185806e-07,0.0011216025360263125,4.4214003917503306e-41,0.01886935682674774,0.2724443297494829,0.0,0.0,0.0,0.0,0.0,0.0,0.0,0.0
8.733333333333333,0.3744681,0.2683114992314916,1.283226040919596e-07,0.001104333858965352,1.8443433116972966e-41,0.017093747437656032,0.25011328961226614,0.0,0.0,0.0,0.0,0.0,0.0,0.0,0.0
8.75,0.36978722,0.2457541795762334,1.2049170368929805e-07,0.0010873294731898364,7.69275517232126e-42,0.015474787309150315,0.22919194230218956,0.0,0.0,0.0,0.0,0.0,0.0,0.0,0.0
8.766666666666667,0.36510637,0.2247189573703467,1.131352673019196e-07,0.0010705853705294205,3.2083447621746546e-42,0.013999929773847246,0.20964832909070272,0.0,0.0,0.0,0.0,0.0,0.0,0.0,0.0
8.783333333333333,0.36042553,0.20515384945667134,1.0622478058929467e-07,0.0010540976027029086,1.3379499014167996e-42,0.012657476053654087,0.19144216957553375,0.0,0.0,0.0,0.0,0.0,0.0,0.0,0.0
8.8,0.36042553,0.18700102611539032,9.973342699651034e-08,0.0010378622804467753,5.579034971549989e-43,0.011436538039477346,0.1745265260620392,0.0,0.0,0.0,0.0,0.0,0.0,0.0,0.0
8.816666666666666,0.3557447,0.17019827293770948,9.3635987748327e-08,0.001021875572655732,2.3261591046007806e-43,0.010326999843224516,0.15884930388584148,0.0,0.0,0.0,0.0,0.0,0.0,0.0,0.0
8.833333333333334,0.3557447,0.15468029014090776,8.790874765997904e-08,0.0010061337055351444,9.697985306571505e-44,0.009319478682679733,0.14435458984394522,0.0,0.0,0.0,0.0,0.0,0.0,0.0,0.0
8.85,0.36042553,0.1403798347643414,8.252940643148144e-08,0.0009906329617652147,4.042835357573774e-44,0.008405285575886476,0.13098383369728328,0.0,0.0,0.0,0.0,0.0,0.0,0.0,0.0
8.866666666666667,0.36042553,0.12722871324763807,7.747699511090173e-08,0.0009753696796767265,1.685208554634966e-44,0.007576386246139913,0.11867687984482633,0.0,0.0,0.0,0.0,0.0,0.0,0.0,0.0
8.883333333333333,0.36042553,0.11515863338853008,7.273179742982051e-08,0.0009603402524382645,7.024007124054645e-45,0.006825362571143004,0.10737285783315138,0.0,0.0,0.0,0.0,0.0,0.0,0.0,0.0
8.9,0.36978722,0.10410192568894838,6.827527573089843e-08,0.0009455411272547167,2.927389608029189e-45,0.006145374849784531,0.0970109414366334,0.0,0.0,0.0,0.0,0.0,0.0,0.0,0.0
8.916666666666666,0.37914893,0.0940097441226375,6.409000122332273e-08,0.0009309688045769676,1.2199470940099124e-45,0.005530125106863982,0.08753098669924585,1.759942194947592e-05,0.0,0.0,0.0,0.0,0.0,0.0,0.0
8.933333333333334,0.3931915,0.08664921791445802,6.015958831681882e-08,0.0009166198373225945,5.083548021701786e-46,0.004973821609364229,0.07887405963957697,0.0018846566686059232,0.0,0.0,0.0,0.0,0.0,0.0,0.0
8.95,0.41191489,0.09053439912855442,5.6468632799051683e-08,0.0009024908301074796,2.1181606248092297e-46,0.004471144727058738,0.07098286435057179,0.014177842752183615,0.0,0.0,0.0,0.0,0.0,0.0,0.0
8.966666666666667,0.44468084,0.11795094170198364,5.300265363455735e-08,0.0008885784384881513,8.825055112050688e-47,0.0040172142348029365,0.06380208203160942,0.049243013994429506,0.0,0.0,0.0,0.0,0.0,0.0,0.0
8.983333333333333,0.4868085,0.17926562741604166,4.974803817595467e-08,0.000874879368214762,3.6765719841931856e-47,0.003607558123321164,0.05727863112354729,0.11750450905292026,0.0,0.0,0.0,0.0,0.0,0.0,0.0
9.0,0.5429787,0.27989371162002585,4.6691990590061715e-08,0.0008613903744945329,1.5315682533092032e-47,0.003238082959172352,0.05136185822076679,0.2244323333736016,0.0,0.0,0.0,0.0,0.0,0.0,0.0
9.016666666666667,0.62723404,0.4196297150623158,4.382248331279401e-08,0.000848108261265568,6.37966366437066e-48,0.002905045812423636,0.046003668845741724,0.3698728483204015,0.0,0.0,0.0,0.0,0.0,0.0,0.0
9.033333333333331,0.73021275,0.5934118747972784,4.112821135730372e-08,0.0008350298804808708,2.657222098121775e-48,0.002605027751948297,0.0411586065225513,0.5488131695140865,0.0,0.0,0.0,0.0,0.0,0.0,0.0
9.05,0.86127657,0.7927434985611266,3.8598549309847444e-08,0.0008221521314024448,1.1066927356799835e-48,0.002334908892807549,0.036783887902466075,0.7528025110359012,0.0,0.0,0.0,0.0,0.0,0.0,0.0
9.066666666666666,1.0157447,1.007250083535452,3.622351085732165e-08,0.0008094719599053862,4.608884986450474e-49,0.002091844967506674,0.03283940099851362,0.9715093293860155,0.0,0.0,0.0,0.0,0.0,0.0,0.0
9.083333333333334,1.193617,1.2260723489599352,3.399371069930924e-08,0.0007969863577917547,1.9192641641707465e-49,0.0018732453826959075,0.029287672893855716,1.194114410331881,0.0,0.0,0.0,0.0,0.0,0.0,0.0
9.1,1.380851,1.438955422617238,3.190032870593084e-08,0.0007846923621141966,7.991791872000832e-50,0.0016767527148180798,0.026093812614355595,1.4104001330256215,0.0,0.0,0.0,0.0,0.0,0.0,0.0
9.116666666666667,1.5774468,1.6369980940340634,2.993507619071843e-08,0.0007725870545091103,3.327549671037596e-50,0.0015002235919943955,0.02322543420877242,1.6114998192437113,0.0,0.0,0.0,0.0,0.0,0.0,0.0
9.133333333333333,1.7646809,1.8130861799039149,2.8090164175248306e-08,0.000760667560539291,1.385403671026545e-50,0.0013417109048475546,0.020652564468123247,1.7903312088802406,0.0,0.0,0.0,0.0,0.0,0.0,0.0
9.15,1.9331914,1.9620636873525878,2.6358273529335944e-08,0.0007489310490458824,5.767663982229797e-51,0.0011994472857479298,0.018347539143748315,1.941767743515772,0.0,0.0,0.0,0.0,0.0,0.0,0.0
9.166666666666666,2.073617,2.0807053524676524,2.4732526877288804e-08,0.0007373747315095593,2.401020193381847e-51,0.0010718297939372662,0.016284890994700003,2.0626112322149788,0.0,0.0,0.0,0.0,0.0,0.0,0.0
9.183333333333334,2.1765957,2.16755228356676,2.3206462167001295e-08,0.0007259958614207784,9.9945748597277e-52,0.0009574057429465533,0.014441232510653424,2.151427626245277,0.0,0.0,0.0,0.0,0.0,0.0,0.0
9.2,2.2421277,2.222664426567413,2.1774007804637257e-08,0.0007147917336590118,4.160120265088956e-52,0.0008548596065227287,0.012795135716939411,2.208299617736284,0.0,0.0,0.0,0.0,0.0,0.0,0.0
9.216666666666669,2.2655318,2.247333045725812,2.0429459263240623e-08,0.0007037596838808167,1.7314935699361415e-52,0.0007630009397652215,0.011327011072705085,2.2345392536000013,0.0,0.0,0.0,0.0,0.0,0.0,0.0
9.233333333333333,2.2514894,2.2437856113631116,1.9167457078919693e-08,0.0006928970879166608,7.206256181928228e-53,0.0006807532532259163,0.010018987120186498,2.2323929547343253,0.0,0.0,0.0,0.0,0.0,0.0,0.0
9.25,2.2093618,2.2149056506304743,1.7982966153226588e-08,0.0006822013611763301,2.99897399784371e-53,0.0006071437792303054,0.008854792230509913,2.2047614952765917,0.0,0.0,0.0,0.0,0.0,0.0,0.0
9.266666666666667,2.1438298,2.1639818326125027,1.6871256285079045e-08,0.0006716699580628804,1.2479875609033124e-53,0.0005412940715420805,0.007819639516957825,2.1549492121946834,0.0,0.0,0.0,0.0,0.0,0.0,0.0
9.283333333333331,2.0595744,2.094493995236174,1.5827883859992442e-08,0.0006613003713949507,5.193052614537316e-54,0.00048241138163020457,0.0069001157474744106,2.0864501519077905,0.0,0.0,0.0,0.0,0.0,0.0,0.0
9.3,1.9706383,2.009938906053738,1.4848674628589015e-08,0.0006510901318373558,2.160779485008075e-54,0.0004297807571396328,0.006084074881594329,2.002773945434492,0.0,0.0,0.0,0.0,0.0,0.0,0.0
9.316666666666666,1.8723404,1.9136950831867718,1.3929707510297125e-08,0.0006410368073398732,8.990291509331302e-55,0.00038275781065038634,0.005360536680034848,1.9073107379590393,0.0,0.0,0.0,0.0,0.0,0.0,0.0
9.333333333333334,1.7787234,1.8089237364707773,1.3067299361866987e-08,0.000631138002584049,3.740356828613345e-55,0.00034076210938352295,0.004719590685065451,1.803232232606445,0.0,0.0,0.0,0.0,0.0,0.0,0.0
9.35,1.6851064,1.6985015665694836,1.2257990653852517e-08,0.0006213913584379876,1.5560679627131193e-55,0.00030327113913461207,0.004152305743715197,1.693424586070205,0.0,0.0,0.0,0.0,0.0,0.0,0.0
9.366666666666667,1.600851,1.5849805461857907,1.1498532001504184e-08,0.0006117945514189611,6.473224542177401e-56,0.00026981479834683076,0.003650645141213068,1.5804482801962798,0.0,0.0,0.0,0.0,0.0,0.0,0.0
9.383333333333333,1.5212766,1.470569699767424,1.0785871499646304e-08,0.0006023452931637727,2.6927106174759734e-56,0.00023997038084937826,0.0032073873263204515,1.466519985981219,0.0,0.0,0.0,0.0,0.0,0.0,0.0
9.4,1.446383,1.3571341302220377,1.0117142814044818e-08,0.0005930413299067394,1.1200461103131903e-56,0.00021335800835636215,0.0028160521410503215,1.3535116686255815,0.0,0.0,0.0,0.0,0.0,0.0,0.0
9.416666666666666,1.3761702,1.2462069827682185,9.489653984549194e-09,0.0005838804419652148,4.6586451627985356e-57,0.0001896364763284679,0.0024708324125422183,1.2429626239477287,0.0,0.0,0.0,0.0,0.0,0.0,0.0
9.433333333333334,1.3106383,1.1390105888867945,8.900876897897588e-09,0.0005748604432325275,1.9375868150777165e-57,0.00016849947922842516,0.002166530722592905,1.1361006893408638,0.0,0.0,0.0,0.0,0.0,0.0,0.0
9.45,1.2497872,1.0364836264239565,8.348437390541225e-09,0.0005659791806782596,8.058251293142424e-58,0.000149672183540652,0.0018985011387551223,1.033869465572545,0.0,0.0,0.0,0.0,0.0,0.0,0.0
9.466666666666669,1.1889361,0.9393117164752246,7.830105944158389e-09,0.0005572345338557353,3.351188258033479e-58,0.0001329081191662539,0.0016625956683931939,0.9369589703237035,0.0,0.0,0.0,0.0,0.0,0.0,0.0
9.483333333333333,1.1327659,0.8479594224373759,7.343788938719481e-09,0.0005486244144166589,1.3935915594470417e-58,0.00011798636194153262,0.0014551151821972379,0.8458376891350315,0.0,0.0,0.0,0.0,0.0,0.0,0.0
9.5,1.0765958,0.7627021034513646,6.887520430018013e-09,0.000540146765632752,5.794969112009887e-59,0.00010470898205695397,0.001272764545123864,0.7607844762710306,0.0,0.0,0.0,0.0,0.0,0.0,0.0
9.516666666666667,1.0204256,0.6836564949255525,6.459454420529588e-09,0.0005317995619243586,2.409605517582784e-59,9.28987350730226e-05,0.001112611689438227,0.6819191784796624,0.0,0.0,0.0,0.0,0.0,0.0,0.0
9.533333333333331,0.96893615,0.6108092412201903,6.057857594282793e-09,0.000523580808395868,1.0018904606363942e-59,8.239697403857671e-05,0.0009720503654871535,0.6092312070144111,0.0,0.0,0.0,0.0,0.0,0.0,0.0
9.55,0.9127659,0.5440428926718855,5.681102488151991e-09,0.0005154885403778796,4.1655683207885917e-60,7.306176291743476e-05,0.0008487663101941158,0.5426055703772936,0.0,0.0,0.0,0.0,0.0,0.0,0.0
9.566666666666666,0.86127657,0.4831591064563073,5.3276610736046875e-09,0.0005075208229760446,1.7318419839846792e-60,6.476617312244815e-05,0.0007407065802909119,0.4818461075522568,0.0,0.0,0.0,0.0,0.0,0.0,0.0
9.583333333333334,0.8097872,0.4278989653141011,4.996098724460607e-09,0.0004996757506264336,7.199834214846543e-61,5.7396746444820495e-05,0.0006460518063609776,0.4266958360145701,0.0,0.0,0.0,0.0,0.0,0.0,0.0
9.6,0.76297873,0.3779604574424971,4.685068547664419e-09,0.0004919514466574043,2.9930722757027907e-61,5.085210905464849e-05,0.0005631911343337321,0.37685445806738277,0.0,0.0,0.0,0.0,0.0,0.0,0.0
9.616666666666667,0.7161702,0.33301325236208273,4.393306055424856e-09,0.000484346062857827,1.2442069619813037e-61,4.504172253946624e-05,0.0004906996326825647,0.33199316055069683,0.0,0.0,0.0,0.0,0.0,0.0,0.0
9.633333333333333,0.6693617,0.2927109683340974,4.11962415835384e-09,0.0004768577790516204,5.171886682660399e-62,3.9884759145792486e-05,0.00042731795587129176,0.29176690372040454,0.0,0.0,0.0,0.0,0.0,0.0,0.0
9.65,0.6319149,0.2567011632677858,3.862908460438646e-09,0.00046948480267847343,2.1497430646888805e-62,3.530908949839943e-05,0.00037193406725099615,0.2558244314454495,0.0,0.0,0.0,0.0,0.0,0.0,0.0
9.666666666666666,0.5991489,0.22463329856810202,3.6221128378149047e-09,0.00046222536838070254,8.935225583429232e-63,3.1250372098057174e-05,0.0003235668373812588,0.22381625236812916,0.0,0.0,0.0,0.0,0.0,0.0,0.0
9.683333333333334,0.56638294,0.19616492875441416,3.3962552843726815e-09,0.00045507773759612726,3.7136940208379727e-63,2.765123484533504e-05,0.00028135134643155325,0.19540084503928587,0.0,0.0,0.0,0.0,0.0,0.0,0.0
9.7,0.5476596,0.17096636286095435,3.1844140082332816e-09,0.00044804019815690806,1.543435789841713e-63,2.446053971045994e-05,0.00024452573175114714,0.17024933320692182,0.0,0.0,0.0,0.0,0.0,0.0,0.0
9.716666666666669,0.5429787,0.14872403016491725,2.985723764078657e-09,0.0004411110638942362,6.414356315045475e-64,2.1632722471682224e-05,0.00021241943375344442,0.14804886359765304,3.614210779498273e-10,0.0,0.0,0.0,0.0,0.0,0.0
9.733333333333333,0.56638294,0.12914940551558715,2.7993724072063615e-09,0.00043428867424882513,2.6656300359384713e-64,1.9127200181718158e-05,0.00018444270485132292,0.12850490022619426,6.643910738636784e-06,0.0,0.0,0.0,0.0,0.0,0.0
9.75,0.6319149,0.11240401370083501,2.6245976560192977e-09,0.00042757139388708074,1.1077178415110013e-64,1.690783969786368e-05,0.00016007725723500758,0.11134262846954832,0.0004568261158690875,0.0,0.0,0.0,0.0,0.0,0.0
9.766666666666667,0.76297873,0.10315654935094092,2.460684050450483e-09,0.00042095761232292166,4.603001510792906e-65,1.4942481230650285e-05,0.00013886793575906232,0.09630764034093883,0.006274138520005392,0.0,0.0,0.0,0.0,0.0,0.0
9.783333333333331,0.99702126,0.12320826667292939,2.3069600945630127e-09,0.0004144457435451246,1.912652065585963e-65,1.3202511432346514e-05,0.00012041531207083421,0.08316605068382087,0.039494150115100136,0.0,0.0,0.0,0.0,0.0,0.0
9.8,1.380851,0.22885174177731138,2.1627955722661654e-09,0.00040803422565013805,7.947195868838621e-66,1.1662481064191359e-05,0.00010436910535743629,0.07170417314643743,0.1566235006560066,0.0,0.0,0.0,0.0,0.0,0.0
9.816666666666666,1.9659574,0.5196673898808475,2.027599025745956e-09,0.00040172152048029977,3.3019853360650744e-66,1.0299762753555277e-05,9.042234370972886e-05,0.06172786530056163,0.45743707892574326,0.0,0.0,0.0,0.0,0.0,0.0
9.833333333333334,2.8131914,1.1282999361853034,1.9008153868263967e-09,0.0003955061132673458,1.3718917176589565e-66,9.09424478274858e-06,7.83061881080018e-05,0.05306163444234544,1.0747553932959846,0.0,0.0,0.0,0.0,0.0,0.0
9.85,3.9787233,2.19192741730603,1.7819237520624398e-09,0.00038938651228117676,5.6996499757322894e-67,8.028057243256134e-06,6.778534844085377e-05,0.04554757961393797,2.145914635992203,0.0,0.0,0.0,0.0,0.0,0.0
9.866666666666667,5.5187235,3.815678625901691,1.670435292911923e-09,0.0003833612484837771,2.3678837600683747e-67,7.085327245764904e-06,5.865402779617121e-05,0.03904423125309586,3.776185292374634,0.0,0.0,0.0,0.0,0.0,0.0
9.883333333333333,7.465957,6.04100809575456,1.565891292851285e-09,0.00037742887518823245,9.836862356489029e-68,6.25196020042141e-06,5.073233753677073e-05,0.033425337575979014,6.007148343439765,0.0,0.0,0.0,0.0,0.0,0.0
9.9,9.829787,8.828660454370388,1.4678613037844286e-09,0.00037158796772276015,4.086363630158054e-68,5.515444475942941e-06,4.3863131420314244e-05,0.02857863623120758,8.7996608501277,0.0,0.0,0.0,0.0,0.0,0.0
9.916666666666666,12.558723,12.059696685916208,1.3759414145516674e-09,0.00036583712309969633,1.6974688018508305e-68,4.86467701305539e-06,3.790921227350403e-05,0.024404640802117284,12.034883432725763,0.0,0.0,0.0,0.0,0.0,0.0
9.933333333333334,15.563829,15.55230887904528,1.289752624775057e-09,0.0003601749596893512,7.051006886227557e-69,4.289807709537099e-06,3.2750869514528036e-05,0.02081546422984494,15.531096197888768,0.0,0.0,0.0,0.0,0.0,0.0
9.95,18.723404,19.088595171825528,1.2089393176813296e-09,0.00035460011689868344,2.928769497152694e-69,3.782100613100587e-06,2.828371016639375e-05,0.01773369502529736,19.07047480966361,0.0,0.0,0.0,0.0,0.0,0.0
9.966666666666669,21.868937,22.444439884036925,1.133167825923682e-09,0.0003491112548547044,1.216477636172011e-69,3.3338101564164985e-06,2.4416749947588857e-05,0.015091337075779495,22.428971684013018,0.0,0.0,0.0,0.0,0.0,0.0
9.983333333333333,24.817873,25.416572081269663,1.0621250847822373e-09,0.0003437070540925681,5.052520821388305e-70,2.9380708476425025e-06,2.107073459568333e-05,0.012828819780651408,25.40337554456735,0.0,0.0,0.0,0.0,0.0,0.0
10.0,27.382978,27.84285768674989,9.95517367458971e-10,0.00033838621524825003,2.0984436033547754e-70,2.588798991547334e-06,1.8176664802947135e-05,0.01089408202772602,27.831604452047603,0.0,0.0,0.0,0.0,0.0,0.0
10.016666666666667,29.395744,29.614090365400386,9.330690975006972e-10,0.0003331474587557868,8.71508961997412e-71,2.280605162303053e-06,1.567450104892734e-05,0.009241731018141902,29.60449753088421,0.0,0.0,0.0,0.0,0.0,0.0
10.033333333333331,30.734468,30.677424448840235,8.745217336806305e-10,0.00032798952454897706,3.6193612690443985e-71,2.0087162806738364e-06,1.3512027229581246e-05,0.00783227504480991,30.669248662652844,0.0,0.0,0.0,0.0,0.0,0.0
10.05,31.328936,31.032871223276207,8.196327229500172e-10,0.0003229111717674969,1.503064740064614e-71,1.7689062669984642e-06,1.1643854331329199e-05,0.006631427924446599,31.02590347059976,0.0,0.0,0.0,0.0,0.0,0.0
10.066666666666666,31.174467,30.724921534658368,7.681745173348652e-10,0.0003179111784673721,6.241791612114911e-72,1.557434348242659e-06,1.0030547504749417e-05,0.005609481784706159,30.718982552945167,0.0,0.0,0.0,0.0,0.0,0.0
10.083333333333334,30.317871,29.831468599961497,7.199336509002106e-10,0.00031298834133572503,2.591951186091259e-72,1.3709901935950832e-06,8.637861778705892e-06,0.004740744237514396,29.82640485781074,0.0,0.0,0.0,0.0,0.0,0.0
10.1,28.871489,28.45195142107658,6.747098731383437e-10,0.0003081414754097571,1.076292941863747e-72,1.2066451396168549e-06,7.436073342053517e-06,0.004003035560373356,28.447631600647604,0.0,0.0,0.0,0.0,0.0,0.0
10.116666666666667,26.966383,26.69618983949252,6.323153353559277e-10,0.0003033694137998869,4.4691036922484255e-73,1.061808843738836e-06,6.399394825631501e-06,0.0033772413024352166,26.6925017669403,0.0,0.0,0.0,0.0,0.0,0.0
10.133333333333333,24.75234,24.674875008878946,5.925738268417063e-10,0.0002986710074170017,1.8556530387734e-73,9.341907747869372e-07,5.505464359667803e-06,0.002846915684256509,24.671722981939563,0.0,0.0,0.0,0.0,0.0,0.0
10.15,22.365107,22.49220888410465,5.553200577899854e-10,0.0002940451247037462,7.704769833273967e-74,8.2176601196046e-07,4.734899377039001e-06,0.0023979312301468077,22.48951135052909,0.0,0.0,0.0,0.0,0.0,0.0
10.166666666666666,19.940426,20.240806366776894,5.203989861377739e-10,0.0002894906513698068,3.1989632115360477e-74,7.227448799946041e-07,4.070907195884336e-06,0.002018170227935202,20.238493911725115,0.0,0.0,0.0,0.0,0.0,0.0
10.183333333333334,17.567234,17.998703497931615,4.876651856445524e-10,0.00028500649013111763,1.328145457365166e-74,6.355459987341853e-07,3.4989453593306266e-06,0.001697253826896841,17.996717102635564,0.0,0.0,0.0,0.0,0.0,0.0
10.2,15.320425,15.82815088953979,4.5698225270513843e-10,0.0002805915604529492,5.514028282501347e-75,5.587723706092825e-07,3.006425547872854e-06,0.0014263048398733343,15.826440427484563,0.0,0.0,0.0,0.0,0.0,0.0
10.216666666666669,13.260851,13.77579649784411,4.282222495373745e-10,0.00027624479829680456,2.2891772512626513e-75,4.91190170052914e-07,2.5824556224302826e-06,0.0011977405940221957,13.774319438377777,0.0,0.0,0.0,0.0,0.0,0.0
10.233333333333333,11.411915,11.8738534437148,4.0126518152914033e-10,0.0002719651558710905,9.503357496489281e-76,4.3170993521036447e-07,2.2176150134124465e-06,0.0010050924635756242,11.87257373636914,0.0,0.0,0.0,0.0,0.0,0.0
10.25,9.778297,10.14188433169417,3.7599850666279284e-10,0.0002677516013854808,3.9451366697227113e-76,3.7936989478397873e-07,1.9037592524303045e-06,0.0008428490079244239,10.140771447579715,0.0,0.0,0.0,0.0,0.0,0.0
10.266666666666667,8.36,8.588893859881333,3.5231667506142716e-10,0.0002636031188089506,1.6377005887486146e-76,3.3332119192528926e-07,1.6338499568666942e-06,0.0007063199222163087,8.587921969316842,0.0,0.0,0.0,0.0,0.0,0.0
10.283333333333331,7.1523404,7.215491279685466,3.301206968193643e-10,0.00025951870763140213,6.798209550011014e-77,2.9281479307395223e-07,1.4018070308079243e-06,0.0005915182804016181,7.214638547745488,0.0,0.0,0.0,0.0,0.0,0.0
10.3,6.1319146,6.015952873538168,3.093177363907402e-10,0.0002554973826288398,2.8219044284136883e-77,2.5718989286844765e-07,1.2023802455542108e-06,0.0004950588088322517,6.015200857467251,0.0,0.0,0.0,0.0,0.0,0.0
10.316666666666666,5.2799997,4.9800755689105225,2.8982073191466724e-10,0.00025153817363205306,1.1713262782844715e-77,2.258636469990023e-07,1.0310377150695093e-06,0.00041407016992747297,4.97940870337578,0.0,0.0,0.0,0.0,0.0,0.0
10.333333333333334,4.5778723,4.094762854282059,2.715480379535236e-10,0.0002476401252987326,4.861848506163776e-78,1.9832208339558565e-07,8.838690916927376e-07,0.00034611945886434885,4.094168012235173,0.0,0.0,0.0,0.0,0.0,0.0
10.35,3.9974468,3.345322420276303,2.544230902136043e-10,0.00024380229688899643,2.0179621886492044e-78,1.7411205867496627e-07,7.575015800362101e-07,0.0002891473212839556,3.3447885387900684,0.0,0.0,0.0,0.0,0.0,0.0
10.366666666666667,3.515319,2.716482066335492,2.3837409090392803e-10,0.00024002376204425524,8.375539827913532e-79,1.5283414151683752e-07,6.490271065384107e-07,0.00024141228673640655,2.715999828187089,0.0,0.0,0.0,0.0,0.0,0.0
10.383333333333333,3.1174467,2.193147905847138,2.2333371347080764e-10,0.0002363036085693838,3.476169034971363e-79,1.3413631778873923e-07,5.559391924653131e-07,0.00020144308154583979,2.1927094688581787,0.0,0.0,0.0,0.0,0.0,0.0
10.4,2.7897873,1.7609386543158045,2.0923882552231894e-10,0.0002326409382181372,1.4427044504835145e-79,1.1770842395962326e-07,4.7607826267955797e-07,0.00016799783676725488,1.7605374215448937,0.0,0.0,0.0,0.0,0.0,0.0
10.416666666666666,2.513617,1.4065337098349215,1.9603022882900095e-10,0.00022903486648177777,5.987456522262632e-80,1.0327722578455115e-07,4.0758428426576826e-07,0.00014002924293188274,1.4061641346679676,0.0,0.0,0.0,0.0,0.0,0.0
10.433333333333334,2.2842553,1.1178725717288622,1.836524153547216e-10,0.00022548452238085274,2.48482609366685e-80,9.060206854307622e-08,3.4885577081149713e-07,0.00011665482444825664,1.1175299927405413,0.0,0.0,0.0,0.0,0.0,0.0
10.45,2.0923405,0.8842403524320362,1.7205333833539857e-10,0.00022198904826009,1.0311892029171264e-80,7.947103339366062e-08,2.985143121964482e-07,9.713161401222133e-05,0.883920853612365,0.0,0.0,0.0,0.0,0.0,0.0
10.466666666666669,1.9331914,0.6962698688544794,1.6118419748294415e-10,0.00021854759958635296,4.279268653391685e-81,6.969754177471949e-08,2.5537389825966403e-07,8.083460236039933e-05,0.6959701614199084,0.0,0.0,0.0,0.0,0.0,0.0
10.483333333333333,1.792766,0.5458859030385544,1.50999237448095e-10,0.00021515934474962477,1.7757821617913953e-81,6.111735633788496e-08,2.1841439957772232e-07,6.723842233913138e-05,0.5456032255887105,0.0,0.0,0.0,0.0,0.0,0.0
10.5,1.6804255,0.4262122863157059,1.4145555872845276e-10,0.00021182346486695825,7.368835634859751e-82,5.358593272806223e-08,1.8675865145766563e-07,5.59017996707615e-05,0.42594432056512843,0.0,0.0,0.0,0.0,0.0,0.0
10.516666666666667,1.5821277,0.3314578609330814,1.32512940257806e-10,0.00020853915358937369,3.057716345467776e-82,4.6976081706813306e-08,1.5965265959690302e-07,4.645436704005605e-05,0.3312026606511977,0.0,0.0,0.0,0.0,0.0,0.0
10.533333333333331,1.5025532,0.2567933179991065,1.2413367295924658e-10,0.00020530561691163582,1.2687754443643058e-82,4.117590572028849e-08,1.3644850898295812e-07,3.858549418393371e-05,0.25654924913946253,0.0,0.0,0.0,0.0,0.0,0.0
10.55,1.4323404,0.1982274907406822,1.1628240358846935e-10,0.00020212207298488154,5.264555127510471e-83,3.6086978103651234e-08,1.165896126429869e-07,3.203483546327515e-05,0.1979931810393609,0.0,0.0,0.0,0.0,0.0,0.0
10.566666666666666,1.3761702,0.15248890612932045,1.0892598823475346e-10,0.00019898775193206219,2.1843791908754564e-83,3.162273674657745e-08,9.959798481172285e-08,2.658433876458848e-05,0.15226320270897625,0.0,0.0,0.0,0.0,0.0,0.0
10.583333333333334,1.3246808,0.1169162234826657,1.0203335488568373e-10,0.00019590189566613924,9.063249155198061e-84,2.77070672692442e-08,8.506326485265593e-08,2.2051496284747218e-05,0.11669815721834934,0.0,0.0,0.0,0.0,0.0,0.0
10.6,1.2872341,0.08935954501244608,9.557537449807206e-11,0.00019286375771101534,3.7603601171221837e-84,2.4273053620229905e-08,7.263325461994484e-08,1.828364948322356e-05,0.08914830060336823,0.0,0.0,0.0,0.0,0.0,0.0
10.616666666666667,1.2544681,0.06809338786070966,8.952474005151868e-11,0.00018987260302514363,1.5601439799784881e-84,2.126187654672033e-08,6.200576357075311e-08,1.515318786182895e-05,0.06788827871265783,0.0,0.0,0.0,0.0,0.0,0.0
10.633333333333333,1.226383,0.05174127630240106,8.38558530931476e-11,0.0001869277078277882,6.472763460070088e-85,1.8621842639318997e-08,5.2921583430527026e-08,1.255350480517835e-05,0.05154172346248617,0.0,0.0,0.0,0.0,0.0,0.0
10.65,1.2029787,0.039211368523655546,7.854471731207406e-11,0.00018402835942788574,2.685373501067059e-85,1.630752865028054e-08,4.5158438102909686e-08,1.0395593977308526e-05,0.03901688302573888,0.0,0.0,0.0,0.0,0.0,0.0
10.666666666666666,1.1842554,0.02964220604665391,7.356883871044324e-11,0.00018117385605548162,1.1140627586741043e-85,1.4279027553651989e-08,3.852577526334422e-08,8.605187156534006e-06,0.02945237412507024,0.0,0.0,0.0,0.0,0.0,0.0
10.683333333333334,1.1702127,0.022357507570318774,6.890713196438125e-11,0.00017836350669569125,4.62173135391742e-86,1.2501284383856677e-08,3.286028408444619e-08,7.12034928548882e-06,0.022171978283861995,0.0,0.0,0.0,0.0,0.0,0.0
10.7,1.1655319,0.01682887567179143,6.453983259314021e-11,0.00017559663092516005,1.9172992805419235e-86,1.0943511278309328e-08,2.8022039165738752e-08,5.889459253841268e-06,0.016647350551522153,0.0,0.0,0.0,0.0,0.0,0.0
10.716666666666669,1.160851,0.012645307444587348,6.044841457809046e-11,0.00017287255875097522,7.953629878674788e-87,9.578672379737558e-09,2.3891184289075935e-08,4.869515812852147e-06,0.012467531839718438,0.0,0.0,0.0,0.0,0.0,0.0
10.733333333333333,1.160851,0.00948847051394622,5.661551309522229e-11,0.0001701906304520045,3.299371255860953e-87,8.383030342936968e-09,2.0365081364287923e-08,4.0247173019471825e-06,0.009314226361465047,0.0,0.0,0.0,0.0,0.0,0.0
10.75,1.160851,0.007112803137329502,5.30248520454105e-11,0.00016755019642261166,1.368634302741797e-87,7.335747154553785e-09,1.7355860102864235e-08,3.3252717725539463e-06,0.006941902924502227,0.0,0.0,0.0,0.0,0.0,0.0
10.766666666666667,1.1702127,0.005329606430584191,4.966117608613067e-11,0.00016495061701873073,5.677199588043764e-88,6.4185328273904004e-09,1.4788312766764476e-08,2.7464008189568096e-06,0.005161888156239734,0.0,0.0,0.0,0.0,0.0,0.0
10.783333333333331,1.1842554,0.0039944080275308895,4.6510186886455264e-11,0.00016239126240624965,2.3548947075126393e-88,5.6153362851644485e-09,1.2598085963918038e-08,2.2675061390509366e-06,0.003829730999053153,0.0,0.0,0.0,0.0,0.0,0.0
10.8,1.1982979,0.002996983141678599,4.355848334428279e-11,0.00015987151241167463,9.76786153126996e-89,4.91207342088055e-09,1.0730128058213683e-08,1.8714726960236473e-06,0.0028352244708109383,0.0,0.0,0.0,0.0,0.0,0.0
10.816666666666666,1.2170212,0.0022535171666764127,4.0793505520792684e-11,0.00015739075637504865,4.0515224010215854e-89,4.296387901875964e-09,9.137356465799565e-09,1.544086461404445e-06,0.0020945688493020863,0.0,0.0,0.0,0.0,0.0,0.0
10.833333333333334,1.2404255,0.0017004816404812394,3.820348206215623e-11,0.00015494839300507428,1.680458617969042e-89,3.757440816019543e-09,7.77951403991595e-09,1.2735481993567603e-06,0.0015442481241184703,0.0,0.0,0.0,0.0,0.0,0.0
10.85,1.2685106,0.001289871929610723,3.577738089271992e-11,0.00015254383023642667,6.969928215239257e-90,3.2857257143233994e-09,6.6221880064115274e-09,1.0500676950141204e-06,0.0011362680879881805,0.0,0.0,0.0,0.0,0.0,0.0
10.866666666666667,1.3012766,0.0009855205460626362,3.3504862977118714e-11,0.00015017648508920998,2.8908114748897657e-90,2.872906012295227e-09,5.635968591114531e-09,8.655253162671061e-07,0.0008344699932776926,0.0,0.0,0.0,0.0,0.0,0.0
10.883333333333333,1.3340425,0.000760255299067223,3.137623896126986e-11,0.00014784578353053523,1.1989533678804292e-90,2.5116720719127557e-09,4.795727656339522e-09,7.131898973989035e-07,0.0006116889868633216,0.0,0.0,0.0,0.0,0.0,0.0
10.9,1.3714893,0.0005937175033270674,2.938242851388788e-11,0.00014555116033818067,4.972513213852714e-91,2.195615603592384e-09,4.08000040459141e-09,5.874837030782878e-07,0.0004475725542873718,0.0,0.0,0.0,0.0,0.0,0.0
10.916666666666666,1.413617,0.00047069333421172037,2.751492220116102e-11,0.000143292058966311,2.0622475929947703e-91,1.9191193078179496e-09,3.4704555717539454e-09,4.837867226233018e-07,0.0003269120714329843,0.0,0.0,0.0,0.0,0.0,0.0
10.933333333333334,1.4604255,0.0003798422711950928,2.5765745737533403e-11,0.00014106793141321759,8.552576021881384e-92,1.677259923483842e-09,2.9514415706402614e-09,3.982737999131927e-07,0.00023837141151472217,0.0,0.0,0.0,0.0,0.0,0.0
10.95,1.507234,0.00031273148121509936,2.4127426465233992e-11,0.0001388782380910573,3.546863142041868e-92,1.4657230683094612e-09,2.509597802935198e-09,3.2777916027677893e-07,0.00017352146451546756,0.0,0.0,0.0,0.0,0.0,0.0
10.966666666666669,1.5634042,0.0002631049470597924,2.2592961924269302e-11,0.00013672244769755287,1.4709006521177286e-92,1.2807284492684916e-09,2.1335218715469218e-09,2.6968378308946084e-07,0.00012610937873586736,0.0,0.0,0.0,0.0,0.0,0.0
10.983333333333333,1.633617,0.00022639225550702551,2.115579038314562e-11,0.00013460003708963336,6.099773952143459e-93,1.1189641908443923e-09,1.8134847293914782e-09,2.2182181397631786e-07,9.150720074208919e-05,6.024225661604556e-08,0.0,0.0,0.0,0.0,0.0
11.0,1.7178723,0.00022944438629517966,1.9809763208578e-11,0.0001325104911589758,2.529505931591371e-93,9.775291787128601e-10,1.5411869233604908e-09,1.824028357550776e-07,6.629712418643284e-05,3.0451829588150623e-05,0.0,0.0,0.0,0.0,0.0
11.016666666666667,1.8302127,0.0010691440932936239,1.85491189599815e-11,0.00013045330270943395,1.048936727836557e-93,8.538824485157705e-10,1.3095500585430991e-09,1.49947341469008e-07,4.796039963471023e-05,0.0008905782616263848,0.0,0.0,0.0,0.0,0.0
11.033333333333331,1.9846808,0.008634399892062217,1.736845910157613e-11,0.00012842797233631153,4.349652669332076e-94,7.457987657922524e-10,1.1125384391675046e-09,1.232331920536915e-07,3.464464180321722e-05,0.00847120216902497,0.0,0.0,0.0,0.0,0.0
11.05,2.204681,0.044118859394333756,1.6262725231574925e-11,0.00012643400830746025,1.8036473530669228e-94,6.513296457160699e-10,9.450065578042604e-10,1.0125120888393642e-07,2.499023924015422e-05,0.043967332282978326,0.0,0.0,0.0,0.0,0.0
11.066666666666666,2.5229788,0.1562338361274224,1.5227177734136666e-11,0.00012447092644617935,7.478947902844589e-95,5.68769151669596e-10,8.025687191885579e-10,8.316835908107451e-08,1.8001185075741956e-05,0.15609127946097634,0.0,0.0,0.0,0.0,0.0
11.083333333333334,2.986383,0.4271647708664113,1.42573757655911e-11,0.0001225382500158765,3.101139349738137e-95,4.966238913004585e-10,6.814876134544099e-10,6.829724866727006e-08,1.2949197488910175e-05,0.42702921392928894,0.0,0.0,0.0,0.0,0.0
11.1,3.646383,0.9662623635601658,1.3349158491933446e-11,0.00012063550960647991,1.2858609699279493e-95,4.335866988270175e-10,5.785791076226085e-10,5.6070853558547974e-08,9.302718562953813e-06,0.9661323682356279,0.0,0.0,0.0,0.0,0.0
11.116666666666667,4.559149,1.891566728221884,1.2498627499709256e-11,0.0001187622430225626,5.3316148550800575e-96,3.7851355410014675e-10,4.911309141833677e-10,4.6021597834248514e-08,6.674455937895752e-06,1.8914412446191826,0.0,0.0,0.0,0.0,0.0
11.133333333333333,5.7902126,3.304636806258044,1.1702130307244058e-11,0.0001169179951731622,2.210627711147904e-96,3.304033432850044e-10,4.168331304994825e-10,3.7764038466550385e-08,4.7827097381536885e-06,3.3045150670301555,0.0,0.0,0.0,0.0,0.0
11.15,7.3910637,5.266300490235598,1.0956244907688504e-11,0.0001151023179632645,9.165678038324806e-97,2.883801138692316e-10,3.5371893022035635e-10,3.098054057944987e-08,3.422922684994823e-06,5.266181933361354,0.0,0.0,0.0,0.0,0.0
11.166666666666666,9.399149,7.779850257536166,1.0257765279603207e-11,0.00011331477018693165,3.8001942342016276e-97,2.5167751880737856e-10,3.001139345830997e-10,2.5409431398682607e-08,2.4467938013400667e-06,7.779734470000697,0.0,0.0,0.0,0.0,0.0
11.183333333333334,11.833191,10.785236464307587,9.603687804785648e-12,0.00011155491742204532,1.5755756534337053e-97,2.19625181655565e-10,2.545930031020751e-10,2.083520776488851e-08,1.7469752654374893e-06,10.78512314109587,0.0,0.0,0.0,0.0,0.0
11.2,14.646382,14.164497510572696,8.991198536786872e-12,0.00010982233192664519,6.532283991444396e-98,1.9163674713835135e-10,2.1594336464373282e-10,1.7080444274161196e-08,1.245881474280426e-06,14.164386424862279,0.0,0.0,0.0,0.0,0.0
11.216666666666669,17.749786,17.756093075830208,8.417661267067978e-12,0.00010811659253683472,2.7082156447044538e-98,1.6719941025118684e-10,1.8313316549093028e-10,1.3999109181264214e-08,8.875204930057471e-07,17.755984057359317,0.0,0.0,0.0,0.0,0.0
11.233333333333333,21.021702,21.374431722142575,7.880606339044187e-12,0.00010643728456623676,1.1227779505192335e-98,1.4586474220633512e-10,1.5528464437591737e-10,1.1471045159904784e-08,6.315423473830443e-07,21.374324641535587,0.0,0.0,0.0,0.0,0.0
11.25,24.293617,24.830668263780687,7.377720163346448e-12,0.00010478399970696634,4.654756996122116e-99,1.2724065368946727e-10,1.3165125874585989e-10,9.397413542122365e-09,4.489100987971408e-07,24.830563021207197,0.0,0.0,0.0,0.0,0.0
11.266666666666667,27.401701,27.95147193352257,6.90683539053643e-12,0.00010315633593211038,1.929712962783833e-99,1.1098435537406471e-10,1.1159818442541645e-10,7.696935160718162e-09,3.1875656334267004e-07,27.95136845050365,0.0,0.0,0.0,0.0,0.0
11.283333333333331,30.163404,30.593534847617143,6.465921700221795e-12,0.00010155389739968075,7.999835089502571e-100,9.67961927608933e-11,9.4585694681611e-11,6.302789569106541e-09,2.2610568798694993e-07,30.59343306111342,0.0,0.0,0.0,0.0,0.0
11.3,32.428936,32.65275105511597,6.053077168074867e-12,9.997629435802323e-05,3.316362761909278e-100,8.44142474546251e-11,8.015499647779077e-11,5.16005819304861e-09,1.602233668304632e-07,32.652650913267564,0.0,0.0,0.0,0.0,0.0
11.316666666666666,34.076595,34.068006973934594,5.666520174650411e-12,9.842314305266465e-05,1.374788074423959e-100,7.360961020768005e-11,6.791616314286804e-11,4.223616696985363e-09,1.1342567197878561e-07,34.06790843299506,0.0,0.0,0.0,0.0,0.0
11.333333333333334,35.04085,34.82025804312011,5.304581822139807e-12,9.689406563456649e-05,5.6990473830279474e-101,6.418224267264618e-11,5.753785525565387e-11,3.4563982069933125e-09,8.021892823869882e-08,34.82016106525213,0.0,0.0,0.0,0.0,0.0
11.35,35.298298,34.92799331197835,4.965698827311097e-12,9.538869006977537e-05,2.3624445233496535e-101,5.595735500302716e-11,4.873856651964775e-11,2.8279625919643447e-09,5.6680139610225415e-08,34.927897863670516,0.0,0.0,0.0,0.0,0.0
11.366666666666667,34.87234,34.440342634353414,4.648406860854842e-12,9.390665005044035e-05,9.79295734659256e-102,4.8782235397574826e-11,4.1279169868747075e-11,2.31331823861142e-09,4.0011224567824265e-08,34.44024868528411,0.0,0.0,0.0,0.0,0.0
11.383333333333333,33.83319,33.42902628709839,4.351334305213306e-12,9.244758490718305e-05,4.059373879280374e-102,4.252347554670596e-11,3.495657193351112e-11,1.8919520592136746e-09,2.821874641240794e-08,33.42893380932095,0.0,0.0,0.0,0.0,0.0
11.4,32.28383,31.98015916685481,4.073196404706753e-12,9.101113952279546e-05,1.6826633711500223e-102,3.706454284226252e-11,2.959831211162704e-11,1.5470311721674601e-09,1.9884119146668112e-08,31.9800681342134,0.0,0.0,0.0,0.0,0.0
11.416666666666666,30.341276,30.186669371364964,3.8127897834034795e-12,8.959696424724965e-05,6.974747324174792e-103,3.230365627074214e-11,2.5057966512711214e-11,1.2647460677064435e-09,1.3998946657149804e-08,30.18657975907585,0.0,0.0,0.0,0.0,0.0
11.433333333333334,28.136595,28.141827172939564,3.5689873077089046e-12,8.820471481399573e-05,2.89103146223382e-103,2.8151928227235005e-11,2.121123757553954e-11,1.0337703417459377e-09,9.84718498162136e-09,28.141738957290862,0.0,0.0,0.0,0.0,0.0
11.45,25.777447,25.93414115546996,3.34073327208534e-12,8.683405225753325e-05,1.1983131045011104e-103,2.45317391529396e-11,1.7952627690583145e-11,8.448164384525554e-10,6.920918433417847e-09,25.93405431360614,0.0,0.0,0.0,0.0,0.0
11.466666666666669,23.366808,23.64368373830255,3.1270388876588867e-12,8.54846428322318e-05,4.966849504649584e-104,2.1375315992281302e-11,1.5192610135054757e-11,6.902704435694778e-10,4.860234443277357e-09,23.643598248069516,0.0,0.0,0.0,0.0,0.0
11.483333333333333,20.993616,21.339765888850682,2.9269780547339116e-12,8.415615793238824e-05,2.0586615095295898e-104,1.8623489056212784e-11,1.2855223412495336e-11,5.638919458476404e-10,3.410352884503187e-09,21.3396817286841,0.0,0.0,0.0,0.0,0.0
11.5,18.718723,19.079789050293613,2.7396834014181138e-12,8.284827401349362e-05,8.532615748364324e-105,1.6224605027310553e-11,1.0876026001765889e-11,4.6056744107120335e-10,2.3910937455037847e-09,19.079706199138098,0.0,0.0,0.0,0.0,0.0
11.516666666666667,16.593616,16.909054304499332,2.5643425716740415e-12,8.15606725147023e-05,3.536492819575099e-105,1.4133576603831217e-11,9.200357833207252e-12,3.7610778163307926e-10,1.6751567723323457e-09,16.908972741749654,0.0,0.0,0.0,0.0,0.0
11.533333333333331,14.641702,14.861295142754505,2.4001947471520345e-12,8.02930397824754e-05,1.4657394244462579e-105,1.2311051701126443e-11,7.781862755334616e-12,3.070818485920406e-10,1.1726869527586383e-09,14.86121484821246,0.0,0.0,0.0,0.0,0.0
11.55,12.881702,12.959711052776859,2.246527388138787e-12,7.90450669953854e-05,6.074831020057774e-106,1.0722687251508204e-11,6.581233033084391e-12,2.5068000409830187e-10,8.203185887219021e-10,12.959632006619314,0.0,0.0,0.0,0.0,0.0
11.566666666666666,11.313617,11.218305428364495,2.102673179870843e-12,7.781645009006731e-05,2.517706639650362e-106,9.33851450425277e-12,5.565142698639213e-12,2.0460202090378188e-10,5.73406636729394e-10,11.21822761111939,0.0,0.0,0.0,0.0,0.0
11.583333333333334,9.946809,9.64336560098384,1.968007171321446e-12,7.660688968829117e-05,1.0434450558798924e-106,8.132384358093203e-12,4.705341504024743e-12,1.6696512451308002e-10,4.005237755766113e-10,9.643288993511856,0.0,0.0,0.0,0.0,0.0
11.6,8.762553,8.234959412081249,1.8419440943759082e-12,7.541609102514807e-05,4.3244176271877195e-107,7.081482687519353e-12,3.977885425652959e-12,1.362285572453505e-10,2.795663399500146e-10,8.234883995561528,0.0,0.0,0.0,0.0,0.0
11.616666666666667,7.7468085,6.988357762462287,1.723935852065222e-12,7.424376387832573e-05,1.7921704023154034e-107,6.1659068761988866e-12,3.3624832512675726e-12,1.1113171089877627e-10,1.950014658059521e-10,6.988283518381023,0.0,0.0,0.0,0.0,0.0
11.633333333333333,6.885532,5.895323571420194,1.613469165237475e-12,7.308962249846219e-05,7.427191909340557e-108,5.368295867674448e-12,2.8419418304454262e-12,9.064339968058989e-11,1.3592288003499045e-10,5.895250481561305,0.0,0.0,0.0,0.0,0.0
11.65,6.16,4.945233335428936,1.5100633677097966e-12,7.195338554055782e-05,3.0779652220191022e-108,4.673507004236529e-12,2.4016951686756204e-12,7.392027728706719e-11,9.467909584369824e-11,4.945161381866211,0.0,0.0,0.0,0.0,0.0
11.666666666666666,5.5421276,4.126017659876574,1.4132683405681794e-12,7.083477599643286e-05,1.275547197362513e-108,4.068333766322686e-12,2.0294047585639505e-12,6.027275776743846e-11,6.590638483063426e-11,4.125946824966888,0.0,0.0,0.0,0.0,0.0
11.683333333333334,5.0319147,3.4249220082336613,1.3226625768654183e-12,6.973352112821178e-05,5.285951359593123e-109,3.5412592616404505e-12,1.7146204266309135e-12,4.9137092523781504e-11,4.58477067094708e-11,3.42485227461097,0.0,0.0,0.0,0.0,0.0
11.7,4.596596,2.8290990878993743,1.2378513685164235e-12,6.864935240282169e-05,2.190501931406923e-109,3.0822409583981868e-12,1.4484925789565778e-12,4.005249658226914e-11,3.1873462595648136e-11,2.8290304384690383,2.3835248606172907e-13,0.0,0.0,0.0,0.0
11.716666666666669,4.2361703,2.3260506521732323,1.158465107703192e-12,6.758200542748682e-05,9.077327597446525e-110,2.682522721857905e-12,1.223528094929117e-12,3.2642415275690995e-11,2.2144558126299673e-11,2.3259829772651104,9.284284267090346e-08,0.0,0.0,0.0,0.0
11.733333333333333,3.9319148,1.903950247605457,1.0841576955838247e-12,6.653121988620796e-05,3.761545427979573e-110,2.3344707078652794e-12,1.0333832808839413e-12,2.6599185256704535e-11,1.5375720066534105e-11,1.9038724131127673,1.1303226376723643e-05,0.0,0.0,0.0,0.0
11.75,3.679149,1.552000113725241,1.0146050515511273e-12,6.549673947720566e-05,1.5587217224913506e-110,2.0314300997606488e-12,8.726882845849031e-13,2.1671477544192145e-11,1.0669375415411666e-11,1.5517260086575373,0.00020860829196697888,0.0,0.0,0.0,0.0
11.766666666666667,3.4685106,1.2612347688563472,9.495037167106903e-13,6.447831185132108e-05,6.4589939924212925e-111,1.7676000537996482e-12,7.368982130000157e-13,1.7654020226408513e-11,7.399151616147976e-12,1.2595526805757886,0.0016176099401999985,0.0,0.0,0.0,0.0
11.783333333333331,3.3,1.0260598438573556,8.885695456441547e-13,6.347568855135243e-05,2.676425939722258e-111,1.5379245495968163e-12,6.221669115582244e-13,1.4379188735274547e-11,5.1282413688429776e-12,1.0183922718882374,0.007604096258010704,0.0,0.0,0.0,0.0
11.8,3.173617,0.8461703675742464,8.315364808966662e-13,6.248862495231631e-05,1.1090207644284197e-111,1.3379971320497228e-12,5.252399717327535e-13,1.1710125752331713e-11,3.5522432168643908e-12,0.8203141890001682,0.02579368993116869,0.0,0.0,0.0,0.0
11.816666666666666,3.0846808,0.7279797008558742,7.781554049760091e-13,6.151688020262208e-05,4.595346484877261e-112,1.1639777848440089e-12,4.433640512972643e-13,9.535113678963868e-12,2.4591704968478326e-12,0.6583798496442317,0.06953833431706002,0.0,0.0,0.0,0.0
11.833333333333334,3.0425532,0.684723456819775,7.281930649778912e-13,6.0560217166139444e-05,1.9041055735468923e-112,1.0125203975022185e-12,3.7421003151654885e-13,7.762972564965146e-12,1.7014931598236976e-12,0.5265808263918345,0.15808207019919493,0.0,0.0,0.0,0.0
11.85,3.051915,0.7348733319294356,6.814310652592558e-13,5.9618402365153034e-05,7.889654815691081e-113,8.807094819855416e-13,3.1580790943016407e-13,6.319297385541577e-12,1.17660642603789e-12,0.4197621648575045,0.315051548660192,0.0,0.0,0.0,0.0
11.866666666666667,3.1221275,0.8990820233209136,6.376649238681956e-13,5.869120592418391e-05,3.2690324842198397e-113,7.660049645455989e-13,2.6649164111199925e-13,5.1433821876238476e-12,8.131963032287189e-13,0.33353819960103903,0.5654851325063237,0.0,0.0,0.0,0.0
11.883333333333333,3.267234,1.1963161314405826,5.967031887093907e-13,5.7778401514670593e-05,1.3544867577310388e-113,6.661940269024369e-13,2.248524217356961e-13,4.18570620841956e-12,5.617284122822605e-13,0.26420632928958887,0.9320520237432439,0.0,0.0,0.0,0.0
11.9,3.4965956,1.640003548779332,5.583666096760444e-13,5.687976630049186e-05,5.612089941381314e-114,5.793491005488884e-13,1.8969911758706932e-13,3.4058796847486687e-12,3.8781782209791115e-13,0.20866265681277738,1.4312840121951331,0.0,0.0,0.0,0.0
11.916666666666666,3.833617,2.2349410385301844,5.22487363216665e-13,5.599508088432263e-05,2.3252457067090757e-114,5.03791231388037e-13,1.6002475992493983e-13,2.770965610741043e-12,2.6761040281896043e-13,0.16432213770094098,2.070562905744134,0.0,0.0,0.0,0.0
11.933333333333334,4.278298,2.975463826114863,4.889083260267905e-13,5.512412925480678e-05,9.634018736270325e-115,4.3805813103643416e-13,1.3497817597726906e-13,2.254108895123932e-12,1.8456760572371216e-13,0.12904488529597472,2.846363816686133,0.0,0.0,0.0,0.0
11.95,4.84,3.8450752653798212,4.574823947640615e-13,5.426669873453782e-05,3.9915407353909797e-115,3.808763177633138e-13,1.1383997277803057e-13,1.8334168183892495e-12,1.272297132765802e-13,0.10106952024566658,3.7439514784325074,0.0,0.0,0.0,0.0
11.966666666666669,5.5093617,4.817455066670107,4.280718488800331e-13,5.3422579928832106e-05,1.6537434053086523e-115,3.311368257471767e-13,9.600220874970397e-14,1.4910448880299462e-12,8.76608047354035e-14,0.07895388904616826,4.738447755041576,0.0,0.0,0.0,0.0
11.983333333333333,6.281702,5.858560067776665,4.005477538452353e-13,5.259156667528606e-05,6.851571615129868e-116,2.878740274887032e-13,8.095118910733292e-14,1.2124505419762863e-12,6.036835924641479e-14,0.061523076209141166,5.796984399998807,0.0,0.0,0.0,0.0
12.0,7.1289363,6.929420419291822,3.747894022150255e-13,5.1773455994100966e-05,2.838617200907723e-116,2.502471720203956e-13,6.825290701444108e-14,9.857839889508444e-13,4.155309871997204e-14,0.04782436450046741,6.88154428133364,0.0,0.0,0.0,0.0
12.016666666666667,8.018298,7.989210286793519,3.506837901449769e-13,5.096804803916932e-05,1.176029041776864e-116,2.1752429205031824e-13,5.754072526654152e-14,8.013910726996194e-13,2.858845107980691e-14,0.03708862866308883,7.952070690080935,0.0,0.0,0.0,0.0
12.033333333333331,8.917021,8.99821552807801,3.281251271146262e-13,5.0175146049906354e-05,4.872186301802153e-117,1.890681772863305e-13,4.8504955074944695e-14,6.514076289071333e-13,1.9659568414328668e-14,0.02869755537652027,8.969467797554202,0.0,0.0,0.0,0.0
12.05,9.782979,9.920405929530826,3.0701437675990614e-13,4.939455630381748e-05,2.018479691214144e-117,1.6432414971394093e-13,4.088404094009743e-14,5.294285528109348e-13,1.351314352404265e-14,0.02215604541688428,9.898200489556583,0.0,0.0,0.0,0.0
12.066666666666666,10.574042,10.725422401358061,2.8725882684685117e-13,4.862608806979181e-05,8.362181206159188e-118,1.4280941024722534e-13,3.445710505619129e-14,4.302378627558129e-13,9.28411917432407e-15,0.01706915651093568,10.708304618758152,0.0,0.0,0.0,0.0
12.083333333333334,11.257446,11.389890872792547,2.6877168654290754e-13,4.786955356210758e-05,3.464252118442649e-118,1.2410375555341014e-13,2.903764238156204e-14,3.495885537062693e-13,6.37572712748945e-15,0.013122974205446267,11.37672002903276,0.0,0.0,0.0,0.0
12.1,11.809787,11.89806160322301,2.514717092587822e-13,4.712476789514187e-05,1.4351396674233753e-118,1.0784148950651163e-13,2.4468189465567436e-14,2.84023086327018e-13,4.3764922779897645e-15,0.010068843222275931,11.887945635232166,0.0,0.0,0.0,0.0
12.116666666666667,12.20766,12.241838395660782,2.3528283944230955e-13,4.639154903877153e-05,5.945298163712095e-119,9.370437612296616e-14,2.061581721084518e-14,2.3072703461871644e-13,3.002843624898007e-15,0.007710445804539308,12.23408155830662,0.0,0.0,0.0,0.0
12.133333333333333,12.437021,12.42030488032508,2.2013388180814674e-13,4.566971777445705e-05,2.4629065764199003e-119,8.141550038517197e-14,1.7368320708453786e-14,1.874097862494522e-13,2.059453505157224e-15,0.00589327111441331,12.414365939492384,0.0,0.0,0.0,0.0
12.15,12.493192,12.438876254809408,2.0595819158262476e-13,4.4959097651996414e-05,1.0202746517483775e-119,7.073392042601405e-14,1.4630998738815052e-14,1.5220731033398872e-13,1.41184349628396e-15,0.004496077092409172,12.434335218618902,0.0,0.0,0.0,0.0
12.166666666666666,12.390213,12.308208343526138,1.926933844327836e-13,4.4259514946941734e-05,4.226502674264118e-120,6.145000944387551e-14,1.2323932015859217e-14,1.236029230875516e-13,9.674731655709692e-16,0.003424000875693211,12.304740083135107,0.0,0.0,0.0,0.0
12.183333333333334,12.132766,12.042986199892464,1.802810648326179e-13,4.357079861866566e-05,1.750814457309102e-120,5.3381398717738004e-14,1.037968321682335e-14,1.0036272985402513e-13,6.626917523580174e-16,0.0026030244017566664,12.040339604691743,0.0,0.0,0.0,0.0
12.2,11.744255,11.66069637889079,1.6866657169829517e-13,4.289278026907057e-05,7.252605533124932e-121,4.636944443635414e-14,8.741353669198956e-15,8.14830330433767e-14,4.537398082973232e-16,0.0019755473994671697,11.658677938710749,0.0,0.0,0.0,0.0
12.216666666666669,11.248085,11.180464584405215,1.577987401978472e-13,4.222529410192792e-05,3.0042977896103385e-121,4.0276150953800505e-14,7.360941584567761e-15,6.614749452030679e-14,3.1054693396811032e-16,0.001496860298261325,11.17892549881258,0.0,0.0,0.0,0.0
12.233333333333333,10.662978,10.62201695102598,1.476296787100553e-13,4.156817688284143e-05,1.2444771284185846e-121,3.4981491719695717e-14,6.19795521253941e-15,5.369224843128432e-14,2.1245892077561182e-16,0.001132344715413626,10.62084303813344,0.0,0.0,0.0,0.0
12.25,10.017021,10.00480114663276,1.3811455997189284e-13,4.092126789982051e-05,5.154967259398815e-122,3.038107666606959e-14,5.21824147077637e-15,4.357749308003521e-14,1.4529555593605782e-16,0.0008552593789572949,10.003904965985685,0.0,0.0,0.0,0.0
12.266666666666667,9.324255,9.347284307609561,1.2921142551475517e-13,4.02844089244596e-05,2.1353053337881887e-122,2.6384121404574645e-14,4.392996687782923e-15,3.5364361954854435e-14,9.932568139415889e-17,0.0006449950089297542,9.34659902819151,0.0,0.0,0.0,0.0
12.283333333333331,8.612766,8.666429333310946,1.2088100254645528e-13,3.9657444173709914e-05,8.844823493199514e-123,2.2911679319519203e-14,3.6979312420704036e-15,2.8696095569614507e-14,6.787421524420756e-17,0.0004857032772521354,8.665903972589344,0.0,0.0,0.0,0.0
12.3,7.891915,7.977339486601554,1.1308653248931596e-13,3.904022027223648e-05,3.6636459601470325e-123,1.9895102641163113e-14,3.11256423733969e-15,2.328271655766377e-14,4.636436088506635e-17,0.00036522298275326473,7.976935223398369,0.0,0.0,0.0,0.0
12.316666666666666,7.1897874,7.293053381576904,1.0579361043467373e-13,3.843258621535276e-05,1.5175150216694615e-123,1.7274702943014456e-14,2.619628039433791e-15,1.888855793472475e-14,3.165935205928197e-17,0.0002742414892093694,7.292740707501334,0.0,0.0,0.0,0.0
12.333333333333334,6.5110636,6.6244678395151295,9.897003482078728e-14,3.783439333252074e-05,6.285613904916876e-124,1.4998585308015485e-14,2.204565619630968e-15,1.5322114737349723e-14,2.1610266171085858e-17,0.00020564172895052847,6.624224363392715,0.0,0.0,0.0,0.0
12.35,5.869787,5.980364178206085,9.258566668511893e-14,3.7245495251411814e-05,2.603500312871422e-124,1.3021633722769804e-14,1.8551062873367493e-15,1.2427787342924697e-14,1.4745536553151396e-17,0.00015399508139302297,5.980172937629321,0.0,0.0,0.0,0.0
12.366666666666667,5.2706385,5.367513647648859,8.661229788294194e-14,3.6665747862516654e-05,1.078357660564342e-124,1.1304628148289044e-14,1.5609076270476472e-15,1.0079164765988004e-14,1.0057855629783352e-17,0.00011516855917706384,5.367361813341709,0.0,0.0,0.0,0.0
12.383333333333333,4.7229786,4.790839343195941,8.102352770275786e-14,3.609500928429818e-05,4.4664585782793105e-125,9.813476234543856e-15,1.3132533420593608e-15,8.173561436871789e-15,6.857984737774727e-18,8.602129330077467e-05,4.790717226893256,0.0,0.0,0.0,0.0
12.4,4.2268085,4.25361448971286,7.579464734505918e-14,3.55331398288774e-05,1.8499462547418908e-125,8.518544841584594e-15,1.1047983036398216e-15,6.627574123782009e-15,4.674507276360564e-18,6.417057759796977e-05,4.253514785995342,0.0,0.0,0.0,0.0
12.416666666666666,3.7774467,3.757680060200177,7.09025317647601e-14,3.498000196824576e-05,7.662143087239647e-126,7.394078443579592e-15,9.293534540915247e-16,5.3734689805424645e-15,3.185115968540855e-18,4.781194603816324e-05,3.757597268252086,0.0,0.0,0.0,0.0
12.433333333333334,3.3795745,3.303667927575923,6.63255384092586e-14,3.443546030099439e-05,3.173487403287166e-126,6.417693159791108e-15,7.817043532144907e-16,4.356244003101521e-15,2.169534605999407e-18,3.5581110561673434e-05,3.3035979110049825,0.0,0.0,0.0,0.0
12.45,3.0285106,2.8912188981544147,6.204341241377871e-14,3.389938151955404e-05,1.31437321887544e-126,5.569936609791174e-15,6.574581222789032e-16,3.531240938958474e-15,1.4772760050508362e-18,2.6448246719829044e-05,2.8911585505261037,0.0,0.0,0.0,0.0
12.466666666666669,2.7195745,2.5191878701038566,5.803719784337473e-14,3.337163437793604e-05,5.443723443817126e-127,4.833905056533455e-15,5.529143549162144e-16,2.8622041228529165e-15,1.005569768741749e-18,1.963721506397763e-05,2.5191348612543485,0.0,0.0,0.0,0.0
12.483333333333333,2.452766,2.185830898086318,5.428915459706661e-14,3.285208965996906e-05,2.254596677953221e-127,4.194910404228822e-15,4.649562533654582e-16,2.3197027949782835e-15,6.842582098174227e-19,1.4563959470042636e-05,2.1857834820371265,0.0,0.0,0.0,0.0
12.5,2.2187233,1.8889710783881262,5.078268061389258e-14,3.234062014802098e-05,9.337640631086523e-128,3.64019057919454e-15,3.9095883074872515e-16,1.8798489985455903e-15,4.654647308703475e-19,1.078962025503157e-05,1.8889279481476664,0.0,0.0,0.0,0.0
12.516666666666667,2.0174468,1.6261418893590702,4.75022390435726e-14,3.183710059220196e-05,3.8672385226080973e-128,3.158657659218661e-15,3.2871151199222828e-16,1.523255807463924e-15,3.16529487837102e-19,7.984913653978022e-06,1.6261020673447715,0.0,0.0,0.0,0.0
12.533333333333331,1.8489362,1.394707950160235,4.4433290065822624e-14,3.1341407680039125e-05,1.6016230118771572e-128,2.7406788463733248e-15,2.7635288160503707e-16,1.234190936876031e-15,2.151809664731231e-19,5.9031192913675006e-06,1.394670705633215,0.0,0.0,0.0,0.0
12.55,1.6991489,1.1919641348723236,4.1562227062426815e-14,3.08534200066151e-05,6.63307953076815e-129,2.3778860135200847e-15,2.3231567758736396e-16,9.99889175267793e-16,1.462370562055425e-19,4.359631240961226e-06,1.1919289218210307,0.0,0.0,0.0,0.0
12.566666666666666,1.5774468,1.0152146468849201,3.887631686496705e-14,3.037301804516697e-05,2.747044525504144e-129,2.063010108052016e-15,1.9528042724787726e-16,8.099939022120255e-16,9.93519770472047e-20,3.2165040458568774e-06,1.015181057362787,0.0,0.0,0.0,0.0
12.583333333333334,1.4744681,0.8618340717628774,3.6363643818657207e-14,2.9900084118133464e-05,1.1376582186526462e-129,1.7897371782599175e-15,1.6413637111298085e-16,6.561035101722203e-16,6.747806982011593e-20,2.3707927852948194e-06,0.861801800885935,0.0,0.0,0.0,0.0
12.6,1.380851,0.7293126363009315,3.4013057419254583e-14,2.9434502368648484e-05,4.711438860470223e-130,1.552583207300461e-15,1.3794853255557022e-16,5.314030682312667e-16,4.581602275716104e-20,1.7457697469267578e-06,0.7292814560287797,0.0,0.0,0.0,0.0
12.616666666666667,1.3059574,0.6152879543813633,3.18141232954203e-14,2.8976158732470227e-05,1.9511514346637184e-130,1.3467853050781509e-15,1.1592996929548025e-16,4.3036524244370634e-16,3.109869950682367e-20,1.2843182597463976e-06,0.6152576939043374,0.0,0.0,0.0,0.0
12.633333333333333,1.2404255,0.5175654783223959,2.975707732337489e-14,2.8524940910342166e-05,8.080236780741765e-131,1.1682071264389764e-15,9.741839363825154e-17,3.4850747843659796e-16,2.1102730977668324e-20,9.439714950189937e-07,0.5175360094099591,0.0,0.0,0.0,0.0
12.65,1.1795745,0.43412973321207526,2.78327826742275e-14,2.808073834077749e-05,3.346207853265496e-131,1.0132566609875935e-15,8.185647553970342e-17,2.8219488452558587e-16,1.4315553647299563e-20,6.93192074160308e-07,0.4341009592816311,0.0,0.0,0.0,0.0
12.666666666666666,1.1280851,0.36314822048652956,2.6032689607054984e-14,2.76434421732618e-05,1.3857263732743663e-131,8.788147809006624e-16,6.877524996192982e-17,2.2848023192007583e-16,9.708499702561512e-21,5.08586119186959e-07,0.3631200684582099,0.0,0.0,0.0,0.0
12.683333333333334,1.0812765,0.3029696588872123,2.434879783266753e-14,2.721294524186609e-05,5.73849248589644e-132,7.621731429371122e-16,5.77801406059181e-17,1.8497409720480221e-16,6.5822139026220275e-21,3.7281992787956433e-07,0.30294207312201715,0.0,0.0,0.0,0.0
12.7,1.0391489,0.2521180035900358,2.2773621284149457e-14,2.678914203926566e-05,2.376369352016069e-132,6.609802234784211e-16,4.8539188574635334e-17,1.4973948012317162e-16,4.461379272276175e-21,2.730641658879537e-07,0.252090941383807,0.0,0.0,0.0,0.0
12.716666666666669,1.0017021,0.2092834606352194,2.1300155140663655e-14,2.6371928691157483e-05,9.84069751902572e-133,5.731944243779269e-16,4.077313904029828e-17,1.2120629285088763e-16,3.023047328807208e-21,1.998335260076375e-07,0.20925688887298022,0.0,0.0,0.0,0.0
12.733333333333333,0.96425533,0.17331150269992318,1.9921844960789635e-14,2.596120293107044e-05,4.075056753863441e-133,4.970433257223956e-16,3.4247093422264453e-17,9.810198110283634e-17,2.047862232548901e-21,1.4612243637635514e-07,0.1732853953745352,0.0,0.0,0.0,0.0
12.75,0.9268085,0.14319069939873094,1.8632557790793326e-14,2.5556864075562048e-05,1.6874748266552539e-133,4.3098828197522526e-16,2.876348049924379e-17,7.93952397243328e-17,1.3868766445379692e-21,1.0676208461997339e-07,0.14316503577255157,0.0,0.0,0.0,0.0
12.766666666666667,0.89404255,0.11804000378434776,1.7426555121802433e-14,2.515881299979622e-05,6.987741491424545e-134,3.736936627054676e-16,2.415613860969559e-17,6.425035612188427e-17,9.389825850777542e-22,7.79426665373451e-08,0.11801476702866354,0.0,0.0,0.0,0.0
12.783333333333331,0.86127657,0.09709598774124328,1.6298467577871753e-14,2.4766952113496557e-05,2.893558496724929e-134,3.2400013023040676e-16,2.028533375849418e-17,5.19901785915e-17,6.3556668182920935e-22,5.6858821730262255e-08,0.09707116393029136,0.0,0.0,0.0,0.0
12.8,0.83319145,0.07970039231887774,1.5243271224438533e-14,2.4381185337267556e-05,1.1981843298651374e-134,2.809014257778458e-16,1.703356599366315e-17,4.2066083321306404e-17,4.300805909207633e-22,4.144679643818643e-08,0.07967596968672845,0.0,0.0,0.0,0.0
12.816666666666666,0.8051064,0.06528825358043423,1.4256265393706046e-14,2.400141807928162e-05,4.961476740974456e-135,2.4352420474044336e-16,1.4302039643636778e-17,3.4033619859228015e-17,2.909544055681513e-22,3.0189822863336456e-08,0.06526422197251754,0.0,0.0,0.0,0.0
12.833333333333334,0.7770213,0.053376778485314406,1.3333051930072783e-14,2.3627557212322055e-05,2.0544437840540006e-135,2.1111052158567205e-16,1.2007692588361997e-17,2.753276338682218e-17,1.9678301900767688e-22,2.1974168639361535e-08,0.05335312895391986,0.0,0.0,0.0,0.0
12.85,0.7489362,0.04355507658161842,1.2469515764904926e-14,2.3259511051180468e-05,8.506943827713364e-136,1.830026171668968e-16,1.0080696246600313e-17,2.22719039939832e-17,1.330574158289275e-22,1.5982778669960922e-08,0.043531801087775886,0.0,0.0,0.0,0.0
12.866666666666667,0.72553194,0.03547479962700187,1.1661806735718832e-14,2.2897189330400158e-05,3.5224828807932196e-136,1.586297065648835e-16,8.462351877974277e-18,1.801486705995954e-17,8.994572171356993e-23,1.1616774638761493e-08,0.035451890820884985,0.0,0.0,0.0,0.0
12.883333333333333,0.70212764,0.02884170046562258,1.0906322570260056e-14,2.254050318236235e-05,1.4585464424193659e-136,1.3749650505972617e-16,7.103320527784536e-18,1.4570391931194617e-17,6.07873284007542e-23,8.437575042367583e-09,0.02881915152485411,0.0,0.0,0.0,0.0
12.9,0.6787234,0.023408092458310846,1.0199692961023408e-14,2.218936511570878e-05,6.039315255952756e-137,1.1917326415724917e-16,5.96213382792408e-18,1.1783604130515309e-17,4.107124444315835e-23,6.12426193119547e-09,0.02338589696892287,0.0,0.0,0.0,0.0
12.916666666666666,0.65999997,0.018966169560126492,9.538764660514178e-15,2.1843688994096376e-05,2.5006403115788065e-137,1.0328711944138473e-16,5.0039411975287585e-18,9.529104037143983e-18,2.7743167861778044e-23,4.442208867102937e-09,0.018944321428913873,0.0,0.0,0.0,0.0
12.933333333333334,0.6459574,0.01534213303862329,8.920587531984842e-15,2.150339001527751e-05,1.0354064494682937e-137,8.951457797629584e-17,4.199456006188324e-18,7.705366163595218e-18,1.873564825931254e-23,3.2200176809461228e-09,0.01532062642858131,0.0,0.0,0.0,0.0
12.95,0.6319149,0.012391062323391268,8.3424014945506e-15,2.116838469050302e-05,4.2871298303860967e-138,7.757499554638595e-17,3.524069176420521e-18,6.2302009285376835e-18,1.2649605292143167e-23,2.3325793759345747e-09,0.01236989160611296,0.0,0.0,0.0,0.0
12.966666666666669,0.62255317,0.009992463287935113,7.801624305478989e-15,2.083859082424086e-05,1.775082567761549e-138,6.722491363935868e-17,2.95710368422379e-18,5.037077706448441e-18,8.538505659748298e-24,1.688644413693078e-09,0.009971623008458582,0.0,0.0,0.0,0.0
12.983333333333333,0.6131915,0.008046426312441525,7.29584012610069e-15,2.0513927494207645e-05,7.349649978992641e-139,5.825314313136157e-17,2.4811876132920635e-18,4.07214597450571e-18,5.762148784745093e-24,1.2217101325351703e-09,0.008025911163229824,0.0,0.0,0.0,0.0
13.0,0.6085106,0.006470327874856506,6.822788821201957e-15,2.019431503170587e-05,3.0430630423910507e-139,5.0476496457544015e-17,2.0817269533388595e-18,3.2918222389739112e-18,3.887637881582374e-24,8.833459316176993e-10,0.00645013267647199,0.0,0.0,0.0,0.0
13.016666666666667,0.6085106,0.005196012452737113,6.380355944964861e-15,1.9879675002264746e-05,1.2599446264856495e-139,4.37360829370917e-17,1.746462310069098e-18,2.6608354591254547e-18,2.622327355247969e-24,6.383082935148275e-10,0.0051761321394201264,0.0,0.0,0.0,0.0
13.033333333333331,0.6038298,0.004167395622362503,5.966563369509069e-15,1.956993018657827e-05,5.2166080154317905e-140,3.789409312131848e-17,1.4650962014077929e-18,2.150643994159781e-18,1.7684336735642034e-24,4.6096872313081864e-10,0.0041478252312011936,0.0,0.0,0.0,0.0
13.05,0.6038298,0.00333843397419492,5.5795605149013295e-15,1.926500456173594e-05,2.159838145448829e-140,3.2831007767153957e-17,1.2289797256783263e-18,1.738153568975144e-18,1.1923188480690521e-24,3.327038972717032e-10,0.0033191686369236713,0.0,0.0,0.0,0.0
13.066666666666666,0.6038298,0.0026714124904503936,5.217616142122091e-15,1.8964823282743563e-05,8.942325768536053e-141,2.844317549733538e-17,1.0308491648834893e-18,1.404679111612784e-18,8.037089103473612e-25,2.3999037969189296e-10,0.0026524474271720218,0.0,0.0,0.0,0.0
13.083333333333334,0.6038298,0.0021355051041882494,4.879110672936791e-15,1.866931266432657e-05,3.7023380003573493e-141,2.4640710559386174e-17,8.64604582670515e-19,1.1351041461689668e-18,5.416376693478605e-25,1.7301480041620478e-10,0.0021168356185042167,0.0,0.0,0.0,0.0
13.1,0.5991489,0.0017055691035532813,4.56252900292661e-15,1.8378400163015008e-05,1.5328440039453588e-141,2.1345668482913913e-17,7.251237362823218e-19,9.172002067801748e-19,3.6494178390998823e-25,1.2466083383848282e-10,0.001687190578724847,0.0,0.0,0.0,0.0
13.116666666666667,0.5991489,0.001361138739353704,4.2664537760838766e-15,1.809201435950262e-05,6.3462356036087974e-142,1.849046298458484e-17,6.08105682146025e-19,7.410758578942936e-19,2.458351096639967e-25,8.977138511862341e-11,0.00134304663521853,0.0,0.0,0.0,0.0
13.133333333333333,0.58978724,0.0010855877627351778,3.989559091401229e-15,1.7810084941278628e-05,2.627427733514366e-142,1.6016492292062622e-17,5.099393472114988e-19,5.987306775098221e-19,1.6556583893049653e-25,6.461162198300661e-11,0.0010677776131782705,0.0,0.0,0.0,0.0
13.15,0.5851064,0.0008654346195060264,3.730604613769373e-15,1.753254268552589e-05,1.0877816902101992e-142,1.3872947247306995e-17,4.275930892343197e-19,4.836942382026447e-19,1.1148205779326253e-25,4.6478466033099526e-11,0.0008479020303382892,0.0,0.0,0.0,0.0
13.166666666666666,0.5757447,0.0006897676409683811,3.488430063271099e-15,1.72593194422831e-05,4.503488981000557e-143,1.201577718882894e-17,3.585219012446079e-19,3.907339123237779e-19,7.50494528171998e-26,3.341680147254157e-11,0.0006725082881057953,0.0,0.0,0.0,0.0
13.183333333333334,0.56638294,0.0005497707983457198,3.2619500586139746e-15,1.699034811786509e-05,1.8644591783364874e-143,1.0406792773721222e-17,3.005894472714503e-19,3.1561840045959075e-19,5.0512548060677616e-26,2.4013383950518577e-11,0.0005327804262111978,0.0,0.0,0.0,0.0
13.2,0.55234045,0.00043833344221323246,3.0501492919961133e-15,1.672556265853936e-05,7.718858635036583e-144,9.012887646191743e-18,2.5200256385581365e-19,2.5492637215510504e-19,3.399077643993009e-26,1.7247279928304888e-11,0.0004216078623043535,0.0,0.0,0.0,0.0
13.216666666666669,0.5429787,0.00034972995126800215,2.8520780141513994e-15,1.6464898034453126e-05,3.1955803926023e-144,7.805363244293916e-18,2.1125623833180465e-19,2.0589162535735584e-19,2.2868296385454216e-26,1.238140449989576e-11,0.0003332650408492842,0.0,0.0,0.0,0.0
13.233333333333333,0.52893615,0.0002793573929809024,2.6668478096803783e-15,1.62082902238086e-05,1.3229483206415398e-144,6.7593431079377805e-18,1.770873915319875e-19,1.6627780553556045e-19,1.5382194643951597e-26,8.883916826969289e-12,0.000263149093870503,0.0,0.0,0.0,0.0
13.25,0.5102128,0.00022352118143753548,2.4936276440448258e-15,1.595567619728087e-05,5.476870856940239e-145,5.8532648501534725e-18,1.4843605894351328e-19,1.3427704954660018e-19,1.0344640166337382e-26,6.371291500381298e-12,0.00020756549886646333,0.0,0.0,0.0,0.0
13.266666666666667,0.4961702,0.00017926033512189967,2.3316401647978305e-15,1.570699390267669e-05,2.2673503362174493e-145,5.0684395157761225e-18,1.2441278838131915e-19,1.0842799188408043e-19,6.955460538596449e-27,4.567115197920875e-12,0.00016355333664977084,0.0,0.0,0.0,0.0
13.283333333333331,0.48212767,0.0001442053191720127,2.1801582407337655e-15,1.546218224982913e-05,9.386448140847517e-146,4.388669408230138e-18,1.0427126066292859e-19,8.754943968131658e-20,4.67574285967807e-27,3.272283846976321e-12,0.00012874313364771498,0.0,0.0,0.0,0.0
13.3,0.4680851,0.00011646263106234559,2.038501723689494e-15,1.5221181095724398e-05,3.8858003655561375e-146,3.799916642980621e-18,8.738529821786909e-20,7.068672641017899e-20,3.1426091558142657e-27,2.3434593822798964e-12,0.00010124144762111936,0.0,0.0,0.0,0.0
13.316666666666666,0.45404255,9.45212821645364e-05,1.906034418704599e-15,1.4983931229858896e-05,1.6086303076419816e-146,3.2900157089163435e-18,7.322955979869834e-20,5.706832397657062e-20,2.111766685745568e-27,1.6775065979509e-12,7.953734925526145e-05,0.0,0.0,0.0,0.0
13.333333333333334,0.44468084,7.717716442118147e-05,1.7821612491631767e-15,1.4750374359820335e-05,6.659300134904259e-147,2.848424206833753e-18,6.136333148349626e-20,4.607075426892306e-20,1.4187898866153736e-27,1.2002569005118412e-12,6.242678885931912e-05,0.0,0.0,0.0,0.0
13.35,0.43063828,6.347199330371851e-05,1.6663256043981518e-15,1.4520453097092406e-05,2.7567509251020065e-147,2.466006705044649e-18,5.1416918341000115e-20,3.7190214761092896e-20,9.530322255147301e-28,8.584008088290196e-13,4.8951539346556416e-05,0.0,0.0,0.0,0.0
13.366666666666667,0.4212766,5.264410481648049e-05,1.558006858039117e-15,1.4294110943076863e-05,1.1412034721283812e-147,2.1348473212973303e-18,4.308022030377186e-20,3.001963519168339e-20,6.40051905604084e-28,6.136414159472713e-13,3.8349993258202e-05,0.0,0.0,0.0,0.0
13.383333333333333,0.40723404,4.408887277181981e-05,1.4567180461370782e-15,1.4071292275331973e-05,4.724167335862232e-148,1.8480872210868406e-18,3.6093142348581534e-20,2.4230127160013343e-20,4.297755012585046e-28,4.384807149753421e-13,3.0017580056548496e-05,0.0,0.0,0.0,0.0
13.4,0.4025532,3.73269179540029e-05,1.3620036948013528e-15,1.3851942334022278e-05,1.955618381333439e-148,1.5997837266367062e-18,3.023754502316933e-20,1.9555986649002727e-20,2.8852782520194944e-28,3.131844676438789e-13,2.3474975305432498e-05,0.0,0.0,0.0,0.0
13.416666666666666,0.3931915,3.197861618181232e-05,1.2734377877421308e-15,1.363600720857781e-05,8.095424299562565e-149,1.3847881684702838e-18,2.5330488374074274e-20,1.578256988229594e-20,1.93666301871628e-28,2.2359719926631564e-13,1.8342608748362443e-05,0.0,0.0,0.0,0.0
13.433333333333334,0.38382977,2.7743688933062435e-05,1.190621864727917e-15,1.342343382455808e-05,3.3511340893554307e-149,1.1986399913154712e-18,2.1218561841694038e-20,1.273649273583552e-20,1.299694982926954e-28,1.5957006445158875e-13,1.4320254947742432e-05,0.0,0.0,0.0,0.0
13.45,0.37914893,2.4384887752546248e-05,1.1131832425435825e-15,1.3214169930719323e-05,1.3872051625751466e-149,1.037474955726654e-18,1.7773125891432414e-20,1.0277708975967235e-20,8.7206841249255e-29,1.1383028902983818e-13,1.1170717706882387e-05,0.0,0.0,0.0,0.0
13.466666666666669,0.3744681,2.1714970339120776e-05,1.0407733505740948e-15,1.3008164086280438e-05,5.742305645917099e-150,8.979455628722656e-19,1.4886319048747997e-20,8.293107602922826e-21,5.850353332410025e-29,8.116859058586816e-14,8.706806170630053e-06,0.0,0.0,0.0,0.0
13.483333333333333,0.36978722,1.958631895275958e-05,9.730661736446123e-16,1.2805365648385819e-05,2.3769970791868232e-150,7.771520781771707e-19,1.2467707446627824e-20,6.691338359510642e-21,3.924070029849249e-29,5.785544828324403e-14,6.780953245544452e-06,0.0,0.0,0.0,0.0
13.5,0.36978722,1.788267646116403e-05,9.09756795219395e-16,1.2605724759760748e-05,9.839380196657506e-151,6.725827449103439e-19,1.04414736873065e-20,5.398630112585447e-21,2.631571613701088e-29,4.122198584589e-14,5.276951659270851e-06,0.0,0.0,0.0,0.0
13.516666666666667,0.36510637,1.651257687868262e-05,8.505600345057829e-16,1.2409192336557555e-05,4.072898653748524e-151,5.820619657106508e-19,8.744058363867905e-21,4.355411833542928e-21,1.7644855092868295e-29,2.935919863933778e-14,4.103384511914712e-06,0.0,0.0,0.0,0.0
13.533333333333331,0.36510637,1.5404129750697298e-05,7.95209171422341e-16,1.2215720056389342e-05,1.685917228417444e-151,5.037053922018027e-19,7.322181484220897e-21,3.513582320940714e-21,1.182894787755491e-29,2.090221609129569e-14,3.1884096726100147e-06,0.0,0.0,0.0,0.0
13.55,0.36510637,1.450088462934356e-05,7.434547537788187e-16,1.2025260346547285e-05,6.978558020485174e-152,4.358810035368461e-19,6.131182712576581e-21,2.8343042647018773e-21,7.928662114108578e-30,1.4875633935555298e-14,2.475624267176743e-06,0.0,0.0,0.0,0.0
13.566666666666666,0.36510637,1.3758556013217916e-05,6.950634813782842e-16,1.1837766372401031e-05,2.8886302458096462e-152,3.7717537676440094e-19,5.133629147162611e-21,2.286222075699315e-21,5.31349303713469e-30,1.058268254126548e-14,1.9207896295387535e-06,0.0,0.0,0.0,0.0
13.583333333333334,0.36510637,1.3142432834855558e-05,6.498171620908069e-16,1.1653192025976497e-05,1.1956802249204917e-152,3.2636445778807814e-19,4.298147586157304e-21,1.844022172197914e-21,3.5603063482070396e-30,7.525845063237648e-15,1.4892408007030666e-06,0.0,0.0,0.0,0.0
13.6,0.36042553,1.2625331812865573e-05,6.075117352668604e-16,1.1471491914711068e-05,4.949199796373343e-153,2.823882335364979e-19,3.598445147792611e-21,1.4872699959829827e-21,2.385186240015805e-30,5.350027810006826e-15,1.1538398921966763e-06,0.0,0.0,0.0,0.0
13.616666666666667,0.36042553,1.2185982333339327e-05,5.67956358155213e-16,1.1292621350381213e-05,2.0485746264689275e-153,2.443287856275953e-19,3.0124879161740627e-21,1.1994706303126927e-21,1.5976642373396966e-30,3.8018945903952216e-15,8.933609785880159e-07,0.0,0.0,0.0,0.0
13.633333333333333,0.3557447,1.1807753293107486e-05,5.309725512691405e-16,1.1116536338201658e-05,8.479406794652426e-154,2.113912749113683e-19,2.521812158977083e-21,9.673100790786672e-22,1.0699848658136218e-30,2.7007807891515473e-15,6.912169516738598e-07,0.0,0.0,0.0,0.0
13.65,0.35106382,1.1477650592918615e-05,4.963933989050364e-16,1.094319356609215e-05,3.5097488983001454e-154,1.828874662064454e-19,2.110946755768745e-21,7.800425028818642e-22,7.1647206316389245e-31,1.9178991272563304e-15,5.344570244119858e-07,0.0,0.0,0.0,0.0
13.666666666666666,0.34638298,1.1185528582086476e-05,4.640628012615471e-16,1.0772550394110348e-05,1.4527254046540812e-154,1.5822145452307704e-19,1.7669289115024127e-21,6.289953662629387e-22,4.796793105368014e-31,1.3614799265672803e-15,4.12978186150426e-07,0.0,0.0,0.0,0.0
13.683333333333334,0.34170213,1.0923470435700913e-05,4.3383477483548653e-16,1.0604564844047022e-05,6.012954823307601e-155,1.3687729914090218e-19,1.4788981139278583e-21,5.071698329137654e-22,3.210948946010318e-31,9.66156850564222e-16,3.1890559025376014e-07,0.0,0.0,0.0,0.0
13.7,0.33702126,1.0685301765904964e-05,4.0557279798461687e-16,1.043919558918247e-05,2.488795942770381e-155,1.184083109992826e-19,1.2377557146463848e-21,4.0891809653100483e-22,2.1490527777642567e-31,6.853884337804394e-16,2.4610617563141083e-07,0.0,0.0,0.0,0.0
13.716666666666669,0.32765958,1.0466209195509929e-05,3.791491987469846e-16,1.0276401944200577e-05,1.0301194658151456e-155,1.0242777275373784e-19,1.0358795455623523e-21,3.2968285156505333e-22,1.43811164382576e-31,4.8604942626064e-16,1.8980725044404874e-07,0.0,0.0,0.0,0.0
13.733333333333333,0.3229787,1.0262441531608964e-05,3.544445821939907e-16,1.0116143855258697e-05,4.263662966448717e-156,8.860090024345514e-20,8.668846879191838e-22,2.6578695022805633e-22,9.622114709325242e-32,3.445723200945075e-16,1.4629767565116054e-07,0.0,0.0,0.0,0.0
13.75,0.31361702,1.0071075872333383e-05,3.3134729476904864e-16,9.958381890210629e-06,1.7647172256671852e-156,7.663787959845943e-20,7.254229423430365e-22,2.1426358895200207e-22,6.43696906797654e-32,2.4419589286548153e-16,1.1269398154713471e-07,0.0,0.0,0.0,0.0
13.766666666666667,0.3042553,9.889834705807838e-06,3.0975292322796856e-16,9.803077228980517e-06,7.304060829873364e-157,6.62878363102275e-20,6.070147493617791e-22,1.7271922352147407e-22,4.3055221809966067e-32,1.730039565453721e-16,8.675747634449705e-08,0.0,0.0,0.0,0.0
13.783333333333331,0.29489362,9.716943013032653e-06,2.895638259502253e-16,9.650191654085623e-06,3.023087039688495e-157,5.733361174500716e-20,5.07908317666011e-22,1.3922291183164234e-22,2.8794152557951465e-32,1.225279291468646e-16,6.675135853488131e-08,0.0,0.0,0.0,0.0
13.8,0.2855319,9.551016723349468e-06,2.7068869453391313e-16,9.499687541304607e-06,1.2512207824038387e-157,4.958723918598719e-20,4.249615629760074e-22,1.1221699496103115e-22,1.9253840581549808e-32,8.675153460546957e-17,5.1329181687372654e-08,0.0,0.0,0.0,0.0
13.816666666666666,0.27617022,9.390975718452796e-06,2.5304214372158732e-16,9.351527850490948e-06,5.1786229226861045e-158,4.2886025886633197e-20,3.5554316982675235e-22,9.044500623167462e-23,1.2872579231653608e-32,6.140218992285718e-17,3.944786764736185e-08,0.0,0.0,0.0,0.0
13.833333333333334,0.27148935,9.23597603941353e-06,2.365443278295887e-16,9.20567611652707e-06,2.1433430443283824e-158,3.7089160096819527e-20,2.97449683764575e-22,7.289348881231842e-23,8.604971428508834e-33,4.34466961601858e-17,3.029992260643153e-08,0.0,0.0,0.0,0.0
13.85,0.26212767,9.08535710137779e-06,2.2112058197137358e-16,9.062096440419038e-06,8.870868737247741e-159,3.207477284070087e-20,2.4883604073750476e-22,5.874504130127832e-23,5.751345632019627e-33,3.073246576265024e-17,2.3260660706867437e-08,0.0,0.0,0.0,0.0
13.866666666666667,0.25276595,8.938600626620586e-06,2.067010864751906e-16,8.92075348052799e-06,3.6714507323640726e-159,2.773739360121861e-20,2.0815735927513585e-22,4.734042678275296e-23,3.8434938579968444e-33,2.173238223605975e-17,1.784714586413477e-08,0.0,0.0,0.0,0.0
13.883333333333333,0.24340425,8.795298719527524e-06,1.9322055299954384e-16,8.78161244393756e-06,1.5195197702119242e-159,2.3985747192665134e-20,1.7412017234398897e-22,3.8147997669463394e-23,2.5681483680503515e-33,1.5363424874475634e-17,1.3686275381356103e-08,0.0,0.0,0.0,0.0
13.9,0.2387234,8.655129067398182e-06,1.8061793094619053e-16,8.644639077954138e-06,6.288862763460182e-160,2.074084614581132e-20,1.4564157039608708e-22,3.073902528608738e-23,1.7157409825776957e-33,1.085777901315661e-17,1.048998925254796e-08,0.0,0.0,0.0,0.0
13.916666666666666,0.2293617,8.517835690909255e-06,1.6883613286068035e-16,8.50979966173884e-06,2.6027652891048483e-160,1.7934339034036283e-20,1.2181497422525301e-22,2.4767795017231748e-23,1.1460974071784245e-33,7.67127682082208e-18,8.036028993889097e-09,0.0,0.0,0.0,0.0
13.933333333333334,0.22468086,8.383214013143464e-06,1.5782177759469473e-16,8.377060998068141e-06,1.0771967506087989e-160,1.550708045857489e-20,1.0188146346250857e-22,1.995554738873087e-23,7.654732418596176e-34,5.4183796830261435e-18,6.153014912066662e-09,0.0,0.0,0.0,0.0
13.95,0.22,8.251099286477317e-06,1.475249500835599e-16,8.246390405222297e-06,4.458124742990235e-161,1.3407892994912904e-20,8.520576030474435e-23,1.6077522730988293e-23,5.111844799344458e-34,3.826024409595852e-18,4.708881103656795e-09,0.0,0.0,0.0,0.0
13.966666666666669,0.21531914,8.121357628275796e-06,1.3789897666603708e-16,8.117755708998704e-06,1.845043308052178e-161,1.1592495374419301e-20,7.125611377078684e-23,1.2952510215089902e-23,3.41322520952586e-34,2.700871598636036e-18,3.601919136482046e-09,0.0,0.0,0.0,0.0
13.983333333333333,0.20595744,7.993879081870109e-06,1.2890021494275298e-16,7.991125234848806e-06,7.635862387748453e-162,1.0022574617101905e-20,5.958745194098496e-23,1.0434417623084552e-23,2.27872722018186e-34,1.9060723980844097e-18,2.7538468904871994e-09,0.0,0.0,0.0,0.0
14.0,0.2012766,7.868572248623257e-06,1.2048785723422298e-16,7.86646780013634e-06,3.160143576731751e-162,8.664982813485384e-21,4.9827272056209885e-23,8.405471517774603e-24,1.5211089180156453e-34,1.3447929716348787e-18,2.104448365076591e-09,0.0,0.0,0.0,0.0
14.016666666666667,0.19659574,7.745360137844278e-06,1.126237467600256e-16,7.743752706515166e-06,1.3078343585886688e-162,7.49104183740123e-21,4.166382421532256e-23,6.770732800076573e-24,1.0152414073036387e-34,9.485350034984776e-19,1.6074312155326642e-09,0.0,0.0,0.0,0.0
14.033333333333331,0.19191489,7.624176960048848e-06,1.0527220571725804e-16,7.622949732425161e-06,5.412474836069114e-163,6.475941509967053e-21,3.4836216388104556e-23,5.453673444869837e-24,6.775164202687691e-35,6.68858845209632e-19,1.227227517738436e-09,0.0,0.0,0.0,0.0
14.05,0.18723404,7.504965650416873e-06,9.839987448942036e-17,7.50402912570338e-06,2.2399394065288533e-163,5.598218674358398e-21,2.912612879569859e-23,4.392609285310737e-24,4.5207685290440133e-35,4.715199095207443e-19,9.365246146156031e-10,0.0,0.0,0.0,0.0
14.066666666666666,0.18723404,7.387675957068735e-06,9.1975561266479e-17,7.386961596310281e-06,9.269875376584655e-164,4.839306320998625e-21,2.4350876282512725e-23,3.5378233288883765e-24,3.0161095008726275e-35,3.3231602925857657e-19,7.143606661417725e-10,0.0,0.0,0.0,0.0
14.083333333333334,0.18255319,7.27226296593848e-06,8.597010140319217e-17,7.271718309167449e-06,3.836266585416437e-164,4.1831433581255504e-21,2.035759968973854e-23,2.84924605975499e-24,2.0119851276792762e-35,2.341474677974534e-19,5.446566848229406e-10,0.0,0.0,0.0,0.0
14.1,0.18255319,7.158685962909683e-06,8.035622588624658e-17,7.158270877106749e-06,1.587599426478629e-164,3.6158368833642736e-21,1.7018402764024376e-23,2.2945849838170146e-24,1.341978908459362e-35,1.6493611786759503e-19,4.1508572240947354e-10,0.0,0.0,0.0,0.0
14.116666666666667,0.17787234,7.046907556309757e-06,7.51084383213225e-17,7.046591353927812e-06,6.570075663667435e-165,3.125369903888642e-21,1.4226280904575398e-23,1.8478164948864444e-24,8.94973769064742e-36,1.1615325534724866e-19,3.1620230671762615e-10,0.0,0.0,0.0,0.0
14.133333333333333,0.17319149,6.936893000270333e-06,7.020289988922259e-17,6.936652227563303e-06,2.7189242289724825e-165,2.7013483985690967e-21,1.1891712998669521e-23,1.4879699421443253e-24,5.967865691687222e-36,8.177818871277925e-20,2.407726367422663e-10,0.0,0.0,0.0,0.0
14.15,0.17319149,6.828609672959713e-06,6.561732175573002e-17,6.82842641334954e-06,1.1251777795836594e-165,2.3347824346807567e-21,9.939808499267857e-24,1.1981473365060834e-24,3.9789850952002365e-36,5.7561913471124e-20,1.8325954449626183e-10,0.0,0.0,0.0,0.0
14.166666666666666,0.16851063,6.722026674155712e-06,6.13308644531536e-17,6.721887247401267e-06,4.656316685458077e-166,2.017896761219229e-21,8.307919413353494e-24,9.64733072144066e-25,2.6525924989605707e-36,4.0506593665678e-20,1.3942669307156025e-10,0.0,0.0,0.0,0.0
14.183333333333334,0.16851063,6.617114514726578e-06,5.732404378258693e-17,6.617008480088719e-06,1.9269090028600082e-166,1.7439669153058935e-21,6.94364154429324e-24,7.767568647027056e-25,1.7681297278321292e-36,2.8497719356577175e-20,1.0603458050444435e-10,0.0,0.0,0.0,0.0
14.2,0.16382979,6.513844876855656e-06,5.357864281507729e-17,6.513764269615584e-06,7.97401864890938e-167,1.5071774102680252e-21,5.8031416258003946e-24,6.253802275461792e-25,1.1784291728758273e-36,2.0044234041188137e-20,8.060718647191235e-11,0.0,0.0,0.0,0.0
14.216666666666669,0.16382979,6.412190428691238e-06,5.007762959708393e-17,6.412129175696293e-06,3.2998230018478086e-167,1.3024990347656815e-21,4.8497572844706364e-24,5.034825509527684e-25,7.853061823414537e-37,1.4094993603932334e-20,6.125294485167962e-11,0.0,0.0,0.0,0.0
14.233333333333333,0.15914893,6.312124680847343e-06,4.6805080191132173e-17,6.312078153331001e-06,1.3655305268517227e-167,1.1255826913483812e-21,4.052825395603458e-24,4.053274822770087e-25,5.232643135497789e-37,9.909173290376683e-21,4.652746952546807e-11,0.0,0.0,0.0,0.0
14.25,0.15914893,6.213621875072499e-06,4.374610670637399e-17,6.213586546676777e-06,5.6507951339091075e-168,9.726675483277608e-22,3.386701623968545e-24,3.2629404222214617e-25,3.4861829923946e-37,6.964791716034097e-21,3.5328351968435745e-11,0.0,0.0,0.0,0.0
14.266666666666667,0.15914893,6.116656897634535e-06,4.0886789996100453e-17,6.116630083013579e-06,2.3383800910275165e-168,8.405015780129799e-22,2.829939994469163e-24,2.62659926610328e-25,2.322344229513351e-37,4.894158661531075e-21,2.6814580063222377e-11,0.0,0.0,0.0,0.0
14.283333333333331,0.15446809,6.021205211689814e-06,3.821411672008497e-17,6.021184866803731e-06,9.676494452611011e-169,7.26272813374795e-22,2.3646064075560035e-24,2.1142687409291307e-25,1.5468590493129615e-37,3.438334879849743e-21,2.0344847864832886e-11,0.0,0.0,0.0,0.0
14.3,0.15446809,5.927242804230213e-06,3.571592048918372e-17,5.927227373842755e-06,4.004224474479895e-169,6.275498794648306e-22,1.9757042603148376e-24,1.7017994083896907e-25,1.0302034656759597e-37,2.4150132589289046e-21,1.5430351738184326e-11,0.0,0.0,0.0,0.0
14.316666666666666,0.15446809,5.83474614422402e-06,3.3380826827867334e-17,5.834734445501379e-06,1.6569759609936634e-169,5.422305500706999e-22,1.6506938900359849e-24,1.3697410433023467e-25,6.860310336417666e-38,1.6958720002171386e-21,1.1698689258007745e-11,0.0,0.0,0.0,0.0
14.333333333333334,0.15446809,5.743692149350115e-06,3.119820170743687e-17,5.743683283055856e-06,6.85664144789179e-170,4.684972481714838e-22,1.3790905347984339e-24,1.102428933665708e-25,4.567866270850487e-38,1.19061073777949e-21,8.86626305914705e-12,0.0,0.0,0.0,0.0
14.35,0.14978723,5.654058159332011e-06,2.9158103418674936e-17,5.654051442106597e-06,2.8372925825040865e-170,4.0477855426862084e-22,1.1521279990445672e-24,8.872476945925782e-26,3.041110712928743e-38,8.357004803395834e-22,6.717196254849509e-12,0.0,0.0,0.0,0.0
14.366666666666667,0.14978723,5.5658219143405596e-06,2.7251237567613574e-17,5.5658168270826224e-06,1.1740707496986749e-170,3.497159126278138e-22,9.62477299911697e-25,7.140381372753422e-26,2.024420266733086e-38,5.864575513224769e-22,5.08723068456649e-12,0.0,0.0,0.0,0.0
14.383333333333333,0.14978723,5.478961537293108e-06,2.5468914992106607e-17,5.47895768583141e-06,4.858272693213828e-171,3.0213483450299605e-22,8.040113181390192e-25,5.746194175448914e-26,1.3474699137310617e-38,4.114608477015084e-22,3.851436229380441e-12,0.0,0.0,0.0,0.0
14.4,0.14978723,5.393455519149528e-06,2.3803012409955204e-17,5.393452604292192e-06,2.010328329279385e-171,2.6101999179308617e-22,6.716079408776104e-25,4.624040768606948e-26,8.967838719873397e-39,2.886206286809291e-22,2.91483353261847e-12,0.0,0.0,0.0,0.0
14.416666666666666,0.14978723,5.309282706516841e-06,2.2245935621598006e-17,5.309280501251788e-06,8.318587589190066e-172,2.254936762732452e-22,5.609854089537304e-25,3.7208793246920984e-26,5.967702507885424e-39,2.0241096720748087e-22,2.2052428072085224e-12,0.0,0.0,0.0,0.0
14.433333333333334,0.14978723,5.226422291034994e-06,2.0790585101803443e-17,5.226420623181464e-06,3.4421492903292114e-172,1.9479717024786196e-22,4.685646068104389e-25,2.9940027522698234e-26,3.970795801504998e-39,1.4192190129709635e-22,1.6678327392643495e-12,0.0,0.0,0.0,0.0
14.45,0.14510638,5.14485380014032e-06,1.9430323825529607e-17,5.144852539153727e-06,1.424319201758793e-172,1.6827463566738388e-22,3.9135389193698585e-25,2.4090265632588333e-26,2.6417961347737525e-39,9.948884431448135e-23,1.2609671635128322e-12,0.0,0.0,0.0,0.0
14.466666666666669,0.14510638,5.06455708889789e-06,1.8158947183123653e-17,5.0645561358378e-06,5.893624815511912e-173,1.4535918171272728e-22,3.268527792676364e-25,1.938268194264204e-26,1.757408594258887e-39,6.972841601600994e-23,9.530419314346085e-13,0.0,0.0,0.0,0.0
14.483333333333333,0.14510638,4.985512332666405e-06,1.697065484941084e-17,4.985511612572493e-06,2.438682051831522e-173,1.255608166852759e-22,2.729713975638969e-25,1.5594416859323754e-26,1.1689561717342079e-39,4.8860343157022344e-23,7.200769423814586e-13,0.0,0.0,0.0,0.0
14.5,0.14042553,4.907700020414977e-06,1.5860024479981128e-17,4.907699476515285e-06,1.0090796072323216e-173,1.0845602970505644e-22,2.2796313824922317e-25,1.2546064048074402e-26,7.77456469306925e-40,3.423066722383606e-23,5.438838322475588e-13,0.0,0.0,0.0,0.0
14.516666666666667,0.14042553,4.831100948553603e-06,1.4821987116195543e-17,4.8311005378664935e-06,4.175353389249789e-174,9.367878204399615e-23,1.9036833851568915e-25,1.009320404219184e-26,5.17019159292195e-40,2.3976577031343946e-23,4.1067228695058457e-13,0.0,0.0,0.0,0.0
14.533333333333331,0.13574468,4.755696215171764e-06,1.3851804188085007e-17,4.755695905167492e-06,1.7276613609990173e-174,8.091271762262247e-23,1.589671931367192e-25,8.119586204891477e-27,3.4378761082639652e-40,1.679085382927927e-23,3.099904205290749e-13,0.0,0.0,0.0,0.0
14.55,0.13574468,4.681467214603748e-06,1.2945046011505939e-17,4.68146698067133e-06,7.148609682635968e-175,6.988442789946405e-23,1.3274038449856787e-25,6.531638366832841e-27,2.285741744019412e-40,1.1756362411851683e-23,2.3391947226343327e-13,0.0,0.0,0.0,0.0
14.566666666666666,0.13574468,4.608395632259656e-06,1.2097571682619708e-17,4.608395455785528e-06,2.957890844835438e-175,6.035762862027028e-23,1.1083616728010525e-25,5.254045798123712e-27,1.5195597155926377e-40,8.229785743280702e-24,1.7646203055054245e-13,0.0,0.0,0.0,0.0
14.583333333333334,0.13106383,4.53646343967363e-06,1.1305510279037161e-17,4.536463306584864e-06,1.2238841353134071e-175,5.2128125135036344e-23,9.254285081619121e-26,4.2261914027237445e-27,1.010095356690983e-40,5.7599704147876655e-24,1.3307746078285852e-13,0.0,0.0,0.0,0.0
14.6,0.13106383,4.4656528897338905e-06,1.0565243282851489e-17,4.465652789394069e-06,5.0640278056539335e-176,4.50194596382337e-23,7.72657950472606e-26,3.399289494056973e-27,6.71368998377588e-41,4.030592649812599e-24,1.0032925569808776e-13,0.0,0.0,0.0,0.0
14.616666666666667,0.12638298,4.395946512065906e-06,9.87338814626111e-18,4.395946436438585e-06,2.0953157750323075e-176,3.887914809028056e-23,6.450818058806512e-26,2.7340781175659715e-27,4.461848373741189e-41,2.819910060466032e-24,7.561744791416272e-14,0.0,0.0,0.0,0.0
14.633333333333333,0.12638298,4.3273271085476616e-06,9.226782925633203e-18,4.327327051562791e-06,8.669629110044504e-177,3.3575427038670084e-23,5.385493444896789e-26,2.1989611557568416e-27,2.9649901580505403e-41,1.972513790032821e-24,5.69756443845473e-14,0.0,0.0,0.0,0.0
14.65,0.12170213,4.259777748940289e-06,8.622471914653026e-18,4.259777706014531e-06,3.587147208897021e-177,2.899444133670574e-23,4.4959294168624764e-26,1.768512614547113e-27,1.970093930779648e-41,1.3795073604071337e-24,4.291713465327789e-14,0.0,0.0,0.0,0.0
14.666666666666666,0.12170213,4.193281766621174e-06,8.057692211705465e-18,4.193281734294865e-06,1.4842106231609106e-177,2.503781308291508e-23,3.7531577795641554e-26,1.4222725383138873e-27,1.3088990126307765e-41,9.646014462327123e-25,3.231825100767576e-14,0.0,0.0,0.0,0.0
14.683333333333334,0.12170213,4.127822754409586e-06,7.529861160833719e-18,4.12782273007206e-06,6.141006217166843e-178,2.1620540170876994e-23,3.13297979895145e-26,1.1437777342784266e-27,8.695232031828661e-42,6.7436097263660525e-25,2.432999554073723e-14,0.0,0.0,0.0,0.0
14.7,0.11702128,4.063384560477005e-06,7.036564609553292e-18,4.06338454215886e-06,2.54086279248575e-178,1.866917981697925e-23,2.615181775949148e-26,9.19781548969612e-28,5.775802510206114e-42,4.713660413727515e-25,1.831110805183496e-14,0.0,0.0,0.0,0.0
14.716666666666669,0.11702128,3.99995128433605e-06,6.575545930475756e-18,3.999951270552084e-06,1.051285260153344e-178,1.612027846930292e-23,2.182879491566835e-26,7.396258495967392e-28,3.836188253905625e-42,3.2941714498003853e-25,1.3777390966819708e-14,0.0,0.0,0.0,0.0
14.733333333333333,0.11234043,3.937507272903028e-06,6.1446957571363765e-18,3.937507262533528e-06,4.349683247900495e-179,1.39190147214274e-23,1.8219703753606447e-26,5.947355395608656e-28,2.547675985773472e-42,2.3017430600735655e-25,1.0363356167501587e-14,0.0,0.0,0.0,0.0
14.75,0.11234043,3.876037116630157e-06,5.742042387633695e-18,3.876037108831207e-06,1.7996679953928015e-179,1.2018026370347486e-23,1.520675715695764e-26,4.782117171055244e-28,1.691786163163255e-42,1.6080179946143773e-25,7.793207698984249e-15,0.0,0.0,0.0,0.0
14.766666666666667,0.11234043,3.815525645704327e-06,5.365742812702453e-18,3.815525639840066e-06,7.4460315032641075e-180,1.0376396663090575e-23,1.2691581291122421e-26,3.8450424085011373e-28,1.1233213690192428e-42,1.1231792162350318e-25,5.858895373519248e-15,0.0,0.0,0.0,0.0
14.783333333333331,0.10765957,3.7559579263098724e-06,5.014074327648134e-18,3.7559579219013365e-06,3.080740156022089e-180,8.958778154195557e-24,1.0592019302496308e-26,3.091482144716558e-28,7.45796138602925e-43,7.84389857148716e-26,4.403521877036433e-15,0.0,0.0,0.0,0.0
14.8,0.10765957,3.6973192569527436e-06,4.685426690207685e-18,3.6973192536392566e-06,1.2746266759037589e-180,7.734635517326078e-24,8.839460708940764e-27,2.4855192140347913e-28,4.951013112884478e-43,5.476969123022693e-26,3.308801673924376e-15,0.0,0.0,0.0,0.0
14.816666666666666,0.10297872,3.639595164844814e-06,4.378294788861378e-18,3.63959516235485e-06,5.273618152053148e-181,6.677591180444103e-24,7.376610117130465e-27,1.9982617112083772e-28,3.286443229039523e-43,3.823619571469582e-26,2.485585443572835e-15,0.0,0.0,0.0,0.0
14.833333333333334,0.10297872,3.5827714023460905e-06,4.091271788418483e-18,3.5827714004752963e-06,2.1818862758917366e-181,5.76485983854378e-24,6.155623074857265e-27,1.606469757973018e-28,2.1813059163793844e-43,2.668921242267937e-26,1.8667030536726705e-15,0.0,0.0,0.0,0.0
14.85,0.10297872,3.5268339434638643e-06,3.823042721858042e-18,3.5268339420584816e-06,9.027204954921489e-182,4.976759787056582e-24,5.136548715850725e-27,1.2914505200652166e-28,1.4476570013890923e-43,1.8626196078807262e-26,1.4015595024249668e-15,0.0,0.0,0.0,0.0
14.866666666666667,0.09829787,3.4717689804072065e-06,3.57237849941339e-18,3.4717689793515786e-06,3.734842281555194e-182,4.29629065257842e-24,4.286028761420636e-27,1.0381691094655513e-28,9.606688206566631e-44,1.2996922675372313e-26,1.0520557768010844e-15,0.0,0.0,0.0,0.0
14.883333333333333,0.09829787,3.417562920195845e-06,3.3381303077757997e-18,3.417562919402996e-06,1.5452153422505453e-182,3.708768510082958e-24,3.576210725448175e-27,8.345332217731383e-29,6.374423355845682e-44,9.067456210773228e-27,7.895107665514912e-16,0.0,0.0,0.0,0.0
14.9,0.09361702,3.36420238132229e-06,3.119224374051153e-18,3.3642023807268314e-06,6.392982955205431e-183,3.2015105971290704e-24,2.9838400929589374e-27,6.708175824515848e-29,4.2292909396682126e-44,6.324986060900082e-27,5.9233928948048e-16,0.0,0.0,0.0,0.0
14.916666666666666,0.09361702,3.311674190466197e-06,2.91465707075101e-18,3.3116741900189813e-06,2.644940342822837e-183,2.7635628915847744e-24,2.489502030316575e-27,5.392008961247002e-29,2.805782036793201e-44,4.4112680836434624e-27,4.443010330432479e-16,0.0,0.0,0.0,0.0
14.933333333333334,0.09361702,3.2599653792600103e-06,2.72349033963915e-18,3.2599653789241063e-06,1.094273856992098e-183,2.3854647324254532e-24,2.076988023089827e-27,4.3339332251946683e-29,1.861230953514394e-44,3.076080491838427e-27,3.331804393473387e-16,0.0,0.0,0.0,0.0
14.95,0.08893617,3.209063181105054e-06,2.5448474136949084e-18,3.2090631808527176e-06,4.5272448583115903e-184,2.0590454525541656e-24,1.732766881564226e-27,3.4833679263247313e-29,1.234544716711636e-44,2.1446819075344464e-27,2.4979177533180105e-16,0.0,0.0,0.0,0.0
14.966666666666669,0.08893617,3.1589550280372102e-06,2.3779088178008397e-18,3.1589550278476028e-06,1.873008598898785e-184,1.777248675054932e-24,1.445542933870239e-27,2.799639318152182e-29,8.187925059962975e-45,1.495063388394293e-27,1.872295075108128e-16,0.0,0.0,0.0,0.0
14.983333333333333,0.08893617,3.109628547641318e-06,2.2219086300229766e-18,3.1096285474987925e-06,7.74895954935151e-185,1.5339805142988471e-24,1.205887051664541e-27,2.2500413586846972e-29,5.4300223656760385e-45,1.0420496694891062e-27,1.403036659859965e-16,0.0,0.0,0.0,0.0
15.0,0.084255315,3.061071560013495e-06,2.0761309865275133e-18,3.061071559906304e-06,3.2058622746375596e-185,1.3239784333738674e-24,1.0059285142602932e-27,1.8082758325799894e-29,3.6007282901331505e-45,7.261893773496373e-28,1.0511467019200303e-16,0.0,0.0,0.0,0.0
15.016666666666667,0.084255315,3.0132720747706494e-06,1.9399068142820794e-18,3.0132720746899762e-06,1.326307365280894e-185,1.1426979502393117e-24,8.390976901922e-28,1.4531976698042315e-29,2.3874830776965957e-45,5.059930793563595e-28,7.873326191666926e-17,0.0,0.0,0.0,0.0
15.033333333333331,0.084255315,2.966218288106505e-06,1.8126107767167837e-18,2.966218288045733e-06,5.487080907534721e-186,9.862147661539406e-25,6.999111640594638e-28,1.1678057856992494e-29,1.5828935702964326e-45,3.5251128459957732e-28,5.895963030511155e-17,0.0,0.0,0.0,0.0
15.05,0.079574466,2.9198985798930914e-06,1.6936584184853665e-18,2.9198985798472555e-06,2.27005519770264e-186,8.511402194021679e-25,5.837923143456563e-28,9.384314280498727e-30,1.0493607856665504e-45,2.455476464005776e-28,4.414218569329613e-17,0.0,0.0,0.0,0.0
15.066666666666666,0.079574466,2.874301510827472e-06,1.5825034963672037e-18,2.874301510792848e-06,9.391378635834373e-187,7.345482521314823e-25,4.869214992529198e-28,7.540854004160215e-30,6.956005036027095e-46,1.7101467006992078e-28,3.304124895487311e-17,0.0,0.0,0.0,0.0
15.083333333333334,0.079574466,2.829415819622509e-06,1.4786354841918815e-18,2.829415819596304e-06,3.88526075960264e-187,6.339123242745015e-25,4.061109696069546e-28,6.059330819883369e-30,4.61059656709101e-46,1.190875406482553e-28,2.4726552470427393e-17,0.0,0.0,0.0,0.0
15.1,0.079574466,2.7852304202413335e-06,1.3815772404575311e-18,2.785230420221452e-06,1.6073442093151073e-187,5.470509212931726e-25,3.38700431689168e-28,4.8687224023796196e-30,3.055742604704371e-46,8.291539556490214e-29,1.8500186673319065e-17,0.0,0.0,0.0,0.0
15.116666666666667,0.079574466,2.7417343991746314e-06,1.2908828280491643e-18,2.7417343991595017e-06,6.64959987599612e-188,4.720804863739664e-25,2.8246985441994986e-28,3.91193521569891e-30,2.025065431690492e-46,5.772187560188798e-29,1.3838690769439953e-17,0.0,0.0,0.0,0.0
15.133333333333333,0.074893616,2.6989170127601722e-06,1.206135476152613e-18,2.6989170127486166e-06,2.7509332385400174e-188,4.0737476663657833e-25,2.3556667638682622e-28,3.143074388296386e-30,1.3419125822072876e-46,4.017747217992667e-29,1.0349542724702607e-17,0.0,0.0,0.0,0.0
15.15,0.074893616,2.6567676845439275e-06,1.1269456751035163e-18,2.656767684535062e-06,1.138053058761359e-188,3.515297002766165e-25,1.964450369411559e-28,2.5252483938677432e-30,8.891447970418814e-47,2.796161195453958e-29,7.738476672516006e-18,0.0,0.0,0.0,0.0
15.166666666666666,0.074893616,2.6152760026820874e-06,1.0529493955130172e-18,2.6152760026752497e-06,4.708069884006314e-189,3.033330902706701e-25,1.6381504715942977e-28,2.028803837746431e-30,5.890933027916417e-47,1.945717201121571e-29,5.784939708338232e-18,0.0,0.0,0.0,0.0
15.183333333333334,0.074893616,2.5744317173833515e-06,9.838064235747407e-19,2.574431717378044e-06,1.947696258153173e-189,2.617384128591241e-25,1.3660044356618614e-28,1.6299061333756987e-30,3.9026466395308215e-47,1.353741188199575e-29,4.3236657320938795e-18,0.0,0.0,0.0,0.0
15.2,0.074893616,2.5342247383908845e-06,9.191988049846204e-19,2.5342247383867345e-06,8.057447907863433e-190,2.2584219767479825e-25,1.139032407495099e-28,1.3093983327823937e-30,2.5852238152163207e-47,9.41738799631684e-30,3.2308452566194794e-18,0.0,0.0,0.0,0.0
15.216666666666669,0.074893616,2.4946451325033553e-06,8.588293903967426e-19,2.4946451325000828e-06,3.333279554569961e-190,1.9486449299389988e-25,9.497422722771015e-29,1.0518836317058414e-30,1.712383592317365e-47,6.550352347930908e-30,2.413747430550686e-18,0.0,0.0,0.0,0.0
15.233333333333333,0.07021277,2.4556831211343912e-06,8.024204757996311e-19,2.4556831211317857e-06,1.3789354421141693e-190,1.681319957851143e-25,7.918833955307732e-29,8.449877339003522e-31,1.134143942502304e-47,4.5555279034738464e-30,1.802934485002866e-18,0.0,0.0,0.0,0.0
15.25,0.07021277,2.4173290779098507e-06,7.497125316268924e-19,2.4173290779077547e-06,5.704454254363418e-191,1.450634834341842e-25,6.60241088531056e-29,6.787658369309501e-31,7.511033909531018e-48,3.1677659139334424e-30,1.3464224486818348e-18,0.0,0.0,0.0,0.0
15.266666666666667,0.07021277,2.3795735263024098e-06,7.004630148195871e-19,2.379573526300704e-06,2.359838320572707e-191,1.2515723344823935e-25,5.504650698286056e-29,5.452259013432994e-31,4.973886913470242e-48,2.202461046298976e-30,1.0053026577379489e-18,0.0,0.0,0.0,0.0
15.283333333333331,0.07021277,2.3424071373028246e-06,6.54445258433288e-19,2.34240713730142e-06,9.762215368802958e-192,1.0798016015006227e-25,4.589263051395628e-29,4.379454145386088e-31,3.293494496283731e-48,1.5311037966414364e-30,7.504594069700494e-19,0.0,0.0,0.0,0.0
15.3,0.07021277,2.30582072712724e-06,6.114474337349934e-19,2.305820727126068e-06,4.038429595267617e-192,9.31584342718895e-26,3.825975352676826e-29,3.5176332405399304e-31,2.1806352988486955e-48,1.0642477152104036e-30,5.601099118511968e-19,0.0,0.0,0.0,0.0
15.316666666666666,0.06553192,2.2698052549601907e-06,5.712715800643189e-19,2.2698052549592013e-06,1.6706083629684707e-192,8.036938323863222e-26,3.189535761857946e-29,2.8253240465722515e-31,1.443691510093892e-48,7.396443822375463e-31,4.179610056722134e-19,0.0,0.0,0.0,0.0
15.333333333333334,0.06553192,2.234351820732475e-06,5.337326980403915e-19,2.2343518207316297e-06,6.910903011953622e-193,6.933449747391575e-26,2.658881221129805e-29,2.2692021061585105e-31,9.557212490798835e-49,5.139794859618529e-31,3.118282770266908e-19,0.0,0.0,0.0,0.0
15.35,0.06553192,2.1994516629335896e-06,4.986579019842549e-19,2.1994516629328586e-06,2.858860503231621e-193,5.981339185857904e-26,2.2164432243639964e-29,1.8224908619112043e-31,6.326357946114354e-49,3.571179106576366e-31,2.326018708838049e-19,0.0,0.0,0.0,0.0
15.366666666666667,0.06553192,2.16509615645804e-06,4.658856276950015e-19,2.1650961564574006e-06,1.1826307271832712e-193,5.159859202879132e-26,1.847568542238206e-29,1.4636757444170355e-31,4.187377943123403e-49,2.480966697510757e-31,1.734721005283363e-19,0.0,0.0,0.0,0.0
15.383333333333333,0.06553192,2.131276810485077e-06,4.352648919695793e-19,2.1312768104845124e-06,4.892190814184728e-194,4.4511032960810194e-26,1.5400358854931134e-29,1.1754706578503112e-31,2.771383607735641e-49,1.723352511036504e-31,1.293497317530895e-19,0.0,0.0,0.0,0.0
15.4,0.06553192,2.0979852663913523e-06,4.066546004911841e-19,2.097985266390849e-06,2.0237443994646657e-194,3.839617263121992e-26,1.283652631788959e-29,9.439873502869972e-32,1.8340763382249983e-49,1.196937888817638e-31,9.643209793530137e-20,0.0,0.0,0.0,0.0
15.416666666666666,0.06553192,2.065213295695923e-06,3.799229009311735e-19,2.065213295695471e-06,8.371552063166091e-195,3.312063679462446e-26,1.0699183658680664e-29,7.580678632743173e-32,1.2136812724434547e-49,8.312158826383279e-32,7.187843324037412e-20,0.0,0.0,0.0,0.0
15.433333333333334,0.06553192,2.032952798037137e-06,3.5494657831465975e-19,2.0329527980367286e-06,3.463014924604023e-195,2.85693223688802e-26,8.917441735670377e-30,6.087480605196462e-32,8.030795507593225e-50,5.771665981491248e-32,5.356698462532137e-20,0.0,0.0,0.0,0.0
15.45,0.06553192,2.0011957991809153e-06,3.3161048989246033e-19,2.001195799180544e-06,1.432520381591364e-195,2.4642896806897663e-26,7.432184591707115e-30,4.888265112462065e-32,5.31348369076391e-50,4.0071361004656e-32,3.9913343168118236e-20,0.0,0.0,0.0,0.0
15.466666666666669,0.06553192,1.9699344490599508e-06,3.0980703694139417e-19,1.969934449059611e-06,5.925777347889101e-196,2.1255639375670673e-26,6.194115823740282e-30,3.925180494004804e-32,3.5153388700444256e-50,2.7817170232387346e-32,2.9734593716286836e-20,0.0,0.0,0.0,0.0
15.483333333333333,0.06553192,1.939161019843315e-06,2.894356710831774e-19,1.9391610198430038e-06,2.4512518249625764e-196,1.8333577641063745e-26,5.162128855969864e-30,3.1517538644341064e-32,2.3255318452906463e-50,1.930803841824889e-32,2.2147748698309076e-20,0.0,0.0,0.0,0.0
15.5,0.06553192,1.9088679040360075e-06,2.7040243286898583e-19,1.9088679040357207e-06,1.0139782017023401e-196,1.5812878829269492e-26,4.301947462285531e-30,2.530654166847005e-32,1.5383134060050473e-50,1.3400163786856128e-32,1.6493829887070664e-20,0.0,0.0,0.0,0.0
15.516666666666667,0.06553192,1.8790476126080103e-06,2.526195205237626e-19,1.8790476126077453e-06,4.194376418493579e-197,1.3638461239662577e-26,3.584991763447123e-30,2.0318947587048137e-32,1.0175013283453669e-50,9.298849020095916e-33,1.2281133208119922e-20,0.0,0.0,0.0,0.0
15.533333333333331,0.06553192,1.849692773152392e-06,2.360048868814714e-19,1.8496927731521468e-06,1.7350192206703428e-197,1.1762795637270346e-26,2.987432335919803e-30,1.6313892132313692e-32,6.729657421559582e-51,6.452021562416787e-33,9.14283816725197e-21,0.0,0.0,0.0,0.0
15.55,0.06553192,1.8207961280719268e-06,2.2048186267089637e-19,1.8207961280716996e-06,7.17693954282664e-198,1.0144870658415774e-26,2.4894012550970544e-30,1.3097909613859077e-32,4.450603695807582e-51,4.476208734150641e-33,6.805341556522781e-21,0.0,0.0,0.0,0.0
15.566666666666666,0.060851064,1.7923505327939641e-06,2.059788044316213e-19,1.792350532793753e-06,2.9687416325784825e-198,8.749299808605775e-27,2.074334058273565e-30,1.0515610180273455e-32,2.943154561164441e-51,3.1050824404268575e-33,5.064607121474598e-21,0.0,0.0,0.0,0.0
15.583333333333334,0.060851064,1.7643489540128928e-06,1.9242876545185615e-19,1.7643489540126965e-06,1.2280149182279361e-198,7.545550693583489e-27,1.7284209212688267e-30,8.442189825488461e-33,1.9461467012779865e-51,2.1536969802956505e-33,3.768505582578432e-21,0.0,0.0,0.0,0.0
15.6,0.060851064,1.7367844679599606e-06,1.797691882248035e-19,1.736784467959778e-06,5.079640937334822e-199,6.507279768687643e-27,1.4401489382233898e-30,6.777413029509596e-33,1.2867868593002959e-51,1.493637098915044e-33,2.8036303431459657e-21,0.0,0.0,0.0,0.0
15.616666666666667,0.060851064,1.7096502586999015e-06,1.6794161701815857e-19,1.7096502586997315e-06,2.101166778039639e-199,5.611758175026718e-27,1.1999203946260223e-30,5.4407786426439675e-33,8.507586549808326e-52,1.0357500912254647e-33,2.085456517113138e-21,0.0,0.0,0.0,0.0
15.633333333333333,0.060851064,1.6829396164540149e-06,1.5689142924312067e-19,1.6829396164538565e-06,8.691328853013151e-200,4.8393762027881574e-27,9.997344274973286e-31,4.367636461284354e-33,5.6243848140241866e-52,7.181491086925511e-34,1.550996897285518e-21,0.0,0.0,0.0,0.0
15.65,0.060851064,1.6566459359492908e-06,1.4656758439484386e-19,1.6566459359491432e-06,3.595091870439067e-200,4.173215624646234e-27,8.329215559758893e-31,3.50606762457488e-33,3.718028761076241e-52,4.978796632652552e-34,1.1533223758485528e-21,0.0,0.0,0.0,0.0
15.666666666666666,0.056170214,1.6307627147931453e-06,1.3692238941650565e-19,1.6307627147930075e-06,1.4870718880747352e-200,3.598680612461964e-27,6.939223089043139e-31,2.8143786739965173e-33,2.4576481284920982e-52,3.4513151574504504e-34,8.574742647999846e-22,0.0,0.0,0.0,0.0
15.683333333333334,0.056170214,1.6052835518733736e-06,1.2791127941392123e-19,1.605283551873245e-06,6.151090286547276e-201,3.103179219948717e-27,5.781026306261466e-31,2.259088621855872e-33,1.6244115687508689e-52,2.392190004792194e-34,6.374155295013123e-22,0.0,0.0,0.0,0.0
15.7,0.056170214,1.5802021457829566e-06,1.1949261271775157e-19,1.5802021457828367e-06,2.5443122794310698e-201,2.675848510105733e-27,4.81599959861505e-31,1.8133120845794774e-33,1.0735988234741478e-52,1.6578983228329081e-34,4.73757315008921e-22,0.0,0.0,0.0,0.0
15.716666666666669,0.056170214,1.555512293269323e-06,1.1162747935573047e-19,1.555512293269211e-06,1.0524147040835524e-201,2.3073173526312503e-27,4.0119488910457194e-31,1.4554605898054636e-33,7.095087105348198e-53,1.148871945405514e-34,3.5206392574417576e-22,0.0,0.0,0.0,0.0
15.733333333333333,0.056170214,1.5312078877077e-06,1.0427952205855426e-19,1.5312078877075956e-06,4.353129516504506e-202,1.9895017336601405e-27,3.3420415676846714e-31,1.1681994766904318e-33,4.688601859856114e-53,7.960442466581573e-35,2.6158931211601628e-22,0.0,0.0,0.0,0.0
15.75,0.060851064,1.507282917598102e-06,9.741476898024624e-20,1.5072829175980043e-06,1.8005884703771966e-202,1.7154281256586078e-27,2.7839142906845778e-31,9.376101113866976e-34,3.09812591696553e-53,5.515120156803055e-35,1.9433538594403232e-22,0.0,0.0,0.0,0.0
15.766666666666667,0.060851064,1.4837314650857388e-06,9.100147736732139e-20,1.4837314650856475e-06,7.447757761585194e-203,1.4790810743933685e-27,2.318929165733404e-31,7.5251702492252626e-34,2.0470338502413715e-53,3.820544564145071e-35,1.4435031885356217e-22,0.0,0.0,0.0,0.0
15.783333333333331,0.060851064,1.460547704504355e-06,8.500998746099568e-20,1.46054770450427e-06,3.080596580414048e-203,1.2752716857332731e-27,1.9315536081149308e-31,6.039475234228249e-34,1.352450558437259e-53,2.6463568723936753e-35,1.0720575911285144e-22,0.0,0.0,0.0,0.0
15.8,0.060851064,1.437725900942156e-06,7.94125859634696e-20,1.4377259009420766e-06,1.2742138764252107e-203,1.0995241490015151e-27,1.6088433544452735e-31,4.846977022918205e-34,8.934872234536598e-54,1.8328407239906324e-35,7.960741587370843e-23,0.0,0.0,0.0,0.0
15.816666666666666,0.060851064,1.4152604088300861e-06,7.418337844296586e-20,1.415260408830012e-06,5.270454317998435e-204,9.47977825498449e-28,1.3400114779043802e-31,3.889839232661427e-34,5.902364588804766e-54,1.269271531144978e-35,5.910503849963063e-23,0.0,0.0,0.0,0.0
15.833333333333334,0.060851064,1.3931456705519363e-06,6.929817009301956e-20,1.393145670551867e-06,2.1799774684862014e-204,8.173027691218298e-28,1.116069111348595e-31,3.121629325790556e-34,3.89883282829859e-54,8.7889737914731e-36,4.387645892862621e-23,0.0,0.0,0.0,0.0
15.85,0.060851064,1.3713762150761027e-06,6.473435429972634e-20,1.3713762150760379e-06,9.016836429761277e-205,7.046268380602892e-28,9.295259569749569e-32,2.5050710790339532e-34,2.575219488667979e-54,6.085215072324636e-36,3.2566811299786557e-23,0.0,0.0,0.0,0.0
15.866666666666667,0.060851064,1.3499466566085502e-06,6.047080850628822e-20,1.3499466566084897e-06,3.7295344188554803e-205,6.074728086307222e-28,7.741406414849658e-32,2.010239804114677e-34,1.7008464100423508e-54,4.2127737969894925e-36,2.41688515577314e-23,0.0,0.0,0.0,0.0
15.883333333333333,0.060851064,1.3288516932667138e-06,5.648779689759501e-20,1.3288516932666573e-06,1.5425998886332576e-205,5.237041199437745e-28,6.447126273064128e-32,1.6131131410658466e-34,1.1232781521160766e-54,2.916185213299074e-36,1.793388586987453e-23,0.0,0.0,0.0,0.0
15.9,0.060851064,1.3080861057740008e-06,5.27668794587063e-20,1.308086105773948e-06,6.380434085432542e-206,4.514780659167062e-28,5.369087678690959e-32,1.2944074031202e-34,7.417901245988894e-55,2.0184459652409562e-36,1.3305490681344242e-23,0.0,0.0,0.0,0.0
15.916666666666666,0.060851064,1.2876447561745598e-06,4.929082699029559e-20,1.2876447561745105e-06,2.6390366298433614e-206,3.8920541328586537e-28,4.471187436748902e-32,1.0386432343383585e-34,4.898312144407884e-55,1.3969295878223261e-36,9.870200721013993e-24,0.0,0.0,0.0,0.0
15.933333333333334,0.060851064,1.2675225865680003e-06,4.604354169130924e-20,1.2675225865679544e-06,1.0915380453629667e-206,3.3551556421242434e-28,3.723345738862511e-32,8.333954119905143e-35,3.2343252630026157e-55,9.666907633915693e-37,7.320827165006666e-24,0.0,0.0,0.0,0.0
15.95,0.060851064,1.2477146178637895e-06,4.300998294459792e-20,1.2477146178637465e-06,4.514717815792468e-207,2.8922650286097945e-28,3.100501970362226e-32,6.686905182802049e-35,2.135467203255076e-55,6.68892895953791e-37,5.429175506283758e-24,0.0,0.0,0.0,0.0
15.966666666666669,0.060851064,1.2282159485549633e-06,4.0176097965055416e-20,1.228215948554923e-06,1.8673280631880335e-207,2.4931886957907866e-28,2.581777806343544e-32,5.365233486670172e-35,1.4098543385147645e-55,4.627877490970192e-37,4.025757761587475e-24,0.0,0.0,0.0,0.0
15.983333333333333,0.060851064,1.2090217535109396e-06,3.7528756992064335e-20,1.2090217535109021e-06,7.72340704438887e-208,2.1491359628026614e-28,2.1497797493774477e-32,4.304686609948663e-35,9.307388859848828e-56,3.2015749339410358e-37,2.9847083072145603e-24,0.0,0.0,0.0,0.0
16.0,0.060851064,1.190127282789007e-06,3.505569272882737e-20,1.190127282788972e-06,3.1944457464551347e-208,1.8525261428531796e-28,1.7900178934326188e-32,3.4536947737569634e-35,6.144038021481872e-56,2.2146358387663063e-37,2.2125704557567678e-24,0.0,0.0,0.0,0.0
16.016666666666666,0.060851064,1.1715278604643487e-06,3.274544375063566e-20,1.171527860464316e-06,1.32123602985126e-208,1.5968221289245672e-28,1.4904215606494128e-32,2.7708685147346357e-35,4.055575566274517e-56,1.531786004112789e-37,1.6399618268810272e-24,0.0,0.0,0.0,0.0
16.033333333333335,0.060851064,1.1532188834781878e-06,3.058730162225097e-20,1.1532188834781573e-06,5.46466577629114e-209,1.3763868478268774e-28,1.2409356777033417e-32,2.2229898594251524e-35,2.676848630900479e-56,1.0593787906432185e-37,1.2153804209143076e-24,0.0,0.0,0.0,0.0
16.05,0.060851064,1.1351958205038815e-06,2.857126148161052e-20,1.135195820503853e-06,2.260190856455934e-209,1.186359442776568e-28,1.0331844432551939e-32,1.7833997167680285e-35,1.7667210574972458e-56,7.325919361334073e-38,9.006022856119681e-25,0.0,0.0,0.0,0.0
16.066666666666666,0.060851064,1.117454210830558e-06,2.6687975862897817e-20,1.1174542108305313e-06,9.348134226228015e-210,1.0225484753905587e-28,8.601910763192654e-33,1.4307033738822463e-35,1.1659640384383996e-56,5.065600713976574e-38,6.672623287229539e-25,0.0,0.0,0.0,0.0
16.083333333333332,0.060851064,1.099989663264172e-06,2.492871154689342e-20,1.099989663264147e-06,3.866367123760673e-210,8.81339809673323e-29,7.161443014731885e-33,1.1477313737557857e-35,7.6944125148902e-57,3.502337624284814e-38,4.943145084761826e-25,0.0,0.0,0.0,0.0
16.1,0.060851064,1.0827978550455756e-06,2.328530924037147e-20,1.0827978550455524e-06,1.5991145273426426e-210,7.596171613102598e-29,5.962037825273916e-33,9.207054148321233e-36,5.0773728529071306e-57,2.421271952812403e-38,3.6614552246359693e-25,0.0,0.0,0.0,0.0
16.116666666666667,0.060851064,1.0658745307854593e-06,2.1750145899277706e-20,1.0658745307854375e-06,6.613850653032935e-211,6.546935723473732e-29,4.963380131662791e-33,7.385688387622179e-36,3.3502411342969947e-57,1.6737396660369853e-38,2.711740597075309e-25,0.0,0.0,0.0,0.0
16.133333333333333,0.060851064,1.0492155014157632e-06,2.0316099522538927e-20,1.0492155014157429e-06,2.7354421898667865e-211,5.642523101537506e-29,4.131892541790374e-33,5.924492432308464e-36,2.2104802249069096e-57,1.1568879243811077e-38,2.0081078068059488e-25,0.0,0.0,0.0,0.0
16.15,0.060851064,1.0328166431574588e-06,1.8976516254690025e-20,1.0328166431574397e-06,1.1313553783017569e-211,4.862958956315008e-29,3.439610080960471e-33,4.752271568862938e-36,1.4583806586529822e-57,7.995653645327995e-39,1.4868624329436358e-25,0.0,0.0,0.0,0.0
16.166666666666668,0.060851064,1.01667389650432e-06,1.772517964607432e-20,1.0166738965043021e-06,4.6791708662618083e-212,4.191021434403948e-29,2.8632427324831235e-33,3.811898523053007e-36,9.621194368300675e-58,5.5255590649570634e-39,1.100778268344004e-25,0.0,0.0,0.0,0.0
16.183333333333334,0.060851064,1.000783265222513e-06,1.6556281929284166e-20,1.0007832652224965e-06,1.9352502068667703e-212,3.611862504192752e-29,2.3833944542112116e-33,3.057534990371822e-36,6.3468910916981844e-58,3.818196754950254e-39,8.14844252740719e-26,0.0,0.0,0.0,0.0
16.2,0.060851064,9.851408153657129e-07,1.546439717974104e-20,9.851408153656974e-07,8.00393782412163e-213,3.112681007515068e-29,1.9839125717618954e-33,2.452401716006709e-36,4.186655277062671e-58,2.638155954279308e-39,6.03108528896369e-26,0.0,0.0,0.0,0.0
16.216666666666665,0.060851064,9.697426743055326e-07,1.4444456236972127e-20,9.697426743055182e-07,3.310309965498491e-213,2.682440706261869e-29,1.651345799145481e-33,1.966988870860474e-36,2.761516180996146e-58,1.8226486684437172e-39,4.4633694375393234e-26,0.0,0.0,0.0,0.0
16.233333333333334,0.060851064,9.5458502977703e-07,1.3491723271209552e-20,9.545850297770165e-07,1.3690899857159448e-213,2.311627136769494e-29,1.3744927630305308e-33,1.57761982417013e-36,1.821387472943612e-58,1.2591168849248587e-39,3.3027606069253816e-26,0.0,0.0,0.0,0.0
16.25,0.060851064,9.39664128939039e-07,1.2601773887492097e-20,9.396641289390264e-07,5.662310869887692e-214,1.9920379348798554e-29,1.1440259284885483e-33,1.265298556876667e-36,1.2012449998821439e-58,8.697410536122594e-40,2.443647967213263e-26,0.0,0.0,0.0,0.0
16.266666666666666,0.060851064,9.249762774491011e-07,1.1770474666506352e-20,9.249762774490893e-07,2.341821631278994e-214,1.7166020279434136e-29,9.521783422839693e-34,1.0147847228832018e-36,7.922011438252649e-59,6.00723990367996e-40,1.807789488375451e-26,0.0,0.0,0.0,0.0
16.283333333333335,0.060851064,9.105178385527748e-07,1.0993964048001301e-20,9.105178385527638e-07,9.68528292561159e-215,1.4792237227316707e-29,7.924827084112516e-34,8.138514140495432e-37,5.224131383453437e-59,4.148788640805861e-40,1.337226956926341e-26,0.0,0.0,0.0,0.0
16.3,0.056170214,8.962852321871284e-07,1.0268634468772718e-20,8.962852321871182e-07,4.005615053909335e-215,1.2746482640376593e-29,6.595540594837774e-34,6.526895542552799e-37,3.444828434570564e-59,2.8650302702986017e-40,9.890330772516412e-27,0.0,0.0,0.0,0.0
16.316666666666666,0.056170214,8.822749340981112e-07,9.59111567297594e-21,8.822749340981016e-07,1.6566261602718096e-215,1.0983459096014567e-29,5.489087449898945e-34,5.2342996776482035e-37,2.2714130257143824e-59,1.978330877788988e-40,7.314174374939643e-27,0.0,0.0,0.0,0.0
16.333333333333332,0.056170214,8.684834749717011e-07,8.958259117911628e-21,8.684834749716921e-07,6.851382770737587e-216,9.464119731836999e-30,4.568136718960925e-34,4.197598824103518e-37,1.497613549392801e-59,1.365937071761671e-40,5.4084020945020756e-27,0.0,0.0,0.0,0.0
16.35,0.056170214,8.549074395785158e-07,8.367123403460685e-21,8.549074395785075e-07,2.8335466326005257e-216,8.154806379957695e-30,3.8016074506149613e-34,3.366152157533137e-37,9.87367136700924e-60,9.430283255561875e-41,3.9987308011940786e-27,0.0,0.0,0.0,0.0
16.366666666666667,0.056170214,8.415434659317607e-07,7.814960658048012e-21,8.415434659317529e-07,1.1718740036669085e-216,7.026506449441282e-30,3.1636229816736187e-34,2.699336747829332e-37,6.509280079668771e-60,6.510004667838256e-41,2.9561417676284098e-27,0.0,0.0,0.0,0.0
16.383333333333333,0.05148936,8.283882444582208e-07,7.299203818409824e-21,8.283882444582135e-07,4.8465188272763135e-217,6.054212208620978e-30,2.6326400847465236e-34,2.164566554067328e-37,4.2910418994731805e-60,4.493664139606454e-41,2.185136635409274e-27,0.0,0.0,0.0,0.0
16.4,0.05148936,8.154385171821713e-07,6.817454744551339e-21,8.154385171821645e-07,2.0043673601422265e-217,5.216368367906812e-30,2.190723741392534e-34,1.7357030033331182e-37,2.8285781347978605e-60,3.101579346533999e-41,1.6150372481956875e-27,0.0,0.0,0.0,0.0
16.416666666666668,0.05148936,8.026910769219728e-07,6.3674731151153616e-21,8.026910769219664e-07,8.289401567121096e-218,4.4943958034592274e-30,1.8229432056943887e-34,1.3917797802370045e-37,1.8644440454188858e-60,2.1405648304737138e-41,1.1935412717458973e-27,0.0,0.0,0.0,0.0
16.433333333333334,0.05148936,7.901427664991493e-07,5.947166051976632e-21,7.901427664991434e-07,3.428210497910712e-218,3.8722809352385115e-30,1.5168690868556658e-34,1.1159797358629534e-37,1.2288712904698119e-60,1.477193212479188e-41,8.819493374195104e-28,0.0,0.0,0.0,0.0
16.45,0.05148936,7.777904779597609e-07,5.554578426224806e-21,7.777904779597554e-07,1.4177845264812707e-218,3.33622171602762e-30,1.2621545650431888e-34,8.948140897958159e-38,8.099149796174956e-61,1.019318419278303e-41,6.516306093556679e-28,0.0,0.0,0.0,0.0
16.466666666666665,0.05148936,7.656311518078849e-07,5.187883800838202e-21,7.656311518078797e-07,5.863425878156144e-219,2.8743224327041512e-30,1.0501866752779569e-34,7.174639420818339e-38,5.337631315865151e-61,7.033092222563208e-42,4.814057730053473e-28,0.0,0.0,0.0,0.0
16.483333333333334,0.04680851,7.536617762510231e-07,4.84537596827602e-21,7.536617762510182e-07,2.4248847794900967e-219,2.476330594529866e-30,8.737959439419017e-35,5.752520114570781e-38,3.517498649766071e-61,4.852291047117306e-42,3.556095584719906e-28,0.0,0.0,0.0,0.0
16.5,0.04680851,7.418793864572324e-07,4.52546104395537e-21,7.418793864572279e-07,1.002834443505971e-219,2.133410109086578e-30,7.270146199543648e-35,4.6121885559821506e-38,2.3179050868148803e-61,3.347431355187477e-42,2.626565306433256e-28,0.0,0.0,0.0,0.0
16.516666666666666,0.04680851,7.302810638238059e-07,4.226650079136781e-21,7.302810638238016e-07,4.1473037821076616e-220,1.8379457449774503e-30,6.048753733172839e-35,3.6978291647076515e-38,1.5273332841258302e-61,2.3090909478393864e-42,1.9397955321553006e-28,0.0,0.0,0.0,0.0
16.533333333333335,0.042127658,7.188639352573238e-07,3.947552159134775e-21,7.188639352573199e-07,1.715145351070593e-220,1.5833745690602235e-30,5.032436920697737e-35,2.9646781627433115e-38,1.0063488559802568e-61,1.592704225104003e-42,1.4324418608535961e-28,0.0,0.0,0.0,0.0
16.55,0.042127658,7.076251724649237e-07,3.686867955001284e-21,7.0762517246492e-07,7.093074074829765e-221,1.3640406398647746e-30,4.186783401657687e-35,2.376836054236704e-38,6.630403919288045e-62,1.0984851011937754e-42,1.0576736208345973e-28,0.0,0.0,0.0,0.0
16.566666666666666,0.042127658,6.965619912565451e-07,3.443383698919595e-21,6.965619912565416e-07,2.933367983226065e-221,1.1750697510118802e-30,3.4831518126158645e-35,1.9055129271759812e-38,4.368257349163219e-62,7.575623178120265e-43,7.808727703386317e-29,0.0,0.0,0.0,0.0
16.583333333333332,0.042127658,6.856716508580718e-07,3.215965555497516e-21,6.856716508580686e-07,1.2131013672282377e-221,1.0122614601262687e-30,2.8977045841941606e-35,1.5276209715319464e-38,2.877751972367017e-62,5.224057144025258e-43,5.76451982117754e-29,0.0,0.0,0.0,0.0
16.6,0.042127658,6.749514532351271e-07,3.0035543629710782e-21,6.749514532351241e-07,5.0167924553888344e-222,8.71996019613351e-31,2.4106027358374935e-35,1.2246455332815592e-38,1.8957258403892792e-62,3.602160341626283e-43,4.2550097356363634e-29,0.0,0.0,0.0,0.0
16.616666666666667,0.037446808,6.643987424273993e-07,2.8051607200354374e-21,6.643987424273966e-07,2.074692227699705e-222,7.511541541164018e-31,2.0053355527399268e-35,9.817396037499847e-39,1.2487480880671892e-62,2.483613046221887e-43,3.1404569975460356e-29,0.0,0.0,0.0,0.0
16.633333333333333,0.037446808,6.54010903893308e-07,2.6198603956100985e-21,6.540109038933054e-07,8.579850752729624e-223,6.47047912692602e-31,1.6681625650228128e-35,7.869975396340295e-39,8.22529323219467e-63,1.712264278850347e-43,2.3176098102623306e-29,0.0,0.0,0.0,0.0
16.65,0.037446808,6.4378536386487e-07,2.4467900403364027e-21,6.437853638648676e-07,3.548169021281324e-223,5.5736106797148805e-31,1.3876490267503478e-35,6.308725512149345e-39,5.417579574134691e-63,1.1803854093621487e-43,1.710185692828683e-29,0.0,0.0,0.0,0.0
16.666666666666668,0.037446808,6.337195887126022e-07,2.2851431799932244e-21,6.337195887125999e-07,1.4673286064490736e-223,4.800977451467596e-31,1.1542792383264874e-35,5.0570951019070716e-39,3.568097173074058e-63,8.136605103763141e-44,1.2618333308990942e-29,0.0,0.0,0.0,0.0
16.683333333333334,0.037446808,6.238110843202983e-07,2.1341664723182386e-21,6.238110843202962e-07,6.068047788237988e-224,4.135381452369749e-31,9.601346757636794e-36,4.053702557776297e-39,2.3498796509561968e-63,5.608273844757903e-44,9.309295043866821e-30,0.0,0.0,0.0,0.0
16.7,0.037446808,6.140573954695258e-07,1.993156209935458e-21,6.140573954695238e-07,2.509395579143714e-224,3.5620038361901294e-31,7.986260721289213e-36,3.249330922953064e-39,1.5475056641772522e-63,3.865288775129267e-44,6.867330698400828e-30,0.0,0.0,0.0,0.0
16.716666666666665,0.037446808,6.044561052337005e-07,1.861455053225237e-21,6.044561052336986e-07,1.0377381862440585e-224,3.0680759983771265e-31,6.642704133802314e-36,2.6045179327887978e-39,1.019052738030056e-63,2.663800118220933e-44,5.065423782268608e-30,0.0,0.0,0.0,0.0
16.733333333333334,0.037446808,5.950048343815926e-07,1.73844897803311e-21,5.950048343815909e-07,4.2914593757269776e-225,2.642596110915368e-31,5.5250532379150785e-36,2.0876233271766747e-39,6.710254078535158e-64,1.8356440368096738e-44,3.735945677795019e-30,0.0,0.0,0.0,0.0
16.75,0.03276596,5.857012407901043e-07,1.6235644241048303e-21,5.857012407901027e-07,1.774682867101012e-225,2.276084821514818e-31,4.5953457603377564e-36,1.673278949038349e-39,4.41834135254748e-64,1.2648605196305275e-44,2.7551328757732244e-30,0.0,0.0,0.0,0.0
16.766666666666666,0.03276596,5.7654301886618e-07,1.516265631060821e-21,5.765430188661785e-07,7.338969040685176e-226,1.9603747099558988e-31,3.8219951004930766e-36,1.3411458420195694e-39,2.909093412555379e-64,8.714938559315707e-45,2.0316180159856357e-30,0.0,0.0,0.0,0.0
16.783333333333335,0.03276596,5.675278989777107e-07,1.4160521495893778e-21,5.675278989777093e-07,3.034924612548278e-226,1.688428840402852e-31,3.178720183722932e-36,1.0749175598547684e-39,1.9152888127570315e-64,6.004180394160498e-45,1.4979570134939936e-30,0.0,0.0,0.0,0.0
16.8,0.03276596,5.586536468933068e-07,1.3224565163455635e-21,5.586536468933055e-07,1.2550450571218087e-226,1.4541843916408724e-31,2.6436548287029378e-36,8.615209317249929e-40,1.2609247905726484e-64,4.136290466509738e-45,1.1043702806778236e-30,0.0,0.0,0.0,0.0
16.816666666666666,0.03276596,5.499180632307577e-07,1.235042081798785e-21,5.499180632307564e-07,5.190023093589677e-227,1.2524179016652077e-31,2.1986065345829847e-36,6.904751791852233e-40,8.30084879207223e-65,2.8492883595374397e-45,8.141199731730016e-31,0.0,0.0,0.0,0.0
16.833333333333332,0.03276596,5.413189829140933e-07,1.153400980978598e-21,5.413189829140922e-07,2.1462377557908627e-227,1.0786291410668882e-31,1.8284396353630104e-36,5.533780217198575e-40,5.4642974432972024e-65,1.9625920629372185e-45,6.000959797980623e-31,0.0,0.0,0.0,0.0
16.85,0.03276596,5.328542746390902e-07,1.0771522377270632e-21,5.328542746390892e-07,8.875338855348424e-228,9.289410417488702e-32,1.52056196680906e-36,4.434936174544027e-40,3.5968702373789273e-65,1.3517367216444261e-45,4.422948699801668e-31,0.0,0.0,0.0,0.0
16.866666666666667,0.028085107,5.245218403470888e-07,1.0059399936835187e-21,5.245218403470878e-07,3.6702076230956486e-228,8.000134627626595e-32,1.2644976860857112e-36,3.554221660778233e-40,2.3675214274280146e-65,9.309423861075433e-46,3.259584392463707e-31,0.0,0.0,0.0,0.0
16.883333333333333,0.028085107,5.163196147069963e-07,9.394318538027963e-22,5.163196147069954e-07,1.5177313487745982e-228,6.889688813024768e-32,1.0515317938432114e-36,2.848349957437382e-40,1.5582670046856453e-65,6.4109485547241144e-46,2.401994245766605e-31,0.0,0.0,0.0,0.0
16.9,0.028085107,5.082455646053506e-07,8.773173407470535e-22,5.082455646053497e-07,6.276214282847864e-229,5.933283608950289e-32,8.744143307203427e-37,2.2826215967563658e-40,1.0255780995648176e-65,4.414593813276477e-46,1.7698699746001525e-31,0.0,0.0,0.0,0.0
16.916666666666668,0.028085107,5.002976886443243e-07,8.193064509938438e-22,5.002976886443234e-07,2.5953695948284864e-229,5.109563763945476e-32,7.271142366758655e-37,1.8292213787078593e-40,6.749546693467394e-66,3.0396834143844003e-46,1.303979261422095e-31,0.0,0.0,0.0,0.0
16.933333333333334,0.028085107,4.924740166475346e-07,7.651283059732113e-22,4.924740166475338e-07,1.0732459496005954e-229,4.4001327156407804e-32,6.046145401781595e-37,1.4658530020647072e-40,4.4418058886908724e-66,2.092836374812028e-46,9.60638938709055e-32,0.0,0.0,0.0,0.0
16.95,0.028085107,4.847726091735404e-07,7.1452989198580575e-22,4.847726091735396e-07,4.438108388407508e-230,3.789142941194435e-32,5.0274194162459526e-37,1.1746444008875713e-40,2.9229658590014007e-66,1.4408264920259777e-46,7.076363287637994e-32,0.0,0.0,0.0,0.0
16.966666666666665,0.028085107,4.771915570369127e-07,6.672748830644376e-22,4.77191557036912e-07,1.835249676045184e-230,3.2629429887022345e-32,4.180250185343682e-37,9.412701332124505e-41,1.9233893339095236e-66,9.918768495022153e-47,5.212195990343214e-32,0.0,0.0,0.0,0.0
16.983333333333334,0.028085107,4.6972898083676174e-07,6.231425413247502e-22,4.697289808367611e-07,7.589112968924907e-231,2.8097733522746834e-32,3.4757624827421468e-37,7.542477989686338e-41,1.2655813095711728e-66,6.827687724751549e-47,3.8387717131601056e-32,0.0,0.0,0.0,0.0
17.0,0.028085107,4.6238303049259743e-07,5.819266897092551e-22,4.6238303049259685e-07,3.1382352313518685e-231,2.4195044363939731e-32,2.8899384999561883e-37,6.043739890030744e-41,8.327073236435891e-67,4.69958533150376e-47,2.8269948089112316e-32,0.0,0.0,0.0,0.0
17.016666666666666,0.028085107,4.5515188478740834e-07,5.434347523633202e-22,4.551518847874078e-07,1.2977128015461812e-231,2.0834107885483835e-32,2.4028011826878053e-37,4.842721033573097e-41,5.4786592836250594e-67,3.234562811526658e-47,2.0817048620639845e-32,0.0,0.0,0.0,0.0
17.033333333333335,0.028085107,4.480337509178591e-07,5.074868581950826e-22,4.480337509178586e-07,5.366242661886919e-232,1.7939765836391746e-32,1.997734792328126e-37,3.8802985899100585e-41,3.604423980898508e-67,2.2260861230577114e-47,1.5327628433072264e-32,0.0,0.0,0.0,0.0
17.05,0.028085107,4.41026864051486e-07,4.739150034630189e-22,4.410268640514855e-07,2.2190171283878576e-232,1.5447280370403946e-32,1.6609196478745313e-37,3.109087031349079e-41,2.3712492703644876e-67,1.5319296516464958e-47,1.1284768959558812e-32,0.0,0.0,0.0,0.0
17.066666666666666,0.028085107,4.341294868907802e-07,4.425622695081984e-22,4.341294868907798e-07,9.175920328775175e-233,1.3300890208074963e-32,1.3808618712148729e-37,2.4911087347317613e-41,1.5599059111036505e-67,1.0541595087939194e-47,8.3075414631036e-33,0.0,0.0,0.0,0.0
17.083333333333332,0.023404256,4.2733990924405815e-07,4.132820920035867e-22,4.273399092440577e-07,3.7943487943399137e-233,1.1452566725931803e-32,1.148002177689679e-37,1.9959267290312667e-41,1.0261232835610677e-67,7.253450426393565e-48,6.1152573078317903e-33,0.0,0.0,0.0,0.0
17.1,0.023404256,4.2065644760301354e-07,3.8593757833081697e-22,4.2065644760301317e-07,1.5690020428509133e-233,9.860942307277755e-33,9.543904328080115e-38,1.5991479304870818e-41,6.749641651119022e-68,4.990613432701751e-48,4.501109285691289e-33,0.0,0.0,0.0,0.0
17.116666666666667,0.023404256,4.1407744472684284e-07,3.6040086991798613e-22,4.1407744472684247e-07,6.487963729600387e-234,8.490387114915348e-33,7.934149254990054e-38,1.2812233797080877e-41,4.439581319391783e-68,3.4334785624647626e-48,3.3127389557509404e-33,0.0,0.0,0.0,0.0
17.133333333333333,0.023404256,4.076012692328396e-07,3.3655254657983308e-22,4.0760126923283927e-07,2.68282267331933e-234,7.310213743053727e-33,6.595771636846729e-38,1.0264865660519044e-41,2.9200045574952887e-68,2.362033377977793e-48,2.4379114938302197e-33,0.0,0.0,0.0,0.0
17.15,0.023404256,4.0122631519336526e-07,3.1428107009643847e-22,4.0122631519336494e-07,1.1093642786637889e-234,6.293992047042447e-33,5.483045420001216e-38,8.22382607307012e-42,1.9204603569861264e-68,1.6248345937283626e-48,1.793956648842895e-33,0.0,0.0,0.0,0.0
17.166666666666668,0.023404256,3.949510017390956e-07,2.934822644480796e-22,3.949510017390953e-07,4.5872778528012764e-235,5.4189588981805305e-33,4.5579451637838417e-38,6.588504195295589e-42,1.2630122292147734e-68,1.1176449845985519e-48,1.3199864291913536e-33,0.0,0.0,0.0,0.0
17.183333333333334,0.023404256,3.887737726684406e-07,2.7405883029372455e-22,3.887737726684403e-07,1.8968569429487786e-235,4.665509721005962e-33,3.7888498943350114e-38,5.278275217566903e-42,8.305967811969552e-69,7.687238101845744e-49,9.711598589657039e-34,0.0,0.0,0.0,0.0
17.2,0.023404256,3.8269309606304143e-07,2.5591989143921946e-22,3.8269309606304117e-07,7.8435519733540834e-236,4.0167604888722175e-33,3.149465002926026e-38,4.228531412358235e-42,5.462022664899956e-69,5.286992403625064e-49,7.144567363380754e-34,0.0,0.0,0.0,0.0
17.216666666666665,0.018723404,3.76707463909256e-07,2.389805711895618e-22,3.767074639092557e-07,3.2433188854702343e-236,3.4581704206185034e-33,2.617925528650996e-38,3.387501118894638e-42,3.591678083125386e-69,3.635959893110405e-49,5.2556365010147425e-34,0.0,0.0,0.0,0.0
17.233333333333334,0.018723404,3.7081539172553903e-07,2.2316159661791447e-22,3.708153917255388e-07,1.3411124667501586e-236,2.9772169714349186e-33,2.176050325573056e-38,2.7136992860738725e-42,2.361685425346145e-69,2.500355003886585e-49,3.865797436880898e-34,0.0,0.0,0.0,0.0
17.25,0.018723404,3.6501541819562096e-07,2.0838892891359425e-22,3.6501541819562075e-07,5.545483649110158e-237,2.563115874589241e-33,1.808721740086575e-38,2.1738842237717297e-42,1.5528428897535089e-69,1.7193195694809665e-49,2.843265858550332e-34,0.0,0.0,0.0,0.0
17.266666666666666,0.018723404,3.5930610480739367e-07,1.9459341809195133e-22,3.5930610480739345e-07,2.2930437638396788e-237,2.206579993306777e-33,1.503369689031531e-38,1.741420083728867e-42,1.0209721471153415e-69,1.182181137020546e-49,2.0910319147027366e-34,0.0,0.0,0.0,0.0
17.283333333333335,0.018723404,3.536860354974243e-07,1.8171048046216118e-22,3.536860354974241e-07,9.48165059252094e-238,1.8996116060303297e-33,1.2495425774856046e-38,1.394964529173671e-42,6.712453082894182e-70,8.128007156138682e-50,1.5376903100866301e-34,0.0,0.0,0.0,0.0
17.3,0.018723404,3.481538163010025e-07,1.6967979735436027e-22,3.4815381630100235e-07,3.920615423922118e-238,1.635323492703389e-33,1.0385504474213051e-38,1.1174170352962591e-42,4.412957123494812e-70,5.5880065471272e-50,1.1306868133799261e-34,0.0,0.0,0.0,0.0
17.316666666666666,0.018723404,3.4270807500763196e-07,1.584450337061148e-22,3.427080750076318e-07,1.621150142037319e-238,1.4077848311379518e-33,8.631682046477135e-39,8.95076074937162e-43,2.9010773699915926e-70,3.8415160804536744e-50,8.313448613109176e-35,0.0,0.0,0.0,0.0
17.333333333333332,0.018723404,3.3734746082188876e-07,1.479535752004156e-22,3.373474608218886e-07,6.703335171742385e-239,1.2118884651962688e-33,7.173888149482818e-39,7.169637141873776e-43,1.907085464841653e-70,2.6407146017660344e-50,6.112033846284396e-35,0.0,0.0,0.0,0.0
17.35,0.018723404,3.32070644029562e-07,1.3815628273334967e-22,3.3207064402956186e-07,2.771770939787765e-239,1.0432365826944527e-33,5.962180603921484e-39,5.7428437515439994e-43,1.2536096429331676e-70,1.8151540181078184e-50,4.493203946321425e-35,0.0,0.0,0.0,0.0
17.366666666666667,0.018723404,3.268811047559325e-07,1.2900726307001848e-22,3.268763156689916e-07,1.1460998332388915e-239,8.980422512157465e-34,4.955038611221302e-39,4.599911221275096e-43,8.240164785529947e-71,1.2476099759530192e-50,3.3028782187554196e-35,4.789086940773945e-12,0.0,0.0,0.0
17.383333333333333,0.018723404,3.352302613500137e-07,1.20463654622384e-22,3.2176318720752007e-07,4.7389952742786107e-240,7.730446135060155e-34,4.117943445031026e-39,3.684381168139905e-43,5.416153382211253e-71,8.574675185745838e-51,2.427701227285995e-35,1.3467074142493571e-08,0.0,0.0,0.0
17.4,0.023404256,1.0001435848215767e-06,1.1248542735290504e-22,3.1672999022298494e-07,1.9595160276500845e-240,6.654358486789222e-34,3.4221982229429494e-39,2.951021280087832e-43,3.5598162291847057e-71,5.892914442803875e-51,1.7842855556090697e-35,6.834135945985917e-07,0.0,0.0,0.0
17.416666666666668,0.023404256,9.180853038640214e-06,1.0503519587335222e-22,3.1177547609017386e-07,8.102332970463393e-241,5.7279826784407855e-34,2.8439465071949145e-39,2.3635937926603166e-43,2.3396228169609293e-71,4.049639366221017e-51,1.3112941459498376e-35,8.86907756255004e-06,0.0,0.0,0.0
17.433333333333334,0.023404256,5.772081573603126e-05,9.80780448694842e-23,3.068984156721589e-07,3.350194951508616e-241,4.930501388299034e-34,2.3633562560711718e-39,1.8930674182815124e-43,1.537608752556541e-71,2.782764501234665e-51,9.636131541438658e-36,5.74139173203591e-05,0.0,0.0,0.0
17.45,0.023404256,0.00024377423057293316,9.158136603941745e-23,3.0209759901643536e-07,1.3852520552889014e-241,4.243990294246054e-34,1.963941281654897e-39,1.5161846307792103e-43,1.0104798100217573e-71,1.9120999282845806e-51,7.080637234443559e-36,0.0002434721329739167,0.0,0.0,0.0
17.466666666666665,0.028085107,0.0007769663960655496,8.551470578707557e-23,2.97371835055798e-07,5.727779105785378e-242,3.6530162634100466e-34,1.6319970559323647e-39,1.2143137040867481e-43,6.640355345763468e-72,1.3137685913795983e-51,5.202465239691407e-36,0.0007766690242304938,0.0,0.0,0.0
17.483333333333334,0.03276596,0.002019037810909052,7.984962296195261e-23,2.927199513138684e-07,2.3683313119641277e-242,3.1442913165216774e-34,1.3561316052863204e-39,9.725289266476457e-44,4.3635198912574097e-72,9.026127333690678e-52,3.822200251446872e-36,0.0020187450909577385,0.0,0.0,0.0
17.5,0.037446808,0.004496649215968058,7.455955598314895e-23,2.8814079361522116e-07,9.792586019985974e-243,2.706374629652749e-34,1.1268754756872587e-39,7.788736513598608e-44,2.8672438946649016e-72,6.200953287199402e-52,2.8079235591130733e-36,0.004496361075174443,0.0,0.0,0.0
17.516666666666666,0.04680851,0.008877088448428215,6.961969872919013e-23,2.836332258000048e-07,4.049030793845326e-243,2.329415908703832e-34,9.363574476421904e-40,6.237698476022766e-44,1.8839719264935121e-72,4.259807920259281e-52,2.0626469781869527e-36,0.008876804815202415,0.0,0.0,0.0
17.533333333333335,0.056170214,0.01590773371828399,6.500688461588317e-23,2.791961294430258e-07,1.674185261686903e-243,2.004934396079116e-34,7.780349229357614e-40,4.995450399837519e-44,1.2378454006125618e-72,2.926147783366728e-52,1.51506928379016e-36,0.01590745452215455,0.0,0.0,0.0
17.55,0.06553192,0.0263297000096124,6.069947832250587e-23,2.7482840357719907e-07,6.922368320105474e-244,1.7256285650135382e-34,6.464697707020929e-40,4.0005330302190937e-44,8.132810507588549e-73,2.0099132186002735e-52,1.1127772268195185e-36,0.026329425181208822,0.0,0.0,0.0
17.566666666666666,0.079574466,0.04078155395685277,5.667727466214019e-23,2.705289644213053e-07,2.862230794527904e-244,1.485212242729045e-34,5.371419718942921e-40,3.203716166126015e-44,5.343148453252039e-73,1.3804900952052033e-52,8.172450391413523e-37,0.040781283427888344,0.0,0.0,0.0
17.583333333333332,0.09829787,0.05970983051398616,5.292140412520804e-23,2.6629674511198934e-07,1.18345938651307e-244,1.278273494277866e-34,4.462946915849938e-40,2.565566020139861e-44,3.510235418167369e-73,9.481222713820308e-53,6.001569842819929e-37,0.059709564217241044,0.0,0.0,0.0
17.6,0.11702128,0.08330023303110858,4.9414244656250996e-23,2.6213069543993617e-07,4.893288625470219e-245,1.100153107731533e-34,3.708054816692917e-40,2.0544963498210555e-44,2.3059916874046074e-73,6.511343274782934e-53,4.407031165975561e-37,0.08329997090041313,0.0,0.0,0.0
17.616666666666667,0.14042553,0.11143837880646348,4.613933925298679e-23,2.5802978159015325e-07,2.023238482555694e-245,9.468399596501015e-35,3.08079209005029e-40,1.6452071820770208e-44,1.5148226672104175e-73,4.4714888273962425e-53,3.235908563316162e-37,0.11143812077668189,0.0,0.0,0.0
17.633333333333333,0.16851063,0.14370330552525512,4.3081319003737626e-23,2.5399298588629694e-07,8.36550367037706e-246,8.148809172755565e-35,2.5595904621275723e-40,1.3174340676790316e-44,9.950582170467894e-74,3.070500316599837e-53,2.3758301977652983e-37,0.14370305153226923,0.0,0.0,0.0
17.65,0.2012766,0.1793918757654845,4.022583120463755e-23,2.5001930653898335e-07,3.458883133151676e-246,7.013032590650549e-35,2.126524795619909e-40,1.054946120572095e-44,6.5360880822285015e-74,2.108345124956087e-53,1.7442300554737942e-37,0.17939162574617795,0.0,0.0,0.0
17.666666666666668,0.23404256,0.2175684294516499,3.755947222161588e-23,2.4610775739802125e-07,1.4301397045158471e-246,6.03547875257615e-35,1.7666980162495048e-40,8.447433704188573e-45,4.2930909099828156e-74,1.4476045665022683e-53,1.2804467326260477e-37,0.2175681833438925,0.0,0.0,0.0
17.683333333333334,0.2668085,0.25713181266316554,3.5069724784259557e-23,2.4225736770850296e-07,5.913162637993662e-247,5.194117514073779e-35,1.4677298318365394e-40,6.76413791543283e-45,2.8197144449300447e-74,9.938800849374264e-54,9.399155192059759e-38,0.2571315704057978,0.0,0.0,0.0
17.7,0.3042553,0.29689118808794973,3.2744899419241515e-23,2.384671818706926e-07,2.4448936515480967e-247,4.469984455963907e-35,1.2193317378274229e-40,5.4161825163528765e-45,1.8519237436098802e-74,6.823291982621638e-54,6.898995273551845e-38,0.29689094962076784,0.0,0.0,0.0
17.716666666666665,0.33702126,0.3356425268169204,3.057407975029295e-23,2.3473625920365915e-07,1.0108783928236975e-247,3.8467544900014475e-35,1.0129537543549845e-40,4.3367793757218186e-45,1.216253402856765e-74,4.6841410727452306e-54,5.06352274439004e-38,0.3356422920806612,0.0,0.0,0.0
17.733333333333334,0.36978722,0.3722390167011913,2.854707140966892e-23,2.3106367371258647e-07,4.179618575041952e-248,3.3103747361264517e-35,8.414907938062098e-41,3.47243874694117e-45,7.987449132610985e-75,3.215452788826537e-54,3.71612008733292e-38,0.3722387856375176,0.0,0.0,0.0
17.75,0.4025532,0.4056504169150491,2.665435432287136e-23,2.2744851385971792e-07,1.7281171774524826e-248,2.848748436886217e-35,6.990385982743431e-41,2.780322092241559e-45,5.245359772483081e-75,2.2071435835045718e-54,2.727074088167792e-38,0.40565018946653525,0.0,0.0,0.0
17.766666666666666,0.43063828,0.4350083112094539,2.4887038144094732e-23,2.2388988233885436e-07,7.145103546204843e-249,2.4514628179179544e-35,5.806908828075356e-41,2.2261217108660588e-45,3.4444958489475294e-75,1.5149399924657337e-54,2.0011263919840653e-38,0.4350080873195715,0.0,0.0,0.0
17.783333333333335,0.4587234,0.45963601366350776,2.3236820634529252e-23,2.2038689585338042e-07,2.95421891013532e-249,2.1095547880469013e-35,4.823707309607886e-41,1.7823623629293215e-45,2.2618267089913445e-75,1.0397688073888248e-54,1.4683265471164096e-38,0.4596357932766119,0.0,0.0,0.0
17.8,0.4774468,0.4790633979635967,2.1695948789354084e-23,2.169386848977408e-07,1.2214498239056015e-249,1.8153092205719143e-35,4.006904619771877e-41,1.4270409265460435e-45,1.485170579905055e-75,7.135998723690498e-55,1.0773119846725819e-38,0.4790631810249118,0.0,0.0,0.0
17.816666666666666,0.49148935,0.493028071480155,2.0257182532052902e-23,2.1354439354232245e-07,5.050186341595497e-250,1.5620852876296327e-35,3.3283516402977836e-41,1.1425368267521233e-45,9.751619845556175e-76,4.8972185018007936e-55,7.903713707179358e-39,0.4930278579357614,0.0,0.0,0.0
17.833333333333332,0.50085104,0.5014650799985214,1.8913760806643754e-23,2.102031792216885e-07,2.0880360507365532e-250,1.3441669484817368e-35,2.764658986600834e-41,9.147393546400059e-46,6.402663404645577e-76,3.3606327197326705e-55,5.7981832549975387e-39,0.5014648697953422,0.0,0.0,0.0
17.85,0.5055319,0.5044877351889396,1.7659369909581465e-23,2.0691421252611368e-07,8.633112569070826e-251,1.1566342342066335e-35,2.296392555551182e-41,7.323487141961201e-46,4.2036653110226605e-76,2.3060545983912594e-55,4.253278870940356e-39,0.5044875282747271,0.0,0.0,0.0
17.866666666666667,0.5055319,0.5023622604796315,1.6488113913524063e-23,2.0367667699636673e-07,3.569403457993267e-251,9.952524377245896e-36,1.907404971515086e-41,5.863162215751348e-46,2.7598101613930526e-76,1.5823231978409894e-55,3.119802633098909e-39,0.5023620568029545,0.0,0.0,0.0
17.883333333333333,0.4961702,0.4954788211589472,1.5394487044898873e-23,2.004897689216882e-07,1.4757836852946867e-251,8.563767197642438e-36,1.5842799839852818e-41,4.6939596082222e-46,1.8118155105606578e-76,1.0856703845670958e-55,2.288241600433496e-39,0.4954786206691783,0.0,0.0,0.0
17.9,0.4868085,0.4843212126588013,1.4373347886315966e-23,1.9735269714091816e-07,6.101668402121189e-252,7.368699872857562e-36,1.3158707428243895e-41,3.757857109779193e-46,1.1894124744834722e-76,7.448658836006237e-56,1.678217639925678e-39,0.48432101530610416,0.0,0.0,0.0
17.916666666666668,0.47276595,0.4694370928047482,1.3419895283368337e-23,1.942646828467239e-07,2.5227448882028696e-252,6.340321987428011e-36,1.0929160965746976e-41,3.0083937416756142e-46,7.807910433880532e-77,5.110172733243422e-56,1.2307404851150277e-39,0.4694368985400654,0.0,0.0,0.0
17.933333333333334,0.45404255,0.4514102148654053,1.2529645843314586e-23,1.9122495939287832e-07,1.0430302569293359e-252,5.4553950706628335e-36,9.077217355943395e-42,2.4083667070219324e-46,5.125320641836164e-77,3.5056664385087647e-56,9.025196023913184e-40,0.4514100236404459,0.0,0.0,0.0
17.95,0.43063828,0.43083569173597863,1.1698412920548854e-23,1.8823277210453536e-07,4.312402823826695e-253,4.693918721245471e-36,7.538952265355023e-42,1.9279870006424654e-46,3.36427281624515e-77,2.404823584292331e-56,6.617880195650711e-40,0.43083550350320654,0.0,0.0,0.0
17.966666666666665,0.40723404,0.40829892836754206,1.092228699070479e-23,1.852873780914715e-07,1.782955823837133e-253,4.038679646063802e-36,6.261258340383504e-42,1.5434023585964393e-46,2.2082354950417472e-77,1.6495807560980801e-56,4.852364397931653e-40,0.40829874308016395,0.0,0.0,0.0
17.983333333333334,0.38382977,0.38435851908827073,1.019761732170795e-23,1.8238804606422912e-07,7.371581876333937e-254,3.474863470412474e-36,5.200015627822766e-42,1.2355144050014338e-46,1.4493846068458663e-77,1.1314666930624026e-56,3.5576261701284102e-40,0.3843583367002247,0.0,0.0,0.0
18.0,0.3557447,0.35953312868506726,9.5209948561417e-24,1.7953405615313388e-07,3.047752229110154e-254,2.9897205868693867e-36,4.318571308582917e-42,9.890314135650416e-47,9.512749159248699e-78,7.760467877158908e-57,2.608193195275136e-40,0.3595329491510111,0.0,0.0,0.0
18.016666666666666,0.33234042,0.334292163466085,8.889236224939399e-24,1.7672469973012108e-07,1.260078142091905e-254,2.5722785243587177e-36,3.586476475649891e-42,7.917097635022187e-47,6.243277681468534e-78,5.322456004008827e-57,1.9120176266830108e-40,0.33429198674138527,0.0,0.0,0.0
18.03333333333333,0.3042553,0.30904988802047234,8.299368817697459e-24,1.7395927923335004e-07,5.209717316474765e-255,2.2130943643947317e-36,2.978436515755753e-42,6.337465107622521e-47,4.0973543742264385e-78,3.6501810132150455e-57,1.401576662394935e-40,0.3090497140611931,0.0,0.0,0.0
18.05,0.28085107,0.28416254847595607,7.748616839825848e-24,1.7123710799454385e-07,2.1539206643036313e-255,1.9040416316842553e-36,2.473438992223891e-42,5.072929775074698e-47,2.6889252845066666e-78,2.5031966745312734e-57,1.0273414185009795e-40,0.2841623772388481,0.0,0.0,0.0
18.066666666666663,0.25276595,0.2599280151701991,7.23438829136432e-24,1.6855751006902793e-07,8.905208941784242e-256,1.6381268613348172e-36,2.054029025517041e-42,4.060652555308065e-47,1.764567749568215e-78,1.7165398761611272e-57,7.529841829190695e-41,0.25992784661268903,0.0,0.0,0.0
18.08333333333333,0.2293617,0.23658744746591773,6.754262806585634e-24,1.6591982006840482e-07,3.681776274852462e-256,1.409331712246083e-36,1.705707237201791e-42,3.250323191209863e-47,1.1579302428773614e-78,1.1770401411888578e-57,5.518615875016791e-41,0.23658728154609765,0.0,0.0,0.0
18.1,0.2106383,0.21432850175097454,6.3059802975337824e-24,1.6332338299585195e-07,1.5221924009030642e-256,1.212477070829062e-36,1.4164295361915787e-42,2.601662871873172e-47,7.598204449867421e-79,8.070625696406494e-58,4.044342004090723e-41,0.21432833842759155,0.0,0.0,0.0
18.116666666666667,0.18723404,0.1932896420079894,5.887430348388195e-24,1.6076755408397858e-07,6.293331100394196e-257,1.043106083876144e-36,1.1761915277097999e-42,2.0824245340307116e-47,4.985676937347209e-79,5.533523927947375e-58,2.9637332739658503e-41,0.19328948124043532,0.0,0.0,0.0
18.133333333333333,0.16851063,0.1735651633516396,5.496642311054224e-24,1.5825169863520657e-07,2.6018993525534322e-257,8.97383485309385e-37,9.766832355644432e-43,1.66679169054644e-47,3.271311747316045e-79,3.793806119270455e-58,2.171720991864008e-41,0.17356500509994097,0.0,0.0,0.0
18.15,0.15446809,0.15521059652320515,5.1317760556567896e-24,1.5577519186464709e-07,1.0757201122746918e-257,7.720089482140163e-37,8.11002246882695e-43,1.3340963821000806e-47,2.146369235049374e-79,2.6009219863870176e-58,1.5912658767435456e-41,0.1552104407480133,0.0,0.0,0.0
18.166666666666668,0.14042553,0.13824822070448733,4.791113332665522e-24,1.5333741874541994e-07,4.447407978884682e-258,6.6414250924830905e-37,6.734153984182603e-43,1.0677926648349304e-47,1.4082238605052012e-79,1.7830292590754903e-58,1.165884189253733e-41,0.1382480673670686,0.0,0.0,0.0
18.183333333333334,0.12638298,0.12267246959538101,4.47304970624131e-24,1.50937773856391e-07,1.8387112929726515e-258,5.713403843036163e-37,5.591607939182287e-43,8.546347136539728e-48,9.238974846378826e-80,1.2222742488653566e-58,8.541657479516872e-42,0.12267231865760715,0.0,0.0,0.0
18.2,0.11234043,0.10845506900703834,4.17608702105924e-24,1.485756612322732e-07,7.601844986598246e-259,4.914997282665853e-37,4.642833301608207e-43,6.840187650935868e-48,6.061229841882653e-80,8.378340359120637e-59,6.257532315882366e-42,0.10845492043137711,0.0,0.0,0.0
18.216666666666665,0.10297872,0.09554979169689647,3.898826367356127e-24,1.4625049421607394e-07,3.142847961830007e-259,4.228110931670759e-37,3.854980628247304e-43,5.474562475588983e-48,3.9763322179475384e-80,5.74283815121728e-59,4.583934374469817e-42,0.09554964544640225,0.0,0.0,0.0
18.23333333333333,0.09361702,0.08389675600112204,3.639961511277931e-24,1.43961695313836e-07,1.2993514481780921e-259,3.637175124042321e-37,3.2007670194368596e-43,4.381519524475936e-48,2.6084923744902473e-80,3.936175835796355e-59,3.35774842630205e-42,0.08389661203942672,0.0,0.0,0.0
18.25,0.084255315,0.07342622877211502,3.398272759775837e-24,1.4170869605164638e-07,5.3719108991792935e-260,3.128792880258184e-37,2.65753323271593e-43,3.5066630954091594e-48,1.7111242244215463e-80,2.6977508360454895e-59,2.4594189750586207e-42,0.07342608706341897,0.0,0.0,0.0
18.266666666666666,0.079574466,0.06406192039481888,3.1726212313313907e-24,1.3949093683487347e-07,2.2209044430477008e-260,2.6914368654770624e-37,2.2064604380493256e-43,2.806450020578984e-48,1.1224283432597667e-80,1.848879919570922e-59,1.801323089933375e-42,0.06406178090388205,0.0,0.0,0.0
18.28333333333333,0.07021277,0.055723780717823385,2.9619435056865606e-24,1.373078668095969e-07,9.181842837459264e-261,2.3151885942839534e-37,1.831919597304075e-43,2.246024976456396e-48,7.36242502106962e-81,1.2670542030492764e-59,1.319245349624799e-42,0.05572364340995657,0.0,0.0,0.0
18.3,0.06553192,0.0483303202556851,2.765246627527087e-24,1.3515894372619867e-07,3.796022251512745e-261,1.991513995468916e-37,1.520931020962532e-43,1.797487468482063e-48,4.829124227102634e-81,8.682831901096881e-60,9.66127656287433e-43,0.048330185096741377,0.0,0.0,0.0
18.316666666666663,0.060851064,0.041800491751257905,2.5816034407213254e-24,1.330436338050848e-07,1.569374386118035e-261,1.7130702701026143e-37,1.262715452581786e-43,1.4385044283479664e-48,3.167387219058937e-81,5.949868889388177e-60,7.074871712751152e-43,0.0418003587076241,0.0,0.0,0.0
18.33333333333333,0.056170214,0.03605517391058169,2.410148231262081e-24,1.3096141160449127e-07,6.488185977163835e-262,1.473539681851036e-37,1.0483211868755927e-43,1.1511995155160807e-48,2.0773959898989942e-81,4.0769303597895246e-60,5.180573764509814e-43,0.036055042949170085,0.0,0.0,0.0
18.35,0.056170214,0.03101830259456159,2.250072658503397e-24,1.2891175989035978e-07,2.682371598719843e-262,1.2674865259206145e-37,8.703143490361864e-44,9.212639502224643e-49,1.3624570521614004e-81,2.793438896523161e-60,3.79325916893116e-43,0.031018173682801697,0.0,0.0,0.0
18.366666666666667,0.05148936,0.026617695672415474,2.1006219556312623e-24,1.268941695082409e-07,1.1089539689590092e-262,1.0902340459012422e-37,7.225216412276649e-44,7.37244703559583e-49,8.935355026424742e-82,1.9139259680662494e-60,2.777299114777689e-43,0.026617568778245965,0.0,0.0,0.0
18.383333333333333,0.04680851,0.022785616738613363,1.9610913815661907e-24,1.2490813925718758e-07,4.584658858777356e-263,9.377585178571042e-38,5.998166720437286e-44,5.899746766696832e-49,5.859847583719178e-82,1.3112673857515447e-60,2.0333325014760764e-43,0.022785491830474104,0.0,0.0,0.0
18.4,0.04680851,0.019459120509762163,1.830822907673439e-24,1.229531757656232e-07,1.8953938336029754e-263,8.065981084294366e-38,4.979424884189455e-44,4.721165523387039e-49,3.8427877553544516e-82,8.983335892996963e-61,1.4885721119539447e-43,0.019458997556586397,0.0,0.0,0.0
18.416666666666668,0.04680851,0.01658021940586766,1.709202123753054e-24,1.210287933691396e-07,7.835935198769593e-264,6.937744471762428e-38,4.133641787820539e-44,3.7779764808100945e-49,2.5199510381313427e-82,6.154097333127582e-61,1.0897006335061716e-43,0.01658009837707429,0.0,0.0,0.0
18.433333333333334,0.042127658,0.014095906953308259,1.5956553488089405e-24,1.191345139902054e-07,3.2395235848692765e-264,5.967251404012011e-38,3.4314645416653547e-44,3.0231762022282066e-49,1.6524315880049778e-82,4.2157176293931757e-61,7.976649282183643e-44,0.014095787818794269,0.0,0.0,0.0
18.45,0.042127658,0.011958069518440886,1.4896469330537803e-24,1.1726986701974307e-07,1.3392769590195445e-264,5.132457007726645e-38,2.848519762898917e-44,2.419144877887519e-49,1.0835291761683117e-82,2.8877472927470988e-61,5.838615542977198e-44,0.011957952248573865,0.0,0.0,0.0
18.466666666666665,0.042127658,0.01012331371600243,1.3906767385024307e-24,1.154343892005596e-07,5.536796891262853e-265,4.4143957967237395e-38,2.364569179876104e-44,1.9357734276446973e-49,7.104663644560338e-83,1.9780053492615598e-61,4.273418898837081e-44,0.01012319828161323,0.0,0.0,0.0
18.48333333333333,0.037446808,0.008552732800381949,1.2982777863410153e-24,1.1362762451258994e-07,2.2889996933102097e-265,3.7967517223155376e-38,1.9628083652038048e-44,1.548964333504683e-49,4.658351743684581e-83,1.3548038720761614e-61,3.1276444455651803e-44,0.008552619172757436,0.0,0.0,0.0
18.5,0.037446808,0.00721163155539146,1.212014060040702e-24,1.1184912405993265e-07,9.463065074183856e-266,3.2654882253357363e-38,1.629284346765338e-44,1.2394316429404003e-49,3.0542665264211007e-83,9.27910679788795e-62,2.288946934971824e-44,0.0072115197062674,0.0,0.0,0.0
18.516666666666666,0.037446808,0.006069225723138473,1.1314784539135833e-24,1.1009844595964605e-07,3.9121623728736054e-266,2.8085299203799933e-38,1.3524119530555602e-44,9.917404549009611e-50,2.0024770075261147e-83,6.3550179111836105e-62,1.6750609985033085e-44,0.006069115624692513,0.0,0.0,0.0
18.53333333333333,0.037446808,0.005098328896186721,1.0562908574891038e-24,1.0837515523227791e-07,1.617338306458034e-266,2.415488709651628e-38,1.122572161036335e-44,7.935381060956867e-50,1.312847097939296e-83,4.352194848785406e-62,1.2257508341424325e-44,0.005098220521031489,0.0,0.0,0.0
18.55,0.03276596,0.00427503705538351,9.860963667259702e-25,1.0667882369410221e-07,6.686268815827132e-267,2.0774281280627065e-38,9.317785489398766e-45,6.349388066220611e-50,8.60690117016636e-84,2.980443628840402e-62,8.969134776306667e-45,0.004274930376559816,0.0,0.0,0.0
18.566666666666663,0.03276596,0.0035784185657327552,9.205636136677132e-25,1.0500902985103993e-07,2.764176403078446e-267,1.78666058553717e-38,7.734003107770273e-45,5.080311046276095e-50,5.642422383858392e-84,2.040960534033767e-62,6.562597932667248e-45,0.0035783135567029043,0.0,0.0,0.0
18.58333333333333,0.03276596,0.00299021542842044,8.593832067052292e-25,1.0336535879422704e-07,1.1427379287188502e-267,1.5365729163073914e-38,6.419322449723253e-45,4.064836684589417e-50,3.6988824813724665e-84,1.3975568961118144e-62,4.80151236186525e-45,0.0029901120630616454,0.0,0.0,0.0
18.6,0.03276596,0.002494559903517859,8.022662741278705e-25,1.0174740209721745e-07,4.724180659883492e-268,1.3214762851640704e-38,5.328037540261795e-45,3.2522976510077844e-50,2.4247205160208108e-84,9.569421107588348e-63,3.5128323458236804e-45,0.0024944581561157616,0.0,0.0,0.0
18.616666666666667,0.03276596,0.0020777092345532,7.489431041282034e-25,1.0015475771478948e-07,1.9530138502511558e-268,1.1364770515460262e-38,4.422202414514102e-45,2.6021472860172967e-50,1.5894215847068372e-84,6.552140401204596e-63,2.56988697291148e-45,0.002077609079795485,0.0,0.0,0.0
18.633333333333333,0.028085107,0.0017278000899994264,6.99161874877376e-25,9.858702988332252e-08,8.073895476926967e-269,9.77365666486163e-39,3.6703141303167064e-45,2.081938461473566e-50,1.0418443550921814e-84,4.486029908448628e-63,1.8799571928735946e-45,0.001727701502969543,0.0,0.0,0.0
18.65,0.028085107,0.0014346234540674044,6.526874687107365e-25,9.704382902273699e-08,3.33779683963542e-269,8.405210854591436e-39,3.046219203932282e-45,1.665705982141867e-50,6.828934505133227e-85,3.0713029435120575e-63,1.375179356255916e-45,0.0014345264102383817,0.0,0.0,0.0
18.666666666666668,0.028085107,0.0011894200171900576,6.093003648567861e-25,9.552477163995739e-08,1.3798620006661436e-269,7.228285313093957e-39,2.528205581137288e-45,1.3326719750823593e-50,4.4759937445300286e-85,2.102639161938927e-63,1.0058848854986696e-45,0.0011893244924184177,0.0,0.0,0.0
18.683333333333334,0.028085107,0.000984695604321762,5.687956055110707e-25,9.402948023388551e-08,5.704405544506729e-270,6.216087436148118e-39,2.098248678235069e-45,1.0662097898807978e-50,2.9336781324939917e-85,1.439423282902707e-63,7.357239302879434e-46,0.000984601574841528,0.0,0.0,0.0
18.7,0.028085107,0.0008140558082337237,5.309818304002248e-25,9.255758320185026e-08,2.3582189070729075e-270,5.345571108766545e-39,1.7413853616619183e-45,8.530148011431957e-51,1.9227462630435615e-85,9.85358024613408e-64,5.3809536346255715e-46,0.0008139632506505218,0.0,0.0,0.0
18.716666666666665,0.028085107,0.0006720587398492499,4.956803753027627e-25,9.110871474752221e-08,9.748927235487737e-271,4.596913056971337e-39,1.4451941651051273e-45,6.82440805384025e-51,1.260137853912576e-85,6.744991880762269e-64,3.9353330353846475e-46,0.0006719676311345024,0.0,0.0,0.0
18.73333333333333,0.028085107,0.000554084645817718,4.627244302926474e-25,8.968251479026045e-08,4.0302179394450056e-271,3.953062356666375e-39,1.1993637225071371e-45,5.459689496666555e-51,8.258492119284016e-86,4.616902695815039e-64,2.877939839397342e-46,0.0005539949633029278,0.0,0.0,0.0
18.75,0.028085107,0.0004562210554660566,4.319582537520957e-25,8.827862887587567e-08,1.6660929575805951e-271,3.399352883840137e-39,9.953344511960813e-46,4.367827291795275e-51,5.412153781132416e-86,3.160108590260353e-64,2.104553710014257e-46,0.0004561327768371807,0.0,0.0,0.0
18.766666666666666,0.028085107,0.00037516208833264,4.0323643846139204e-25,8.689670808878459e-08,6.887615936391482e-272,2.9231699161999484e-39,8.260010572829384e-46,3.4942787362326453e-51,3.5467143758230035e-86,2.1628946321743467e-64,1.5389216254683089e-46,0.0003750751916245512,0.0,0.0,0.0
18.78333333333333,0.028085107,0.0003081205656793779,3.7642322631775114e-25,8.553640896553342e-08,2.847328763260523e-272,2.5136633232849114e-39,6.854655431690618e-46,2.7954017064833894e-51,2.324176302746825e-86,1.4803038450976238e-64,1.1252558518811176e-46,0.0003080350292704124,0.0,0.0,0.0
18.8,0.028085107,0.0002527516130960049,3.5139186846355508e-25,8.419739340967182e-08,1.1770781845224443e-272,2.1615008378735608e-39,5.6883214739911474e-46,2.236276589937755e-51,1.5229959112788156e-86,1.0130913231250117e-64,8.227434786214494e-47,0.0002526674157025952,0.0,0.0,0.0
18.816666666666663,0.028085107,0.00020708650709060628,3.28024027817075e-25,8.287932860795482e-08,4.865998954778357e-273,1.858655809953897e-39,4.720371007268072e-46,1.7889633284326998e-51,9.979649059572995e-87,6.933118512626174e-65,6.015283620325185e-47,0.00020700362776199832,0.0,0.0,0.0
18.83333333333333,0.023404256,0.00016947559880679024,3.0620922119780346e-25,8.158188694784928e-08,2.0115819025615614e-273,1.5982246262124095e-39,3.917072894215968e-46,1.4311066704892713e-51,6.5391110471320685e-87,4.744506292429211e-65,4.39770772344121e-47,0.00016939401691984238,0.0,0.0,0.0
18.85,0.023404256,0.0001385392367252865,2.858442984245219e-25,8.030474593633028e-08,8.315769424773971e-274,1.374269650604083e-39,3.250429193118391e-46,1.1448200818758209e-51,4.284588472709877e-87,3.2466530399084383e-65,3.2149580313938916e-47,0.00013845893197935016,0.0,0.0,0.0
18.866666666666667,0.023404256,0.00011312570275809653,2.6683295593738246e-25,7.904758811994511e-08,3.4376857312824657e-274,1.1816841202929365e-39,2.6972010652251292e-46,9.157926529321269e-52,2.8072851225786465e-87,2.2215866413886712e-65,2.3501903853838586e-47,0.00011304665516997658,0.0,0.0,0.0
18.883333333333333,0.028085107,9.227526902566297e-05,2.4908528265754553e-25,7.781010100611791e-08,1.4211140079250747e-274,1.016075929209968e-39,2.2381001214772488e-46,7.32574456985846e-52,1.83929329244242e-87,1.5201037432394172e-65,1.7179466489490238e-47,9.219745892465686e-05,0.0,0.0,0.0
18.9,0.028085107,7.51895732512426e-05,2.32517335949257e-25,7.659197698568975e-08,5.874767559158015e-275,8.736676599263226e-40,1.8571171213020576e-46,5.860047106787432e-52,1.205043018404948e-87,1.0400779087187447e-65,1.2557271606948395e-47,7.511298127425691e-05,0.0,0.0,0.0
18.916666666666668,0.028085107,6.120559729934703e-05,2.1705074569039436e-25,7.539291325666163e-08,2.4285747612442926e-275,7.512105931746789e-40,1.5409647028078707e-46,4.687542071205898e-52,7.894802362306671e-88,7.116087160046269e-66,9.178252223031793e-48,6.113020438609037e-05,0.0,0.0,0.0
18.933333333333334,0.023404256,4.977361472120379e-05,2.0261234458965632e-25,7.421261174913142e-08,1.0039481667448435e-275,6.459107415286183e-40,1.278614781725702e-46,3.7495919112863756e-52,5.172103034868767e-88,4.868548054918141e-66,6.708167061250376e-48,4.969940210945466e-05,0.0,0.0,0.0
18.95,0.023404256,4.04385485174727e-05,1.8913382301163459e-25,7.305077905139677e-08,4.15021056618243e-276,5.5536522664008165e-40,1.0609145429571513e-46,2.9992840622255634e-52,3.388287970765709e-88,3.330738603736847e-66,4.9026064090352296e-48,4.0365497738421304e-05,0.0,0.0,0.0
18.966666666666665,0.023404256,3.282424932333527e-05,1.7655140668630903e-25,7.19071263372161e-08,1.715647264808493e-276,4.775075542229127e-40,8.802676774957562e-47,2.399086927186208e-52,2.2196308188037144e-88,2.2785816672531752e-66,3.5828577002415323e-48,3.2752342196998054e-05,0.0,0.0,0.0
18.98333333333333,0.023404256,2.662026677526091e-05,1.6480555578675433e-25,7.078136929420048e-08,7.092264193548783e-277,4.105605429724117e-40,7.303697833427764e-47,1.91897437040245e-52,1.4540137401872114e-88,1.5587328090095889e-66,2.618252684618713e-48,2.654948540596671e-05,0.0,0.0,0.0
19.0,0.023404256,2.1570743047526542e-05,1.538406839594066e-25,6.967322805332527e-08,2.9318438973903633e-277,3.52995837403262e-40,6.059887303939342e-47,1.534925097785936e-52,9.524532157637834e-89,1.0662569004581821e-66,1.9132561404098582e-48,2.1501069819473218e-05,0.0,0.0,0.0
19.016666666666666,0.023404256,1.7465107707758724e-05,1.436048959848524e-25,6.858242711954049e-08,1.2119810202629697e-277,3.0349908410861294e-40,5.027823513405576e-47,1.2277220058094302e-52,6.238874034664168e-89,7.293486829353523e-67,1.398023036810467e-48,1.7396525280639183e-05,0.0,0.0,0.0
19.03333333333333,0.023404256,1.4130297488419514e-05,1.3404974283466072e-25,6.750869530346326e-08,5.01013969097247e-278,2.6093997957952955e-40,4.17147117579049e-47,9.81991548497245e-53,4.086544661374845e-89,4.988750578109419e-67,1.0214927439912493e-48,1.406278879311605e-05,0.0,0.0,0.0
19.05,0.023404256,1.1424263718201498e-05,1.251299929715278e-25,6.645176565413704e-08,2.071108704790874e-278,2.243465083926516e-40,3.46092535931964e-47,7.85435151186181e-53,2.676663610494798e-89,3.412178076202662e-67,7.463389072766738e-49,1.135781195254736e-05,0.0,0.0,0.0
19.066666666666663,0.023404256,9.230564447023011e-06,1.1680341881634632e-25,6.54113753928402e-08,8.561601283618019e-279,1.928827857822587e-40,2.871368960033559e-47,6.282142855323078e-53,1.7531492765449418e-89,2.3337533971756487e-67,5.45276533780104e-49,9.165153071630171e-06,0.0,0.0,0.0
19.08333333333333,0.023404256,7.4538681834790854e-06,1.0903059737702364e-25,6.438726584792528e-08,3.5392085278987616e-279,1.6583000052068014e-40,2.3822074023828215e-47,5.024584909864169e-53,1.1482371669869622e-89,1.596105831061123e-67,3.983616786246311e-49,7.38948091763116e-06,0.0,0.0,0.0
19.1,0.023404256,6.0162220904941586e-06,1.0177472410052559e-25,6.33791823906775e-08,1.463040524029981e-279,1.4257002449533103e-40,1.9763504498679238e-47,4.0187176615210942e-53,7.520244301313314e-90,1.0915708245253967e-67,2.9101703358485147e-49,5.952842908103481e-06,0.0,0.0,0.0
19.116666666666667,0.023404256,4.8539598825044644e-06,9.50014390717234e-26,6.238687437217465e-08,6.047914082594519e-280,1.2257131598862705e-40,1.6396161247069056e-47,3.214176652020252e-53,4.925155959406917e-90,7.464929938671727e-68,2.1258835177258907e-49,4.79157300813229e-06,0.0,0.0,0.0
19.133333333333333,0.023404256,3.915143940274541e-06,8.86786647406558e-26,6.14100950611272e-08,2.5000801171242234e-280,1.0537679581512693e-40,1.3602359827874295e-47,2.570673648545492e-53,3.225490434642004e-90,5.104852539640889e-68,1.5528904116763527e-49,3.853733845213414e-06,0.0,0.0,0.0
19.15,0.023404256,3.157452682638922e-06,8.277645441407887e-26,6.044860158269469e-08,1.0334781476557115e-280,9.059342033080886e-41,1.1284445161613904e-47,2.0559811236642115e-53,2.1123180269148443e-90,3.4907952969173658e-68,1.134285887129586e-49,3.0970040810562274e-06,0.0,0.0,0.0
19.166666666666668,0.023404256,2.546438351823064e-06,7.726685079774126e-26,5.9502154858252403e-08,4.2721621816264344e-281,7.788321392004105e-41,9.361383825072703e-48,1.6443198147729314e-53,1.3832818282149002e-90,2.3869831020105644e-68,8.284851205714323e-50,2.4869361969648115e-06,0.0,0.0,0.0
19.183333333333334,0.023404256,2.0540923921300436e-06,7.212375392311397e-26,5.857051954610123e-08,1.766010282782593e-281,6.695555676311473e-41,7.765935909942738e-48,1.315068768178981e-53,9.058366752825238e-91,1.6321428033887775e-68,6.051004120130092e-50,1.9955218725839423e-06,0.0,0.0,0.0
19.2,0.023404256,1.657665810332688e-06,6.732279783640393e-26,5.765346398309898e-08,7.300250975295723e-282,5.756055224414413e-41,6.442307912235543e-48,1.0517333844389212e-53,5.931670710205033e-91,1.1159657791895215e-68,4.419272910223152e-50,1.600012346349589e-06,0.0,0.0,0.0
19.216666666666665,0.023404256,1.338700549227942e-06,6.284123546896776e-26,5.675076012720624e-08,3.0177372435227788e-282,4.948332292419586e-41,5.344204864954457e-48,8.411198729361083e-54,3.8841153076009665e-91,7.630053412967185e-69,3.2274157875530894e-50,1.2819497891007358e-06,0.0,0.0,0.0
19.23333333333333,0.023404256,1.0822352037431383e-06,5.865783114665031e-26,5.586218350092675e-08,1.2474528105315392e-282,4.2539105135406623e-41,4.4332138273334705e-48,6.726748383566118e-54,2.5432859053065376e-91,5.216609426362918e-69,2.3568927753402924e-50,1.0263730202422116e-06,0.0,0.0,0.0
19.25,0.023404256,8.761545553085776e-07,5.475276023156482e-26,5.498751313563034e-08,5.156629190022568e-283,3.656903042849004e-41,3.6774623830709567e-48,5.379569746351641e-54,1.665276241696059e-91,3.566425632171432e-69,1.7210980990792447e-50,8.211670421729472e-07,0.0,0.0,0.0
19.266666666666666,0.023404256,7.106575640180512e-07,5.110751542336269e-26,5.4126531516746894e-08,2.1316051254555177e-283,3.1436497741237453e-41,3.0505053784384866e-48,4.3021444511577e-54,1.0903488276422416e-91,2.438159955033735e-69,1.2567601536261923e-50,6.565310325013043e-07,0.0,0.0,0.0
19.28333333333333,0.023404256,5.778227863768465e-07,4.7704819278394377e-26,5.327902452981209e-08,8.811435930907798e-284,2.702405360457197e-41,2.5304010819876823e-48,3.4404681082245375e-54,7.13892387050075e-92,1.6667691364658416e-69,9.17656704609769e-51,5.245437618470344e-07,0.0,0.0,0.0
19.3,0.023404256,4.712538063361304e-07,4.452854253442637e-26,5.244478140735855e-08,3.642383759920833e-284,2.3230709270985295e-41,2.0989445472606487e-48,2.751345956894532e-54,4.673994494974502e-92,1.1393915744518708e-69,6.700222517363187e-51,4.188090249287718e-07,0.0,0.0,0.0
19.316666666666663,0.023404256,3.857902883503254e-07,4.156362785588622e-26,5.16235946766344e-08,1.5056492004124725e-284,1.996963360064276e-41,1.7410314379586645e-48,2.2002295946601365e-54,3.0600733716052363e-92,7.788519606893686e-70,4.891921026874664e-51,3.3416669367369104e-07,0.0,0.0,0.0
19.33333333333333,0.023404256,3.172727773300598e-07,3.879601864014054e-26,5.081526010813675e-08,6.22387670841292e-285,1.7166169099209724e-41,1.4441301220001782e-48,1.759486547132402e-54,2.0033817863835885e-92,5.3237941436703795e-70,3.5715024955709084e-51,2.66457517221923e-07,0.0,0.0,0.0
19.35,0.023404256,2.6235146190403013e-07,3.6212592549140507e-26,5.0019576664950316e-08,2.5727480200350995e-285,1.4756125863181526e-41,1.1978436149926862e-48,1.4070160901120225e-54,1.3115470694474078e-92,3.6389163768944154e-70,2.6073772341257477e-51,2.1233188523907982e-07,0.0,0.0,0.0
19.366666666666667,0.023404256,2.1833085274785086e-07,3.3801099453001075e-26,4.9236346452877093e-08,1.0634880528236986e-285,1.2684314520378076e-41,9.93546086165007e-49,1.125142053440289e-54,8.586029198706191e-93,2.487181296840718e-70,1.9034358830176398e-51,1.6909450629497377e-07,0.0,0.0,0.0
19.383333333333333,0.023404256,1.8304376496607443e-07,3.155010349285125e-26,4.846537467134064e-08,4.39609502731549e-286,1.0903284699447645e-41,8.240812397961436e-49,8.997271916499933e-55,5.620684399547115e-93,1.699915831638648e-70,1.3894860385034897e-51,1.3457839029473378e-07,0.0,0.0,0.0
19.4,0.023404256,1.5474918177936973e-07,2.9448928989729275e-26,4.7706469565061355e-08,1.817191195230585e-286,9.37224024648262e-42,6.835120431213937e-49,7.194647910046367e-55,3.679378273324553e-93,1.1618018467339074e-70,1.0142657362824052e-51,1.0704271221430838e-07,0.0,0.0,0.0
19.416666666666668,0.023404256,1.3204955756190586e-07,2.7487609944362414e-26,4.695944237648262e-08,7.511614202005245e-287,8.056106435698207e-42,5.6691306272299485e-49,5.7531205028600375e-55,2.408508138939895e-93,7.940017058129159e-71,7.40339690392986e-52,8.509011518542324e-08,0.0,0.0,0.0
19.433333333333334,0.023404256,1.1382392652078472e-07,2.565684288961148e-26,4.622410729894229e-08,3.105024459273706e-287,6.924727886299925e-42,4.7019815789374255e-49,4.600368669230619e-55,1.5765591746936782e-93,5.426197509725882e-71,5.403710845848301e-52,6.759981922184243e-08,0.0,0.0,0.0
19.45,0.028085107,9.917384833041995e-08,2.3947942873148803e-26,4.5500281430571786e-08,1.2835000204719902e-287,5.952178877934511e-42,3.8997751315425345e-49,3.6785533537644704e-55,1.0319554593975812e-93,3.708127078457154e-71,3.9439830435729066e-52,5.367356689984816e-08,0.0,0.0,0.0
19.466666666666665,0.028085107,8.737976839163203e-08,2.2352802362687824e-26,4.4787784728917956e-08,5.3054941469488476e-288,5.116170320349682e-42,3.2343901598842256e-49,2.941418048440786e-55,6.754608585045139e-94,2.5339528471955165e-71,2.878458171877058e-52,4.259198366271408e-08,0.0,0.0,0.0
19.48333333333333,0.028085107,7.786581860052025e-08,2.086385287984091e-26,4.4086439966271456e-08,2.1930821870952313e-288,4.397539837379653e-42,2.682498356002468e-49,2.3519697534300557e-55,4.4210763944370194e-94,1.7315196195165293e-71,2.100713520018845e-52,3.3779378634248804e-08,0.0,0.0,0.0
19.5,0.028085107,7.017145169973698e-08,1.9474029181556207e-26,4.339607268569244e-08,9.065318879355212e-289,3.779813321338062e-42,2.224747636997784e-49,1.8806241667606773e-55,2.8936399187954516e-94,1.1831541491299098e-71,1.5330483032349684e-52,2.6775379014044546e-08,0.0,0.0,0.0
19.516666666666666,0.028085107,6.392860268346895e-08,1.8176735820079764e-26,4.271651115772434e-08,3.7472302197898112e-289,3.2488279444839593e-42,1.845084635706463e-49,1.5037221901264591e-55,1.8938676652328795e-94,8.084261074942759e-72,1.1187344816084912e-52,2.121209152574461e-08,0.0,0.0,0.0
19.53333333333333,0.028085107,5.884331616204507e-08,1.696581592359519e-26,4.204758633778059e-08,1.548947796558912e-289,2.792408016564513e-42,1.5301925935508751e-49,1.202343430550242e-55,1.2394913046118496e-94,5.523628637237205e-72,8.163576414684615e-53,1.679572982426448e-08,0.0,0.0,0.0
19.55,0.028085107,5.468097886317806e-08,1.5835522050177306e-26,4.138913182419902e-08,6.402687475864942e-290,2.4000862834653644e-42,1.2690250054620237e-49,9.613572502919493e-56,8.111965423822538e-95,3.7739297842109487e-72,5.956844027259774e-53,1.329184703897904e-08,0.0,0.0,0.0
19.566666666666663,0.028085107,5.1254459662293157e-08,1.478048897745391e-26,4.0740983816950286e-08,2.646591699109135e-290,2.062864299185039e-42,1.0524187115326084e-49,7.686638143695185e-56,5.3088137192191904e-95,2.5783888651637075e-72,4.3464471019643385e-53,1.0513475845342874e-08,0.0,0.0,0.0
19.58333333333333,0.028085107,4.841459239032579e-08,1.3795708299496775e-26,4.0102981076989626e-08,1.0939833446015692e-290,1.7730063953186797e-42,8.727729056935024e-50,6.145871016099479e-56,3.4742231487901484e-95,1.7615230633005045e-72,3.171283338065103e-53,8.311611313336164e-09,0.0,0.0,0.0
19.6,0.028085107,4.604254468426415e-08,1.2876504711000114e-26,3.9474964886244964e-08,4.5220316574548195e-291,1.5238625393212025e-42,7.237828350117761e-50,4.9138945746205515e-56,2.2735619773246615e-95,1.203410017896814e-72,2.3137596585629405e-53,6.567579798019184e-09,0.0,0.0,0.0
19.616666666666667,0.028085107,4.404370386740601e-08,1.2018513866740484e-26,3.8856779008229826e-08,1.8691993148370616e-291,1.3097160324823636e-42,6.002188745334889e-50,3.9288335584021735e-56,1.4878007999114208e-95,8.220994162696837e-73,1.688045189718589e-53,5.186924859176182e-09,0.0,0.0,0.0
19.633333333333333,0.028085107,4.234278200722956e-08,1.1217661711752148e-26,3.8248269649268246e-08,7.726392325932719e-292,1.1256525658385747e-42,4.977432486266828e-50,3.1412090779245387e-56,9.735801662131577e-96,5.615915206096402e-73,1.2314948240641027e-53,4.094512357961316e-09,0.0,0.0,0.0
19.65,0.028085107,4.087989996307606e-08,1.0470145184589515e-26,3.7649285420328477e-08,3.193721421633986e-292,9.674476400907609e-43,4.1275798585908887e-50,2.5114555059290587e-56,6.370706898591373e-96,3.836209215096263e-73,8.983878787871153e-54,3.2306145427475865e-09,0.0,0.0,0.0
19.666666666666668,0.028085107,3.9607456914200216e-08,9.772414202520236e-27,3.705967729945057e-08,1.320129205708646e-292,8.314697751126609e-43,3.4227878650271213e-50,2.0079346697451946e-56,4.168622278471069e-96,2.6204122591672135e-73,6.553571159302934e-54,2.54777961474965e-09,0.0,0.0,0.0
19.683333333333334,0.028085107,3.8487629605547346e-08,9.121154843543124e-27,3.6479298594761403e-08,5.456761629951729e-293,7.145972953937074e-43,2.83830387914927e-50,1.6053477666078596e-56,2.7276366438165883e-96,1.7898746281965784e-73,4.7805192307945596e-54,2.0083310107859452e-09,0.0,0.0,0.0
19.7,0.028085107,3.749037604231964e-08,8.51327364576681e-27,3.590800490806631e-08,2.2555510661711964e-293,6.1414678798428496e-43,2.353597649355614e-50,1.2834653592427444e-56,1.7847178788832042e-96,1.2225350159771658e-73,3.4870253569410504e-54,1.5823711342533313e-09,0.0,0.0,0.0
19.716666666666665,0.028085107,3.6591842974750835e-08,7.94588294996607e-27,3.53456540990098e-08,9.323296276519105e-294,5.278115962792938e-43,1.9516412631718019e-50,1.0261117542850674e-56,1.1677281664641179e-96,8.349986294878774e-74,2.5434206785991856e-54,1.246188875741034e-09,0.0,0.0,0.0
19.73333333333333,0.028085107,3.577309635774169e-08,7.416287216046262e-27,3.4792106249795905e-08,3.853766961788663e-294,4.53608942369683e-43,1.6183118585691057e-50,8.20352819561089e-57,7.640171317378218e-97,5.702903630782591e-74,1.8550875770641335e-54,9.809901079457826e-10,0.0,0.0,0.0
19.75,0.028085107,3.501910995471234e-08,6.921970248746034e-27,3.4247223630458485e-08,1.5929441799578474e-294,3.898344679477951e-43,1.3418961640460049e-50,6.558464967102541e-57,4.998660413596221e-97,3.8948628680183e-74,1.352987651991474e-54,7.718863242538547e-10,0.0,0.0,0.0
19.766666666666666,0.028085107,3.4317960119835254e-08,6.460583272202547e-27,3.3710870664675404e-08,6.584378869669744e-295,3.3502315336995028e-43,1.1126795128722448e-50,5.243234240210456e-57,3.270343732667014e-97,2.659954648842651e-74,9.867485915325277e-55,6.070894551598512e-10,0.0,0.0,0.0
19.78333333333333,0.028085107,3.366018513749768e-08,6.029933797004318e-27,3.318291389611414e-08,2.7216245672095604e-295,2.8791572033022857e-43,9.226049336441581e-51,4.1917160943096815e-57,2.1395499864810825e-97,1.8165287182224024e-74,7.196188526419892e-55,4.772712413835401e-10,0.0,0.0,0.0
19.8,0.028085107,3.3038275808915915e-08,5.6279752271043434e-27,3.2663221955305106e-08,1.124969561123576e-295,2.474297490117413e-43,7.649903724715893e-51,3.3510431232776696e-57,1.3997187343773001e-97,1.2404987544657872e-74,5.247856532852204e-55,3.7505385361081093e-10,0.0,0.0,0.0
19.816666666666663,0.03276596,3.2446270647391164e-08,5.252797157453598e-27,3.215166552703122e-08,4.6499949388331385e-296,2.126348484186215e-43,6.342941374432522e-51,2.678944665911498e-57,9.156899577094518e-98,8.471035034956706e-75,3.826880023482889e-55,2.946051203599496e-10,0.0,0.0,0.0
19.83333333333333,0.03276596,3.1879434394782155e-08,4.9026163164794496e-27,3.1648117318225945e-08,1.9220440832165944e-296,1.827313113153022e-43,5.25920344651589e-51,2.1416231539967876e-57,5.990257620874631e-98,5.78445912689458e-75,2.790559454423613e-55,2.3131707655620987e-10,0.0,0.0,0.0
19.85,0.03276596,3.133400286025352e-08,4.575768110579346e-27,3.115245202637415e-08,7.944624331114743e-297,1.5703176492770757e-43,4.360575460300043e-51,1.712055980016998e-57,3.918609232311252e-98,3.9498010500386634e-75,2.0347980835796363e-55,1.815508338793726e-10,0.0,0.0,0.0
19.866666666666667,0.03276596,3.080698051652483e-08,4.270698730639181e-27,3.066454630840576e-08,3.2838442269382104e-297,1.3494539711267376e-43,3.6154488155300234e-51,1.3686376372628177e-57,2.5633496950417868e-98,2.6969563808049596e-75,1.4836622068266668e-55,1.4243420811907383e-10,0.0,0.0,0.0
19.883333333333333,0.03276596,0.008964295696352494,3.9859577832436506e-27,3.0184278750073863e-08,1.3573470123393189e-297,1.1596439664491063e-43,2.997610626226843e-51,1.0940939602514176e-57,1.6767689931745588e-98,1.8414456818619815e-75,1.0817639112556683e-55,1.1170128669382134e-10,0.008964265400372456,0.0,0.0
19.9,0.03276596,0.01933625020270936,3.7201914117245436e-27,2.971152983581304e-08,5.610459080415195e-298,9.965229695071509e-44,2.4853229343822332e-51,8.74613948949019e-58,1.0968017216642576e-98,1.2572748930299054e-75,7.887034677232994e-56,8.756531662701822e-11,0.019336220403614206,0.0,0.0
19.916666666666668,0.03276596,0.02535095157556101,3.4721358745032504e-27,2.9246181919067e-08,2.3190230930714363e-298,8.563395619202474e-44,2.0605590080355836e-51,6.991555809976867e-58,7.174184787671048e-99,8.583965516046792e-76,5.750146163639702e-56,6.861804872000661e-11,0.02535092226076104,0.0,0.0
19.933333333333334,0.037446808,0.029651992932574082,3.240611550348642e-27,2.878811919308019e-08,9.585414904865079e-299,7.358694406986719e-44,1.7083699339388292e-51,5.5889074962055266e-58,4.6925247749687025e-99,5.860465681640326e-76,4.192064497061035e-56,5.375007519317159e-11,0.029651964090704815,0.0,0.0
19.95,0.037446808,0.032917656773964576,3.0245173421850188e-27,2.833722766214505e-08,3.96201330208663e-299,6.323413792825959e-44,1.4163592823799552e-51,4.467614490980973e-58,3.0692354373226468e-99,4.00094684769885e-76,3.0560540444754393e-56,4.208781623606167e-11,0.032917628394649096,0.0,0.0
19.966666666666665,0.037446808,0.03545981493260388,2.822825452970151e-27,2.7893395113298532e-08,1.6376463261202054e-299,5.433735843494264e-44,1.174247410674191e-51,3.571249149757894e-58,2.007444196892038e-99,2.7313665006165214e-76,2.2278101165432416e-56,3.294370238399879e-11,0.035459787006265064,0.0,0.0
19.98333333333333,0.037446808,0.03745718668891416,2.634576508921282e-27,2.745651108846086e-08,6.768983820113609e-300,4.669189892669788e-44,9.735101149603585e-52,2.8546989264011242e-58,1.3129447193376981e-99,1.864591788154741e-76,1.6239753940237805e-56,2.5776809893754538e-11,0.03745715920662626,0.0,0.0
20.0,0.037446808,0.03902552993673459,2.458875007007951e-27,2.7026466857008662e-08,2.7978602209928354e-300,4.012182297915291e-44,8.070789473032888e-52,2.2818977965554354e-58,8.58695357788359e-100,1.2728411203691659e-76,1.1837634122373387e-56,2.016177178412297e-11,0.03902550289010596,0.0,0.0
20.016666666666666,0.042127658,0.040245936922843964,2.294885065164312e-27,2.660315538877762e-08,1.1564523163371157e-300,3.4475922361856933e-44,6.690926779961236e-52,1.8240124348379378e-58,5.615928083091052e-100,8.688630285891202e-77,8.628486802172518e-57,1.5764237146891437e-11,0.04024591030392434,0.0,0.0
20.03333333333333,0.042127658,0.041178383186300606,2.1418264551028574e-27,2.618647132748508e-08,4.780008050941493e-301,2.9624242671611935e-44,5.546911771159992e-52,1.4579920022673815e-58,3.67277007859269e-100,5.930825933447388e-77,6.289102705447036e-57,1.2321509100904189e-11,0.04117835698750777,0.0,0.0
20.05,0.042127658,0.041869013475226376,1.9989708989501575e-27,2.577631096456925e-08,1.9757350709689883e-301,2.545509694668348e-44,4.598444776627651e-52,1.1654086645907756e-58,2.401904634198385e-100,4.048236035034366e-77,4.583815398068981e-57,9.62727605841258e-12,0.04186898768928814,0.0,0.0
20.066666666666663,0.042127658,0.04235440475105091,1.865638612169471e-27,2.5372572213436372e-08,8.166349733656922e-302,2.1872498749197297e-44,3.8121101712733334e-52,9.315305670776692e-59,1.5707520157205267e-100,2.7631426834011284e-77,3.3407963118525393e-57,7.519576745856063e-12,0.042354379370959115,0.0,0.0
20.08333333333333,0.042127658,0.04266422666523043,1.7411950764021658e-27,2.497515458410949e-08,3.375409190993194e-302,1.8793955818627975e-44,3.1602007835365273e-52,7.4458066996371415e-59,1.0271866614070689e-100,1.8859391748964953e-77,2.4347668725157415e-57,5.8713186085270754e-12,0.04266420168420453,0.0,0.0
20.1,0.042127658,0.042822988909741566,1.6250480269457216e-27,2.458395915827427e-08,1.3951601769909533e-302,1.6148573665944226e-44,2.619742999540718e-52,5.95144187265354e-59,6.717087861654694e-101,1.2871791158762034e-77,1.7743910586792883e-57,4.582811357297888e-12,0.0428229643211996,0.0,0.0
20.116666666666667,0.042127658,0.04285123748402637,1.5166446406016448e-27,2.4198888564714204e-08,5.7666143131468525e-303,1.3875425584686577e-44,2.1716883107953285e-52,4.756948389513447e-59,4.3924075722402415e-101,8.784909025088524e-78,1.2930815866596216e-57,3.575890083545412e-12,0.04285121328156191,0.0,0.0
20.133333333333333,0.042127658,0.042766402380091766,1.4154689105740704e-27,2.3819846955128544e-08,2.3835097522216768e-303,1.1922151664877528e-44,1.8002428973061704e-52,3.802160973582544e-59,2.872196912091556e-101,5.995460966149087e-78,9.422956931351124e-58,2.789291630671664e-12,0.04276637855745552,0.0,0.0
20.15,0.042127658,0.042583415964704746,1.3210391959854597e-27,2.3446739980329084e-08,9.851722182262942e-304,1.0243754647971367e-44,1.4923116850767666e-52,3.0389838307669666e-59,1.8780874008170334e-101,4.0916169240363115e-78,6.866465413181205e-58,2.175018589253149e-12,0.04258339251578975,0.0,0.0
20.166666666666668,0.042127658,0.042315175425654286,1.2329059344003765e-27,2.307947476680833e-08,4.071988818956796e-304,8.801564976259538e-45,1.2370373373222761e-52,2.4289698305854662e-59,1.2280256221746054e-101,2.7922511256837553e-78,5.003386813067941e-58,1.6954812155201158e-12,0.04231515234448404,0.0,0.0
20.183333333333334,0.042127658,0.04197289610158178,1.1506495065210193e-27,2.2717959893673618e-08,1.6830623186722439e-304,7.562351271742228e-45,1.0254179732660836e-52,1.9413851612789e-59,8.029511598097323e-102,1.9054657707230228e-78,3.6456904795764445e-58,1.3212518118135654e-12,0.041972873382300636,0.0,0.0
20.2,0.042127658,0.04156638653670179,1.0738782429372902e-27,2.2362105369941344e-08,6.956535703462562e-305,6.497555816269534e-45,8.499901740862076e-53,1.5516621172704111e-59,5.250019727207111e-102,1.3002744937066235e-78,2.6563202911256967e-58,1.0293010787434282e-12,0.04156636417356712,0.0,0.0
20.216666666666665,0.042127658,0.04110426614613247,1.002226563486507e-27,2.2011822612185994e-08,2.8753124410836587e-305,5.5826374732333863e-45,7.0456612943449195e-53,1.240162191904203e-59,3.4325974561062215e-102,8.872708146904611e-79,1.9353792279815516e-58,8.016135789054187e-13,0.041104244133508244,0.0,0.0
20.23333333333333,0.042127658,0.04059413998406051,9.353532404058827e-28,2.1667024422538484e-08,1.188437300075433e-305,4.7965069569075436e-45,5.840156804427041e-53,9.911872514585842e-60,2.244269379368397e-102,6.054310023453991e-79,1.4100572961248565e-58,6.241012707646513e-13,0.040594118316411985,0.0,0.0
20.25,0.042127658,0.040042740890171756,8.729397770461718e-28,2.132762496702763e-08,4.9120944863166535e-306,4.121041475239798e-45,4.840855930037138e-53,7.921890418572123e-60,1.4672944998810669e-102,4.131050161447225e-79,1.02728879638392e-58,4.857512921424146e-13,0.04004271956206104,0.0,0.0
20.266666666666666,0.037446808,0.03945604644196681,8.146888944624859e-28,2.0993539754260834e-08,2.0302819778293915e-306,3.5406675940204534e-45,4.0124970374802525e-53,6.331372541200787e-60,9.592897940314045e-103,2.818666401123449e-79,7.483995340038318e-59,3.7795775770717564e-13,0.0394560254480491,0.0,0.0
20.28333333333333,0.037446808,0.03883937617610931,7.6032311870805085e-28,2.066468561443644e-08,8.391608582333812e-307,3.042002736671457e-45,3.3258466644929267e-53,5.060143496282745e-60,6.271517205084374e-103,1.9231551929025803e-79,5.452048214311454e-59,2.9399804629554503e-13,0.0388393555111297,0.0,0.0
20.3,0.037446808,0.03819747316071929,7.095834621347239e-28,2.0340980678685232e-08,3.4684328493367757e-307,2.613547080307554e-45,2.756669266897225e-53,4.0441172250859445e-60,4.100017424382915e-103,1.3121167305099529e-79,3.971651624857703e-59,2.2862249546527847e-13,0.03819745281950999,0.0,0.0
20.316666666666663,0.037446808,0.03753457301241684,6.622281924479439e-28,2.0022344358734076e-08,1.433575526935026e-307,2.2454187660821467e-45,2.2848729909100475e-53,3.232068743419856e-60,2.6803351862566356e-103,8.951960287198504e-80,2.893129965397728e-59,1.7773307020743614e-13,0.03753455298989475,0.0,0.0
20.33333333333333,0.037446808,0.036854462733842484,6.180316836798697e-28,1.970869732688677e-08,5.925255516874227e-308,1.9291263366765256e-45,1.893801404835721e-53,2.5830535220685627e-60,1.7521967243242694e-103,6.107330149537366e-80,2.1074153227057456e-59,1.3813180817190316e-13,0.036854443025007025,0.0,0.0
20.35,0.03276596,0.03616053121797576,5.7678334363247135e-28,1.9399961496318558e-08,2.4490226822912837e-308,1.6573731689438768e-45,1.569646257837677e-53,2.0643445967371812e-60,1.145425908062293e-103,4.1665084759112866e-80,1.5350332011328458e-59,1.073239638902183e-13,0.036160511817906936,0.0,0.0
20.366666666666667,0.03276596,0.035455812870057425,5.382866127043211e-28,1.9096060001678095e-08,1.012226616287294e-308,1.423889404769502e-45,1.300960591063148e-53,1.6497835559018767e-60,7.487581311473193e-104,2.842371282875386e-80,1.1180749540015458e-59,8.336401541280331e-14,0.03545579377391406,0.0,0.0
20.383333333333333,0.03276596,0.034743025498825145,5.023580293526451e-28,1.879691717999181e-08,4.183713353147143e-309,1.2232875150345496e-45,1.0782550571514766e-53,1.3184623832697343e-60,4.894479826200382e-104,1.9389966227075273e-80,8.143472351464223e-60,6.473524497505712e-14,0.03474300670184323,0.0,0.0
20.4,0.03276596,0.03402460340002625,4.688263577586067e-28,1.8502458551867402e-08,1.729200349512796e-309,1.0509381746555911e-45,8.936632321250839e-54,1.0536697832465617e-60,3.199351856762779e-104,1.3226990781033567e-80,5.93108229976005e-60,5.025560794462e-14,0.03402458489751744,0.0,0.0
20.416666666666668,0.03276596,0.033302726378369854,4.37531773557653e-28,1.8212610802990735e-08,7.14706834277833e-310,9.028635934721364e-46,7.406641317183931e-54,8.420489302695318e-61,2.091259702765966e-104,9.022623693228791e-81,4.31960411677905e-60,3.900417749170584e-14,0.03330270816572005,0.0,0.0
20.433333333333334,0.03276596,0.03257934531611598,4.083251037722241e-28,1.7927301765911684e-08,2.95399519244104e-310,7.75645848988576e-46,6.138521576783104e-54,6.729242256115533e-61,1.3669242972301803e-104,6.154495761741236e-81,3.1458620118256743e-60,3.0263687724130344e-14,0.032579327388783955,0.0,0.0
20.45,0.028085107,0.031856204787834554,3.81067117341003e-28,1.764646040211452e-08,1.2209302781162e-310,6.663481118448413e-46,5.087463692314764e-54,5.3776315360394175e-61,8.934526010363877e-105,4.1979763795445674e-81,2.290979340078695e-60,2.347566759654678e-14,0.031856187141350675,0.0,0.0
20.466666666666665,0.028085107,0.03113486313456839,3.556278628784444e-28,1.7370016784368392e-08,5.0462780504366e-311,5.724469513120317e-46,4.2163235945137453e-54,4.297461311418081e-61,5.8396815004877725e-105,2.863356535373453e-81,1.6683551701972445e-60,1.820541858368019e-14,0.0311348457645334,0.0,0.0
20.48333333333333,0.028085107,0.030416710341530467,3.318860505221814e-28,1.70979020793538e-08,2.085694634096e-311,4.9177416288346586e-46,3.494311643460054e-54,3.434226820147474e-61,3.816782595142322e-105,1.952984660270153e-81,1.2149033769127614e-60,1.4114685656404877e-14,0.030416693243614273,0.0,0.0
20.5,0.028085107,0.02970298400773028,3.0972847493497966e-28,1.6830048530560022e-08,8.62044145119e-312,4.2246677901258064e-46,2.8959058449495005e-54,2.7443661462123174e-61,2.4945736615662817e-105,1.3320184623803067e-81,8.846692036184352e-61,1.0940338741371469e-14,0.02970296717767081,0.0,0.0
20.516666666666666,0.023404256,0.028994783650643636,2.89049476722876e-28,1.6566389441450447e-08,3.5629319647e-312,3.629241122595357e-46,2.3999508847004786e-54,2.1930635670374833e-61,1.6303690353137854e-105,9.084681520172086e-82,6.441782759941421e-61,8.477748287385266e-15,0.028994767084245716,0.0,0.0
20.53333333333333,0.023404256,0.02829308355200763,2.697504397130777e-28,1.6306859158889914e-08,1.47259999032e-312,3.1177084187301554e-46,1.9889112183988358e-54,1.7524937874874046e-61,1.065531294200268e-105,6.19579816140643e-82,4.690480001997363e-61,6.567825591099863e-15,0.028293067245141905,0.0,0.0
20.55,0.023404256,0.027598744320353457,2.5173932170562067e-28,1.6051393056831952e-08,6.08641114504e-313,2.678252938660527e-46,1.6482518831241272e-54,1.4004185843774642e-61,6.963654792108825e-106,4.2254498280412424e-82,3.4151879035179935e-61,5.0869232729253254e-15,0.027598728268955312,0.0,0.0
20.566666666666663,0.023404256,0.026912523320657144,2.3493021647101573e-28,1.579992752026047e-08,2.5155735588e-313,2.300721841383996e-46,1.3659251960331984e-54,1.1190651378036304e-61,4.550918105787413e-106,2.8816206783267385e-82,2.486555010411499e-61,3.9389671919221676e-15,0.026912507520725684,0.0,0.0
20.58333333333333,0.023404256,0.026235084100483877,2.1924294491457028e-28,1.555239992938199e-08,1.03970960946e-313,1.9763919689757882e-46,1.1319452376756474e-54,8.942295166301614e-62,2.974072816528289e-106,1.965119160826561e-82,1.8103716703312725e-61,3.0493287076839577e-15,0.026235068548080897,0.0,0.0
20.6,0.023404256,0.02556700492442738,2.046026734662042e-28,1.5308748644065566e-08,4.29720653e-314,1.6977685889674716e-46,9.38035111277339e-55,7.145601294615872e-62,1.943546757306858e-106,1.3400753697603134e-82,1.3180250824600598e-61,2.3600538276044687e-15,0.025566989615676376,0.0,0.0
20.616666666666667,0.023404256,0.024908786513847855,1.9093955788385783e-28,1.506891298852557e-08,1.7760687627e-314,1.4584124586595887e-46,7.773345346443235e-55,5.709850204456173e-62,1.2700746145771745e-106,9.138141044211048e-83,9.59546252336849e-62,1.8261499232508815e-15,0.02490877144493304,0.0,0.0
20.633333333333333,0.023404256,0.024260859076411158,1.781884107788979e-28,1.483283323624329e-08,7.34061139e-315,1.2527912270951724e-46,6.441574483164696e-55,4.562541378807365e-62,8.299546316459084e-107,6.2312449888696784e-83,6.985451978200901e-62,1.4126964603544533e-15,0.02426084424357651,0.0,0.0
20.65,0.023404256,0.02362358869931969,1.662883912846583e-28,1.4600450595124753e-08,3.033931515e-315,1.0761517507326868e-46,5.337910871118152e-55,3.645734978105971e-62,5.423384213201371e-107,4.2489358434340614e-83,5.085217343189955e-62,1.0925975614231418e-15,0.023623574098868002,0.0,0.0
20.666666666666668,0.023404256,0.022997283171059306,1.5518271539415606e-28,1.4371707192890302e-08,1.25393729e-315,9.24410380394385e-47,4.4232942433905754e-55,2.9131279635875932e-62,3.543866248472899e-107,2.8971697257383725e-83,3.7017832698251124e-62,8.448343411783237e-16,0.022997268799351267,0.0,0.0
20.683333333333334,0.023404256,0.022382197288735833,1.44818385591119e-28,1.4146546062692394e-08,5.18246197e-316,7.940586909088816e-47,3.665351102092882e-55,2.32771726745505e-62,2.3156623266851585e-107,1.9754050542603857e-83,2.69462892996725e-62,6.53106276933281e-16,0.022382183142189118,0.0,0.0
20.7,0.023404256,0.021778537701398485,1.3514593848996617e-28,1.3924911128958024e-08,2.1420508e-316,6.820824805209239e-47,3.0372503103966735e-55,1.859932161957285e-62,1.5130877775250735e-107,1.3468737224736342e-83,1.961433140691235e-62,5.047753200325752e-16,0.02177852377648685,0.0,0.0
20.716666666666665,0.023404256,0.02118646733399323,1.261192092858959e-28,1.3706747193452489e-08,8.853006e-317,5.858921727909137e-47,2.516754491139933e-55,1.4861416335291684e-62,9.886533188216401e-108,9.183032801047946e-84,1.4276924419993173e-62,3.900455243662508e-16,0.021186453627245645,0.0,0.0
20.73333333333333,0.023404256,0.02060610943159535,1.1769511189592164e-28,1.3491999921561043e-08,3.6592424e-317,5.032630163747656e-47,2.0854337390155122e-55,1.1874614751563476e-62,6.459739040429068e-108,6.260859628650708e-84,1.0391601215233057e-62,3.01325840261235e-16,0.02060609593959513,0.0,0.0
20.75,0.023404256,0.020037551259235283,1.098334337462177e-28,1.3280615828784529e-08,1.5119175e-317,4.3228370380843406e-47,1.7280138807780397e-55,9.488009226185212e-63,4.220627125703115e-108,4.268452103583136e-84,7.563398671062454e-63,2.3273531684750516e-16,0.02003753797861922,0.0,0.0
20.766666666666666,0.023404256,0.019480847488847732,1.0249664423061487e-28,1.307254226744664e-08,6.25361e-318,3.7131222440868057e-47,1.4318362661941475e-55,7.581007396528499e-63,2.757592514856713e-108,2.9100169027221125e-84,5.504758515101503e-63,1.7971899260754876e-16,0.019480834416305284,0.0,0.0
20.78333333333333,0.023404256,0.018936023301561515,9.564971592997231e-29,1.2867727413608182e-08,2.586834e-318,3.1893793310711023e-47,1.1864100089524246e-55,6.057243120145801e-63,1.8016661453961363e-108,1.9838521498334023e-84,4.0063266659590243e-63,1.3874979438069543e-16,0.01893601043383396,0.0,0.0
20.8,0.023404256,0.018403077230644983,8.925995774278123e-29,1.266612025418622e-08,1.079944e-318,2.7394896029455156e-47,9.830408602061078e-56,4.839710274407073e-63,1.1770900580135884e-108,1.3524207439667063e-84,2.915689672598314e-63,1.0709724874952722e-16,0.01840306456452462,0.0,0.0
20.816666666666663,0.023404256,0.017881983767861407,8.329685913379977e-29,1.2467670574274829e-08,4.5207e-319,2.3530421086130974e-47,8.145236028688276e-56,3.8668738654806506e-63,7.690175287436885e-109,9.219409658542254e-85,2.121891351201598e-63,8.264807941783109e-17,0.01788197130019075,0.0,0.0
20.83333333333333,0.023404256,0.017372695753729978,7.773194476040349e-29,1.2272328944662962e-08,1.75803e-319,2.0210930641171767e-47,6.748870976132217e-56,3.089562196003037e-63,5.024050393880493e-109,6.284680570740442e-85,1.54415871787407e-63,6.37670876111811e-17,0.01737268348140097,0.0,0.0
20.85,0.023404256,0.01687514657019522,7.253863878554497e-29,1.2080046709548576e-08,7.5345e-320,1.7359591554243638e-47,5.59182970818768e-56,2.4684832435328625e-63,3.282184283138337e-109,4.2840265024374836e-85,1.1236931444581205e-63,4.918929860776698e-17,0.016875134490148463,0.0,0.0
20.866666666666667,0.023404256,0.01638925215242859,6.769213823223587e-29,1.1890775974444153e-08,2.5113e-320,1.4910399519510288e-47,4.633104760383522e-56,1.9722398945935628e-63,2.144189618660405e-109,2.920182342851156e-85,8.176935475559372e-64,3.7936369214515703e-17,0.016389240261652577,0.0,0.0
20.883333333333333,0.023404256,0.01591491283491099,6.316929477738667e-29,1.1704469594270966e-08,2.5113e-320,1.2806653322549177e-47,3.8387133827383783e-56,1.5757438495093823e-63,1.4007308556669505e-109,1.9904749279603367e-85,5.950048463135093e-64,2.9251815439713744e-17,0.015914901130441368,0.0,0.0
20.9,0.023404256,0.015452015045543529,5.89485044229594e-29,1.1521081161639915e-08,0.0,1.0999644001755143e-47,3.180494495368671e-56,1.2589481303518952e-63,9.150345806011545e-110,1.3567268156926724e-85,4.3294983161686205e-64,2.2550835859580038e-17,0.015452003524462344,0.0,0.0
20.916666666666668,0.023404256,0.015000432860271182,5.500960451973501e-29,1.1340564995315316e-08,0.0,9.447528654031834e-48,2.635111621850728e-56,1.0058342024958637e-63,5.977390782051306e-110,9.247345832071723e-86,3.150226882719975e-64,1.738145144992912e-17,0.015000421519706169,0.0,0.0
20.933333333333334,0.023404256,0.014560029429584686,5.133377765399007e-29,1.1162876128859005e-08,0.0,8.114362884073297e-48,2.1832265435207353e-56,8.036025703313256e-64,3.904605382495253e-110,6.302760733828166e-86,2.2920987480148764e-64,1.3394417113396744e-17,0.014560018266708543,0.0,0.0
20.95,0.023404256,0.01413065828725333,4.7903461939932157e-29,1.0987970299451766e-08,0.0,6.969269556649516e-48,1.8088144511022844e-56,6.420259776175919e-64,2.550551106249357e-110,4.295696685008554e-86,1.6676775911110995e-64,1.0319930629339888e-17,0.01413064729928302,0.0,0.0
20.966666666666665,0.023404256,0.013712164550738126,4.470226729120235e-29,1.081580393688961e-08,0.0,5.985724656355936e-48,1.4985963711342797e-56,5.1293255077445176e-64,1.6660280892937656e-110,2.9276927687290097e-86,1.2133279066954679e-64,7.949607765505742e-18,0.01371215373493418,0.0,0.0
20.98333333333333,0.023404256,0.013304386021914517,4.17148972731398e-29,1.0646334152752061e-08,0.0,5.1409437617266057e-48,1.241568790139001e-56,4.097927830832171e-64,1.0882333769646554e-110,1.9952923208529354e-86,8.827376490498683e-65,6.122536209431134e-18,0.013304375375580359,0.0,0.0
21.0,0.023404256,0.012907154195998848,3.892707616404447e-29,1.0479518729739597e-08,0.0,4.415354962712279e-48,1.0286138356788988e-56,3.2738950021314986e-64,7.108094992526743e-111,1.3598053265174414e-86,6.422032929511204e-65,4.714487894623651e-18,0.012907143716480114,0.0,0.0
21.016666666666666,0.023404256,0.012520295185906673,3.6325480878414237e-29,1.031531611117786e-08,0.0,3.792146045804268e-48,8.521762217030258e-57,2.6155413717022503e-64,4.642756300351847e-111,9.26693585097793e-87,4.671978834096597e-65,3.6295763954350775e-18,0.012520284870590558,0.0,0.0
21.03333333333333,0.023404256,0.01214363056866633,3.3897677428218485e-29,1.0153685390685778e-08,0.0,3.2568754855067824e-48,7.059955264630339e-57,2.0895600506210033e-64,3.032424954065128e-111,6.315166756137864e-87,3.398730352238043e-65,2.7938067074444793e-18,0.012143620414980936,0.0,0.0
21.05,0.023404256,0.011776978159967658,3.163206161989155e-29,9.994586302005193e-09,0.0,2.7971382539730185e-48,5.848843281562139e-57,1.669339019333819e-64,1.9805954156180772e-111,4.3035095609098315e-87,2.4724077876954346e-65,2.1500893046731168e-18,0.011776968165381353,0.0,0.0
21.066666666666663,0.023404256,0.011420152722426831,2.9517803704807543e-29,9.837979208989771e-09,0.0,2.4022787263518025e-48,4.845443454415959e-57,1.3336156037165923e-64,1.2935792359882857e-111,2.932581158382272e-87,1.7985026811930757e-65,1.6543869437519412e-18,0.01142014288444762,0.0,0.0
21.08333333333333,0.023404256,0.01107296661269672,2.754479671981707e-29,9.683825095749612e-09,0.0,2.06314404694048e-48,4.0141407437202435e-57,1.0654013353596117e-64,8.448544300263921e-112,1.9983274837956117e-87,1.3082468997146042e-65,1.272737540176939e-18,0.011072956928871622,0.0,0.0
21.1,0.023404256,0.010735230372144841,2.5703608271971834e-29,9.532085556950809e-09,0.0,1.7718722556854797e-48,3.3254252758681077e-57,8.511228696480879e-65,5.517754118427105e-112,1.361672515944684e-87,9.516034778701458e-66,9.789544444069723e-19,0.010735220840059283,0.0,0.0
21.116666666666667,0.023404256,0.010406753265441932,2.3985435537931212e-29,9.382722788266166e-09,0.0,1.5217102774428415e-48,2.754846051819225e-57,6.79935549110717e-65,3.603582209381706e-112,9.278293484209505e-88,6.921656652072721e-66,7.528503783170244e-19,0.010406743882719142,0.0,0.0
21.133333333333333,0.023404256,0.010087343771063592,2.2382063263816292e-29,9.235699576974972e-09,0.0,1.3068575662470596e-48,2.2821439215925292e-57,5.431749211789703e-65,2.353413182700278e-112,6.32197825937075e-88,5.034447923971202e-66,5.788660916890226e-19,0.010087334535364013,0.0,0.0
21.15,0.023404256,0.009776810027397633,2.0885824565580107e-29,9.090979292710087e-09,0.0,1.122331789539174e-48,1.8905331180477085e-57,4.339184892144935e-65,1.536928312094604e-112,4.3075208001961076e-88,3.6616890840606814e-66,4.4501174265491205e-19,0.009776800936418339,0.0,0.0
21.166666666666668,0.018723404,0.009474960237859415,1.9489564343241544e-29,8.94852587834954e-09,0.0,9.638534465393136e-49,1.5661059017990055e-57,3.4663554529018925e-65,1.0036926540557525e-112,2.934886400008912e-88,2.6631702620177896e-66,3.4204986316820573e-19,0.009474951289333537,0.0,0.0
21.183333333333334,0.018723404,0.00918160303815876,1.8186605134787454e-29,8.808303841050488e-09,0.0,8.277467524795714e-49,1.2973392272376247e-57,2.7690738397156978e-65,6.554500637253873e-113,1.9996075587684286e-88,1.936887059272465e-66,2.6286491187890318e-19,0.00918159422985492,0.0,0.0
21.2,0.018723404,0.00889654782861972,1.697071524713724e-29,8.670278243423225e-09,0.0,7.108544963220714e-49,1.0746859516067862e-57,2.2120375296498766e-65,4.2802607648810216e-113,1.3623473123141085e-88,1.4086321699949736e-66,2.0197690545845538e-19,0.008896539158341476,0.0,0.0
21.216666666666665,0.018723404,0.008619605074236186,1.5836079012406348e-29,8.534414694843257e-09,0.0,6.1046490255625876e-49,8.90236102606559e-58,1.7670423858808221e-65,2.79506958258491e-113,9.281550633030723e-89,1.0244219837325861e-66,1.5516627971224566e-19,0.00861959653982149,0.0,0.0
21.23333333333333,0.018723404,0.0083505865749417,1.4777269027806846e-29,8.400679342899223e-09,0.0,5.2424880514969404e-49,7.374362009554195e-58,1.4115555510217986e-65,1.8251847072652254e-113,6.323287091078415e-89,7.449861540843997e-67,1.1918460251072249e-19,0.008350578174262357,0.0,0.0
21.25,0.0140425535,0.00808930570838694,1.3789220246961e-29,8.269038864974369e-09,0.0,4.502056801231762e-49,6.108566904569178e-58,1.1275752173246763e-65,1.1918259677397846e-113,4.307794315082163e-89,5.417583066316306e-67,9.153153660798797e-20,0.008089297439348074,0.0,0.0
21.266666666666666,0.0140425535,0.00783557764734687,1.2867205799221278e-29,8.139460459959746e-09,0.0,3.8661728803812244e-49,5.059992321315932e-58,9.007196135432047e-66,7.782349214280406e-114,2.9346529375091466e-89,3.939590344848014e-67,7.028291517626946e-20,0.00783556950788641,0.0,0.0
21.28333333333333,0.0140425535,0.007589219553720633,1.2006814421797444e-29,8.01191184009682e-09,0.0,3.3200785364830412e-49,4.191370311637437e-58,7.194991359571459e-66,5.0815997869319494e-114,1.999163432059537e-89,2.864736615293507e-67,5.39582432611673e-20,0.0075892115418087925,0.0,0.0
21.3,0.0140425535,0.007350050750943716,1.1203929397180937e-29,7.886361222947682e-09,0.0,2.8510986114510187e-49,3.471825357422328e-58,5.747348103664697e-66,3.31804366660029e-114,1.3618511670868344e-89,2.083082756206391e-67,4.1418604215355516e-20,0.0073500428645824935,0.0,0.0
21.316666666666663,0.0140425535,0.007117892876496213,1.0454708895511431e-29,7.76277732349086e-09,0.0,2.448346733028774e-49,2.8757781675410882e-58,4.590936705588053e-66,2.1664848434327257e-114,9.276856198287379e-90,1.5146649645033895e-67,3.1788009413539683e-20,0.007117885113718889,0.0,0.0
21.33333333333333,0.0140425535,0.006892570016066813,9.75556762821898e-30,7.641129346340369e-09,0.0,2.1024729441146926e-49,2.3820374104397287e-58,3.6671755066623087e-66,1.41455928948076e-114,6.31919655053671e-90,1.1013235043367495e-67,2.4392819867045822e-20,0.006892562374937466,0.0,0.0
21.35,0.0140425535,0.006673914862778571,9.10315972551826e-30,7.521386978086787e-09,0.0,1.8054469274199024e-49,1.9730471702898862e-58,2.9292651269025373e-66,9.235887202657407e-115,4.304401730995314e-90,8.00758483746474e-68,1.8715096256048516e-20,0.006673901299433292,6.041958300745153e-09,0.0
21.366666666666667,0.0140425535,0.006462399086878098,8.494362756155086e-30,7.403520379758105e-09,0.0,1.550371806438993e-49,1.6342634343345545e-58,2.3398190499786984e-66,6.030149420606227e-115,2.931930409121131e-90,5.822058191863578e-68,1.4356681764664318e-20,0.006461731205586937,6.604777707808007e-07,0.0
21.383333333333333,0.0140425535,0.006265301569591376,7.92626281324265e-30,7.28750017939776e-09,0.0,1.3313242111941244e-49,1.3536374932190676e-58,1.8689706354108236e-66,3.937037378669573e-115,1.9970294874368045e-90,4.23291870964916e-68,1.1011553645066039e-20,0.006255884166359159,9.4101157320375e-06,0.0
21.4,0.018723404,0.006114414900386011,7.396140595105295e-30,7.1732974647594975e-09,0.0,1.1432169050006015e-49,1.1211879265987249e-58,1.4928607735623337e-66,2.5704137535738744e-115,1.3602078862818735e-90,3.0774552561318268e-68,8.444543901345654e-21,0.006056195083523799,5.821264356474676e-05,0.0
21.416666666666668,0.018723404,0.006090496625101623,6.901458414776547e-30,7.060883776115979e-09,0.0,9.816807906298796e-50,9.286459873736293e-59,1.192429653635915e-66,1.6781415528283084e-115,9.264374929435075e-91,2.2373402667796847e-68,6.4749649384186106e-21,0.005862501749805909,0.00022798781441193817,0.0
21.433333333333334,0.023404256,0.006343353994614248,6.439848076228537e-30,6.950231099180137e-09,0.0,8.429635627968566e-50,7.691618007852658e-59,9.524514994743886e-67,1.0955853724393253e-115,6.309820602982284e-91,1.6265253735790274e-68,4.96401188116891e-21,0.005674644899916538,0.0006687021444666108,0.0
21.45,0.028085107,0.007099034842909427,6.00909955953213e-30,6.841311858136714e-09,0.0,7.238426592281907e-50,6.370609514813287e-59,7.607634202414454e-67,7.152468616107413e-116,4.297421850226829e-91,1.182437508147294e-68,3.8050722591335675e-21,0.0054924682514023515,0.0016065597501952172,0.0
21.466666666666665,0.03276596,0.00865111608880146,5.607150461000278e-30,6.7340989087832025e-09,0.0,6.215504935882085e-50,5.276428189364576e-59,6.076493445006712e-67,4.6693649671600275e-116,2.926773281383562e-91,8.595757262625823e-69,2.91627342491783e-21,0.005315818536163069,0.0033352908185394813,0.0
21.48333333333333,0.037446808,0.011337918137228845,5.232076137965345e-30,6.628565531777903e-09,0.0,5.337102379005448e-50,4.370135026108105e-59,4.853478534004018e-67,3.0482587332615495e-116,1.9932433563789157e-91,6.248542347350799e-69,2.234751984439762e-21,0.005144545523426469,0.006193365985236845,0.0
21.5,0.042127658,0.015510406838882784,4.88208051119402e-30,6.524685425993318e-09,0.0,4.582806663824414e-50,3.6194740541953087e-59,3.876589984128581e-67,1.9899309255625247e-116,1.3574434600692116e-91,4.542155101077579e-69,1.7122481285692206e-21,0.004978502034914173,0.010531898279283185,0.0
21.516666666666666,0.05148936,0.02149657146837017,4.555487481079489e-30,6.422432701973838e-09,0.0,3.935087824514567e-50,2.997725609521314e-59,3.096301984253456e-67,1.299021583126933e-116,9.244286262133205e-92,3.301671865541632e-69,1.3117191460167109e-21,0.004817543952878099,0.01667902109305937,0.0
21.53333333333333,0.060851064,0.029567673462359452,4.250732916669484e-30,6.321781875495313e-09,0.0,3.378891309255421e-50,2.4827563246267912e-59,2.473053132761654e-67,8.479826081259583e-117,6.295283086810235e-92,2.3999080514910726e-69,1.0047367997562496e-21,0.004661530221637488,0.024906136918940086,0.0
21.55,0.074893616,0.039910531232369754,3.966357179325254e-30,6.222707861225684e-09,0.0,2.9012885228488905e-50,2.056232098125225e-59,1.9752418849802623e-67,5.5354095411556825e-117,4.286940111291047e-92,1.7443919722063558e-69,7.694874731106536e-22,0.004510322843201522,0.03540020216646037,0.0
21.566666666666663,0.084255315,0.05260844434058644,3.700998145346863e-30,6.1251859664845085e-09,0.0,2.4911766887993546e-50,1.7029660903417239e-59,1.5776252081503368e-67,3.613306708794453e-117,2.9192404805097753e-92,1.2678923361143747e-69,5.892357466468671e-22,0.004363786867519002,0.04824465134788147,0.0
21.58333333333333,0.09829787,0.06763182571362465,3.453384694280984e-30,6.029191885099993e-09,0.0,2.139021072311199e-50,1.4103785850706796e-59,1.2600393507132329e-67,2.358588491542089e-117,1.987845666773531e-92,9.215301156578063e-70,4.511442142772878e-22,0.0042217903778568305,0.06341002930657594,0.0
21.6,0.11234043,0.08483831994960585,3.222330631846925e-30,5.934701691362309e-09,0.0,1.8366335871701753e-50,1.168049528885299e-59,1.0063779400936888e-67,1.5395429977482277e-117,1.3535858914773223e-92,6.697698356862862e-70,3.453670924670365e-22,0.004084204471773538,0.08075410954313061,0.0
21.616666666666667,0.13106383,0.10398123849274073,3.00672901848696e-30,5.841691834071484e-09,0.0,1.5769826525704226e-50,9.673478500732816e-60,8.037756516427233e-68,1.004902188290209e-117,9.216783150823364e-93,4.867775825653967e-70,2.6435422082947078e-22,0.003950903238118165,0.10003032941293073,0.0
21.633333333333333,0.14510638,0.12472455420381609,2.8055468764786242e-30,5.750139130677846e-09,0.0,1.3540298901661639e-50,8.011243857473956e-60,6.419561002005117e-68,6.559158175367784e-118,6.275716918057837e-93,3.537728703263683e-70,2.0231670640702693e-22,0.0038217637304534873,0.12090278472322347,0.0
21.65,0.16382979,0.146662432102865,2.6178202503554593e-30,5.660020761514677e-09,0.0,1.1625898737094086e-50,6.634575046835922e-60,5.127109215140818e-68,4.281192743915208e-118,4.273048046920591e-93,2.5710320372589027e-70,1.5481673762017007e-22,0.003696665937274044,0.1429657605055702,0.0
21.666666666666668,0.18255319,0.16934126628150353,2.4426495970621986e-30,5.571314264120811e-09,0.0,9.98209677984071e-51,5.494423850946098e-60,4.094836543131054e-68,2.794305225606719e-118,2.9093950231523792e-93,1.8684414606479108e-70,1.1845276539547278e-22,0.0035754927493601815,0.1657657679608291,0.0
21.683333333333334,0.2012766,0.19228237290382647,2.2791954838444948e-30,5.483997527651965e-09,0.0,8.570654327354021e-51,4.5501645726991707e-60,3.2703734143431253e-68,1.8237920239406627e-118,1.980879791414456e-93,1.3578149430333432e-70,9.061791776897615e-23,0.0034581299245848907,0.18882423749524405,0.0
21.7,0.22,0.21500378665252154,2.1266745733407457e-30,5.398048787379459e-09,0.0,7.358734815441208e-51,3.7681480580710895e-60,2.6118900860480797e-68,1.190335015506808e-118,1.348665025106641e-93,9.867128617788603e-71,6.931464192443466e-23,0.0033444660504655713,0.2116593152040072,0.0
21.716666666666665,0.2387234,0.23703996353757661,1.9843558767116744e-30,5.313446619275036e-09,0.0,6.3181408423649e-51,3.120503906266302e-60,2.085975669754097e-68,7.768828877338404e-119,9.182070902352446e-94,7.1701814823537314e-71,5.30125096118601e-23,0.003234392504731551,0.23380556571939845,0.0
21.73333333333333,0.2574468,0.2579585600037356,1.851557256922412e-30,5.230169934680368e-09,0.0,5.424658922954308e-51,2.5841482786870685e-60,1.6659439170292143e-68,5.070308349337754e-119,6.251263296257308e-94,5.210251609927e-71,4.053915183029743e-23,0.00312780341415658,0.25483075135940914,0.0
21.75,0.27617022,0.2773738032075561,1.7276421654837915e-30,5.14819797505973e-09,0.0,4.657496765796226e-51,2.1399620242579077e-60,1.330479908133748e-68,3.309067899945744e-119,4.2558427434235015e-94,3.785963914209406e-71,3.0996617161195256e-23,0.0030245956118869623,0.2743492024474712,0.0
21.766666666666666,0.29021275,0.2949562686219466,1.6120165970742568e-30,5.067510306835009e-09,0.0,3.998800012549171e-51,1.7721098919617752e-60,1.0625590568738887e-68,2.1595809975100586e-119,2.8973036483988866e-94,2.7509551183953515e-71,2.3697237278150966e-23,0.002924668593477897,0.29203159496095843,0.0
21.78333333333333,0.30893618,0.310439127234511,1.5041262475010821e-30,4.988086816301175e-09,0.0,3.433237221637657e-51,1.467476616474184e-60,8.485836423680464e-69,1.4093726791857693e-119,1.9723915975394787e-94,1.998848305408541e-71,1.8114457634487916e-23,0.0028279244718336528,0.30761119777459056,0.0
21.8,0.31829786,0.32362111181292835,1.403453861431292e-30,4.9099077046215476e-09,0.0,2.947643461765592e-51,1.2151998175505846e-60,6.776931005126868e-69,9.197604955446623e-120,1.3427123766866552e-94,1.4523306392426052e-71,1.3845147067857967e-23,0.0027342679312324257,0.3208868389717882,0.0
21.816666666666663,0.32765958,0.3343665819302193,1.3095167572267375e-30,4.832953482901134e-09,0.0,2.530714240479691e-51,1.0062830958711418e-60,5.412131129635696e-69,6.002279706612467e-120,9.140366016236982e-95,1.055213964472221e-71,1.0580710838321808e-23,0.0026436061806016367,0.33172297091666414,0.0
21.83333333333333,0.33702126,0.3426031462972739,1.2218645170630335e-30,4.757204967336959e-09,0.0,2.1727426609542704e-51,8.332755595998151e-61,4.322155653163302e-69,3.916970501836336e-120,6.222070915427532e-95,7.666638086915841e-72,8.084954166873796e-24,0.0025558489061960135,0.3400472926338729,0.0
21.85,0.34638298,0.34831733617778915,1.140076831300301e-30,4.682643274444515e-09,0.0,1.8653937033068834e-51,6.90006378258851e-61,3.451670651100633e-69,2.5560949740832888e-120,4.235426303964489e-95,5.570046638942299e-72,6.17712128370539e-24,0.0024709082238191997,0.3458464232713267,0.0
21.866666666666667,0.35106382,0.351548823879981,1.0637614868103674e-30,4.609249816358628e-09,0.0,1.6015103883325312e-51,5.7136491755053314e-61,2.7564819887016773e-69,1.668000998702677e-120,2.8830364527090796e-95,4.046710836852649e-72,4.718901859393975e-24,0.0023886986307168714,0.3491601206400143,0.0
21.883333333333333,0.35106382,0.35238365412733236,9.925524896507543e-31,4.537006296207754e-09,0.0,1.3749473215432983e-51,4.731186300110991e-61,2.2012929302219527e-69,1.0884494917870277e-120,1.9624291985571974e-95,2.9399166591740053e-72,3.604478247557853e-24,0.0023091369572589863,0.35007451263306705,0.0
21.9,0.35106382,0.350946911479925,9.261083131180595e-31,4.465894703560814e-09,0.0,1.1804277509700673e-51,3.917622194478822e-61,1.7579130777124854e-69,7.102527603724814e-121,1.335760964252468e-95,2.1357843814813194e-72,2.7529030165765697e-24,0.0022321423185193766,0.34871476469551094,0.0
21.916666666666668,0.34638298,0.3473951908912905,8.641102628109484e-31,4.395897309945151e-09,0.0,1.0134208180462311e-51,3.243927097117942e-61,1.403827810554959e-69,4.634578839304487e-121,9.091895036802989e-96,1.5515628333401436e-72,2.1022620047614308e-24,0.0021576360658504593,0.34523755042954274,0.0
21.933333333333334,0.34170213,0.3419091767592869,8.06260950891553e-31,4.3269966644345525e-09,0.0,8.700361497220623e-52,2.6860597003527366e-61,1.1210556736874601e-69,3.0241291415202077e-121,6.188295183717563e-96,1.127122028565082e-72,1.6052052848719116e-24,0.0020855417385430225,0.3398236306937472,0.0
21.95,0.33234042,0.3346865730742595,7.522828722554335e-31,4.259175589306246e-09,0.0,7.469333426115702e-52,2.2241101267015587e-61,8.952357620483613e-70,1.9732546122366327e-121,4.211905318114681e-96,8.18770430434601e-73,1.225525945988265e-24,0.0020157850156523943,0.3326707837994315,0.0
21.966666666666665,0.3229787,0.3259355669443552,7.019170758063822e-31,4.192417175765883e-09,0.0,6.412442357924426e-52,1.8415901103366397e-61,7.148988108545563e-70,1.2875339050855328e-121,2.866666529386235e-96,5.94761759960037e-73,9.355413862018502e-25,0.0019482936680653548,0.3239872690838727,0.0
21.98333333333333,0.31361702,0.31586895231202505,6.549219244867509e-31,4.126704779739409e-09,0.0,5.505061658833648e-52,1.524845104919603e-61,5.7088501687647766e-70,8.40092284304129e-122,1.951042709035026e-96,4.320297315394759e-73,7.140891503799812e-25,0.001882997510874677,0.3139859506744456,0.0
22.0,0.3042553,0.3046989916052273,6.110719381373262e-31,4.062022017730581e-09,0.0,4.726046531012063e-52,1.2625673790913866e-61,4.5587905697466005e-70,5.481357288233409e-122,1.3278451416542447e-96,3.1381519992980896e-73,5.449933058629509e-25,0.0018198283561220376,0.30287915918708325,0.0
22.016666666666666,0.29021275,0.29263305119994026,5.701567136564056e-31,3.9983527627434895e-09,0.0,4.05724186068401e-52,1.0453927559311314e-61,3.640387139432411e-70,3.57636667875303e-122,9.036893422000397e-97,2.2794186168141166e-73,4.158910433529038e-25,0.0017587199659639665,0.2908743272356235,0.0
22.03333333333333,0.27617022,0.2798700121423929,5.319799172966805e-31,3.935681140268634e-09,0.0,3.4830596128204675e-52,8.655666306385097e-62,2.906982674203158e-70,2.3333978909532753e-122,6.150097454930683e-97,1.6556327765933648e-73,3.1733501322428075e-25,0.0016996080063097396,0.278170400200402,0.0
22.05,0.26212767,0.2665974303963239,4.9635834428332206e-31,3.873991524331975e-09,0.0,2.9901159473457667e-52,7.1666736743340365e-62,2.3213159993241592e-70,1.522398733871123e-122,4.185390339838576e-97,1.202524080134445e-73,2.4210669492724984e-25,0.0016424300009753809,0.26495499652135696,0.0
22.066666666666663,0.2480851,0.25298940044667023,4.6312104125757775e-31,3.81326853360566e-09,0.0,2.566919619410507e-52,5.933772199387104e-62,1.8536299727498294e-70,9.932553167825735e-123,2.848269614024844e-97,8.734004718458442e-74,1.8469125748269375e-25,0.0015871252863927515,0.25140227134700893,0.0
22.08333333333333,0.23404256,0.23920506171628733,4.321084873507961e-31,3.7534970275795005e-09,0.0,2.203604417998937e-52,4.912926117991467e-62,1.4801604195797615e-70,6.480168121056553e-123,1.9382840039143857e-97,6.343412731372202e-74,1.4087598258190008e-25,0.0015336349669082773,0.23767142299588204,0.0
22.1,0.22,0.22538767813928662,4.031718299734051e-31,3.694662102792585e-09,0.0,1.89169942059157e-52,4.0676701619935175e-62,1.1819293103410561e-70,4.227703853644734e-123,1.3190004350542843e-97,4.6070450174816374e-74,1.0744321699635255e-25,0.0014819018707022673,0.22390577257392225,0.0
22.116666666666667,0.20595744,0.21166421654613235,3.761721716650166e-31,3.636749089123627e-09,0.0,1.6239317205211113e-52,3.3678083415057465e-62,9.437809325992892e-71,2.758136597897633e-123,8.975604433257291e-98,3.345891963545724e-74,8.193563315050869e-26,0.0014318705063553123,0.21023234240302796,0.0
22.133333333333333,0.19191489,0.19814534842732562,3.5097990459531307e-31,3.5797435461392985e-09,0.0,1.394057038471557e-52,2.7883363324139297e-62,7.53612134928825e-71,1.7993677478267896e-123,6.107644274852513e-98,2.429916639911659e-74,6.247679286619006e-26,0.001383487020084964,0.1967618578274971,0.0
22.15,0.17787234,0.18492580137687176,3.2747408953361588e-31,3.5236312594998308e-09,0.0,1.1967142777816422e-52,2.3085490521639956e-62,6.017575701973432e-71,1.1738620413935378e-123,4.155995375895408e-98,1.764659309698821e-74,4.7634002799926937e-26,0.0013366991536730827,0.1835890986995674,0.0
22.166666666666668,0.16382979,0.17208499036731495,3.055418763168943e-31,3.468398237420784e-09,0.0,1.027300639877702e-52,1.911301606105927e-62,4.804987308622332e-71,7.657855587451461e-124,2.82792373726446e-98,1.2815053845330274e-74,3.631350711397843e-26,0.001291456203100518,0.17079353069581618,0.0
22.183333333333334,0.15446809,0.1596878643540925,2.8507796304451995e-31,3.4140307071901098e-09,0.0,8.818643942063525e-53,1.5823972521586456e-62,3.8367185147063975e-71,4.9956302777904774e-124,1.9242064828454186e-98,9.306151055519633e-75,2.7680402732013787e-26,0.0012477089779036092,0.15844015196215816,0.0
22.2,0.14042553,0.14778591001659835,2.659840914131446e-31,3.360515111739698e-09,0.0,7.570128075620476e-53,1.3100805584094386e-62,3.063547714343237e-71,3.2588654428508073e-124,1.3092633830057131e-98,6.757870886816944e-75,2.1097453146499433e-26,0.001205409761264019,0.14658049689481922,0.0
22.216666666666665,0.13106383,0.13641826127602077,2.48168575777651e-31,3.3078381062705918e-09,0.0,6.498330902438529e-53,1.0846176776631868e-62,2.4461685894902964e-71,2.1258646500528905e-124,8.908278050387313e-99,4.907268759219797e-75,1.6078346883726346e-26,0.0011645122708414627,0.1352537456973412,0.0
22.23333333333333,0.11702128,0.12561287023009055,2.3154586368531397e-31,3.2559865549310103e-09,0.0,5.578245192170789e-53,8.97948768382963e-63,1.9531929794246742e-71,1.3867489688987687e-124,6.061106645073008e-99,3.5633623768421304e-75,1.2251994987913912e-26,0.0011249716203564,0.12448789535374759,0.0
22.25,0.11234043,0.11538770203610668,2.1603612578081623e-31,3.204947527546199e-09,0.0,4.788401584310432e-53,7.434001635046503e-63,1.559555965567606e-71,9.045928930777953e-125,4.123837386426628e-99,2.587440431469395e-75,9.335263768586772e-27,0.0010867442819279404,0.11430095454923121,0.0
22.266666666666666,0.10297872,0.10575192284930802,2.0156487312007182e-31,3.154708296399622e-09,0.0,4.1103681969458925e-53,6.154460188533078e-63,1.2452421760668237e-71,5.900673545547831e-125,2.8057088860423273e-99,1.8787586125345878e-75,7.112152387966399e-27,0.0010497880491704033,0.10470213164542932,0.0
22.28333333333333,0.09361702,0.09670705603795275,1.8806260006170495e-31,3.105256333064308e-09,0.0,3.528320992213077e-53,5.095109372082442e-63,9.942686230478017e-72,3.8489575359374263e-125,1.9088648404389327e-99,1.364149266634005e-75,5.417893919474813e-27,0.0010140620010501544,0.09569299093164627,0.0
22.3,0.08893617,0.088248087454732,1.7546445102759703e-31,3.0565793052839363e-09,0.0,3.028674895825178e-53,4.218065253013262e-63,7.938724106119573e-72,2.510601505016989e-125,1.2986713806460657e-99,9.90474089312713e-76,4.126817176550454e-27,0.0009795264665030587,0.08726855793164964,0.0
22.316666666666663,0.079574466,0.08036450549331826,1.6370990953768987e-31,3.0086650739025987e-09,0.0,2.599767081726485e-53,3.491960512398907e-63,6.338620544193622e-72,1.637591598278742e-125,8.835169915089706e-100,7.191420604256336e-76,3.1430808347828403e-27,0.0009461429898112945,0.0794183594948419,0.0
22.33333333333333,0.074893616,0.0730412659797741,1.527425080309378e-31,2.961501689842551e-09,0.0,2.2315850468386624e-53,2.890823721394116e-63,5.06099461977396e-72,1.068136086610547e-125,6.010659306665774e-100,5.22127583917334e-76,2.393601003996908e-27,0.0009138742967369803,0.07212738872153543,0.0
22.35,0.07021277,0.0662596756478102,1.4250955708356304e-31,2.9150773911294167e-09,0.0,1.9155331432742338e-53,2.393151318431607e-63,4.040862582106656e-72,6.96691900773277e-126,4.089035799340847e-100,3.790783585970386e-76,1.822653643050998e-27,0.0008826842614092056,0.0653769884713236,0.0
22.366666666666667,0.06553192,0.05999819104995867,1.32961892728633e-31,2.8693805999637824e-09,0.0,1.644232130490822e-53,1.981139160729862e-63,3.226334402813307e-72,4.544102733307771e-126,2.7817066744043785e-100,2.7521479809091924e-76,1.3877556728795685e-27,0.0008525378739596528,0.05914565030661841,0.0
22.383333333333333,0.060851064,0.05423313230326143,1.240536406673819e-31,2.8243999198385595e-09,0.0,1.4113470784772216e-53,1.6400462170065767e-63,2.575975779595614e-72,2.963798981497092e-126,1.8923148431433743e-100,1.9980439575273324e-76,1.056522225339959e-27,0.0008234012089011313,0.053409728269960384,0.0
22.4,0.060851064,0.048939313106041084,1.1574199624362806e-31,2.7801241327015778e-09,0.0,1.2114396130636994e-53,1.3576676834217073e-63,2.056701559387944e-72,1.9330477801695913e-126,1.2872625284834682e-100,1.450536933740399e-76,8.042689686666779e-28,0.0007952413942427796,0.048144068931674174,0.0
22.416666666666668,0.056170214,0.0440905900446747,1.0798701912793205e-31,2.736542196162501e-09,0.0,1.0398410611682355e-53,1.1238987096501579e-63,1.6420935393958905e-72,1.2607520769739057e-126,8.756540306241402e-101,1.053035638870768e-76,6.121830769741459e-28,0.0007680265813344839,0.04332256072679802,0.0
22.433333333333334,0.05148936,0.03966033539134783,1.007514417285251e-31,2.693643240743422e-09,0.0,8.925435404242792e-54,9.303731558268325e-64,1.3110571629732328e-72,8.222617201810585e-127,5.956480045867665e-101,7.644479194892199e-77,4.659281394059136e-28,0.0007417259154327075,0.03891860678227188,0.0
22.45,0.04680851,0.035621838429892076,9.400049041167407e-32,2.6514165671724545e-09,0.0,7.661064554848555e-54,7.701644791859556e-64,1.0467488443269121e-72,5.362703020107967e-127,4.051712039900474e-101,5.5493653829996834e-77,3.5458017584722742e-28,0.0007163095069790643,0.03490552627149644,0.0
22.466666666666665,0.04680851,0.03194864088970592,8.770171867546765e-32,2.609851643719706e-09,0.0,6.575762220920768e-54,6.375380670387393e-64,8.357194058170245e-73,3.4974437087800506e-127,2.7560000248329777e-101,4.028369989103424e-77,2.6981626595539183e-28,0.000691748403582656,0.03125688987627162,0.0
22.48333333333333,0.042127658,0.02861481236645915,8.182485147813627e-32,2.5689381035749396e-09,0.0,5.644173480763307e-54,5.2774616937145514e-64,6.672300922961595e-73,2.280925229049548e-127,1.874613113386014e-101,2.9241929486593113e-77,2.0529588410527385e-28,0.0006680145626965063,0.02794679523482454,0.0
22.5,0.042127658,0.025595171707984435,7.634163997542283e-32,2.52866574226616e-09,0.0,4.8445326498034815e-54,4.368581053065385e-64,5.327063961292081e-73,1.4875264997501521e-127,1.2750754861939848e-101,2.1226254672392475e-77,1.56189223241536e-28,0.0006450808249780912,0.0249500883543406,0.0
22.516666666666666,0.037446808,0.022865460284914728,7.122572597130134e-32,2.489024515118722e-09,0.0,4.1581553113820884e-54,3.616196771963828e-64,4.253019295861883e-73,9.700893520003035e-128,8.67265314977904e-102,1.5407473015926728e-77,1.1881762376984588e-28,0.0006229208883236223,0.02224253690756659,0.0
22.53333333333333,0.037446808,0.020402472884028803,6.645251543281422e-32,2.4500045347540482e-09,0.0,3.569002220660213e-54,2.9933676914063685e-64,3.395501738696375e-73,6.326334415228129e-128,5.898749023609831e-102,1.118356303074986e-77,9.037949280254951e-29,0.000601509282565286,0.019800961151458983,0.0
22.55,0.037446808,0.01818415168905779,6.199906046321215e-32,2.4115960686276063e-09,0.0,3.0633049147587166e-54,2.4777897044180345e-64,2.7108640018410665e-73,4.1255889152394387e-128,4.011989076754082e-102,8.117451846605754e-78,6.874141038382204e-29,0.0005808213448205589,0.01760332793264116,0.0
22.566666666666663,0.03276596,0.016189648475361418,5.784394916798543e-32,2.373789536605326e-09,0.0,2.629244300051414e-54,2.0509977975411194e-64,2.164256248229612e-73,2.6903771967982857e-128,2.728672860902069e-102,5.89182770030508e-78,5.227893574958348e-29,0.0005608331954823439,0.015628812906089536,0.0
22.58333333333333,0.03276596,0.014399359763787301,5.396720288622049e-32,2.3365755085778928e-09,0.0,2.2566747220524245e-54,1.6977053795958482e-64,1.7278530841708264e-73,1.7544210431049941e-128,1.8558169215173066e-102,4.2763295742845218e-78,3.975530187355789e-29,0.0005415217148384555,0.013857835712373336,0.0
22.6,0.03276596,0.012794939273590187,5.035018029492181e-32,2.2999447021125114e-09,0.0,1.9368870833175838e-54,1.405257282558095e-64,1.3794378394582699e-73,1.1440577090957264e-128,1.262149331795104e-102,3.103724334993227e-78,3.0228990599223094e-29,0.000522864520309034,0.01227207245333645,0.0
22.616666666666667,0.03276596,0.011359291599356376,4.6975487926852276e-32,2.2638879801412934e-09,0.0,1.6624054848676747e-54,1.1631768806573021e-64,1.1012721440406451e-73,7.460286439077538e-129,8.583775065570235e-103,2.252609876757611e-78,2.298331980355934e-29,0.00050483994429011,0.010854449391178286,0.0
22.633333333333333,0.028085107,0.010076550624321756,4.3826896673135186e-32,2.2283963486857795e-09,0.0,1.426812648052457e-54,9.627911367652535e-65,8.791933143326432e-74,4.8647055306435936e-129,5.83764813050571e-103,1.6348568238905106e-78,1.7472805760233534e-29,0.00048742701259151536,0.009589121383333891,0.0
22.65,0.028085107,0.008932045781343038,4.088926387053847e-32,2.193460954617164e-09,0.0,1.2246000446833044e-54,7.96920169855438e-65,7.018936445350266e-74,3.1721309784127633e-129,3.9699909854878086e-103,1.186490841574903e-78,1.3282308391308944e-29,0.0004706054234574392,0.008461438164424644,0.0
22.666666666666668,0.028085107,0.007912258889789534,3.8148460600050196e-32,2.1590730834515237e-09,0.0,1.0510392392936965e-54,6.596202431733033e-65,5.603449473095232e-74,2.0684221630979262e-129,2.6998098119783257e-103,8.610730746554679e-79,1.0095916191970452e-29,0.0004543555271576495,0.007457901203558801,0.0
22.683333333333334,0.028085107,0.00700477393662595,3.559130384835172e-32,2.125224157179515e-09,0.0,9.020714419576633e-55,5.459709820971513e-65,4.473390738356105e-74,1.3487168633033562e-129,1.8359839860352145e-103,6.248943655243519e-79,7.673251330126865e-30,0.00043865830613756536,0.006566113505264227,0.0
22.7,0.028085107,0.006198221836029778,3.320549320704977e-32,2.0919057321300284e-09,0.0,7.742126947208867e-55,4.518992116560975e-65,3.571210409865521e-74,8.794191994753695e-130,1.2485234265076332e-103,4.53486346796288e-79,5.831427220382402e-30,0.0004234953557152623,0.005774724388408784,0.0
22.716666666666665,0.023404256,0.005482221895874918,3.097955180626173e-32,2.0591094968673005e-09,0.0,6.64472479269404e-55,3.7403311276395433e-65,2.8509610285588183e-74,5.734092109803564e-130,8.490174453376214e-104,3.2908861562130406e-79,4.431311543288195e-30,0.0004088488653136456,0.005073370971451776,0.0
22.73333333333333,0.023404256,0.004847321442008471,2.8902771199438554e-32,2.0268272701209327e-09,0.0,5.702838464646781e-55,3.0958148017326133e-65,2.2759586449922027e-74,3.738754685455273e-130,5.773360368681411e-104,2.388100301446738e-79,3.367068350999776e-30,0.0003947016002159537,0.004452617814965248,0.0
22.75,0.023404256,0.004284934802354858,2.6965159935213854e-32,1.9950509987482205e-09,0.0,4.894434371078504e-55,2.5623376266802317e-65,1.8169153868936174e-74,2.4377146947896107e-130,3.925842530589491e-104,1.7329393257307188e-79,2.5581973151060418e-30,0.00038103688383289735,0.0039038959234709617,0.0
22.766666666666666,0.023404256,0.0037872826317166155,2.515739556974438e-32,1.9637727557284716e-09,0.0,4.200599940154041e-55,2.1207730915520396e-65,1.4504484435858931e-74,1.5893970270236429e-130,2.669495930565041e-104,1.2574921053741283e-79,1.943474444987122e-30,0.0003678385804698146,0.0034194420874740453,0.0
22.78333333333333,0.018723404,0.0033473323634665105,2.347077988945865e-32,1.93298473818863e-09,0.0,3.605101635724629e-55,1.7552885962853801e-65,1.1578896011999537e-74,1.036276261492312e-130,1.8151722824837482e-104,9.124694224633881e-80,1.476340551413347e-30,0.0003550910785822573,0.002992239351899515,0.0
22.8,0.018723404,0.002958740404566802,2.1897197129548576e-32,1.9026792654597956e-09,0.0,3.09400554992413e-55,1.4527782944948402e-65,9.243347516397845e-75,6.756353301794021e-131,1.2342372855659563e-104,6.620984052343478e-80,1.1213918868011377e-30,0.00034277927450863607,0.0026159592273789006,0.0
22.816666666666663,0.018723404,0.00261579654370155,2.0429074987850578e-32,1.8728487771642252e-09,0.0,2.6553517151567867e-55,1.202393572190391e-65,7.378850064720279e-75,4.404968611299191e-131,8.392120619594582e-105,4.804165494627951e-80,8.517097953490802e-31,0.0003308885566685884,0.0022849061141841844,0.0
22.83333333333333,0.018723404,0.0023133709168560103,1.9059348247172506e-32,1.8434858313321329e-09,0.0,2.2788745312852348e-55,9.951543577631493e-66,5.890407950503845e-75,2.871884471911087e-131,5.706069261561317e-105,3.485817128922165e-80,6.468289795280479e-31,0.00031940479021584775,0.001993964283154331,0.0
22.85,0.018723404,0.0020468637684553106,1.778142483162161e-32,1.8145831025481137e-09,0.0,1.9557627799760427e-55,8.236273503540007e-66,4.702181099130439e-75,1.872340405738278e-131,3.879668766587073e-105,2.5291960105993926e-80,4.911918047432162e-31,0.0003083143021346565,0.0017385476517375515,0.0
22.866666666666667,0.018723404,0.0018121581572150694,1.658915413414558e-32,1.7861333801264754e-09,0.0,1.678453622038855e-55,6.816596479567549e-66,3.7536227762949035e-75,1.2206646468358336e-131,2.6378164227736504e-105,1.835065841344939e-80,3.729724818940373e-31,0.0002976038667687582,0.0015145525043129312,0.0
22.883333333333333,0.018723404,0.0016055756822702378,1.5476797463372463e-32,1.7581295663150919e-09,0.0,1.4404557667597406e-55,5.641582389158248e-66,2.996395958948345e-75,7.957958176317242e-132,1.793439861344405e-105,1.3314109205159891e-80,2.831827019273165e-31,0.00028726069177221255,0.001318313232368459,0.0
22.9,0.018723404,0.0014238352451152233,1.4439000468014696e-32,1.7305646745274467e-09,0.0,1.2361976831663294e-55,4.669074617056707e-66,2.39191140163068e-75,5.1880085442252334e-132,1.219330455190739e-105,9.659705919754662e-81,2.149914156658511e-31,0.0002772724044715169,0.001146561110079032,0.0
22.916666666666668,0.018723404,0.0012640148146968607,1.3470767406554069e-32,1.7034318276023097e-09,0.0,1.0608973077364778e-55,3.864178967047033e-66,1.9093620700843572e-75,3.382154738779154e-132,8.289882946197125e-106,7.008209038945851e-81,1.6320753242040231e-31,0.00026762703862854886,0.0009963860726364842,0.0
22.933333333333334,0.018723404,0.0011235161250841461,1.2567437138780063e-32,1.6767242560906225e-09,0.0,9.104502049232024e-56,3.198012786830097e-66,1.524153876428313e-75,2.204855032271368e-132,5.635958292543349e-106,5.084421748538891e-81,1.2388655320719988e-31,0.0002583130215941107,0.0008652014267657793,0.0
22.95,0.018723404,0.0010000322060355696,1.1724660724008044e-32,1.6504352965691972e-09,0.0,7.813335677032797e-56,2.6466695013514076e-66,1.2166528209318104e-75,1.4373429355583876e-132,3.8315946589490338e-106,3.6886503631103537e-81,9.403147386709744e-32,0.00024931916184196313,0.0007507113937583099,0.0
22.966666666666665,0.0140425535,0.0008915176251903436,1.0938380518498285e-32,1.6245583899808188e-09,0.0,6.705238152245762e-56,2.190361467156641e-66,9.71184750706917e-76,9.369891562166731e-133,2.6048563923279864e-106,2.675992207501624e-81,7.136538713929336e-32,0.00024063463687348514,0.0006508813637584684,0.0
22.98333333333333,0.0140425535,0.0007961613053393724,1.0204810671788474e-32,1.599087080000335e-09,0.0,5.7542586214493915e-56,1.8127104445232882e-66,7.752368047304055e-76,6.108049582791534e-133,1.7708446751853848e-106,1.9413044565024935e-81,5.4158611804536e-32,0.00023224898148319894,0.0005639107247690934,0.0
23.0,0.0140425535,0.000712361770239774,9.520418928353315e-33,1.5740150114262494e-09,0.0,4.938124068380263e-56,1.5001602695496376e-66,6.188198817682898e-76,3.981661917183477e-133,1.2038423958897998e-106,1.4082959751636536e-81,4.109728584029003e-32,0.0002241520763756302,0.0004882081198491323,0.0
23.016666666666666,0.0140425535,0.0006387046667941839,8.881909647270232e-33,1.5493359285975676e-09,0.0,4.237718196415788e-56,1.2414906841351594e-66,4.9395966537781166e-76,2.5954942000617513e-133,8.183730102949962e-107,1.0216113970816762e-81,3.1183487151189443e-32,0.00021633413712414265,0.00042236898033411267,0.0
23.03333333333333,0.0140425535,0.0005739424093131332,8.286207958399262e-33,1.5250436738353575e-09,0.0,3.63663413203831e-56,1.0274149043832886e-66,3.942902853288295e-76,1.6918802215374667e-133,5.56321037325908e-107,7.41086752560318e-82,2.365932441702889e-32,0.00020878570346254588,0.0003651551808069135,0.0
23.05,0.0140425535,0.0005169757923125676,7.730444979044635e-33,1.5011321859087004e-09,0.0,3.120790494292833e-56,8.502465070209301e-67,3.1472992057486874e-76,1.1028413692976253e-133,3.7817447252088693e-107,5.37581017851906e-82,1.794925054131781e-32,0.00020149762890051134,0.0003154766622798703,0.0
23.066666666666663,0.0140425535,0.00046683742126162574,7.211944020144263e-33,1.477595498524707e-09,0.0,2.6781018556039983e-56,7.036236962466088e-67,2.5122182124196897e-76,7.188700399164881e-134,2.570700598383986e-107,3.899513064730053e-82,1.361622806506597e-32,0.0001944610706539691,0.0002723748730121581,0.0
23.08333333333333,0.0140425535,0.00042267681537249346,6.72820771578045e-33,1.4544277388420532e-09,0.0,2.298195890110987e-56,5.8228106884947185e-67,2.0052755833633864e-76,4.685777195378189e-134,1.7474444152507458e-107,2.8285798163924306e-82,1.0328423250940547e-32,0.0001876674798818377,0.00023500788106291693,0.0
23.1,0.0140425535,0.00038374704247682776,6.27690601423157e-33,1.4316231260079072e-09,0.0,1.9721705965814878e-56,4.818606970335709e-67,1.6006196953768644e-76,3.0542657006339254e-134,1.1878123722106983e-107,2.0517201559258482e-82,7.833902139110496e-33,0.00018110859222069374,0.00020263701863300798,0.0
23.116666666666667,0.0140425535,0.000349392752893575,5.8558649729203815e-33,1.4091759697176739e-09,0.0,1.6923859194140349e-56,3.987557570356575e-67,1.277613929163223e-76,1.9907922485622296e-134,8.073929303685422e-108,1.4881937103226023e-82,5.941407702141302e-33,0.00017477641860908286,0.00017461492510852244,0.0
23.133333333333333,0.0140425535,0.0003190394866585351,5.463056303463617e-33,1.3870806687972558e-09,0.0,1.452284895119552e-56,3.299810977645557e-67,1.01978475776508e-76,1.2975945939735972e-134,5.488007341922304e-108,1.0794250234135123e-82,4.505757925486135e-33,0.00016866323639338782,0.0001503748631844785,0.0
23.15,0.0140425535,0.00029218413630611946,5.0965876166321265e-33,1.3653317098075679e-09,0.0,1.246240141735108e-56,2.7306610905700145e-67,8.139819938632261e-77,8.457579511031648e-135,3.73024269664213e-108,7.829196625690308e-83,3.416754945510319e-33,0.00016276158070740288,0.00012942119026700677,0.0
23.166666666666668,0.0140425535,0.0002683864553652351,4.7546933203840175e-33,1.3439236656708678e-09,0.0,1.0694221009796143e-56,2.2596604829772877e-67,6.497084100966052e-77,5.51248145606266e-135,2.5354332273801724e-108,5.678500186697468e-83,2.590761716943091e-33,0.0001570642361178568,0.00011132087532371264,0.0
23.183333333333334,0.0140425535,0.0002472615106942875,4.435726127267051e-33,1.322851194318566e-09,0.0,9.176859514464448e-57,1.8698864570510643e-67,5.185845742740747e-77,3.592875752813074e-135,1.723296357626377e-108,4.118526248401434e-83,1.9643051636727477e-33,0.00015156422852837185,9.569595931472137e-05,0.0
23.2,0.0140425535,0.00022847298460698266,4.138149130410843e-33,1.3021090373601917e-09,0.0,7.874745476114209e-57,1.5473335622420727e-67,4.1392162946287275e-77,2.3417001097555494e-135,1.1712793490279397e-108,2.9870452767833597e-83,1.4892186875311247e-33,0.00014625481733448057,8.221686516346475e-05,0.0
23.216666666666665,0.0140425535,0.00021172724033495462,3.860528410055654e-33,1.2816920187732428e-09,0.0,6.757351141115227e-57,1.2804107930738288e-67,3.30380248184792e-77,1.5262103292686466e-135,7.960745607177851e-109,2.1663746760483525e-83,1.1289539051414306e-33,0.0001411294878225356,7.059647082040026e-05,0.0
23.23333333333333,0.0140425535,0.00019676807166262814,3.601526135112363e-33,1.261595043613467e-09,0.0,5.798477463664151e-57,1.0595254313438702e-67,2.636983803312558e-77,9.94698699673291e-136,5.410529492105311e-109,1.5711482144390756e-83,8.55780403365858e-34,0.0001361819438054845,6.058486626210002e-05,0.0
23.25,0.0140425535,0.00018337206450353734,3.359894126621468e-33,1.2418130967453791e-09,0.0,4.975640446886019e-57,8.767386046974855e-68,2.1047391949947687e-77,6.482802278380734e-136,3.677211200684789e-109,1.1394429528998451e-83,6.486598804607149e-34,0.00013140610048867512,5.196472220176547e-05,0.0
23.266666666666666,0.0140425535,0.00017134450473113173,3.134467852196497e-33,1.2223412415926385e-09,0.0,4.2695444600176524e-57,7.254802050243617e-68,1.6799121074219773e-77,4.2250133030166475e-136,2.4991376790395075e-109,8.26342111543444e-84,4.916323914309129e-34,0.00012679607755902041,4.454720483086971e-05,0.0
23.28333333333333,0.0140425535,0.0001605157727109694,2.9241608226047133e-33,1.2031746189079648e-09,0.0,3.6636302070010547e-57,6.00312938725213e-68,1.3408255672809505e-77,2.7535152028865e-136,1.6984572190557507e-109,5.992652242064803e-84,3.725914345389803e-34,0.00012234619249100256,3.816837704534794e-05,0.0
23.3,0.0140425535,0.0001507381706964485,2.7279593635698605e-33,1.1843084455623058e-09,0.0,3.143686767847788e-57,4.9673704288515275e-68,1.070176628064609e-77,1.7944897600433616e-136,1.1542818944080473e-109,4.345804460866571e-84,2.8235426084868967e-34,0.00011805095406319139,3.268603232481154e-05,0.0
23.316666666666663,0.0140425535,0.0001418831345467133,2.5449177376794353e-33,1.1657380133529975e-09,0.0,2.6975186328649624e-57,4.110286598925737e-68,8.5415385298121e-78,1.169468726261976e-136,7.844441262848484e-110,3.1514703455688673e-84,2.139563099547109e-34,0.00011390505607908453,2.797691272961541e-05,0.0
23.33333333333333,0.0140425535,0.0001338387861104283,2.3741535929625624e-33,1.1474586878304968e-09,0.0,2.3146599362752893e-57,3.401060703266366e-68,6.8173284020537645e-78,7.621323162211751e-137,5.330955132070588e-110,2.2853263634186134e-84,1.6211578300725971e-34,0.00010990337128623248,2.3934267365508004e-05,0.0
23.35,0.0140425535,0.00012650778710511696,2.214843716270391e-33,1.1294659071435747e-09,0.0,1.9861291999931564e-57,2.8141898326214703e-68,5.441138750014431e-78,4.96668129454929e-137,3.622771464188563e-110,1.6572011220945367e-84,1.228273588423227e-34,0.00010604094548780832,2.0465712151401517e-05,0.0
23.366666666666667,0.0140425535,0.0001198054594247313,2.0662200710557755e-33,1.111755180902523e-09,0.0,1.7042188461193932e-57,2.3285691032185945e-68,4.342730375656523e-78,3.236654731183379e-137,2.461896366559451e-110,1.2016948912923775e-84,9.305392858042111e-35,0.00010231299184088334,1.7491355828667057e-05,0.0
23.383333333333333,0.0140425535,0.00011365814054743948,1.9275661005120467e-33,1.094322089060137e-09,0.0,1.462314550259816e-57,1.9267333449315287e-68,3.4660387868347986e-78,2.1092139454728562e-137,1.6729830224220713e-110,8.713752915463561e-85,7.049271941053646e-35,9.871488533583747e-05,1.4942160889512948e-05,0.0
23.4,0.0140425535,0.00010800174611199905,1.798213278308013e-33,1.0771622808102625e-09,0.0,1.2547402060678709e-57,1.594229514595166e-68,2.766313921255395e-78,1.3744820993852587e-137,1.1368580890626475e-110,6.318417509626311e-85,5.339787008368595e-35,9.524215745151127e-05,1.2758511498206965e-05,0.0
23.416666666666668,0.0140425535,0.00010278051480625512,1.6775378903419633e-33,1.0602714735035678e-09,0.0,1.0766248707708423e-57,1.3190973029315006e-68,2.2078369833959893e-78,8.956776762382427e-138,7.725275101348644e-111,4.581455515743666e-85,4.044584251471874e-35,9.189049098080067e-05,1.0888963553980938e-05,0.0
23.433333333333334,0.0140425535,9.794591348790958e-05,1.5649580320481682e-33,1.043645451580266e-09,0.0,9.237885758930588e-58,1.0914392863238854e-68,1.7620979624047088e-78,5.836582569288492e-138,5.24946017466524e-111,3.3219319073264907e-85,3.063333528323233e-35,8.865571502157598e-05,9.28915482088203e-06,0.0
23.45,0.0140425535,9.345568295774371e-05,1.4599308068246845e-33,1.0272800655195453e-09,0.0,7.926443289492397e-58,9.030651884707287e-69,1.406340886769164e-78,3.803292731743485e-138,3.567043037477552e-111,2.4086300390441296e-85,2.3199856022504599e-35,8.553380012791685e-05,7.920855549761338e-06,0.0
23.466666666666665,0.0140425535,8.927300705100504e-05,1.3619497121163981e-33,1.0111712308054777e-09,0.0,6.801140108828206e-58,7.471974770061822e-69,1.1224026216137448e-78,2.4783071110018947e-138,2.4237905309741076e-111,1.746391517002763e-85,1.7569000822097848e-35,8.252085361682156e-05,6.751142262952687e-06,0.0
23.48333333333333,0.0140425535,8.536578972467234e-05,1.2705422005885708e-33,9.953149269090593e-10,0.0,5.8355619932024504e-58,6.182277218822462e-69,8.957859823663896e-79,1.614896734497531e-138,1.6469289718779234e-111,1.2662086988073162e-85,1.3303924266432593e-35,7.961311502565114e-05,5.7516793840942876e-06,0.0
23.5,0.0140425535,8.170602661719714e-05,1.1852674046676061e-33,9.797071962862253e-10,0.0,5.007042269183945e-58,5.115149646305343e-69,7.149198871103753e-79,1.052273582151664e-138,1.1190454423645922e-111,9.180390594929214e-86,1.0073573279726901e-35,7.680695171571985e-05,4.8980951942810115e-06,0.0
23.516666666666666,0.0140425535,7.826925916218605e-05,1.1057140135100295e-33,9.643441433915402e-10,0.0,4.29613023723056e-58,4.2321885592094445e-69,5.705688081766748e-79,6.856569300705289e-139,7.603501969808019e-112,6.655937495907618e-86,7.627084852740296e-36,7.40988546175648e-05,4.1694402004778625e-06,0.0
23.53333333333333,0.0140425535,7.503410076643003e-05,1.031498292192245e-33,9.492219337073148e-10,0.0,3.686134981379652e-58,3.5016156721014677e-69,4.5536139762779354e-79,4.4676524166343414e-139,5.166217757609013e-112,4.8255802401239165e-86,5.774375250596675e-36,7.148543411354272e-05,3.547717430953605e-06,0.0
23.55,0.0140425535,7.198182583262917e-05,9.62262233598458e-34,9.343367927879137e-10,0.0,3.1627338763944944e-58,2.897135155131616e-69,3.634142393498e-79,2.9110268045739615e-139,3.5101435390857674e-112,3.498501793194423e-86,4.371424480050627e-36,6.896341605354438e-05,3.017475442291995e-06,0.0
23.566666666666663,0.0140425535,6.909601353368477e-05,8.976718341198278e-34,9.196850053190645e-10,0.0,2.7136366188718907e-58,2.3969879549918943e-69,2.900315323457573e-79,1.896738081831988e-139,2.384900069580069e-112,2.5363368689406278e-86,3.309121101322281e-36,6.65296378997169e-05,2.5654559489625544e-06,0.0
23.58333333333333,0.0140425535,6.636223924308857e-05,8.37415484873924e-34,9.052629141918183e-10,0.0,2.328296909248886e-58,1.9831692089624744e-69,2.3146538286110307e-79,1.2358417694479079e-139,1.6203493375413834e-112,1.8387558394969156e-86,2.5048065941173835e-36,6.418104499620071e-05,2.1802889839736674e-06,0.0
23.6,0.009361702,6.37678074080352e-05,7.812024707079237e-34,8.910669195910888e-10,0.0,1.997665027775328e-58,1.640780629824882e-69,1.847244746242567e-79,8.052166289710048e-140,1.1008808148731644e-112,1.3330103240176293e-86,1.895866450267088e-36,6.191468696002609e-05,1.8522293810895115e-06,0.0
23.616666666666667,0.009361702,6.130152043049937e-05,7.287615697675202e-34,8.770934780984095e-10,0.0,1.7139755054415958e-58,1.3574945876679903e-69,1.474213543826132e-79,5.246346542784879e-140,7.479372211340535e-113,9.66351889916142e-87,1.4348729228446074e-36,5.972771418939042e-05,1.5729291476308496e-06,0.0
23.633333333333333,0.009361702,5.89534788078776e-05,6.798397468959027e-34,8.633391018087199e-10,0.0,1.470564913010405e-58,1.1231106271852578e-69,1.1765053989006517e-79,3.418185282958857e-140,5.0813978938764795e-113,7.005343711485021e-87,1.0859040248047886e-36,5.761737448566259e-05,1.3352409831132066e-06,0.0
23.65,0.009361702,5.6714908388910675e-05,6.342009345788895e-34,8.498003574610215e-10,0.0,1.2617154969223792e-58,9.2918847996843e-70,9.389123000730393e-80,2.2270431210257295e-140,3.4521884209633384e-113,5.078272233487905e-87,8.217541309178008e-37,5.55810097855786e-05,1.133048802974614e-06,0.0
23.666666666666668,0.009361702,5.457801113155928e-05,5.916248955725084e-34,8.364738655826244e-10,0.0,1.0825209964393435e-58,7.687443797440854e-70,7.492965179725686e-80,1.4509620912677639e-140,2.3453033782773263e-113,3.6812466086603104e-87,6.218203706466204e-37,5.361605300016776e-05,9.611216575259373e-07,0.0
23.683333333333334,0.009361702,5.253583621563987e-05,5.519061617420566e-34,8.233562996467808e-10,0.0,9.287714961458462e-59,6.359997631470758e-70,5.979708144872284e-80,9.453180115380346e-141,1.5932973496507325e-113,2.66849424112972e-87,4.705012000098391e-37,5.1720024957074005e-05,8.149879022662182e-07,0.0
23.7,0.009361702,5.058216877163977e-05,5.148530440078537e-34,8.104443852435024e-10,0.0,7.968546139987437e-59,5.261733211350658e-70,4.772037563908996e-80,6.158773605881096e-141,1.0824003472869652e-113,1.9343277986858332e-87,3.5598312381170516e-37,4.9890531443014506e-05,6.908268842400251e-07,0.0
23.716666666666665,0.009361702,4.871143384496214e-05,4.802867086349337e-34,7.977348992633847e-10,0.0,6.836707079521178e-59,4.353089241127496e-70,3.808248834273261e-80,4.012407195278936e-141,7.35313118824405e-114,1.4021237411236762e-87,2.6932155326436502e-37,4.8125260343233595e-05,5.853757668292854e-07,0.0
23.73333333333333,0.0140425535,4.6918613527768215e-05,4.480403154225251e-34,7.852246690941718e-10,0.0,5.865601127434412e-59,3.6013323319287454e-70,3.0390957666230496e-80,2.6140279562540462e-141,4.995167151769386e-114,1.0163308301747428e-87,2.037445398524692e-37,4.642197887488352e-05,4.958494282156017e-07,0.0
23.75,0.0140425535,4.5199175463979635e-05,4.179582136469521e-34,7.729105718299214e-10,0.0,5.032407004073225e-59,2.979378770775842e-70,2.4252754037528035e-80,1.7029815197970528e-141,3.393290753842333e-114,7.36675735118243e-88,1.5412537809020025e-37,4.477853091136687e-05,4.1987164204093963e-07,0.0
23.766666666666666,0.0140425535,4.354901117156321e-05,3.8989519188911455e-34,7.607895334925507e-10,0.0,4.317543000819968e-59,2.4648195711743678e-70,1.9354205741297214e-80,1.1094408057109755e-141,2.305077207610954e-114,5.339617639401077e-88,1.1658314790779828e-37,4.3192834394759946e-05,3.5541598726977914e-07,0.0
23.78333333333333,0.0140425535,4.196438283417339e-05,3.6371577813675843e-34,7.488585282655552e-10,0.0,3.7042072036175025e-59,2.0391137391255344e-70,1.544497693961241e-80,7.227578904098781e-142,1.5658251020258048e-114,3.87022757059119e-88,8.818018079679755e-38,4.166287883351617e-05,3.007551421289591e-07,0.0
23.8,0.0140425535,4.04418773953365e-05,3.3929358679368786e-34,7.371145777397225e-10,0.0,3.1779829568848563e-59,1.686920736131738e-70,1.23252801660057e-80,4.708429443526408e-142,1.0636393957167047e-114,2.8051456493202695e-88,6.669294780213904e-38,4.018672288274542e-05,2.5441739801333464e-07,0.0
23.816666666666663,0.0140425535,3.897836694589251e-05,3.165107094532236e-34,7.25554750170681e-10,0.0,2.726500312409793e-59,1.3955481257821441e-70,9.835670385162376e-81,3.0672828337015305e-142,7.225018848109912e-115,2.0331382894386936e-88,5.043856231973048e-38,3.8762492004434074e-05,2.1514938670826347e-07,0.0
23.83333333333333,0.0140425535,3.757097453233672e-05,2.952571465040444e-34,7.141761597480214e-10,0.0,2.3391455205616473e-59,1.1544945324228082e-70,7.848899493869754e-81,1.998140976758518e-142,4.907688364127261e-115,1.4735708907116735e-88,3.814340652209104e-38,3.738837620505084e-05,1.818841511261372e-07,0.0
23.85,0.0140425535,3.621704463261144e-05,2.754302768326642e-34,7.029759658759208e-10,0.0,2.006811747764265e-59,9.550714680536825e-71,6.26341532537528e-81,1.3016462934730357e-142,3.3335610323996823e-115,1.0679914581833418e-88,2.88436607832353e-38,3.606262784807423e-05,1.5371380857133141e-07,0.0
23.866666666666667,0.0140425535,3.4914117649021464e-05,2.569343630700952e-34,6.919513724649904e-10,0.0,1.7216851709998428e-59,7.900904200958521e-71,4.998173176362007e-81,8.479190966564981e-143,2.264296532244062e-115,7.740288992503529e-89,2.180999370886505e-38,3.47835595390327e-05,1.298661586162994e-07,0.0
23.883333333333333,0.0140425535,3.36599078573592e-05,2.396800900011479e-34,6.810996272351964e-10,0.0,1.4770614298354906e-59,6.536039399790964e-71,3.9884948876432285e-81,5.523450041455727e-143,1.5379834646470253e-115,5.6096949303838114e-89,1.6490548110900456e-38,3.3549542080731065e-05,1.0968467700090343e-07,0.0
23.9,0.009361702,3.2452284328757757e-05,2.235841339144649e-34,6.704180210297423e-10,0.0,1.2671881285170313e-59,5.406914149624187e-71,3.1827639961444736e-81,3.5979990150461706e-143,1.0446324731498092e-115,4.065500353784455e-89,1.2467780903771898e-38,3.2359002496415116e-05,9.261141432161157e-08,0.0
23.916666666666668,0.0140425535,3.128925440777165e-05,2.085687608199612e-34,6.599038871396425e-10,0.0,1.0871296917304597e-59,4.4728181302386154e-71,2.5397881664186873e-81,2.3437228747277467e-143,7.095269331962767e-116,2.9463305834676507e-89,9.425792666896284e-39,3.121042211867867e-05,7.817238520584498e-08,0.0
23.933333333333334,0.0140425535,3.0168949388128558e-05,1.945614515994564e-34,6.495546006389107e-10,0.0,9.326514020297186e-60,3.700070208282977e-71,2.0266941837140184e-81,1.526673259650759e-143,4.81912036606091e-116,2.1352153143411105e-89,7.125599059444832e-39,3.0102334741999352e-05,6.59650915285691e-08,0.0
23.95,0.0140425535,2.9089612077631094e-05,1.8149455228567413e-34,6.393675777301199e-10,0.0,8.00119896942733e-60,3.0608049550814236e-71,1.6172479865735058e-81,9.944445520069063e-144,3.273106999765756e-116,1.5473716241075424e-89,5.386414710280578e-39,2.9033324836842264e-05,5.564787321109913e-08,0.0
23.966666666666665,0.0140425535,2.804958598690732e-05,1.6930494778577109e-34,6.293402751002443e-10,0.0,6.86417789955157e-60,2.5319686184651985e-71,1.2905139232680528e-81,6.477533883978191e-144,2.223034433565746e-116,1.121347842740361e-89,4.071488626245021e-39,2.8002025823346053e-05,4.6930823286164633e-08,0.0
23.98333333333333,0.0140425535,2.704730591397213e-05,1.579337574782742e-34,6.194701892865507e-10,0.0,5.888704109751549e-60,2.0944884017957983e-71,1.029784741048934e-81,4.219232649371753e-144,1.5098220051454883e-116,8.126038312820547e-90,3.0773849315301085e-39,2.700711840265693e-05,3.956804112591463e-08,0.0
24.0,0.0140425535,2.6081289728700155e-05,1.4732605121763426e-34,6.097548560524428e-10,0.0,5.051829462796905e-60,1.7325851403737835e-71,8.217276446628605e-82,2.748222711510563e-144,1.0254131969565571e-116,5.888574706332334e-90,2.3258714260521048e-39,2.604732894404108e-05,3.3351029803020524e-08,0.0
24.016666666666666,0.0140425535,2.5150131188994033e-05,1.3743058437875129e-34,6.001918497730717e-10,0.0,4.3338650199494376e-60,1.4332046264514492e-71,6.557027966879061e-82,1.7900495777177303e-144,6.964110623378394e-117,4.267114947309035e-90,1.757781910888733e-39,2.5121427925965078e-05,2.810307117918329e-08,0.0
24.03333333333333,0.0140425535,2.4252493644257572e-05,1.281995506653691e-34,5.907787828305593e-10,0.0,3.7179182459378525e-60,1.185547104699737e-71,5.2321944046742895e-82,1.1659311111793387e-144,4.729617760477818e-117,3.0920844274043092e-90,1.3283722931235596e-39,2.4228228429383894e-05,2.367443609084822e-08,0.0
24.05,0.0140425535,2.338710450229655e-05,1.1958835149192298e-34,5.815133050186868e-10,0.0,3.1894959161393957e-60,9.806779938036393e-72,4.175018564495407e-82,7.594084602475458e-145,3.212033490881166e-117,2.2405839107585154e-90,1.0038071353567194e-39,2.3366584681540338e-05,1.9938307451195742e-08,0.0
24.066666666666663,0.018723404,2.255275035339138e-05,1.1155538082797491e-34,5.723931029569254e-10,0.0,2.7361634002216583e-60,8.112058139700429e-72,3.3314297352625535e-82,4.9462116067280645e-145,2.1813619950743785e-117,1.6235436514163967e-90,7.58501635389797e-40,2.253539064862441e-05,1.678731166401069e-08,0.0
24.08333333333333,0.018723404,2.1748272660437444e-05,1.0406182446888668e-34,5.634158995136114e-10,0.0,2.347252319921133e-60,6.710157197106218e-72,2.658279350075424e-82,3.221548593122582e-145,1.4813889189548647e-117,1.1764125065152995e-90,5.7311088620543305e-40,2.173357867569519e-05,1.4130568842741037e-08,0.0
24.1,0.018723404,2.097256393706443e-05,9.70714727658292e-35,5.545794532381715e-10,0.0,2.0136097142937e-60,5.55049039350153e-72,2.121134928253498e-82,2.0982219513377327e-145,1.006014242270815e-117,8.524093825773128e-91,4.33008884225011e-40,2.0960118172322875e-05,1.1891185288315093e-08,0.0
24.116666666666667,0.018723404,2.0224564346805607e-05,9.055054591298291e-35,5.458815578022476e-10,0.0,1.727382820283268e-60,4.59120879324193e-72,1.6925195595139643e-82,1.3665732757263454e-145,6.831764237416885e-118,6.176319506812207e-91,3.271380700610786e-40,2.0214014342450106e-05,1.0004122797699115e-08,0.0
24.133333333333333,0.018723404,1.9503258665968947e-05,8.446753095017966e-35,5.373200414495315e-10,0.0,1.4818344127032714e-60,3.797692220802644e-72,1.3505069550158123e-82,8.90039314425012e-146,4.639330710594878e-118,4.475115520857803e-91,2.471391883651257e-40,1.9494306957019624e-05,8.414388907872013e-09,0.0
24.15,0.018723404,1.880767356108448e-05,7.879302969576869e-35,5.288927664542637e-10,0.0,1.271184365311395e-60,3.1413008060132875e-72,1.0776002585290187e-82,5.7966921869926165e-146,3.150442294151294e-118,3.242438363697339e-91,1.8669320447674496e-40,1.880006916796991e-05,7.075500348116262e-09,0.0
24.166666666666668,0.018723404,1.8136875138829402e-05,7.349961687696014e-35,5.205976285881684e-10,0.0,1.0904737104122074e-60,2.5983421103850557e-72,8.598373110964592e-83,3.775253178439446e-146,2.1393482101610637e-118,2.349266083115265e-91,1.4102362869714689e-40,1.813040636223232e-05,5.948178968493684e-09,0.0
24.183333333333334,0.018723404,1.7489966732372185e-05,6.856170777409307e-35,5.124325565957693e-10,0.0,9.35448002805632e-61,2.149216614509984e-72,6.860766348869885e-83,2.4587067315824566e-146,1.452730967865874e-118,1.7021024933274213e-91,1.0652017141049424e-40,1.748445505441629e-05,4.999245399301782e-09,0.0
24.2,0.018723404,1.6866086893233186e-05,6.395543474102838e-35,5.043955116778878e-10,0.0,8.024572472925299e-61,1.777710771460339e-72,5.474276375885212e-83,1.6012612589377919e-146,9.864673010631098e-119,1.233196391756353e-91,8.045416615208753e-41,1.686138181690397e-05,4.200680817538062e-09,0.0
24.216666666666665,0.018723404,1.6264407562184524e-05,5.965853200664683e-35,4.964844869832608e-10,0.0,6.883700380035709e-61,1.4704121471789815e-72,4.367959094437699e-83,1.0428275407887093e-146,6.698444948131673e-119,8.93453263730153e-92,6.076339667601758e-41,1.6260382246122762e-05,3.528831574781114e-09,0.0
24.23333333333333,0.018723404,1.5684132396487305e-05,5.565022820227588e-35,4.886975071080886e-10,0.0,5.9049989165370685e-61,1.2162255673661963e-72,3.485203674192805e-83,6.791373717987556e-147,4.548404758583268e-119,6.472983637513176e-92,4.588941103037683e-41,1.5680679963798045e-05,2.9637351821544738e-09,0.0
24.25,0.018723404,1.5124495233999977e-05,5.19111460970769e-35,4.810326276034396e-10,0.0,5.065420432842365e-61,1.0059728296903512e-72,2.7808369554197246e-83,4.422803253435073e-147,3.0884320307898766e-119,4.689540301320395e-92,3.4654526729249945e-41,1.5121525652029135e-05,2.488549343239659e-09,0.0
24.266666666666666,0.023404256,1.4584758677457281e-05,4.842320905816858e-35,4.73487934490362e-10,0.0,4.34519218854563e-61,8.320615512813872e-73,2.2188127697521144e-83,2.880265194195622e-147,2.097059901878545e-119,3.397419285882028e-92,2.6168848861347536e-41,1.4582196121069553e-05,2.089068453238624e-09,0.0
24.28333333333333,0.023404256,1.4064212784578173e-05,4.5169553784593557e-35,4.660615437825854e-10,0.0,3.727351099593919e-61,6.882112128301529e-73,1.770368033631676e-83,1.8756949501711214e-147,1.423893426697628e-119,2.46128074049553e-92,1.9759981522982203e-41,1.4061993408724725e-05,1.7533143096659677e-09,0.0
24.3,0.023404256,1.3562173851685497e-05,4.213444889450786e-35,4.5875160101669207e-10,0.0,3.197344569239582e-61,5.692265219164079e-73,1.4125513311818671e-83,1.2214813226630874e-147,9.668030467087266e-120,1.7830614367590836e-92,1.491989707164811e-41,1.3560243910320273e-05,1.471189764206271e-09,0.0
24.316666666666663,0.023404256,1.3077983280241463e-05,3.930321897313179e-35,4.515562807896607e-10,0.0,2.7426880181705097e-61,4.708099236473373e-73,1.1270487458761944e-83,7.954380330352318e-148,6.564360553277976e-120,1.2917088287664917e-92,1.1264777190970366e-41,1.3076297538223954e-05,1.2341857367202679e-09,0.0
24.33333333333333,0.023404256,1.2611006517176227e-05,3.6662173715311447e-35,4.4447378630363047e-10,0.0,2.3526710616694387e-61,3.894064977268025e-73,8.992468972348793e-84,5.179892970312933e-148,4.456980669398579e-120,9.357420221634694e-93,8.504660449530493e-42,1.2609526909936607e-05,1.0351334533174256e-09,0.0
24.35,0.023404256,0.017574912038090938,3.4198541821089196e-35,4.375023489178066e-10,0.0,2.01810542495527e-61,3.220756485133708e-73,7.174852664983672e-84,3.3731071988068825e-148,3.0260980512239254e-120,6.778613011104784e-93,6.420502990468322e-42,1.2159326563804125e-05,8.679949974365704e-10,0.017562751406029788
24.366666666666667,0.023404256,0.023069789473577695,3.190040932556992e-35,4.306402277073912e-10,0.0,1.731108668857516e-61,2.663849605059658e-73,5.72459573576829e-84,2.196516327143973e-148,2.0545616542506518e-120,4.910421459745698e-93,4.846842786556009e-42,1.1725112201427574e-05,7.276863072605392e-10,0.023058063203049733
24.383333333333333,0.023404256,0.025245391217143014,2.9756662065732584e-35,4.2388570902938786e-10,0.0,1.4849186397096724e-61,2.2032239081669795e-73,4.567456912076283e-84,1.4303215260537136e-148,1.3949200377801122e-120,3.557049718187003e-93,3.6586993716063656e-42,1.1306319955879443e-05,6.099276413338208e-10,0.025234083863373783
24.4,0.028085107,0.02651401279344969,2.7756932006785437e-35,4.1723710609524563e-10,0.0,1.2737342795858308e-61,1.8222363133649238e-73,3.6441974592245484e-84,9.313820670554875e-149,9.470511038458155e-121,2.576643639647175e-93,2.7616747896240996e-42,1.0902405684867759e-05,5.111172898702655e-10,0.026503109459410427
24.416666666666668,0.028085107,0.02732915517541111,2.589154716922802e-35,4.1069275855016207e-10,0.0,1.0925790526959934e-61,1.5071202028653873e-73,2.9075497417183993e-84,6.064807744330352e-149,6.429711674819853e-121,1.8664314943991515e-93,2.0844739203467796e-42,1.0512844288010908e-05,4.282249515367863e-10,0.02731864149220539
24.433333333333334,0.028085107,0.02786719185889478,2.415148491516446e-35,4.0425103205899887e-10,0.0,9.371837754734232e-62,1.2464883538961801e-73,2.319798272077048e-84,3.949127774016962e-149,4.365194298834243e-121,1.3519575071887037e-93,1.5732531873031886e-42,1.0137129047417905e-05,3.5870174124745744e-10,0.02785705396689459
24.45,0.028085107,0.028217142044396598,2.2528328368580882e-35,3.9791031789865943e-10,0.0,8.03886094104384e-62,1.030921752914538e-73,1.8508495073052184e-84,2.5714632688080635e-149,2.963532347879829e-121,9.792810217555888e-94,1.1873509418226133e-42,9.774770990792314e-06,3.004042580149653e-10,0.02820736657509123
24.466666666666665,0.028085107,0.02843090712663292,2.101422575940497e-35,3.916690325568713e-10,0.0,6.895442446953145e-62,8.526294560776595e-74,1.4766916499847117e-84,1.6743816983227153e-149,2.0119157546724355e-121,7.093245002714214e-94,8.960618962837122e-43,9.425298276306168e-06,2.515305354169858e-10,0.028421481185157048
24.48333333333333,0.028085107,0.02854169609501661,1.9601852495265763e-35,3.8552561733723105e-10,0.0,5.914630671308546e-62,7.051672222783833e-74,1.1781656586198518e-84,1.0902438018698221e-149,1.3658529729391193e-121,5.137785008839571e-94,6.762004384161315e-43,9.08825559851228e-06,2.1056603117875253e-10,0.02853260724332645
24.5,0.028085107,0.02857218927336814,1.8284375778005112e-35,3.794785379704473e-10,0.0,5.073305318470679e-62,5.832047650738691e-74,9.399845901332697e-85,7.098846908920475e-150,9.272400233040408e-122,3.7213477428546987e-94,5.102599891021535e-43,8.763203614588474e-06,1.7623809565623678e-10,0.028563425514036917
24.516666666666666,0.028085107,0.028538642550384224,1.7055421594270338e-35,3.7352628423167085e-10,0.0,4.351632859930607e-62,4.823332237216113e-74,7.499511001214082e-85,4.622181891918061e-150,6.294691593738206e-122,2.695367333462214e-94,3.8502267930208385e-43,8.449718390230981e-06,1.4747759921774644e-10,0.028530192310990108
24.53333333333333,0.028085107,0.028453148106330005,1.5909043920942013e-35,3.676673695638105e-10,0.0,3.732599375918926e-62,3.9890590451930336e-74,5.983330631517014e-85,3.009548188912224e-150,4.273176484771726e-122,1.9522213681934345e-94,2.9050923061426675e-43,8.147390864534515e-06,1.2338660213569408e-10,0.028445000224411498
24.55,0.028085107,0.028324969304903608,1.4839695996854846e-35,3.619003307067481e-10,0.0,3.2016097832509745e-62,3.2990654402298728e-74,4.773653643261246e-85,1.9595241985946756e-150,2.9008234836564917e-122,1.413948450138245e-94,2.1918583620623994e-43,7.85582633322118e-06,1.0321112312673186e-10,0.028317113013458933
24.566666666666663,0.028085107,0.028161373317478356,1.384220352220376e-35,3.562237273323718e-10,0.0,2.746144017279425e-62,2.7284033876992196e-74,3.808523681791161e-85,1.275836525055094e-150,1.9691821469122224e-122,1.0240744245173147e-94,1.6536517722417075e-43,7.574643949599097e-06,8.631820880866325e-11,0.02815379823098682
24.58333333333333,0.028085107,0.02796817405429774,1.2911739656333095e-35,3.5063614168530684e-10,0.0,2.3554620756841143e-62,2.256438076593786e-74,3.038507218123204e-85,8.306814511187471e-151,1.336732802648939e-122,7.416908320168744e-95,1.2475407923401794e-43,7.303476242651876e-06,7.217663007063898e-11,0.027960870155242314
24.6,0.028085107,0.02775009945774326,1.2043801693278116e-35,3.4513617822928497e-10,0.0,2.0203509813940587e-62,1.866102327707806e-74,2.4241625940603066e-85,5.4084035280771045e-151,9.073972618817413e-123,5.3716507111118146e-95,9.41119270885725e-44,7.041968651682495e-06,6.034063607578376e-11,0.027743057083614762
24.616666666666667,0.028085107,0.027511047793617047,1.1234189302514124e-35,3.397224632990567e-10,0.0,1.73290770822085e-62,1.5432798662722353e-74,1.9340205509618245e-85,3.5212654511229716e-151,6.15948611760014e-123,3.890326935138137e-95,7.099273206003049e-44,6.789779076950965e-06,5.0436285220001786e-11,0.02750425762438135
24.633333333333333,0.028085107,0.02725427128254634,1.047898422990894e-35,3.343936447577306e-10,0.0,1.486352958991573e-62,1.2762951902178781e-74,1.5429728841679967e-85,2.292575033429228e-151,4.1810529605737965e-123,2.8174611249876724e-95,5.355037545798228e-44,6.546577445764376e-06,4.214994731271721e-11,0.027247724328556985
24.65,0.028085107,0.02698251071552539,9.774531360932091e-36,3.291483916595094e-10,0.0,1.2748714119792868e-62,1.0554916128720432e-74,1.2309867494393027e-85,1.4926001364994797e-151,2.8380565353697903e-123,2.0404374168192527e-95,4.0391562328054157e-44,6.312045293498386e-06,3.5218634609351454e-11,0.026976198305864865
24.666666666666668,0.028085107,0.026698096128534618,9.117421054725877e-36,3.2398539391768266e-10,0.0,1.0934746743119387e-62,8.72882241822737e-75,9.820788126064667e-86,9.71758911206519e-152,1.9264183942308695e-123,1.4776859912047978e-95,3.0464803293910455e-44,6.0858753590427825e-06,2.9421872881900764e-11,0.026692009899768308
24.683333333333334,0.023404256,0.026403023430761792,8.504472663780256e-36,3.1890336197783866e-10,0.0,9.378837154505857e-63,7.218612887461094e-75,7.834967314069433e-86,6.326576065781568e-152,1.3075984720212964e-123,1.0701251743370402e-95,2.2976601527249395e-44,5.867771194183097e-06,2.4574868966449966e-11,0.02639715531608938
24.7,0.023404256,0.026099013648437343,7.93271915967251e-36,3.139010264961754e-10,0.0,8.044280123173593e-63,5.96965283144277e-75,6.250660694390446e-86,4.118832151949984e-152,8.875491667407526e-124,7.749622889157961e-96,1.7328181443735424e-44,5.6574467864449095e-06,2.0522769449505713e-11,0.0260933558672271
24.716666666666665,0.023404256,0.025787559372266556,7.399392790662603e-36,3.089771380228686e-10,0.0,6.899590310164603e-63,4.936755647777899e-75,4.986692091298618e-86,2.6814803775173393e-152,6.024273479336166e-124,5.6120319977681195e-96,1.3067726994274927e-44,5.454626194944793e-06,1.713583743043049e-11,0.025782104419958634
24.73333333333333,0.023404256,0.0254699616323896,6.901911701915686e-36,3.0413046669038025e-10,0.0,5.917760075693852e-63,4.0825492009400737e-75,3.978295867515411e-86,1.7457028936713204e-152,4.088944289558878e-124,4.063996306034746e-96,9.854329540870807e-45,5.259043198805281e-06,1.4305401541659924e-11,0.025464702270754924
24.75,0.023404256,0.025147359507643338,6.437867453762905e-36,2.993598019066609e-10,0.0,5.075622796208429e-63,3.376124609387688e-75,3.1737996349672398e-86,1.136478516934998e-152,2.7753130514254405e-124,2.9429310270088962e-96,7.430775892058852e-45,5.070440957707197e-06,1.1940454398929402e-11,0.025142288755385375
24.766666666666666,0.023404256,0.024820754146837466,6.0050133777493744e-36,2.9466395205315556e-10,0.0,4.3533066947298825e-63,2.791918637768435e-75,2.531977482583915e-86,7.398562216617972e-153,1.8836796521148375e-124,2.131083627173492e-96,5.603009880739267e-45,4.888571684166426e-06,9.964797048550898e-12,0.02481586527052455
24.78333333333333,0.023404256,0.024491028440466567,5.601253714250025e-36,2.900417441875336e-10,0.0,3.733766319136113e-63,2.3087893134761077e-75,2.0199382015835975e-86,4.8164675808502e-153,1.2784872832861544e-124,1.5431727543469464e-96,4.2246316217050733e-45,4.71319632713565e-06,8.314642335270591e-12,0.024486314945783044
24.8,0.018723404,0.02415896326945866,5.224633479216535e-36,2.854920237510752e-10,0.0,3.202380631355775e-63,1.909251365912476e-75,1.6114403766364444e-86,3.135488228862857e-153,8.677209641838936e-125,1.1174349828100026e-96,3.1851993862471504e-45,4.54408426654589e-06,6.936603904283507e-12,0.024154418892763485
24.816666666666663,0.018723404,0.02382525103288707,4.8733290111255816e-36,2.810136542806493e-10,0.0,2.746608238972471e-63,1.5788438598795192e-75,1.2855480646959925e-86,2.0411594904816657e-153,5.889224265601087e-125,8.09139975339069e-97,2.4014016800381374e-45,4.381013018414634e-06,5.786009173773529e-12,0.023820869733068992
24.83333333333333,0.018723404,0.023490506992462575,4.5456391524869844e-36,2.7660551712518945e-10,0.0,2.355691646403181e-63,1.3056071699427438e-75,1.0255582204734285e-86,1.328752056340951e-153,3.996965819447637e-125,5.858935898393712e-97,1.8103956322008592e-45,4.223767950159611e-06,4.8254844076859775e-12,0.023486282943081416
24.85,0.018723404,0.023155278850235127,4.2399770233284125e-36,2.722665111666184e-10,0.0,2.020403557267847e-63,1.0796503927609352e-75,8.181449408687078e-87,8.6498029165985e-154,2.712671022984523e-125,4.2423602527951744e-97,1.3647803448557703e-45,4.072142005770931e-06,4.023768267910969e-12,0.023151206431939075
24.866666666666667,0.018723404,0.02282005488508682,3.954862346933411e-36,2.6799555254514844e-10,0.0,1.732829249972613e-63,8.927935618459293e-76,6.5267670223253715e-87,5.6307175028989505e-154,1.8410186501089504e-125,3.071779727235449e-97,1.0288041200470886e-45,3.92593544050415e-06,3.354717172030179e-12,0.022816128678296046
24.883333333333333,0.018723404,0.022485270904879385,3.6889142907696774e-36,2.63791574388865e-10,0.0,1.4861798981984493e-63,7.382717319834417e-76,5.206716223133559e-87,3.665359190909536e-154,1.2494348844150907e-125,2.2241615898940027e-97,7.755028270945921e-46,3.7849555647684494e-06,2.7964716313226817e-12,0.02248148568272657
24.9,0.018723404,0.02215131621861583,3.440844788035274e-36,2.596535265475695e-10,0.0,1.2746324369161668e-63,6.104902361815749e-76,4.153628465234146e-87,2.3859680634936605e-154,8.479367525802129e-126,1.610409636690447e-97,5.845409164599439e-46,3.649016496896626e-06,2.330757666133123e-12,0.02214766694013465
24.916666666666668,0.0140425535,0.02181853879247638,3.2094523075671705e-36,2.5558037533077053e-10,0.0,1.0931921998800604e-63,5.048222672409077e-76,3.313517975046829e-87,1.553130711613839e-154,5.754501373123278e-126,1.1660043171566626e-97,4.405826305852726e-46,3.517938924491952e-06,1.9423015374959255e-12,0.021815020596029213
24.933333333333334,0.0140425535,0.02148724972208824,2.9936160420212906e-36,2.5157110324979506e-10,0.0,9.375750910236306e-64,4.1744146564281206e-76,2.643315265651071e-87,1.0109896144833776e-154,3.905227655693624e-126,8.442240989794635e-98,3.3206326662350483e-46,3.3915498740586493e-06,1.618339517969899e-12,0.021483857919024737
24.95,0.0140425535,0.021157727128676106,2.792290486251481e-36,2.476247087639236e-10,0.0,8.041065124024431e-64,3.4518346065835655e-76,2.1086599572026813e-87,6.580830375737199e-155,2.6502048678617095e-126,6.11236298148169e-98,2.5026227739936994e-46,3.269682488631875e-06,1.3482073546148675e-12,0.02115445719721456
24.966666666666665,0.0140425535,0.020830219567212364,2.6045003796995276e-36,2.4374020603051646e-10,0.0,6.896346661468448e-64,2.8543135809083567e-76,1.6821398360824407e-87,4.2836110016887085e-155,1.798485682245832e-126,4.4254185172389454e-98,1.886040975741785e-46,3.152175813133258e-06,1.122996540426283e-12,0.020827067146536028
24.98333333333333,0.0140425535,0.020504949019136173,2.429335988363831e-36,2.3991662465903976e-10,0.0,5.914561865855245e-64,2.3602103367109994e-76,1.3418859409588883e-87,2.7882691268686726e-155,1.2204752635417059e-126,3.204006559100718e-98,1.4213077132265478e-46,3.038874587186713e-06,9.352665810934035e-13,0.020501909903697095
25.0,0.0140425535,0.020182113529750707,2.265948703554751e-36,2.3615300946895297e-10,0.0,5.072523492622711e-64,1.951628070983217e-76,1.070451699796706e-87,1.814908360122107e-155,8.282194991972463e-127,2.3196704789214035e-98,1.0710418508071298e-46,2.929629045138546e-06,7.788041838715369e-13,0.020179183663773755
