time,signal,fit_total,peak_1,peak_2,peak_3,peak_4,peak_5,peak_6,peak_7,peak_8,peak_9,peak_10,peak_11,peak_12,peak_13
0.0,0.004680851,0.0,0.0,0.0,0.0,0.0,0.0,0.0,0.0,0.0,0.0,0.0,0.0,0.0,0.0
0.0166666666666666,0.0,0.0,0.0,0.0,0.0,0.0,0.0,0.0,0.0,0.0,0.0,0.0,0.0,0.0,0.0
0.0333333333333333,0.0,0.0,0.0,0.0,0.0,0.0,0.0,0.0,0.0,0.0,0.0,0.0,0.0,0.0,0.0
0.05,0.0,0.0,0.0,0.0,0.0,0.0,0.0,0.0,0.0,0.0,0.0,0.0,0.0,0.0,0.0
0.0666666666666666,0.0,0.0,0.0,0.0,0.0,0.0,0.0,0.0,0.0,0.0,0.0,0.0,0.0,0.0,0.0
0.0833333333333333,0.0,0.0,0.0,0.0,0.0,0.0,0.0,0.0,0.0,0.0,0.0,0.0,0.0,0.0,0.0
0.1,0.0,0.0,0.0,0.0,0.0,0.0,0.0,0.0,0.0,0.0,0.0,0.0,0.0,0.0,0.0
0.1166666666666666,0.0,0.0,0.0,0.0,0.0,0.0,0.0,0.0,0.0,0.0,0.0,0.0,0.0,0.0,0.0
0.1333333333333333,0.0,0.0,0.0,0.0,0.0,0.0,0.0,0.0,0.0,0.0,0.0,0.0,0.0,0.0,0.0
0.15,0.0,0.0,0.0,0.0,0.0,0.0,0.0,0.0,0.0,0.0,0.0,0.0,0.0,0.0,0.0
0.1666666666666666,0.0,0.0,0.0,0.0,0.0,0.0,0.0,0.0,0.0,0.0,0.0,0.0,0.0,0.0,0.0
0.1833333333333333,0.0,0.0,0.0,0.0,0.0,0.0,0.0,0.0,0.0,0.0,0.0,0.0,0.0,0.0,0.0
0.2,0.0,0.0,0.0,0.0,0.0,0.0,0.0,0.0,0.0,0.0,0.0,0.0,0.0,0.0,0.0
0.2166666666666666,-0.004680851,0.0,0.0,0.0,0.0,0.0,0.0,0.0,0.0,0.0,0.0,0.0,0.0,0.0,0.0
0.2333333333333333,-0.004680851,0.0,0.0,0.0,0.0,0.0,0.0,0.0,0.0,0.0,0.0,0.0,0.0,0.0,0.0
0.25,-0.004680851,0.0,0.0,0.0,0.0,0.0,0.0,0.0,0.0,0.0,0.0,0.0,0.0,0.0,0.0
0.2666666666666666,-0.004680851,0.0,0.0,0.0,0.0,0.0,0.0,0.0,0.0,0.0,0.0,0.0,0.0,0.0,0.0
0.2833333333333333,-0.004680851,0.0,0.0,0.0,0.0,0.0,0.0,0.0,0.0,0.0,0.0,0.0,0.0,0.0,0.0
0.3,-0.004680851,0.0,0.0,0.0,0.0,0.0,0.0,0.0,0.0,0.0,0.0,0.0,0.0,0.0,0.0
0.3166666666666666,-0.004680851,0.0,0.0,0.0,0.0,0.0,0.0,0.0,0.0,0.0,0.0,0.0,0.0,0.0,0.0
0.3333333333333333,-0.004680851,0.0,0.0,0.0,0.0,0.0,0.0,0.0,0.0,0.0,0.0,0.0,0.0,0.0,0.0
0.35,-0.004680851,0.0,0.0,0.0,0.0,0.0,0.0,0.0,0.0,0.0,0.0,0.0,0.0,0.0,0.0
0.3666666666666666,-0.004680851,0.0,0.0,0.0,0.0,0.0,0.0,0.0,0.0,0.0,0.0,0.0,0.0,0.0,0.0
0.3833333333333333,-0.004680851,0.0,0.0,0.0,0.0,0.0,0.0,0.0,0.0,0.0,0.0,0.0,0.0,0.0,0.0
0.4,-0.004680851,0.0,0.0,0.0,0.0,0.0,0.0,0.0,0.0,0.0,0.0,0.0,0.0,0.0,0.0
0.4166666666666667,-0.004680851,0.0,0.0,0.0,0.0,0.0,0.0,0.0,0.0,0.0,0.0,0.0,0.0,0.0,0.0
0.4333333333333333,-0.004680851,0.0,0.0,0.0,0.0,0.0,0.0,0.0,0.0,0.0,0.0,0.0,0.0,0.0,0.0
0.45,-0.004680851,0.0,0.0,0.0,0.0,0.0,0.0,0.0,0.0,0.0,0.0,0.0,0.0,0.0,0.0
0.4666666666666667,-0.004680851,0.0,0.0,0.0,0.0,0.0,0.0,0.0,0.0,0.0,0.0,0.0,0.0,0.0,0.0
0.4833333333333333,-0.004680851,0.0,0.0,0.0,0.0,0.0,0.0,0.0,0.0,0.0,0.0,0.0,0.0,0.0,0.0
0.5,-0.004680851,0.0,0.0,0.0,0.0,0.0,0.0,0.0,0.0,0.0,0.0,0.0,0.0,0.0,0.0
0.5166666666666667,-0.004680851,0.0,0.0,0.0,0.0,0.0,0.0,0.0,0.0,0.0,0.0,0.0,0.0,0.0,0.0
0.5333333333333333,-0.004680851,0.0,0.0,0.0,0.0,0.0,0.0,0.0,0.0,0.0,0.0,0.0,0.0,0.0,0.0
0.55,-0.009361702,0.0,0.0,0.0,0.0,0.0,0.0,0.0,0.0,0.0,0.0,0.0,0.0,0.0,0.0
0.5666666666666667,-0.009361702,0.0,0.0,0.0,0.0,0.0,0.0,0.0,0.0,0.0,0.0,0.0,0.0,0.0,0.0
0.5833333333333334,-0.009361702,0.0,0.0,0.0,0.0,0.0,0.0,0.0,0.0,0.0,0.0,0.0,0.0,0.0,0.0
0.6,-0.009361702,0.0,0.0,0.0,0.0,0.0,0.0,0.0,0.0,0.0,0.0,0.0,0.0,0.0,0.0
0.6166666666666667,-0.009361702,0.0,0.0,0.0,0.0,0.0,0.0,0.0,0.0,0.0,0.0,0.0,0.0,0.0,0.0
0.6333333333333333,-0.0140425535,0.0,0.0,0.0,0.0,0.0,0.0,0.0,0.0,0.0,0.0,0.0,0.0,0.0,0.0
0.65,-0.0140425535,0.0,0.0,0.0,0.0,0.0,0.0,0.0,0.0,0.0,0.0,0.0,0.0,0.0,0.0
0.6666666666666666,-0.0140425535,0.0,0.0,0.0,0.0,0.0,0.0,0.0,0.0,0.0,0.0,0.0,0.0,0.0,0.0
0.6833333333333333,-0.018723404,0.0,0.0,0.0,0.0,0.0,0.0,0.0,0.0,0.0,0.0,0.0,0.0,0.0,0.0
0.7,-0.018723404,0.0,0.0,0.0,0.0,0.0,0.0,0.0,0.0,0.0,0.0,0.0,0.0,0.0,0.0
0.7166666666666667,-0.023404256,0.0,0.0,0.0,0.0,0.0,0.0,0.0,0.0,0.0,0.0,0.0,0.0,0.0,0.0
0.7333333333333333,-0.023404256,0.0,0.0,0.0,0.0,0.0,0.0,0.0,0.0,0.0,0.0,0.0,0.0,0.0,0.0
0.75,-0.028085107,0.0,0.0,0.0,0.0,0.0,0.0,0.0,0.0,0.0,0.0,0.0,0.0,0.0,0.0
0.7666666666666667,-0.03276596,0.0,0.0,0.0,0.0,0.0,0.0,0.0,0.0,0.0,0.0,0.0,0.0,0.0,0.0
0.7833333333333333,-0.03276596,0.0,0.0,0.0,0.0,0.0,0.0,0.0,0.0,0.0,0.0,0.0,0.0,0.0,0.0
0.8,-0.037446808,0.0,0.0,0.0,0.0,0.0,0.0,0.0,0.0,0.0,0.0,0.0,0.0,0.0,0.0
0.8166666666666667,-0.042127658,0.0,0.0,0.0,0.0,0.0,0.0,0.0,0.0,0.0,0.0,0.0,0.0,0.0,0.0
0.8333333333333334,-0.04680851,0.0,0.0,0.0,0.0,0.0,0.0,0.0,0.0,0.0,0.0,0.0,0.0,0.0,0.0
0.85,-0.04680851,0.0,0.0,0.0,0.0,0.0,0.0,0.0,0.0,0.0,0.0,0.0,0.0,0.0,0.0
0.8666666666666667,-0.05148936,0.0,0.0,0.0,0.0,0.0,0.0,0.0,0.0,0.0,0.0,0.0,0.0,0.0,0.0
0.8833333333333333,-0.05148936,0.0,0.0,0.0,0.0,0.0,0.0,0.0,0.0,0.0,0.0,0.0,0.0,0.0,0.0
0.9,-0.056170214,0.0,0.0,0.0,0.0,0.0,0.0,0.0,0.0,0.0,0.0,0.0,0.0,0.0,0.0
0.9166666666666666,-0.060851064,0.0,0.0,0.0,0.0,0.0,0.0,0.0,0.0,0.0,0.0,0.0,0.0,0.0,0.0
0.9333333333333332,-0.060851064,0.0,0.0,0.0,0.0,0.0,0.0,0.0,0.0,0.0,0.0,0.0,0.0,0.0,0.0
0.95,-0.06553192,0.0,0.0,0.0,0.0,0.0,0.0,0.0,0.0,0.0,0.0,0.0,0.0,0.0,0.0
0.9666666666666668,-0.06553192,9.147546034006303e-106,9.147546034006303e-106,0.0,0.0,0.0,0.0,0.0,0.0,0.0,0.0,0.0,0.0,0.0,0.0
0.9833333333333332,-0.06553192,8.707899348319587e-09,8.707899348319587e-09,0.0,0.0,0.0,0.0,0.0,0.0,0.0,0.0,0.0,0.0,0.0,0.0
1.0,-0.060851064,8.149365756440252e-07,8.149365756440252e-07,0.0,0.0,0.0,0.0,0.0,0.0,0.0,0.0,0.0,0.0,0.0,0.0
1.0166666666666666,-0.060851064,1.0637911998381101e-05,1.0637911998381101e-05,0.0,0.0,0.0,0.0,0.0,0.0,0.0,0.0,0.0,0.0,0.0,0.0
1.0333333333333334,-0.060851064,6.199241091923564e-05,6.199241091923564e-05,0.0,0.0,0.0,0.0,0.0,0.0,0.0,0.0,0.0,0.0,0.0,0.0
1.05,-0.056170214,0.0002322218001985453,0.0002322218001985453,0.0,0.0,0.0,0.0,0.0,0.0,0.0,0.0,0.0,0.0,0.0,0.0
1.0666666666666669,-0.056170214,0.0006577720521091316,0.0006577720521091316,0.0,0.0,0.0,0.0,0.0,0.0,0.0,0.0,0.0,0.0,0.0,0.0
1.0833333333333333,-0.04680851,0.0015363010945359536,0.0015363010945359536,0.0,0.0,0.0,0.0,0.0,0.0,0.0,0.0,0.0,0.0,0.0,0.0
1.1,-0.042127658,0.0031157446449785924,0.0031157446449785924,0.0,0.0,0.0,0.0,0.0,0.0,0.0,0.0,0.0,0.0,0.0,0.0
1.1166666666666667,-0.03276596,0.005673050038788547,0.005673050038788547,0.0,0.0,0.0,0.0,0.0,0.0,0.0,0.0,0.0,0.0,0.0,0.0
1.1333333333333333,-0.023404256,0.009487037671393537,0.009487037671393537,0.0,0.0,0.0,0.0,0.0,0.0,0.0,0.0,0.0,0.0,0.0,0.0
1.15,-0.009361702,0.014810101481537458,0.014810101481537458,0.0,0.0,0.0,0.0,0.0,0.0,0.0,0.0,0.0,0.0,0.0,0.0
1.1666666666666667,0.004680851,0.021842752340228068,0.021842752340228068,0.0,0.0,0.0,0.0,0.0,0.0,0.0,0.0,0.0,0.0,0.0,0.0
1.1833333333333331,0.018723404,0.03071383267200611,0.03071383267200611,0.0,0.0,0.0,0.0,0.0,0.0,0.0,0.0,0.0,0.0,0.0,0.0
1.2,0.03276596,0.04146795243513995,0.04146795243513995,0.0,0.0,0.0,0.0,0.0,0.0,0.0,0.0,0.0,0.0,0.0,0.0
1.2166666666666666,0.05148936,0.054060547098533675,0.054060547098533675,0.0,0.0,0.0,0.0,0.0,0.0,0.0,0.0,0.0,0.0,0.0,0.0
1.2333333333333334,0.06553192,0.06836005698221918,0.06836005698221918,0.0,0.0,0.0,0.0,0.0,0.0,0.0,0.0,0.0,0.0,0.0,0.0
1.25,0.084255315,0.08415611244386377,0.08415611244386377,0.0,0.0,0.0,0.0,0.0,0.0,0.0,0.0,0.0,0.0,0.0,0.0
1.2666666666666666,0.10297872,0.10117226667159875,0.10117226667159875,0.0,0.0,0.0,0.0,0.0,0.0,0.0,0.0,0.0,0.0,0.0,0.0
1.2833333333333334,0.12170213,0.11908170408156425,0.11908170408156425,0.0,0.0,0.0,0.0,0.0,0.0,0.0,0.0,0.0,0.0,0.0,0.0
1.3,0.14042553,0.13752441237902344,0.13752441237902344,0.0,0.0,0.0,0.0,0.0,0.0,0.0,0.0,0.0,0.0,0.0,0.0
1.3166666666666669,0.15914893,0.15612448442076185,0.15612448442076185,0.0,0.0,0.0,0.0,0.0,0.0,0.0,0.0,0.0,0.0,0.0,0.0
1.3333333333333333,0.17787234,0.1745064622853966,0.1745064622853966,0.0,0.0,0.0,0.0,0.0,0.0,0.0,0.0,0.0,0.0,0.0,0.0
1.35,0.19191489,0.19230990980185694,0.19230990980185694,0.0,0.0,0.0,0.0,0.0,0.0,0.0,0.0,0.0,0.0,0.0,0.0
1.3666666666666667,0.2106383,0.20920167072433285,0.20920167072433285,0.0,0.0,0.0,0.0,0.0,0.0,0.0,0.0,0.0,0.0,0.0,0.0
1.3833333333333333,0.22468086,0.22488551691072856,0.22488551691072856,0.0,0.0,0.0,0.0,0.0,0.0,0.0,0.0,0.0,0.0,0.0,0.0
1.4,0.2387234,0.23910910170742958,0.23910910170742958,0.0,0.0,0.0,0.0,0.0,0.0,0.0,0.0,0.0,0.0,0.0,0.0
1.4166666666666667,0.25276595,0.25166830238489185,0.25166830238489185,0.0,0.0,0.0,0.0,0.0,0.0,0.0,0.0,0.0,0.0,0.0,0.0
1.4333333333333331,0.26212767,0.2624091610249591,0.2624091610249591,0.0,0.0,0.0,0.0,0.0,0.0,0.0,0.0,0.0,0.0,0.0,0.0
1.45,0.27148935,0.27122771832029946,0.27122771832029946,0.0,0.0,0.0,0.0,0.0,0.0,0.0,0.0,0.0,0.0,0.0,0.0
1.4666666666666666,0.27617022,0.2780680840675319,0.2780680840675319,0.0,0.0,0.0,0.0,0.0,0.0,0.0,0.0,0.0,0.0,0.0,0.0
1.4833333333333334,0.28085107,0.2829191076109699,0.2829191076109699,0.0,0.0,0.0,0.0,0.0,0.0,0.0,0.0,0.0,0.0,0.0,0.0
1.5,0.2855319,0.28581000736995554,0.28581000736995554,0.0,0.0,0.0,0.0,0.0,0.0,0.0,0.0,0.0,0.0,0.0,0.0
1.5166666666666666,0.2855319,0.28680529691083084,0.28680529691083084,0.0,0.0,0.0,0.0,0.0,0.0,0.0,0.0,0.0,0.0,0.0,0.0
1.5333333333333334,0.2855319,0.2859993113046549,0.2859993113046549,0.0,0.0,0.0,0.0,0.0,0.0,0.0,0.0,0.0,0.0,0.0,0.0
1.55,0.2855319,0.28351059649088817,0.28351059649088817,0.0,0.0,0.0,0.0,0.0,0.0,0.0,0.0,0.0,0.0,0.0,0.0
1.5666666666666669,0.28085107,0.2794763799543713,0.2794763799543713,0.0,0.0,0.0,0.0,0.0,0.0,0.0,0.0,0.0,0.0,0.0,0.0
1.5833333333333333,0.27617022,0.27404729628744845,0.27404729628744845,0.0,0.0,0.0,0.0,0.0,0.0,0.0,0.0,0.0,0.0,0.0,0.0
1.6,0.2668085,0.2673824984351942,0.2673824984351942,0.0,0.0,0.0,0.0,0.0,0.0,0.0,0.0,0.0,0.0,0.0,0.0
1.6166666666666667,0.26212767,0.2596452461963291,0.2596452461963291,0.0,0.0,0.0,0.0,0.0,0.0,0.0,0.0,0.0,0.0,0.0,0.0
1.6333333333333333,0.25276595,0.2509990288699431,0.2509990288699431,0.0,0.0,0.0,0.0,0.0,0.0,0.0,0.0,0.0,0.0,0.0,0.0
1.65,0.2387234,0.24160424930980107,0.24160424930980107,0.0,0.0,0.0,0.0,0.0,0.0,0.0,0.0,0.0,0.0,0.0,0.0
1.6666666666666667,0.2293617,0.23161547220710627,0.23161547220710627,0.0,0.0,0.0,0.0,0.0,0.0,0.0,0.0,0.0,0.0,0.0,0.0
1.6833333333333331,0.22,0.22117922002067092,0.22117922002067092,0.0,0.0,0.0,0.0,0.0,0.0,0.0,0.0,0.0,0.0,0.0,0.0
1.7,0.20595744,0.21043228526430827,0.21043228526430827,0.0,0.0,0.0,0.0,0.0,0.0,0.0,0.0,0.0,0.0,0.0,0.0
1.7166666666666666,0.19659574,0.1995005173712744,0.1995005173712744,0.0,0.0,0.0,0.0,0.0,0.0,0.0,0.0,0.0,0.0,0.0,0.0
1.7333333333333334,0.18255319,0.188498035541023,0.188498035541023,0.0,0.0,0.0,0.0,0.0,0.0,0.0,0.0,0.0,0.0,0.0,0.0
1.75,0.17319149,0.17752681526500347,0.17752681526500347,0.0,0.0,0.0,0.0,0.0,0.0,0.0,0.0,0.0,0.0,0.0,0.0
1.7666666666666666,0.15914893,0.16667659506400995,0.16667659506400995,0.0,0.0,0.0,0.0,0.0,0.0,0.0,0.0,0.0,0.0,0.0,0.0
1.7833333333333334,0.14978723,0.15602505081930798,0.15602505081930798,0.0,0.0,0.0,0.0,0.0,0.0,0.0,0.0,0.0,0.0,0.0,0.0
1.8,0.14042553,0.1456381874598352,0.1456381874598352,0.0,0.0,0.0,0.0,0.0,0.0,0.0,0.0,0.0,0.0,0.0,0.0
1.8166666666666669,0.12638298,0.13557090125054308,0.13557090125054308,0.0,0.0,0.0,0.0,0.0,0.0,0.0,0.0,0.0,0.0,0.0,0.0
1.8333333333333333,0.11702128,0.12586767014449116,0.12586767014449116,0.0,0.0,0.0,0.0,0.0,0.0,0.0,0.0,0.0,0.0,0.0,0.0
1.85,0.10297872,0.11656333430566639,0.11656333430566639,0.0,0.0,0.0,0.0,0.0,0.0,0.0,0.0,0.0,0.0,0.0,0.0
1.8666666666666667,0.09361702,0.10768393373011947,0.10768393373011947,0.0,0.0,0.0,0.0,0.0,0.0,0.0,0.0,0.0,0.0,0.0,0.0
1.8833333333333333,0.084255315,0.09924757469213362,0.09924757469213362,0.0,0.0,0.0,0.0,0.0,0.0,0.0,0.0,0.0,0.0,0.0,0.0
1.9,0.079574466,0.09126530136961468,0.09126530136961468,0.0,0.0,0.0,0.0,0.0,0.0,0.0,0.0,0.0,0.0,0.0,0.0
1.9166666666666667,0.07021277,0.08374195334975518,0.08374195334975518,0.0,0.0,0.0,0.0,0.0,0.0,0.0,0.0,0.0,0.0,0.0,0.0
1.9333333333333331,0.060851064,0.07667699370866415,0.07667699370866415,0.0,0.0,0.0,0.0,0.0,0.0,0.0,0.0,0.0,0.0,0.0,0.0
1.95,0.05148936,0.07006529595254969,0.07006529595254969,0.0,0.0,0.0,0.0,0.0,0.0,0.0,0.0,0.0,0.0,0.0,0.0
1.9666666666666663,0.04680851,0.06389788128241683,0.06389788128241683,0.0,0.0,0.0,0.0,0.0,0.0,0.0,0.0,0.0,0.0,0.0,0.0
1.9833333333333332,0.037446808,0.05816260039676785,0.05816260039676785,0.0,0.0,0.0,0.0,0.0,0.0,0.0,0.0,0.0,0.0,0.0,0.0
2.0,0.03276596,0.05284475638936262,0.05284475638936262,0.0,0.0,0.0,0.0,0.0,0.0,0.0,0.0,0.0,0.0,0.0,0.0
2.0166666666666666,0.028085107,0.04792766725373347,0.04792766725373347,0.0,0.0,0.0,0.0,0.0,0.0,0.0,0.0,0.0,0.0,0.0,0.0
2.033333333333333,0.023404256,0.043393168101981267,0.043393168101981267,0.0,0.0,0.0,0.0,0.0,0.0,0.0,0.0,0.0,0.0,0.0,0.0
2.05,0.018723404,0.03922205447576889,0.03922205447576889,0.0,0.0,0.0,0.0,0.0,0.0,0.0,0.0,0.0,0.0,0.0,0.0
2.066666666666667,0.0140425535,0.035394469107992786,0.035394469107992786,0.0,0.0,0.0,0.0,0.0,0.0,0.0,0.0,0.0,0.0,0.0,0.0
2.083333333333333,0.009361702,0.03189023522039752,0.03189023522039752,0.0,0.0,0.0,0.0,0.0,0.0,0.0,0.0,0.0,0.0,0.0,0.0
2.1,0.004680851,0.02868913995071106,0.02868913995071106,0.0,0.0,0.0,0.0,0.0,0.0,0.0,0.0,0.0,0.0,0.0,0.0
2.1166666666666667,0.0,0.02577117182629588,0.02577117182629588,0.0,0.0,0.0,0.0,0.0,0.0,0.0,0.0,0.0,0.0,0.0,0.0
2.1333333333333333,-0.004680851,0.023116716371047254,0.023116716371047254,0.0,0.0,0.0,0.0,0.0,0.0,0.0,0.0,0.0,0.0,0.0,0.0
2.15,-0.009361702,0.020706713976838247,0.020706713976838247,0.0,0.0,0.0,0.0,0.0,0.0,0.0,0.0,0.0,0.0,0.0,0.0
2.1666666666666665,-0.009361702,0.018522784115695384,0.018522784115695384,0.0,0.0,0.0,0.0,0.0,0.0,0.0,0.0,0.0,0.0,0.0,0.0
2.183333333333333,-0.0140425535,0.016547319836622144,0.016547319836622144,0.0,0.0,0.0,0.0,0.0,0.0,0.0,0.0,0.0,0.0,0.0,0.0
2.2,-0.0140425535,0.01476355630107676,0.01476355630107676,0.0,0.0,0.0,0.0,0.0,0.0,0.0,0.0,0.0,0.0,0.0,0.0
2.216666666666667,-0.018723404,0.013155616880259364,0.013155616880259364,0.0,0.0,0.0,0.0,0.0,0.0,0.0,0.0,0.0,0.0,0.0,0.0
2.2333333333333334,-0.023404256,0.011708540079601213,0.011708540079601213,0.0,0.0,0.0,0.0,0.0,0.0,0.0,0.0,0.0,0.0,0.0,0.0
2.25,-0.023404256,0.010408290282789145,0.010408290282789145,0.0,0.0,0.0,0.0,0.0,0.0,0.0,0.0,0.0,0.0,0.0,0.0
2.2666666666666666,-0.028085107,0.009241755028722227,0.009241755028722227,0.0,0.0,0.0,0.0,0.0,0.0,0.0,0.0,0.0,0.0,0.0,0.0
2.283333333333333,-0.028085107,0.008196731257470554,0.008196731257470554,0.0,0.0,0.0,0.0,0.0,0.0,0.0,0.0,0.0,0.0,0.0,0.0
2.3,-0.028085107,0.007261902691384109,0.007261902691384109,0.0,0.0,0.0,0.0,0.0,0.0,0.0,0.0,0.0,0.0,0.0,0.0
2.316666666666667,-0.028085107,0.006426810259318899,0.006426810259318899,0.0,0.0,0.0,0.0,0.0,0.0,0.0,0.0,0.0,0.0,0.0,0.0
2.333333333333333,-0.03276596,0.005681817228613381,0.005681817228613381,0.0,0.0,0.0,0.0,0.0,0.0,0.0,0.0,0.0,0.0,0.0,0.0
2.35,-0.03276596,0.005018070483031067,0.005018070483031067,0.0,0.0,0.0,0.0,0.0,0.0,0.0,0.0,0.0,0.0,0.0,0.0
2.3666666666666667,-0.03276596,0.004427459176610882,0.004427459176610882,0.0,0.0,0.0,0.0,0.0,0.0,0.0,0.0,0.0,0.0,0.0,0.0
2.3833333333333333,-0.03276596,0.0039025718037674923,0.0039025718037674923,0.0,0.0,0.0,0.0,0.0,0.0,0.0,0.0,0.0,0.0,0.0,0.0
2.4,-0.037446808,0.0034366525550612237,0.0034366525550612237,0.0,0.0,0.0,0.0,0.0,0.0,0.0,0.0,0.0,0.0,0.0,0.0
2.4166666666666665,-0.037446808,0.003023557675380146,0.003023557675380146,0.0,0.0,0.0,0.0,0.0,0.0,0.0,0.0,0.0,0.0,0.0,0.0
2.433333333333333,-0.037446808,0.002657712406112342,0.002657712406112342,0.0,0.0,0.0,0.0,0.0,0.0,0.0,0.0,0.0,0.0,0.0,0.0
2.45,-0.037446808,0.002334068974270092,0.002334068974270092,0.0,0.0,0.0,0.0,0.0,0.0,0.0,0.0,0.0,0.0,0.0,0.0
2.466666666666667,-0.037446808,0.002048065988346209,0.002048065988346209,0.0,0.0,0.0,0.0,0.0,0.0,0.0,0.0,0.0,0.0,0.0,0.0
2.4833333333333334,-0.037446808,0.001795589511733281,0.001795589511733281,0.0,0.0,0.0,0.0,0.0,0.0,0.0,0.0,0.0,0.0,0.0,0.0
2.5,-0.037446808,0.0015729360085737032,0.0015729360085737032,0.0,0.0,0.0,0.0,0.0,0.0,0.0,0.0,0.0,0.0,0.0,0.0
2.5166666666666666,-0.037446808,0.0013767772926813803,0.0013767772926813803,0.0,0.0,0.0,0.0,0.0,0.0,0.0,0.0,0.0,0.0,0.0,0.0
2.533333333333333,-0.042127658,0.0012041275564632543,0.0012041275564632543,0.0,0.0,0.0,0.0,0.0,0.0,0.0,0.0,0.0,0.0,0.0,0.0
2.55,-0.042127658,0.0010523125123921703,0.0010523125123921703,0.0,0.0,0.0,0.0,0.0,0.0,0.0,0.0,0.0,0.0,0.0,0.0
2.566666666666667,-0.037446808,0.0009189406434304581,0.0009189406434304581,0.0,0.0,0.0,0.0,0.0,0.0,0.0,0.0,0.0,0.0,0.0,0.0
2.583333333333333,-0.037446808,0.0008018765298356586,0.0008018765298356586,0.0,0.0,0.0,0.0,0.0,0.0,0.0,0.0,0.0,0.0,0.0,0.0
2.6,-0.037446808,0.0006992161970370836,0.0006992161970370836,0.0,0.0,0.0,0.0,0.0,0.0,0.0,0.0,0.0,0.0,0.0,0.0
2.6166666666666667,-0.037446808,0.0006092644118778207,0.0006092644118778207,0.0,0.0,0.0,0.0,0.0,0.0,0.0,0.0,0.0,0.0,0.0,0.0
2.6333333333333333,-0.037446808,0.0005305138416774745,0.0005305138416774745,0.0,0.0,0.0,0.0,0.0,0.0,0.0,0.0,0.0,0.0,0.0,0.0
2.65,-0.037446808,0.00046162598157590065,0.00046162598157590065,0.0,0.0,0.0,0.0,0.0,0.0,0.0,0.0,0.0,0.0,0.0,0.0
2.6666666666666665,-0.03276596,0.00040141374983276607,0.00040141374983276607,0.0,0.0,0.0,0.0,0.0,0.0,0.0,0.0,0.0,0.0,0.0,0.0
2.683333333333333,-0.03276596,0.0003488256476241885,0.0003488256476241885,0.0,0.0,0.0,0.0,0.0,0.0,0.0,0.0,0.0,0.0,0.0,0.0
2.7,-0.03276596,0.000302931378905513,0.000302931378905513,0.0,0.0,0.0,0.0,0.0,0.0,0.0,0.0,0.0,0.0,0.0,0.0
2.716666666666667,-0.03276596,0.00026290882667327536,0.00026290882667327536,0.0,0.0,0.0,0.0,0.0,0.0,0.0,0.0,0.0,0.0,0.0,0.0
2.7333333333333334,-0.028085107,0.0002280322840923401,0.0002280322840923401,0.0,0.0,0.0,0.0,0.0,0.0,0.0,0.0,0.0,0.0,0.0,0.0
2.75,-0.028085107,0.00019766184214186006,0.00019766184214186006,0.0,0.0,0.0,0.0,0.0,0.0,0.0,0.0,0.0,0.0,0.0,0.0
2.7666666666666666,-0.028085107,0.0001712338394096471,0.0001712338394096471,0.0,0.0,0.0,0.0,0.0,0.0,0.0,0.0,0.0,0.0,0.0,0.0
2.783333333333333,-0.028085107,0.00014825228420437458,0.00014825228420437458,0.0,0.0,0.0,0.0,0.0,0.0,0.0,0.0,0.0,0.0,0.0,0.0
2.8,-0.028085107,0.00012828116407201867,0.00012828116407201867,0.0,0.0,0.0,0.0,0.0,0.0,0.0,0.0,0.0,0.0,0.0,0.0
2.816666666666667,-0.028085107,0.00011093756294309432,0.00011093756294309432,0.0,0.0,0.0,0.0,0.0,0.0,0.0,0.0,0.0,0.0,0.0,0.0
2.833333333333333,-0.028085107,9.588551137510743e-05,9.588551137510743e-05,0.0,0.0,0.0,0.0,0.0,0.0,0.0,0.0,0.0,0.0,0.0,0.0
2.85,-0.028085107,8.28305005896277e-05,8.28305005896277e-05,0.0,0.0,0.0,0.0,0.0,0.0,0.0,0.0,0.0,0.0,0.0,0.0
2.8666666666666667,-0.023404256,7.151459615604772e-05,7.151459615604772e-05,0.0,0.0,0.0,0.0,0.0,0.0,0.0,0.0,0.0,0.0,0.0,0.0
2.8833333333333333,-0.023404256,6.171209218299521e-05,6.171209218299521e-05,0.0,0.0,0.0,0.0,0.0,0.0,0.0,0.0,0.0,0.0,0.0,0.0
2.9,-0.023404256,5.322565169756219e-05,5.322565169756219e-05,0.0,0.0,0.0,0.0,0.0,0.0,0.0,0.0,0.0,0.0,0.0,0.0
2.9166666666666665,-0.023404256,4.588288348859658e-05,4.588288348859658e-05,0.0,0.0,0.0,0.0,0.0,0.0,0.0,0.0,0.0,0.0,0.0,0.0
2.933333333333333,-0.023404256,3.953331004072021e-05,3.953331004072021e-05,0.0,0.0,0.0,0.0,0.0,0.0,0.0,0.0,0.0,0.0,0.0,0.0
2.95,-0.023404256,3.40456852765238e-05,3.40456852765238e-05,0.0,0.0,0.0,0.0,0.0,0.0,0.0,0.0,0.0,0.0,0.0,0.0
2.966666666666667,-0.023404256,2.9305624648754903e-05,2.9305624648754903e-05,0.0,0.0,0.0,0.0,0.0,0.0,0.0,0.0,0.0,0.0,0.0,0.0
2.9833333333333334,-0.023404256,2.5213513681088724e-05,2.5213513681088724e-05,0.0,0.0,0.0,0.0,0.0,0.0,0.0,0.0,0.0,0.0,0.0,0.0
3.0,-0.023404256,2.168266434862667e-05,2.168266434862667e-05,0.0,0.0,0.0,0.0,0.0,0.0,0.0,0.0,0.0,0.0,0.0,0.0
3.0166666666666666,-0.023404256,1.8637691724353992e-05,1.8637691724353992e-05,0.0,0.0,0.0,0.0,0.0,0.0,0.0,0.0,0.0,0.0,0.0,0.0
3.033333333333333,-0.018723404,1.601308610481798e-05,1.601308610481798e-05,0.0,0.0,0.0,0.0,0.0,0.0,0.0,0.0,0.0,0.0,0.0,0.0
3.05,-0.018723404,1.3751958378509503e-05,1.3751958378509503e-05,0.0,0.0,0.0,0.0,0.0,0.0,0.0,0.0,0.0,0.0,0.0,0.0
3.066666666666667,-0.018723404,1.1804938726386174e-05,1.1804938726386174e-05,0.0,0.0,0.0,0.0,0.0,0.0,0.0,0.0,0.0,0.0,0.0,0.0
3.083333333333333,-0.018723404,1.0129210859016737e-05,1.0129210859016737e-05,0.0,0.0,0.0,0.0,0.0,0.0,0.0,0.0,0.0,0.0,0.0,0.0
3.1,-0.018723404,8.687665912695057e-06,8.687665912695057e-06,0.0,0.0,0.0,0.0,0.0,0.0,0.0,0.0,0.0,0.0,0.0,0.0
3.1166666666666667,-0.018723404,7.44816186142158e-06,7.44816186142158e-06,0.0,0.0,0.0,0.0,0.0,0.0,0.0,0.0,0.0,0.0,0.0,0.0
3.1333333333333333,-0.018723404,6.382875866558796e-06,6.382875866558796e-06,0.0,0.0,0.0,0.0,0.0,0.0,0.0,0.0,0.0,0.0,0.0,0.0
3.15,-0.018723404,5.467738394600938e-06,5.467738394600938e-06,0.0,0.0,0.0,0.0,0.0,0.0,0.0,0.0,0.0,0.0,0.0,0.0
3.1666666666666665,-0.018723404,4.681939198708285e-06,4.681939198708285e-06,0.0,0.0,0.0,0.0,0.0,0.0,0.0,0.0,0.0,0.0,0.0,0.0
3.183333333333333,-0.018723404,4.007496393735713e-06,4.007496393735713e-06,0.0,0.0,0.0,0.0,0.0,0.0,0.0,0.0,0.0,0.0,0.0,0.0
3.2,-0.018723404,3.428880869055815e-06,3.428880869055815e-06,0.0,0.0,0.0,0.0,0.0,0.0,0.0,0.0,0.0,0.0,0.0,0.0
3.216666666666667,-0.018723404,2.9326891894686904e-06,2.9326891894686904e-06,0.0,0.0,0.0,0.0,0.0,0.0,0.0,0.0,0.0,0.0,0.0,0.0
3.2333333333333334,-0.018723404,2.507358942114111e-06,2.507358942114111e-06,0.0,0.0,0.0,0.0,0.0,0.0,0.0,0.0,0.0,0.0,0.0,0.0
3.25,-0.018723404,2.1429212060426107e-06,2.1429212060426107e-06,0.0,0.0,0.0,0.0,0.0,0.0,0.0,0.0,0.0,0.0,0.0,0.0
3.2666666666666666,-0.018723404,1.830785459726822e-06,1.830785459726822e-06,0.0,0.0,0.0,0.0,0.0,0.0,0.0,0.0,0.0,0.0,0.0,0.0
3.283333333333333,-0.0140425535,1.563552808377223e-06,1.563552808377223e-06,0.0,0.0,0.0,0.0,0.0,0.0,0.0,0.0,0.0,0.0,0.0,0.0
3.3,-0.0140425535,1.3348539148634773e-06,1.3348539148634773e-06,0.0,0.0,0.0,0.0,0.0,0.0,0.0,0.0,0.0,0.0,0.0,0.0
3.316666666666667,-0.0140425535,1.1392084620935722e-06,1.1392084620935722e-06,0.0,0.0,0.0,0.0,0.0,0.0,0.0,0.0,0.0,0.0,0.0,0.0
3.333333333333333,-0.0140425535,9.719033670198678e-07,9.719033670198678e-07,0.0,0.0,0.0,0.0,0.0,0.0,0.0,0.0,0.0,0.0,0.0,0.0
3.35,-0.0140425535,8.288873126065692e-07,8.288873126065692e-07,0.0,0.0,0.0,0.0,0.0,0.0,0.0,0.0,0.0,0.0,0.0,0.0
3.3666666666666667,-0.0140425535,7.066794691613009e-07,7.066794691613009e-07,0.0,0.0,0.0,0.0,0.0,0.0,0.0,0.0,0.0,0.0,0.0,0.0
3.3833333333333333,-0.0140425535,6.022905449626149e-07,6.022905449626149e-07,0.0,0.0,0.0,0.0,0.0,0.0,0.0,0.0,0.0,0.0,0.0,0.0
3.4,-0.0140425535,5.131545422133302e-07,5.131545422133302e-07,0.0,0.0,0.0,0.0,0.0,0.0,0.0,0.0,0.0,0.0,0.0,0.0
3.4166666666666665,-0.0140425535,4.3706980170259096e-07,4.3706980170259096e-07,0.0,0.0,0.0,0.0,0.0,0.0,0.0,0.0,0.0,0.0,0.0,0.0
3.433333333333333,-0.0140425535,3.721481014739012e-07,3.721481014739012e-07,0.0,0.0,0.0,0.0,0.0,0.0,0.0,0.0,0.0,0.0,0.0,0.0
3.45,-0.0140425535,3.167707342281675e-07,3.167707342281675e-07,0.0,0.0,0.0,0.0,0.0,0.0,0.0,0.0,0.0,0.0,0.0,0.0
3.466666666666667,-0.0140425535,2.695506277791467e-07,2.695506277791467e-07,0.0,0.0,0.0,0.0,0.0,0.0,0.0,0.0,0.0,0.0,0.0,0.0
3.4833333333333334,-0.0140425535,2.2929969497547085e-07,2.2929969497547085e-07,0.0,0.0,0.0,0.0,0.0,0.0,0.0,0.0,0.0,0.0,0.0,0.0
3.5,-0.0140425535,1.9500070620044154e-07,1.9500070620044154e-07,0.0,0.0,0.0,0.0,0.0,0.0,0.0,0.0,0.0,0.0,0.0,0.0
3.5166666666666666,-0.0140425535,1.6578307071569327e-07,1.6578307071569327e-07,0.0,0.0,0.0,0.0,0.0,0.0,0.0,0.0,0.0,0.0,0.0,0.0
3.533333333333333,-0.0140425535,1.409019943748792e-07,1.409019943748792e-07,0.0,0.0,0.0,0.0,0.0,0.0,0.0,0.0,0.0,0.0,0.0,0.0
3.55,-0.0140425535,1.197205520568236e-07,1.197205520568236e-07,0.0,0.0,0.0,0.0,0.0,0.0,0.0,0.0,0.0,0.0,0.0,0.0
3.566666666666667,-0.0140425535,1.0169427484338683e-07,1.0169427484338683e-07,0.0,0.0,0.0,0.0,0.0,0.0,0.0,0.0,0.0,0.0,0.0,0.0
3.583333333333333,-0.0140425535,8.635790563359595e-08,8.635790563359595e-08,0.0,0.0,0.0,0.0,0.0,0.0,0.0,0.0,0.0,0.0,0.0,0.0
3.6,-0.0140425535,7.331402354593942e-08,7.331402354593942e-08,0.0,0.0,0.0,0.0,0.0,0.0,0.0,0.0,0.0,0.0,0.0,0.0
3.6166666666666663,-0.0140425535,6.222327799866344e-08,6.222327799866344e-08,0.0,0.0,0.0,0.0,0.0,0.0,0.0,0.0,0.0,0.0,0.0,0.0
3.633333333333333,-0.0140425535,5.2796008550479997e-08,5.2796008550479997e-08,0.0,0.0,0.0,0.0,0.0,0.0,0.0,0.0,0.0,0.0,0.0,0.0
3.65,-0.0140425535,4.478505711412906e-08,4.478505711412906e-08,0.0,0.0,0.0,0.0,0.0,0.0,0.0,0.0,0.0,0.0,0.0,0.0
3.6666666666666665,-0.0140425535,3.797960562154635e-08,3.797960562154635e-08,0.0,0.0,0.0,0.0,0.0,0.0,0.0,0.0,0.0,0.0,0.0,0.0
3.683333333333333,-0.0140425535,3.219989514720619e-08,3.219989514720619e-08,0.0,0.0,0.0,0.0,0.0,0.0,0.0,0.0,0.0,0.0,0.0,0.0
3.7,-0.0140425535,2.7292702345185182e-08,2.7292702345185182e-08,0.0,0.0,0.0,0.0,0.0,0.0,0.0,0.0,0.0,0.0,0.0,0.0
3.716666666666667,-0.018723404,2.3127466227794045e-08,2.3127466227794045e-08,0.0,0.0,0.0,0.0,0.0,0.0,0.0,0.0,0.0,0.0,0.0,0.0
3.733333333333333,-0.018723404,1.959297316072154e-08,1.959297316072154e-08,0.0,0.0,0.0,0.0,0.0,0.0,0.0,0.0,0.0,0.0,0.0,0.0
3.75,-0.018723404,1.6594520778277493e-08,1.6594520778277493e-08,0.0,0.0,0.0,0.0,0.0,0.0,0.0,0.0,0.0,0.0,0.0,0.0
3.7666666666666666,-0.0140425535,1.4051492600196526e-08,1.4051492600196526e-08,0.0,0.0,0.0,0.0,0.0,0.0,0.0,0.0,0.0,0.0,0.0,0.0
3.783333333333333,-0.0140425535,1.1895284691727477e-08,1.1895284691727477e-08,0.0,0.0,0.0,0.0,0.0,0.0,0.0,0.0,0.0,0.0,0.0,0.0
3.8,-0.0140425535,1.0067533954519039e-08,1.0067533954519039e-08,0.0,0.0,0.0,0.0,0.0,0.0,0.0,0.0,0.0,0.0,0.0,0.0
3.816666666666667,-0.0140425535,8.51860474374379e-09,8.51860474374379e-09,0.0,0.0,0.0,0.0,0.0,0.0,0.0,0.0,0.0,0.0,0.0,0.0
3.8333333333333335,-0.0140425535,7.206296630594991e-09,7.206296630594991e-09,0.0,0.0,0.0,0.0,0.0,0.0,0.0,0.0,0.0,0.0,0.0,0.0
3.85,-0.0140425535,6.0947414021274014e-09,6.0947414021274014e-09,0.0,0.0,0.0,0.0,0.0,0.0,0.0,0.0,0.0,0.0,0.0,0.0
3.8666666666666663,-0.0140425535,5.153461928191963e-09,5.153461928191963e-09,0.0,0.0,0.0,0.0,0.0,0.0,0.0,0.0,0.0,0.0,0.0,0.0
3.883333333333333,-0.0140425535,4.356569428345609e-09,4.356569428345609e-09,0.0,0.0,0.0,0.0,0.0,0.0,0.0,0.0,0.0,0.0,0.0,0.0
3.9,-0.0140425535,3.682079027146739e-09,3.682079027146739e-09,0.0,0.0,0.0,0.0,0.0,0.0,0.0,0.0,0.0,0.0,0.0,0.0
3.9166666666666665,-0.0140425535,3.111326369536098e-09,3.111326369536098e-09,0.0,0.0,0.0,0.0,0.0,0.0,0.0,0.0,0.0,0.0,0.0,0.0
3.933333333333333,-0.0140425535,2.6284705442985305e-09,2.6284705442985305e-09,0.0,0.0,0.0,0.0,0.0,0.0,0.0,0.0,0.0,0.0,0.0,0.0
3.95,-0.0140425535,2.2200706893173255e-09,2.2200706893173255e-09,0.0,0.0,0.0,0.0,0.0,0.0,0.0,0.0,0.0,0.0,0.0,0.0
3.966666666666667,-0.0140425535,1.8747254762371913e-09,1.8747254762371913e-09,0.0,0.0,0.0,0.0,0.0,0.0,0.0,0.0,0.0,0.0,0.0,0.0
3.983333333333333,-0.0140425535,1.5827662363678542e-09,1.5827662363678542e-09,0.0,0.0,0.0,0.0,0.0,0.0,0.0,0.0,0.0,0.0,0.0,0.0
4.0,-0.0140425535,1.3359958305488155e-09,1.3359958305488155e-09,0.0,0.0,0.0,0.0,0.0,0.0,0.0,0.0,0.0,0.0,0.0,0.0
4.016666666666667,-0.0140425535,1.1274665146256072e-09,1.1274665146256072e-09,0.0,0.0,0.0,0.0,0.0,0.0,0.0,0.0,0.0,0.0,0.0,0.0
4.033333333333333,-0.0140425535,9.512910362071635e-10,9.512910362071635e-10,0.0,0.0,0.0,0.0,0.0,0.0,0.0,0.0,0.0,0.0,0.0,0.0
4.05,-0.0140425535,8.024820407881127e-10,8.024820407881127e-10,0.0,0.0,0.0,0.0,0.0,0.0,0.0,0.0,0.0,0.0,0.0,0.0
4.066666666666666,-0.0140425535,6.768155862000569e-10,6.768155862000569e-10,0.0,0.0,0.0,0.0,0.0,0.0,0.0,0.0,0.0,0.0,0.0,0.0
4.083333333333333,-0.0140425535,5.707151809793459e-10,5.707151809793459e-10,0.0,0.0,0.0,0.0,0.0,0.0,0.0,0.0,0.0,0.0,0.0,0.0
4.1,-0.0140425535,4.81153289466912e-10,4.81153289466912e-10,0.0,0.0,0.0,0.0,0.0,0.0,0.0,0.0,0.0,0.0,0.0,0.0
4.116666666666666,-0.0140425535,4.05567697067428e-10,4.05567697067428e-10,0.0,0.0,0.0,0.0,0.0,0.0,0.0,0.0,0.0,0.0,0.0,0.0
4.133333333333334,-0.0140425535,3.417905140718076e-10,3.417905140718076e-10,0.0,0.0,0.0,0.0,0.0,0.0,0.0,0.0,0.0,0.0,0.0,0.0
4.15,-0.0140425535,2.8798792522118113e-10,2.8798792522118113e-10,0.0,0.0,0.0,0.0,0.0,0.0,0.0,0.0,0.0,0.0,0.0,0.0
4.166666666666667,-0.0140425535,2.426090728597868e-10,2.426090728597868e-10,0.0,0.0,0.0,0.0,0.0,0.0,0.0,0.0,0.0,0.0,0.0,0.0
4.183333333333334,-0.0140425535,2.043427010369597e-10,2.043427010369597e-10,0.0,0.0,0.0,0.0,0.0,0.0,0.0,0.0,0.0,0.0,0.0,0.0
4.2,-0.0140425535,1.7208039223418412e-10,1.7208039223418412e-10,0.0,0.0,0.0,0.0,0.0,0.0,0.0,0.0,0.0,0.0,0.0,0.0
4.216666666666667,-0.009361702,1.4488540262101249e-10,1.4488540262101249e-10,0.0,0.0,0.0,0.0,0.0,0.0,0.0,0.0,0.0,0.0,0.0,0.0
4.233333333333333,-0.0140425535,1.2196625026096027e-10,1.2196625026096027e-10,0.0,0.0,0.0,0.0,0.0,0.0,0.0,0.0,0.0,0.0,0.0,0.0
4.25,-0.009361702,1.0265433724500007e-10,1.0265433724500007e-10,0.0,0.0,0.0,0.0,0.0,0.0,0.0,0.0,0.0,0.0,0.0,0.0
4.266666666666667,-0.0140425535,8.63849945357571e-11,8.63849945357571e-11,0.0,0.0,0.0,0.0,0.0,0.0,0.0,0.0,0.0,0.0,0.0,0.0
4.283333333333333,-0.0140425535,7.268143010692413e-11,7.268143010692413e-11,0.0,0.0,0.0,0.0,0.0,0.0,0.0,0.0,0.0,0.0,0.0,0.0
4.3,-0.0140425535,6.11411391093542e-11,6.11411391093542e-11,0.0,0.0,0.0,0.0,0.0,0.0,0.0,0.0,0.0,0.0,0.0,0.0
4.316666666666666,-0.0140425535,5.142440129671766e-11,5.142440129671766e-11,0.0,0.0,0.0,0.0,0.0,0.0,0.0,0.0,0.0,0.0,0.0,0.0
4.333333333333333,-0.0140425535,4.324454751656379e-11,4.324454751656379e-11,0.0,0.0,0.0,0.0,0.0,0.0,0.0,0.0,0.0,0.0,0.0,0.0
4.35,-0.0140425535,3.6359725183912003e-11,3.6359725183912003e-11,0.0,0.0,0.0,0.0,0.0,0.0,0.0,0.0,0.0,0.0,0.0,0.0
4.366666666666666,-0.0140425535,3.056593355687625e-11,3.056593355687625e-11,0.0,0.0,0.0,0.0,0.0,0.0,0.0,0.0,0.0,0.0,0.0,0.0
4.383333333333334,-0.0140425535,2.5691134396606572e-11,2.5691134396606572e-11,0.0,0.0,0.0,0.0,0.0,0.0,0.0,0.0,0.0,0.0,0.0,0.0
4.4,-0.0140425535,2.1590273129557802e-11,2.1590273129557802e-11,0.0,0.0,0.0,0.0,0.0,0.0,0.0,0.0,0.0,0.0,0.0,0.0
4.416666666666667,-0.0140425535,1.8141070717129336e-11,1.8141070717129336e-11,0.0,0.0,0.0,0.0,0.0,0.0,0.0,0.0,0.0,0.0,0.0,0.0
4.433333333333334,-0.0140425535,1.5240467739810228e-11,1.5240467739810228e-11,0.0,0.0,0.0,0.0,0.0,0.0,0.0,0.0,0.0,0.0,0.0,0.0
4.45,-0.0140425535,1.280162028581007e-11,1.280162028581007e-11,0.0,0.0,0.0,0.0,0.0,0.0,0.0,0.0,0.0,0.0,0.0,0.0
4.466666666666667,-0.0140425535,1.0751362579859396e-11,1.0751362579859396e-11,0.0,0.0,0.0,0.0,0.0,0.0,0.0,0.0,0.0,0.0,0.0,0.0
4.483333333333333,-0.0140425535,9.028064306995162e-12,9.028064306995162e-12,0.0,0.0,0.0,0.0,0.0,0.0,0.0,0.0,0.0,0.0,0.0,0.0
4.5,-0.0140425535,7.579821628352271e-12,7.579821628352271e-12,0.0,0.0,0.0,0.0,0.0,0.0,0.0,0.0,0.0,0.0,0.0,0.0
4.516666666666667,-0.0140425535,6.362930248842976e-12,6.362930248842976e-12,0.0,0.0,0.0,0.0,0.0,0.0,0.0,0.0,0.0,0.0,0.0,0.0
4.533333333333333,-0.0140425535,5.340596833363763e-12,5.340596833363763e-12,0.0,0.0,0.0,0.0,0.0,0.0,0.0,0.0,0.0,0.0,0.0,0.0
4.55,-0.0140425535,4.481851794219308e-12,4.481851794219308e-12,0.0,0.0,0.0,0.0,0.0,0.0,0.0,0.0,0.0,0.0,0.0,0.0
4.566666666666666,-0.0140425535,3.760632170967838e-12,3.760632170967838e-12,0.0,0.0,0.0,0.0,0.0,0.0,0.0,0.0,0.0,0.0,0.0,0.0
4.583333333333333,-0.0140425535,3.155008150580338e-12,3.155008150580338e-12,0.0,0.0,0.0,0.0,0.0,0.0,0.0,0.0,0.0,0.0,0.0,0.0
4.6,-0.0140425535,2.646530862989704e-12,2.646530862989704e-12,0.0,0.0,0.0,0.0,0.0,0.0,0.0,0.0,0.0,0.0,0.0,0.0
4.616666666666666,-0.0140425535,2.2196825472036715e-12,2.2196825472036715e-12,0.0,0.0,0.0,0.0,0.0,0.0,0.0,0.0,0.0,0.0,0.0,0.0
4.633333333333334,-0.0140425535,1.86141311163702e-12,1.86141311163702e-12,0.0,0.0,0.0,0.0,0.0,0.0,0.0,0.0,0.0,0.0,0.0,0.0
4.65,-0.0140425535,1.5607495902490279e-12,1.5607495902490279e-12,0.0,0.0,0.0,0.0,0.0,0.0,0.0,0.0,0.0,0.0,0.0,0.0
4.666666666666667,-0.0140425535,1.3084670922512625e-12,1.3084670922512625e-12,0.0,0.0,0.0,0.0,0.0,0.0,0.0,0.0,0.0,0.0,0.0,0.0
4.683333333333334,-0.0140425535,1.0968116159638986e-12,1.0968116159638986e-12,0.0,0.0,0.0,0.0,0.0,0.0,0.0,0.0,0.0,0.0,0.0,0.0
4.7,-0.0140425535,9.19266596367644e-13,9.19266596367644e-13,0.0,0.0,0.0,0.0,0.0,0.0,0.0,0.0,0.0,0.0,0.0,0.0
4.716666666666667,-0.0140425535,7.70356323026474e-13,7.70356323026474e-13,0.0,0.0,0.0,0.0,0.0,0.0,0.0,0.0,0.0,0.0,0.0,0.0
4.733333333333333,-0.0140425535,6.454804359497868e-13,6.454804359497868e-13,0.0,0.0,0.0,0.0,0.0,0.0,0.0,0.0,0.0,0.0,0.0,0.0
4.75,-0.0140425535,5.407746118034731e-13,5.407746118034731e-13,0.0,0.0,0.0,0.0,0.0,0.0,0.0,0.0,0.0,0.0,0.0,0.0
4.766666666666667,-0.0140425535,4.5299331724128296e-13,4.5299331724128296e-13,0.0,0.0,0.0,0.0,0.0,0.0,0.0,0.0,0.0,0.0,0.0,0.0
4.783333333333333,-0.0140425535,3.794111516756632e-13,3.794111516756632e-13,0.0,0.0,0.0,0.0,0.0,0.0,0.0,0.0,0.0,0.0,0.0,0.0
4.8,-0.018723404,3.1773984688793684e-13,3.1773984688793684e-13,0.0,0.0,0.0,0.0,0.0,0.0,0.0,0.0,0.0,0.0,0.0,0.0
4.816666666666666,-0.018723404,2.660584510265683e-13,2.660584510265683e-13,0.0,0.0,0.0,0.0,0.0,0.0,0.0,0.0,0.0,0.0,0.0,0.0
4.833333333333333,-0.018723404,2.2275461290835078e-13,2.2275461290835078e-13,0.0,0.0,0.0,0.0,0.0,0.0,0.0,0.0,0.0,0.0,0.0,0.0
4.85,-0.018723404,1.864752102486169e-13,1.864752102486169e-13,0.0,0.0,0.0,0.0,0.0,0.0,0.0,0.0,0.0,0.0,0.0,0.0
4.866666666666666,-0.018723404,1.5608484191745021e-13,1.5608484191745021e-13,0.0,0.0,0.0,0.0,0.0,0.0,0.0,0.0,0.0,0.0,0.0,0.0
4.883333333333334,-0.018723404,1.3063093751238267e-13,1.3063093751238267e-13,0.0,0.0,0.0,0.0,0.0,0.0,0.0,0.0,0.0,0.0,0.0,0.0
4.9,-0.018723404,1.0931443418803879e-13,1.0931443418803879e-13,0.0,0.0,0.0,0.0,0.0,0.0,0.0,0.0,0.0,0.0,0.0,0.0
4.916666666666667,-0.018723404,9.146513648225991e-14,9.146513648225991e-14,0.0,0.0,0.0,0.0,0.0,0.0,0.0,0.0,0.0,0.0,0.0,0.0
4.933333333333334,-0.0140425535,7.652101463833422e-14,7.652101463833422e-14,0.0,0.0,0.0,0.0,0.0,0.0,0.0,0.0,0.0,0.0,0.0,0.0
4.95,-0.0140425535,6.401081470979008e-14,6.401081470979008e-14,0.0,0.0,0.0,0.0,0.0,0.0,0.0,0.0,0.0,0.0,0.0,0.0
4.966666666666667,-0.0140425535,5.353945298301767e-14,5.353945298301767e-14,0.0,0.0,0.0,0.0,0.0,0.0,0.0,0.0,0.0,0.0,0.0,0.0
4.983333333333333,-0.018723404,4.4775750864928056e-14,4.4775750864928056e-14,0.0,0.0,0.0,0.0,0.0,0.0,0.0,0.0,0.0,0.0,0.0,0.0
5.0,-0.018723404,3.7442136808060135e-14,3.7442136808060135e-14,0.0,0.0,0.0,0.0,0.0,0.0,0.0,0.0,0.0,0.0,0.0,0.0
5.016666666666667,-0.018723404,3.1306001152355466e-14,3.1306001152355466e-14,0.0,0.0,0.0,0.0,0.0,0.0,0.0,0.0,0.0,0.0,0.0,0.0
5.033333333333333,-0.018723404,2.6172439697150366e-14,2.6172439697150366e-14,0.0,0.0,0.0,0.0,0.0,0.0,0.0,0.0,0.0,0.0,0.0,0.0
5.05,-0.018723404,2.1878163852098696e-14,2.1878163852098696e-14,0.0,0.0,0.0,0.0,0.0,0.0,0.0,0.0,0.0,0.0,0.0,0.0
5.066666666666666,-0.018723404,1.8286390594775665e-14,1.8286390594775665e-14,0.0,0.0,0.0,0.0,0.0,0.0,0.0,0.0,0.0,0.0,0.0,0.0
5.083333333333333,-0.018723404,1.5282555234174928e-14,1.5282555234174928e-14,0.0,0.0,0.0,0.0,0.0,0.0,0.0,0.0,0.0,0.0,0.0,0.0
5.1,-0.018723404,1.2770715027450313e-14,1.2770715027450313e-14,0.0,0.0,0.0,0.0,0.0,0.0,0.0,0.0,0.0,0.0,0.0,0.0
5.116666666666666,-0.018723404,1.067053276769259e-14,1.067053276769259e-14,0.0,0.0,0.0,0.0,0.0,0.0,0.0,0.0,0.0,0.0,0.0,0.0
5.133333333333334,-0.018723404,8.914747181791754e-15,8.914747181791754e-15,0.0,0.0,0.0,0.0,0.0,0.0,0.0,0.0,0.0,0.0,0.0,0.0
5.15,-0.018723404,7.447051879271741e-15,7.447051879271741e-15,0.0,0.0,0.0,0.0,0.0,0.0,0.0,0.0,0.0,0.0,0.0,0.0
5.166666666666667,-0.018723404,6.2203171217905444e-15,6.2203171217905444e-15,0.0,0.0,0.0,0.0,0.0,0.0,0.0,0.0,0.0,0.0,0.0,0.0
5.183333333333334,-0.018723404,5.195099214869754e-15,5.195099214869754e-15,0.0,0.0,0.0,0.0,0.0,0.0,0.0,0.0,0.0,0.0,0.0,0.0
5.2,-0.018723404,4.33839117512711e-15,4.33839117512711e-15,0.0,0.0,0.0,0.0,0.0,0.0,0.0,0.0,0.0,0.0,0.0,0.0
5.216666666666667,-0.018723404,3.622575764637421e-15,3.622575764637421e-15,0.0,0.0,0.0,0.0,0.0,0.0,0.0,0.0,0.0,0.0,0.0,0.0
5.233333333333333,-0.018723404,3.0245482336657606e-15,3.0245482336657606e-15,0.0,0.0,0.0,0.0,0.0,0.0,0.0,0.0,0.0,0.0,0.0,0.0
5.25,-0.018723404,2.5249813630190665e-15,2.5249813630190665e-15,0.0,0.0,0.0,0.0,0.0,0.0,0.0,0.0,0.0,0.0,0.0,0.0
5.266666666666667,-0.018723404,2.1077098068133748e-15,2.1077098068133748e-15,0.0,0.0,0.0,0.0,0.0,0.0,0.0,0.0,0.0,0.0,0.0,0.0
5.283333333333333,-0.018723404,1.7592144395061772e-15,1.7592144395061772e-15,0.0,0.0,0.0,0.0,0.0,0.0,0.0,0.0,0.0,0.0,0.0,0.0
5.3,-0.018723404,1.4681905202941434e-15,1.4681905202941434e-15,0.0,0.0,0.0,0.0,0.0,0.0,0.0,0.0,0.0,0.0,0.0,0.0
5.316666666666666,-0.018723404,1.2251860982340085e-15,1.2251860982340085e-15,0.0,0.0,0.0,0.0,0.0,0.0,0.0,0.0,0.0,0.0,0.0,0.0
5.333333333333333,-0.018723404,1.022299272448079e-15,1.022299272448079e-15,0.0,0.0,0.0,0.0,0.0,0.0,0.0,0.0,0.0,0.0,0.0,0.0
5.35,-0.023404256,8.529247605807677e-16,8.529247605807677e-16,0.0,0.0,0.0,0.0,0.0,0.0,0.0,0.0,0.0,0.0,0.0,0.0
5.366666666666666,-0.023404256,7.115417716583802e-16,7.115417716583802e-16,0.0,0.0,0.0,0.0,0.0,0.0,0.0,0.0,0.0,0.0,0.0,0.0
5.383333333333334,-0.023404256,5.93536474063991e-16,5.93536474063991e-16,0.0,0.0,0.0,0.0,0.0,0.0,0.0,0.0,0.0,0.0,0.0,0.0
5.4,-0.023404256,4.950534353082079e-16,4.950534353082079e-16,0.0,0.0,0.0,0.0,0.0,0.0,0.0,0.0,0.0,0.0,0.0,0.0
5.416666666666667,-0.023404256,4.1287132112860017e-16,4.1287132112860017e-16,0.0,0.0,0.0,0.0,0.0,0.0,0.0,0.0,0.0,0.0,0.0,0.0
5.433333333333334,-0.023404256,3.442989053123314e-16,3.442989053123314e-16,0.0,0.0,0.0,0.0,0.0,0.0,0.0,0.0,0.0,0.0,0.0,0.0
5.45,-0.023404256,2.8708808213455294e-16,2.8708808213455294e-16,0.0,0.0,0.0,0.0,0.0,0.0,0.0,0.0,0.0,0.0,0.0,0.0
5.466666666666667,-0.018723404,2.3936111028600725e-16,2.3936111028600725e-16,0.0,0.0,0.0,0.0,0.0,0.0,0.0,0.0,0.0,0.0,0.0,0.0
5.483333333333333,-0.023404256,1.9954976729250915e-16,1.9954976729250915e-16,0.0,0.0,0.0,0.0,0.0,0.0,0.0,0.0,0.0,0.0,0.0,0.0
5.5,-0.023404256,1.6634447070080413e-16,1.6634447070080413e-16,0.0,0.0,0.0,0.0,0.0,0.0,0.0,0.0,0.0,0.0,0.0,0.0
5.516666666666667,-0.023404256,1.386517384678783e-16,1.386517384678783e-16,0.0,0.0,0.0,0.0,0.0,0.0,0.0,0.0,0.0,0.0,0.0,0.0
5.533333333333333,-0.023404256,1.155586259056908e-16,1.155586259056908e-16,0.0,0.0,0.0,0.0,0.0,0.0,0.0,0.0,0.0,0.0,0.0,0.0
5.55,-0.023404256,9.630299847667424e-17,9.630299847667424e-17,0.0,0.0,0.0,0.0,0.0,0.0,0.0,0.0,0.0,0.0,0.0,0.0
5.566666666666666,-0.023404256,8.024868565235492e-17,8.024868565235492e-17,0.0,0.0,0.0,0.0,0.0,0.0,0.0,0.0,0.0,0.0,0.0,0.0
5.583333333333333,-0.023404256,6.686471676481773e-17,6.686471676481773e-17,0.0,0.0,0.0,0.0,0.0,0.0,0.0,0.0,0.0,0.0,0.0,0.0
5.6,-0.023404256,5.570797018657044e-17,5.570797018657044e-17,0.0,0.0,0.0,0.0,0.0,0.0,0.0,0.0,0.0,0.0,0.0,0.0
5.616666666666666,-0.023404256,4.6408676368491773e-17,4.6408676368491773e-17,0.0,0.0,0.0,0.0,0.0,0.0,0.0,0.0,0.0,0.0,0.0,0.0
5.633333333333334,-0.023404256,3.865830668622233e-17,3.865830668622233e-17,0.0,0.0,0.0,0.0,0.0,0.0,0.0,0.0,0.0,0.0,0.0,0.0
5.65,-0.023404256,3.2199456575610576e-17,3.2199456575610576e-17,0.0,0.0,0.0,0.0,0.0,0.0,0.0,0.0,0.0,0.0,0.0,0.0
5.666666666666667,-0.023404256,2.6817395494658372e-17,2.6817395494658372e-17,0.0,0.0,0.0,0.0,0.0,0.0,0.0,0.0,0.0,0.0,0.0,0.0
5.683333333333334,-0.023404256,2.2333009859020093e-17,2.2333009859020093e-17,0.0,0.0,0.0,0.0,0.0,0.0,0.0,0.0,0.0,0.0,0.0,0.0
5.7,-0.023404256,1.8596909958637722e-17,1.8596909958637722e-17,0.0,0.0,0.0,0.0,0.0,0.0,0.0,0.0,0.0,0.0,0.0,0.0
5.716666666666667,-0.023404256,1.548450939768505e-17,1.548450939768505e-17,0.0,0.0,0.0,0.0,0.0,0.0,0.0,0.0,0.0,0.0,0.0,0.0
5.733333333333333,-0.023404256,1.2891917001100556e-17,1.2891917001100556e-17,0.0,0.0,0.0,0.0,0.0,0.0,0.0,0.0,0.0,0.0,0.0,0.0
5.75,-0.023404256,1.0732507397624036e-17,1.0732507397624036e-17,0.0,0.0,0.0,0.0,0.0,0.0,0.0,0.0,0.0,0.0,0.0,0.0
5.766666666666667,-0.023404256,8.934058458282122e-18,8.934058458282122e-18,0.0,0.0,0.0,0.0,0.0,0.0,0.0,0.0,0.0,0.0,0.0,0.0
5.783333333333333,-0.023404256,7.436362141613171e-18,7.436362141613171e-18,0.0,0.0,0.0,0.0,0.0,0.0,0.0,0.0,0.0,0.0,0.0,0.0
5.8,-0.023404256,6.1892306595680374e-18,6.1892306595680374e-18,0.0,0.0,0.0,0.0,0.0,0.0,0.0,0.0,0.0,0.0,0.0,0.0
5.816666666666666,-0.023404256,5.150832722482783e-18,5.150832722482783e-18,0.0,0.0,0.0,0.0,0.0,0.0,0.0,0.0,0.0,0.0,0.0,0.0
5.833333333333333,-0.023404256,4.286305359286877e-18,4.286305359286877e-18,0.0,0.0,0.0,0.0,0.0,0.0,0.0,0.0,0.0,0.0,0.0,0.0
5.85,-0.023404256,3.5665957846716356e-18,3.5665957846716356e-18,0.0,0.0,0.0,0.0,0.0,0.0,0.0,0.0,0.0,0.0,0.0,0.0
5.866666666666666,-0.023404256,2.9674952866227113e-18,2.9674952866227113e-18,0.0,0.0,0.0,0.0,0.0,0.0,0.0,0.0,0.0,0.0,0.0,0.0
5.883333333333334,-0.023404256,2.4688333768240063e-18,2.4688333768240063e-18,0.0,0.0,0.0,0.0,0.0,0.0,0.0,0.0,0.0,0.0,0.0,0.0
5.9,-0.023404256,2.0538056848899416e-18,2.0538056848899416e-18,0.0,0.0,0.0,0.0,0.0,0.0,0.0,0.0,0.0,0.0,0.0,0.0
5.916666666666667,-0.023404256,1.7084134541234232e-18,1.7084134541234232e-18,0.0,0.0,0.0,0.0,0.0,0.0,0.0,0.0,0.0,0.0,0.0,0.0
5.933333333333334,-0.023404256,1.4209961528682756e-18,1.4209961528682756e-18,0.0,0.0,0.0,0.0,0.0,0.0,0.0,0.0,0.0,0.0,0.0,0.0
5.95,-0.023404256,1.1818417697492473e-18,1.1818417697492473e-18,0.0,0.0,0.0,0.0,0.0,0.0,0.0,0.0,0.0,0.0,0.0,0.0
5.966666666666667,-0.023404256,9.82861912055517e-19,9.82861912055517e-19,0.0,0.0,0.0,0.0,0.0,0.0,0.0,0.0,0.0,0.0,0.0,0.0
5.983333333333333,-0.023404256,8.173209569150935e-19,8.173209569150935e-19,0.0,0.0,0.0,0.0,0.0,0.0,0.0,0.0,0.0,0.0,0.0,0.0
6.0,-0.023404256,6.796102838727275e-19,6.796102838727275e-19,0.0,0.0,0.0,0.0,0.0,0.0,0.0,0.0,0.0,0.0,0.0,0.0
6.016666666666667,-0.023404256,5.650601028344781e-19,5.650601028344781e-19,0.0,0.0,0.0,0.0,0.0,0.0,0.0,0.0,0.0,0.0,0.0,0.0
6.033333333333333,-0.023404256,4.697826314051158e-19,4.697826314051158e-19,0.0,0.0,0.0,0.0,0.0,0.0,0.0,0.0,0.0,0.0,0.0,0.0
6.05,-0.023404256,3.905414108168701e-19,3.905414108168701e-19,0.0,0.0,0.0,0.0,0.0,0.0,0.0,0.0,0.0,0.0,0.0,0.0
6.066666666666666,-0.023404256,3.246424136919526e-19,3.246424136919526e-19,0.0,0.0,0.0,0.0,0.0,0.0,0.0,0.0,0.0,0.0,0.0,0.0
6.083333333333333,-0.023404256,2.6984331801140983e-19,2.6984331801140983e-19,0.0,0.0,0.0,0.0,0.0,0.0,0.0,0.0,0.0,0.0,0.0,0.0
6.1,-0.023404256,2.24277923455173e-19,2.24277923455173e-19,0.0,0.0,0.0,0.0,0.0,0.0,0.0,0.0,0.0,0.0,0.0,0.0
6.116666666666666,-0.023404256,1.8639318842969396e-19,1.8639318842969396e-19,0.0,0.0,0.0,0.0,0.0,0.0,0.0,0.0,0.0,0.0,0.0,0.0
6.133333333333334,-0.023404256,1.5489678506575915e-19,1.5489678506575915e-19,0.0,0.0,0.0,0.0,0.0,0.0,0.0,0.0,0.0,0.0,0.0,0.0
6.15,-0.023404256,1.2871341899474618e-19,1.2871341899474618e-19,0.0,0.0,0.0,0.0,0.0,0.0,0.0,0.0,0.0,0.0,0.0,0.0
6.166666666666667,-0.023404256,1.0694845227679887e-19,1.0694845227679887e-19,0.0,0.0,0.0,0.0,0.0,0.0,0.0,0.0,0.0,0.0,0.0,0.0
6.183333333333334,-0.023404256,8.885761104632742e-20,8.885761104632742e-20,0.0,0.0,0.0,0.0,0.0,0.0,0.0,0.0,0.0,0.0,0.0,0.0
6.2,-0.023404256,7.382176226437826e-20,7.382176226437826e-20,0.0,0.0,0.0,0.0,0.0,0.0,0.0,0.0,0.0,0.0,0.0,0.0
6.216666666666667,-0.023404256,6.13259131079791e-20,6.13259131079791e-20,0.0,0.0,0.0,0.0,0.0,0.0,0.0,0.0,0.0,0.0,0.0,0.0
6.233333333333333,-0.023404256,5.0941727563649784e-20,5.0941727563649784e-20,0.0,0.0,0.0,0.0,0.0,0.0,0.0,0.0,0.0,0.0,0.0,0.0
6.25,-0.023404256,4.231297238424022e-20,4.231297238424022e-20,0.0,0.0,0.0,0.0,0.0,0.0,0.0,0.0,0.0,0.0,0.0,0.0
6.266666666666667,-0.023404256,3.5143402602875954e-20,3.5143402602875954e-20,0.0,0.0,0.0,0.0,0.0,0.0,0.0,0.0,0.0,0.0,0.0,0.0
6.283333333333333,-0.023404256,2.9186678520208676e-20,2.9186678520208676e-20,0.0,0.0,0.0,0.0,0.0,0.0,0.0,0.0,0.0,0.0,0.0,0.0
6.3,-0.023404256,2.423797419899667e-20,2.423797419899667e-20,0.0,0.0,0.0,0.0,0.0,0.0,0.0,0.0,0.0,0.0,0.0,0.0
6.316666666666666,-0.023404256,2.0126994272912745e-20,2.0126994272912745e-20,0.0,0.0,0.0,0.0,0.0,0.0,0.0,0.0,0.0,0.0,0.0,0.0
6.333333333333333,-0.023404256,1.6712163189406992e-20,1.6712163189406992e-20,0.0,0.0,0.0,0.0,0.0,0.0,0.0,0.0,0.0,0.0,0.0,0.0
6.35,-0.023404256,1.3875790432119233e-20,1.3875790432119233e-20,0.0,0.0,0.0,0.0,0.0,0.0,0.0,0.0,0.0,0.0,0.0,0.0
6.366666666666666,-0.023404256,1.1520048118606311e-20,1.1520048118606311e-20,0.0,0.0,0.0,0.0,0.0,0.0,0.0,0.0,0.0,0.0,0.0,0.0
6.383333333333334,-0.023404256,9.563624738125276e-21,9.563624738125276e-21,0.0,0.0,0.0,0.0,0.0,0.0,0.0,0.0,0.0,0.0,0.0,0.0
6.4,-0.023404256,7.938941594492822e-21,7.938941594492822e-21,0.0,0.0,0.0,0.0,0.0,0.0,0.0,0.0,0.0,0.0,0.0,0.0
6.416666666666667,-0.023404256,6.589837511521152e-21,6.589837511521152e-21,0.0,0.0,0.0,0.0,0.0,0.0,0.0,0.0,0.0,0.0,0.0,0.0
6.433333333333334,-0.023404256,5.46964317778828e-21,5.46964317778828e-21,0.0,0.0,0.0,0.0,0.0,0.0,0.0,0.0,0.0,0.0,0.0,0.0
6.45,-0.023404256,4.539579682499887e-21,4.539579682499887e-21,0.0,0.0,0.0,0.0,0.0,0.0,0.0,0.0,0.0,0.0,0.0,0.0
6.466666666666667,-0.018723404,3.7674267660247864e-21,3.7674267660247864e-21,0.0,0.0,0.0,0.0,0.0,0.0,0.0,0.0,0.0,0.0,0.0,0.0
6.483333333333333,-0.023404256,3.1264154449329593e-21,3.1264154449329593e-21,0.0,0.0,0.0,0.0,0.0,0.0,0.0,0.0,0.0,0.0,0.0,0.0
6.5,-0.023404256,2.5943072784915213e-21,2.5943072784915213e-21,0.0,0.0,0.0,0.0,0.0,0.0,0.0,0.0,0.0,0.0,0.0,0.0
6.516666666666667,-0.023404256,2.1526288769527826e-21,2.1526288769527826e-21,0.0,0.0,0.0,0.0,0.0,0.0,0.0,0.0,0.0,0.0,0.0,0.0
6.533333333333333,-0.018723404,1.786035524432759e-21,1.786035524432759e-21,0.0,0.0,0.0,0.0,0.0,0.0,0.0,0.0,0.0,0.0,0.0,0.0
6.55,-0.018723404,1.4817821780773498e-21,1.4817821780773498e-21,0.0,0.0,0.0,0.0,0.0,0.0,0.0,0.0,0.0,0.0,0.0,0.0
6.566666666666666,-0.018723404,1.229283758302663e-21,1.229283758302663e-21,0.0,0.0,0.0,0.0,0.0,0.0,0.0,0.0,0.0,0.0,0.0,0.0
6.583333333333333,-0.018723404,1.0197496852907725e-21,1.0197496852907725e-21,0.0,0.0,0.0,0.0,0.0,0.0,0.0,0.0,0.0,0.0,0.0,0.0
6.6,-0.018723404,8.458801471679067e-22,8.458801471679067e-22,0.0,0.0,0.0,0.0,0.0,0.0,0.0,0.0,0.0,0.0,0.0,0.0
6.616666666666666,-0.018723404,7.016136908192457e-22,7.016136908192457e-22,0.0,0.0,0.0,0.0,0.0,0.0,0.0,0.0,0.0,0.0,0.0,0.0
6.633333333333334,-0.018723404,5.819174782493882e-22,5.819174782493882e-22,0.0,0.0,0.0,0.0,0.0,0.0,0.0,0.0,0.0,0.0,0.0,0.0
6.65,-0.018723404,4.826130090370954e-22,4.826130090370954e-22,0.0,0.0,0.0,0.0,0.0,0.0,0.0,0.0,0.0,0.0,0.0,0.0
6.666666666666667,-0.018723404,4.0023132210333705e-22,4.0023132210333705e-22,0.0,0.0,0.0,0.0,0.0,0.0,0.0,0.0,0.0,0.0,0.0,0.0
6.683333333333334,-0.018723404,3.3189269880045426e-22,3.3189269880045426e-22,0.0,0.0,0.0,0.0,0.0,0.0,0.0,0.0,0.0,0.0,0.0,0.0
6.7,-0.018723404,2.7520672845002203e-22,2.7520672845002203e-22,0.0,0.0,0.0,0.0,0.0,0.0,0.0,0.0,0.0,0.0,0.0,0.0
6.716666666666667,-0.0140425535,2.281892953887057e-22,2.281892953887057e-22,0.0,0.0,0.0,0.0,0.0,0.0,0.0,0.0,0.0,0.0,0.0,0.0
6.733333333333333,-0.0140425535,1.8919362703664222e-22,1.8919362703664222e-22,0.0,0.0,0.0,0.0,0.0,0.0,0.0,0.0,0.0,0.0,0.0,0.0
6.75,-0.0140425535,1.5685302521696438e-22,1.5685302521696438e-22,0.0,0.0,0.0,0.0,0.0,0.0,0.0,0.0,0.0,0.0,0.0,0.0
6.766666666666667,-0.0140425535,1.300333043563446e-22,1.300333043563446e-22,0.0,0.0,0.0,0.0,0.0,0.0,0.0,0.0,0.0,0.0,0.0,0.0
6.783333333333333,-0.0140425535,1.0779329395587682e-22,1.0779329395587682e-22,0.0,0.0,0.0,0.0,0.0,0.0,0.0,0.0,0.0,0.0,0.0,0.0
6.8,-0.0140425535,8.935204021692834e-23,8.935204021692834e-23,0.0,0.0,0.0,0.0,0.0,0.0,0.0,0.0,0.0,0.0,0.0,0.0
6.816666666666666,-0.0140425535,7.4061572405392e-23,7.4061572405392e-23,0.0,0.0,0.0,0.0,0.0,0.0,0.0,0.0,0.0,0.0,0.0,0.0
6.833333333333333,-0.0140425535,6.138429131704901e-23,6.138429131704901e-23,0.0,0.0,0.0,0.0,0.0,0.0,0.0,0.0,0.0,0.0,0.0,0.0
6.85,-0.0140425535,5.087419662085573e-23,5.087419662085573e-23,0.0,0.0,0.0,0.0,0.0,0.0,0.0,0.0,0.0,0.0,0.0,0.0
6.866666666666666,-0.0140425535,4.2161302357810634e-23,4.2161302357810634e-23,0.0,0.0,0.0,0.0,0.0,0.0,0.0,0.0,0.0,0.0,0.0,0.0
6.883333333333334,-0.0140425535,3.4938699996459045e-23,3.4938699996459045e-23,0.0,0.0,0.0,0.0,0.0,0.0,0.0,0.0,0.0,0.0,0.0,0.0
6.9,-0.0140425535,2.895181996445512e-23,2.895181996445512e-23,0.0,0.0,0.0,0.0,0.0,0.0,0.0,0.0,0.0,0.0,0.0,0.0
6.916666666666667,-0.009361702,2.3989518626722548e-23,2.3989518626722548e-23,0.0,0.0,0.0,0.0,0.0,0.0,0.0,0.0,0.0,0.0,0.0,0.0
6.933333333333334,-0.009361702,1.9876680874196346e-23,1.9876680874196346e-23,0.0,0.0,0.0,0.0,0.0,0.0,0.0,0.0,0.0,0.0,0.0,0.0
6.95,-0.009361702,1.6468080992875146e-23,1.6468080992875146e-23,0.0,0.0,0.0,0.0,0.0,0.0,0.0,0.0,0.0,0.0,0.0,0.0
6.966666666666667,-0.009361702,1.364328810549132e-23,1.364328810549132e-23,0.0,0.0,0.0,0.0,0.0,0.0,0.0,0.0,0.0,0.0,0.0,0.0
6.983333333333333,-0.009361702,1.1302438717815279e-23,1.1302438717815279e-23,0.0,0.0,0.0,0.0,0.0,0.0,0.0,0.0,0.0,0.0,0.0,0.0
7.0,-0.009361702,9.362729005890215e-24,9.362729005890215e-24,0.0,0.0,0.0,0.0,0.0,0.0,0.0,0.0,0.0,0.0,0.0,0.0
7.016666666666667,-0.009361702,7.755504486290239e-24,7.755504486290239e-24,0.0,0.0,0.0,0.0,0.0,0.0,0.0,0.0,0.0,0.0,0.0,0.0
7.033333333333333,-0.009361702,6.4238454809027156e-24,6.4238454809027156e-24,0.0,0.0,0.0,0.0,0.0,0.0,0.0,0.0,0.0,0.0,0.0,0.0
7.05,-0.009361702,5.3205640372399e-24,5.3205640372399e-24,0.0,0.0,0.0,0.0,0.0,0.0,0.0,0.0,0.0,0.0,0.0,0.0
7.066666666666666,-0.009361702,4.406542290476284e-24,4.406542290476284e-24,0.0,0.0,0.0,0.0,0.0,0.0,0.0,0.0,0.0,0.0,0.0,0.0
7.083333333333333,-0.009361702,3.649354149219537e-24,3.649354149219537e-24,0.0,0.0,0.0,0.0,0.0,0.0,0.0,0.0,0.0,0.0,0.0,0.0
7.1,-0.009361702,3.0221220647870398e-24,3.0221220647870398e-24,0.0,0.0,0.0,0.0,0.0,0.0,0.0,0.0,0.0,0.0,0.0,0.0
7.116666666666666,-0.0140425535,2.5025688452822368e-24,2.5025688452822368e-24,0.0,0.0,0.0,0.0,0.0,0.0,0.0,0.0,0.0,0.0,0.0,0.0
7.133333333333334,-0.018723404,2.0722312850356937e-24,2.0722312850356937e-24,0.0,0.0,0.0,0.0,0.0,0.0,0.0,0.0,0.0,0.0,0.0,0.0
7.15,-0.028085107,1.7158080329759815e-24,1.7158080329759815e-24,0.0,0.0,0.0,0.0,0.0,0.0,0.0,0.0,0.0,0.0,0.0,0.0
7.166666666666667,-0.056170214,1.4206188162487799e-24,1.4206188162487799e-24,0.0,0.0,0.0,0.0,0.0,0.0,0.0,0.0,0.0,0.0,0.0,0.0
7.183333333333334,-0.11702128,1.1761560307784963e-24,1.1761560307784963e-24,0.0,0.0,0.0,0.0,0.0,0.0,0.0,0.0,0.0,0.0,0.0,0.0
7.2,-0.2387234,9.737129437319595e-25,9.737129437319595e-25,0.0,0.0,0.0,0.0,0.0,0.0,0.0,0.0,0.0,0.0,0.0,0.0
7.216666666666667,-0.4587234,8.060754363762534e-25,8.060754363762534e-25,0.0,0.0,0.0,0.0,0.0,0.0,0.0,0.0,0.0,0.0,0.0,0.0
7.233333333333333,-0.82382977,6.672664429400723e-25,6.672664429400723e-25,0.0,0.0,0.0,0.0,0.0,0.0,0.0,0.0,0.0,0.0,0.0,0.0
7.25,-1.3668085,5.523340893043187e-25,5.523340893043187e-25,0.0,0.0,0.0,0.0,0.0,0.0,0.0,0.0,0.0,0.0,0.0,0.0
7.266666666666667,-2.0970213,4.571760690260191e-25,4.571760690260191e-25,0.0,0.0,0.0,0.0,0.0,0.0,0.0,0.0,0.0,0.0,0.0,0.0
7.283333333333333,-2.9910638,3.783940667900633e-25,3.783940667900633e-25,0.0,0.0,0.0,0.0,0.0,0.0,0.0,0.0,0.0,0.0,0.0,0.0
7.3,-3.9787233,3.1317309526723037e-25,3.1317309526723037e-25,0.0,0.0,0.0,0.0,0.0,0.0,0.0,0.0,0.0,0.0,0.0,0.0
7.316666666666666,-4.957021,2.5918148738092825e-25,2.5918148738092825e-25,0.0,0.0,0.0,0.0,0.0,0.0,0.0,0.0,0.0,0.0,0.0,0.0
7.333333333333333,-5.8276596,2.144880127432136e-25,2.144880127432136e-25,0.0,0.0,0.0,0.0,0.0,0.0,0.0,0.0,0.0,0.0,0.0,0.0
7.35,-6.5110636,1.7749318990799566e-25,1.7749318990799566e-25,0.0,0.0,0.0,0.0,0.0,0.0,0.0,0.0,0.0,0.0,0.0,0.0
7.366666666666666,-6.9370213,1.468723661892939e-25,1.468723661892939e-25,0.0,0.0,0.0,0.0,0.0,0.0,0.0,0.0,0.0,0.0,0.0,0.0
7.383333333333334,-7.09617,1.2152855160363334e-25,1.2152855160363334e-25,0.0,0.0,0.0,0.0,0.0,0.0,0.0,0.0,0.0,0.0,0.0,0.0
7.4,-6.9978724,1.0055333754298327e-25,1.0055333754298327e-25,0.0,0.0,0.0,0.0,0.0,0.0,0.0,0.0,0.0,0.0,0.0,0.0
7.416666666666667,-6.6795745,8.31945161229634e-26,8.31945161229634e-26,0.0,0.0,0.0,0.0,0.0,0.0,0.0,0.0,0.0,0.0,0.0,0.0
7.433333333333334,-6.197447,6.882925278421495e-26,6.882925278421495e-26,0.0,0.0,0.0,0.0,0.0,0.0,0.0,0.0,0.0,0.0,0.0,0.0
7.45,-5.5982976,5.694186095509018e-26,5.694186095509018e-26,0.0,0.0,0.0,0.0,0.0,0.0,0.0,0.0,0.0,0.0,0.0,0.0
7.466666666666667,-4.942979,4.710539029980771e-26,4.710539029980771e-26,0.0,0.0,0.0,0.0,0.0,0.0,0.0,0.0,0.0,0.0,0.0,0.0
7.483333333333333,-4.278298,3.896637499416415e-26,3.896637499416415e-26,0.0,0.0,0.0,0.0,0.0,0.0,0.0,0.0,0.0,0.0,0.0,0.0
7.5,-3.6417022,3.22322003330364e-26,3.22322003330364e-26,0.0,0.0,0.0,0.0,0.0,0.0,0.0,0.0,0.0,0.0,0.0,0.0
7.516666666666667,-3.0565958,2.6660638715017086e-26,2.6660638715017086e-26,0.0,0.0,0.0,0.0,0.0,0.0,0.0,0.0,0.0,0.0,0.0,0.0
7.533333333333333,-2.541702,2.2051182933499257e-26,2.2051182933499257e-26,0.0,0.0,0.0,0.0,0.0,0.0,0.0,0.0,0.0,0.0,0.0,0.0
7.55,-2.1017022,1.823786843805075e-26,1.823786843805075e-26,0.0,0.0,0.0,0.0,0.0,0.0,0.0,0.0,0.0,0.0,0.0,0.0
7.566666666666666,-1.727234,1.5083329060977408e-26,1.5083329060977408e-26,0.0,0.0,0.0,0.0,0.0,0.0,0.0,0.0,0.0,0.0,0.0,0.0
7.583333333333333,-1.4182979,1.2473874494345493e-26,1.2473874494345493e-26,0.0,0.0,0.0,0.0,0.0,0.0,0.0,0.0,0.0,0.0,0.0,0.0
7.6,-1.1702127,1.031541409753955e-26,1.031541409753955e-26,0.0,0.0,0.0,0.0,0.0,0.0,0.0,0.0,0.0,0.0,0.0,0.0
7.616666666666666,-0.96425533,8.530081695936302e-27,8.530081695936302e-27,0.0,0.0,0.0,0.0,0.0,0.0,0.0,0.0,0.0,0.0,0.0,0.0
7.633333333333334,-0.8004255,7.05344096014163e-27,7.05344096014163e-27,0.0,0.0,0.0,0.0,0.0,0.0,0.0,0.0,0.0,0.0,0.0,0.0
7.65,-0.6693617,5.832171613573429e-27,5.832171613573429e-27,0.0,0.0,0.0,0.0,0.0,0.0,0.0,0.0,0.0,0.0,0.0,0.0
7.666666666666667,-0.56638294,4.82215383462705e-27,4.82215383462705e-27,0.0,0.0,0.0,0.0,0.0,0.0,0.0,0.0,0.0,0.0,0.0,0.0
7.683333333333334,-0.48212767,3.9868824040366095e-27,3.9868824040366095e-27,0.0,0.0,0.0,0.0,0.0,0.0,0.0,0.0,0.0,0.0,0.0,0.0
7.7,-0.41191489,3.296153900591461e-27,3.296153900591461e-27,0.0,0.0,0.0,0.0,0.0,0.0,0.0,0.0,0.0,0.0,0.0,0.0
7.716666666666667,-0.3557447,2.724979985491285e-27,2.724979985491285e-27,0.0,0.0,0.0,0.0,0.0,0.0,0.0,0.0,0.0,0.0,0.0,0.0
7.733333333333333,-0.30893618,2.252687882505436e-27,2.252687882505436e-27,0.0,0.0,0.0,0.0,0.0,0.0,0.0,0.0,0.0,0.0,0.0,0.0
7.75,-0.27148935,1.8621758438969782e-27,1.8621758438969782e-27,0.0,0.0,0.0,0.0,0.0,0.0,0.0,0.0,0.0,0.0,0.0,0.0
7.766666666666667,-0.2387234,1.5392969279529055e-27,1.5392969279529055e-27,0.0,0.0,0.0,0.0,0.0,0.0,0.0,0.0,0.0,0.0,0.0,0.0
7.783333333333333,-0.20595744,1.272348999532456e-27,1.272348999532456e-27,0.0,0.0,0.0,0.0,0.0,0.0,0.0,0.0,0.0,0.0,0.0,0.0
7.8,-0.18255319,1.0516526632319414e-27,1.0516526632319414e-27,0.0,0.0,0.0,0.0,0.0,0.0,0.0,0.0,0.0,0.0,0.0,0.0
7.816666666666666,-0.15446809,8.692019846102126e-28,8.692019846102126e-28,0.0,0.0,0.0,0.0,0.0,0.0,0.0,0.0,0.0,0.0,0.0,0.0
7.833333333333333,-0.13574468,7.183754603248421e-28,7.183754603248421e-28,0.0,0.0,0.0,0.0,0.0,0.0,0.0,0.0,0.0,0.0,0.0,0.0
7.85,-0.11234043,5.936968557298257e-28,5.936968557298257e-28,0.0,0.0,0.0,0.0,0.0,0.0,0.0,0.0,0.0,0.0,0.0,0.0
7.866666666666666,-0.09829787,4.906373153229906e-28,4.906373153229906e-28,0.0,0.0,0.0,0.0,0.0,0.0,0.0,0.0,0.0,0.0,0.0,0.0
7.883333333333334,-0.079574466,4.054516310711497e-28,4.054516310711497e-28,0.0,0.0,0.0,0.0,0.0,0.0,0.0,0.0,0.0,0.0,0.0,0.0
7.9,-0.06553192,3.3504277883795413e-28,3.3504277883795413e-28,0.0,0.0,0.0,0.0,0.0,0.0,0.0,0.0,0.0,0.0,0.0,0.0
7.916666666666667,-0.056170214,2.7684984759451723e-28,2.7684984759451723e-28,0.0,0.0,0.0,0.0,0.0,0.0,0.0,0.0,0.0,0.0,0.0,0.0
7.933333333333334,-0.04680851,2.2875532601528795e-28,2.2875532601528795e-28,0.0,0.0,0.0,0.0,0.0,0.0,0.0,0.0,0.0,0.0,0.0,0.0
7.95,-0.037446808,1.8900840644217103e-28,1.8900840644217103e-28,0.0,0.0,0.0,0.0,0.0,0.0,0.0,0.0,0.0,0.0,0.0,0.0
7.966666666666667,-0.028085107,1.5616154188583403e-28,1.5616154188583403e-28,0.0,0.0,0.0,0.0,0.0,0.0,0.0,0.0,0.0,0.0,0.0,0.0
7.983333333333333,-0.023404256,1.2901796830274105e-28,1.2901796830274105e-28,0.0,0.0,0.0,0.0,0.0,0.0,0.0,0.0,0.0,0.0,0.0,0.0
8.0,-0.018723404,1.0658829888563392e-28,1.0658829888563392e-28,0.0,0.0,0.0,0.0,0.0,0.0,0.0,0.0,0.0,0.0,0.0,0.0
8.016666666666667,-0.018723404,4.374840901908041e-09,8.805462365160351e-29,0.0,0.0,0.0,4.374840901908041e-09,0.0,0.0,0.0,0.0,0.0,0.0,0.0,0.0
8.033333333333333,-0.0140425535,2.1272094895301306e-06,7.274081789693056e-29,0.0,0.0,0.0,2.1272094895301306e-06,0.0,0.0,0.0,0.0,0.0,0.0,0.0,0.0
8.05,-0.009361702,3.675362625242142e-05,6.008798679452548e-29,0.0,0.0,0.0,3.675362625242142e-05,0.0,0.0,0.0,0.0,0.0,0.0,0.0,0.0
8.066666666666666,-0.009361702,0.00022397396853932673,4.963415855578669e-29,0.0,0.0,0.0,0.00022397396853932673,0.0,0.0,0.0,0.0,0.0,0.0,0.0,0.0
8.083333333333334,-0.004680851,0.0008138709101274192,4.099749180355093e-29,0.0,0.0,0.0,0.0008138709101274192,0.0,0.0,0.0,0.0,0.0,0.0,0.0,0.0
8.1,-0.004680851,0.002169245801275129,3.3862389604110073e-29,0.0,0.0,0.0,0.002169245801275129,0.0,0.0,0.0,0.0,0.0,0.0,0.0,0.0
8.116666666666667,0.0,0.00470190467349913,2.796801753564643e-29,0.0,0.0,0.0,0.00470190467349913,0.0,0.0,0.0,0.0,0.0,0.0,0.0,0.0
8.133333333333333,0.004680851,0.008791180514758981,2.3098809996649127e-29,0.0,0.0,0.0,0.008791180514758981,0.0,0.0,0.0,0.0,0.0,0.0,0.0,0.0
8.15,0.009361702,0.014710695759109691,1.9076620800694442e-29,0.0,0.0,0.0,0.014710695759109691,0.0,0.0,0.0,0.0,0.0,0.0,0.0,0.0
8.166666666666666,0.018723404,0.02257921846741942,1.5754233546443623e-29,0.0,0.0,0.0,0.02257921846741942,0.0,0.0,0.0,0.0,0.0,0.0,0.0,0.0
8.183333333333334,0.028085107,0.03234104076671713,1.3009996431730332e-29,0.0,0.0,0.0,0.03234104076671713,0.0,0.0,0.0,0.0,0.0,0.0,0.0,0.0
8.2,0.042127658,0.043773614372013964,1.0743386868248359e-29,0.0,0.0,0.0,0.043773614372013964,0.0,0.0,0.0,0.0,0.0,0.0,0.0,0.0
8.216666666666667,0.05148936,0.05651581879389941,8.871344913364898e-30,0.0,0.0,0.0,0.05651581879389941,0.0,0.0,0.0,0.0,0.0,0.0,0.0,0.0
8.233333333333333,0.07021277,0.07010869590562262,7.325242380647697e-30,0.0,0.0,0.0,0.07010869590562262,0.0,0.0,0.0,0.0,0.0,0.0,0.0,0.0
8.25,0.084255315,0.08404088140488035,6.0483775242508615e-30,0.0,0.0,0.0,0.08404088140488035,0.0,0.0,0.0,0.0,0.0,0.0,0.0,0.0
8.266666666666667,0.09829787,0.09779244723154105,4.993904244948734e-30,0.0,0.0,0.0,0.09779244723154105,0.0,0.0,0.0,0.0,0.0,0.0,0.0,0.0
8.283333333333333,0.11234043,0.11087277244610937,4.1231205246282895e-30,0.0,0.0,0.0,0.11087277244610937,0.0,0.0,0.0,0.0,0.0,0.0,0.0,0.0
8.3,0.12170213,0.12284993569295459,3.4040538302526094e-30,0.0,0.0,0.0,0.12284993569295459,0.0,0.0,0.0,0.0,0.0,0.0,0.0,0.0
8.316666666666666,0.13106383,0.13337071553998622,2.8102920083435634e-30,0.0,0.0,0.0,0.13337071553998622,0.0,0.0,0.0,0.0,0.0,0.0,0.0,0.0
8.333333333333334,0.14042553,0.14217148703283408,2.320017106336925e-30,0.0,0.0,0.0,0.14217148703283408,0.0,0.0,0.0,0.0,0.0,0.0,0.0,0.0
8.35,0.14978723,0.1490811026237952,1.9152069299994785e-30,0.0,0.0,0.0,0.1490811026237952,0.0,0.0,0.0,0.0,0.0,0.0,0.0,0.0
8.366666666666667,0.15446809,0.15401728900941877,1.5809752430367878e-30,0.0,0.0,0.0,0.15401728900941877,0.0,0.0,0.0,0.0,0.0,0.0,0.0,0.0
8.383333333333333,0.15914893,0.1569782506992411,1.3050265566699665e-30,0.0,0.0,0.0,0.1569782506992411,0.0,0.0,0.0,0.0,0.0,0.0,0.0,0.0
8.4,0.15914893,0.1580311249452775,1.0772056257723486e-30,0.0,0.0,0.0,0.1580311249452775,0.0,0.0,0.0,0.0,0.0,0.0,0.0,0.0
8.416666666666666,0.15914893,0.1572987536307145,8.891252151095868e-31,0.0,0.0,0.0,0.1572987536307145,0.0,0.0,0.0,0.0,0.0,0.0,0.0,0.0
8.433333333333334,0.15446809,0.15494598636895757,7.338585491830306e-31,0.0,0.0,0.0,0.15494598636895757,0.0,0.0,0.0,0.0,0.0,0.0,0.0,0.0
8.45,0.14978723,0.15116645173498477,6.05685215438728e-31,0.0,0.0,0.0,0.15116645173498477,0.0,0.0,0.0,0.0,0.0,0.0,0.0,0.0
8.466666666666667,0.14510638,0.14617046284442128,4.9988123860838386e-31,0.0,0.0,0.0,0.14617046284442128,0.0,0.0,0.0,0.0,0.0,0.0,0.0,0.0
8.483333333333333,0.14042553,0.14017448010416958,4.125456543662406e-31,0.0,0.0,0.0,0.14017448010416958,0.0,0.0,0.0,0.0,0.0,0.0,0.0,0.0
8.5,0.13106383,0.13339234903892125,3.404572417619984e-31,0.0,0.0,0.0,0.13339234903892125,0.0,0.0,0.0,0.0,0.0,0.0,0.0,0.0
8.516666666666667,0.12638298,0.12602836870359982,2.809561743656471e-31,0.0,0.0,0.0,0.12602836870359982,0.0,0.0,0.0,0.0,0.0,0.0,0.0,0.0
8.533333333333333,0.11702128,0.11827212546940871,2.318462597091587e-31,0.0,0.0,0.0,0.11827212546940871,0.0,0.0,0.0,0.0,0.0,0.0,0.0,0.0
8.55,0.11234043,0.11029494399044142,1.913141884930134e-31,0.0,0.0,0.0,0.11029494399044142,0.0,0.0,0.0,0.0,0.0,0.0,0.0,0.0
8.566666666666666,0.10297872,0.10224775633545338,1.5786283647795788e-31,0.0,0.0,0.0,0.10224775633545338,0.0,0.0,0.0,0.0,0.0,0.0,0.0,0.0
8.583333333333334,0.09829787,0.09426016541009595,1.3025617560999916e-31,0.0,0.0,0.0,0.09426016541009595,0.0,0.0,0.0,0.0,0.0,0.0,0.0,0.0
8.6,0.09361702,0.08644047380107121,1.0747377542010534e-31,0.0,0.0,0.0,0.08644047380107121,0.0,0.0,0.0,0.0,0.0,0.0,0.0,0.0
8.616666666666667,0.08893617,0.07887645848670984,8.867322655308152e-32,0.0,0.0,0.0,0.07887645848670984,0.0,0.0,0.0,0.0,0.0,0.0,0.0,0.0
8.633333333333333,0.084255315,0.07163669069697069,7.315910819029593e-32,0.0,0.0,0.0,0.07163669069697069,0.0,0.0,0.0,0.0,0.0,0.0,0.0,0.0
8.65,0.074893616,0.06477222465473345,6.035736070131177e-32,0.0,0.0,0.0,0.06477222465473345,0.0,0.0,0.0,0.0,0.0,0.0,0.0,0.0
8.666666666666666,0.07021277,0.05831850593227832,4.979412282346481e-32,0.0,0.0,0.0,0.05831850593227832,0.0,0.0,0.0,0.0,0.0,0.0,0.0,0.0
8.683333333333334,0.07021277,0.052297377440656274,4.1078256245032887e-32,0.0,0.0,0.0,0.052297377440656274,0.0,0.0,0.0,0.0,0.0,0.0,0.0,0.0
8.7,0.06553192,0.04671908704617469,3.3886915625043554e-32,0.0,0.0,0.0,0.04671908704617469,0.0,0.0,0.0,0.0,0.0,0.0,0.0,0.0
8.716666666666667,0.060851064,0.04158422445255126,2.7953633753787636e-32,0.0,0.0,0.0,0.04158422445255126,0.0,0.0,0.0,0.0,0.0,0.0,0.0,0.0
8.733333333333333,0.056170214,0.03688553572267972,2.3058483820607325e-32,0.0,0.0,0.0,0.03688553572267972,0.0,0.0,0.0,0.0,0.0,0.0,0.0,0.0
8.75,0.056170214,0.03260958140345183,1.9019956979499523e-32,0.0,0.0,0.0,0.03260958140345183,0.0,0.0,0.0,0.0,0.0,0.0,0.0,0.0
8.766666666666667,0.056170214,0.02873821867013324,1.5688256374410275e-32,0.0,0.0,0.0,0.02873821867013324,0.0,0.0,0.0,0.0,0.0,0.0,0.0,0.0
8.783333333333333,0.05148936,0.02524989940003258,1.2939760806714202e-32,0.0,0.0,0.0,0.02524989940003258,0.0,0.0,0.0,0.0,0.0,0.0,0.0,0.0
8.8,0.05148936,0.02212078489991195,1.0672454200118732e-32,0.0,0.0,0.0,0.02212078489991195,0.0,0.0,0.0,0.0,0.0,0.0,0.0,0.0
8.816666666666666,0.05148936,0.019325684484454035,8.802152515343609e-33,0.0,0.0,0.0,0.019325684484454035,0.0,0.0,0.0,0.0,0.0,0.0,0.0,0.0
8.833333333333334,0.05148936,0.01683882959039755,7.259389087790544e-33,0.0,0.0,0.0,0.01683882959039755,0.0,0.0,0.0,0.0,0.0,0.0,0.0,0.0
8.85,0.05148936,0.014634497962948046,5.986843579752509e-33,0.0,0.0,0.0,0.014634497962948046,0.0,0.0,0.0,0.0,0.0,0.0,0.0,0.0
8.866666666666667,0.056170214,0.012687503995015099,4.937219741698443e-33,0.0,0.0,0.0,0.012687503995015099,0.0,0.0,0.0,0.0,0.0,0.0,0.0,0.0
8.883333333333333,0.056170214,0.010973571830098824,4.071493697922898e-33,0.0,0.0,0.0,0.010973571830098824,0.0,0.0,0.0,0.0,0.0,0.0,0.0,0.0
8.9,0.056170214,0.009469607612412901,3.3574681160409614e-33,0.0,0.0,0.0,0.009469607612412901,0.0,0.0,0.0,0.0,0.0,0.0,0.0,0.0
8.916666666666666,0.056170214,0.008153886500012145,2.768578887907695e-33,0.0,0.0,0.0,0.008153886500012145,0.0,0.0,0.0,0.0,0.0,0.0,0.0,0.0
8.933333333333334,0.056170214,0.007006168926911449,2.2829102549619883e-33,0.0,0.0,0.0,0.007006168926911449,0.0,0.0,0.0,0.0,0.0,0.0,0.0,0.0
8.95,0.060851064,0.006007759251847623,1.8823819953455815e-33,0.0,0.0,0.0,0.006007759251847623,0.0,0.0,0.0,0.0,0.0,0.0,0.0,0.0
8.966666666666667,0.060851064,0.005141518476218922,1.5520786355697672e-33,0.0,0.0,0.0,0.005141518476218922,0.0,0.0,0.0,0.0,0.0,0.0,0.0,0.0
8.983333333333333,0.060851064,0.00439184123636006,1.2796958891212952e-33,0.0,0.0,0.0,0.00439184123636006,0.0,0.0,0.0,0.0,0.0,0.0,0.0,0.0
9.0,0.06553192,0.003744605837055262,1.0550838507504684e-33,0.0,0.0,0.0,0.003744605837055262,0.0,0.0,0.0,0.0,0.0,0.0,0.0,0.0
9.016666666666667,0.06553192,0.0031871047365127293,8.698700473303854e-34,0.0,0.0,0.0,0.0031871047365127293,0.0,0.0,0.0,0.0,0.0,0.0,0.0,0.0
9.033333333333331,0.07021277,0.0027079616450602782,7.17148395484612e-34,0.0,0.0,0.0,0.0027079616450602782,0.0,0.0,0.0,0.0,0.0,0.0,0.0,0.0
9.05,0.074893616,0.0022970402758145,5.912225511649627e-34,0.0,0.0,0.0,0.0022970402758145,0.0,0.0,0.0,0.0,0.0,0.0,0.0,0.0
9.066666666666666,0.084255315,0.0019453487916411573,4.873941466413361e-34,0.0,0.0,0.0,0.0019453487916411573,0.0,0.0,0.0,0.0,0.0,0.0,0.0,0.0
9.083333333333334,0.09361702,0.0016449431282979535,4.01788069955655e-34,0.0,0.0,0.0,0.0016449431282979535,0.0,0.0,0.0,0.0,0.0,0.0,0.0,0.0
9.1,0.10765957,0.020116515170945364,3.31208311926827e-34,0.0,0.0,0.0,0.001388831633467314,0.01872768353747805,0.0,0.0,0.0,0.0,0.0,0.0,0.0
9.116666666666667,0.13106383,0.06058862393816975,2.7301903674619637e-34,0.0,0.0,0.0,0.001170882837013815,0.059417741101155934,0.0,0.0,0.0,0.0,0.0,0.0,0.0
9.133333333333333,0.15446809,0.1078755828928081,2.2504646576877057e-34,0.0,0.0,0.0,0.000985737648961862,0.10688984524384625,0.0,0.0,0.0,0.0,0.0,0.0,0.0
9.15,0.18255319,0.1562691310682554,1.8549793470322733e-34,0.0,0.0,0.0,0.0008287268571367779,0.15544040421111863,0.0,0.0,0.0,0.0,0.0,0.0,0.0
9.166666666666666,0.21531914,0.20268750963942445,1.528951204627924e-34,0.0,0.0,0.0,0.0006957944546949147,0.20199171518472953,0.0,0.0,0.0,0.0,0.0,0.0,0.0
9.183333333333334,0.2480851,0.24538005450435663,1.260189589287754e-34,0.0,0.0,0.0,0.0005834270576943802,0.24479662744666225,0.0,0.0,0.0,0.0,0.0,0.0,0.0
9.2,0.28085107,0.2833889562804384,1.0386420818006264e-34,0.0,0.0,0.0,0.0004885894638662181,0.2829003668165722,0.0,0.0,0.0,0.0,0.0,0.0,0.0
9.216666666666669,0.31361702,0.3162620650103556,8.560196935537847e-35,0.0,0.0,0.0,0.000408666246101536,0.31585339876425406,0.0,0.0,0.0,0.0,0.0,0.0,0.0
9.233333333333333,0.34170213,0.3438791648859758,7.054877245213591e-35,0.0,0.0,0.0,0.00034140915910060653,0.3435377557268752,0.0,0.0,0.0,0.0,0.0,0.0,0.0
9.25,0.36510637,0.36633908779811714,5.814107793230136e-35,0.0,0.0,0.0,0.00028489005735526024,0.36605419774076187,0.0,0.0,0.0,0.0,0.0,0.0,0.0
9.266666666666667,0.38382977,0.38388314772018756,4.7914246006818783e-35,0.0,0.0,0.0,0.00023745897037779148,0.38364568874980975,0.0,0.0,0.0,0.0,0.0,0.0,0.0
9.283333333333331,0.39787233,0.3968418700368979,3.9485191338173863e-35,0.0,0.0,0.0,0.00019770695101310227,0.3966441630858848,0.0,0.0,0.0,0.0,0.0,0.0,0.0
9.3,0.40723404,0.4055974160224695,3.253807777273255e-35,0.0,0.0,0.0,0.00016443329983398548,0.4054329827226355,0.0,0.0,0.0,0.0,0.0,0.0,0.0
9.316666666666666,0.41191489,0.410556951534104,2.6812520655122366e-35,0.0,0.0,0.0,0.00013661676887940873,0.4104203347652246,0.0,0.0,0.0,0.0,0.0,0.0,0.0
9.333333333333334,0.41659573,0.4121338318534883,2.2093857467570097e-35,0.0,0.0,0.0,0.00011339035793177697,0.4120204414955565,0.0,0.0,0.0,0.0,0.0,0.0,0.0
9.35,0.41191489,0.4107344604614187,1.8205124429014148e-35,0.0,0.0,0.0,9.401933335231084e-05,0.4106404411280664,0.0,0.0,0.0,0.0,0.0,0.0,0.0
9.366666666666667,0.40723404,0.40674930999412523,1.5000440130226098e-35,0.0,0.0,0.0,7.788212095919388e-05,0.406671427873166,0.0,0.0,0.0,0.0,0.0,0.0,0.0
9.383333333333333,0.39787233,0.4005470138654964,1.23595496235027e-35,0.0,0.0,0.0,6.445374876650328e-05,0.4004825601167299,0.0,0.0,0.0,0.0,0.0,0.0,0.0
9.4,0.38851064,0.39247072669000554,1.0183325568936649e-35,0.0,0.0,0.0,5.329154121983033e-05,0.3924174351487857,0.0,0.0,0.0,0.0,0.0,0.0,0.0
9.416666666666666,0.37914893,0.3828361567748964,8.390058665407537e-36,0.0,0.0,0.0,4.4022792813890235e-05,0.3827921339820825,0.0,0.0,0.0,0.0,0.0,0.0,0.0
9.433333333333334,0.36978722,0.37193082245124715,6.912398984812802e-36,0.0,0.0,0.0,3.6334174874117264e-05,0.371894488276373,0.0,0.0,0.0,0.0,0.0,0.0,0.0
9.45,0.36042553,0.3600141934357027,5.6948340734100046e-36,0.0,0.0,0.0,2.9962654264625616e-05,0.35998423078143804,0.0,0.0,0.0,0.0,0.0,0.0,0.0
9.466666666666669,0.34638298,0.347318460192429,4.6916096844667145e-36,0.0,0.0,0.0,2.468772646083143e-05,0.34729377246596815,0.0,0.0,0.0,0.0,0.0,0.0,0.0
9.483333333333333,0.33702126,0.3340497360728287,3.865015504472676e-36,0.0,0.0,0.0,2.032478754816929e-05,0.3340294112852805,0.0,0.0,0.0,0.0,0.0,0.0,0.0
9.5,0.3229787,0.320389544135297,3.18397184376612e-36,0.0,0.0,0.0,1.6719490138251255e-05,0.32037282464515876,0.0,0.0,0.0,0.0,0.0,0.0,0.0
9.516666666666667,0.30893618,0.30649647671531755,2.6228644873181852e-36,0.0,0.0,0.0,1.3742946873257348e-05,0.3064827337684443,0.0,0.0,0.0,0.0,0.0,0.0,0.0
9.533333333333331,0.29957446,0.29250794370572375,2.1605841597978363e-36,0.0,0.0,0.0,1.128766212222638e-05,0.29249665604360153,0.0,0.0,0.0,0.0,0.0,0.0,0.0
9.55,0.2855319,0.2785419470781626,1.7797346952238982e-36,0.0,0.0,0.0,9.264087708352091e-06,0.27853268299045425,0.0,0.0,0.0,0.0,0.0,0.0,0.0
9.566666666666666,0.27148935,0.2646988358843646,1.4659802995118283e-36,0.0,0.0,0.0,7.597712124122602e-06,0.2646912381722405,0.0,0.0,0.0,0.0,0.0,0.0,0.0
9.583333333333334,0.2574468,0.2510630089143445,1.2075074883898036e-36,0.0,0.0,0.0,6.226604791469277e-06,0.25105678230955303,0.0,0.0,0.0,0.0,0.0,0.0,0.0
9.6,0.2387234,0.23770454219126286,9.945815668356312e-37,0.0,0.0,0.0,5.099347619297525e-06,0.23769944284364355,0.0,0.0,0.0,0.0,0.0,0.0,0.0
9.616666666666667,0.22468086,0.22468072618818896,8.191810488478645e-37,0.0,0.0,0.0,4.173295518614829e-06,0.22467655289267036,0.0,0.0,0.0,0.0,0.0,0.0,0.0
9.633333333333333,0.2106383,0.21203750355626516,6.7469632960650885e-37,0.0,0.0,0.0,3.413115774785776e-06,0.21203409044049037,0.0,0.0,0.0,0.0,0.0,0.0,0.0
9.65,0.2012766,0.1998108026422308,5.556813244239607e-37,0.0,0.0,0.0,2.789563363333541e-06,0.19980801307886747,0.0,0.0,0.0,0.0,0.0,0.0,0.0
9.666666666666666,0.18723404,0.18802776544900407,4.576487698816515e-37,0.0,0.0,0.0,2.278455541412324e-06,0.18802548699346266,0.0,0.0,0.0,0.0,0.0,0.0,0.0
9.683333333333334,0.17787234,0.1767078711940183,3.7690151603547995e-37,0.0,0.0,0.0,1.8598144561862842e-06,0.1767060113795621,0.0,0.0,0.0,0.0,0.0,0.0,0.0
9.7,0.16382979,0.1658639584350667,3.1039348547985956e-37,0.0,0.0,0.0,1.5171511809791866e-06,0.16586244128388572,0.0,0.0,0.0,0.0,0.0,0.0,0.0
9.716666666666669,0.15446809,0.15550315001155582,2.5561508562543904e-37,0.0,0.0,0.0,1.2368686092517987e-06,0.15550191314294656,0.0,0.0,0.0,0.0,0.0,0.0,0.0
9.733333333333333,0.14978723,0.14562768590928193,2.10498776216439e-37,0.0,0.0,0.0,1.0077640861589634e-06,0.14562667814519578,0.0,0.0,0.0,0.0,0.0,0.0,0.0
9.75,0.14510638,0.13623567210896417,1.7334124906729512e-37,0.0,0.0,0.0,8.206156105348512e-07,0.13623484907748876,2.41586488035416e-09,0.0,0.0,0.0,0.0,0.0,0.0
9.766666666666667,0.14510638,0.1273252583835705,1.4273929942739804e-37,0.0,0.0,0.0,6.678379618891959e-07,0.12732106660164857,3.523943960060266e-06,0.0,0.0,0.0,0.0,0.0,0.0
9.783333333333331,0.14978723,0.11901315270448601,1.1753698153326953e-37,0.0,0.0,0.0,5.431972553251846e-07,0.1188770910031644,0.00013551850406628028,0.0,0.0,0.0,0.0,0.0,0.0
9.8,0.16851063,0.1123452651178145,9.67820639548697e-38,0.0,0.0,0.0,4.4157425345777845e-07,0.11089232540915701,0.0014524981344040194,0.0,0.0,0.0,0.0,0.0,0.0
9.816666666666666,0.19659574,0.11140514062386422,7.969014909649804e-38,0.0,0.0,0.0,3.587683134560017e-07,0.10335427632380771,0.008050505531743057,0.0,0.0,0.0,0.0,0.0,0.0
9.833333333333334,0.2574468,0.12605001537296867,6.561510871180092e-38,0.0,0.0,0.0,2.913351586819203e-07,0.09624895710610894,0.02980076693170106,0.0,0.0,0.0,0.0,0.0,0.0
9.85,0.34638298,0.17354036550875268,5.402472428926342e-38,0.0,0.0,0.0,2.364527724127233e-07,0.08956123974055008,0.0839788893154302,0.0,0.0,0.0,0.0,0.0,0.0
9.866666666666667,0.49148935,0.27766166063615216,4.448061652382405e-38,0.0,0.0,0.0,1.9181064563260603e-07,0.08327515994397203,0.19438630888153452,0.0,0.0,0.0,0.0,0.0,0.0
9.883333333333333,0.7068085,0.4651675780980291,3.662170912335824e-38,0.0,0.0,0.0,1.5551839767457613e-07,0.07737418032580175,0.3877932422538297,0.0,0.0,0.0,0.0,0.0,0.0
9.9,1.0017021,0.7605404148695734,3.015060493277225e-38,0.0,0.0,0.0,1.2603044982069696e-07,0.07184141598471946,0.6886988728544041,0.0,0.0,0.0,0.0,0.0,0.0
9.916666666666666,1.3902128,1.1806104145881064,2.482236176363509e-38,0.0,0.0,0.0,1.0208398695565054e-07,0.06665982659095114,1.1139504859131684,0.0,0.0,0.0,0.0,0.0,0.0
9.933333333333334,1.8863829,1.7304546756788577,2.043524549109754e-38,0.0,0.0,0.0,8.264790739920956e-08,0.06181237867575181,1.6686422143551984,0.0,0.0,0.0,0.0,0.0,0.0
9.95,2.4902127,2.401452385012905,1.6823112300834788e-38,0.0,0.0,0.0,6.688085012729572e-08,0.05728218153286643,2.3441701365991885,0.0,0.0,0.0,0.0,0.0,0.0
9.966666666666669,3.1923404,3.171709494303836,1.3849133222051004e-38,0.0,0.0,0.0,5.409671367120227e-08,0.05305259983380186,3.1186568403733204,0.0,0.0,0.0,0.0,0.0,0.0
9.983333333333333,3.9693615,4.008509746883677,1.1400624564529533e-38,0.0,0.0,0.0,4.37363522201309e-08,0.04910734577186865,3.959402357375456,0.0,0.0,0.0,0.0,0.0,0.0
10.0,4.7931914,4.872111047557376,9.384789481189885e-39,0.0,0.0,0.0,3.5344360464609884e-08,0.04543055328027785,4.826680458932738,0.0,0.0,0.0,0.0,0.0,0.0
10.016666666666667,5.621702,5.7200982822435815,7.725210163258125e-39,0.0,0.0,0.0,2.8550046810053003e-08,0.04200683661793984,5.678091417075595,0.0,0.0,0.0,0.0,0.0,0.0
10.033333333333331,6.4221277,6.511576955015654,6.358958429236049e-39,0.0,0.0,0.0,2.305185093142907e-08,0.03882133538297549,6.472755596580828,0.0,0.0,0.0,0.0,0.0,0.0
10.05,7.1523404,7.2106742773865395,5.234215751925068e-39,0.0,0.0,0.0,1.8604591438325295e-08,0.03585974779831845,7.174814510983629,0.0,0.0,0.0,0.0,0.0,0.0
10.066666666666666,7.765532,7.789036564017631,4.308312953799539e-39,0.0,0.0,0.0,1.5009037057818943e-08,0.03310835391556027,7.755928195093034,0.0,0.0,0.0,0.0,0.0,0.0
10.083333333333334,8.233617,8.227221846499225,3.546115610573635e-39,0.0,0.0,0.0,1.2103383905415523e-08,0.030554030201730233,8.19666780419411,0.0,0.0,0.0,0.0,0.0,0.0
10.1,8.537872,8.515053302784459,2.9186942297431777e-39,0.0,0.0,0.0,9.756295194147877e-09,0.028184256808295827,8.486869036219868,0.0,0.0,0.0,0.0,0.0,0.0
10.116666666666667,8.673617,8.651109924992635,2.4022290046380932e-39,0.0,0.0,0.0,7.861220719280272e-09,0.025987118671292733,8.625122798460122,0.0,0.0,0.0,0.0,0.0,0.0
10.133333333333333,8.650212,8.641587033389106,1.9771077885719862e-39,0.0,0.0,0.0,6.331763818498427e-09,0.02395130145535108,8.61763572560199,0.0,0.0,0.0,0.0,0.0,0.0
10.15,8.481702,8.498770208132179,1.6271832204854206e-39,0.0,0.0,0.0,5.097905055335721e-09,0.022066083231406665,8.476704119802866,0.0,0.0,0.0,0.0,0.0,0.0
10.166666666666666,8.200851,8.239344865627787,1.339160937098828e-39,0.0,0.0,0.0,4.102926117256917e-09,0.02032132266720033,8.21902353885766,0.0,0.0,0.0,0.0,0.0,0.0
10.183333333333334,7.826383,7.882723088951253,1.1020957528437599e-39,0.0,0.0,0.0,3.3009056173761676e-09,0.0187074444102655,7.864015641240082,0.0,0.0,0.0,0.0,0.0,0.0
10.2,7.381702,7.449520573834532,9.069767638534135e-40,0.0,0.0,0.0,2.6546816870218053e-09,0.017215422254130072,7.43230514892572,0.0,0.0,0.0,0.0,0.0,0.0
10.216666666666669,6.8995743,6.960268018956999,7.463856894270181e-40,0.0,0.0,0.0,2.1341953150074784e-09,0.01583676059898668,6.944431256223817,0.0,0.0,0.0,0.0,0.0,0.0
10.233333333333333,6.389362,6.434398404856688,6.142155300417659e-40,0.0,0.0,0.0,1.7151440504161504e-09,0.014563474647333773,6.419834928494209,0.0,0.0,0.0,0.0,0.0,0.0
10.25,5.869787,5.889517245073172,5.054388993078033e-40,0.0,0.0,0.0,1.3778885373162557e-09,0.013388069712221569,5.876129173983062,0.0,0.0,0.0,0.0,0.0,0.0
10.266666666666667,5.3595743,5.340937948013698,4.159172640812927e-40,0.0,0.0,0.0,1.1065648876212476e-09,0.012303519960079048,5.328634426947054,0.0,0.0,0.0,0.0,0.0,0.0
10.283333333333331,4.8634043,4.801448424662353,3.4224387297410318e-40,0.0,0.0,0.0,8.883645320845046e-10,0.011303246860895169,4.790145176913093,0.0,0.0,0.0,0.0,0.0,0.0
10.3,4.395319,4.281266732077406,2.816144270036987e-40,0.0,0.0,0.0,7.129502578479648e-10,0.010381097575211882,4.270885633789244,0.0,0.0,0.0,0.0,0.0,0.0
10.316666666666666,3.9553192,3.7881412054778196,2.3172059511924903e-40,0.0,0.0,0.0,5.71982923529985e-10,0.009531323469327517,3.778609881436509,0.0,0.0,0.0,0.0,0.0,0.0
10.333333333333334,3.543404,3.3275525034275146,1.9066234137912987e-40,0.0,0.0,0.0,4.587380700404138e-10,0.008748558916774521,3.318803944052002,0.0,0.0,0.0,0.0,0.0,0.0
10.35,3.168936,2.9029797249115825,1.5687574223337742e-40,0.0,0.0,0.0,3.677955070324822e-10,0.008027800515058123,2.894951924028729,0.0,0.0,0.0,0.0,0.0,0.0
10.366666666666667,2.827234,2.516198968071834,1.290735585322312e-40,0.0,0.0,0.0,2.947881074127866e-10,0.007364386821325943,2.5088345809557198,0.0,0.0,0.0,0.0,0.0,0.0
10.383333333333333,2.518298,2.167589400437113,1.0619630966305324e-40,0.0,0.0,0.0,2.3619861415148434e-10,0.006753978688715389,2.160835421512199,0.0,0.0,0.0,0.0,0.0,0.0
10.4,2.2374468,1.8564284015571737,8.737199483589241e-41,0.0,0.0,0.0,1.891953603410027e-10,0.006192540266188023,1.8502358611017904,0.0,0.0,0.0,0.0,0.0,0.0
10.416666666666666,1.9893616,1.5811631766394498,7.18829340088169e-41,0.0,0.0,0.0,1.5149951171746108e-10,0.005676320708393952,1.5754868557795563,0.0,0.0,0.0,0.0,0.0,0.0
10.433333333333334,1.7693617,1.3396511849147217,5.913847063500657e-41,0.0,0.0,0.0,1.2127783177004806e-10,0.005201836628189713,1.3344493481652542,0.0,0.0,0.0,0.0,0.0,0.0
10.45,1.5774468,1.1293656942470804,4.865250051487324e-41,0.0,0.0,0.0,9.705610138132015e-11,0.004765855312600219,1.124599838837424,0.0,0.0,0.0,0.0,0.0,0.0
10.466666666666669,1.4042553,0.9475657865636935,4.0024973940392584e-41,0.0,0.0,0.0,7.764924537283598e-11,0.004365378713006455,0.9432004077730378,0.0,0.0,0.0,0.0,0.0,0.0
10.483333333333333,1.259149,0.7914322872454752,3.292666893992646e-41,0.0,0.0,0.0,6.210496641580809e-11,0.003997628211946528,0.7874346589714237,0.0,0.0,0.0,0.0,0.0,0.0
10.5,1.1327659,0.6581725021339319,2.7086657464574255e-41,0.0,0.0,0.0,4.965829442512013e-11,0.003660030161924579,0.654512471922349,0.0,0.0,0.0,0.0,0.0,0.0
10.516666666666667,1.0204256,0.5450974578185392,2.2281988492817363e-41,0.0,0.0,0.0,3.969495286937774e-11,0.0033502021858683624,0.5417472555929759,0.0,0.0,0.0,0.0,0.0,0.0
10.533333333333331,0.9268085,0.4496756911627825,1.8329196132255185e-41,0.0,0.0,0.0,3.17218436938513e-11,0.0030659402241828572,0.4466097509068778,0.0,0.0,0.0,0.0,0.0,0.0
10.55,0.847234,0.3695676468505397,1.5077310048320902e-41,0.0,0.0,0.0,2.5343277143458226e-11,0.002805206309592595,0.36676244051560386,0.0,0.0,0.0,0.0,0.0,0.0
10.566666666666666,0.7770213,0.30264452356104676,1.2402102570836796e-41,0.0,0.0,0.0,2.024183585603305e-11,0.002566117048009431,0.3000784064927955,0.0,0.0,0.0,0.0,0.0,0.0
10.583333333333334,0.7161702,0.2469950470814814,1.0201353778907187e-41,0.0,0.0,0.0,1.6162975716434668e-11,0.0023469327813972064,0.24464811428392122,0.0,0.0,0.0,0.0,0.0,0.0
10.6,0.66468084,0.20092320989911786,8.390954520974615e-42,0.0,0.0,0.0,1.2902638520244142e-11,0.0021460474069386155,0.1987771624792766,0.0,0.0,0.0,0.0,0.0,0.0
10.616666666666667,0.61787236,0.16293955178561983,6.901699153905811e-42,0.0,0.0,0.0,1.0297291141780393e-11,0.0019619788256428246,0.1609775729496797,0.0,0.0,0.0,0.0,0.0,0.0
10.633333333333333,0.5804255,0.1317480998403646,5.676645988737755e-42,0.0,0.0,0.0,8.215918857147425e-12,0.0017933599928010493,0.12995473983934763,0.0,0.0,0.0,0.0,0.0,0.0
10.65,0.5476596,0.10623066239118735,4.6689450041330376e-42,0.0,0.0,0.0,6.553591796077322e-12,0.001638930542324367,0.1045917318423094,0.0,0.0,0.0,0.0,0.0,0.0
10.666666666666666,0.51957446,0.08542979246817245,3.8400501494953856e-42,0.0,0.0,0.0,5.226297294773984e-12,0.001497528956931467,0.08393226350601468,0.0,0.0,0.0,0.0,0.0,0.0
10.683333333333334,0.4961702,0.06853140948957906,3.158248181464257e-42,0.0,0.0,0.0,4.166790531035918e-12,0.0013680852563368463,0.06716332422907542,0.0,0.0,0.0,0.0,0.0,0.0
10.7,0.47276595,0.054847793427390656,2.5974480146987452e-42,0.0,0.0,0.0,3.3212639490230195e-12,0.0012496141759822106,0.05359817924808718,0.0,0.0,0.0,0.0,0.0,0.0
10.716666666666669,0.45404255,0.04380144171309538,2.1361844770811073e-42,0.0,0.0,0.0,2.646674818820157e-12,0.0011412088094116817,0.04266023290103702,0.0,0.0,0.0,0.0,0.0,0.0
10.733333333333333,0.44,0.0349101010505255,1.7567985167296477e-42,0.0,0.0,0.0,2.1086016043712305e-12,0.0010420346880859002,0.033868066360330996,0.0,0.0,0.0,0.0,0.0,0.0
10.75,0.42595744,0.0277731485546698,1.4447626230870168e-42,0.0,0.0,0.0,1.6795250734590972e-12,0.0009513242732272602,0.026821824279763016,0.0,0.0,0.0,0.0,0.0,0.0
10.766666666666667,0.41191489,0.0220593932716713,1.1881257517744969e-42,0.0,0.0,0.0,1.3374504420432214e-12,0.0008683718351683782,0.02119102143516547,0.0,0.0,0.0,0.0,0.0,0.0
10.783333333333331,0.4025532,0.017496294288867172,9.770565927387118e-43,0.0,0.0,0.0,1.064803246671506e-12,0.0007925286966116875,0.016703765591190682,0.0,0.0,0.0,0.0,0.0,0.0
10.8,0.39787233,0.013860539856688722,8.034677662943268e-43,0.0,0.0,0.0,8.475448466796787e-13,0.0007231988171865129,0.013137341038654663,0.0,0.0,0.0,0.0,0.0,0.0
10.816666666666666,0.3931915,0.010969898342015729,6.607066142419326e-43,0.0,0.0,0.0,6.744640899643994e-13,0.0006598346976923777,0.010310063643648887,0.0,0.0,0.0,0.0,0.0,0.0
10.833333333333334,0.38851064,0.008676232203914745,5.433007904577402e-43,0.0,0.0,0.0,5.366102312702079e-13,0.0006019335834312295,0.008074298619946905,0.0,0.0,0.0,0.0,0.0,0.0
10.85,0.38382977,0.006859556989467583,4.467489436482248e-43,0.0,0.0,0.0,4.268390732162264e-13,0.0005490339470478868,0.006310523041992856,0.0,0.0,0.0,0.0,0.0,0.0
10.866666666666667,0.38382977,0.005423025690837629,3.673485037221152e-43,0.0,0.0,0.0,3.394498330897052e-13,0.0005007122323049014,0.004922313458193278,0.0,0.0,0.0,0.0,0.0,0.0
10.883333333333333,0.38382977,0.004288722366328373,3.0205399782028426e-43,0.0,0.0,0.0,2.6989468534414544e-13,0.0004565798412113336,0.0038321425248471447,0.0,0.0,0.0,0.0,0.0,0.0
10.9,0.38382977,0.003394155896474754,2.4836048625991845e-43,0.0,0.0,0.0,2.1454650255709687e-13,0.000416280347895919,0.0029778755483642885,0.0,0.0,0.0,0.0,0.0,0.0
10.916666666666666,0.38382977,0.0026893537408581134,2.042076667878426e-43,0.0,0.0,0.0,1.7051318710230532e-13,0.00037948692356103527,0.002309866817126565,0.0,0.0,0.0,0.0,0.0,0.0
10.933333333333334,0.38382977,0.002134465558720217,1.6790098405728005e-43,0.0,0.0,0.0,1.3548928959680004e-13,0.00034589995776957094,0.0017885656008151567,0.0,0.0,0.0,0.0,0.0,0.0
10.95,0.38851064,0.0016977968216451466,1.3804673015720228e-43,0.0,0.0,0.0,1.0763745916862363e-13,0.0003152448622007076,0.0013825519593368015,0.0,0.0,0.0,0.0,0.0,0.0
10.966666666666669,0.3931915,0.0013542033799562054,1.1349865603666325e-43,0.0,0.0,0.0,8.549375403194138e-14,0.00028727004385962384,0.001066932528879045,8.071320427550431e-10,0.0,0.0,0.0,0.0,0.0
10.983333333333333,0.39787233,0.0010842863658157898,9.33140531154079e-44,0.0,0.0,0.0,6.789203061702601e-14,0.0002617450355398753,0.00082203590887591,5.054213321125469e-07,0.0,0.0,0.0,0.0,0.0
11.0,0.4025532,0.0008873724234645609,7.671762599249464e-44,0.0,0.0,0.0,5.3903583402826e-14,0.0002384587721138346,0.0006323559637017033,1.655768759511943e-05,0.0,0.0,0.0,0.0,0.0
11.016666666666667,0.41191489,0.0008752735484465349,6.307177473547385e-44,0.0,0.0,0.0,4.2788972145481055e-14,0.00021721800196691654,0.0004856991776088859,0.00017235636882794342,0.0,0.0,0.0,0.0,0.0
11.033333333333331,0.4212766,0.0015404779231076777,5.185215009142494e-44,0.0,0.0,0.0,3.39595857749931e-14,0.00019784582359402497,0.00037249913135523467,0.0009701329681244585,0.0,0.0,0.0,0.0,0.0
11.05,0.43063828,0.004183900136968685,4.262754644194119e-44,0.0,0.0,0.0,2.6946982894063057e-14,0.00018018033804341571,0.00028526722242537393,0.0037184525764729476,0.0,0.0,0.0,0.0,0.0
11.066666666666666,0.44468084,0.011337634050867018,3.5043363107369373e-44,0.0,0.0,0.0,2.1378441697626522e-14,0.0001640734085236881,0.0002181539768733379,0.010955406665448614,0.0,0.0,0.0,0.0,0.0
11.083333333333334,0.4680851,0.026967099335378227,2.880800101321448e-44,0.0,0.0,0.0,1.6957466625951886e-14,0.00014938951908484497,0.00016659976701434578,0.02665111004926208,0.0,0.0,0.0,0.0,0.0
11.1,0.49148935,0.056307000639152505,2.368167396643655e-44,0.0,0.0,0.0,1.344825073217162e-14,0.00013600472484583402,0.0001270575320107753,0.05604393838228245,0.0,0.0,0.0,0.0,0.0
11.116666666666667,0.52893615,0.1053166542605685,1.9467206132804206e-44,0.0,0.0,0.0,1.0663294076543769e-14,0.00012380568676889923,9.677327702468504e-05,0.10509607529676426,0.0,0.0,0.0,0.0,0.0
11.133333333333333,0.5757447,0.17986221392966983,1.6002463282507415e-44,0.0,0.0,0.0,8.453539474862023e-15,0.00011268878447749913,7.361277854995587e-05,0.17967591236663394,0.0,0.0,0.0,0.0,0.0
11.15,0.6412766,0.28480355437243365,1.3154127879318382e-44,0.0,0.0,0.0,6.700515662608581e-15,0.00010255930108010646,5.5925121796400965e-05,0.28464506994955047,0.0,0.0,0.0,0.0,0.0
11.166666666666666,0.73021275,0.42317256210134707,1.0812579515241961e-44,0.0,0.0,0.0,5.3100808318733415e-15,9.333067439865278e-05,4.243550747013358e-05,0.42303679591947296,0.0,0.0,0.0,0.0,0.0
11.183333333333334,0.847234,0.5955905406477945,8.887684501254388e-45,0.0,0.0,0.0,4.207441717434595e-15,8.492380940872251e-05,3.216124996788635e-05,0.5954734555884137,0.0,0.0,0.0,0.0,0.0
11.2,0.9876596,0.8000078606745503,7.305333231405986e-45,0.0,0.0,0.0,3.333189088019862e-15,7.726644708047215e-05,2.4346099762389434e-05,0.7999062481277042,0.0,0.0,0.0,0.0,0.0
11.216666666666669,1.160851,1.031780534233861,6.004592571789814e-45,0.0,0.0,0.0,2.640142951304848e-15,7.029258516572754e-05,1.840900556433486e-05,1.0316918326431284,0.0,0.0,0.0,0.0,0.0
11.233333333333333,1.3574468,1.284041545697484,4.935364081799754e-45,0.0,0.0,0.0,2.0908426590325984e-15,6.394194680938985e-05,1.3904226178306577e-05,1.2839636995244943,0.0,0.0,0.0,0.0,0.0
11.25,1.5774468,1.548287453133172,4.056458252912094e-45,0.0,0.0,0.0,1.6555505246280292e-15,5.815949317317807e-05,1.0490341378306431e-05,1.5482188032986188,0.0,0.0,0.0,0.0,0.0
11.266666666666667,1.8161702,1.81508441218645,3.334010890703822e-45,0.0,0.0,0.0,1.3106642385456895e-15,5.28949765484577e-05,7.906223879055375e-06,1.8150236109860212,0.0,0.0,0.0,0.0,0.0
11.283333333333331,2.0595744,2.0747994019377844,2.7401808783756138e-45,0.0,0.0,0.0,1.0374546450615644e-15,4.8102530703318694e-05,5.9524441941549215e-06,2.074745346962886,0.0,0.0,0.0,0.0,0.0
11.3,2.298298,2.3182768601292096,2.2520793461886318e-45,0.0,0.0,0.0,8.210624149156356e-16,4.374029545871536e-05,4.476906453843853e-06,2.3182286429272962,0.0,0.0,0.0,0.0,0.0
11.316666666666666,2.518298,2.537402500485742,1.8508891434885776e-45,0.0,0.0,0.0,6.497006797600992e-16,3.9770072720282765e-05,3.3637722652345544e-06,2.537359366640756,0.0,0.0,0.0,0.0,0.0
11.333333333333334,2.7148936,2.725519795154682,1.5211408078236175e-45,0.0,0.0,0.0,5.140214810067046e-16,3.615701140755986e-05,2.524934684711962e-06,2.725481113208589,0.0,0.0,0.0,0.0,0.0
11.35,2.8834043,2.8776867178686985,1.2501172283523398e-45,0.0,0.0,0.0,4.0661248207646843e-16,3.2869318921941346e-05,1.8934661373464033e-06,2.8776519550836386,0.0,0.0,0.0,0.0,0.0
11.366666666666667,3.0051064,2.990778509981639,1.0273641380049522e-45,0.0,0.0,0.0,3.2159724227267114e-16,2.9877996979561233e-05,1.4185914255064408e-06,2.9907472133932336,0.0,0.0,0.0,0.0,0.0
11.383333333333333,3.08,3.063455362752138,8.442876297455673e-46,0.0,0.0,0.0,2.543178063223848e-16,2.715659980663716e-05,1.0618368966599953e-06,3.063427144315434,0.0,0.0,0.0,0.0,0.0
11.4,3.112766,3.096021896756684,6.9382323226533635e-46,0.0,0.0,0.0,2.0108270848759776e-16,2.4681012853321194e-05,7.940850812287114e-07,3.095996421658749,0.0,0.0,0.0,0.0,0.0
11.416666666666666,3.1034043,3.0902087164019716,5.701638274467045e-46,0.0,0.0,0.0,1.5896694944799925e-16,2.2429250328797047e-05,5.933252256236219e-07,3.090185693826417,0.0,0.0,0.0,0.0,0.0
11.433333333333334,3.051915,3.048906044242331,4.68535951197352e-46,0.0,0.0,0.0,1.2565325775080014e-16,2.0381269995944087e-05,4.4293777288275533e-07,3.048885220034562,0.0,0.0,0.0,0.0,0.0
11.45,2.9723403,2.9758765459926377,3.850158773334879e-46,0.0,0.0,0.0,9.930613897244021e-17,1.851880378920877e-05,3.3038787848117534e-07,2.97585769680097,0.0,0.0,0.0,0.0,0.0
11.466666666666669,2.8646808,2.8754699540996747,3.16378412296656e-46,0.0,0.0,0.0,7.847195924728304e-17,1.6825202935031734e-05,2.46231786745352e-07,2.875452882664953,0.0,0.0,0.0,0.0,0.0
11.483333333333333,2.738298,2.7523568552993374,2.599725851946127e-46,0.0,0.0,0.0,6.199969670287891e-17,1.528529636101675e-05,1.8336214751114963e-07,2.7523413866408286,0.0,0.0,0.0,0.0,0.0
11.5,2.5931914,2.6112937046999933,2.1361945114396077e-46,0.0,0.0,0.0,4.897809730051525e-17,1.3885261278568654e-05,1.364355523177294e-07,2.6112796830031626,0.0,0.0,0.0,0.0,0.0
11.516666666666667,2.4434042,2.4569262440448667,1.7552807579414874e-46,0.0,0.0,0.0,3.8685848548202597e-17,1.26125049146403e-05,1.0143883750940932e-07,2.4569135301011147,0.0,0.0,0.0,0.0,0.0
11.533333333333331,2.2889361,2.293634329151086,1.4422646782406062e-46,0.0,0.0,0.0,3.0552081683691166e-17,1.1455556451988924e-05,7.536091820534214e-08,2.2936227982337156,0.0,0.0,0.0,0.0,0.0
11.55,2.134468,2.1254178517959583,1.1850480093920025e-46,0.0,0.0,0.0,2.4125066978926845e-17,1.0403968314553101e-05,5.5944770186862994e-08,2.1254073918828738,0.0,0.0,0.0,0.0,0.0
11.566666666666666,1.98,1.9558209978899925,9.736873951054558e-47,0.0,0.0,0.0,1.9047407065661735e-17,9.44822600565729e-06,4.1500202868424565e-08,1.955811508163784,0.0,0.0,0.0,0.0,0.0
11.583333333333334,1.8348936,1.7878904584173383,8.000107062441364e-47,0.0,0.0,0.0,1.5036382928199392e-17,8.57966577219492e-06,3.07626831049014e-08,1.787881847988883,0.0,0.0,0.0,0.0,0.0
11.6,1.694468,1.6241622940913933,6.57301648747536e-47,0.0,0.0,0.0,1.1868385000882002e-17,7.79039942819122e-06,2.278700072041165e-08,1.6241544809049644,0.0,0.0,0.0,0.0,0.0
11.616666666666667,1.5587233,1.4666718162906343,5.400405099337698e-47,0.0,0.0,0.0,9.36658240323991e-18,7.07324572654454e-06,1.6867263376887795e-08,1.4666647261776444,0.0,0.0,0.0,0.0,0.0
11.633333333333333,1.4370213,1.3169809477283336,4.436910547159348e-47,0.0,0.0,0.0,7.391158486239781e-18,6.4216677187093595e-06,1.2476764829548767e-08,1.31697451358385,0.0,0.0,0.0,0.0,0.0
11.65,1.3246808,1.1762179365370935,3.6452535976420685e-47,0.0,0.0,0.0,5.831579887140527e-18,5.8297155889175794e-06,9.22283650367814e-09,1.176212097598668,0.0,0.0,0.0,0.0,0.0
11.666666666666666,1.2170212,1.0451249030910557,2.994798343128546e-47,0.0,0.0,0.0,4.600476624229011e-18,5.291974492583279e-06,6.812983012596159e-09,1.04511960430358,0.0,0.0,0.0,0.0,0.0
11.683333333333334,1.1234043,0.924109405962416,2.4603687727312276e-47,0.0,0.0,0.0,3.628798309876348e-18,4.803516968072379e-06,5.029506387624602e-09,0.9241045974159415,0.0,0.0,0.0,0.0,0.0
11.7,1.034468,0.8132969488466355,2.0212760772710572e-47,0.0,0.0,0.0,2.861981013612961e-18,4.359859527333265e-06,3.7105094511961434e-09,0.8132925852765988,0.0,0.0,0.0,0.0,0.0
11.716666666666669,0.9548936,0.7125820682054785,1.6605191769909725e-47,0.0,0.0,0.0,2.256914395341387e-18,3.95692306421727e-06,2.7356880630454546e-09,0.7125781011768263,7.3698998633266964e-09,0.0,0.0,0.0,0.0
11.733333333333333,0.88468087,0.6216772798366526,1.3641276354366165e-47,0.0,0.0,0.0,1.779542415259126e-18,3.590996749914491e-06,2.015714778205933e-09,0.621672639313113,1.047511074830893e-06,0.0,0.0,0.0,0.0
11.75,0.82382977,0.540168840140369,1.1206216101949911e-47,0.0,0.0,0.0,1.4029655650163512e-18,3.2587051129967902e-06,1.4843132222484296e-09,0.5401482967570874,1.728319385538473e-05,0.0,0.0,0.0,0.0
11.766666666666667,0.76765954,0.46759748916555444,9.205680024227899e-48,0.0,0.0,0.0,1.1059400232272982e-18,2.9569780273108643e-06,1.0923464301123866e-09,0.46747644845675884,0.00011808263842182746,0.0,0.0,0.0,0.0
11.783333333333331,0.72085106,0.403561516744245,7.562156758125164e-48,0.0,0.0,0.0,8.716909017670732e-19,2.683023354568073e-06,8.034111858427587e-10,0.40306116634680306,0.0004976665706761671,0.0,0.0,0.0,0.0
11.8,0.6787234,0.34781501465698095,6.211956645567423e-48,0.0,0.0,0.0,6.869739955180563e-19,2.434302010123715e-06,5.905574800393854e-10,0.3462673900255892,0.0015451897388240952,0.0,0.0,0.0,0.0
11.816666666666666,0.6412766,0.30033175553299124,5.1027479630699197e-48,0.0,0.0,0.0,5.413341124816307e-19,2.2085052402733626e-06,4.338477724452585e-10,0.29644407382711985,0.003885472766783367,0.0,0.0,0.0,0.0
11.833333333333334,0.6131915,0.2613175562038675,4.191532165673329e-48,0.0,0.0,0.0,4.265188855088341e-19,2.003533917565283e-06,3.1854254436942283e-10,0.2529426842110244,0.008372868140382959,0.0,0.0,0.0,0.0
11.85,0.58978724,0.23116977169833208,3.4429799474423844e-48,0.0,0.0,0.0,3.360155400746638e-19,1.8174796772791162e-06,2.337525068559014e-10,0.2151315136909297,0.01603644029397261,0.0,0.0,0.0,0.0
11.866666666666667,0.56638294,0.2103950190897888,2.8280638441150946e-48,0.0,0.0,0.0,2.646848815315915e-19,1.6486077334637677e-06,1.7143822513251483e-10,0.18240632429846954,0.027987046012147583,0.0,0.0,0.0,0.0
11.883333333333333,0.5476596,0.19950300242674002,2.322934548741382e-48,0.0,0.0,0.0,2.0847214052212028e-19,1.495341226888028e-06,1.2566817347806628e-10,0.15419784530085584,0.04530366165898911,0.0,0.0,0.0,0.0
11.9,0.5382979,0.19889569564561632,1.9079975191349237e-48,0.0,0.0,0.0,1.6417857039395464e-19,1.3562469700336585e-06,9.206887107823318e-11,0.12997663582564387,0.06891770348093355,0.0,0.0,0.0,0.0
11.916666666666666,0.533617,0.20876861831896903,1.5671541891926952e-48,0.0,0.0,0.0,1.2928105838648665e-19,1.230022465954701e-06,6.74176704389728e-11,0.10925579110864565,0.09951159712043975,0.0,0.0,0.0,0.0
11.933333333333334,0.533617,0.22903623769821946,1.2871784526165949e-48,0.0,0.0,0.0,1.0178967759962293e-19,1.1154840885249366e-06,4.934140682142035e-11,0.09159192778248226,0.13744319438230726,0.0,0.0,0.0,0.0
11.95,0.5382979,0.2592881380515029,1.0572043123169308e-48,0.0,0.0,0.0,8.013521558041862e-20,1.0115563213829117e-06,3.6093546046555114e-11,0.07658483414439286,0.18270229231469512,0.0,0.0,0.0,0.0
11.966666666666669,0.5476596,0.29877757516914427,8.683048832018285e-49,0.0,0.0,0.0,6.308038366157699e-20,9.172619618341702e-07,2.6389497030816422e-11,0.06387611965041239,0.23490053823038057,0.0,0.0,0.0,0.0
11.983333333333333,0.56170213,0.34644000109936013,7.131464657549827e-49,0.0,0.0,0.0,4.964973077309041e-20,8.317132041553814e-07,1.9284990827448453e-11,0.05314714689257107,0.2932920224742999,0.0,0.0,0.0,0.0
12.0,0.5851064,0.4009363577250112,5.8570430889699535e-49,0.0,0.0,0.0,3.907432904671961e-20,7.541035242264641e-07,1.4086324121634294e-11,0.04411648105052633,0.3568191225568743,0.0,0.0,0.0,0.0
12.016666666666667,0.6085106,0.4607143921508662,4.8102906502479884e-49,0.0,0.0,0.0,3.0748123736744324e-20,6.837002942568575e-07,1.0284162231595533e-11,0.03653704757134527,0.4241766608689425,0.0,0.0,0.0,0.0
12.033333333333331,0.6365957,0.5240807752765471,3.950548998113255e-49,0.0,0.0,0.0,2.419349239136436e-20,6.198380626205561e-07,7.504749131994173e-12,0.030193149352292007,0.49388700607868763,0.0,0.0,0.0,0.0
12.05,0.6693617,0.5892771618566645,3.2444182995179675e-49,0.0,0.0,0.0,1.9034073930611253e-20,5.619124395257152e-07,5.4739699588268305e-12,0.02489746028061027,0.5643791396581407,0.0,0.0,0.0,0.0
12.066666666666666,0.70212764,0.6545542515415987,2.6644618571880063e-49,0.0,0.0,0.0,1.4973335894803656e-20,5.093745344607416e-07,3.990896805928404e-12,0.020488082603130387,0.634065659559943,0.0,0.0,0.0,0.0
12.083333333333334,0.73957443,0.7182391516210455,2.1881418303370418e-49,0.0,0.0,0.0,1.1777670238515077e-20,4.6172589612273664e-07,2.9083272410325693e-12,0.016825731019818803,0.7014129588724222,0.0,0.0,0.0,0.0
12.1,0.7817021,0.7787927005109248,1.796944837787075e-49,0.0,0.0,0.0,9.263062554307511e-21,4.1851390988566977e-07,2.118475738637591e-12,0.013791086240492828,0.7650011957544036,0.0,0.0,0.0,0.0
12.116666666666667,0.8191489,0.8348547330478541,1.4756635778216923e-49,0.0,0.0,0.0,7.284580675911784e-21,3.7932761183739034e-07,1.5424598800994142e-12,0.01128234455324191,0.8235720091654578,0.0,0.0,0.0,0.0
12.133333333333333,0.86127657,0.8852764500902874,1.2118066368944723e-49,0.0,0.0,0.0,5.7280874317067594e-21,3.437938820413635e-07,1.1225793997371528e-12,0.009212977232899124,0.8760631290623837,0.0,0.0,0.0,0.0
12.15,0.90340424,0.929140034917684,9.951136210406248e-50,0.0,0.0,0.0,4.503707753607688e-21,3.115739829885986e-07,8.166494340830417e-13,0.007509703872631653,0.9216300194702528,0.0,0.0,0.0,0.0
12.166666666666666,0.9361702,0.9657664118507154,8.171568212134307e-50,0.0,0.0,0.0,3.540679398252721e-21,2.8236041222605065e-07,5.938437780133903e-13,0.006110676477653155,0.9596554530120562,0.0,0.0,0.0,0.0
12.183333333333334,0.96893615,0.9947125691482569,6.710139743458733e-50,0.0,0.0,0.0,2.7832947445458044e-21,2.5587404090357586e-07,4.31647463995878e-13,0.004963865979557698,0.9897484472942266,0.0,0.0,0.0,0.0
12.2,0.99702126,1.0157601873514859,5.509994352329984e-50,0.0,0.0,0.0,2.1877028721247187e-21,2.318615124961935e-07,3.136238301966676e-13,0.004025639319983678,1.0117343161696761,0.0,0.0,0.0,0.0
12.216666666666669,1.0204256,1.0288974554562071,4.5244333676754e-50,0.0,0.0,0.0,1.7193898594659475e-21,2.1009287825167218e-07,2.277792626577785e-13,0.0032595130685667806,1.0256377322945343,0.0,0.0,0.0,0.0
12.233333333333333,1.034468,1.0342959552919608,3.7151017512668975e-50,0.0,0.0,0.0,1.3511937027902806e-21,1.9035944800550736e-07,1.6536626625485285e-13,0.0026350683864238113,1.0316606965459236,0.0,0.0,0.0,0.0
12.25,1.0391489,1.0322843847512893,3.050497840865392e-50,0.0,0.0,0.0,1.0617406084994115e-21,1.7247183691257323e-07,1.200078246742357e-13,0.00212701177311076,1.0301572005062216,0.0,0.0,0.0,0.0
12.266666666666667,1.034468,1.023320706356821,2.504749178223064e-50,0.0,0.0,0.0,8.342133597531619e-22,1.5625819038425342e-07,8.705713305336216e-14,0.0017143662355328213,1.0216061838630108,0.0,0.0,0.0,0.0
12.283333333333331,1.0251064,1.007964078396598,2.0566069288921336e-50,0.0,0.0,0.0,6.553813505165571e-22,1.415625711050808e-07,6.312966987908167e-14,0.0013797781235494408,1.0065841587104143,0.0,0.0,0.0,0.0
12.3,1.0017021,0.9868476758914408,1.6886198747963355e-50,0.0,0.0,0.0,5.148367831027616e-22,1.2824349344839262e-07,4.5761388955503595e-14,0.0011089257548196816,0.9857386218930819,0.0,0.0,0.0,0.0
12.316666666666666,0.9782979,0.9606532571857096,1.386455923072882e-50,0.0,0.0,0.0,4.043932790274255e-22,1.1617259192764193e-07,3.315915993280281e-14,0.0008900169955960694,0.9597631240174884,0.0,0.0,0.0,0.0
12.333333333333334,0.94085103,0.9300880931878286,1.138344795280036e-50,0.0,0.0,0.0,3.176124220277248e-22,1.05233411520263e-07,2.401864827648656e-14,0.000713364094090014,0.929374623860303,0.0,0.0,0.0,0.0
12.35,0.90340424,0.8958646599512482,9.346202611670349e-51,0.0,0.0,0.0,2.494310607231027e-22,9.532030879486157e-08,1.739147297150377e-14,0.0005710252184358577,0.8952935394124861,0.0,0.0,0.0,0.0
12.366666666666667,0.85659575,0.8586833072624332,7.673441427705943e-51,0.0,0.0,0.0,1.9586796049460227e-22,8.633745376874784e-08,1.2588353518610259e-14,0.00045650328848015055,0.8582267176364867,0.0,0.0,0.0,0.0
12.383333333333333,0.8097872,0.8192179589541356,6.299974872066139e-51,0.0,0.0,0.0,1.537929364148846e-22,7.819792333063856e-08,9.10852843654624e-15,0.0003644937792496992,0.8188533869769535,0.0,0.0,0.0,0.0
12.4,0.76297873,0.778104775136694,5.172269130275251e-51,0.0,0.0,0.0,1.2074517926199164e-22,7.082287788998353e-08,6.5883422996135004e-15,0.0002906741940881084,0.7778140301197214,0.0,0.0,0.0,0.0
12.416666666666666,0.7114894,0.7359336110226686,4.246362764032932e-51,0.0,0.0,0.0,9.479030821305563e-23,6.414081366737104e-08,4.7638121692802835e-15,0.00023152884528084,0.7357020180365693,0.0,0.0,0.0,0.0
12.433333333333334,0.66468084,0.6932420388970959,3.486155626180046e-51,0.0,0.0,0.0,7.440790721823377e-23,5.808688372600482e-08,3.443384309579202e-15,0.0001842034337995943,0.6930577773764092,0.0,0.0,0.0,0.0
12.45,0.61787236,0.6505116557232477,2.862003536332004e-51,0.0,0.0,0.0,5.840305389466843e-23,5.2602281468563886e-08,2.488115719112163e-15,0.000146384686378308,0.6503652184345854,0.0,0.0,0.0,0.0
12.466666666666669,0.5710638,0.6081663751918573,2.3495640976797687e-51,0.0,0.0,0.0,4.5836729902528274e-23,4.7633680892014684e-08,1.7972630771874136e-15,0.00011620098947127543,0.6080501265687034,0.0,0.0,0.0,0.0
12.483333333333333,0.52893615,0.5665723959872226,1.9288487891247426e-51,0.0,0.0,0.0,3.597108891408442e-23,4.3132728410343615e-08,1.2978081046864611e-15,9.214055990700231e-05,0.5664802122945859,0.0,0.0,0.0,0.0
12.5,0.49148935,0.5260395440745838,1.5834444794075728e-51,0.0,0.0,0.0,2.8226414552665944e-23,3.9055581525998094e-08,9.368472491792318e-16,7.298421678710955e-05,0.5259665208022142,0.0,0.0,0.0,0.0
12.516666666666667,0.45404255,0.4868237026248287,1.2998740919468138e-51,0.0,0.0,0.0,2.214727501622638e-23,3.536249005944555e-08,6.760646918832215e-16,5.775027471844013e-05,0.48676591698761956,0.0,0.0,0.0,0.0
12.533333333333331,0.41659573,0.44913006587526977,1.0670715559827288e-51,0.0,0.0,0.0,1.7375912101300816e-23,3.2017416036173933e-08,4.877199829935523e-16,4.564947146611657e-05,0.44908438438638715,0.0,0.0,0.0,0.0
12.55,0.38382977,0.4131169802927933,8.75950621094245e-52,0.0,0.0,0.0,1.3631320427038272e-23,2.898768868535406e-08,3.5173638967713277e-16,3.6048180242360226e-05,0.4130809031248619,0.0,0.0,0.0,0.0
12.566666666666666,0.35106382,0.37890016579547564,7.190507605190402e-52,0.0,0.0,0.0,1.069280179955396e-23,2.6243691327224124e-08,2.535888252333356e-16,2.843844454500977e-05,0.37887170110723906,0.0,0.0,0.0,0.0
12.583333333333334,0.3229787,0.34655713984998376,5.902463855442148e-52,0.0,0.0,0.0,8.387038746551324e-24,2.3758577219932633e-08,1.8277237470289324e-16,2.241361780795158e-05,0.3465347024735984,0.0,0.0,0.0,0.0
12.6,0.29957446,0.31613169672347335,4.845080548590639e-52,0.0,0.0,0.0,6.5779351770045806e-24,2.1508011703783546e-08,1.3169223730728662e-16,1.7648596740773113e-05,0.31611402661872073,0.0,0.0,0.0,0.0
12.616666666666667,0.27617022,0.2876383220922578,3.977063847176643e-52,0.0,0.0,0.0,5.158632608212603e-24,1.9469938223782477e-08,9.485942662903044e-17,1.3883811227836475e-05,0.2876244188110917,0.0,0.0,0.0,0.0
12.633333333333333,0.2574468,0.26106644895108766,3.2645102655622618e-52,0.0,0.0,0.0,4.045236691318058e-24,1.7624366032410565e-08,6.830822582434146e-17,1.0912279618815918e-05,0.2610555190471027,0.0,0.0,0.0,0.0
12.65,0.2387234,0.2363844839217475,2.6795844283187987e-52,0.0,0.0,0.0,3.17188813292594e-24,1.5953177575497475e-08,4.917441181263078e-17,8.569160251013272e-06,0.23637589880831886,0.0,0.0,0.0,0.0
12.666666666666666,0.22,0.21354355342273856,2.199433322770005e-52,0.0,0.0,0.0,2.486890285598547e-24,1.4439953746821972e-08,3.538999021906223e-17,6.723331686683557e-06,0.2135368156510981,0.0,0.0,0.0,0.0
12.683333333333334,0.2106383,0.19248093668115546,1.8052947601489415e-52,0.0,0.0,0.0,1.9496671764507366e-24,1.3069815363198307e-08,2.5462335084500325e-17,5.270618557052522e-06,0.19247565299278302,0.0,0.0,0.0,0.0
12.7,0.19659574,0.17312316731047067,1.4817653181133176e-52,0.0,0.0,0.0,1.528374114075852e-24,1.1829279362869453e-08,1.8314451949312332e-17,4.128349791120635e-06,0.17311902713140018,0.0,0.0,0.0,0.0
12.716666666666669,0.18255319,0.15538879729417593,1.2161992450892647e-52,0.0,0.0,0.0,1.1980210569606864e-24,1.0706128367323957e-08,1.3169488479267655e-17,3.230993705936936e-06,0.1553855555943416,0.0,0.0,0.0,0.0
12.733333333333333,0.17319149,0.13919082691407603,9.982149053371714e-53,0.0,0.0,0.0,9.389988434950098e-25,9.689292371474012e-09,9.467264592246696e-18,2.526661943025425e-06,0.13918829056284063,0.0,0.0,0.0,0.0
12.75,0.16382979,0.12443881168582646,8.192895309010236e-53,0.0,0.0,0.0,7.359219078878324e-25,8.768741440557978e-09,6.803965092297264e-18,1.974313252598077e-06,0.12443682860383241,0.0,0.0,0.0,0.0
12.766666666666667,0.15446809,0.11104066297351795,6.72426485515111e-53,0.0,0.0,0.0,5.767196018900056e-25,7.935388395235343e-09,4.88858189406581e-18,1.5415200924456e-06,0.1110391135180371,0.0,0.0,0.0,0.0
12.783333333333331,0.14510638,0.09890416291141403,5.518820697859808e-53,0.0,0.0,0.0,4.519227826192671e-25,7.18100056001437e-09,3.511464246114604e-18,1.202687135309615e-06,0.09890295304327816,0.0,0.0,0.0,0.0
12.8,0.14042553,0.08793821682012308,4.529412163840864e-53,0.0,0.0,0.0,3.541037566354289e-25,6.498119735286154e-09,2.521618631587395e-18,9.376320858482184e-07,0.0879372726899175,0.0,0.0,0.0,0.0
12.816666666666666,0.13106383,0.07805386770607524,3.717333287699445e-53,0.0,0.0,0.0,2.7743665422711236e-25,5.8799896305839265e-09,1.81032936728416e-18,7.304565479160782e-07,0.07805313136953769,0.0,0.0,0.0,0.0
12.833333333333334,0.12638298,0.06916509789770467,3.0508108124001955e-53,0.0,0.0,0.0,2.1735236840480076e-25,5.3204900669475565e-09,1.2993437037652251e-18,5.686487647068023e-07,0.06916452392844989,0.0,0.0,0.0,0.0
12.85,0.12170213,0.06118944259742063,2.503762826700309e-53,0.0,0.0,0.0,1.702677415396342e-25,4.8140773201184056e-09,9.323521011314994e-19,4.423714679109215e-07,0.0611889954118754,0.0,0.0,0.0,0.0
12.866666666666667,0.11702128,0.05404843928895557,2.0547796123775512e-53,0.0,0.0,0.0,1.3337304234015954e-25,4.355730034265816e-09,6.688465638506622e-19,3.438973054747352e-07,0.054048091035920065,0.0,0.0,0.0,0.0
12.883333333333333,0.11234043,0.04766793568594612,1.686286936830493e-53,0.0,0.0,0.0,1.0446520125257015e-25,3.940900188621511e-09,4.796946198236728e-19,2.671617736431923e-07,0.04766766458327229,0.0,0.0,0.0,0.0
12.9,0.10765957,0.041978277366769234,1.383859140252255e-53,0.0,0.0,0.0,8.181696338714759e-26,3.5654686472290927e-09,3.439506538036652e-19,2.0740958926728664e-07,0.04197806639171132,0.0,0.0,0.0,0.0
12.916666666666666,0.10297872,0.03691439451906224,1.135655208027979e-53,0.0,0.0,0.0,6.407423195725716e-26,3.225704865460624e-09,2.465593640993264e-19,1.6091527499961108e-07,0.03691423037808238,0.0,0.0,0.0,0.0
12.933333333333334,0.09829787,0.032415805401252135,9.319558156992927e-54,0.0,0.0,0.0,5.0175535583630766e-26,2.9182303664000342e-09,1.767022344736982e-19,1.2476261580274935e-07,0.03241567772040597,0.0,0.0,0.0,0.0
12.95,0.09829787,0.028426552286869782,7.647832725905452e-54,0.0,0.0,0.0,3.9288856841556263e-26,2.6399856360162842e-09,1.2660733003867508e-19,9.667076214619215e-08,0.028426452976122,0.0,0.0,0.0,0.0
12.966666666666669,0.09361702,0.02489508384373402,6.275895243933377e-54,0.0,0.0,0.0,3.076208349193203e-26,2.388200118572627e-09,9.069283996634264e-20,7.485725166796389e-08,0.024895006598282234,0.0,0.0,0.0,0.0
12.983333333333333,0.09361702,0.021774096154550667,5.1500003065174885e-54,0.0,0.0,0.0,2.4084147969419122e-26,2.160365023249262e-09,6.495095674548616e-20,5.793021751247631e-08,0.021774036063968133,0.0,0.0,0.0,0.0
13.0,0.08893617,0.019020342936781953,4.226035136397562e-54,0.0,0.0,0.0,1.885455207638149e-26,1.9542086797625958e-09,4.65047746652484e-20,4.480364586519397e-08,0.019020296178927407,0.0,0.0,0.0,0.0
13.016666666666667,0.08893617,0.0165944239873942,3.4677936554763944e-54,0.0,0.0,0.0,1.4759469519304603e-26,1.7676742051029443e-09,3.3289709212614014e-20,3.463081661504168e-08,0.016594387588903383,0.0,0.0,0.0,0.0
13.033333333333331,0.08893617,0.014460559473832731,2.845559709656041e-54,0.0,0.0,0.0,1.1553008049382045e-26,1.59889926559935e-09,2.382450761402111e-20,2.6752073615814523e-08,0.01446053112285985,0.0,0.0,0.0,0.0
13.05,0.08893617,0.012586356422020968,2.33494408677227e-54,0.0,0.0,0.0,9.042518412552629e-27,1.4461977385723484e-09,1.7046700658997067e-20,2.0653876341143675e-08,0.012586334321946889,0.0,0.0,0.0,0.0
13.066666666666666,0.08893617,0.010942572615917568,1.9159298780306455e-54,0.0,0.0,0.0,7.077077050497047e-27,1.3080430960327582e-09,1.2194392919120846e-20,1.593672442577344e-08,0.010942555371150046,0.0,0.0,0.0,0.0
13.083333333333334,0.08893617,0.00950288211824306,1.5720888700722893e-54,0.0,0.0,0.0,5.5384576412770444e-27,1.1830533493978504e-09,8.721364677855053e-21,1.2290054094015775e-08,0.009502868645135616,0.0,0.0,0.0,0.0
13.1,0.084255315,0.00824364574275101,1.2899383352773638e-54,0.0,0.0,0.0,4.334054214951805e-27,1.069977409185312e-09,6.2361143701855195e-21,9.472607626797001e-09,0.008243635200165975,0.0,0.0,0.0,0.0
13.116666666666667,0.084255315,0.007143689047185961,1.058413072677067e-54,0.0,0.0,0.0,3.391334433504179e-27,9.676827272429738e-10,4.458101943521234e-21,7.297095310808445e-09,0.007143680782407923,0.0,0.0,0.0,0.0
13.133333333333333,0.084255315,0.006184089764105591,8.684320548607106e-55,0.0,0.0,0.0,2.6534925238242982e-27,8.751441014130631e-10,3.1863475162105732e-21,5.618220946983225e-09,0.006184083270740542,0.0,0.0,0.0,0.0
13.15,0.079574466,0.0053479760344643905,7.125427331943221e-55,0.0,0.0,0.0,2.0760426662527124e-27,7.914335337249452e-10,2.276902397149359e-21,4.32334071010484e-09,0.005347970919690147,0.0,0.0,0.0,0.0
13.166666666666666,0.079574466,0.004620336346526006,5.8462908877169954e-55,0.0,0.0,0.0,1.6241495845494566e-27,7.157110433682816e-10,1.6266896881833454e-21,3.325181906429372e-09,0.004620332305633056,0.0,0.0,0.0,0.0
13.183333333333334,0.079574466,0.003987841700533608,4.796720082380517e-55,0.0,0.0,0.0,1.2705369651777422e-27,6.472163449129976e-10,1.1619165031789515e-21,2.5561717014654443e-09,0.003987838497145562,0.0,0.0,0.0,0.0
13.2,0.074893616,0.0034386802082323076,3.935526092179022e-55,0.0,0.0,0.0,9.93848752003103e-28,5.852613106020767e-10,8.297665123969639e-22,1.964023129858084e-09,0.003438677658947867,0.0,0.0,0.0,0.0
13.216666666666669,0.074893616,0.0029624040868375446,3.2289081939238625e-55,0.0,0.0,0.0,7.773653556431758e-28,5.292231431253904e-10,5.924456580717207e-22,1.5083021703482536e-09,0.002962402049312231,0.0,0.0,0.0,0.0
13.233333333333333,0.07021277,0.0025497888110555416,2.6491289187346207e-55,0.0,0.0,0.0,6.079979848295407e-28,4.785381921609791e-10,4.2291551401298496e-22,1.1577597481301593e-09,0.002549787174757601,0.0,0.0,0.0,0.0
13.25,0.07021277,0.0021927040365849275,2.173426712434742e-55,0.0,0.0,0.0,4.755009058950751e-28,4.326963542075695e-10,3.018366861172149e-22,8.882596831096087e-10,0.0021927027156288903,0.0,0.0,0.0,0.0
13.266666666666667,0.07021277,0.0018839957972110423,1.783123536687406e-55,0.0,0.0,0.0,3.718544511696715e-28,3.9123600089038104e-10,2.153795986891026e-22,6.811705808916036e-10,0.0018839947248044605,0.0,0.0,0.0,0.0
13.283333333333331,0.06553192,0.0016173793988556843,1.4628924713994758e-55,0.0,0.0,0.0,2.9078180070628008e-28,3.5373938605215886e-10,1.5365689187000361e-22,5.221186340804007e-10,0.001617378522997664,0.0,0.0,0.0,0.0
13.3,0.06553192,0.0013873423822221443,1.2001566393622212e-55,0.0,0.0,0.0,2.2737056088331533e-28,3.198284865946392e-10,1.0960118863439019e-22,4.0002097849270637e-10,0.0013873416623726791,0.0,0.0,0.0,0.0
13.316666666666666,0.060851064,0.0011890568960638145,9.845959131185832e-56,0.0,0.0,0.0,1.7777643381945416e-28,2.8916123625446353e-10,7.816188239277362e-23,3.063369839838342e-10,0.0011890563005655943,0.0,0.0,0.0,0.0
13.333333333333334,0.060851064,0.0010183008113402202,8.077420824701298e-56,0.0,0.0,0.0,1.3899118640888242e-28,2.6142811532290725e-10,5.573038684395323e-23,2.3448871793833036e-10,0.001018300315423387,0.0,0.0,0.0,0.0
13.35,0.060851064,0.0008713869089274587,6.626466237336486e-56,0.0,0.0,0.0,1.0866097986886774e-28,2.363490627876985e-10,3.972895774593401e-23,1.7941263948973252e-10,0.0008713864931657564,0.0,0.0,0.0,0.0
13.366666666666667,0.056170214,0.0007450994869570031,5.43608054165414e-56,0.0,0.0,0.0,8.494413956399523e-29,2.136706805195988e-10,2.831660007157845e-23,1.3721302345195156e-10,0.0007450991360732992,0.0,0.0,0.0,0.0
13.383333333333333,0.056170214,0.000636637755608017,4.459481880185834e-56,0.0,0.0,0.0,6.639981057521246e-29,1.931637019776937e-10,2.017876615151804e-23,1.0489419263146524e-10,0.0006366374575501224,0.0,0.0,0.0,0.0
13.4,0.056170214,0.0005435654150250704,3.658285256973315e-56,0.0,0.0,0.0,5.190079819283243e-29,1.746207004916896e-10,1.4377004430060127e-23,8.015376203886397e-11,0.0005435651602506079,0.0,0.0,0.0,0.0
13.416666666666666,0.056170214,0.0004637658441214008,3.0009957931056443e-56,0.0,0.0,0.0,4.05653449272074e-29,1.578540145226338e-10,1.0241491961413492e-23,6.12230871575494e-11,0.00046376562504429913,0.0,0.0,0.0,0.0
13.433333333333334,0.056170214,0.0003954023628281653,2.4617722808089377e-56,0.0,0.0,0.0,3.170373353513034e-29,1.42693869427038e-10,7.2942356071057e-24,4.6744210432920204e-11,0.00039540217339008543,0.0,0.0,0.0,0.0
13.45,0.05148936,0.0003368830666297833,2.0194125599844635e-56,0.0,0.0,0.0,2.477649699217723e-29,1.2898667717454855e-10,5.194201423404473e-24,3.567501083541839e-11,0.0003368829019680953,0.0,0.0,0.0,0.0
13.466666666666669,0.05148936,0.0002868297689958834,1.6565209324923183e-56,0.0,0.0,0.0,1.936171463455521e-29,1.165934972139001e-10,3.698119347260564e-24,2.7216133442820977e-11,0.00028682962518625276,0.0,0.0,0.0,0.0
13.483333333333333,0.05148936,0.0002440506238110741,1.3588249630239603e-56,0.0,0.0,0.0,1.5129420653673711e-29,1.0538864326334058e-10,2.6324909106324642e-24,2.075472878918374e-11,0.00024405049766770205,0.0,0.0,0.0,0.0
13.5,0.05148936,0.00020751603551982537,1.1146148702387312e-56,0.0,0.0,0.0,1.1821579517566498e-29,9.525842223466133e-11,1.8736019774175633e-24,1.582115836671503e-11,0.00020751592444024478,0.0,0.0,0.0,0.0
13.516666666666667,0.05148936,0.0001763374990060136,9.142835171175796e-57,0.0,0.0,0.0,9.236418394035031e-30,8.60999927988706e-11,1.3332541909912403e-24,1.2055695775237374e-11,0.00017633740085032504,0.0,0.0,0.0,0.0
13.533333333333331,0.05148936,0.000149749043896346,7.499489532891316e-57,0.0,0.0,0.0,7.216169383340983e-30,7.782033227827644e-11,9.48580960384843e-25,9.182929193219446e-12,0.00014974895689308452,0.0,0.0,0.0,0.0
13.55,0.05148936,0.0001270909888029672,6.151446988210966e-57,0.0,0.0,0.0,5.637480101546352e-30,7.033530161630831e-11,6.747801891831995e-25,6.99209416972273e-12,0.0001270909114755714,0.0,0.0,0.0,0.0
13.566666666666666,0.056170214,0.00010779573987148466,5.0456561536525106e-57,0.0,0.0,0.0,4.40391224345198e-30,6.356879914270725e-11,4.799294052913678e-25,5.3219705013173135e-12,0.00010779567098071501,0.0,0.0,0.0,0.0
13.583333333333334,0.056170214,9.137539481375788e-05,4.1385939062416504e-57,0.0,0.0,0.0,3.440073875851482e-30,5.745199472719542e-11,3.412873140379755e-25,4.049289825081609e-12,9.137533331247334e-05,0.0,0.0,0.0,0.0
13.6,0.056170214,7.74109383700357e-05,3.394554512585927e-57,0.0,0.0,0.0,2.687029950327247e-30,5.1922636708119986e-11,2.4265615127946067e-25,3.079842243033365e-12,7.741088336755675e-05,0.0,0.0,0.0,0.0
13.616666666666667,0.060851064,6.554283789134258e-05,2.78424587651657e-57,0.0,0.0,0.0,2.0987128199227415e-30,4.6924424701157745e-11,1.725009359069047e-25,2.34165687656225e-12,6.554278862526099e-05,0.0,0.0,0.0,0.0
13.633333333333333,0.060851064,5.5462868522035275e-05,2.283637789192712e-57,0.0,0.0,0.0,1.6391150484800108e-30,4.240644204434443e-11,1.2260867701747294e-25,1.7797752080882134e-12,5.546282433581802e-05,0.0,0.0,0.0,0.0
13.65,0.060851064,4.690701637625679e-05,1.8730169541119397e-57,0.0,0.0,0.0,1.2800941592916119e-30,3.8322642225472403e-11,8.713269723428943e-26,1.3522470735512981e-12,4.6906976701367496e-05,0.0,0.0,0.0,0.0
13.666666666666666,0.060851064,3.964932523947226e-05,1.5362116743924897e-57,0.0,0.0,0.0,9.996560349697092e-31,3.463138417226206e-11,6.191158241346649e-26,1.0270647169518929e-12,3.964928958102337e-05,0.0,0.0,0.0,0.0
13.683333333333334,0.060851064,3.3496567795270815e-05,1.2599557489856173e-57,0.0,0.0,0.0,7.806126880301351e-31,3.129501176966837e-11,4.3983929999906076e-26,7.798162084800629e-13,3.349653572044284e-05,0.0,0.0,0.0,0.0
13.7,0.060851064,2.8283636292274458e-05,1.0333665891998059e-57,0.0,0.0,0.0,6.095328217518559e-31,2.8279473407123875e-11,3.124266825496457e-26,5.918902494409167e-13,2.82836074209108e-05,0.0,0.0,0.0,0.0
13.716666666666669,0.060851064,2.386956004188464e-05,8.475170512781414e-58,0.0,0.0,0.0,4.759213637222094e-31,2.5553977755568905e-11,2.2188846908170935e-26,4.491034107955706e-13,2.3869534038803476e-05,0.0,0.0,0.0,0.0
13.733333333333333,0.060851064,2.0134068290113192e-05,6.950841606101748e-58,0.0,0.0,0.0,3.715780530171827e-31,2.3090682333798442e-11,1.575630738023081e-26,3.4065085948560603e-13,2.0134044858779998e-05,0.0,0.0,0.0,0.0
13.75,0.060851064,1.6974626948126465e-05,5.7006092276373744e-58,0.0,0.0,0.0,2.900960361416358e-31,2.0864411749344426e-11,1.1186849796806911e-26,2.583046887422888e-13,1.6974605825410028e-05,0.0,0.0,0.0,0.0
13.766666666666667,0.060851064,1.4303886504803265e-05,4.675198943255088e-58,0.0,0.0,0.0,2.264699342159977e-31,1.8852402794138562e-11,7.941368902864628e-27,1.9580168359264355e-13,1.4303867456598787e-05,0.0,0.0,0.0,0.0
13.783333333333331,0.056170214,1.2047486283275977e-05,3.834192197219034e-58,0.0,0.0,0.0,1.7678949914539003e-31,1.7034073842311504e-11,5.636606015227803e-27,1.4837595351067973e-13,1.2047469100826182e-05,0.0,0.0,0.0,0.0
13.8,0.056170214,1.014216713921386e-05,3.1444350852229844e-58,0.0,0.0,0.0,1.3800018252551418e-31,1.5390816239422456e-11,4.000140725711553e-27,1.1240230089452183e-13,1.014215163599532e-05,0.0,0.0,0.0,0.0
13.816666666666666,0.056170214,8.534150821883216e-06,2.5787329665506272e-58,0.0,0.0,0.0,1.0771601313872737e-31,1.3905805591478517e-11,2.8383678049943985e-27,8.512419885778688e-14,8.534136830953426e-06,0.0,0.0,0.0,0.0
13.833333333333334,0.05148936,7.17774961371977e-06,2.114779582099929e-58,0.0,0.0,0.0,8.407336384603219e-32,1.2563831060449617e-11,2.0137168729104725e-27,6.444638838535065e-14,7.177736985442321e-06,0.0,0.0,0.0,0.0
13.85,0.05148936,6.034174607593991e-06,1.734278561437743e-58,0.0,0.0,0.0,6.561667960034806e-32,1.135114095262102e-11,1.4284498513376582e-27,4.8776806988704606e-14,6.034163207676231e-06,0.0,0.0,0.0,0.0
13.866666666666667,0.04680851,5.070515143818175e-06,1.4222227641735044e-58,0.0,0.0,0.0,5.120918630365167e-32,1.0255303048728024e-11,1.0131388061592974e-27,3.6906162218920356e-14,5.070504851608964e-06,0.0,0.0,0.0,0.0
13.883333333333333,0.04680851,4.258865575810597e-06,1.1663031056474787e-58,0.0,0.0,0.0,3.996312354555413e-32,9.265078272075398e-12,7.184735265523931e-28,2.7916220207490996e-14,4.258856282816105e-06,0.0,0.0,0.0,0.0
13.9,0.042127658,3.5755787226194524e-06,9.564236077956397e-59,0.0,0.0,0.0,3.118523540229506e-32,8.37030642413755e-12,5.094375543107137e-28,2.1109988833417953e-14,3.5755703312030395e-06,0.0,0.0,0.0,0.0
13.916666666666666,0.042127658,3.000628151093461e-06,7.843035929873688e-59,0.0,0.0,0.0,2.4334184818709035e-32,7.561802837831706e-12,3.611686136954482e-28,1.595858845512554e-14,3.000620573332035e-06,0.0,0.0,0.0,0.0
13.933333333333334,0.042127658,2.5170638578743816e-06,6.431513656565322e-59,0.0,0.0,0.0,1.898728525965476e-32,6.831264907903977e-12,2.560167578080436e-28,1.2060836516223734e-14,2.5170570145486374e-06,0.0,0.0,0.0,0.0
13.95,0.037446808,2.1105480342309223e-06,5.27396538265188e-59,0.0,0.0,0.0,1.4814512591911763e-32,6.171187556781365e-12,1.81454027172121e-28,9.11251481068761e-15,2.1105418539308507e-06,0.0,0.0,0.0,0.0
13.966666666666669,0.037446808,1.7689594331340695e-06,4.324704649949771e-59,0.0,0.0,0.0,1.1558205185530709e-32,5.574786783769771e-12,1.2858938857425266e-28,6.883008072160902e-15,1.7689538514642777e-06,0.0,0.0,0.0,0.0
13.983333333333333,0.03276596,1.482056451858602e-06,3.546261391845789e-59,0.0,0.0,0.0,9.017208101255288e-33,5.035930526527203e-12,9.111385522822751e-29,5.197552173436614e-15,1.4820514107305232e-06,0.0,0.0,0.0,0.0
14.0,0.03276596,1.241190424939708e-06,2.9079046328181263e-59,0.0,0.0,0.0,7.034489149333516e-33,4.549076137095829e-12,6.45512936882679e-29,3.923749676814736e-15,1.2411858719398211e-06,0.0,0.0,0.0,0.0
14.016666666666667,0.03276596,1.0390618182735896e-06,2.384430739768718e-59,0.0,0.0,0.0,5.487467137680403e-33,4.10921384118188e-12,4.572641699824959e-29,2.961330458883604e-15,1.039057706098418e-06,0.0,0.0,0.0,0.0
14.033333333333331,0.03276596,8.69513049152109e-07,1.9551695028982445e-59,0.0,0.0,0.0,4.2804587335176346e-33,3.711815609465223e-12,3.2387061240749975e-29,2.234379133887523e-15,8.695093351021204e-07,0.0,0.0,0.0,0.0
14.05,0.028085107,7.273525499354741e-07,1.6031688978520421e-59,0.0,0.0,0.0,3.338780176265591e-33,3.3527889241177663e-12,2.2936043754250127e-29,1.6854369859534313e-15,7.27349195461113e-07,0.0,0.0,0.0,0.0
14.066666666666666,0.028085107,6.082054632393129e-07,1.3145264148002966e-59,0.0,0.0,0.0,2.6041415240413422e-33,3.028434972938536e-12,1.6240840950852255e-29,1.271027829497952e-15,6.082024335333122e-07,0.0,0.0,0.0,0.0
14.083333333333334,0.028085107,5.08387020071399e-07,1.0778406105606728e-59,0.0,0.0,0.0,2.0310503866579456e-33,2.7354108480618476e-12,1.1498521319497895e-29,9.582651477728009e-16,5.083842837022857e-07,0.0,0.0,0.0,0.0
14.1,0.028085107,4.247952234380434e-07,8.837612737279455e-60,0.0,0.0,0.0,1.5840040377819857e-33,2.470695366519262e-12,8.139905926936114e-30,7.22280031591918e-16,4.2479275202039683e-07,0.0,0.0,0.0,0.0
14.116666666666667,0.028085107,3.5481995091423117e-07,7.246204761919808e-60,0.0,0.0,0.0,1.2352971940267172e-33,2.23155816641805e-12,5.761573599671072e-30,5.4427197747563e-16,3.5481771881179275e-07,0.0,0.0,0.0,0.0
14.133333333333333,0.028085107,2.9626601134671285e-07,5.9412997015789e-60,0.0,0.0,0.0,9.633105589482889e-34,2.0155317655201412e-12,4.077627997628701e-30,4.100321806213886e-16,2.962639954049151e-07,0.0,0.0,0.0,0.0
14.15,0.023404256,2.4728805265368784e-07,4.8713300313391704e-60,0.0,0.0,0.0,7.5117476857607435e-34,1.8203862988798742e-12,2.8854879790643944e-30,3.08825139027863e-16,2.472862319585638e-07,0.0,0.0,0.0,0.0
14.166666666666666,0.023404256,2.0633552780583216e-07,3.994007671418239e-60,0.0,0.0,0.0,5.8572745045525526e-34,1.6441066792368416e-12,2.0416275993537755e-30,2.325418900571257e-16,2.0633388346661102e-07,0.0,0.0,0.0,0.0
14.183333333333334,0.023404256,1.7210619165090985e-07,3.274654569766144e-60,0.0,0.0,0.0,4.566991334051498e-34,1.484871948319339e-12,1.4443744157935922e-30,1.7505910261301442e-16,1.7210470660390242e-07,0.0,0.0,0.0,0.0
14.2,0.023404256,1.435068284708802e-07,2.6848335490154496e-60,0.0,0.0,0.0,3.5607782475036555e-34,1.3410366093501727e-12,1.0217142509815906e-30,1.317541264777722e-16,1.435054873025167e-07,0.0,0.0,0.0,0.0
14.216666666666669,0.023404256,1.196201044012048e-07,2.2012254248123435e-60,0.0,0.0,0.0,2.7761306873659477e-34,1.2111137510699937e-12,7.226465259421275e-31,9.91381582914287e-17,1.1961889318831556e-07,0.0,0.0,0.0,0.0
14.233333333333333,0.023404256,9.967660474379135e-08,1.8047081090935246e-60,0.0,0.0,0.0,2.1642888863209907e-34,1.0937597917140489e-12,5.110572890660112e-31,7.457883722050818e-17,9.96755109094208e-08,0.0,0.0,0.0,0.0
14.25,0.023404256,8.303125778248752e-08,1.4796013738438962e-60,0.0,0.0,0.0,1.687217226160185e-34,9.877606877681303e-13,3.613772801442055e-31,5.609052973858046e-17,8.303026996570922e-08,0.0,0.0,0.0,0.0
14.266666666666667,0.023404256,6.914346743226771e-08,1.2130474817813206e-60,0.0,0.0,0.0,1.3152470171366512e-34,8.920194671616194e-13,2.5550539796016023e-31,4.2175832567272814e-17,6.914257537062472e-08,0.0,0.0,0.0,0.0
14.283333333333331,0.023404256,5.75603799093354e-08,9.945032473866912e-61,0.0,0.0,0.0,1.025237084411874e-34,8.055449599695175e-13,1.8062908151474748e-31,3.170581910927726e-17,5.755957433266961e-08,0.0,0.0,0.0,0.0
14.3,0.023404256,4.790279717652896e-08,8.153234857158509e-61,0.0,0.0,0.0,7.9913848786723e-35,7.274416118335651e-13,1.2768033234873975e-31,2.382958433617855e-17,4.790206971108754e-08,0.0,0.0,0.0,0.0
14.316666666666666,0.023404256,3.985332441222669e-08,6.684194105367651e-61,0.0,0.0,0.0,6.228746400517697e-35,6.569002762911096e-13,9.02421526074662e-32,1.790593914663705e-17,3.985266749404446e-08,0.0,0.0,0.0,0.0
14.333333333333334,0.023404256,3.314640207664337e-08,5.4797849950162115e-61,0.0,0.0,0.0,4.854675579933877e-35,5.931898921313713e-13,6.377410446693803e-32,1.3451844750713155e-17,3.3145808873299395e-08,0.0,0.0,0.0,0.0
14.35,0.023404256,2.75599269427643e-08,4.4923476874689256e-61,0.0,0.0,0.0,3.7835618591420627e-35,5.356499608833707e-13,4.5063937712271935e-32,1.0103495132215089e-17,2.755939128269992e-08,0.0,0.0,0.0,0.0
14.366666666666667,0.023404256,2.29082121225508e-08,3.6828038804280776e-61,0.0,0.0,0.0,2.94864593179632e-35,4.836837476648713e-13,3.183934430901431e-32,7.58695317545439e-18,2.290772843121618e-08,0.0,0.0,0.0,0.0
14.383333333333333,0.023404256,1.903607485491282e-08,3.0191119875416186e-61,0.0,0.0,0.0,2.2978711582602342e-35,4.3675213597229536e-13,2.2493117875898315e-32,5.696001086743597e-18,1.9035638097080848e-08,0.0,0.0,0.0,0.0
14.4,0.018723404,1.5813873658920007e-08,2.4750003470592864e-61,0.0,0.0,0.0,1.7906474143734673e-35,3.9436807363920965e-13,1.5888617987825842e-32,4.275437066377409e-18,1.581347928657093e-08,0.0,0.0,0.0,0.0
14.416666666666666,0.018723404,1.3133344274034215e-08,2.0289284330174116e-61,0.0,0.0,0.0,1.3953268164827915e-35,3.5609155320401406e-13,1.1222092864460954e-32,3.2084823659033447e-18,1.3132988179272528e-08,0.0,0.0,0.0,0.0
14.433333333333334,0.018723404,1.0904107360555622e-08,1.663235041690945e-61,0.0,0.0,0.0,1.0872348215454778e-35,3.2152507536542393e-13,7.925254371279123e-33,2.40728968964168e-18,1.0903785833072966e-08,0.0,0.0,0.0,0.0
14.45,0.018723404,9.050740860049793e-09,1.3634398068383864e-61,0.0,0.0,0.0,8.471345855951952e-36,2.9030954912284604e-13,5.596345552166713e-33,1.8057909788046963e-18,9.05045054869488e-09,0.0,0.0,0.0,0.0
14.466666666666669,0.018723404,7.510326764714405e-09,1.11767045056303e-61,0.0,0.0,0.0,6.600292985783709e-36,2.6212058664659915e-13,3.951373967016393e-33,1.3543093543395453e-18,7.510064642773448e-09,0.0,0.0,0.0,0.0
14.483333333333333,0.018723404,6.230396283211108e-09,9.161931411349004e-62,0.0,0.0,0.0,5.142281551580774e-36,2.3666515494572896e-13,2.7896157149443535e-33,1.015501086751055e-18,6.2301596170406616e-09,0.0,0.0,0.0,0.0
14.5,0.018723404,5.167209415768332e-09,7.510274006397225e-62,0.0,0.0,0.0,4.0061796288338615e-36,2.136785500387033e-13,1.9692170836106667e-33,7.613000347593159e-19,5.166995736456993e-09,0.0,0.0,0.0,0.0
14.516666666666667,0.018723404,4.284315101600529e-09,6.156303444428576e-62,0.0,0.0,0.0,3.1209514083436746e-36,1.9292166262226996e-13,1.389940163593045e-33,5.706174721177089e-19,4.28412217936729e-09,0.0,0.0,0.0,0.0
14.533333333333331,0.018723404,3.5513466643372138e-09,5.046377728827096e-62,0.0,0.0,0.0,2.4312281166723082e-36,1.7417850720821898e-13,9.809621150422039e-34,4.276109763596379e-19,3.5511724854023945e-09,0.0,0.0,0.0,0.0
14.55,0.018723404,2.9430145005881597e-09,4.136518813852766e-62,0.0,0.0,0.0,1.8938545317227875e-36,1.5725398938800351e-13,6.922489549118331e-34,3.20381905680347e-19,2.9428572462783898e-09,0.0,0.0,0.0,0.0
14.566666666666666,0.0140425535,2.4382640403488374e-09,3.3906719692121474e-62,0.0,0.0,0.0,1.475196322587797e-36,1.4197188831757002e-13,4.884573441093398e-34,2.399955863760258e-19,2.438122068220524e-09,0.0,0.0,0.0,0.0
14.583333333333334,0.018723404,2.0195721316590096e-09,2.779278590870285e-62,0.0,0.0,0.0,1.1490406953621681e-36,1.2817303371395317e-13,3.4462402887050005e-34,1.7974442950855006e-19,2.019443958445551e-09,0.0,0.0,0.0,0.0
14.6,0.0140425535,1.6723593149792007e-09,2.2781060269128532e-62,0.0,0.0,0.0,8.949596892166726e-37,1.157136586441518e-13,2.431192545223345e-34,1.3459387487376518e-19,1.6722436011859627e-09,0.0,0.0,0.0,0.0
14.616666666666667,0.0140425535,1.3844990815127077e-09,1.8672881444837817e-62,0.0,0.0,0.0,6.970342228115525e-37,1.0446391118463584e-13,1.7149377201356157e-34,1.007658968620526e-19,1.3843946175007572e-09,0.0,0.0,0.0,0.0
14.633333333333333,0.0140425535,1.1459082612338748e-09,1.5305386932546925e-62,0.0,0.0,0.0,5.4285942187175514e-37,9.430650965577283e-14,1.209575141983828e-34,7.542598929586766e-20,1.1458139546487931e-09,0.0,0.0,0.0,0.0
14.65,0.0140425535,9.482052512204104e-10,1.254506351336248e-62,0.0,0.0,0.0,4.2276925482895884e-37,8.513552760520131e-14,8.530473902926325e-35,5.644797257033435e-20,9.481201156363573e-10,0.0,0.0,0.0,0.0
14.666666666666666,0.0140425535,7.844249496202253e-10,1.028245940725131e-62,0.0,0.0,0.0,3.2923214981335847e-37,7.685529604316234e-14,6.015470053167242e-35,4.223731415706288e-20,7.843480942819449e-10,0.0,0.0,0.0,0.0
14.683333333333334,0.0140425535,6.487810699158667e-10,8.427848924653786e-63,0.0,0.0,0.0,2.5637990949787307e-37,6.93794116341829e-14,4.241528413449107e-35,3.1598434261317344e-20,6.487116904726341e-10,0.0,0.0,0.0,0.0
14.7,0.0140425535,5.36468028745409e-10,6.90767808089308e-63,0.0,0.0,0.0,1.9964054087328657e-37,6.262984063570594e-14,2.990417921074349e-35,2.3635068084692893e-20,5.364053988811382e-10,0.0,0.0,0.0,0.0
14.716666666666669,0.0140425535,4.434958745250324e-10,5.661650523469775e-63,0.0,0.0,0.0,1.5545209028728037e-37,5.653610935615189e-14,2.1081348014136118e-35,1.7675465852056514e-20,4.434393383980008e-10,0.0,0.0,0.0,0.0
14.733333333333333,0.0140425535,3.6655279241844555e-10,4.640338447378936e-63,0.0,0.0,0.0,1.21039622052893e-37,5.103457279260581e-14,1.4860114002059628e-35,1.321625104280864e-20,3.665017578324367e-10,0.0,0.0,0.0,0.0
14.75,0.0140425535,3.02890616619239e-10,3.8032239397024097e-63,0.0,0.0,0.0,9.42414152552179e-38,4.606775391071956e-14,1.0473780348087671e-35,9.880291626622712e-21,3.02844548855448e-10,0.0,0.0,0.0,0.0
14.766666666666667,0.0140425535,2.5022953110738577e-10,3.117093222447404e-63,0.0,0.0,0.0,7.337352272235811e-38,4.158374675487306e-14,7.381465960317417e-36,7.385093285115604e-21,2.501879473532458e-10,0.0,0.0,0.0,0.0
14.783333333333331,0.0140425535,2.0667876829105574e-10,2.55472022471909e-63,0.0,0.0,0.0,5.71242293216607e-38,3.753567723227272e-14,5.20163529262387e-36,5.519091597909443e-21,2.0664123260830437e-10,0.0,0.0,0.0,0.0
14.8,0.0140425535,1.7067064085408347e-10,2.0937873636661685e-63,0.0,0.0,0.0,4.447181265774138e-38,3.388121600743105e-14,3.6651822145736205e-36,4.123872792766225e-21,1.7063675963395217e-10,0.0,0.0,0.0,0.0
14.816666666666666,0.009361702,1.4090568218426372e-10,1.7160008006745076e-63,0.0,0.0,0.0,3.4620463989760694e-38,3.058213847921688e-14,2.5823191139896188e-36,3.0808432325900315e-21,1.4087510004270366e-10,0.0,0.0,0.0,0.0
14.833333333333334,0.009361702,1.1630703882445077e-10,1.4063651360741506e-63,0.0,0.0,0.0,2.6950361307450423e-38,2.760392729689668e-14,1.8192114793311247e-36,2.3012364899708187e-21,1.1627943489485264e-10,0.0,0.0,0.0,0.0
14.85,0.009361702,9.598256612118861e-11,1.1525888164570311e-63,0.0,0.0,0.0,2.0978770631824322e-38,2.4915413309340708e-14,1.2814913304809839e-36,1.7186238678789246e-21,9.595765070616065e-11,0.0,0.0,0.0,0.0
14.866666666666667,0.009361702,7.919333543127701e-11,9.445967030715278e-64,0.0,0.0,0.0,1.6329740812589176e-38,2.248845123714248e-14,9.02625564133266e-37,1.2833023097485753e-21,7.917084697875657e-11,0.0,0.0,0.0,0.0
14.883333333333333,0.009361702,6.532747610614217e-11,7.741304922915732e-64,0.0,0.0,0.0,1.271049432991832e-38,2.0297626714994565e-14,6.357104077769122e-37,9.580899179666864e-22,6.530717847846908e-11,0.0,0.0,0.0,0.0
14.9,0.0140425535,5.387845490328203e-11,6.344211576144059e-64,0.0,0.0,0.0,9.893035364074668e-39,1.831999167481807e-14,4.47683419135572e-37,7.151766402885268e-22,5.3860134910892035e-11,0.0,0.0,0.0,0.0
14.916666666666666,0.0140425535,4.442704526015517e-11,5.199204346065859e-64,0.0,0.0,0.0,7.6998227871866e-39,1.6534825332229902e-14,3.152411849794633e-37,5.337657703364301e-22,4.441051043428917e-11,0.0,0.0,0.0,0.0
14.933333333333334,0.0140425535,3.662636385926392e-11,4.260807084976199e-64,0.0,0.0,0.0,5.992610118943387e-39,1.4923418302888895e-14,2.219603505410535e-37,3.983080200847531e-22,3.661144044056272e-11,0.0,0.0,0.0,0.0
14.95,0.0140425535,3.018945617992801e-11,3.4917458122154255e-64,0.0,0.0,0.0,4.663752747770075e-39,1.3468877613829538e-14,1.5626748217743277e-37,2.971795305961987e-22,3.0175987302016996e-11,0.0,0.0,0.0,0.0
14.966666666666669,0.0140425535,2.4878999677748625e-11,2.8614696647045233e-64,0.0,0.0,0.0,3.629437228282127e-39,1.2155950590471321e-14,1.1000763802567618e-37,2.2169240411900743e-22,2.4866843726936462e-11,0.0,0.0,0.0,0.0
14.983333333333333,0.009361702,2.0498765709155945e-11,2.3449384994906848e-64,0.0,0.0,0.0,2.8244078739192462e-39,1.0970865794835948e-14,7.743518247151871e-38,1.6535425539946794e-22,2.0487794843195755e-11,0.0,0.0,0.0,0.0
15.0,0.009361702,1.6886541712334778e-11,1.9216290849554785e-64,0.0,0.0,0.0,2.1978596928515494e-39,9.901189366550697e-15,5.450236133391849e-38,1.2331421337705366e-22,1.6876640522844913e-11,0.0,0.0,0.0,0.0
15.016666666666667,0.009361702,1.3908265464452226e-11,1.574720478758852e-64,0.0,0.0,0.0,1.710239829479307e-39,8.935695277341114e-15,3.835783275168307e-38,9.194849914756714e-23,1.3899329769082937e-11,0.0,0.0,0.0,0.0
15.033333333333331,0.009361702,1.1453165128246032e-11,1.2904262914902318e-64,0.0,0.0,0.0,1.3307566439505508e-39,8.064248153468697e-15,2.699322625427255e-38,6.855047078216354e-23,1.1445100880024012e-11,0.0,0.0,0.0,0.0
15.05,0.009361702,9.429733674969e-12,1.0574473564768341e-64,0.0,0.0,0.0,1.0354399509857364e-39,7.277697450501425e-15,1.8994057949624368e-38,5.1098842601200535e-23,9.4224559774674e-12,0.0,0.0,0.0,0.0
15.066666666666666,0.009361702,7.762395291830881e-12,8.66523098724562e-65,0.0,0.0,0.0,8.056305238715316e-40,6.567781882194721e-15,1.3364206853730108e-38,3.8084393062018276e-23,7.755827509910602e-12,0.0,0.0,0.0,0.0
15.083333333333334,0.009361702,6.388745524911307e-12,7.100638085048699e-65,0.0,0.0,0.0,6.268039141472274e-40,5.927043111331789e-15,9.402239738740337e-39,2.838042472207185e-23,6.382818481771595e-12,0.0,0.0,0.0,0.0
15.1,0.009361702,5.2572669867003435e-12,5.8184923258881335e-65,0.0,0.0,0.0,4.876546290814136e-40,5.348747806229953e-15,6.614277102298247e-39,2.1145946784494105e-23,5.251918238872968e-12,0.0,0.0,0.0,0.0
15.116666666666667,0.004680851,4.325439149931929e-12,4.7678152558171054e-65,0.0,0.0,0.0,3.793830620921091e-40,4.8268172532138536e-15,4.652609614827519e-39,1.5753326787297824e-23,4.3206123326629614e-12,0.0,0.0,0.0,0.0
15.133333333333333,0.004680851,3.5581746229028163e-12,3.906827593866451e-65,0.0,0.0,0.0,2.951403102619286e-40,4.3557637936115114e-15,3.2724591463866734e-39,1.1734236473179638e-23,3.5538188590974705e-12,0.0,0.0,0.0,0.0
15.15,0.004680851,2.926525828485249e-12,3.2012895589603347e-65,0.0,0.0,0.0,2.295959363386547e-40,3.930633424525421e-15,2.3015238002432716e-39,8.739272769476425e-24,2.9225951950519842e-12,0.0,0.0,0.0,0.0
15.166666666666666,0.004680851,2.40661558357864e-12,2.6231405659028606e-65,0.0,0.0,0.0,1.7860146215927335e-40,3.546953966510104e-15,1.6185292340667703e-39,6.507799289867705e-24,2.4030686296056223e-12,0.0,0.0,0.0,0.0
15.183333333333334,0.004680851,1.9787530261259487e-12,2.1493843019826654e-65,0.0,0.0,0.0,1.3892840099521958e-40,3.200688258997149e-15,1.1381242801733197e-39,4.845425144540489e-24,1.975552337862106e-12,0.0,0.0,0.0,0.0
15.2,0.004680851,1.6267029366375414e-12,1.7611749300136762e-65,0.0,0.0,0.0,1.080643255543161e-40,2.88819189645096e-15,8.002452612663862e-40,3.607189770410082e-24,1.6238147447374832e-12,0.0,0.0,0.0,0.0
15.216666666666669,0.004680851,1.3370819782421355e-12,1.4430681431540929e-65,0.0,0.0,0.0,8.405412053594033e-41,2.6061750653426514e-15,5.626276009879053e-40,2.685010145646709e-24,1.3344758031741079e-12,0.0,0.0,0.0,0.0
15.233333333333333,0.004680851,1.0988599233331117e-12,1.1824073378829261e-65,0.0,0.0,0.0,6.537641296888181e-41,2.35166808458826e-15,3.955338638649678e-40,1.998311460633448e-24,1.096508255246525e-12,0.0,0.0,0.0,0.0
15.25,0.004680851,9.029477037664968e-13,9.688205333176555e-66,0.0,0.0,0.0,5.084738866156993e-41,2.121990290541389e-15,2.7804253485600397e-40,1.4870350279233984e-24,9.008257134744684e-13,0.0,0.0,0.0,0.0
15.266666666666667,0.004680851,7.418572466694676e-13,7.938080601872974e-66,0.0,0.0,0.0,3.954592809530871e-41,1.914721942365851e-15,1.9543572206671035e-40,1.106421096917076e-24,7.399425247259953e-13,0.0,0.0,0.0,0.0
15.283333333333331,0.004680851,6.094206484806983e-13,6.504046454640768e-66,0.0,0.0,0.0,3.0755338375261753e-41,1.7276788549867362e-15,1.3736054557162914e-40,8.231166387652564e-25,6.076929696248885e-13,0.0,0.0,0.0,0.0
15.3,0.004680851,5.005583867262876e-13,5.32902471761989e-66,0.0,0.0,0.0,2.391800384913891e-41,1.5588894951645724e-15,9.65351832580225e-41,6.12272063857738e-25,4.989994972305108e-13,0.0,0.0,0.0,0.0
15.316666666666666,0.004680851,4.1108804774226777e-13,4.3662421122313845e-66,0.0,0.0,0.0,1.8600092471897665e-41,1.4065743018417207e-15,6.783830819576964e-41,4.5537594099243055e-25,4.0968147343997066e-13,0.0,0.0,0.0,0.0
15.333333333333334,0.004680851,3.3756652183898216e-13,3.5773701772948454e-66,0.0,0.0,0.0,1.4464089159407788e-41,1.2691270150373042e-15,4.766837652323779e-41,3.3864037042496333e-25,3.362973948236062e-13,0.0,0.0,0.0,0.0
15.35,0.004680851,2.7715983739224923e-13,2.9310008759832266e-66,0.0,0.0,0.0,1.1247421130855574e-41,1.145097818462598e-15,3.3492833095616515e-41,2.5179715777484586e-25,2.7601473957353486e-13,0.0,0.0,0.0,0.0
15.366666666666667,0.004680851,2.2753581532451757e-13,2.401397319453059e-66,0.0,0.0,0.0,8.745824660718695e-42,1.0331781198984136e-15,2.3530967374794627e-41,1.8720040703308112e-25,2.2650263720443195e-13,0.0,0.0,0.0,0.0
15.383333333333333,0.004680851,1.8677556134921312e-13,1.9674699651678875e-66,0.0,0.0,0.0,6.80040194616979e-42,9.321868104251513e-16,1.6530814378731737e-41,1.3915763806909033e-25,1.8584337453864882e-13,0.0,0.0,0.0,0.0
15.4,0.004680851,1.5330050501693049e-13,1.6119376034851128e-66,0.0,0.0,0.0,5.287549790396891e-42,8.410578589922184e-16,1.1612226149021613e-41,1.0343130928000924e-25,1.5245944715783483e-13,0.0,0.0,0.0,0.0
15.416666666666666,0.004680851,1.2581226677381045e-13,1.3206397863625102e-66,0.0,0.0,0.0,4.11112318283144e-42,7.588291127230602e-16,8.156497072045953e-42,7.686738775887619e-26,1.2505343766101052e-13,0.0,0.0,0.0,0.0
15.433333333333334,0.004680851,1.0324310744699215e-13,1.0819733683259183e-66,0.0,0.0,0.0,3.196338052082246e-42,6.846321859127527e-16,5.728739065733142e-42,5.711862683582656e-26,1.0255847526102228e-13,0.0,0.0,0.0,0.0
15.45,0.004680851,8.471510583388097e-14,8.86430760897502e-67,0.0,0.0,0.0,2.4850273757311508e-42,6.176833320226157e-16,4.0232937930373585e-42,4.24384324602611e-26,8.409742250181592e-14,0.0,0.0,0.0,0.0
15.466666666666669,0.004680851,6.950653350252947e-14,7.262215432235812e-67,0.0,0.0,0.0,1.931950382377539e-42,5.572752032230428e-16,2.8253482912615773e-42,3.152733415672973e-26,6.89492582992749e-14,0.0,0.0,0.0,0.0
15.483333333333333,0.004680851,5.702416320688644e-14,5.949623840950238e-67,0.0,0.0,0.0,1.5019211708411098e-42,5.027694112925153e-16,1.9839465427768445e-42,2.3418652426639333e-26,5.652139379557051e-14,0.0,0.0,0.0,0.0
15.5,0.004680851,4.6780468173276985e-14,4.8742294541485366e-67,0.0,0.0,0.0,1.1675749000023829e-42,4.535898120391727e-16,1.3930151970676255e-42,1.739336771462406e-26,4.632687836122042e-14,0.0,0.0,0.0,0.0
15.516666666666667,0.004680851,3.837485195168169e-14,3.9931766223047626e-67,0.0,0.0,0.0,9.07630040986557e-43,4.092164429620803e-16,9.780247453396044e-43,1.291674153187132e-26,3.79656355087067e-14,0.0,0.0,0.0,0.0
15.533333333333331,0.004680851,3.147819919412213e-14,3.2713511805371246e-67,0.0,0.0,0.0,7.0553657750602015e-43,3.6918005068705826e-16,6.866131488768683e-43,9.591138355356356e-27,3.110901914342548e-14,0.0,0.0,0.0,0.0
15.55,0.004680851,2.5820162127311305e-14,2.6799822876587147e-67,0.0,0.0,0.0,5.4842447245945996e-43,3.3305715087029527e-16,4.819953575251616e-43,7.120911964976641e-27,2.548710497643389e-14,0.0,0.0,0.0,0.0
15.566666666666666,0.0,2.1178700182602545e-14,2.195496732960283e-67,0.0,0.0,0.0,4.262857324627206e-43,3.0046556882417633e-16,3.3833134969870176e-43,5.2862746825996115e-27,2.0878234613773083e-14,0.0,0.0,0.0,0.0
15.583333333333334,0.0,1.737147500291334e-14,1.798580131234918e-67,0.0,0.0,0.0,3.313381981151651e-43,2.7106041414172317e-16,2.37470930094049e-43,3.9238541297264734e-27,1.7100414588767696e-14,0.0,0.0,0.0,0.0
15.6,0.0,1.424877298229346e-14,1.4734076536641384e-67,0.0,0.0,0.0,2.5753070155661968e-43,2.4453044713202254e-16,1.6666625182722474e-43,2.9122279591472594e-27,1.4004242535158527e-14,0.0,0.0,0.0,0.0
15.616666666666667,0.0,1.1687685188084e-14,1.2070136845842469e-67,0.0,0.0,0.0,2.001581920803965e-43,2.2059479897442156e-16,1.1696449861483706e-43,2.161163516463166e-27,1.1467090389107417e-14,0.0,0.0,0.0,0.0
15.633333333333333,0.0,9.587322101076847e-15,9.887753197473442e-68,0.0,0.0,0.0,1.5556240176830924e-43,1.990000111982416e-16,8.207857584055773e-44,1.6036145703249806e-27,9.388322089877001e-15,0.0,0.0,0.0,0.0
15.65,0.0,7.86487984854176e-15,8.099891500217901e-68,0.0,0.0,0.0,1.2089904723832699e-43,1.795173634346521e-16,5.75937143578408e-44,1.1897694688163986e-27,7.685362485105918e-15,0.0,0.0,0.0,0.0
15.666666666666666,0.0,6.45240695562707e-15,6.6352448550152945e-68,0.0,0.0,0.0,9.395678383103075e-44,1.619404614035574e-16,4.041011278147624e-44,8.826254743935695e-28,6.29046649422263e-15,0.0,0.0,0.0,0.0
15.683333333333334,0.0,5.294147306299174e-15,5.435392161906763e-68,0.0,0.0,0.0,7.301641199505639e-44,1.4608305982180164e-16,2.8351425869851635e-44,6.546983616835589e-28,5.148064246476718e-15,0.0,0.0,0.0,0.0
15.7,0.0,4.3443569802882056e-15,4.452469976802388e-68,0.0,0.0,0.0,5.674139012582124e-44,1.3177709737840187e-16,1.988977114643966e-44,4.855763790536107e-28,4.2125798829093186e-15,0.0,0.0,0.0,0.0
15.716666666666669,0.0,3.565510738780781e-15,3.6472649260144718e-68,0.0,0.0,0.0,4.4092695424486464e-44,1.1887092314313698e-16,1.395259124435879e-44,3.6010213156839125e-28,3.446639815637284e-15,0.0,0.0,0.0,0.0
15.733333333333333,0.0,2.926828847116043e-15,2.9876507232230903e-68,0.0,0.0,0.0,3.426262035563706e-44,1.0722769578009741e-16,9.78701664831476e-45,2.670213640096798e-28,2.8196011513356785e-15,0.0,0.0,0.0,0.0
15.75,0.0,2.403067207343549e-15,2.4473075488678446e-68,0.0,0.0,0.0,2.662329494531786e-44,9.67239387482648e-17,6.864617101777282e-45,1.9797886897683933e-28,2.306343268595086e-15,0.0,0.0,0.0,0.0
15.766666666666667,0.0,1.973523889323629e-15,2.0046727912108085e-68,0.0,0.0,0.0,2.0686660697522208e-44,8.724823630616e-17,4.814520131790201e-45,1.4677243787791952e-28,1.8862756530173223e-15,0.0,0.0,0.0,0.0
15.783333333333331,0.0,1.6212234773469209e-15,1.6420813583669972e-68,0.0,0.0,0.0,1.607334962380844e-44,7.870005661354426e-17,3.376451813656916e-45,1.0879860903533213e-28,1.5425234207332677e-15,0.0,0.0,0.0,0.0
15.8,0.0,1.3322475046195036e-15,1.3450613177771015e-68,0.0,0.0,0.0,1.2488487923700002e-44,7.09886895560326e-17,2.3677678850099778e-45,8.064095585064372e-29,1.2612588150633902e-15,0.0,0.0,0.0,0.0
15.816666666666666,0.0,1.0951848898243202e-15,1.1017568040548595e-68,0.0,0.0,0.0,9.702884126075287e-45,6.403228812182629e-17,1.660308819877283e-45,5.976429471026107e-29,1.0311526017024341e-15,0.0,0.0,0.0,0.0
15.833333333333334,0.0,9.006809322827342e-16,9.024552038882856e-69,0.0,0.0,0.0,7.538403937663155e-45,5.775700324615019e-17,1.16415273181772e-45,4.4287590657850457e-29,8.429239290365397e-16,0.0,0.0,0.0,0.0
15.85,0.0,7.410672413984165e-16,7.391997793175931e-69,0.0,0.0,0.0,5.856600376266124e-45,5.2096203020028324e-17,8.16211185711554e-46,3.281532778246853e-29,6.889710383783553e-16,0.0,0.0,0.0,0.0
15.866666666666667,0.0,6.100581174450073e-16,6.054722934532912e-69,0.0,0.0,0.0,4.5498749001720695e-45,4.698976804556008e-17,5.722249265641336e-46,2.4312307784929582e-29,5.630683493994228e-16,0.0,0.0,0.0,0.0
15.883333333333333,0.0,5.025014841944431e-16,4.959329909417679e-69,0.0,0.0,0.0,3.534606334069227e-45,4.238345551949368e-17,4.0114631324733544e-46,1.8010703475406178e-29,4.601180286749313e-16,0.0,0.0,0.0,0.0
15.9,0.0,4.1417459808704582e-16,4.06207570172401e-69,0.0,0.0,0.0,2.7458096670215974e-45,3.822832534872856e-17,2.811970719684804e-46,1.334106570376317e-29,3.7594627273830394e-16,0.0,0.0,0.0,0.0
15.916666666666666,0.0,3.4161650495089e-16,3.3271265628257884e-69,0.0,0.0,0.0,2.132984218711643e-45,3.448022225311077e-17,1.9710193625917405e-46,9.881116643634075e-30,3.071362826977694e-16,0.0,0.0,0.0,0.0
15.933333333333334,0.0,2.819906506637005e-16,2.7251281795559844e-69,0.0,0.0,0.0,1.6568864270847887e-45,3.109930839922329e-17,1.3814756832544466e-46,7.317748550652568e-30,2.5089134226446987e-16,0.0,0.0,0.0,0.0
15.95,0.0,2.329722317751605e-16,2.2320342788519342e-69,0.0,0.0,0.0,1.2870214192675965e-45,2.8049641640048045e-17,9.68206526633706e-47,5.418825754643711e-30,2.04922590135107e-16,0.0,0.0,0.0,0.0
15.966666666666669,0.0,1.926558413778262e-16,1.828146966287281e-69,0.0,0.0,0.0,9.996933336810739e-46,2.5298794914870914e-17,6.785241685695924e-47,4.0122633339558625e-30,1.6735704646295129e-16,0.0,0.0,0.0,0.0
15.983333333333333,0.0,1.594797618114646e-16,1.497330533915367e-69,0.0,0.0,0.0,7.764899778428226e-46,2.2817512796698544e-17,4.7548337705767325e-47,2.970506445447551e-30,1.366622490147631e-16,0.0,0.0,0.0,0.0
16.0,0.0,1.321639098680912e-16,1.2263673867313055e-69,0.0,0.0,0.0,6.031050991741535e-46,2.0579401565211413e-17,3.331794465457953e-47,2.1990174816240918e-30,1.1158450830287757e-16,0.0,0.0,0.0,0.0
16.016666666666666,0.0,1.0965897734664882e-16,1.0044304019429469e-69,0.0,0.0,0.0,4.6842307735220164e-46,1.8560649536075185e-17,2.3345009635235174e-47,1.6277370928501333e-30,9.109832781057201e-17,0.0,0.0,0.0,0.0
16.033333333333335,0.0,9.110475090805394e-17,8.226506766978202e-70,0.0,0.0,0.0,3.638075867700677e-46,1.6739774695844838e-17,1.6356223900892807e-47,1.2047516066581097e-30,7.43649762122079e-17,0.0,0.0,0.0,0.0
16.05,0.0,7.579595733265828e-17,6.737634228184777e-70,0.0,0.0,0.0,2.825487922424996e-46,1.5097396979190322e-17,1.145896288955911e-47,8.915972507494961e-31,6.069856035346707e-17,0.0,0.0,0.0,0.0
16.066666666666666,0.0,6.315427756645849e-17,5.518178829078504e-70,0.0,0.0,0.0,2.1943375898217407e-46,1.3616032784638443e-17,8.027512607261154e-48,6.59778492509205e-31,4.9538244781819385e-17,0.0,0.0,0.0,0.0
16.083333333333332,0.0,5.27054169420425e-17,4.519396950277986e-70,0.0,0.0,0.0,1.7041262355392185e-46,1.22799095592823e-17,5.623286836884727e-48,4.881868611541787e-31,4.042550738275971e-17,0.0,0.0,0.0,0.0
16.1,0.0,4.406031919510197e-17,3.701362247193182e-70,0.0,0.0,0.0,1.3233918712848301e-46,1.1074798494327878e-17,3.938883840547964e-48,3.611875628867822e-31,3.298552070077373e-17,0.0,0.0,0.0,0.0
16.116666666666667,0.0,3.689977619332479e-17,3.0313709675891536e-70,0.0,0.0,0.0,1.0276934558388462e-46,9.987863564214329e-18,2.7588617858231953e-48,2.672012728421638e-31,2.6911912629110193e-17,0.0,0.0,0.0,0.0
16.133333333333333,0.0,3.0961820082162076e-17,2.482635630100067e-70,0.0,0.0,0.0,7.980446583035082e-47,9.007525314306625e-18,1.9322382897781813e-48,1.976530663834762e-31,2.1954294767855253e-17,0.0,0.0,0.0,0.0
16.15,0.0,2.6031395115529982e-17,2.0332149297919955e-70,0.0,0.0,0.0,6.196968975013701e-47,8.123337957665828e-18,1.3532110328066868e-48,1.4619352910576807e-31,1.7908057157864008e-17,0.0,0.0,0.0,0.0
16.166666666666668,0.0,2.19318971196489e-17,1.6651371606405677e-70,0.0,0.0,0.0,4.811937951140647e-47,7.325878481749325e-18,9.476426882505768e-49,1.0812162460760177e-31,1.4606018637899467e-17,0.0,0.0,0.0,0.0
16.183333333333334,0.0,1.8518242900639866e-17,1.3636821654270368e-70,0.0,0.0,0.0,3.7363653143867275e-47,6.6066465925816376e-18,6.635873151716724e-49,7.995710303091718e-32,1.1911596308058149e-17,0.0,0.0,0.0,0.0
16.2,0.0,1.5671192879213488e-17,1.1167931488043482e-70,0.0,0.0,0.0,2.9011307866992405e-47,5.957974438278159e-18,4.646501065996392e-49,5.912373581627997e-32,9.71321844093527e-18,0.0,0.0,0.0,0.0
16.216666666666665,0.0,1.3292700223272686e-17,9.145948712925906e-71,0.0,0.0,0.0,2.252547681226483e-47,5.3729451570128205e-18,3.2533339389014535e-49,4.371467619376225e-32,7.91975506625982e-18,0.0,0.0,0.0,0.0
16.233333333333334,0.0,1.1302100725311191e-17,7.48998987321581e-71,0.0,0.0,0.0,1.748917939112072e-47,4.845319387665817e-18,2.2777497832307013e-49,3.231867102612957e-32,6.456781337645342e-18,0.0,0.0,0.0,0.0
16.25,0.0,9.632991256553506e-18,6.133807684206336e-71,0.0,0.0,0.0,1.3578558647103758e-47,4.3694689654623224e-18,1.594623944339845e-49,2.3891355952581158e-32,5.26352229109116e-18,0.0,0.0,0.0,0.0
16.266666666666666,0.0,8.230672153564605e-18,5.023143019401012e-71,0.0,0.0,0.0,1.054209092885959e-47,3.940317100790495e-18,1.1163119485127458e-49,1.7659948188778104e-32,4.290355052774092e-18,0.0,0.0,0.0,0.0
16.283333333333335,0.0,7.05005144688276e-18,4.113555899044292e-71,0.0,0.0,0.0,8.184435561605582e-48,3.553284407872963e-18,7.814262894105239e-50,1.3052677715419308e-32,3.496767039009783e-18,0.0,0.0,0.0,0.0
16.3,0.0,6.053927320363041e-18,3.36864884832084e-71,0.0,0.0,0.0,6.353889310157049e-48,3.204240211771252e-18,5.469728145749425e-50,9.646540862325311e-33,2.8496871085917793e-18,0.0,0.0,0.0,0.0
16.316666666666666,-0.004680851,5.211580328904504e-18,2.758611658889463e-71,0.0,0.0,0.0,4.932641306943298e-48,2.889458617984196e-18,3.828413771320563e-50,7.128622923555825e-33,2.3221217109203006e-18,0.0,0.0,0.0,0.0
16.333333333333332,-0.004680851,4.49761930349612e-18,2.2590294205211966e-71,0.0,0.0,0.0,3.829203523962851e-48,2.6055788792473064e-18,2.6794615332043554e-50,5.2674685834127774e-33,1.8920404242488083e-18,0.0,0.0,0.0,0.0
16.35,-0.004680851,3.891035030118104e-18,1.849906202483589e-71,0.0,0.0,0.0,2.9725312705660255e-48,2.3495696395705935e-18,1.8752183138873403e-50,3.891891956351366e-33,1.5414653905475067e-18,0.0,0.0,0.0,0.0
16.366666666666667,0.0,3.374424108137568e-18,1.514865376363623e-71,0.0,0.0,0.0,2.3074565156725033e-48,2.1186966765578896e-18,1.312296346985761e-50,2.875294525874046e-33,1.2557274315796757e-18,0.0,0.0,0.0,0.0
16.383333333333333,0.0,2.933352206578959e-18,1.2404946268824953e-71,0.0,0.0,0.0,1.791140993147302e-48,1.9104938000520557e-18,9.183070121460262e-51,2.1240604376951017e-33,1.022858406526901e-18,0.0,0.0,0.0,0.0
16.4,0.0,2.5558315153462727e-18,1.015809476434772e-71,0.0,0.0,0.0,1.390321438066093e-48,1.7227365985470492e-18,6.425691907560786e-51,1.5689698547143145e-33,8.330949167992221e-19,0.0,0.0,0.0,0.0
16.416666666666668,0.0,2.231891756292305e-18,8.318138832111847e-72,0.0,0.0,0.0,1.0791701047379751e-48,1.5534187549417497e-18,4.496017922908294e-51,1.1588460657431195e-33,6.78473001350554e-19,0.0,0.0,0.0,0.0
16.433333333333334,0.0,1.953227858901945e-18,6.811403507874626e-72,0.0,0.0,0.0,8.376331870698808e-49,1.4007306804076021e-18,3.1456646738734545e-51,8.558556984215782e-34,5.524971784943422e-19,0.0,0.0,0.0,0.0
16.45,0.0,1.7129104671546744e-18,5.577551637633422e-72,0.0,0.0,0.0,6.501404255876328e-49,1.2630402396832682e-18,2.2007625684865985e-51,6.320322046069231e-34,4.498702274714056e-19,0.0,0.0,0.0,0.0
16.466666666666665,-0.004680851,1.505147950670532e-18,4.567169662271134e-72,0.0,0.0,0.0,5.046030071829116e-49,1.1388753632571961e-18,1.539609023364061e-51,4.667044622978941e-34,3.662725874133355e-19,0.0,0.0,0.0,0.0
16.483333333333334,-0.004680851,1.3250906451267419e-18,3.7397903138071984e-72,0.0,0.0,0.0,3.9163536954856925e-49,1.026908361883488e-18,1.077021349872447e-51,3.4459502218509866e-34,2.9818228324325353e-19,0.0,0.0,0.0,0.0
16.5,-0.004680851,1.1686697265754074e-18,3.0622731669622176e-72,0.0,0.0,0.0,3.0395089814228064e-49,9.259417769115357e-19,7.533814111884489e-52,2.5441373953175642e-34,2.427279496638715e-19,0.0,0.0,0.0,0.0
16.516666666666666,-0.004680851,1.0324644991909841e-18,2.5074782919646975e-72,0.0,0.0,0.0,2.358926707683042e-49,8.348956161830598e-19,5.2696567311674934e-52,1.8781784449479355e-34,1.9756888300792409e-19,0.0,0.0,0.0,0.0
16.533333333333335,-0.004680851,9.135930014123981e-19,2.0531799697842834e-72,0.0,0.0,0.0,1.830690794028691e-49,7.527958399360617e-19,3.68575703431763e-52,1.3864304303476463e-34,1.6079716147633635e-19,0.0,0.0,0.0,0.0
16.55,-0.004680851,8.096217566786796e-19,1.6811770270695697e-72,0.0,0.0,0.0,1.4207089693379749e-49,6.787639744052863e-19,2.5777936211338222e-52,1.0233506283558265e-34,1.308577822733932e-19,0.0,0.0,0.0,0.0
16.566666666666666,-0.004680851,7.184912490560738e-19,1.3765642082964114e-72,0.0,0.0,0.0,1.102515901964731e-49,6.120077427661639e-19,1.8027967348702922e-52,7.55294278592478e-35,1.0648350628990986e-19,0.0,0.0,0.0,0.0
16.583333333333332,-0.004680851,6.384543213593691e-19,1.1271354409290326e-72,0.0,0.0,0.0,8.55567458100677e-50,5.518126138585758e-19,1.260731688037136e-52,5.574083759280288e-35,8.664170750079322e-20,0.0,0.0,0.0,0.0
16.6,-0.004680851,5.680251987189234e-19,9.228951229478914e-73,0.0,0.0,0.0,6.639163268736438e-50,4.975341788616847e-19,8.816089147374456e-53,4.113358390368289e-35,7.049101985723865e-20,0.0,0.0,0.0,0.0
16.616666666666667,-0.004680851,5.059372542719373e-19,7.556578815861504e-73,0.0,0.0,0.0,5.151837734551911e-50,4.485912748755973e-19,6.164626733030127e-53,3.0351878646846736e-35,5.734597939634005e-20,0.0,0.0,0.0,0.0
16.633333333333333,-0.004680851,4.511079724014749e-19,6.18720790109465e-73,0.0,0.0,0.0,3.9976132700446406e-50,4.044597822915314e-19,4.310376579451131e-53,2.2394469046414853e-35,4.664819010994354e-20,0.0,0.0,0.0,0.0
16.65,-0.004680851,4.026098423304122e-19,5.065949273407953e-73,0.0,0.0,0.0,3.1019100170133035e-50,3.6466702998404324e-19,3.0137093687091664e-53,1.6521988965462893e-35,3.794281234636894e-20,0.0,0.0,0.0,0.0
16.666666666666668,-0.009361702,3.5964614204446302e-19,4.147855381665529e-73,0.0,0.0,0.0,2.4068413633404135e-50,3.287867488113594e-19,2.1070039718276365e-53,1.218850518691571e-35,3.085939323310361e-20,0.0,0.0,0.0,0.0
16.683333333333334,-0.009361702,3.2153075859051094e-19,3.3961199732249234e-73,0.0,0.0,0.0,1.867478587874162e-50,2.9643451973217084e-19,1.4730153720283992e-53,8.990944587069709e-36,2.5096238858340097e-20,0.0,0.0,0.0,0.0
16.7,-0.009361702,2.876713432359051e-19,2.780603710379061e-73,0.0,0.0,0.0,1.448951094771954e-50,2.6726366810022065e-19,1.0297392060605996e-53,6.631734705853383e-36,2.040767513568447e-20,0.0,0.0,0.0,0.0
16.716666666666665,-0.009361702,2.575552248884484e-19,2.2766267526470124e-73,0.0,0.0,0.0,1.124195374863173e-50,2.4096156043782076e-19,7.198224161140491e-54,4.891207735614207e-36,1.6593664450627645e-20,0.0,0.0,0.0,0.0
16.733333333333334,-0.009361702,2.307376075608874e-19,1.8639799735936475e-73,0.0,0.0,0.0,8.722076066487969e-51,2.1724626426544696e-19,5.031549381093067e-54,3.6072181043502034e-36,1.349134329544044e-20,0.0,0.0,0.0,0.0
16.75,-0.009361702,2.068316616068451e-19,1.5261152292636517e-73,0.0,0.0,0.0,6.766872482915895e-51,1.9586353542295538e-19,3.516871245878073e-54,2.660089285209742e-36,1.0968126183889727e-20,0.0,0.0,0.0,0.0
16.766666666666666,-0.009361702,1.855001873008143e-19,1.2494822604361473e-73,0.0,0.0,0.0,5.249841602697008e-51,1.765841007986747e-19,2.4580440325988494e-54,1.961497370603556e-36,8.916086502139602e-21,0.0,0.0,0.0,0.0
16.783333333333335,-0.009361702,1.6644858582046908e-19,1.0229856792601741e-73,0.0,0.0,0.0,4.072813563103798e-51,1.5920120752338616e-19,1.7179139643831146e-54,1.4462625352844747e-36,7.247378297082923e-21,0.0,0.0,0.0,0.0
16.8,-0.009361702,1.4941891905303544e-19,8.375402970510769e-74,0.0,0.0,0.0,3.1596066595245784e-51,1.435284125194042e-19,1.2005819915648562e-54,1.0662882285146788e-36,5.890506533631232e-21,0.0,0.0,0.0,0.0
16.816666666666666,-0.009361702,1.3418487772134695e-19,6.8570698633513724e-74,0.0,0.0,0.0,2.4511038271736355e-51,1.2939758885126134e-19,8.389981505027349e-55,7.860865179059551e-37,4.7872888700856116e-21,0.0,0.0,0.0,0.0
16.833333333333332,-0.009361702,1.2054750860813058e-19,5.613944940417967e-74,0.0,0.0,0.0,1.9014312621066418e-51,1.1665712763080782e-19,5.862853550062261e-55,5.794747482116725e-37,3.89038097732276e-21,0.0,0.0,0.0,0.0
16.85,-0.009361702,1.0833157737518601e-19,4.596152630035172e-74,0.0,0.0,0.0,1.4749925379623547e-51,1.0517031630997091e-19,4.0967178238751116e-55,4.271371015943031e-37,3.161261065215094e-21,0.0,0.0,0.0,0.0
16.866666666666667,-0.0140425535,9.738246463167158e-20,3.762854812498307e-74,0.0,0.0,0.0,1.144166753831461e-51,9.481387607157509e-20,2.862477741320908e-55,3.14824750357147e-37,2.5685885600964867e-21,0.0,0.0,0.0,0.0
16.883333333333333,-0.0140425535,8.756351032359975e-20,3.0806134946822732e-74,0.0,0.0,0.0,8.875220867461692e-52,8.54766427218893e-20,1.9999877905188563e-55,2.320274702220807e-37,2.0868676017104586e-21,0.0,0.0,0.0,0.0
16.9,-0.0140425535,7.875373586769485e-20,2.5220500730547234e-74,0.0,0.0,0.0,6.88429378721883e-52,7.705837701633048e-20,1.3973069747503067e-55,1.7099329552518454e-37,1.6953588513643665e-21,0.0,0.0,0.0,0.0
16.916666666666668,-0.0140425535,7.08458852869648e-20,2.0647474691966215e-74,0.0,0.0,0.0,5.339862055359592e-52,6.946869172779322e-20,9.76192939282589e-56,1.2600508534985452e-37,1.3771935591715847e-21,0.0,0.0,0.0,0.0
16.933333333333334,-0.0140425535,6.374473637381131e-20,1.6903511489709112e-74,0.0,0.0,0.0,4.141819160877974e-52,6.262608401042265e-20,6.819600688060553e-56,9.284671601274226e-38,1.1186523633886567e-21,0.0,0.0,0.0,0.0
16.95,-0.0140425535,5.736564097798053e-20,1.3838330023932845e-74,0.0,0.0,0.0,3.212496889097442e-52,5.64570627331446e-20,4.76389053133829e-56,6.840922585419546e-38,9.085782448359331e-22,0.0,0.0,0.0,0.0
16.966666666666665,-0.0140425535,5.16332601937952e-20,1.1328885848812552e-74,0.0,0.0,0.0,2.491637290861041e-52,5.089536146910508e-20,3.3277005527982773e-56,5.040024256408982e-38,7.378987246901216e-22,0.0,0.0,0.0,0.0
16.983333333333334,-0.0140425535,4.648046575135689e-20,9.274435629604827e-75,0.0,0.0,0.0,1.932491031305453e-52,4.5881228739811415e-20,2.324376287361069e-56,3.712962532333231e-38,5.992370115454735e-22,0.0,0.0,0.0,0.0
17.0,-0.0140425535,4.18473835031055e-20,7.592495825554605e-75,0.0,0.0,0.0,1.4987898580701761e-52,4.136078793616747e-20,1.6234856663717037e-56,2.735134338280263e-38,4.865955669380276e-22,0.0,0.0,0.0,0.0
17.016666666666666,-0.0140425535,3.768055870652974e-20,6.215533607998385e-75,0.0,0.0,0.0,1.162397407888609e-52,3.728546008127289e-20,1.1338886249567434e-56,2.014684644278094e-38,3.950986252568545e-22,0.0,0.0,0.0,0.0
17.033333333333335,-0.0140425535,3.393222597270112e-20,5.088257363201413e-75,0.0,0.0,0.0,9.014864080671557e-53,3.36114432698843e-20,7.919036556441016e-57,1.483904571727402e-38,3.20782702816819e-22,0.0,0.0,0.0,0.0
17.05,-0.0140425535,3.055966939055127e-20,4.1653981562848585e-75,0.0,0.0,0.0,6.991243540396685e-53,3.02992432237615e-20,5.530372669844423e-57,1.0928876368772688e-38,2.604261667897693e-22,0.0,0.0,0.0,0.0
17.066666666666666,-0.0140425535,2.752466054059177e-20,3.4098932082215916e-75,0.0,0.0,0.0,5.421761519308425e-53,2.7313249947305063e-20,3.862038854807128e-57,8.048516844731052e-39,2.114105932867109e-22,0.0,0.0,0.0,0.0
17.083333333333332,-0.0140425535,2.479296395461903e-20,2.7913985501090605e-75,0.0,0.0,0.0,4.204527105336242e-53,2.4621355959667246e-20,2.696864714716002e-57,5.926894058923364e-39,1.7160799495178438e-22,0.0,0.0,0.0,0.0
17.1,-0.0140425535,2.2333901121962246e-20,2.285071213022391e-75,0.0,0.0,0.0,3.2605037357932694e-53,2.2194612023079674e-20,1.8831375962454307e-57,4.364249714001375e-39,1.3928909888257119e-22,0.0,0.0,0.0,0.0
17.116666666666667,-0.0140425535,2.0119965439221972e-20,1.8705721161574628e-75,0.0,0.0,0.0,2.5283842784915467e-53,2.000691668728825e-20,1.3148778404740877e-57,3.213388955759918e-39,1.130487519337224e-22,0.0,0.0,0.0,0.0
17.133333333333333,-0.0140425535,1.812648159119908e-20,1.5312496634067305e-75,0.0,0.0,0.0,1.9606150287434885e-53,1.8034736330882292e-20,9.180562808472892e-58,2.3658566859915113e-39,9.174526031678807e-23,0.0,0.0,0.0,0.0
17.15,-0.0140425535,1.6331303770591456e-20,1.2534713034022003e-75,0.0,0.0,0.0,1.5203111259913372e-53,1.625685270587851e-20,6.409642999996437e-58,1.7417473390736327e-39,7.445106471294545e-23,0.0,0.0,0.0,0.0
17.166666666666668,-0.0140425535,1.4714547921539644e-20,1.0260762406068919e-75,0.0,0.0,0.0,1.1788635881636297e-53,1.465413528554357e-20,4.474856349302386e-58,1.282193634860357e-39,6.041263599607243e-23,0.0,0.0,0.0,0.0
17.183333333333334,-0.0140425535,1.3258353850921325e-20,8.399273429402389e-76,0.0,0.0,0.0,9.1408293291161e-54,1.3209335980318849e-20,3.1239578383947824e-58,9.438304126377582e-40,4.9017870602475785e-23,0.0,0.0,0.0,0.0
17.2,-0.0140425535,1.1946673610866448e-20,6.875442693001011e-76,0.0,0.0,0.0,7.087590965610598e-54,1.1906904025598239e-20,2.1807813474489707e-58,6.9471449121457155e-40,3.976958526820841e-23,0.0,0.0,0.0,0.0
17.216666666666665,-0.0140425535,1.076508303249193e-20,5.628030976022329e-76,0.0,0.0,0.0,5.495443200201716e-54,1.073281906060808e-20,1.5222993555958224e-58,5.113178306484077e-40,3.2263971883848813e-23,0.0,0.0,0.0,0.0
17.233333333333334,-0.0140425535,9.700613697647459e-21,4.606904011095772e-76,0.0,0.0,0.0,4.2608658922506564e-54,9.674440611979937e-21,1.0625981793312907e-58,3.763118150685668e-40,2.6173085667522715e-23,0.0,0.0,0.0,0.0
17.25,-0.0140425535,8.741602983673651e-21,3.77101904768684e-76,0.0,0.0,0.0,3.303574488887972e-54,8.72037237091857e-21,7.416845285418649e-59,2.769346218491231e-40,2.123061275508171e-23,0.0,0.0,0.0,0.0
17.266666666666666,-0.0140425535,7.87756011497139e-21,3.086776415295738e-76,0.0,0.0,0.0,2.5613060229654436e-54,7.860339810968905e-21,5.176671470959717e-59,2.037883168448614e-40,1.7220304002485476e-23,0.0,0.0,0.0,0.0
17.283333333333335,-0.0140425535,7.099046412279637e-21,2.5266699288273068e-76,0.0,0.0,0.0,1.9857748148786148e-54,7.0850798360025e-21,3.612961247207291e-59,1.4995262887234496e-40,1.396657627713685e-23,0.0,0.0,0.0,0.0
17.3,-0.0140425535,6.39756815231438e-21,2.0681819679287653e-76,0.0,0.0,0.0,1.5395355371877967e-54,6.386241276656346e-21,2.5214908703144703e-59,1.1033207900659467e-40,1.1326875658034351e-23,0.0,0.0,0.0,0.0
17.316666666666666,-0.0140425535,5.765480642203723e-21,1.6928788791012088e-76,0.0,0.0,0.0,1.1935501230861576e-54,5.756295169463753e-21,1.759677074845154e-59,8.117505242956655e-41,9.185472739969405e-24,0.0,0.0,0.0,0.0
17.333333333333332,-0.0140425535,5.1959022794257074e-21,1.3856703875312233e-76,0.0,0.0,0.0,9.253006363626948e-55,5.188453857548077e-21,1.2279766614419871e-59,5.971955363859243e-41,7.448421877630157e-24,0.0,0.0,0.0,0.0
17.35,-0.0140425535,4.6826375124494835e-21,1.1342032871273646e-76,0.0,0.0,0.0,7.173256264180905e-55,4.67659804610588e-21,8.568975302467038e-60,4.3932292576014595e-41,6.039466343603692e-24,0.0,0.0,0.0,0.0
17.366666666666667,-0.0140425535,4.220107743169852e-21,9.283650661149308e-77,0.0,0.0,0.0,5.5608495998721015e-55,4.2152110310169475e-21,5.9792868846064e-60,3.2316525313751716e-41,4.896712152904827e-24,0.0,0.0,0.0,0.0
17.383333333333333,-0.0140425535,3.803289322139639e-21,7.598775378176057e-77,0.0,0.0,0.0,4.3107943062352486e-55,3.799319395669574e-21,4.172071023288743e-60,2.377054101267564e-41,3.969926470064739e-24,0.0,0.0,0.0,0.0
17.4,-0.0140425535,3.42765788379996e-21,6.2196415890550384e-77,0.0,0.0,0.0,3.341679781984563e-55,3.424439540317089e-21,2.910957573190644e-60,1.748345360462696e-41,3.218343482870766e-24,0.0,0.0,0.0,0.0
17.416666666666668,-0.0140425535,3.0891383532642986e-21,5.090776752941036e-77,0.0,0.0,0.0,2.5903817478138482e-55,3.0865294707092695e-21,2.0309630303237172e-60,1.2858469288088002e-41,2.6088825550289236e-24,0.0,0.0,0.0,0.0
17.433333333333334,-0.0140425535,2.7840600303465773e-21,4.166771576936691e-77,0.0,0.0,0.0,2.0079558138260538e-55,2.7819453290478365e-21,1.4169358813565203e-60,9.456389243018338e-42,2.114701298740772e-24,0.0,0.0,0.0,0.0
17.45,-0.0140425535,2.509116221794567e-21,3.4104547167119102e-77,0.0,0.0,0.0,1.55645296968734e-55,2.5074022010919637e-21,9.885086953469176e-61,6.954014052899898e-42,1.7140207026032162e-24,0.0,0.0,0.0,0.0
17.466666666666665,-0.0140425535,2.2613279502681406e-21,2.7913985055033053e-77,0.0,0.0,0.0,1.2064500718418875e-55,2.2599387790351626e-21,6.895932192808073e-61,5.113521371507093e-42,1.3891712329780306e-24,0.0,0.0,0.0,0.0
17.483333333333334,-0.0140425535,2.03801131947613e-21,2.284695686667485e-77,0.0,0.0,0.0,9.351348346870007e-56,2.036885501071584e-21,4.810472547128241e-61,3.7599234747799476e-42,1.1258184045462106e-24,0.0,0.0,0.0,0.0
17.5,-0.0140425535,1.8367481599152745e-21,1.8699580075098632e-77,0.0,0.0,0.0,7.24820848773809e-56,1.83583582581503e-21,3.355558729658204e-61,2.7644738480194626e-42,9.123341002448774e-25,0.0,0.0,0.0,0.0
17.516666666666666,-0.0140425535,1.655359619568142e-21,1.5304964419433524e-77,0.0,0.0,0.0,5.617960849847944e-56,1.6546203333207861e-21,2.340584742147412e-61,2.032453623772628e-42,7.392862473559806e-25,0.0,0.0,0.0,0.0
17.533333333333335,-0.009361702,1.4918823993490577e-21,1.2526501042019833e-77,0.0,0.0,0.0,4.354300116046989e-56,1.4912833747512461e-21,1.632549625497213e-61,1.4941823803969056e-42,5.990245978117061e-25,0.0,0.0,0.0,0.0
17.55,-0.009361702,1.344547364579263e-21,1.0252368880838872e-77,0.0,0.0,0.0,3.374812571895063e-56,1.3440620200407377e-21,1.138651926162105e-61,1.0984024974410463e-42,4.853445385251789e-25,0.0,0.0,0.0,0.0
17.566666666666666,-0.009361702,1.2117602917998756e-21,8.391037557305545e-78,0.0,0.0,0.0,2.615607868281519e-56,1.211367077547814e-21,7.94142108167889e-62,8.074106502154044e-43,3.932142520617538e-25,0.0,0.0,0.0,0.0
17.583333333333332,-0.009361702,1.0920845352041256e-21,6.867586030242329e-78,0.0,0.0,0.0,2.0271566884825426e-56,1.0917659818982655e-21,5.538449285467522e-62,5.9347526415389085e-43,3.1855330585995756e-25,0.0,0.0,0.0,0.0
17.6,-0.009361702,9.842254192414294e-22,5.620689059811754e-78,0.0,0.0,0.0,1.5710634954844517e-56,9.839673662527245e-22,3.862432787974545e-62,4.362004230008364e-43,2.58052988704868e-25,0.0,0.0,0.0,0.0
17.616666666666667,-0.009361702,8.870161838310994e-22,4.600150356133494e-78,0.0,0.0,0.0,1.2175643424422902e-56,8.86807153297919e-22,2.6934973510507985e-62,3.205863133417164e-43,2.0903053318043e-25,0.0,0.0,0.0,0.0
17.633333333333333,-0.009361702,7.99405326391081e-22,3.7648832533310464e-78,0.0,0.0,0.0,9.435868868701991e-57,7.992360155499082e-22,1.8782574003459399e-62,2.3560224787189974e-43,1.6931084117276883e-25,0.0,0.0,0.0,0.0
17.65,-0.004680851,7.204452007778309e-22,3.081257732874189e-78,0.0,0.0,0.0,7.312463206473278e-57,7.203080702476129e-22,1.3097146177028846e-62,1.7313686982922009e-43,1.3713053021804074e-25,0.0,0.0,0.0,0.0
17.666666666666668,-0.004680851,6.49281747454337e-22,2.5217473423307833e-78,0.0,0.0,0.0,5.666792890172614e-57,6.491706873606914e-22,9.132324237415636e-63,1.2722588884250003e-43,1.1106009364564488e-25,0.0,0.0,0.0,0.0
17.683333333333334,-0.004680851,5.851452419403109e-22,2.0638216082473118e-78,0.0,0.0,0.0,4.3913986525538337e-57,5.850553011809348e-22,6.367502482265776e-63,9.348401276510907e-44,8.994075937608923e-26,0.0,0.0,0.0,0.0
17.7,0.0,5.273419600121879e-22,1.689039408850473e-78,0.0,0.0,0.0,3.402987028556687e-57,5.272691267369092e-22,4.4395622182175706e-63,6.868710902867439e-44,7.283327527865977e-26,0.0,0.0,0.0,0.0
17.716666666666665,0.0,4.75246668355797e-22,1.382306849896232e-78,0.0,0.0,0.0,2.6369971249729896e-57,4.751876919846751e-22,3.0952409620001755e-63,5.046488489285782e-44,5.897637112183385e-26,0.0,0.0,0.0,0.0
17.733333333333334,0.0,4.28295858555785e-22,1.1312697997193e-78,0.0,0.0,0.0,2.0433886645547273e-57,4.282481054847203e-22,2.1579041227017614e-63,3.7074867801270487e-44,4.775307106470417e-26,0.0,0.0,0.0,0.0
17.75,0.0,3.859816505477328e-22,9.258166529885993e-79,0.0,0.0,0.0,1.583376853237555e-57,3.8594298717294364e-22,1.5043651286546866e-63,2.7236188210484807e-44,3.8663374789148504e-26,0.0,0.0,0.0,0.0
17.766666666666666,0.004680851,3.478462990588062e-22,7.576713243160398e-79,0.0,0.0,0.0,1.226901280487839e-57,3.4781499695405846e-22,1.048715947862299e-63,2.0007349057191496e-44,3.1302104747751114e-26,0.0,0.0,0.0,0.0
17.783333333333335,0.004680851,3.1347724321091675e-22,6.200601007365271e-79,0.0,0.0,0.0,9.506638739703329e-58,3.1345190226713933e-22,7.310482750606795e-64,1.4696346852606754e-44,2.534094377741525e-26,0.0,0.0,0.0,0.0
17.8,0.004680851,0.006728651338149205,5.0743895193373735e-79,0.0,0.0,0.0,7.366080009572165e-58,2.824821315623625e-22,5.095864586177865e-64,1.0794585566128341e-44,2.051387139310186e-26,0.006728651338149205,0.0,0.0,0.0
17.816666666666666,0.009361702,0.008942829255899074,4.152703282626577e-79,0.0,0.0,0.0,5.707395521307657e-58,2.545707658486324e-22,3.552003674610082e-64,7.928287710343272e-45,1.6605356463681374e-26,0.008942829255899074,0.0,0.0,0.0
17.833333333333332,0.009361702,0.0085538313066106,3.3984046680766034e-79,0.0,0.0,0.0,4.422131290750742e-58,2.2941592517907753e-22,2.4757837409260372e-64,5.822772090061229e-45,1.3440785206721247e-26,0.0085538313066106,0.0,0.0,0.0
17.85,0.009361702,0.008123870612782308,2.7810985489130834e-79,0.0,0.0,0.0,3.426237352440453e-58,2.0674551118555357e-22,1.7255829695988035e-64,4.276192563541572e-45,1.0878701819581759e-26,0.008123870612782308,0.0,0.0,0.0
17.866666666666667,0.009361702,0.007693126886346257,2.275908340922486e-79,0.0,0.0,0.0,2.6545776627363563e-58,1.8631427060035368e-22,1.2026600670833715e-64,3.1402331893374056e-45,8.804518893260713e-27,0.007693126886346257,0.0,0.0,0.0
17.883333333333333,0.009361702,0.007273627532240057,1.8624741954099606e-79,0.0,0.0,0.0,2.0566748132441574e-58,1.6790114815384752e-22,8.38173464711164e-65,2.305917885457287e-45,7.125419526600316e-27,0.007273627532240057,0.0,0.0,0.0
17.9,0.009361702,0.006870078239321339,1.5241330292302603e-79,0.0,0.0,0.0,1.5934118897692112e-58,1.5130690034810406e-22,5.84129260079445e-65,1.693180189219458e-45,5.766225608446651e-27,0.006870078239321339,0.0,0.0,0.0
17.916666666666668,0.009361702,0.006484408518240498,1.2472473915170778e-79,0.0,0.0,0.0,1.2344762344028421e-58,1.363519444116363e-22,4.070690815993514e-65,1.2431972174376088e-45,4.666049367078117e-27,0.006484408518240498,0.0,0.0,0.0
17.933333333333334,0.004680851,0.006117275655673015,1.020656154888153e-79,0.0,0.0,0.0,9.563782607367017e-59,1.228744192697458e-22,2.8366871431833283e-65,9.127555834375729e-46,3.7755798692963744e-27,0.006117275655673015,0.0,0.0,0.0
17.95,0.004680851,0.005768686539303436,8.352249206207099e-80,0.0,0.0,0.0,7.409159872029092e-59,1.1072843764534952e-22,1.976691954276035e-65,6.701109147063303e-46,3.054884203604003e-27,0.005768686539303436,0.0,0.0,0.0
17.966666666666665,0.004680851,0.005438294017482507,6.834780396583135e-80,0.0,0.0,0.0,5.7398503554223315e-59,9.978251046135775e-23,1.3773707120367508e-65,4.919451868457397e-46,2.4716258347439137e-27,0.005438294017482507,0.0,0.0,0.0
17.983333333333334,0.004680851,0.005125552725198976,5.592974356610361e-80,0.0,0.0,0.0,4.446563856070901e-59,8.991812656937897e-23,9.597255400588493e-66,3.611309212021885e-46,1.9996210703135634e-27,0.005125552725198976,0.0,0.0,0.0
18.0,0.0,0.004829807025912442,4.576761047238341e-80,0.0,0.0,0.0,3.444616535031618e-59,8.102847250102435e-23,6.686943944104324e-66,2.6508837073356023e-46,1.6176695456373714e-27,0.004829807025912442,0.0,0.0,0.0
18.016666666666666,0.0,0.0045503432780487464,3.745163669757417e-80,0.0,0.0,0.0,2.6683920667621053e-59,7.30172784449344e-23,4.659000934568663e-66,1.945784861225427e-46,1.3086067690268266e-27,0.0045503432780487464,0.0,0.0,0.0
18.03333333333333,0.0,0.0042864220828023325,3.06464746542226e-80,0.0,0.0,0.0,2.0670493017986388e-59,6.579777801139097e-23,3.245954738289099e-66,1.4281611385068067e-46,1.058536610320436e-27,0.0042864220828023325,0.0,0.0,0.0
18.05,0.0,0.00403729869781635,2.50776830752608e-80,0.0,0.0,0.0,1.6011959774522708e-59,5.929177057122108e-23,2.2613965801084605e-66,1.0481850276354315e-46,8.562095947045613e-28,0.00403729869781635,0.0,0.0,0.0
18.066666666666663,0.0,0.0038022361550336184,2.0520666631319368e-80,0.0,0.0,0.0,1.2403111025879652e-59,5.342877606013861e-23,1.5754175285402804e-66,7.6926707230205e-47,6.9251933304411845e-28,0.0038022361550336184,0.0,0.0,0.0
18.08333333333333,-0.004680851,0.0035805137248485054,1.6791623799066543e-80,0.0,0.0,0.0,9.607475436787108e-60,4.814527313527449e-23,1.0974869063767405e-66,5.645402176862092e-47,5.60094664658695e-28,0.0035805137248485054,0.0,0.0,0.0
18.1,-0.004680851,0.003371432328969164,1.3740138390111197e-80,0.0,0.0,0.0,7.441842420026898e-60,4.338401246839385e-23,7.645181759671475e-67,4.142774375155248e-47,4.529693401815503e-28,0.003371432328969164,0.0,0.0,0.0
18.116666666666667,-0.004680851,0.0031743179081063617,1.1243116330696554e-80,0.0,0.0,0.0,5.764268691820202e-60,3.9093397769509726e-23,5.325509159537246e-67,3.0399499083065184e-47,3.6631451861398376e-28,0.0031743179081063617,0.0,0.0,0.0
18.133333333333333,-0.009361702,0.0029885233951972476,9.199823451689545e-81,0.0,0.0,0.0,4.464784974004157e-60,3.522692786425398e-23,3.709534126619419e-67,2.230593455279218e-47,2.9622214626713626e-28,0.0029885233951972476,0.0,0.0,0.0
18.15,-0.009361702,0.00281342972584269,7.527824385906874e-81,0.0,0.0,0.0,3.458195076985043e-60,3.1742693806188835e-23,2.5838219261722993e-67,1.63664077847185e-47,2.395295495015156e-28,0.00281342972584269,0.0,0.0,0.0
18.166666666666668,-0.009361702,0.0026484461786482655,6.159658959725527e-81,0.0,0.0,0.0,2.678496367121222e-60,2.860292559819233e-23,1.799661479373275e-67,1.2007852857646965e-47,1.9367740822517046e-28,0.0026484461786482655,0.0,0.0,0.0
18.183333333333334,-0.0140425535,0.0024930102476712797,5.04012216884616e-81,0.0,0.0,0.0,2.074556620559788e-60,2.577358363173002e-23,1.2534417461443787e-67,8.809606076589448e-48,1.5659476424941368e-28,0.0024930102476712797,0.0,0.0,0.0
18.2,-0.009361702,0.0023465871889038078,4.124038139344968e-81,0.0,0.0,0.0,1.606764414110739e-60,2.3223990434768277e-23,8.729766747526936e-68,6.462891414324632e-48,1.2660592370980618e-28,0.0023465871889038078,0.0,0.0,0.0
18.216666666666665,-0.0140425535,0.002208669341760591,3.3744383733631584e-81,0.0,0.0,0.0,1.2444338675809004e-60,2.0926498753625624e-23,6.079758580476846e-68,4.741072130498444e-48,1.023550892665879e-28,0.002208669341760591,0.0,0.0,0.0
18.23333333333333,-0.0140425535,0.0020787752981948765,2.7610708648691395e-81,0.0,0.0,0.0,9.637938894971128e-61,1.8856192385745964e-23,4.2340433128417055e-68,3.477808739079821e-48,8.274534901692513e-29,0.0020787752981948765,0.0,0.0,0.0
18.25,-0.0140425535,0.00195644897213651,2.259180000537726e-81,0.0,0.0,0.0,7.464303124926278e-61,1.6990616533532777e-23,2.9485573804533283e-68,2.5510228488840864e-48,6.688929010087192e-29,0.00195644897213651,0.0,0.0,0.0
18.266666666666666,-0.0140425535,0.001841258607732937,1.8485080705171098e-81,0.0,0.0,0.0,5.78078933956497e-61,1.5309534767727366e-23,2.053285091975055e-68,1.8711242110896537e-48,5.406902433225828e-29,0.001841258607732937,0.0,0.0,0.0
18.28333333333333,-0.0140425535,0.0017327957546075634,1.5124781429643416e-81,0.0,0.0,0.0,4.476904380737706e-61,1.379470997579844e-23,1.429796942091096e-68,1.3723680432830974e-48,4.3703833913841096e-29,0.0017327957546075634,0.0,0.0,0.0
18.3,-0.018723404,0.001630674230853614,1.2375253642430402e-81,0.0,0.0,0.0,3.467059677566143e-61,1.2429706929542969e-23,9.956001891231069e-69,1.006510652360553e-48,3.532398610999964e-29,0.001630674230853614,0.0,0.0,0.0
18.316666666666663,-0.018723404,0.001534529088951951,1.0125497278590152e-81,0.0,0.0,0.0,2.684959022192565e-61,1.119971433931193e-23,6.932360354962159e-69,7.381524180717791e-49,2.854954181220073e-29,0.001534529088951951,0.0,0.0,0.0
18.33333333333333,-0.018723404,0.0014440155956897086,8.284682504286206e-82,0.0,0.0,0.0,2.0792507945219386e-61,1.0091384472528244e-23,4.826839949102788e-69,5.413195362273355e-49,2.3073206531728898e-29,0.0014440155956897086,0.0,0.0,0.0
18.35,-0.018723404,0.00135880823407815,6.778484993774291e-82,0.0,0.0,0.0,1.6101598115873025e-61,9.092688603707432e-24,3.360704533670361e-69,3.969551390375035e-49,1.8646453449914158e-29,0.00135880823407815,0.0,0.0,0.0
18.366666666666667,-0.018723404,0.0012785997329473485,5.546086960020698e-82,0.0,0.0,0.0,1.246878121950756e-61,8.19278673403094e-24,2.3398255848610317e-69,2.9107795797781525e-49,1.5068294818860958e-29,0.0012785997329473485,0.0,0.0,0.0
18.383333333333333,-0.023404256,0.0012031001281405673,4.5377230107726e-82,0.0,0.0,0.0,9.655437675032878e-62,7.38191017254998e-24,1.6290049891433188e-69,2.1343098192921564e-49,1.217619677573404e-29,0.0012031001281405673,0.0,0.0,0.0
18.4,-0.023404256,0.0011320358578998356,3.712671864453849e-82,0.0,0.0,0.0,7.476750453677775e-62,6.651255709942815e-24,1.1340890926109266e-69,1.564897677433418e-49,9.838728809961545e-30,0.0011320358578998356,0.0,0.0,0.0
18.416666666666668,-0.023404256,0.0010651488940205155,3.0376129345574453e-82,0.0,0.0,0.0,5.789576408652824e-62,5.99289024089273e-24,7.895103309692837e-70,1.1473471945227991e-49,7.949616998714289e-30,0.0010651488940205155,0.0,0.0,0.0
18.433333333333334,-0.023404256,0.0010021959095839659,2.485281501471949e-82,0.0,0.0,0.0,4.483051211196805e-62,5.399664803984245e-24,5.4960971369970904e-70,8.411709889175855e-50,6.422933180391799e-30,0.0010021959095839659,0.0,0.0,0.0
18.45,-0.023404256,0.0009429474834932133,2.0333682294878007e-82,0.0,0.0,0.0,3.471311907935706e-62,4.8651371097072295e-24,3.82592960429898e-70,6.1667212296046755e-50,5.189203286410482e-30,0.0009429474834932133,0.0,0.0,0.0
18.466666666666665,-0.023404256,0.0008871873415964353,1.6636186392154386e-82,0.0,0.0,0.0,2.6878598906085157e-62,4.38350171883943e-24,2.6632111244284656e-70,4.520693210911395e-50,4.1922593812830114e-30,0.0008871873415964353,0.0,0.0,0.0
18.48333333333333,-0.023404256,0.0008347116338524624,1.361096208768757e-82,0.0,0.0,0.0,2.081194586793778e-62,3.949527116108663e-24,1.853789068975483e-70,3.313878097592446e-50,3.386693418840775e-30,0.0008347116338524624,0.0,0.0,0.0
18.5,-0.023404256,0.0007853282467483506,1.1135793757847614e-82,0.0,0.0,0.0,1.611431478649715e-62,3.5584989985292e-24,1.2903311747401563e-70,2.4291195046234043e-50,2.735797806309503e-30,0.0007853282467483506,0.0,0.0,0.0
18.516666666666666,-0.023404256,0.0007388561500012655,9.110681125687068e-83,0.0,0.0,0.0,1.2476825902710976e-62,3.206169164950374e-24,8.981073862452557e-71,1.7805008172117335e-50,2.209899790841276e-30,0.0007388561500012655,0.0,0.0,0.0
18.53333333333333,-0.023404256,0.0006951247764508592,7.453801660324433e-83,0.0,0.0,0.0,9.660275793576404e-63,2.888709453879761e-24,6.250886359297242e-71,1.3050179974024133e-50,1.7850144274985578e-30,0.0006951247764508592,0.0,0.0,0.0
18.55,-0.023404256,0.0006539734339632778,6.09820670755838e-83,0.0,0.0,0.0,7.479423001212938e-63,2.6026702312015035e-24,4.3505207888530306e-71,9.564712835370121e-51,1.441755249209775e-30,0.0006539734339632778,0.0,0.0,0.0
18.566666666666663,-0.023404256,0.0006152507481138569,4.9891180322614795e-83,0.0,0.0,0.0,5.790817089323211e-63,2.344942978584701e-24,3.0278004840937217e-71,7.009847400332416e-51,1.1644533821374469e-30,0.0006152507481138569,0.0,0.0,0.0
18.58333333333333,-0.023404256,0.0005788141343862732,4.0817156741141276e-83,0.0,0.0,0.0,4.483372279502809e-63,2.1127265777033913e-24,2.107170474836363e-71,5.137199928271812e-51,9.40445255942663e-31,0.0005788141343862732,0.0,0.0,0.0
18.6,-0.023404256,0.0005445292986161637,3.3393278394707664e-83,0.0,0.0,0.0,3.4710668797880785e-63,1.9034969253472037e-24,1.4664206053546658e-71,3.7646597383545157e-51,7.594966700029379e-31,0.0005445292986161637,0.0,0.0,0.0
18.616666666666667,-0.023404256,0.0005122697644112627,2.731949772673467e-83,0.0,0.0,0.0,2.687289200547555e-63,1.7149795505121245e-24,1.0204787158710607e-71,2.758712417671681e-51,6.133371357533749e-31,0.0005122697644112627,0.0,0.0,0.0
18.633333333333333,-0.023404256,0.0004819164262961232,2.2350318239997925e-83,0.0,0.0,0.0,2.0804587007233954e-63,1.5451249370244077e-24,7.101268158257339e-72,2.0214762788362232e-51,4.9528339887230575e-31,0.0004819164262961232,0.0,0.0,0.0
18.65,-0.023404256,0.00045335712735413287,1.8284877938631728e-83,0.0,0.0,0.0,1.6106348034099902e-63,1.39208628451121e-24,4.941450963091369e-72,1.481195788636806e-51,3.999350771774851e-31,0.00045335712735413287,0.0,0.0,0.0
18.666666666666668,-0.023404256,0.00042648626016985106,1.4958835218733011e-83,0.0,0.0,0.0,1.2468906511391516e-63,1.2541994669024743e-24,3.438426399512255e-72,1.0852704217233152e-51,3.2292861229092356e-31,0.00042648626016985106,0.0,0.0,0.0
18.683333333333334,-0.023404256,0.0004012043899104709,1.223772963431071e-83,0.0,0.0,0.0,9.652792891676942e-64,1.1299649714213897e-24,2.39249858936129e-72,7.951429690495451e-52,2.6073837226196105e-31,0.0004012043899104709,0.0,0.0,0.0
18.7,-0.023404256,0.00037741789842368984,1.0011549489954991e-83,0.0,0.0,0.0,7.472586628092836e-64,1.0180316224459925e-24,1.6646786623388952e-72,5.825514882810008e-52,2.105158772912397e-31,0.00037741789842368984,0.0,0.0,0.0
18.716666666666665,-0.023404256,0.0003550386482704293,8.190286921305683e-84,0.0,0.0,0.0,5.784719437327383e-64,9.171819139371682e-25,1.1582330388156423e-72,4.267812429049547e-52,1.6995984770377354e-31,0.0003550386482704293,0.0,0.0,0.0
18.73333333333333,-0.023404256,0.0003339836656528891,6.700300983681127e-84,0.0,0.0,0.0,4.478030365491058e-64,8.2631879153399205e-25,8.058391226600377e-73,3.126499214609708e-52,1.3721117025239662e-31,0.0003339836656528891,0.0,0.0,0.0
18.75,-0.023404256,0.00031417484124146637,5.481341886112526e-84,0.0,0.0,0.0,3.466451919796374e-64,7.444537411064085e-25,5.606446193775311e-73,2.290305380343616e-52,1.1076800872142031e-31,0.00031417484124146637,0.0,0.0,0.0
18.766666666666666,-0.023404256,0.00029553864794710263,4.484116198174232e-84,0.0,0.0,0.0,2.6833465243668382e-64,6.70696054695954e-25,3.900442937042281e-73,1.6776857226878246e-52,8.94171986455364e-32,0.00029553864794710263,0.0,0.0,0.0
18.78333333333333,-0.018723404,0.00027800587472826595,3.6682946972618067e-84,0.0,0.0,0.0,2.0771209868093903e-64,6.042431575197557e-25,2.7134836342226173e-73,1.2288816123380746e-52,7.21788050319927e-32,0.00027800587472826595,0.0,0.0,0.0
18.8,-0.018723404,0.00026151137556405124,3.000882395480512e-84,0.0,0.0,0.0,1.6078306399488928e-64,5.443718912008611e-25,1.887676373745284e-73,9.00102112242392e-53,5.826131966987625e-32,0.00026151137556405124,0.0,0.0,0.0
18.816666666666663,-0.018723404,0.00024599383276598585,2.454884909159375e-84,0.0,0.0,0.0,1.2445498628312025e-64,4.90430658740643e-25,1.313151932315669e-73,6.59258728374413e-53,4.7025457947550007e-32,0.00024599383276598585,0.0,0.0,0.0
18.83333333333333,-0.018723404,0.00023139553384130703,2.0082173003075327e-84,0.0,0.0,0.0,9.633360566914808e-65,4.418323460806318e-25,9.134600630160366e-74,4.828391128709624e-53,3.795490593920368e-32,0.00023139553384130703,0.0,0.0,0.0
18.85,-0.018723404,0.0002176621611596008,1.642811310965088e-84,0.0,0.0,0.0,7.456531624415498e-65,3.980479435117616e-25,6.354060557092337e-74,3.536156844429864e-53,3.063268454945323e-32,0.0002176621611596008,0.0,0.0,0.0
18.866666666666667,-0.018723404,0.00020474259371217523,1.3438849235086154e-84,0.0,0.0,0.0,5.771510181239987e-65,3.5860079776849596e-25,4.419777217758499e-74,2.589662638560396e-53,2.472205302777127e-32,0.00020474259371217523,0.0,0.0,0.0
18.883333333333333,-0.018723404,0.00019258872028991673,1.0993447359445597e-84,0.0,0.0,0.0,4.467202519600046e-65,3.2306143247715534e-25,3.0742324278030416e-74,1.8964331187859322e-53,1.9951080756488245e-32,0.00019258872028991673,0.0,0.0,0.0
18.9,-0.018723404,0.00018115526344038494,8.992970056511481e-85,0.0,0.0,0.0,3.4576052592685913e-65,2.910428807853798e-25,2.1382592372947155e-74,1.3887197506469022e-53,1.6100183238467622e-32,0.00018115526344038494,0.0,0.0,0.0
18.916666666666668,-0.018723404,0.0001703996135981988,7.356476044497362e-85,0.0,0.0,0.0,2.6761397657748537e-65,2.621964795483503e-25,1.487206920356656e-74,1.0168912412906033e-53,1.2992053235639026e-32,0.0001703996135981988,0.0,0.0,0.0
18.933333333333334,-0.018723404,0.00016028167281494484,6.017747194919461e-85,0.0,0.0,0.0,2.071265659900206e-65,2.362080794491578e-25,1.0343555938006723e-74,7.445901495555823e-54,1.0483527162056888e-32,0.00016028167281494484,0.0,0.0,0.0
18.95,-0.018723404,0.00015076370754537357,4.922610732259248e-85,0.0,0.0,0.0,1.6030847033496308e-65,2.1279462993793905e-25,7.193757799011466e-75,5.45183901178296e-54,8.459015068091892e-33,0.00015076370754537357,0.0,0.0,0.0
18.966666666666665,-0.018723404,0.00014181020997596644,4.0267484030307066e-85,0.0,0.0,0.0,1.2407114958067003e-65,1.917011019370146e-25,5.002985866336769e-75,3.991643870932762e-54,6.82519387170027e-33,0.00014181020997596644,0.0,0.0,0.0
18.98333333333333,-0.018723404,0.0001333877674097254,3.293904067871692e-85,0.0,0.0,0.0,9.602378761036136e-66,1.7269771492018326e-25,3.4792874057035048e-75,2.9224268513117603e-54,5.506721137833857e-33,0.0001333877674097254,0.0,0.0,0.0
19.0,-0.018723404,0.00012546493924760346,2.6944172687699276e-85,0.0,0.0,0.0,7.431569918786794e-66,1.5557743827409674e-25,2.4195741930456014e-75,2.1395314763961695e-54,4.4427732975241035e-33,0.00012546493924760346,0.0,0.0,0.0
19.016666666666666,-0.018723404,0.00011801214113221412,2.204023495551861e-85,0.0,0.0,0.0,5.75143256616217e-66,1.40153739823309e-25,1.6825781180774887e-75,1.566307215575302e-54,3.5842498521399085e-33,0.00011801214113221412,0.0,0.0,0.0
19.03333333333333,-0.018723404,0.00011100153584338295,1.8028726532312488e-85,0.0,0.0,0.0,4.4510783970877556e-66,1.262585570804831e-25,1.1700360096833203e-75,1.1466173901503193e-54,2.89151553843524e-33,0.00011100153584338295,0.0,0.0,0.0
19.05,-0.018723404,0.00010440693055792258,1.474726049988073e-85,0.0,0.0,0.0,3.444674747397929e-66,1.137404691986556e-25,8.136000414885815e-76,8.393507361793945e-55,2.3325770210056856e-33,0.00010440693055792258,0.0,0.0,0.0
19.066666666666663,-0.018723404,9.820368010754482e-05,1.2062994405639783e-85,0.0,0.0,0.0,2.6657841659452366e-66,1.0246304977899492e-25,5.657316583090322e-76,6.1440093987671405e-55,1.8816105501433308e-33,9.820368010754482e-05,0.0,0.0,0.0
19.08333333333333,-0.018723404,9.236859588929587e-05,9.86725563147974e-86,0.0,0.0,0.0,2.0629825315745626e-66,9.230338264917074e-26,3.933669178856726e-76,4.4972163329758734e-55,1.5177730799017695e-33,9.236859588929587e-05,0.0,0.0,0.0
19.1,-0.018723404,8.687986010235322e-05,8.071144378293252e-86,0.0,0.0,0.0,1.596466976876078e-66,8.315072449534029e-26,2.7350990388027988e-76,3.2916925673397585e-55,1.2242423150948636e-33,8.687986010235322e-05,0.0,0.0,0.0
19.116666666666667,-0.018723404,8.17169450033206e-05,6.601936465182241e-86,0.0,0.0,0.0,1.2354300749170346e-66,7.490529982389481e-26,1.901674562875994e-76,2.409230769944525e-55,9.874416383744823e-34,8.17169450033206e-05,0.0,0.0,0.0
19.133333333333333,-0.018723404,7.68605368895704e-05,5.4001404753949464e-86,0.0,0.0,0.0,9.560272225028051e-67,6.747721516480798e-26,1.3221699951821164e-76,1.7632798681058015e-55,7.96414337551248e-34,7.68605368895704e-05,0.0,0.0,0.0
19.15,-0.018723404,7.22924645366865e-05,4.417090235039389e-86,0.0,0.0,0.0,7.39803234895598e-67,6.078548072252401e-26,9.192346770722652e-77,1.2904698927582949e-55,6.4231839533772865e-34,7.22924645366865e-05,0.0,0.0,0.0
19.166666666666668,-0.018723404,6.799563183154997e-05,3.612975254440901e-86,0.0,0.0,0.0,5.724744246505309e-67,5.475712884613659e-26,6.390775268546923e-77,9.444051572291018e-56,5.180186310173543e-34,6.799563183154997e-05,0.0,0.0,0.0
19.183333333333334,-0.018723404,6.395395435738286e-05,2.9552294702002858e-86,0.0,0.0,0.0,4.429858631265943e-67,4.932641974158733e-26,4.442922925466572e-77,6.9111884383313e-56,4.17757448597179e-34,6.395395435738286e-05,0.0,0.0,0.0
19.2,-0.018723404,6.01522997009412e-05,2.4172131140962272e-86,0.0,0.0,0.0,3.427816595494993e-67,4.443412579547977e-26,3.0886744926067782e-77,5.057444145954583e-56,3.368890527702765e-34,6.01522997009412e-05,0.0,0.0,0.0
19.216666666666665,-0.018723404,5.657643126522681e-05,1.9771343884555246e-86,0.0,0.0,0.0,2.6524013342047957e-67,4.0026886733567483e-26,2.147156373183924e-77,3.700781946011385e-56,2.716649073500041e-34,5.657643126522681e-05,0.0,0.0,0.0
19.23333333333333,-0.018723404,5.321295538347203e-05,1.6171673255063824e-86,0.0,0.0,0.0,2.052366261996008e-67,3.605662860592348e-26,1.4925999386426142e-77,2.7079460242590606e-56,2.190605639523867e-34,5.321295538347203e-05,0.0,0.0,0.0
19.25,-0.018723404,5.004927154190032e-05,1.3227301424939033e-86,0.0,0.0,0.0,1.588051134574407e-67,3.2480040283880347e-26,1.0375556936915325e-77,1.9813932518342942e-56,1.766358892412022e-34,5.004927154190032e-05,0.0,0.0,0.0
19.266666666666666,-0.018723404,4.707352552983409e-05,1.0818948956607728e-86,0.0,0.0,0.0,1.2287629338146889e-67,2.925810177832471e-26,7.212199163303496e-78,1.4497248663193779e-56,1.4242225398687132e-34,4.707352552983409e-05,0.0,0.0,0.0
19.28333333333333,-0.018723404,4.427456534616318e-05,8.849045469537954e-87,0.0,0.0,0.0,9.507487080650844e-68,2.6355659251711667e-26,5.013168935972663e-78,1.0606810078773189e-56,1.148314868009745e-34,4.427456534616318e-05,0.0,0.0,0.0
19.3,-0.018723404,4.164189970107471e-05,7.237779022027439e-87,0.0,0.0,0.0,7.356266008660092e-68,2.3741042103330053e-26,3.4845391224897523e-78,7.760118544401477e-57,9.258239647046504e-35,4.164189970107471e-05,0.0,0.0,0.0
19.316666666666663,-0.018723404,3.916565896123626e-05,5.9198643416034304e-87,0.0,0.0,0.0,5.691715238930461e-68,2.1385717964350096e-26,2.4219588867929906e-78,5.677228046924608e-57,7.464147519967049e-35,3.916565896123626e-05,0.0,0.0,0.0
19.33333333333333,-0.018723404,3.683655839540594e-05,4.841899119125492e-87,0.0,0.0,0.0,4.4037532541863905e-68,1.926398185100658e-26,1.6833586128758261e-78,4.1532570084882875e-57,6.017504783115969e-35,3.683655839540594e-05,0.0,0.0,0.0
19.35,-0.018723404,3.464586358575294e-05,3.960201373370918e-87,0.0,0.0,0.0,3.4071941586246822e-68,1.7352676095414682e-26,1.1699707957139576e-78,3.038266171891039e-57,4.851065919442149e-35,3.464586358575294e-05,0.0,0.0,0.0
19.366666666666667,-0.018723404,3.2585357877956606e-05,3.239040357029487e-87,0.0,0.0,0.0,2.6361183081967635e-68,1.5630938007892467e-26,8.131336501643336e-79,2.2225289964948227e-57,3.910591730468997e-35,3.2585357877956606e-05,0.0,0.0,0.0
19.383333333333333,-0.018723404,3.064731175053097e-05,2.649189398721962e-87,0.0,0.0,0.0,2.039515634977607e-68,1.4079972526035135e-26,5.651157654885164e-79,1.625749840737813e-57,3.1523353737050877e-35,3.064731175053097e-05,0.0,0.0,0.0
19.4,-0.018723404,2.882445399078941e-05,2.1667421027862108e-87,0.0,0.0,0.0,1.5779139821364205e-68,1.2682847377344919e-26,3.927367380681412e-79,1.1891721562732386e-57,2.5410139909287894e-35,2.882445399078941e-05,0.0,0.0,0.0
19.416666666666668,-0.018723404,2.710994457138472e-05,1.772143985964235e-87,0.0,0.0,0.0,1.2207697837265516e-68,1.1424308526893787e-26,2.729318942329753e-79,8.698022590876642e-58,2.0481721963528987e-35,2.710994457138472e-05,0.0,0.0,0.0
19.433333333333334,-0.018723404,2.5497349127559087e-05,1.449400348812466e-87,0.0,0.0,0.0,9.444487494885672e-69,1.029061390201531e-26,1.8966873352982752e-79,6.3618170852109494e-58,1.650861773348492e-35,2.5497349127559087e-05,0.0,0.0,0.0
19.45,-0.018723404,2.39806149410441e-05,1.1854283122638496e-87,0.0,0.0,0.0,7.30663168318781e-69,9.269383584692633e-27,1.318031933072228e-79,4.6529322816386906e-58,1.3305765232053116e-35,2.39806149410441e-05,0.0,0.0,0.0
19.466666666666665,-0.018723404,2.2554048342051734e-05,9.695267847986835e-88,0.0,0.0,0.0,5.652625944962624e-69,8.349464841367212e-27,9.158933215775446e-80,3.402963193195026e-58,1.0723929905699167e-35,2.2554048342051734e-05,0.0,0.0,0.0
19.48333333333333,-0.018723404,2.1212293445954693e-05,7.929428991569824e-88,0.0,0.0,0.0,4.3729801720229076e-69,7.520810521205526e-27,6.364329589776671e-80,2.4887014250533575e-58,8.642772997414048e-36,2.1212293445954693e-05,0.0,0.0,0.0
19.5,-0.018723404,1.995031214613429e-05,6.485173625558942e-88,0.0,0.0,0.0,3.3829767601671854e-69,6.77436949924364e-27,4.4223109976444806e-80,1.8200085346034774e-58,6.965260116244108e-36,1.995031214613429e-05,0.0,0.0,0.0
19.516666666666666,-0.018723404,1.8763365289063612e-05,5.303943589366621e-88,0.0,0.0,0.0,2.6170666477042054e-69,6.101987971815035e-27,3.0728034800283635e-80,1.3309421958374839e-58,5.613151062466141e-36,1.8763365289063612e-05,0.0,0.0,0.0
19.53333333333333,-0.018723404,1.764699496201453e-05,4.337842551002775e-88,0.0,0.0,0.0,2.0245328594355466e-69,5.496320529701006e-27,2.1350557290654963e-80,9.732628865892402e-59,4.523361957104499e-36,1.764699496201453e-05,0.0,0.0,0.0
19.55,-0.018723404,1.659700782786052e-05,3.547695004409687e-88,0.0,0.0,0.0,1.566134918446552e-69,4.950750040802978e-27,1.4834489546411671e-80,7.116826659804486e-59,3.6450310766620135e-36,1.659700782786052e-05,0.0,0.0,0.0
19.566666666666663,-0.018723404,1.560945944527842e-05,2.901458588491325e-88,0.0,0.0,0.0,1.2115122984317952e-69,4.459315469964484e-27,1.0306827268594687e-80,5.203887835560602e-59,2.9371523587804616e-36,1.560945944527842e-05,0.0,0.0,0.0
19.58333333333333,-0.018723404,1.4680639516267503e-05,2.372925420014903e-88,0.0,0.0,0.0,9.371752481284557e-70,4.016646849924306e-27,7.160880486009672e-81,3.8050015397454093e-59,2.3666668238586493e-36,1.4680639516267503e-05,0.0,0.0,0.0
19.6,-0.018723404,1.3807058006320408e-05,1.9406598358122044e-88,0.0,0.0,0.0,7.249501384279485e-70,3.617906695193921e-27,4.975044010852387e-81,2.7820643647586786e-59,1.906923363780443e-36,1.3807058006320408e-05,0.0,0.0,0.0
19.616666666666667,-0.018723404,1.2985432085775161e-05,1.5871295133440416e-88,0.0,0.0,0.0,5.6077652513487766e-70,3.2587372207555974e-27,3.4563406513892693e-81,2.0340657779919075e-59,1.5364374605083e-36,1.2985432085775161e-05,0.0,0.0,0.0
19.633333333333333,-0.018723404,1.2212673843903574e-05,1.2979947702138175e-88,0.0,0.0,0.0,4.337763701273248e-70,2.935212790651902e-27,2.4011832159553254e-81,1.4871280032333088e-59,1.237890204432661e-36,1.2212673843903574e-05,0.0,0.0,0.0
19.65,-0.018723404,1.1485878730142942e-05,1.0615272495922872e-88,0.0,0.0,0.0,3.355338563936517e-70,2.6437970784596883e-27,1.6681044569381582e-81,1.0872196786730893e-59,9.973211227128697e-37,1.1485878730142942e-05,0.0,0.0,0.0
19.666666666666668,-0.018723404,1.0802314679545848e-05,8.681344390436539e-89,0.0,0.0,0.0,2.5953815656598794e-70,2.381304472924251e-27,1.15880512369236e-81,7.948257104251258e-60,8.034773161175655e-37,1.0802314679545848e-05,0.0,0.0,0.0
19.683333333333334,-0.018723404,1.0159411882054402e-05,7.099707570815131e-89,0.0,0.0,0.0,2.0075228999075187e-70,2.1448653082442195e-27,8.049832196135346e-82,5.810482715166237e-60,6.472886545364161e-37,1.0159411882054402e-05,0.0,0.0,0.0
19.7,-0.018723404,9.554753157574928e-06,5.8061944845264396e-89,0.0,0.0,0.0,1.552795419838433e-70,1.9318945401337237e-27,5.59181172411365e-82,4.2475478413836475e-60,5.214446316726936e-37,9.554753157574928e-06,0.0,0.0,0.0
19.716666666666665,-0.0140425535,8.986064901071784e-06,4.748323976216297e-89,0.0,0.0,0.0,1.2010537169766303e-70,1.740063526306307e-27,3.8842536417396725e-82,3.1049181623323523e-60,4.200531990590509e-37,8.986064901071784e-06,0.0,0.0,0.0
19.73333333333333,-0.0140425535,8.451208563999398e-06,3.88317316339564e-89,0.0,0.0,0.0,9.289772839831648e-71,1.5672746038270454e-27,2.6980623816948833e-82,2.269592582183763e-60,3.3836570684461313e-37,8.451208563999398e-06,0.0,0.0,0.0
19.75,-0.0140425535,7.948172640377555e-06,3.1756368053530785e-89,0.0,0.0,0.0,7.185255993179123e-71,1.4116381862371726e-27,1.8740699251661233e-82,1.6589434020761067e-60,2.725551500238835e-37,7.948172640377555e-06,0.0,0.0,0.0
19.766666666666666,-0.0140425535,7.475065127681432e-06,2.5970036177988504e-89,0.0,0.0,0.0,5.557428714824014e-71,1.2714521307975693e-27,1.3016943814335454e-82,1.2125543375717472e-60,2.195373961287064e-37,7.475065127681432e-06,0.0,0.0,0.0
19.78333333333333,-0.0140425535,7.030106434472993e-06,2.1237918282292253e-89,0.0,0.0,0.0,4.298333170825959e-71,1.1451831509226317e-27,9.041109705385708e-83,8.86251281919738e-61,1.7682706864270257e-37,7.030106434472993e-06,0.0,0.0,0.0
19.8,-0.0140425535,6.611622708358423e-06,1.736796771909336e-89,0.0,0.0,0.0,3.324457497687484e-71,1.0314500711544422e-27,6.279483915642562e-83,6.477368765893514e-61,1.4242137212154986e-37,6.611622708358423e-06,0.0,0.0,0.0
19.816666666666663,-0.0140425535,6.218039559410493e-06,1.4203119211317851e-89,0.0,0.0,0.0,2.5712010992334397e-71,9.290087420986943e-28,4.3612974251159545e-83,4.733980896890022e-61,1.1470644492361278e-37,6.218039559410493e-06,0.0,0.0,0.0
19.83333333333333,-0.018723404,5.847876155660666e-06,1.1614917690415692e-89,0.0,0.0,0.0,1.9885928383215596e-71,8.367384508287013e-28,3.0289843650469567e-83,3.45971690325472e-61,9.238187385681336e-38,5.847876155660666e-06,0.0,0.0,0.0
19.85,-0.018723404,5.499739668649533e-06,9.498307385115086e-90,0.0,0.0,0.0,1.5379785487119e-71,7.536296785585283e-28,2.1036232709537727e-83,2.528371356255327e-61,7.439985056283933e-38,5.499739668649533e-06,0.0,0.0,0.0
19.866666666666667,-0.018723404,5.17232004831804e-06,7.767369891653977e-90,0.0,0.0,0.0,1.1894584653791727e-71,6.787730720665912e-28,1.4609270953110043e-83,1.8476829323303118e-61,5.991613132549334e-38,5.17232004831804e-06,0.0,0.0,0.0
19.883333333333333,-0.018723404,4.864385107746519e-06,6.351838421882041e-90,0.0,0.0,0.0,9.199048244782327e-72,6.113495085777926e-28,1.014562480945412e-83,1.350207049661312e-61,4.825051186062752e-38,4.864385107746519e-06,0.0,0.0,0.0
19.9,-0.018723404,4.5747758994017695e-06,5.194246888526871e-90,0.0,0.0,0.0,7.114283018955772e-72,5.506211457306954e-28,7.045612637060792e-84,9.866421952158573e-62,3.885497205551413e-38,4.5747758994017695e-06,0.0,0.0,0.0
19.916666666666668,-0.018723404,4.302402365631076e-06,4.247598221869791e-90,0.0,0.0,0.0,5.501916836663609e-72,4.959233589919634e-28,4.892698687431173e-84,7.209504853165667e-62,3.1288003173741247e-38,4.302402365631076e-06,0.0,0.0,0.0
19.933333333333334,-0.018723404,4.046239247164691e-06,3.473457361871584e-90,0.0,0.0,0.0,4.254921593948592e-72,4.46657478554894e-28,3.397566433362967e-84,5.2679019479666495e-62,2.519391834429318e-38,4.046239247164691e-06,0.0,0.0,0.0
19.95,-0.018723404,3.8053222343456036e-06,2.8403915871774883e-90,0.0,0.0,0.0,3.2905142310626594e-72,4.0228424647391277e-28,2.359267878982625e-84,3.8490758349056797e-62,2.0286179611931062e-38,3.8053222343456036e-06,0.0,0.0,0.0
19.966666666666665,-0.018723404,3.5787443467103077e-06,2.322694925147795e-90,0.0,0.0,0.0,2.5446653232972386e-72,3.6231792263996813e-28,1.638235741900792e-84,2.8123012703430794e-62,1.6333962250846955e-38,3.5787443467103077e-06,0.0,0.0,0.0
19.98333333333333,-0.018723404,3.3656525273919697e-06,1.899344905700328e-90,0.0,0.0,0.0,1.967851268748498e-72,3.263209752756635e-28,1.1375366978047775e-84,2.0547257252342792e-62,1.3151328153333596e-38,3.3656525273919697e-06,0.0,0.0,0.0
20.0,-0.018723404,3.1652444396184663e-06,1.5531493431482578e-90,0.0,0.0,0.0,1.5217684878197162e-72,2.938992980033748e-28,7.898494971150716e-85,1.501179285024642e-62,1.0588501932014295e-38,3.1652444396184663e-06,0.0,0.0,0.0
20.016666666666666,-0.018723404,2.9767654533297736e-06,1.2700485361509286e-90,0.0,0.0,0.0,1.1767917983025716e-72,2.6469790128187595e-28,5.484199171560404e-85,1.0967256623528315e-62,8.524841589008686e-39,2.9767654533297736e-06,0.0,0.0,0.0
20.03333333333333,-0.018723404,2.7995058106470203e-06,1.038544578704577e-90,0.0,0.0,0.0,9.10008448783337e-73,2.3839703118061683e-28,3.807781919493683e-85,8.012171474836417e-63,6.863174781811695e-39,2.7995058106470203e-06,0.0,0.0,0.0
20.05,-0.018723404,2.6327979595930513e-06,8.492346302292776e-91,0.0,0.0,0.0,7.036974477646601e-73,2.147086731220279e-28,2.643753283092443e-85,5.853145235949411e-63,5.525235541915338e-39,2.6327979595930513e-06,0.0,0.0,0.0
20.066666666666663,-0.018723404,2.476014046090345e-06,6.944292092225604e-91,0.0,0.0,0.0,5.4415334311940606e-73,1.9337340242146654e-28,1.8355229590287687e-85,4.2757789930967096e-63,4.447987752374802e-39,2.476014046090345e-06,0.0,0.0,0.0
20.08333333333333,-0.018723404,2.328563554852347e-06,5.678400235577496e-91,0.0,0.0,0.0,4.2077644133286554e-73,1.7415754723762393e-28,1.2743501977492498e-85,3.123403765220418e-63,3.5806631629586646e-39,2.328563554852347e-06,0.0,0.0,0.0
20.1,-0.018723404,2.189891090340912e-06,4.643246711143193e-91,0.0,0.0,0.0,3.2536912103248106e-73,1.5685063295495586e-28,8.847241143680614e-86,2.2815394834802127e-63,2.8823751500206865e-39,2.189891090340912e-06,0.0,0.0,0.0
20.116666666666667,-0.018723404,2.0594742894833146e-06,3.7967785137703387e-91,0.0,0.0,0.0,2.5159156080311137e-73,1.4126308009005906e-28,6.142102716895147e-86,1.666536672731463e-63,2.320196372000414e-39,2.0594742894833146e-06,0.0,0.0,0.0
20.133333333333333,-0.018723404,1.9368218583345633e-06,3.104606154686449e-91,0.0,0.0,0.0,1.9454077264560028e-73,1.2722413058056897e-28,4.263992707973824e-86,1.2172753697247027e-63,1.86761018775411e-39,1.9368218583345633e-06,0.0,0.0,0.0
20.15,-0.018723404,1.8214717253345427e-06,2.53860725285955e-91,0.0,0.0,0.0,1.5042501012035183e-73,1.1457997980753864e-28,2.9600976014377216e-86,8.890985765424384e-64,1.503263207299902e-39,1.8214717253345427e-06,0.0,0.0,0.0
20.166666666666668,-0.018723404,1.7129893042430048e-06,2.0757845456015522e-91,0.0,0.0,0.0,1.1631194614341571e-73,1.031920939474496e-28,2.0548770394381114e-86,6.493788840331735e-64,1.2099604502279378e-39,1.7129893042430048e-06,0.0,0.0,0.0
20.183333333333334,-0.018723404,1.6109658602463358e-06,1.6973319694597205e-91,0.0,0.0,0.0,8.993390882133065e-74,9.293569427293789e-29,1.4264478868366806e-86,4.742787031309239e-64,9.738559548087404e-40,1.6109658602463358e-06,0.0,0.0,0.0
20.2,-0.018723404,1.5150169731146852e-06,1.3878709051490368e-91,0.0,0.0,0.0,6.953724896316896e-74,8.369839184363755e-29,9.901848413964474e-87,3.463828207684737e-64,7.838008418188906e-40,1.5150169731146852e-06,0.0,0.0,0.0
20.216666666666665,-0.018723404,1.4247810916513285e-06,1.1348255852850034e-91,0.0,0.0,0.0,5.376584091298155e-74,7.537895767037186e-29,6.873326286181729e-87,2.529684566271233e-64,6.3081821944828484e-40,1.4247810916513285e-06,0.0,0.0,0.0
20.23333333333333,-0.018723404,1.3399181740166784e-06,9.279123109982456e-92,0.0,0.0,0.0,4.1570983214255454e-74,6.788621491485983e-29,4.770984472369377e-87,1.847411951549684e-64,5.0768026448101576e-40,1.3399181740166784e-06,0.0,0.0,0.0
20.25,-0.018723404,1.2601084088307051e-06,7.58721742210349e-92,0.0,0.0,0.0,3.214171751562853e-74,6.113804101962956e-29,3.3116118698737883e-87,1.349113609399727e-64,4.085676084555589e-40,1.2601084088307051e-06,0.0,0.0,0.0
20.266666666666666,-0.018723404,1.1850510122596237e-06,6.203773037567821e-92,0.0,0.0,0.0,2.4850939219139856e-74,5.506046886315173e-29,2.2985887341792118e-87,9.851916890544683e-65,3.2879501995000626e-40,1.1850510122596237e-06,0.0,0.0,0.0
20.28333333333333,-0.018723404,1.1144630965764625e-06,5.0725583888176236e-92,0.0,0.0,0.0,1.921372152189008e-74,4.958687711659472e-29,1.59541460397407e-87,7.194165797922334e-65,2.645904862477602e-40,1.1144630965764625e-06,0.0,0.0,0.0
20.3,-0.0140425535,1.048078605953044e-06,4.147591682222106e-92,0.0,0.0,0.0,1.4855085224692721e-74,4.465726095282435e-29,1.107328120027457e-87,5.253245251765776e-65,2.129173050979607e-40,1.048078605953044e-06,0.0,0.0,0.0
20.316666666666663,-0.0140425535,9.856473154920359e-07,3.391272787388392e-92,0.0,0.0,0.0,1.148507375077227e-74,4.021757513585362e-29,7.685455294082556e-88,3.835857691091552e-65,1.7133081750061184e-40,9.856473154920359e-07,0.0,0.0,0.0
20.33333333333333,-0.0140425535,9.269338897442722e-07,2.7728555697535987e-92,0.0,0.0,0.0,8.879477830867432e-75,3.6219142309536116e-29,5.334004880561767e-88,2.800818178756193e-65,1.3786304004683795e-40,9.269338897442722e-07,0.0,0.0,0.0
20.35,-0.018723404,8.717169971798318e-07,2.267198630948201e-92,0.0,0.0,0.0,6.864929444781332e-75,3.26181200166066e-29,3.701926423035531e-88,2.0450079957204548e-65,1.1092976658825068e-40,8.717169971798318e-07,0.0,0.0,0.0
20.366666666666667,-0.018723404,8.197884772900636e-07,1.8537437242880708e-92,0.0,0.0,0.0,5.307374752956059e-75,2.9375020620696045e-29,2.5691694687571744e-88,1.4931134644208658e-65,8.925576535055516e-41,8.197884772900636e-07,0.0,0.0,0.0
20.383333333333333,-0.018723404,7.709525571950481e-07,1.5156803564788586e-92,0.0,0.0,0.0,4.1031601576305577e-75,2.645427888199443e-29,1.7829876990327367e-88,1.0901301829517633e-65,7.181454857134047e-41,7.709525571950481e-07,0.0,0.0,0.0
20.4,-0.018723404,7.250251148168468e-07,1.2392626462685144e-92,0.0,0.0,0.0,3.172139193452536e-75,2.3823862457937974e-29,1.2373557929821446e-88,7.958875501136187e-66,5.777987723706342e-41,7.250251148168468e-07,0.0,0.0,0.0
20.416666666666668,-0.018723404,6.818329858525282e-07,1.013250693147544e-92,0.0,0.0,0.0,2.4523421808933666e-75,2.1454921069317215e-29,8.586803575073127e-89,5.810491837213017e-66,4.648671567689681e-41,6.818329858525282e-07,0.0,0.0,0.0
20.433333333333334,-0.0140425535,6.412133119456433e-07,8.284537651770397e-93,0.0,0.0,0.0,1.8958543922512992e-75,1.9321470494781396e-29,5.958805000721149e-89,4.2419149802124387e-66,3.7399795553810845e-41,6.412133119456433e-07,0.0,0.0,0.0
20.45,-0.0140425535,6.030129276087786e-07,6.773567498121242e-93,0.0,0.0,0.0,1.4656287708153435e-75,1.7400107937343883e-29,4.135019483550438e-89,3.096698665247379e-66,3.008830705318887e-41,6.030129276087786e-07,0.0,0.0,0.0
20.466666666666665,-0.0140425535,5.670877835953936e-07,5.538146930098216e-93,0.0,0.0,0.0,1.1330213392540862e-75,1.566975564940359e-29,2.8693710826505595e-89,2.2606009153562343e-66,2.4205523628725355e-41,5.670877835953936e-07,0.0,0.0,0.0
20.48333333333333,-0.0140425535,5.333024045554219e-07,4.528030172109516e-93,0.0,0.0,0.0,8.758854562565023e-76,1.411143001167841e-29,1.9910706619109935e-89,1.650201047758999e-66,1.9472399076991798e-41,5.333024045554219e-07,0.0,0.0,0.0
20.5,-0.0140425535,5.01529378937841e-07,3.7021327021868283e-93,0.0,0.0,0.0,6.77098219653642e-76,1.270803353971022e-29,1.3815845138927842e-89,1.204586154373867e-66,1.5664362895438758e-41,5.01529378937841e-07,0.0,0.0,0.0
20.516666666666666,-0.0140425535,4.7164887922426693e-07,3.0268610636026234e-93,0.0,0.0,0.0,5.2342103598921457e-76,1.14441675422596e-29,9.586478353030272e-90,8.792795373641959e-67,1.260069063037213e-41,4.7164887922426693e-07,0.0,0.0,0.0
20.53333333333333,-0.0140425535,4.4354821069123504e-07,2.4747471369093743e-93,0.0,0.0,0.0,4.0461858829870825e-76,1.0305963381703067e-29,6.651684157754845e-90,6.418066282116534e-67,1.0135947328554761e-41,4.4354821069123504e-07,0.0,0.0,0.0
20.55,-0.0140425535,4.171213870060601e-07,2.0233313778065932e-93,0.0,0.0,0.0,3.127776110109164e-76,9.28093048995349e-30,4.615248131580759e-90,4.684568599463193e-67,8.153099977559658e-42,4.171213870060601e-07,0.0,0.0,0.0
20.566666666666663,-0.0140425535,3.922687310615994e-07,1.6542496402755082e-93,0.0,0.0,0.0,2.4178016441053842e-76,8.357819476644867e-30,3.2022072108947687e-90,3.4191899055051977e-67,6.557973554760606e-42,3.922687310615994e-07,0.0,0.0,0.0
20.58333333333333,-0.0140425535,3.688964995499253e-07,1.3524864753496777e-93,0.0,0.0,0.0,1.8689637346425832e-76,7.526498831372805e-30,2.2217478843612935e-90,2.4955432309310047e-67,5.2747887074932095e-42,3.688964995499253e-07,0.0,0.0,0.0
20.6,-0.0140425535,3.469165298642097e-07,1.1057645595432675e-93,0.0,0.0,0.0,1.4446953949827272e-76,6.777843870467807e-30,1.5414559387449736e-90,1.8213577945330103e-67,4.242570141540516e-42,3.469165298642097e-07,0.0,0.0,0.0
20.616666666666667,-0.0140425535,3.2624590800160574e-07,9.040454379826247e-94,0.0,0.0,0.0,1.1167267604329898e-76,6.103636712695673e-30,1.0694450601301036e-90,1.3292717527976905e-67,3.412255905196663e-42,3.2624590800160574e-07,0.0,0.0,0.0
20.633333333333333,-0.0140425535,3.0680665621882495e-07,7.391212903121946e-94,0.0,0.0,0.0,8.632027033839396e-77,5.496476188926559e-30,7.419538508234005e-91,9.701092821279477e-68,2.7443708578187877e-42,3.0680665621882495e-07,0.0,0.0,0.0
20.65,-0.0140425535,2.885254392664134e-07,6.042811261407662e-94,0.0,0.0,0.0,6.6722745193162996e-77,4.9496966994908524e-30,5.147381839440279e-91,7.079718021731325e-68,2.2071542642068168e-42,2.885254392664134e-07,0.0,0.0,0.0
20.666666666666668,-0.0140425535,2.7133328809719396e-07,4.94037841384008e-94,0.0,0.0,0.0,5.157393628582322e-77,4.4572951308222704e-30,3.5709764350796547e-91,5.166539063366055e-68,1.7750529152094052e-42,2.7133328809719396e-07,0.0,0.0,0.0
20.683333333333334,-0.0140425535,2.551653400101399e-07,4.039050401905099e-94,0.0,0.0,0.0,3.986409632599641e-77,4.013865031173218e-30,2.477300642367148e-91,3.7702658132638656e-68,1.4275084520991177e-42,2.551653400101399e-07,0.0,0.0,0.0
20.7,-0.018723404,2.399605942525284e-07,3.3021454967134497e-94,0.0,0.0,0.0,3.0812635840710927e-77,3.614537324612929e-30,1.718547759249996e-91,2.751267121267464e-68,1.1479814820090366e-42,2.399605942525284e-07,0.0,0.0,0.0
20.716666666666665,-0.018723404,2.2566168216138504e-07,2.6996720854226177e-94,0.0,0.0,0.0,2.381612356129532e-77,3.254926914068898e-30,1.1921631210346127e-91,2.007622807057441e-68,9.231662700784749e-43,2.2566168216138504e-07,0.0,0.0,0.0
20.73333333333333,-0.018723404,2.1221465097972346e-07,2.20710863219417e-94,0.0,0.0,0.0,1.840808481208123e-77,2.9310845886177197e-30,8.269913621295553e-92,1.4649408741367304e-68,7.423588091576703e-43,2.1221465097972346e-07,0.0,0.0,0.0
20.75,-0.018723404,1.9956876053450252e-07,1.804406108239798e-94,0.0,0.0,0.0,1.422792145075504e-77,2.639453708285177e-30,5.7366387694358407e-92,1.0689237455882015e-68,5.969483253777449e-43,1.9956876053450252e-07,0.0,0.0,0.0
20.766666666666666,-0.018723404,1.876762920115349e-07,1.475172328792524e-94,0.0,0.0,0.0,1.0996883998182685e-77,2.376831191906757e-30,3.979287340345999e-92,7.799415257319586e-69,4.800081201380593e-43,1.876762920115349e-07,0.0,0.0,0.0
20.78333333333333,-0.018723404,1.7649236810796883e-07,1.2060050296561118e-94,0.0,0.0,0.0,8.499495998961822e-78,2.140332380700979e-30,2.7602243932117057e-92,5.690705247988196e-69,3.859663519297647e-43,1.7649236810796883e-07,0.0,0.0,0.0
20.8,-0.018723404,1.6597478388580642e-07,9.859465628166401e-95,0.0,0.0,0.0,6.569193594719232e-78,1.92735939263667e-30,1.9145856430368575e-92,4.15201493607952e-69,3.1034114699712933e-43,1.6597478388580642e-07,0.0,0.0,0.0
20.816666666666663,-0.018723404,1.560838476900484e-07,8.060380351223004e-95,0.0,0.0,0.0,5.077223913101259e-78,1.7355726208906673e-30,1.3279953410195123e-92,3.0292877443369715e-69,2.4952747495860218e-43,1.560838476900484e-07,0.0,0.0,0.0
20.83333333333333,-0.018723404,1.4678223153286905e-07,6.589547571900032e-95,0.0,0.0,0.0,3.924062845267387e-78,1.5628650641159826e-30,9.211061373780156e-93,2.2100952522153136e-69,2.0062567815210755e-43,1.4678223153286905e-07,0.0,0.0,0.0
20.85,-0.018723404,1.3803483038091267e-07,5.3870817577272384e-95,0.0,0.0,0.0,3.0327805390089676e-78,1.4073392072483358e-30,6.388725047421069e-93,1.6123908914451653e-69,1.6130351755500318e-43,1.3803483038091267e-07,0.0,0.0,0.0
20.866666666666667,-0.018723404,1.298086298161175e-07,4.404021661761756e-95,0.0,0.0,0.0,2.343912635437723e-78,1.2672861995065744e-30,4.43108562482568e-93,1.176301358934083e-69,1.2968518698607696e-43,1.298086298161175e-07,0.0,0.0,0.0
20.883333333333333,-0.018723404,1.220725815720203e-07,3.6003377182008646e-95,0.0,0.0,0.0,1.8114955555100235e-78,1.141167101399438e-30,3.0732474881747505e-93,8.581353975564548e-70,1.0426202606483132e-43,1.220725815720203e-07,0.0,0.0,0.0
20.9,-0.018723404,1.147974864771426e-07,2.9433028553746122e-95,0.0,0.0,0.0,1.4000016719984123e-78,1.027595995211876e-30,2.131456150238468e-93,6.260110901927192e-70,8.382069156980407e-44,1.147974864771426e-07,0.0,0.0,0.0
20.916666666666668,-0.018723404,1.0795588436481221e-07,2.4061604516054317e-95,0.0,0.0,0.0,1.0819701429938315e-78,9.253247738525524e-31,1.478246192723379e-93,4.566645155449005e-70,6.738537509786835e-44,1.0795588436481221e-07,0.0,0.0,0.0
20.933333333333334,-0.018723404,1.0152195053504271e-07,1.9670352443308268e-95,0.0,0.0,0.0,8.361755244518048e-79,8.332294413289336e-31,1.0252001490105392e-93,3.3312066301121104e-70,5.417132148212476e-44,1.0152195053504271e-07,0.0,0.0,0.0
20.95,-0.018723404,9.547139837867465e-08,1.6080428843784286e-95,0.0,0.0,0.0,6.462121065454195e-79,7.502977746747285e-31,7.10987723983666e-94,2.4299368106084146e-70,4.3547438830748044e-44,9.547139837867465e-08,0.0,0.0,0.0
20.966666666666665,-0.018723404,8.978138779721575e-08,1.3145619070680336e-95,0.0,0.0,0.0,4.993996168613173e-79,6.756182120698067e-31,4.930683418524692e-94,1.7724644228246543e-70,3.500622270477841e-44,8.978138779721575e-08,0.0,0.0,0.0
20.98333333333333,-0.018723404,8.4430439073556e-08,1.0746384983617761e-95,0.0,0.0,0.0,3.859373469361592e-79,6.0836984532611285e-31,3.4193514090630845e-94,1.292853299496509e-70,2.8139564304216517e-44,8.4430439073556e-08,0.0,0.0,0.0
21.0,-0.018723404,7.939835186926986e-08,8.784998361958051e-96,0.0,0.0,0.0,2.982503131364496e-79,5.478134070133873e-31,2.371220701037781e-94,9.429967160034224e-71,2.261929203659278e-44,7.939835186926986e-08,0.0,0.0,0.0
21.016666666666666,-0.018723404,7.466612904349592e-08,7.18156204030721e-96,0.0,0.0,0.0,2.3048386083796795e-79,4.932831533975305e-31,1.6443409389273442e-94,6.877971295280953e-71,1.8181520745911064e-44,7.466612904349592e-08,0.0,0.0,0.0
21.03333333333333,-0.018723404,7.021590500650133e-08,5.8707568514360445e-96,0.0,0.0,0.0,1.7811301458866334e-79,4.441795541803632e-31,1.1402588081080019e-94,5.016488486066627e-71,1.4614063843833406e-44,7.021590500650133e-08,0.0,0.0,0.0
21.05,-0.018723404,6.603087833813579e-08,4.799181991103667e-96,0.0,0.0,0.0,1.3764052540874114e-79,3.999627088720585e-31,7.906908278348397e-95,3.658715144644792e-71,1.1746309189831286e-44,6.603087833813579e-08,0.0,0.0,0.0
21.066666666666663,-0.018723404,6.209524841739432e-08,3.9231805636398915e-96,0.0,0.0,0.0,1.0636347905770455e-79,3.601464175905141e-31,5.482790979877556e-95,2.6683741768734838e-71,9.441076718201192e-45,6.209524841739432e-08,0.0,0.0,0.0
21.08333333333333,-0.023404256,5.8394155824397566e-08,3.207061808529664e-96,0.0,0.0,0.0,8.219289986386264e-80,3.2429284125511644e-31,3.801792644513902e-95,1.946051136087085e-71,7.58807006529877e-45,5.8394155824397566e-08,0.0,0.0,0.0
21.1,-0.023404256,5.491362629033614e-08,2.621647649506326e-96,0.0,0.0,0.0,6.3514318079708764e-80,2.9200769260324256e-31,2.6361306740860145e-95,1.419224793289979e-71,6.09861028254668e-45,5.491362629033614e-08,0.0,0.0,0.0
21.116666666666667,-0.023404256,5.164051798422488e-08,2.143084405231111e-96,0.0,0.0,0.0,4.908000011726499e-80,2.629359052761612e-31,1.827836052955834e-95,1.034993419233757e-71,4.901400729079138e-45,5.164051798422488e-08,0.0,0.0,0.0
21.133333333333333,-0.023404256,4.8562471937890045e-08,1.7518712913379438e-96,0.0,0.0,0.0,3.792565243521685e-80,2.3675773346237178e-31,1.2673581561157744e-95,7.547680004879845e-72,3.9391213188259266e-45,4.8562471937890045e-08,0.0,0.0,0.0
21.15,-0.023404256,4.5667865422451e-08,1.4320661663465e-96,0.0,0.0,0.0,2.9306041997716423e-80,2.1318523930704066e-31,8.787257093642398e-96,5.504005972960037e-72,3.165689781151996e-45,4.5667865422451e-08,0.0,0.0,0.0
21.166666666666668,-0.023404256,4.2945768100621616e-08,1.1706361875535985e-96,0.0,0.0,0.0,2.264523787796361e-80,1.9195912954746043e-31,6.092550950226775e-96,4.0135980244496884e-72,2.5440593573688354e-45,4.2945768100621616e-08,0.0,0.0,0.0
21.183333333333334,-0.028085107,4.038590078964019e-08,9.5692694097636e-97,0.0,0.0,0.0,1.7498153829757382e-80,1.7284590666407315e-31,4.224126330292022e-96,2.9267016104993414e-72,2.0444479067387995e-45,4.038590078964019e-08,0.0,0.0,0.0
21.2,-0.028085107,3.797859667944111e-08,7.822284316483539e-97,0.0,0.0,0.0,1.352082550351218e-80,1.5563530328541324e-31,2.9286437213932665e-96,2.1340895896939226e-72,1.6429139492548726e-45,3.797859667944111e-08,0.0,0.0,0.0
21.216666666666665,-0.028085107,3.571476485994795e-08,6.394202632565327e-97,0.0,0.0,0.0,1.0447438694187514e-80,1.4013797169180168e-31,2.0304304779689994e-96,1.5560964436102611e-72,1.3202117055835452e-45,3.571476485994795e-08,0.0,0.0,0.0
21.23333333333333,-0.028085107,3.35858560200396e-08,5.226815596523348e-97,0.0,0.0,0.0,8.072575425348845e-81,1.2618340306031617e-31,1.4076726350705255e-96,1.134619044041606e-72,1.0608704932105868e-45,3.35858560200396e-08,0.0,0.0,0.0
21.25,-0.028085107,3.158383018893077e-08,4.2725381633856903e-97,0.0,0.0,0.0,6.237492827578695e-81,1.1361805361346307e-31,9.759042238519677e-97,8.272815833923649e-73,8.524545345204702e-46,3.158383018893077e-08,0.0,0.0,0.0
21.266666666666666,-0.03276596,2.9701126398397384e-08,3.4924702485544216e-97,0.0,0.0,0.0,4.819518875397959e-81,1.023036571035412e-31,6.765575359291068e-97,6.031792685159477e-73,6.84967836133572e-46,2.9701126398397384e-08,0.0,0.0,0.0
21.28333333333333,-0.03276596,2.7930634151502122e-08,2.854811747507069e-97,0.0,0.0,0.0,3.7238570503366906e-81,9.211570510861152e-32,4.690231786626095e-97,4.397736980216202e-73,5.503757187020522e-46,2.7930634151502122e-08,0.0,0.0,0.0
21.3,-0.03276596,2.6265666590293692e-08,2.3335667821058973e-97,0.0,0.0,0.0,2.877252770815963e-81,8.294207845714284e-32,3.251441391372621e-97,3.206283536434009e-73,4.422201418919421e-46,2.6265666590293692e-08,0.0,0.0,0.0
21.316666666666663,-0.03276596,2.469993526133933e-08,1.907484400653337e-97,0.0,0.0,0.0,2.223098695116589e-81,7.468181475632491e-32,2.2539777883215788e-97,2.3375691094495192e-73,3.553104453984506e-46,2.469993526133933e-08,0.0,0.0,0.0
21.33333333333333,-0.03276596,2.3227526383967257e-08,1.559192586933377e-97,0.0,0.0,0.0,1.717652050797039e-81,6.724399849241298e-32,1.5624834798607392e-97,1.7041855853058855e-73,2.8547472671196713e-46,2.3227526383967257e-08,0.0,0.0,0.0
21.35,-0.03276596,2.1842878531772373e-08,1.2744903051688281e-97,0.0,0.0,0.0,1.3271113796111442e-81,6.054676151647509e-32,1.0831119800310996e-97,1.2423937031208389e-73,2.2935997142869782e-46,2.1842878531772373e-08,0.0,0.0,0.0
21.366666666666667,-0.03276596,5.554079153523812e-08,1.0417687434677113e-97,0.0,0.0,0.0,1.0253574637904263e-81,5.451638294012736e-32,7.50798558834535e-98,9.057149864016344e-74,1.8427138010918127e-46,2.054076164324167e-08,3.500002989199645e-08,0.0,0.0
21.383333333333333,-0.028085107,2.3248739407364052e-06,8.515381799004499e-98,0.0,0.0,0.0,7.922075456929932e-82,4.908647855683618e-32,5.20434009503412e-98,6.6025828044321345e-74,1.4804320797843476e-46,1.9316257282369883e-08,2.3055576834540354e-06,0.0,0.0
21.4,-0.028085107,2.4666768712098818e-05,6.960411970075543e-98,0.0,0.0,0.0,6.120662272542583e-82,4.419727088694079e-32,3.6074481582092e-98,4.813114368782243e-74,1.1893493937281492e-46,1.8164740074855995e-08,2.4648603972023963e-05,0.0,0.0
21.416666666666668,-0.028085107,0.0001251848793204115,5.689364873826721e-98,0.0,0.0,0.0,4.728829255635894e-82,3.9794931829372913e-32,2.5004993206333546e-98,3.508557194704766e-74,9.554782955194986e-47,1.7081860249881802e-08,0.0001251677974601616,0.0,0.0
21.433333333333334,-0.023404256,0.00042271754090972925,4.6504036819442156e-98,0.0,0.0,0.0,3.653462340847723e-82,3.583099070006888e-32,1.7331877791368164e-98,2.557531700385969e-74,7.675782004604065e-47,1.6063527221653e-08,0.0004227014773825076,0.0,0.0
21.45,-0.018723404,0.0011028690110296885,3.801154731377958e-98,0.0,0.0,0.0,2.8226136194290555e-82,3.226180115479795e-32,1.2013145923800313e-98,1.8642476643196758e-74,6.166161653524417e-47,1.510589414879175e-08,0.0011028539051355396,0.0,0.0
21.466666666666665,-0.0140425535,0.0024081044620215073,3.106980120554547e-98,0.0,0.0,0.0,2.180690524595617e-82,2.904806114057824e-32,8.326455512455369e-99,1.3588650804746397e-74,4.953334770747464e-47,1.4205343413363352e-08,0.002408090256678094,0.0,0.0
21.48333333333333,-0.004680851,0.004615604263843773,2.5395655957617962e-98,0.0,0.0,0.0,1.6847383303400256e-82,2.6154380602010774e-32,5.771063867152536e-99,9.904652637452531e-75,3.9789729651620043e-47,1.3358472964776396e-08,0.004615590905370808,0.0,0.0
21.5,0.0,0.008008535080385933,2.0757661855955363e-98,0.0,0.0,0.0,1.301567524713194e-82,2.3548892193190647e-32,3.999851962628687e-99,7.219254807530706e-75,3.1962067272585654e-47,1.2562083477060232e-08,0.008008522518302455,0.0,0.0
21.516666666666666,0.009361702,0.012846295401605298,1.696662542086272e-98,0.0,0.0,0.0,1.0055340659058993e-82,2.1202900718054924e-32,2.7721983469819586e-99,5.261816932243849e-75,2.5673751390917817e-47,1.1813166271087725e-08,0.012846283588439027,0.0,0.0
21.53333333333333,0.023404256,0.019338133253532647,1.3867895317895721e-98,0.0,0.0,0.0,7.768241530338727e-83,1.9090567447288567e-32,1.921308254761288e-99,3.8350353382332046e-75,2.0622173236905466e-47,1.1108891956191958e-08,0.01933812214464069,0.0,0.0
21.55,0.03276596,0.0276230054717454,1.1335056383083399e-98,0.0,0.0,0.0,6.001288563176725e-83,1.7188625842916952e-32,1.3315644288427328e-99,2.7950739932477087e-75,1.6564189531755502e-47,1.044659974834157e-08,0.02762299502514565,0.0,0.0
21.566666666666663,0.04680851,0.037757067065728823,9.264774752315559e-99,0.0,0.0,0.0,4.636200046877671e-83,1.5476125566628675e-32,9.228258058617252e-100,2.037077642065462e-75,1.330444137040112e-47,9.823787424585415e-09,0.0377570572419414,0.0,0.0
21.58333333333333,0.060851064,0.04970895823844596,7.572583989989745e-99,0.0,0.0,0.0,3.5815886274223076e-83,1.3934201958510696e-32,6.395429368776841e-100,1.4846094446507892e-75,1.0685966806662922e-47,9.23810187587486e-09,0.04970894900034409,0.0,0.0
21.6,0.074893616,0.06336217277876145,6.1894404577250334e-99,0.0,0.0,0.0,2.7668468819919037e-83,1.2545868452645054e-32,4.432126376535155e-100,1.0819501467464776e-75,8.582656925323118e-48,8.68733022263419e-09,0.06336216409143124,0.0,0.0
21.616666666666667,0.08893617,0.07852324073368006,5.05890751191134e-99,0.0,0.0,0.0,2.137422848194139e-83,1.1295829647950173e-32,3.0714753676988074e-100,7.884836740291622e-76,6.893193520377648e-48,8.169391459562936e-09,0.0785232325642886,0.0,0.0
21.633333333333333,0.10765957,0.09493419358082537,4.13485374604651e-99,0.0,0.0,0.0,1.6511695744818655e-83,1.0170312979548936e-32,2.128503813187182e-100,5.74603960298841e-76,5.536177508771157e-48,7.682328598151929e-09,0.09493418589849678,0.0,0.0
21.65,0.12170213,0.11228773729900603,3.3795714440997026e-99,0.0,0.0,0.0,1.2755245608894999e-83,9.156917140302308e-33,1.4750078907644302e-100,4.1873089779675256e-76,4.446214290555856e-48,7.22430127727572e-09,0.11228773007470474,0.0,0.0
21.666666666666668,0.14042553,0.13024367177908774,2.7622385379286336e-99,0.0,0.0,0.0,9.853304450589203e-84,8.244475586148167e-33,1.0221315433282299e-100,3.051349224934713e-76,3.570768150587617e-48,6.793578813981369e-09,0.13024366498550893,0.0,0.0
21.683333333333334,0.15446809,0.1484453047995536,2.2576613628645067e-99,0.0,0.0,0.0,7.61151165089813e-84,7.422933624632275e-33,7.082911173749147e-101,2.2235114241771147e-76,2.867634679273789e-48,6.388533668258907e-09,0.14844529841101992,0.0,0.0
21.7,0.17319149,0.16653486697205871,1.8452469513212323e-99,0.0,0.0,0.0,5.879709631518197e-84,6.683237735254871e-33,4.908054511833361e-101,1.620232679470809e-76,2.3029098357868352e-48,6.007635297135983e-09,0.1665348609644234,0.0,0.0
21.716666666666665,0.18723404,0.18416720406662976,1.5081629610279288e-99,0.0,0.0,0.0,4.541891962583444e-84,6.01723590467864e-33,3.400944606677606e-101,1.1806087874019462e-76,1.849358105829741e-48,5.6494443749108056e-09,0.18416719841718537,0.0,0.0
21.73333333333333,0.2012766,0.20102127941834866,1.2326509834585971e-99,0.0,0.0,0.0,3.5084370422992577e-84,5.4175878808760064e-33,2.356580925889054e-101,8.602511581826075e-77,1.4851013584987e-48,5.312607357714902e-09,0.2010212741057413,0.0,0.0
21.75,0.22,0.2168092456148549,1.0074652309114188e-99,0.0,0.0,0.0,2.71010772005125e-84,4.877684359311187e-33,1.6328932643961018e-101,6.268089373381676e-77,1.1925654003513755e-48,4.995851371897304e-09,0.21680924061900353,0.0,0.0
21.766666666666666,0.23404256,0.23128303283966736,8.234137122597844e-100,0.0,0.0,0.0,2.0934153594524995e-84,4.391574212417822e-33,1.1314253290410455e-101,4.567050174410914e-77,9.57633596880089e-49,4.697979406943228e-09,0.23128302814168797,0.0,0.0
21.78333333333333,0.24340425,0.24423854824195468,6.729831859576581e-100,0.0,0.0,0.0,1.6170381129509746e-84,3.953898962036936e-33,7.83946953451303e-102,3.327569252238363e-77,7.689668750401107e-49,4.4178657947870686e-09,0.24423854382408888,0.0,0.0
21.8,0.25276595,0.25551768763829547,5.500325947201244e-100,0.0,0.0,0.0,1.2490537072696162e-84,3.559833774100793e-33,5.4317548021455105e-102,2.424427313148104e-77,6.174574118429643e-49,4.154451958462181e-09,0.2555176834838435,0.0,0.0
21.816666666666663,0.26212767,0.2650084314082412,4.4954247862178634e-100,0.0,0.0,0.0,9.648015345955574e-85,3.2050343265384394e-33,3.763451797866366e-102,1.766371331899952e-77,4.957897363771338e-49,3.906742414043646e-09,0.2650084275014988,0.0,0.0
21.83333333333333,0.27148935,0.27264333574644783,3.6741014596479047e-100,0.0,0.0,0.0,7.452309519866536e-85,2.885588965947906e-33,2.6075058999333903e-102,1.2869025142579922e-77,3.980881338973658e-49,3.6738010107957734e-09,0.27264333207264685,0.0,0.0
21.85,0.27617022,0.2783967442050507,3.0028224720365223e-100,0.0,0.0,0.0,5.756252266836278e-85,2.5979756267279202e-33,1.8065791860589973e-102,9.375622696942766e-78,3.1963338835698193e-49,3.454747395336658e-09,0.2783967407503033,0.0,0.0
21.866666666666667,0.28085107,0.28228103843208285,2.454179225224186e-100,0.0,0.0,0.0,4.4461570373616423e-85,2.3390230387183103e-33,1.2516459130010728e-102,6.830389228758601e-78,2.566352328957529e-49,3.2487536864743363e-09,0.28228103518332914,0.0,0.0
21.883333333333333,0.2855319,0.28434222652801744,2.0057694052299356e-100,0.0,0.0,0.0,3.434201958931768e-85,2.1058757965553326e-33,8.671590669104477e-103,4.976014874564867e-78,2.0604955626603793e-49,3.055041348164679e-09,0.2843422234729761,0.0,0.0
21.9,0.2855319,0.2846551372252123,1.6392826472428941e-100,0.0,0.0,0.0,2.6525460323936855e-85,1.8959629064130483e-33,6.00770879507087e-103,3.625006598159064e-78,1.6543156551416788e-49,2.872878248790383e-09,0.284655134352334,0.0,0.0
21.916666666666668,0.2855319,0.2833184521314657,1.339753177392576e-100,0.0,0.0,0.0,2.048783654609749e-85,1.7069694640383446e-33,4.1620933577697545e-103,2.640747484343313e-78,1.3281783474125122e-49,2.7015758956603777e-09,0.2833184494298898,0.0,0.0
21.933333333333334,0.28085107,0.28044976979428915,1.0949489405988245e-100,0.0,0.0,0.0,1.5824330859731026e-85,1.5368111524266147e-33,2.8834181040245016e-103,1.9236936766830403e-78,1.0663155948328552e-49,2.5404868342921024e-09,0.28044976725380233,0.0,0.0
21.95,0.27617022,0.27618085683207866,8.948722910292926e-101,0.0,0.0,0.0,1.2222237004795106e-85,1.3836112784929251e-33,1.9975437659775974e-103,1.4013156003164924e-78,8.560645290444329e-50,2.3890022026595724e-09,0.27618085444307644,0.0,0.0
21.966666666666665,0.27148935,0.2706532046743397,7.313518725061148e-101,0.0,0.0,0.0,9.440003358933152e-86,1.2456800960221682e-33,1.3838145237288756e-103,1.0207679374866523e-78,6.872561722452384e-50,2.2465494311759386e-09,0.27065320242779023,0.0,0.0
21.98333333333333,0.2668085,0.26401397681244004,5.97709036153322e-101,0.0,0.0,0.0,7.291043805205811e-86,1.1214961873270662e-33,9.586330178212289e-104,7.435482142308031e-79,5.517244470190341e-50,2.1125900797279266e-09,0.26401397469984994,0.0,0.0
22.0,0.2574468,0.25641240166153384,4.884851833452283e-101,0.0,0.0,0.0,5.631231561966737e-86,1.0096896986900198e-33,6.640791102136646e-104,5.4160457932672e-79,4.429118170785157e-50,1.986617803597463e-09,0.256412399674916,0.0,0.0
22.016666666666666,0.2480851,0.24799664056318538,3.9921890759313836e-101,0.0,0.0,0.0,4.349238206708684e-86,9.090272450579448e-34,4.600237045349741e-104,3.94499653006669e-79,3.555525479211837e-50,1.8681564405918988e-09,0.24799663869502894,0.0,0.0
22.03333333333333,0.2387234,0.2389111392076117,3.262638407531354e-101,0.0,0.0,0.0,3.359070673081474e-86,8.183983178222481e-34,3.18664421986601e-104,2.873439484849873e-79,2.8541831523986387e-50,1.756758212161206e-09,0.2389111374508535,0.0,0.0
22.05,0.2293617,0.22929445369418588,2.6663976970797467e-101,0.0,0.0,0.0,2.594306213122439e-86,7.3680304605474475e-34,2.2073944188938583e-104,2.0929007973622826e-79,2.291138927331667e-50,1.6520020317114448e-09,0.22929445204218385,0.0,0.0
22.066666666666663,0.21531914,0.21927752929417993,2.179109471999498e-101,0.0,0.0,0.0,2.0036390491332872e-86,6.633411764607147e-34,1.5290416493814842e-104,1.5243560426879663e-79,1.8391306417715496e-50,1.5534919137276855e-09,0.219277527740688,0.0,0.0
22.08333333333333,0.20595744,0.20898240034740084,1.7808663013469873e-101,0.0,0.0,0.0,1.5474403051725143e-86,5.9720215072071114e-34,1.059135982064104e-104,1.110236245218077e-79,1.4762684332269113e-50,1.460855477699836e-09,0.20898239888654538,0.0,0.0
22.1,0.19659574,0.19852127317684817,1.4553978569870953e-101,0.0,0.0,0.0,1.1951006892158828e-86,5.376561709689535e-34,7.336301663762633e-105,8.086035130363531e-80,1.184976426428411e-50,1.3737425412036255e-09,0.19852127180310564,0.0,0.0
22.116666666666667,0.18255319,0.1879959499848227,1.1894064702738802e-101,0.0,0.0,0.0,9.229778384852e-87,4.84046155029408e-34,5.081544217677244e-105,5.889075337850046e-80,9.511428311384741e-51,1.291823796824251e-09,0.1879959486929989,0.0,0.0
22.133333333333333,0.17319149,0.1774975499487155,9.720240617117036e-102,0.0,0.0,0.0,7.128107536598574e-87,4.357804928231722e-34,3.51971359348558e-105,4.288939168923354e-80,7.634374228959937e-51,1.2147895679270232e-09,0.17749754873392593,0.0,0.0
22.15,0.16382979,0.16710648373704795,7.943682745267002e-102,0.0,0.0,0.0,5.504950455251731e-87,3.923265241787834e-34,2.4378784528924642e-105,3.1235177546010235e-80,6.127634530608524e-51,1.1423486385776413e-09,0.16710648259469932,0.0,0.0
22.166666666666668,0.14978723,0.15689263902418,6.491796919454157e-102,0.0,0.0,0.0,4.251368960321655e-87,3.532046662165998e-34,1.6885343415004146e-105,2.2747276832637705e-80,4.918175200140362e-51,1.0742271531934528e-09,0.15689263794995284,0.0,0.0
22.183333333333334,0.14042553,0.14691573694701157,5.3052532745301696e-102,0.0,0.0,0.0,3.283223140521602e-87,3.1798312562896758e-34,1.169501789121171e-105,1.6565563536935593e-80,3.9473614293622535e-51,1.0101675817710526e-09,0.14691573593684398,0.0,0.0
22.2,0.12638298,0.13722582251601062,4.335562823822587e-102,0.0,0.0,0.0,2.5355269532873763e-87,2.8627313761608825e-34,8.100000497329654e-106,1.2063530017883854e-80,3.168119641440288e-51,9.499277467826524e-10,0.13722582156608287,0.0,0.0
22.216666666666665,0.11702128,0.1278638555101415,3.543096762489931e-102,0.0,0.0,0.0,1.958088427754465e-87,2.57724679035432e-34,5.609993797154928e-106,8.784843366567922e-81,2.542658671230519e-51,8.932799080667951e-10,0.12786385461686162,0.0,0.0
22.23333333333333,0.10765957,0.11886237213912207,2.8954676250198773e-102,0.0,0.0,0.0,1.5121421402511254e-87,2.320226085430631e-34,3.8853747663035276e-106,6.397128574999702e-81,2.0406399711479218e-51,8.400099022575978e-10,0.11886237129911216,0.0,0.0
22.25,0.09829787,0.11024619157730524,2.366206195429309e-102,0.0,0.0,0.0,1.1677481486534645e-87,2.0888319120646844e-34,2.690894471381668e-106,4.658301628760233e-81,1.6377083951439548e-51,7.899163335026787e-10,0.11024619078738891,0.0,0.0
22.266666666666666,0.08893617,0.10203314522900665,1.9336801426833158e-102,0.0,0.0,0.0,9.017829554380962e-88,1.8805096930166987e-34,1.863604079243034e-106,3.392045169189078e-81,1.3143125294379192e-51,7.428098124136486e-10,0.10203314448619684,0.0,0.0
22.28333333333333,0.084255315,0.0942348101760423,1.5802102226075873e-102,0.0,0.0,0.0,6.963877617796761e-88,1.6929594481921797e-34,1.2906363461862796e-106,2.4699443420320935e-81,1.054757526537577e-51,6.985122403748652e-10,0.09423480947753006,0.0,0.0
22.3,0.074893616,0.08685723161408203,1.2913479538376596e-102,0.0,0.0,0.0,5.377699362731714e-88,1.524110426362236e-34,8.93814510797739e-107,1.7984743631142945e-81,8.464446333655341e-52,6.568561365077503e-10,0.08685723095722589,0.0,0.0
22.316666666666663,0.07021277,0.07990162215814291,1.0552852683210743e-102,0.0,0.0,0.0,4.152773064823933e-88,1.3720982640228925e-34,6.189908074016033e-107,1.3095223198327986e-81,6.792606268368144e-52,6.17684004748677e-10,0.0799016215404589,0.0,0.0
22.33333333333333,0.060851064,0.07336502866232979,8.62372025636587e-103,0.0,0.0,0.0,3.2068317681253476e-88,1.2352444197034863e-34,4.286613271158132e-107,9.53483435327503e-82,5.450876163136097e-52,5.808477386499298e-10,0.07336502808148204,0.0,0.0
22.35,0.056170214,0.06724095964355824,7.047216848567349e-103,0.0,0.0,0.0,2.4763410835667925e-88,1.1120376570959257e-34,2.9685046469416274e-107,6.942326238646151e-82,4.3740949162907366e-52,5.462080616559763e-10,0.06724095909735017,0.0,0.0
22.366666666666667,0.05148936,0.06151996852446062,5.758890276143238e-103,0.0,0.0,0.0,1.9122341260758493e-88,1.00111737294221e-34,2.0556752345315813e-107,5.0546201855635827e-82,3.509959686779622e-52,5.136340007407845e-10,0.06151996801082662,0.0,0.0
22.383333333333333,0.04680851,0.05619018972772125,4.706067683998945e-103,0.0,0.0,0.0,1.4766174299426598e-88,9.012585859364726e-35,1.423523476445553e-107,3.680134603753737e-82,2.8164893751153623e-52,4.830023914180433e-10,0.056190189244718865,0.0,0.0
22.4,0.037446808,0.0512378261799091,3.8457029300305365e-103,0.0,0.0,0.0,1.1402268135143187e-88,8.113584211973406e-35,9.857530753988812e-108,2.6793569272682445e-82,2.259988316404024e-52,4.541974122548846e-10,0.05123782572571169,0.0,0.0
22.416666666666668,0.03276596,0.046647588039143616,3.1426173159499923e-103,0.0,0.0,0.0,8.80462473080359e-89,7.30423941338714e-35,6.825980476270707e-108,1.950694031261272e-82,1.8134115737670416e-52,4.271101471306061e-10,0.04664758761203347,0.0,0.0
22.433333333333334,0.028085107,0.042403083472576944,2.5680617947354537e-103,0.0,0.0,0.0,6.798714449292209e-89,6.575611900043555e-35,4.7266707843263394e-108,1.4201672019700347e-82,1.4550526543226619e-52,4.016381735870855e-10,0.04240308307093877,0.0,0.0
22.45,0.028085107,0.038487163102452836,2.0985419153596543e-103,0.0,0.0,0.0,5.249755895147163e-89,5.919653270885207e-35,3.272947929735708e-108,1.0339072148542802e-82,1.1674900751008058e-52,3.7768517571576877e-10,0.03848716272476766,0.0,0.0
22.466666666666665,0.023404256,0.03488222033987087,1.7148574972244312e-103,0.0,0.0,0.0,4.05366435168049e-89,5.329117468941249e-35,2.2662941813134356e-108,7.526887777686023e-83,9.367417368702134e-53,3.5516058011909554e-10,0.03488221998471029,0.0,0.0
22.48333333333333,0.018723404,0.03157045025884744,1.4013177979446394e-103,0.0,0.0,0.0,3.1300612550605297e-89,4.7974808130940157e-35,1.5692312012812005e-108,5.479502474694225e-83,7.515861254141276e-53,3.3397921357106047e-10,0.03157044992486823,0.0,0.0
22.5,0.018723404,0.02853406995442101,1.1451001069478211e-103,0.0,0.0,0.0,2.4168754554669397e-89,4.3188699983700383e-35,1.0865533771653849e-108,3.988950517314089e-83,6.030174386437706e-53,3.1406098108372843e-10,0.028534069640360028,0.0,0.0
22.516666666666666,0.0140425535,0.025755503500114296,9.357255564809187e-104,0.0,0.0,0.0,1.8661738417785483e-89,3.8879972709032094e-35,7.523305448225551e-109,2.903808880814935e-83,4.8380822466354535e-53,2.953305631635592e-10,0.025755503204783734,0.0,0.0
22.53333333333333,0.0140425535,0.02321753469296524,7.646307303043551e-104,0.0,0.0,0.0,1.4409414157169049e-89,3.5001020627853187e-35,5.209065730749615e-109,2.1138262725403993e-83,3.8815832415392693e-53,2.7771713111377035e-10,0.023217534415248108,0.0,0.0
22.55,0.009361702,0.020903430767437996,6.248175641480707e-104,0.0,0.0,0.0,1.1125946286224251e-89,3.15089844321568e-35,3.606654257442203e-109,1.538730134569822e-83,3.114130921154653e-53,2.6115407930727336e-10,0.020903430506283915,0.0,0.0
22.566666666666663,0.009361702,0.018797040189480405,5.1056723073519953e-104,0.0,0.0,0.0,8.590610141658979e-90,2.8365278064650973e-35,2.4971390950445926e-109,1.1200761646969209e-83,2.498372313879052e-53,2.455787734186928e-10,0.018797039943901632,0.0,0.0
22.58333333333333,0.004680851,0.016882867523504493,4.172063164799109e-104,0.0,0.0,0.0,6.632961654227352e-90,2.5535162748896365e-35,1.7289184981575253e-109,8.153134442259968e-84,2.0043326586497543e-53,2.309323136642454e-10,0.016882867292572178,0.0,0.0
22.6,0.004680851,0.015146128210774783,3.4091573360825083e-104,0.0,0.0,0.0,5.1213846542596525e-90,2.2987363472072414e-35,1.197015817841222e-109,5.934629715930589e-84,1.6079584539940346e-53,2.1715931215507855e-10,0.015146127993615472,0.0,0.0
22.616666666666667,0.0,0.013572785918282723,2.785745576944022e-104,0.0,0.0,0.0,3.9542465660634485e-90,2.0693723690421326e-35,8.287410588255525e-110,4.319710556887024e-84,1.289948117744153e-53,2.0420768352280456e-10,0.013572785714075039,0.0,0.0
22.633333333333333,0.0,0.012149574921780457,2.276324077836728e-104,0.0,0.0,0.0,3.0530684808133864e-90,1.8628894448815805e-35,5.737615446237557e-110,3.1441820892119325e-84,1.0348134991229233e-53,1.9202844802614135e-10,0.012149574729752009,0.0,0.0
22.65,0.0,0.010864009782653054,1.860051526729764e-104,0.0,0.0,0.0,2.3572508584912523e-90,1.677005448530993e-35,3.9722598381937667e-110,2.288509789164945e-84,8.301266822776091e-54,1.805755463948324e-10,0.010864009602077509,0.0,0.0
22.666666666666668,0.0,0.009704384371731265,1.519896801909992e-104,0.0,0.0,0.0,1.8200005734629021e-90,1.5096658233117916e-35,2.750030491634115e-110,1.665673688785934e-84,6.659155093817168e-54,1.6980566571118138e-10,0.0097043842019256,0.0,0.0
22.683333333333334,0.0,0.008659762088862122,1.2419424540111329e-104,0.0,0.0,0.0,1.405185696708707e-90,1.3590208940086464e-35,1.9038425681029563e-110,1.2123252912561918e-84,5.341784675252974e-54,1.5967807567133836e-10,0.008659761929184046,0.0,0.0
22.7,-0.004680851,0.007719958928707678,1.0148155036848031e-104,0.0,0.0,0.0,1.0849067157603327e-90,1.2234054402656797e-35,1.3180085787797502e-110,8.82349240731195e-85,4.284953763389801e-54,1.50154474607626e-10,0.0077199587785532035,0.0,0.0
22.716666666666665,-0.004680851,0.006875520853670273,8.292222850038699e-105,0.0,0.0,0.0,8.376210135579667e-91,1.1013203060707998e-35,9.124291206702712e-111,6.421758965204725e-85,3.437149633170878e-54,1.4119884469012378e-10,0.006875520712471429,0.0,0.0
22.73333333333333,-0.004680851,0.006117696755999829,6.775683174463978e-105,0.0,0.0,0.0,6.466945900463075e-91,9.914158424182401e-36,6.3164600074573015e-111,4.6736871807140197e-85,2.757041464639023e-54,1.3277731576033763e-10,0.006117696623222513,0.0,0.0
22.75,-0.004680851,0.005438408124395321,5.53647664910598e-105,0.0,0.0,0.0,4.99283710302712e-91,8.924770004574401e-36,4.372623582815723e-111,3.401398053832853e-85,2.2114684010457065e-54,1.2485803728243919e-10,0.005438407999537284,0.0,0.0
22.766666666666666,-0.004680851,0.004830216376534943,4.523890806619645e-105,0.0,0.0,0.0,3.854713272422453e-91,8.034099106384865e-36,3.026942558399151e-111,2.475411914663891e-85,1.7738250472957756e-54,1.1741105792820299e-10,0.004830216259123885,0.0,0.0
22.78333333333333,-0.009361702,0.0042862886783118885,3.6964855847051606e-105,0.0,0.0,0.0,2.9760024367506926e-91,7.232297997539884e-36,2.0953666489783422e-111,1.8014811286029342e-85,1.4227659218981498e-54,1.1040821234059916e-10,0.004286288567903676,0.0,0.0
22.8,-0.009361702,0.003800362943117027,3.0203980732250427e-105,0.0,0.0,0.0,2.2975819707429364e-91,6.510501125346524e-36,1.4504730085466023e-111,1.3110045561827108e-85,1.1411658704721112e-54,1.0382301464815212e-10,0.003800362839294012,0.0,0.0
22.816666666666663,-0.009361702,0.00336671259000106,2.4679571750214242e-105,0.0,0.0,0.0,1.7738025851580555e-91,5.8607271774220364e-36,1.0040447475543398e-111,9.540495932077708e-86,9.152858856877901e-55,9.763055832765197e-11,0.003366712492370502,0.0,0.0
22.83333333333333,-0.009361702,0.0029801115374937202,2.0165515289875077e-105,0.0,0.0,0.0,1.369418204354751e-91,5.275790906661712e-36,6.950087847914737e-112,6.942725392047522e-86,7.341037606416263e-55,9.180742203677136e-11,0.0029801114456862983,0.0,0.0
22.85,-0.009361702,0.002635799819618703,1.6477043988298203e-105,0.0,0.0,0.0,1.057215355653677e-91,4.7492237470360054e-36,4.810844767800262e-112,5.052209299894759e-86,5.887770144335728e-55,8.633158106076495e-11,0.002635799733287122,0.0,0.0
22.866666666666667,-0.009361702,0.0023294501314641692,1.3463176932924486e-105,0.0,0.0,0.0,8.161827055271319e-92,4.27520234397683e-36,3.330015333103637e-112,3.6764190741968815e-86,4.722119589107107e-55,8.118232403855898e-11,0.0023294500502818454,0.0,0.0
22.883333333333333,-0.009361702,0.002057135542764864,1.1000541993091545e-105,0.0,0.0,0.0,6.300976811787975e-92,3.8484842104398566e-36,2.3049684131499498e-112,2.6752294668182055e-86,3.787179363011902e-55,7.634017465351392e-11,0.0020571354664246895,0.0,0.0
22.9,-0.009361702,0.0018152985584738615,8.988327612191728e-106,0.0,0.0,0.0,4.864351504185965e-92,3.464349798352165e-36,1.595429413227459e-112,1.946657025629504e-86,3.0372989930469565e-55,7.178681799294466e-11,0.0018152984866870434,0.0,0.0
22.916666666666668,-0.009361702,0.0016007216543989027,7.344157578656806e-106,0.0,0.0,0.0,3.755247812560492e-92,3.1185503459357766e-36,1.10429243530234e-112,1.41647931951215e-86,2.4358582924142387e-55,6.750503129804668e-11,0.0016007215868938714,0.0,0.0
22.933333333333334,-0.009361702,0.0014104993728293925,6.000720038688003e-106,0.0,0.0,0.0,2.8990041979789697e-92,2.807260925136367e-36,7.643363286093899e-113,1.0306790554115737e-86,1.9534815551843588e-55,6.347861884252465e-11,0.0014104993093507737,0.0,0.0
22.95,-0.009361702,0.0012420120268640965,4.903012859260006e-106,0.0,0.0,0.0,2.2379773404500172e-92,2.527038170767784e-36,5.290282015883543e-113,7.499444581764747e-87,1.56660480519865e-55,5.969235069378416e-11,0.0012420119671717458,0.0,0.0
22.966666666666665,-0.009361702,0.0010929010321063175,4.0060926573520328e-106,0.0,0.0,0.0,1.7276633945573478e-92,2.2747822246506683e-36,3.661567790917574e-113,5.456663937712636e-87,1.2563263206887988e-55,5.6131905125246e-11,0.0010929009759744123,0.0,0.0
22.98333333333333,-0.009361702,0.0009610458597897774,3.2732354110727676e-106,0.0,0.0,0.0,1.333703195233446e-92,2.0477024745396284e-36,2.5342489907764554e-113,3.9702494439350937e-87,1.0074844432060051e-55,5.278381446211624e-11,0.0009610458070059629,0.0,0.0
23.0,-0.009361702,0.0008445425855664252,2.674433402563044e-106,0.0,0.0,0.0,1.0295699839238576e-92,1.8432867095167433e-36,1.753983277816603e-113,2.8886896096504518e-87,8.079177432745118e-56,4.963541415592622e-11,0.000844542535931011,0.0,0.0
23.016666666666666,-0.009361702,0.0007416839925007866,2.1851669995215444e-106,0.0,0.0,0.0,7.947841217637068e-93,1.6592733512378184e-36,1.2139354478661854e-113,2.1017278803686965e-87,6.478714934629054e-56,4.6674794895368504e-11,0.0007416839458259917,0.0,0.0
23.03333333333333,-0.009361702,0.0006509411747075602,1.785401024353837e-106,0.0,0.0,0.0,6.135346961327854e-93,1.4936264543684317e-36,8.401556100324036e-114,1.5291307874342397e-87,5.195215239067922e-56,4.38907575724011e-11,0.0006509411308168026,0.0,0.0
23.05,-0.004680851,0.0005709465790260943,1.4587646470023464e-106,0.0,0.0,0.0,4.736152921896268e-93,1.3445132001154106e-36,5.814573686902984e-114,1.1125136316485818e-87,4.165922521078519e-56,4.127277093341932e-11,0.0005709465377533234,0.0,0.0
23.066666666666663,-0.004680851,0.0005004784156825216,1.1918812450878617e-106,0.0,0.0,0.0,3.6560233120808804e-93,1.2102836342800158e-36,4.024111903112757e-114,8.09391486130825e-88,3.340502660820023e-56,3.8810931755408775e-11,0.0005004783768715898,0.0,0.0
23.08333333333333,-0.004680851,0.00043844636463622193,9.738208101036553e-107,0.0,0.0,0.0,2.8222069323008083e-93,1.0894524260377474e-36,2.784942662652084e-114,5.888497905901256e-88,2.6785852074476087e-56,3.649592739654466e-11,0.00043844632814029456,0.0,0.0
23.1,-0.004680851,0.00038387850187650724,7.956524919242917e-107,0.0,0.0,0.0,2.178539395938739e-93,9.806824459600026e-37,1.9273319489519182e-114,4.2839366588748294e-88,2.147791608635061e-56,3.4319000579692544e-11,0.00038387846755750664,0.0,0.0
23.116666666666667,-0.004680851,0.00033590936900315107,6.500789708453759e-107,0.0,0.0,0.0,1.6816617830735865e-93,8.827699818769936e-37,1.3338004247035107e-114,3.116550724080567e-88,1.7221535366447879e-56,3.227191627567919e-11,0.0003359093367312348,0.0,0.0
23.133333333333333,-0.004680851,0.0002937691097124086,5.3113769431449457e-107,0.0,0.0,0.0,1.2981012606381395e-93,7.946314292659827e-37,9.230373293890325e-115,2.267242749683936e-88,1.380844155794426e-56,3.034693056114388e-11,0.00029376907936547804,0.0,0.0
23.15,-0.004680851,0.0002567735980725313,4.3395675137242014e-107,0.0,0.0,0.0,1.0020171998689847e-93,7.1529130913096664e-37,6.387659777780235e-115,1.6493564644910714e-88,1.1071604319085931e-56,2.853676133326346e-11,0.00025677356953576996,0.0,0.0
23.166666666666668,-0.004680851,0.00022431548549785237,3.5455539348411246e-107,0.0,0.0,0.0,7.734610992268126e-94,6.438714809973591e-37,4.420367735558092e-115,1.199841102658715e-88,8.877068244635749e-57,2.6834560770631623e-11,0.0002243154586632916,0.0,0.0
23.183333333333334,-0.004680851,0.00019585609594038647,2.8968103735477285e-107,0.0,0.0,0.0,5.970331940363618e-94,5.795814318437576e-37,3.0589272694830702e-115,8.728219647784345e-89,7.117405225765344e-57,2.5233889436195584e-11,0.00019585607070649703,0.0,0.0
23.2,-0.004680851,0.00017091810185749652,2.366760782144694e-107,0.0,0.0,0.0,4.6084532811943005e-94,5.217095336744787e-37,2.1167718112730678e-115,6.349219497102759e-89,5.706462649320677e-57,2.3728691924343282e-11,0.0001709180781288046,0.0,0.0
23.216666666666665,-0.004680851,0.00014907891685597178,1.9336906198744474e-107,0.0,0.0,0.0,3.5572027311434163e-94,4.696151731346107e-37,1.4647823282633484e-115,4.6185726366978926e-89,4.575151049143389e-57,2.231327396008518e-11,0.00014907889454269783,0.0,0.0
23.23333333333333,-0.004680851,0.00012996474444854327,1.5798576163866233e-107,0.0,0.0,0.0,2.7457359431364925e-94,4.227216662003526e-37,1.0135993203457517e-115,3.359603286851608e-89,3.668065535104791e-57,2.098228086374991e-11,0.00012996472346626242,0.0,0.0
23.25,-0.004680851,0.00011324522600037814,1.2907651759328683e-107,0.0,0.0,0.0,2.1193644816440017e-94,3.805098796488577e-37,7.013805437007001e-116,2.4437738801757696e-89,2.9407760104601504e-57,1.9730677299782638e-11,0.00011324520626970084,0.0,0.0
23.266666666666666,-0.004680851,9.862863461769992e-05,1.0545686777902732e-107,0.0,0.0,0.0,1.635871825845401e-94,3.425124888186165e-37,4.853279659594642e-116,1.777570610000661e-89,2.357653827355205e-57,1.8553728233084863e-11,9.862861606397169e-05,0.0,0.0
23.28333333333333,-0.004680851,8.585756538019949e-05,8.615903677854404e-108,0.0,0.0,0.0,1.2626693514383504e-94,3.0830880819991542e-37,3.358235387568896e-116,1.2929613545190423e-89,1.8901287144967092e-57,1.7446981020897352e-11,8.585754793321847e-05,0.0,0.0
23.3,-0.004680851,7.470507589757258e-05,7.039229805559779e-108,0.0,0.0,0.0,9.746007869615124e-95,2.7752013772299752e-37,2.3237059918129687e-116,9.404529818539484e-90,1.515290816358906e-57,1.6406248572525235e-11,7.4705059491324e-05,0.0,0.0
23.316666666666663,-0.004680851,6.497123464226249e-05,5.7510586417980406e-108,0.0,0.0,0.0,7.522472969711231e-95,2.4980557330848065e-37,1.6078497552710608e-116,6.840400192735195e-90,1.2147695338366876e-57,1.542759351323656e-11,6.497121921466897e-05,0.0,0.0
23.33333333333333,-0.004680851,5.6480037848900786e-05,4.698603466467716e-108,0.0,0.0,0.0,5.806190495937782e-95,2.2485823537357953e-37,1.1125102113965465e-116,4.975294947601418e-90,9.738343735570094e-58,1.4507313292456953e-11,5.6480023341587494e-05,0.0,0.0
23.35,-0.004680851,4.9076658956529814e-05,3.83873508775759e-108,0.0,0.0,0.0,4.481451480139322e-95,2.024018736057912e-37,7.69762620601048e-117,3.618670757318049e-90,7.80673856289722e-58,1.3641926179966779e-11,4.9076645314603636e-05,0.0,0.0
23.366666666666667,-0.004680851,4.262499758905592e-05,3.1362150982746814e-108,0.0,0.0,0.0,3.458938955592432e-95,1.8218781047256474e-37,5.3260337526452944e-117,2.631917347175587e-90,6.2581723290151886e-58,1.2828158097146956e-11,4.2624984760897824e-05,0.0,0.0
23.383333333333333,-0.004680851,3.7005497914798383e-05,2.562252313236646e-108,0.0,0.0,0.0,2.669708743368722e-95,1.6399218967857015e-37,3.685066324159334e-117,1.914204698490814e-90,5.016707333703948e-58,1.2062930233484415e-11,3.700548585186815e-05,0.0,0.0
23.4,-0.004680851,3.211320889344453e-05,2.0933232772289006e-108,0.0,0.0,0.0,2.06054291779975e-95,1.476134991519186e-37,2.54965262911068e-117,1.3921867104113176e-90,4.021456709184297e-58,1.1343347401520584e-11,3.2113197550097126e-05,0.0,0.0
23.416666666666668,-0.004680851,2.7856061407530515e-05,1.7102085376559177e-108,0.0,0.0,0.0,1.590362939881583e-95,1.328703411741576e-37,1.764050637075274e-117,1.012510610169816e-90,3.223602124047067e-58,1.0666687086208627e-11,2.7856050740843428e-05,0.0,0.0
23.433333333333334,-0.004680851,2.415333958825878e-05,1.3972052174198035e-108,0.0,0.0,0.0,1.2274608168322087e-95,1.1959942500018313e-37,1.220493355392454e-117,7.363676385464162e-91,2.5840022684415175e-58,1.003038914727646e-11,2.4153329557869632e-05,0.0,0.0
23.45,-0.004680851,2.093432578602161e-05,1.141483638067937e-108,0.0,0.0,0.0,9.473617439826617e-96,1.0765375977301153e-37,8.444115107144055e-118,5.355288055395307e-91,2.071275120233526e-58,9.432046135657926e-12,2.0934316353975476e-05,0.0,0.0
23.466666666666665,0.0,1.813710061049875e-05,9.325616431517554e-109,0.0,0.0,0.0,7.311742211168334e-96,9.690102775210995e-38,5.842076471040564e-118,3.8946104716852705e-91,1.6602601567288407e-58,8.869394187379062e-12,1.813709174110456e-05,0.0,0.0
23.48333333333333,0.0,1.5707481280527432e-05,7.618750912439136e-109,0.0,0.0,0.0,5.6431647308042185e-96,8.722211986683147e-38,4.041798989277857e-118,2.8322936990566475e-91,1.3307852562583515e-58,8.340304460466387e-12,1.5707472940222972e-05,0.0,0.0
23.5,0.0,1.3598083188102509e-05,6.224269262756923e-109,0.0,0.0,0.0,4.355333549696692e-96,7.850981740072371e-38,2.7962537461369233e-118,2.059707883929509e-91,1.0666779358038522e-58,7.842775082497905e-12,1.3598075345327426e-05,0.0,0.0
23.516666666666666,0.0,1.1767491102163162e-05,5.085004507720026e-109,0.0,0.0,0.0,3.3613749246221315e-96,7.066760522780428e-38,1.9345183559771367e-118,1.4978422650996043e-91,8.549725226986137e-59,7.374923578349883e-12,1.1767483727239584e-05,0.0,0.0
23.53333333333333,0.0,1.0179527824983602e-05,4.1542505691893473e-109,0.0,0.0,0.0,2.594235157154482e-96,6.360860347601586e-38,1.3383310456486628e-118,1.0892301486039868e-91,6.852744441096015e-59,6.9349797495035174e-12,1.0179520890003853e-05,0.0,0.0
23.55,-0.004680851,8.802609375825844e-06,3.3938481883455266e-109,0.0,0.0,0.0,2.0021590815380564e-96,5.725460580233542e-38,9.258671705936266e-119,7.920751115481396e-92,5.492505058229717e-59,6.521278977988747e-12,8.802602854546866e-06,0.0,0.0
23.566666666666663,0.0,7.609176921728376e-06,2.7726210488169245e-109,0.0,0.0,0.0,1.545199948588589e-96,5.153521364257407e-38,6.405134682920608e-119,5.759784568444995e-92,4.402201974517337e-59,6.132255929642585e-12,7.609170789472446e-06,0.0,0.0
23.58333333333333,0.0,6.575196712518222e-06,2.2650980323616143e-109,0.0,0.0,0.0,1.1925254556351417e-96,4.638705685994658e-38,4.431005704506049e-119,4.188314544268631e-92,3.5282800589834836e-59,5.7664386328707574e-12,6.575190946079589e-06,0.0,0.0
23.6,0.0,5.679720214655031e-06,1.8504692593060808e-109,0.0,0.0,0.0,9.203383257480082e-97,4.1753092171840384e-38,3.065284768697798e-119,3.0455486065550635e-92,2.8278068441738173e-59,5.422442910523758e-12,5.67971479221212e-06,0.0,0.0
23.616666666666667,0.0,4.904497484295438e-06,1.5117331421956608e-109,0.0,0.0,0.0,7.102712571597805e-97,3.7581971594070757e-38,2.1204783062216792e-119,2.214547467529334e-92,2.266366047933407e-59,5.0989671438291805e-12,4.904492385328295e-06,0.0,0.0
23.633333333333333,0.0,4.233637581665093e-06,1.2349995056714851e-109,0.0,0.0,0.0,5.481480359532811e-97,3.38274739161702e-38,1.4668690383763664e-119,1.6102662219565424e-92,1.8163687046844473e-59,4.794787348579341e-12,4.233632786877744e-06,0.0,0.0
23.65,0.0,3.653310513621959e-06,1.008920218854007e-109,0.0,0.0,0.0,4.2302728565665655e-97,3.0447992918262273e-38,1.0147133283594782e-119,1.170856364905371e-92,1.4556991363459349e-59,4.508752544956508e-12,3.653306004869414e-06,0.0,0.0
23.666666666666668,0.0,3.1514858059422715e-06,8.242240102622012e-110,0.0,0.0,0.0,3.264643791291096e-97,2.7406076667482707e-38,7.019237154851838e-120,8.513395819739483e-93,1.166629393681466e-59,4.2397804034834375e-12,3.151481566161868e-06,0.0,0.0
23.683333333333334,0.0,2.7177033577345114e-06,6.733364034748334e-110,0.0,0.0,0.0,2.5194174468600595e-97,2.466801279683015e-38,4.855467013203506e-120,6.190066499853198e-93,9.349489506273417e-60,3.986853150635123e-12,2.717699370881361e-06,0.0,0.0
23.7,0.0,2.3428727233490833e-06,5.500691991164707e-110,0.0,0.0,0.0,1.9442915071999674e-97,2.2203455177841814e-38,3.358664733700457e-120,4.5007107753462656e-93,7.49266980431893e-60,3.749013718626194e-12,2.342868974335365e-06,0.0,0.0
23.716666666666665,0.0,2.019097407692947e-06,4.493667781614471e-110,0.0,0.0,0.0,1.5004431609879388e-97,1.9985087856313442e-38,2.323254930219584e-120,3.272353516791738e-93,6.00452999275992e-60,3.525362124814935e-12,2.019093882330822e-06,0.0,0.0
23.73333333333333,0.0,1.7395211540098697e-06,3.6709882968344294e-110,0.0,0.0,0.0,1.1579095788004299e-97,1.7988322532410544e-38,1.6070214024832e-120,2.3792093689011387e-93,4.8118844428992923e-60,3.3150520670299743e-12,1.7395178389578028e-06,0.0,0.0
23.75,0.0,1.498193553607304e-06,2.9989100840020685e-110,0.0,0.0,0.0,8.935660924217754e-98,1.6191026237555345e-38,1.1115808264605193e-120,1.7298102323764826e-93,3.85607190441139e-60,3.1172877219443316e-12,1.4981904363195819e-06,0.0,0.0
23.766666666666666,0.0,1.2899526189518855e-06,2.4498658157640167e-110,0.0,0.0,0.0,6.895657088448956e-98,1.4573276194489212e-38,7.688737591900832e-121,1.25764374020091e-93,3.090073708191382e-60,2.9313207343882836e-12,1.289949687631151e-06,0.0,0.0
23.78333333333333,0.0,1.110322238913839e-06,2.001333947196238e-110,0.0,0.0,0.0,5.3213470147806935e-98,1.311713914760222e-38,5.318187560832938e-121,9.143452093313002e-94,2.4762036084813888e-60,2.756447386214434e-12,1.110319482466453e-06,0.0,0.0
23.8,0.0,9.554226812726552e-07,1.6349152304979207e-110,0.0,0.0,0.0,4.1064303443610536e-98,1.1806472721327747e-38,3.6784672345560966e-121,6.647466536283725e-94,1.984255901056641e-60,2.5920059340081056e-12,9.554200892667213e-07,0.0,0.0
23.816666666666663,0.0,8.218925261261592e-07,1.3355782344112545e-110,0.0,0.0,0.0,3.1688691123452735e-98,1.0626746608086511e-38,2.5442792625410166e-121,4.832763565164184e-94,1.5900209298994224e-60,2.4373741055740415e-12,8.218900887520536e-07,0.0,0.0
23.83333333333333,0.0,7.068206075097466e-07,1.0910429415746113e-110,0.0,0.0,0.0,2.4453504623909584e-98,9.564881606644833e-39,1.75977571915081e-121,3.5134063116708653e-94,1.2740951155203406e-60,2.2919667457301423e-12,7.068183155430008e-07,0.0,0.0
23.85,0.0,6.076867119851447e-07,8.912771559944771e-111,0.0,0.0,0.0,1.887013003754444e-98,8.609104729256503e-39,1.217151205374794e-121,2.5541986003258105e-94,1.0209270866651024e-60,2.1552336025056185e-12,6.076845567515423e-07,0.0,0.0
23.866666666666667,0.0,5.22309934592269e-07,7.280850763962736e-111,0.0,0.0,0.0,1.4561484640048219e-98,7.74881877373386e-39,8.418339337373662e-122,1.8568397374100042e-94,8.180530814780346e-61,2.0266572453696855e-12,5.223079079350236e-07,0.0,0.0
23.883333333333333,0.0,4.4880372654125216e-07,5.9477116882086195e-111,0.0,0.0,0.0,1.123656081924241e-98,6.974484916652849e-39,5.822413118511136e-122,1.3498567150830554e-94,6.55484071943183e-61,1.9057511076168926e-12,4.4880182079014455e-07,0.0,0.0
23.9,0.0,3.8553678729732756e-07,4.8586555824696654e-111,0.0,0.0,0.0,8.670779664548536e-99,6.277517027984979e-39,4.0269321540787925e-122,9.812833462007181e-95,5.252145117621923e-61,1.792057645505847e-12,3.8553499523968205e-07,0.0,0.0
23.916666666666668,0.0,3.310990580254616e-07,3.968996806898822e-111,0.0,0.0,0.0,6.690828428632312e-99,5.650186537145477e-39,2.7850970163529023e-122,7.133369314788522e-95,4.208285777432584e-61,1.685146607187884e-12,3.3109737287885443e-07,0.0,0.0
23.933333333333334,0.0,0.0024342062263419772,3.2422299749163735e-111,0.0,0.0,0.0,5.1629585980317175e-99,5.0855367972204894e-39,1.926198655055197e-122,5.185474833634932e-95,3.37184560935271e-61,1.58461340487853e-12,2.8427058067265187e-07,0.002433921954176691,0.0
23.95,0.0,0.0029000367091970907,2.6485325678907734e-111,0.0,0.0,0.0,3.9839548087312644e-99,4.5773059992462874e-39,1.3321605446809246e-122,3.769431970337181e-95,2.701619008055201e-61,1.4900775841144867e-12,2.440022547305192e-07,0.0028997927054522825,0.0
23.966666666666665,0.0,0.0032017021044067006,2.1635416240640937e-111,0.0,0.0,0.0,3.0741650639518545e-99,4.119857783042613e-39,9.21312184536729e-123,2.740039743914937e-95,2.1645843188704006e-61,1.4011813843065556e-12,2.093837451880564e-07,0.003201492719260331,0.0
23.98333333333333,0.0,0.003426252506169056,1.7673543402249297e-111,0.0,0.0,0.0,2.3721218102997795e-99,3.7081187762831625e-39,6.371648827686164e-123,1.9917343114509477e-95,1.7342787837735585e-61,1.3175883851436715e-12,1.7963076581580077e-07,0.003426072874085652,0.0
24.0,0.0,0.0036044521088833205,1.4437116045761583e-111,0.0,0.0,0.0,1.83039078731591e-99,3.337522370171608e-39,4.406478238483553e-123,1.4477699371575921e-95,1.3894960911597812e-61,1.238982233728104e-12,1.5406660695346068e-07,0.003604298041037385,0.0
24.016666666666666,0.0,0.0037511704233818745,1.1793309793196628e-111,0.0,0.0,0.0,1.4123674262770244e-99,3.003958109122641e-39,3.0473772492088584e-123,1.0523527165357341e-95,1.1132425018797067e-61,1.1650654476273291e-12,1.321075786229328e-07,0.003751038314638186,0.0
24.03333333333333,0.0,0.0038748616339988316,9.633617790571051e-112,0.0,0.0,0.0,1.0898045265408302e-99,2.703726133989483e-39,2.1074419346432445e-123,7.64921270701997e-96,8.919002285289489e-62,1.095558289314804e-12,1.1325039299663422e-07,0.003874748382510277,0.0
24.05,0.0,0.003980847179006571,7.869398973410807e-112,0.0,0.0,0.0,8.409042962305744e-100,2.433496174322262e-39,1.4574035789946721e-123,5.559884945290757e-96,7.145569292623098e-62,1.0301977077424326e-12,9.70612324922248e-08,0.003980750116743881,0.0
24.066666666666663,0.0,0.004072720542414645,6.428241237811007e-112,0.0,0.0,0.0,6.488459386650325e-100,2.1902706354989843e-39,1.007856904653535e-123,4.0411832353617055e-96,5.72468341259514e-62,9.687363430408888e-13,8.316628225367555e-08,0.004072637375163655,0.0
24.08333333333333,0.0,0.00415303704150604,5.250990356774009e-112,0.0,0.0,0.0,5.006493669356234e-100,1.9713513719039233e-39,6.96967874882637e-124,2.937277431414729e-96,4.586276231283303e-62,9.109415905828012e-13,7.124353421498978e-08,0.004152965797060883,0.0
24.1,0.0,0.004223687277411733,4.2893227817899e-112,0.0,0.0,0.0,3.862983202246682e-100,1.7743097781386414e-39,4.819716569573456e-124,2.134888007803773e-96,3.674202212640243e-62,8.565947208688156e-13,6.101569481587132e-08,0.004223626260860322,0.0
24.116666666666667,0.0,0.0042861147204400814,3.503762773611624e-112,0.0,0.0,0.0,2.9806366801281506e-100,1.5969598669851126e-39,3.3329216474811467e-124,1.5516685099269299e-96,2.9434728003835986e-62,8.054900519069738e-13,5.224405018043582e-08,0.004286062475584411,0.0
24.133333333333333,0.004680851,0.004341449969968674,2.8620625281539182e-112,0.0,0.0,0.0,2.2998120401963253e-100,1.4373340359102932e-39,2.3047487385104886e-124,1.1277595949103539e-96,2.3580398616161425e-62,7.574341709546575e-13,4.472316156358522e-08,0.004341405246049676,0.0
24.15,0.004680851,0.004390597514702386,2.3378788504892506e-112,0.0,0.0,0.0,1.7744866268463842e-100,1.29366125367288e-39,1.5937381073920207e-124,8.19648911017207e-97,1.8890193916971215e-62,7.122452026794784e-13,3.827628045190858e-08,0.004390559237709689,0.0
24.166666666666668,0.004680851,0.004434293971148158,1.9096920922684194e-112,0.0,0.0,0.0,1.3691474120131672e-100,1.1643474253876149e-39,1.1020599735293619e-124,5.957073639008287e-97,1.513268054387506e-62,6.697521209703031e-13,3.2751387174338823e-08,0.004434261219091231,0.0
24.183333333333334,0.004680851,0.004473148443145464,1.559923004260882e-112,0.0,0.0,0.0,1.0563912290756194e-100,1.0479577185285135e-39,7.620586802392399e-125,4.329441282315761e-97,1.2122424880142155e-62,6.297941017953076e-13,2.8017769494773556e-08,0.0044731204247461746,0.0
24.2,0.004680851,0.004507671260585686,1.274211273427601e-112,0.0,0.0,0.0,8.150729255444968e-101,9.43200654066081e-40,5.269464995860756e-125,3.146476826421841e-97,9.710852201048069e-63,5.922199146588114e-13,2.396306865481381e-08,0.004507647296924811,0.0
24.216666666666665,0.004680851,0.0045382949275627185,1.0408261458692343e-112,0.0,0.0,0.0,6.288763427171383e-101,8.489137864829342e-40,3.6436744712657313e-125,2.2867097059610204e-97,7.778921832502456e-63,5.568873503550005e-13,2.049072991286652e-08,0.004538274436275918,0.0
24.23333333333333,0.004680851,0.004565389706110548,8.501849550496287e-113,0.0,0.0,0.0,4.852115871021538e-101,7.640508140080675e-40,2.519460556680025e-125,1.6618482428853187e-97,6.231257618479569e-63,5.236626828535823e-13,1.7517802964225992e-08,0.004565372187783921,0.0
24.25,0.004680851,0.004589275418757183,6.944598010451365e-113,0.0,0.0,0.0,3.743640965060491e-101,6.876699762505368e-40,1.7420897161394634e-125,1.2077179866260547e-97,4.991444621349854e-63,4.92420163281747e-13,1.4973044882161712e-08,0.0045892604452198804,0.0
24.266666666666666,0.004680851,0.004610230530366129,5.672562427226e-113,0.0,0.0,0.0,2.888380110794896e-101,6.189236106728599e-40,1.2045600114895478e-125,8.776746744015547e-98,3.9982603865168743e-63,4.630415440881834e-13,1.2795284529768466e-08,0.0046102177346185585,0.0
24.28333333333333,0.004680851,0.004628499236149888,4.633508189857548e-113,0.0,0.0,0.0,2.228494846097018e-101,5.570487521794091e-40,8.32877919601498e-126,6.3781609620529e-98,3.202655112314347e-63,4.354156315889093e-13,1.0932012876898747e-08,0.004628488303701596,0.0
24.3,0.004680851,0.004644297064418806,3.784766287072421e-113,0.0,0.0,0.0,1.7193570012316242e-101,5.013586716505063e-40,5.7587635872827846e-126,4.6350163924049976e-98,2.5653319402858266e-63,4.0943786520227986e-13,9.33816842145876e-09,0.004644287725840947,0.0
24.316666666666663,0.004680851,0.004657815356486425,3.091481706517929e-113,0.0,0.0,0.0,1.3265317035063149e-101,4.512352596529683e-40,3.981733204265213e-126,3.3682241087598104e-98,2.05480813319527e-63,3.850099217812977e-13,7.975091052059227e-09,0.004657807381010363,0.0
24.33333333333333,0.004680851,0.00466922488632475,2.5251825546500307e-113,0.0,0.0,0.0,1.023449356383644e-101,4.061221709208943e-40,2.753024527413601e-126,2.447623460407767e-98,1.6458615919356499e-63,3.6203934354628003e-13,6.809621280374436e-09,0.004669218076341431,0.0
24.35,0.004680851,0.004678678813113385,2.0626111770954197e-113,0.0,0.0,0.0,7.89609268093428e-102,3.6551865362891686e-40,1.9034568358235655e-126,1.7786159026959232e-98,1.318286142989316e-63,3.404391882104267e-13,5.81332488725841e-09,0.004678672999448059,0.0
24.366666666666667,0.004680851,0.004686315110702713,1.6847693094950884e-113,0.0,0.0,0.0,6.091935265704904e-102,3.28973995065958e-40,1.3160458645555494e-126,1.2924498085845317e-98,1.055894239025647e-63,3.201276999745193e-13,4.961825728419351e-09,0.004686310148556857,0.0
24.383333333333333,0.004680851,0.004692258582733977,1.376138071088374e-113,0.0,0.0,0.0,4.699974380073914e-102,2.960825221471761e-40,9.099008437810344e-127,9.391590953345416e-99,8.457179050889545e-64,3.0102800014598964e-13,4.234231787260175e-09,0.004692254348201161,0.0
24.4,0.004680851,0.004696622546471977,1.1240407878285021e-113,0.0,0.0,0.0,3.626042377592396e-102,2.664791013493641e-40,6.290891182318497e-127,6.824308207949861e-99,6.773685314976128e-64,2.830677962120336e-13,3.6126415913910637e-09,0.004696618933547318,0.0
24.416666666666668,0.004680851,0.00469951024946233,9.181224929187997e-114,0.0,0.0,0.0,2.797482896570108e-102,2.398350881882444e-40,4.349359956008532e-127,4.958748627807272e-99,5.4252394283499874e-64,2.661791082659513e-13,3.0817198663450173e-09,0.004699507167476284,0.0
24.433333333333334,0.004680851,0.004701016068988864,7.499247407720503e-114,0.0,0.0,0.0,2.158237280495485e-102,2.1585468133763657e-40,3.0070012941622383e-127,3.603126960769745e-99,4.3451744562056755e-64,2.5029801175177047e-13,2.628332821003633e-09,0.004701013440405744,0.0
24.45,0.004680851,0.004701226533642953,6.125382819273449e-114,0.0,0.0,0.0,1.6650532660206684e-102,1.9427164097411544e-40,2.0789161553191467e-127,2.618068850782595e-99,3.4800858422716306e-64,2.353643955537791e-13,2.241234775300408e-09,0.004701224292172813,0.0
24.466666666666665,0.004680851,0.004700221198190143,5.0031934188091e-114,0.0,0.0,0.0,1.284559630987634e-102,1.7484633496706861e-40,1.4372603350127883e-127,1.902289465325726e-99,2.7871936288441504e-64,2.2132173451579287e-13,1.910798979077963e-09,0.004700219287169842,0.0
24.48333333333333,0.004680851,0.0046980733966685735,4.086578571925666e-114,0.0,0.0,0.0,9.91009026861814e-103,1.5736308016709149e-40,9.936399042187473e-128,1.3821850708354758e-99,2.23222919535828e-64,2.0811687552943486e-13,1.628786455131243e-09,0.0046980717676740015,0.0
24.5,0.004680851,0.004694850893802866,3.3378815471594895e-114,0.0,0.0,0.0,7.645363861966276e-103,1.4162774931610249e-40,6.869383100684028e-128,1.0042685515192135e-99,1.7877422388317486e-64,1.9569983638212404e-13,1.3881475500250827e-09,0.004694849505459616,0.0
24.516666666666666,0.004680851,0.0046906164510218855,2.726343018587111e-114,0.0,0.0,0.0,5.898151481392372e-103,1.274656170464485e-40,4.74899366679582e-128,7.296718857714412e-100,1.4317444455513046e-64,1.8402361660370178e-13,1.1828516110771189e-09,0.004690615267986251,0.0
24.53333333333333,0.004680851,0.004685428320376454,2.226837788859295e-114,0.0,0.0,0.0,4.550204385290108e-103,1.14719421085994e-40,3.283073415333585e-128,5.301508509379656e-100,1.1466229108374703e-64,1.7304401959600635e-13,1.0077408424585521e-09,0.004685427312462567,0.0
24.55,0.004680851,0.004679340677276712,1.818842868290717e-114,0.0,0.0,0.0,3.5102909317015935e-103,1.0324761717169772e-40,2.2696284164699358e-128,3.8518150552674965e-100,9.182696708447961e-65,1.627194853724388e-13,8.584049411609699e-10,0.004679339818709051,0.0
24.566666666666663,0.004680851,0.004672404001068743,1.4855945425409836e-114,0.0,0.0,0.0,2.708024257583907e-103,9.292280832109289e-41,1.5690041741614897e-128,2.798501333208639e-100,7.353843728487178e-65,1.5301093327466291e-13,7.310735862915512e-10,0.0046724032698421455,0.0
24.58333333333333,0.004680851,0.004664665410940933,1.2133998194876085e-114,0.0,0.0,0.0,2.0890999790633727e-103,8.363033104383604e-41,1.0846475041230693e-128,2.033198369001475e-100,5.88915653806314e-65,1.4388161407129502e-13,6.225242629403072e-10,0.004664664788272789,0.0
24.6,0.004680851,0.0046561689634127545,9.910739834449729e-115,0.0,0.0,0.0,1.6116218282219955e-103,7.526698281525259e-41,7.498050099480924e-129,1.4771620587028198e-100,4.716136422413665e-65,1.3529697087904683e-13,5.300032535059083e-10,0.004656168433274204,0.0
24.616666666666667,0.004680851,0.004646955916650515,8.094811620065384e-115,0.0,0.0,0.0,1.243266708584329e-103,6.773987669964767e-41,5.1832631689470105e-129,1.0731753950101475e-100,3.7767148312318188e-65,1.272245083800326e-13,4.511579324902604e-10,0.004646955465365359,0.0
24.633333333333333,0.004680851,0.0046370649660294645,6.611590399510963e-115,0.0,0.0,0.0,9.590974161850279e-104,6.096541042078907e-41,3.583054363760053e-129,7.796639523942729e-101,3.0243817978387474e-65,1.1963366984038825e-13,3.839787619865319e-10,0.004637064581931069,0.0
24.65,0.004680851,0.004626532455466428,5.400123094176311e-115,0.0,0.0,0.0,7.398750730174948e-104,5.486833844582249e-41,2.476844614870554e-129,5.66419769636988e-101,2.421885677224787e-65,1.1249572146492192e-13,3.267496101069923e-10,0.004626532127820405,7.839161624867776e-13
24.666666666666668,0.004680851,0.0046173996199501445,4.41062267702898e-115,0.0,0.0,0.0,5.707571156302587e-104,4.938093679087608e-41,1.7121403547311563e-129,4.1149405449098295e-101,1.93939055992383e-65,1.0578364365017259e-13,2.7800520837484975e-10,0.004615392284103229,2.0070577359240133e-06
24.683333333333334,0.004680851,0.0047216541909022025,3.602422794114881e-115,0.0,0.0,0.0,4.402927584185018e-104,4.444225128471863e-41,1.1835189421969674e-129,2.9893925926130855e-101,1.5530003189232235e-65,9.947202872441793e-14,2.3649473092549615e-10,0.004603677237697991,0.00011797671661000915
24.7,0.004680851,0.005454598100664416,2.9423070290561995e-115,0.0,0.0,0.0,3.3964797170328555e-104,3.9997420952155883e-41,8.18099865558139e-130,2.1716837678612184e-101,1.2435763534930418e-65,9.353698478768067e-14,2.0115062192807598e-10,0.004591417334194339,0.0008631805652259184
24.716666666666665,0.004680851,0.007082837436321703,2.4031441936256835e-115,0.0,0.0,0.0,2.620075393765094e-104,3.5997069011819695e-41,5.655001161358521e-130,1.5776275153984572e-101,9.95790600231909e-66,8.795604528789521e-14,1.7106192115309101e-10,0.004578641215867752,0.002504196049304074
24.73333333333333,0.004680851,0.008861639937930564,1.962773593973492e-115,0.0,0.0,0.0,2.021137394022382e-104,3.239675473272844e-41,3.9088981551051585e-130,1.1460580836816473e-101,7.973670034467738e-66,8.27080839910669e-14,1.4545144384165874e-10,0.004565375946608683,0.00429626384578773
24.75,0.004680851,0.00980217844561965,1.6030944873201516e-115,0.0,0.0,0.0,1.5591043276532564e-104,2.915648006887899e-41,2.7019126337512455e-130,8.325360897274063e-102,6.384739477072698e-66,7.777323502367436e-14,1.236562623692179e-10,0.004551647125256676,0.005250531196628939
24.766666666666666,0.004680851,0.009598948721446215,1.3093223292907587e-115,0.0,0.0,0.0,1.2026847752274581e-104,2.624024559858774e-41,1.867598641541416e-130,6.047749667788798e-102,5.11237614507544e-66,7.313281768477427e-14,1.0511101570435548e-10,0.004537478988633273,0.005061469627628794
24.78333333333333,0.004680851,0.00861746136019226,1.069381261791841e-115,0.0,0.0,0.0,9.277388667791461e-105,2.3615650842077024e-41,1.2908955617452177e-130,4.3931785527165035e-102,4.0935220058792266e-66,6.87692657432713e-14,8.933364012431223e-11,0.0045228945054000685,0.004094566765389782
24.8,0.004680851,0.007402379356722779,8.734078866314904e-116,0.0,0.0,0.0,7.156439376055263e-105,2.1253534522988053e-41,8.922652662300144e-131,3.19123089585295e-102,3.277677225892482e-66,6.466606095284436e-14,7.591317260016859e-11,0.004507915461725539,0.0028944638190194012
24.816666666666663,0.0,0.0063310907522971934,7.13345940665279e-116,0.0,0.0,0.0,5.5203365359942355e-105,1.9127650782499026e-41,6.16725915796077e-131,2.31809878616597e-102,2.624399676574503e-66,6.080767053292726e-14,6.449932803266871e-11,0.004492562539621757,0.0018385281481153005
24.83333333333333,0.0,0.005547436509189051,5.826152217669863e-116,0.0,0.0,0.0,4.2582526960523715e-105,1.7214377753486684e-41,4.262709646906208e-131,1.6838368250221565e-102,2.101302217416408e-66,5.717948837916278e-14,5.479359424772601e-11,0.004476855388707011,0.0010705810656312666
24.85,0.0,0.005040885677437859,4.7584116467221754e-116,0.0,0.0,0.0,3.2846918194393885e-105,1.5492455261107487e-41,2.946284339673533e-131,1.2231013129648355e-102,1.6824486833339041e-66,5.3767779780888314e-14,4.6541625334592686e-11,0.004460812692059846,0.0005800729387826196
24.866666666666667,0.0,0.004740250013981713,3.886339569319422e-116,0.0,0.0,0.0,2.5336997942257057e-105,1.3942748739238475e-41,2.036380480166995e-131,8.884218694724796e-103,1.3470692181887586e-66,5.055962943643711e-14,3.9526745378176474e-11,0.0044444522267516,0.00029579774765280847
24.883333333333333,0.004680851,0.0045710126489749954,3.174081201445507e-116,0.0,0.0,0.0,1.9543980343641476e-105,1.2548036743005942e-41,1.4074681187600471e-131,6.453130405077036e-103,1.0785313883436007e-66,4.7542892569533234e-14,3.356440163205093e-11,0.004427790919576671,0.00014322169578637943
24.9,0.0,0.004477156500455646,2.5923514386189633e-116,0.0,0.0,0.0,1.5075378234391232e-105,1.1292819699416916e-41,9.727776633969418e-132,4.687227663486121e-103,8.635161603860968e-67,4.4706148961820576e-14,2.8497429329849954e-11,0.0044108448984409515,6.631157347255886e-05
24.916666666666668,0.0,0.004423156254306117,2.1172311734204665e-116,0.0,0.0,0.0,1.1628421394299018e-105,1.016314777366812e-41,6.723323474502758e-132,3.404521445457699e-103,6.913579604056824e-67,4.203865972755025e-14,2.4192010181941542e-11,0.004393629539817264,2.9526690254803952e-05
24.933333333333334,0.0,0.004388862865226272,1.729184134134178e-116,0.0,0.0,0.0,8.969550002015664e-106,9.146465940803529e-42,4.646755552606978e-132,2.472808772934153e-103,5.5351614917438874e-67,3.953032666686915e-14,2.053422361835916e-11,0.004376159512631952,1.2703332020566568e-05
24.95,0.0,0.004363750175688989,1.412253846605885e-116,0.0,0.0,0.0,6.918594921218821e-106,8.231474543253383e-42,3.211523170557661e-132,1.796054195856098e-103,4.4315174936561526e-67,3.7171654043876614e-14,1.7427104418874627e-11,0.004358448818907343,5.301339317370307e-06
24.966666666666665,0.0,0.004342663802628203,1.1534077215258787e-116,0.0,0.0,0.0,5.336573706463107e-106,7.408003786613964e-42,2.2195642246176627e-132,1.3044961477871993e-103,3.5478846888458075e-67,3.4953712644823297e-14,1.4788132862093847e-11,0.004340510831450558,2.1529563545584207e-06
24.98333333333333,0.0,0.0043232115735278645,9.420013139764517e-117,0.0,0.0,0.0,4.116275987289011e-106,6.666900780657919e-42,1.5339803834453404e-132,9.474594609398511e-104,2.840412358953105e-67,3.2868105980424e-14,1.2547094224032522e-11,0.004322358328848563,8.532320993394572e-07
25.0,0.0,0.004304334294875199,7.693407395262578e-117,0.0,0.0,0.0,3.1750007286112272e-106,5.999927871771912e-42,1.060150051789655e-132,6.8813390757041e-104,2.2739880242801642e-67,3.090693850438992e-14,1.0644253617839075e-11,0.004304003528002859,3.307561971792379e-07
25.016666666666666,0.0,0.004285583796512064,6.2832526418541595e-117,0.0,0.0,0.0,2.448953553533522e-106,5.3996711383028364e-42,7.326732322156426e-133,4.9978104158506126e-104,1.8204964973159037e-67,2.9062785727906e-14,9.028800009126344e-12,0.0042854581144135566,1.2567304064442786e-07
25.03333333333333,0.0,0.00426678016342892,5.131553798118305e-117,0.0,0.0,0.0,1.8889247112211668e-106,4.859458033064599e-42,5.063476217708812e-133,3.629786733801991e-104,1.4574257212722202e-67,2.732866611695218e-14,7.657519953895432e-12,0.004266733270401559,4.688534251329176e-08
25.05,0.0,0.004247856909334874,4.190943673948013e-117,0.0,0.0,0.0,1.4569549843604855e-106,4.3732832587643985e-42,3.4993122484775887e-133,2.6361915568694684e-104,1.1667503302850478e-67,2.5698014666121445e-14,6.493667349841572e-12,0.004247839701439349,1.720137615930202e-08
25.066666666666663,0.0,0.004228793880818141,3.422735485646242e-117,0.0,0.0,0.0,1.1237637269390393e-106,3.935742053467588e-42,2.4183107263526494e-133,1.914552843854601e-104,9.340376193097797e-68,2.4164658048925566e-14,5.506000405531882e-12,0.004228787660744149,6.2145438277979305e-09
25.08333333333333,0.0,0.004209589190543959,2.7953322097284513e-117,0.0,0.0,0.0,8.667648316652633e-107,3.5419701454525526e-42,1.671232990543322e-133,1.3904401546398245e-104,7.47731625620192e-68,2.272279125053831e-14,4.6679612345791935e-12,0.004209586972272684,2.2135805918011863e-09
25.1,0.0,0.004190247834407526,2.2829273961062316e-117,0.0,0.0,0.0,6.685362406599555e-107,3.187589710830168e-42,1.1549346219487013e-133,1.0097917261050032e-104,5.985798450317677e-68,2.1366955594556138e-14,3.956977075576317e-12,0.0041902470522438545,7.78185327793353e-10
25.116666666666667,0.0,0.004170777202939043,1.8644440391775855e-117,0.0,0.0,0.0,5.15639328295373e-107,2.8686607339167132e-42,7.98129408070409e-134,7.333408717341766e-105,4.791741709458267e-68,2.0092018080609293e-14,3.3538652107377545e-12,0.00417077692930374,2.702613454403431e-10
25.133333333333333,-0.004680851,0.004151185359102194,1.5226678889615899e-117,0.0,0.0,0.0,3.9770818055333885e-107,2.5816372303165242e-42,5.515498208127258e-134,5.3256737947003056e-105,3.835833026359288e-68,1.8893151954623998e-14,2.8423262820391914e-12,0.004151185263437003,9.28039723046128e-11
25.15,-0.004680851,0.0041314803976786356,1.2435395757058212e-117,0.0,0.0,0.0,3.067470752240026e-107,2.3233278466462376e-42,3.811463051705574e-134,3.867566897520262e-105,3.0705840087787917e-68,1.7765818438211906e-14,2.4085129474890317e-12,0.004131480363719579,3.153277771629727e-11
25.166666666666668,-0.004680851,0.004111670217665123,1.0155764486773531e-117,0.0,0.0,0.0,2.3658856928274544e-107,2.090860399407009e-42,2.633869308361305e-134,2.8086377014407648e-105,2.4579739834195267e-68,1.6705749548032596e-14,2.0406627371565337e-12,0.004111670204998868,1.0608887294121116e-11
25.183333333333334,-0.004680851,0.004091762448861227,8.294003613393688e-118,0.0,0.0,0.0,1.8247547868193718e-107,1.8816499592386702e-42,1.820087554792815e-134,2.0396151762274305e-105,1.9675627876794827e-68,1.5708931940110346e-14,1.7287856060068487e-12,0.004091762443580344,3.5363887217060926e-12
25.2,-0.004680851,0.004071764434640296,6.7735198983901645e-118,0.0,0.0,0.0,1.4073842818472062e-107,1.6933701261454384e-42,1.2577255952888783e-134,1.4811375337058112e-105,1.5749796671488881e-68,1.477159171795954e-14,1.4643980789071327e-12,0.004071764431992492,1.1686339265048573e-12
25.216666666666665,-0.004680851,0.00405168323453332,5.531758286486632e-118,0.0,0.0,0.0,1.0854712303373567e-107,1.5239271767049413e-42,8.691106828679333e-135,1.0755663147020122e-105,1.2607133386510355e-68,1.3890180147025829e-14,1.2402970770542576e-12,0.004051683232896089,3.8304447836603037e-13
25.23333333333333,-0.004680851,0.004031525633386124,4.5176291244952985e-118,0.0,0.0,0.0,8.371848859951904e-108,1.3714367961555146e-42,6.005647763996887e-135,7.810406922236786e-106,1.0091432077220016e-68,1.3061360221374746e-14,1.0503675341991807e-12,0.0040315256321981074,1.2458813188659296e-13
25.25,-0.004680851,0.004011298152367588,3.689406863188692e-118,0.0,0.0,0.0,6.456867691183909e-108,1.2342031369533553e-42,4.1499246826283744e-135,5.671589723714876e-106,8.077636850414552e-69,1.2281994031786405e-14,8.894187808200652e-13,0.0040112981514256576,4.022983296422645e-14
25.266666666666666,-0.004680851,0.003991007060188286,3.0130138448601283e-118,0.0,0.0,0.0,4.97989110647345e-108,1.1106999712203732e-42,2.867584149520544e-135,4.1184200719704667e-106,6.465631205831299e-69,1.1549130887450347e-14,7.530454165575156e-13,0.003991007059410791,1.290137180377027e-14
25.28333333333333,-0.004680851,0.003970658383985367,2.460618610132436e-118,0.0,0.0,0.0,3.8407431194254934e-108,9.995537277499392e-43,1.9814710688717174e-135,2.9905507599783825e-106,5.175265413768805e-69,1.0859996146299955e-14,6.375090243708074e-13,0.003970658383332887,4.110531555451121e-15
25.3,-0.004680851,0.003950257919712826,2.0094910879144036e-118,0.0,0.0,0.0,2.962157434273116e-108,8.99528225164216e-43,1.3691622536569461e-135,2.1715329750250496e-106,4.1423751858147855e-69,1.0211980711716675e-14,5.396376199132849e-13,0.003950257919161675,1.3016090673961325e-15
25.316666666666663,-0.004680851,0.003929811242007268,1.6410675935957347e-118,0.0,0.0,0.0,2.284538483897606e-108,8.095109316472805e-43,9.460579212605133e-136,1.5767992509770505e-106,3.3155940624049577e-69,9.602631155848158e-15,4.567401901570465e-13,0.003929811241540515,4.0974969519997467e-16
25.33333333333333,-0.004680851,0.003909323713542102,1.3401871866688295e-118,0.0,0.0,0.0,1.761920425571775e-108,7.285005986308241e-43,6.536965175457199e-136,1.144935759299043e-106,2.653801312495939e-69,9.02964043215815e-15,3.865340679550546e-13,0.00390932371314641,1.2827359470042243e-16
25.35,-0.004680851,0.003888800493896218,1.0944679845122505e-118,0.0,0.0,0.0,1.358850184509621e-108,6.55596131065077e-43,4.5167937704648395e-136,8.313436521413084e-107,2.1240786680895497e-69,8.490839142060313e-15,3.2708322395254983e-13,0.0038888004935606043,3.9944087354580745e-17
25.366666666666667,-0.004680851,0.0038682465479656395,8.937977836313078e-119,0.0,0.0,0.0,1.0479832597436866e-108,5.899865706397884e-43,3.1209011060047133e-136,6.036355557739411e-107,1.7000744621294354e-69,7.984187322578153e-15,2.7674584254150486e-13,0.003868246547680897,1.2375770707111771e-17
25.383333333333333,-0.004680851,0.003847666653946071,7.29918039788849e-119,0.0,0.0,0.0,8.082293143672781e-109,5.309420806788055e-43,2.1563806022500883e-136,4.382922745557549e-107,1.360693953803256e-69,7.50776672394778e-15,2.3412979165279177e-13,0.0038476666537044296,3.815900256243066e-18
25.4,-0.004680851,0.0038270654109129323,5.960840973433241e-119,0.0,0.0,0.0,6.233218356252846e-109,4.778058325568091e-43,1.4899321760687916e-136,3.182347530649572e-107,1.0890508125785296e-69,7.059773547938677e-15,1.980548032985755e-13,0.0038270654107078164,1.1711715947845852e-18
25.416666666666668,-0.004680851,0.00380644724602339,4.8678769355764584e-119,0.0,0.0,0.0,4.807148944165181e-109,4.299867034978856e-43,1.0294452742646994e-136,2.3106075806183576e-107,8.716276939057069e-70,6.638511619403561e-15,1.6752035820525765e-13,0.003806447245849231,3.578742054306399e-19
25.433333333333334,-0.004680851,0.003785816421363411,3.975303245415476e-119,0.0,0.0,0.0,3.7073220610409546e-109,3.86952704627589e-43,7.112720140507152e-137,1.6776431702849333e-107,6.976042181101092e-70,6.242385965214746e-15,1.4167841813810213e-13,0.0037858164212154904,1.0889516014843505e-19
25.45,-0.004680851,0.0037651770404610522,3.246381511094991e-119,0.0,0.0,0.0,2.859107975003011e-109,3.4822506626070747e-43,4.91432505011629e-137,1.2180575703078058e-107,5.583189742063815e-70,5.869896776280912e-15,1.19810277468936e-13,0.003765177040335372,3.3001363474081373e-20
25.466666666666665,-0.004680851,0.003744533054485879,2.6511083117267887e-119,0.0,0.0,0.0,2.2049477745023205e-109,3.13372914706693e-43,3.395374998210724e-137,8.843636268346027e-108,4.46838824338697e-70,5.519633729793242e-15,1.0130691447293757e-13,0.0037445330543790525,9.962593040637094e-21
25.48333333333333,-0.004680851,0.0037238882681528817,2.164980605611514e-119,0.0,0.0,0.0,1.700448845988723e-109,2.8200848144516886e-43,2.345888320539649e-137,6.420794574731524e-108,3.5761411230383224e-70,5.1902706502083355e-15,8.565231556863602e-14,0.003723888268062039,2.9963864485365065e-21
25.5,-0.004680851,0.003703246345348029,1.767987437610701e-119,0.0,0.0,0.0,1.3113733531944735e-109,2.5378279143725075e-43,1.620774696095617e-137,4.661670113719787e-108,2.862026454333663e-70,4.880560488760684e-15,7.24093246352078e-14,0.0037032463452707394,8.97990832488858e-22
25.516666666666666,-0.004680851,0.0036826108144914806,1.4437864680145495e-119,0.0,0.0,0.0,1.0113154938376173e-109,2.2838178266088265e-43,1.119782560738713e-137,3.384458311172448e-108,2.2904873461828752e-70,4.5893306025015346e-15,6.120763669735947e-14,0.003682610814425684,2.681974513012247e-22
25.53333333333333,-0.004680851,0.003661985073653259,1.179031447062712e-119,0.0,0.0,0.0,7.799100112341365e-110,2.0552281374844613e-43,7.736428168732883e-138,2.4571500749781917e-108,1.833063119171593e-70,4.3154783149944314e-15,5.173361240459556e-14,0.00366198507359721,7.983671466738665e-23
25.55,-0.009361702,0.0036413723954353745,9.628229679550263e-120,0.0,0.0,0.0,6.014504610591407e-110,1.849515209167263e-43,5.344942661060476e-138,1.7838941851789925e-108,1.46697334691203e-70,4.057966741865089e-15,4.3721638335560493e-14,0.003641372395387595,2.369023535914042e-23
25.566666666666663,-0.009361702,0.003620775931633337,7.862599020327739e-120,0.0,0.0,0.0,4.6382351900564726e-110,1.6643898925932768e-43,3.6926773934004565e-138,1.2950943308737998e-108,1.1739843821263792e-70,3.815820865404317e-15,3.6946799496606265e-14,0.0036207759315925745,7.00818100399045e-24
25.58333333333333,-0.009361702,0.0036001987176890946,6.420730613306428e-120,0.0,0.0,0.0,3.576870468330863e-110,1.4977920696443123e-43,2.5511468461254026e-138,9.402181521707169e-109,9.395020219982339e-71,3.5881238433651076e-15,3.121866553738525e-14,0.0036001987176542878,2.0670845897573676e-24
25.6,-0.009361702,0.0035796436769469004,5.243260162018496e-120,0.0,0.0,0.0,2.7583616509362455e-110,1.3478677416395336e-43,1.762484594212247e-138,6.82575646701052e-109,7.518452041063488e-71,3.374013537983588e-15,2.6376022095625107e-14,0.0035796436769171503,6.079578248872392e-25
25.616666666666667,-0.009361702,0.0035591136247225944,4.2817075829137225e-120,0.0,0.0,0.0,2.127143313346748e-110,1.2129484094941602e-43,1.2176178106172857e-138,4.955276432390445e-109,6.016646205370617e-71,3.172679252084399e-15,2.228240409243641e-14,0.0035591136246971395,1.783174421181801e-25
25.633333333333333,-0.009361702,0.0035386112721961997,3.4964815539799355e-120,0.0,0.0,0.0,1.6403625721977038e-110,1.091532516359179e-43,8.411868098645533e-139,3.59732715313093e-109,4.8147734021870214e-71,2.983358659915581e-15,1.8822309396933306e-14,0.0035386112721743942,5.216270228636682e-26
25.65,-0.004680851,0.0035181392301372903,2.8552498749977962e-120,0.0,0.0,0.0,1.2649708356402531e-110,9.822687464751994e-44,5.811252212922256e-139,2.611481464652508e-109,3.852942957443234e-71,2.805334921096915e-15,1.5897989633476095e-14,0.003518139230118587,1.521986806939591e-26
25.666666666666668,-0.004680851,0.0034977000124717206,2.3316085821509263e-120,0.0,0.0,0.0,9.754808304984308e-111,8.839409945972099e-44,4.01460491615543e-139,1.89578435057458e-109,3.0832210728526865e-71,2.6379339667560934e-15,1.3426730500948587e-14,0.0034977000124556557,4.429788580038279e-27
25.683333333333334,-0.009361702,0.0034772960396979875,1.90399505124636e-120,0.0,0.0,0.0,7.522367308946392e-111,7.954548389118684e-44,2.7733949821626503e-139,1.3762137915929988e-109,2.467244119184585e-71,2.4805219475804977e-15,1.1338547223847705e-14,0.0034772960396841682,1.2862085265054614e-27
25.7,-0.009361702,0.0034569296421608415,1.5548003624594048e-120,0.0,0.0,0.0,5.800800192496942e-111,7.158253670761357e-44,1.9159160402966407e-139,9.990284926833367e-110,1.9743082534824483e-71,2.3325028341243607e-15,9.57423201058468e-15,0.003456929642148935,3.7258840725398175e-28
25.716666666666665,-0.009361702,0.0034366030631894622,1.269644398193984e-120,0.0,0.0,0.0,4.4732055629917806e-111,6.441662200431317e-44,1.3235399803623028e-139,7.25211783155029e-110,1.5798403157367884e-71,2.19331616028818e-15,8.083699954232961e-15,0.0034366030631791853,1.0768831646415776e-28
25.73333333333333,-0.009361702,0.0034163184621069155,1.0367838415633417e-120,0.0,0.0,0.0,3.449430425121804e-111,5.796797318749509e-44,9.143100800609419e-140,5.2643753707329585e-110,1.2641739219744712e-71,2.062434901428399e-15,6.8245879292340684e-15,0.0034163184620980285,3.1056991851828344e-29
25.75,-0.009361702,0.003396077917117317,8.466287115856302e-121,0.0,0.0,0.0,2.6599502325803225e-111,5.216480559222067e-44,6.316053667213658e-140,3.8214121157473815e-110,1.011569850073146e-71,1.9393634790652296e-15,5.761067930720245e-15,0.0033960779171096165,8.937799620947515e-30
25.766666666666666,-0.009361702,0.003375883428076721,6.913475373982511e-121,0.0,0.0,0.0,2.0511490732977846e-111,4.694251787131443e-44,4.363088120708866e-140,2.773932863339786e-110,8.094319660691129e-72,1.823635884635919e-15,4.862842155136378e-15,0.0033758834280700344,2.5669052600524337e-30
25.78333333333333,-0.009361702,0.0033557369191533556,5.645449213399438e-121,0.0,0.0,0.0,1.5816796839814195e-111,4.224297327608497e-44,3.0139638233828902e-140,2.0135530141013635e-110,6.476796661884635e-72,1.7148139151907496e-15,4.104292088290788e-15,0.0033557369191475365,7.357383930405216e-31
25.8,-0.009361702,0.0033356402413826053,4.609982196943138e-121,0.0,0.0,0.0,1.2196562598960271e-111,3.8013852837779454e-44,2.0819868024149315e-140,1.4615889650076744e-110,5.182455967419959e-72,1.612485514353542e-15,3.463758082962839e-15,0.003335640241377529,2.1047307911495164e-31
25.816666666666663,-0.009361702,0.0033155951751217406,3.7644250276975195e-121,0.0,0.0,0.0,9.404895364186301e-112,3.4208073257803715e-44,1.4381818517249462e-140,1.0609197095533215e-110,4.1467364743772233e-72,1.5162632122663683e-15,2.9229294858951903e-15,0.0033155951751173015,6.009707888263262e-32
25.83333333333333,-0.009361702,0.003295603432409099,3.0739494290635838e-121,0.0,0.0,0.0,7.252172032175087e-112,3.0783263034065626e-44,9.934489141703245e-141,7.700782659021983e-111,3.317972034487169e-72,1.4257826586125652e-15,2.4663284096367925e-15,0.0032956034324052065,1.712840559305694e-32
25.85,-0.009361702,0.003275666659232308,2.510114016920892e-121,0.0,0.0,0.0,5.592163264838824e-112,2.7701290998131736e-44,6.862355087820395e-141,5.589620362960498e-111,2.6548163579956044e-72,1.340701243165569e-15,2.0808728200511092e-15,0.0032756666592288863,4.873145835444689e-33
25.866666666666667,-0.009361702,0.0032557864377097028,2.049693128986303e-121,0.0,0.0,0.0,4.312103798879955e-112,2.492784202051453e-44,4.740200961313263e-141,4.057185518977533e-111,2.1241820689629266e-72,1.2606967986411277e-15,1.755506794844616e-15,0.0032557864377066865,1.384050663049498e-33
25.883333333333333,-0.009361702,0.003235964288188901,1.6737203994050973e-121,0.0,0.0,0.0,3.32503479648114e-112,2.243203516573486e-44,3.2742832785872035e-141,2.9448456739590782e-111,1.6995912731290557e-72,1.1854663809424316e-15,1.4808876612775534e-15,0.003235964288186235,3.924325542113921e-34
25.9,-0.009361702,0.003216201671266444,1.3667077054854416e-121,0.0,0.0,0.0,2.56389839845801e-112,2.0186080050772682e-44,2.2616827390136507e-141,2.1374469470784967e-111,1.3598554853834663e-72,1.1147251221813445e-15,1.2491212924497234e-15,0.00321620167126408,1.1108823329199057e-34
25.916666666666668,-0.009361702,0.003196499989731963,1.1160073320021262e-121,0.0,0.0,0.0,1.9769835715414947e-112,1.8164967585187897e-44,1.562223125605803e-141,1.5513982198235532e-111,1.0880191616813141e-72,1.048205152133185e-15,1.0535381738184566e-15,0.003196499989729861,3.1396399438948986e-35
25.933333333333334,-0.009361702,0.0031768605904403365,9.112910936791258e-122,0.0,0.0,0.0,1.5244140643446795e-112,1.6346191653482921e-44,1.0790719293619124e-141,1.1260207283835033e-111,8.705142056424631e-73,9.856545840425056e-16,8.885039811138596e-16,0.003176860590438462,8.859687628032172e-36
25.95,-0.009361702,0.0031572847661149608,7.441249708975298e-122,0.0,0.0,0.0,1.1754400257482123e-112,1.4709498644284274e-44,7.453387316000714e-142,8.1726828213386965e-112,6.96483325960516e-73,9.268365609402843e-16,7.492593682888017e-16,0.0031572847661132846,2.4963247473175227e-36
25.966666666666665,-0.009361702,0.0031377737570852603,6.076217454836163e-122,0.0,0.0,0.0,9.063493951140232e-113,1.3236662040542223e-44,5.148170899042626e-142,5.931684959044166e-112,5.572385298513688e-73,8.715283588625542e-16,6.317844756852605e-16,0.003137773757083757,7.023353553174312e-37
25.98333333333333,-0.009361702,0.003118328752961264,4.961573344085986e-122,0.0,0.0,0.0,6.988572480766682e-113,1.1911279563599801e-44,3.555889031249833e-142,4.305134195780952e-112,4.458277684737783e-73,8.195205435753438e-16,5.326843563614584e-16,0.003118328752959912,1.973171339148564e-37
26.0,-0.009361702,0.0030989508942479665,4.051391415258816e-122,0.0,0.0,0.0,5.388637299788161e-113,1.0718590614765002e-44,2.4560625926942673e-142,3.124571770112664e-112,3.5668813750741944e-73,7.70616177613689e-16,4.490921013171518e-16,0.003098950894246747,5.535760970303302e-38
26.016666666666666,-0.009361702,0.003079641273902124,3.3081688900079494e-122,0.0,0.0,0.0,4.1549623346705235e-113,9.645311983730559e-45,1.6963937235161458e-142,2.2677204750430067e-112,2.853683479738555e-73,7.246300746328912e-16,3.7858693813392657e-16,0.0030796412739010205,1.5509471584357105e-38
26.03333333333333,-0.009361702,0.0030604009388338457,2.701281389855703e-122,0.0,0.0,0.0,3.203707757469458e-113,8.679489996294177e-45,1.1716823469631468e-142,1.645825374799395e-112,2.2830663354824937e-73,6.813880982490516e-16,3.1912499585793745e-16,0.0030604009388328452,4.3394846145959424e-39
26.05,-0.009361702,0.003041230891355416,2.2057214434509452e-122,0.0,0.0,0.0,2.4702241438468085e-113,7.810367456676253e-45,8.092619629119151e-143,1.1944644067339064e-112,1.8265302282542492e-73,6.407265027147093e-16,2.6898078328641893e-16,0.003041230891354506,1.2125917471474041e-39
26.066666666666663,-0.009361702,0.0030221320905795142,1.8010683362537434e-122,0.0,0.0,0.0,1.904660185534436e-113,7.02826390422866e-45,5.589389685753814e-143,8.668778557421137e-113,1.4612711577705077e-73,6.024913129334689e-16,2.2669772792282696e-16,0.003022132090578685,3.3840728333236766e-40
26.08333333333333,-0.009361702,0.0030031054537688834,1.4706468798936667e-122,0.0,0.0,0.0,1.46857564373008e-113,6.324467852420391e-45,3.860429966253274e-143,6.291263174104962e-113,1.169042730402271e-73,5.6653774146641575e-16,1.9104637700948622e-16,0.0030031054537681258,9.432488858573228e-41
26.1,-0.009361702,0.002984151857639584,1.2008404572986143e-122,0.0,0.0,0.0,1.1323294934798831e-113,5.691139811239228e-45,2.666263104858148e-143,4.56575974343118e-113,9.35245428110684e-74,5.327296403234863e-16,1.6098907724378458e-16,0.00298415185763889,2.6259522744598254e-41
26.116666666666667,-0.009361702,0.002965272139619638,9.805300522566324e-123,0.0,0.0,0.0,8.730658528140326e-114,5.121225014084392e-45,1.841477309912128e-143,3.313473676843968e-113,7.48197834998026e-74,5.009389854642265e-16,1.3565013197993753e-16,0.0029652721396190014,7.301856311231437e-42
26.133333333333333,-0.009361702,0.0029464670990648413,8.00636159860105e-123,0.0,0.0,0.0,6.731608881039725e-114,4.608374878156111e-45,1.2718204181949491e-143,2.404635607759601e-113,5.9855347382221394e-74,4.710453920562998e-16,1.1429058895770347e-16,0.002946467099064256,2.028043443351014e-42
26.15,-0.009361702,0.0029277374984335988,6.53744710847136e-123,0.0,0.0,0.0,5.190251950197347e-114,4.146876324496507e-45,8.783776445946014e-144,1.745059792255306e-113,4.788341643418857e-74,4.42935658656848e-16,9.628694215571948e-17,0.0029277374984330597,5.626391483582658e-43
26.166666666666668,-0.009361702,0.00290908406442232,5.3380160258985367e-123,0.0,0.0,0.0,4.0018029817506206e-114,3.7315881712500236e-45,6.06642486845466e-144,1.2663876013751239e-113,3.830566252219719e-74,4.165033385908298e-16,8.111314186394445e-17,0.0029090840644218226,1.5592013252449865e-43
26.183333333333334,-0.009361702,0.0028905074890629803,4.358632548316177e-123,0.0,0.0,0.0,3.0854653135161523e-114,3.357883892396509e-45,4.189676092510092e-144,9.190058956896866e-114,3.064336908763503e-74,3.916483369037827e-16,6.832540057926389e-17,0.00289050748906252,4.3162289915139973e-44
26.2,-0.009361702,0.0028720084307843085,3.558929155479091e-123,0.0,0.0,0.0,2.3789391828898184e-114,3.021600105014011e-45,2.8935044716867623e-144,6.669069836307076e-114,2.451352356989868e-74,3.682765313630059e-16,5.754936145245824e-17,0.0028720084307838826,1.1935673596387232e-44
26.216666666666665,-0.009361702,0.0028535875154380723,2.9059432649901023e-123,0.0,0.0,0.0,1.834187463714518e-114,2.7189902118556205e-45,1.9983150494839926e-144,4.839578773722412e-114,1.960968760532988e-74,3.462994160724425e-16,4.846926295949404e-17,0.0028535875154376777,3.2971551141340194e-45
26.23333333333333,-0.009361702,0.0028352453372917827,2.372758967255394e-123,0.0,0.0,0.0,1.4141706400953581e-114,2.4466826833735766e-45,1.3800660116353732e-144,3.511924750584286e-114,1.568669035432664e-74,3.256337663519334e-16,4.0818790103557973e-17,0.0028352453372914163,9.098950816420292e-46
26.25,-0.009361702,0.0028169824599891063,1.9373978876888824e-123,0.0,0.0,0.0,1.090329169364191e-114,2.2016435149372752e-45,9.530855145168724e-145,2.548462168636582e-114,1.2548381024845628e-74,3.062013236121509e-16,3.437335035966686e-17,0.002816982459988766,2.5084875831288664e-46
26.266666666666666,-0.009361702,0.00279879941747926,1.5819134850883815e-123,0.0,0.0,0.0,8.40642161775182e-115,1.9811424414423067e-45,6.582032059924854e-145,1.8492964711467573e-114,1.0037829282449766e-74,2.8792849903215913e-16,2.894355309155249e-17,0.002798799417478943,6.908920796931788e-47
26.28333333333333,-0.009361702,0.0027806967149164997,1.2916514745449215e-123,0.0,0.0,0.0,6.481304594094248e-115,1.7827225333087243e-45,4.545526993019815e-145,1.3419312352250139e-114,8.029484372588156e-75,2.7074609491770956e-16,2.436970543641875e-17,0.002780696714916205,1.9010552520867147e-47
26.3,-0.009361702,0.002762674829530901,1.0546459060477756e-123,0.0,0.0,0.0,4.997023904965071e-115,1.604172835491196e-45,3.1390961631682625e-145,9.737542441493823e-115,6.422901518727334e-75,2.5458904268539295e-16,2.0517166628757617e-17,0.002762674829530626,5.2260542720903275e-48
26.316666666666663,-0.009361702,0.002744734211471488,8.611260178798028e-124,0.0,0.0,0.0,3.8526375867282347e-115,1.4435037449775077e-45,2.1678096143363997e-145,7.065840933051058e-115,5.137722372899834e-75,2.393961564806521e-16,1.7272427233712173e-17,0.002744734211471231,1.4353435900245823e-48
26.33333333333333,-0.009361702,0.002726875284622666,7.03113547079664e-124,0.0,0.0,0.0,2.9703158108662683e-115,1.2989248527246226e-45,1.497041372687303e-145,5.127123161929702e-115,4.1096588831506436e-75,2.251099014967714e-16,1.453980047293817e-17,0.002726875284622426,3.9386601099839486e-49
26.35,-0.009361702,0.0027090984473950733,5.740939055894382e-124,0.0,0.0,0.0,2.290049342892495e-115,1.1688250034016821e-45,1.0338145067849603e-145,3.720309358190898e-115,3.2872800261349756e-75,2.1167617611784195e-16,1.2238630335024562e-17,0.0027090984473948495,1.0798401310217807e-49
26.366666666666667,-0.009361702,0.002691404073491707,4.687476736635122e-124,0.0,0.0,0.0,1.7655694300665035e-115,1.051754350988938e-45,7.139168024263342e-146,2.69947792347816e-115,2.629440930474158e-75,1.9904410706076817e-16,1.0300935962083178e-17,0.0026914040734914977,2.9579864738608353e-50
26.383333333333333,-0.009361702,0.0026737925126501766,3.827313470110195e-124,0.0,0.0,0.0,1.3612017941585962e-115,9.464082104893345e-46,4.930020835841831e-146,1.958736139652719e-115,2.1032259863168709e-75,1.8716585674072468e-16,8.669424312254043e-18,0.0026737925126499805,8.095913946231571e-51
26.4,-0.009361702,0.0026562640913620848,3.124983033192813e-124,0.0,0.0,0.0,1.0494408873597558e-115,8.516125259986479e-46,3.404443128209587e-146,1.4212403639294063e-115,1.6823031985003516e-75,1.7599644213080886e-16,7.295813668238137e-18,0.0026562640913619013,2.2139895831541737e-51
26.416666666666668,-0.009361702,0.002638819113570241,2.551526108264877e-124,0.0,0.0,0.0,8.090795206116841e-116,7.663107933657711e-46,2.350929456913233e-146,1.0312277243819567e-115,1.3456075749049797e-75,1.654935644300076e-16,6.1394194938249574e-18,0.0026388191135700693,6.049675298023479e-52
26.433333333333334,-0.009361702,0.002621457861344565,2.083296547347873e-124,0.0,0.0,0.0,6.237667199604426e-116,6.8955229186362375e-46,1.6234140659573626e-146,7.482333955258236e-116,1.0762877725107915e-75,1.5561744889461346e-16,5.165961687039066e-18,0.002621457861344404,1.651741121026805e-52
26.45,-0.009361702,0.0026041805955373627,1.7009866220630958e-124,0.0,0.0,0.0,4.808957726033327e-116,6.204814938588592e-46,1.121024777883448e-146,5.428940294383641e-116,8.608633710921711e-76,1.4633069422665237e-16,4.346558654104471e-18,0.002604180595537212,4.506213407834867e-53
26.466666666666665,-0.009361702,0.0025869875564188028,1.3888310898111783e-124,0.0,0.0,0.0,3.7074686778065805e-116,5.583285345793124e-46,7.741004628961397e-147,3.939023054973442e-116,6.885506644793724e-76,1.375981309491161e-16,3.6568790141602855e-18,0.0025869875564186614,1.2284221750958845e-53
26.48333333333333,-0.009361702,0.0025698789642931963,1.1339572746106105e-124,0.0,0.0,0.0,2.858260435725774e-116,5.024006358764598e-46,5.34534398149253e-147,2.8579687084961097e-116,5.507232768610643e-76,1.2938668823176475e-16,3.0764262937561776e-18,0.002569878964293064,3.346229662766069e-54
26.5,-0.009361702,0.002552855020096796,9.258543777057728e-125,0.0,0.0,0.0,2.2035549497628686e-116,4.520743884986436e-46,3.691052410253128e-147,2.0735853472235495e-116,4.4048064681004263e-76,1.216652686632869e-16,2.5879358122284318e-18,0.0025528550200966714,9.108397368699151e-55
26.516666666666666,-0.009361702,0.0025359159059777435,7.559401461677116e-125,0.0,0.0,0.0,1.6988058817473566e-116,4.067888069463876e-46,2.5487133654656927e-147,1.5044642420502647e-116,3.5230281076268667e-76,1.1440463049568699e-16,2.1768662036676636e-18,0.002535915905977627,2.4774909928528037e-55
26.53333333333333,-0.009361702,0.0025190617858587487,6.17207039677726e-125,0.0,0.0,0.0,1.3096685992077926e-116,3.660390795803113e-46,1.759900112104787e-147,1.0915341883278793e-116,2.817742295802728e-76,1.0757727691503369e-16,1.8309707609852854e-18,0.0025190617858586394,6.7339781026594375e-56
26.55,-0.009361702,0.002502292805983147,5.039333117754988e-125,0.0,0.0,0.0,1.0096639865500383e-116,3.293709443918389e-46,1.2152098666666739e-147,7.91932823957772e-117,2.2536285183201e-76,1.01157351919351e-16,1.5399361008972335e-18,0.0025022928059830443,1.8290529481041584e-56
26.566666666666663,-0.009361702,0.0024856090954448566,4.114470970334612e-125,0.0,0.0,0.0,7.783772112941033e-117,2.9637562781079386e-46,8.390943718233402e-148,5.7455933145233116e-117,1.8024336781385153e-76,9.512054240941722e-17,1.2950776016632945e-18,0.0024856090954447603,4.964564267079696e-57
26.58333333333333,-0.009361702,0.0024690107667027566,3.35933780105927e-125,0.0,0.0,0.0,6.0006895535279896e-117,2.6668529019208875e-46,5.7938412244174786e-148,4.168472761605582e-117,1.4415581688588352e-76,8.944398612172793e-17,1.0890827141180643e-18,0.002469010766702666,1.3466088328232094e-57
26.6,-0.009361702,0.0024524979160800873,2.7427870639335147e-125,0.0,0.0,0.0,4.626046664970838e-117,2.399689272640103e-46,4.000540199314812e-148,3.0242285575112143e-117,1.1529247776495053e-76,8.41061850550925e-17,9.15794638195133e-19,0.0024524979160800023,3.650163271581352e-58
26.616666666666667,-0.009361702,0.0024360706242493096,2.2393875065149094e-125,0.0,0.0,0.0,3.566290095191248e-117,2.1592868189681836e-46,2.762275319893948e-148,2.1940565560389053e-117,9.22073851937935e-77,7.908692406302807e-17,7.700300317357677e-19,0.00243607062424923,9.887774478659577e-59
26.633333333333333,-0.009361702,0.00241972895670287,1.8283744927934588e-125,0.0,0.0,0.0,2.7492937009243692e-117,1.942965251180928e-46,1.9072673314254478e-148,1.5917563888216928e-117,7.374394754059058e-77,7.436719430372181e-17,6.474254096664099e-19,0.002419728956702795,2.676732909175181e-59
26.65,-0.009361702,0.002403472964210448,1.4927937324637122e-125,0.0,0.0,0.0,2.1194512036906795e-117,1.7483126941270275e-46,1.3168989966386086e-148,1.1547845638845588e-117,5.8977044861484574e-77,6.99291212577462e-17,5.443077281492818e-19,0.002403472964210377,7.24163153512133e-60
26.666666666666668,-0.009361702,0.002387302683263022,1.2188021168465007e-125,0.0,0.0,0.0,1.633892679082626e-117,1.5731588104434986e-46,9.092632965662832e-149,8.377625308290933e-118,4.716671099284231e-77,6.575589704095202e-17,4.575853541564569e-19,0.0023873026832629558,1.9579304751707e-60
26.683333333333334,-0.009361702,0.0023712181365042485,9.950968375873501e-126,0.0,0.0,0.0,1.2595675249480837e-117,1.4155506146519044e-46,6.278026708480044e-149,6.077661367271162e-118,3.7721082502749686e-77,6.183171675626674e-17,3.846562164558267e-19,0.0023712181365041865,5.2904426727193105e-61
26.7,-0.009361702,0.0023552193331495028,8.124492521685058e-126,0.0,0.0,0.0,9.709954839255505e-118,1.2737307087607407e-46,4.334639347908724e-149,4.409076939822471e-118,3.0166760764720744e-77,5.814171864339443e-17,3.2333043641631645e-19,0.002355219333149444,1.4286472200089037e-61
26.716666666666665,-0.009361702,0.0023393062693930476,6.633242781451788e-126,0.0,0.0,0.0,7.485327325107602e-118,1.1461176969621346e-46,2.9928096668585213e-149,3.198559828270369e-118,2.412510417837546e-77,5.467192779981167e-17,2.7176516086614134e-19,0.0023393062693929925,3.8556753735261887e-62
26.73333333333333,-0.004680851,0.0023234789288036593,5.415696237851979e-126,0.0,0.0,0.0,5.770350817419428e-118,1.0312885612750935e-46,2.066338907173527e-149,2.320368231820015e-118,1.9293264180198615e-77,5.140920325995818e-17,2.284096767321599e-19,0.0023234789288036077,1.0399741072487374e-62
26.75,-0.009361702,0.002307737282709096,4.42162041757355e-126,0.0,0.0,0.0,4.448273457394455e-118,9.27962801823676e-47,1.4266595294634405e-149,1.683274653437303e-118,1.5429015987038023e-77,4.8341188232242875e-17,1.919591887081794e-19,0.0023077372827090474,2.8034655731380456e-63
26.766666666666666,-0.004680851,0.00229208129056977,3.61000143327861e-126,0.0,0.0,0.0,3.4290876042001265e-118,8.349881650885245e-47,9.849982767673448e-150,1.2210929018430243e-118,1.2338624856492975e-77,4.545626330545153e-17,1.6131589548628085e-19,0.0022920812905697246,7.553052441266705e-64
26.78333333333333,-0.004680851,0.0022765109003419237,2.947352300682226e-126,0.0,0.0,0.0,2.6434039190780585e-118,7.513278011536804e-47,6.800595558789564e-150,8.858049206738839e-119,9.867140521596624e-78,4.274350244735664e-17,1.3555621451938379e-19,0.0022765109003418807,2.0337997459190953e-64
26.8,-0.004680851,0.0022610260488306923,2.4063316746894978e-126,0.0,0.0,0.0,2.0377285442955367e-118,6.760487068854486e-47,4.695207379982445e-150,6.425739841613805e-119,7.890633954574171e-78,4.019263162894081e-17,1.139031860960602e-19,0.002261026048830652,5.473385630446236e-65
26.816666666666663,-0.004680851,0.0022456266620333484,1.9646160468952527e-126,0.0,0.0,0.0,1.5708220273485641e-118,6.08311326299781e-47,3.24159663419783e-150,4.6612657668068436e-119,6.309987810426757e-78,3.779398991755465e-17,9.570323995803987e-20,0.0022456266620333107,1.4722099354147596e-65
26.83333333333333,-0.004680851,0.0022303126554729775,1.6039788971039558e-126,0.0,0.0,0.0,1.210892234944562e-118,5.473601922631669e-47,2.2379971824013497e-150,3.3812733278054474e-119,5.045929655529417e-78,3.553849289168679e-17,8.040663621614144e-20,0.002230312655472942,3.957791048172744e-66
26.85,-0.004680851,0.002215083934522986,1.3095388246090243e-126,0.0,0.0,0.0,9.334302421713031e-119,4.925155052693949e-47,1.545099579191596e-150,2.452744933946873e-119,4.0350592875459285e-78,3.34175982388285e-17,6.755100066693669e-20,0.0022150839345229526,1.0634299857165613e-66
26.866666666666667,-0.004680851,0.002199940394722644,1.0691456525052131e-126,0.0,0.0,0.0,7.195419291353859e-119,4.431655554716233e-47,1.0667184243088986e-150,1.7791812798320095e-119,3.226671211324036e-78,3.1423273406159866e-17,5.674746594040075e-20,0.0021999403947226123,2.8558887603728258e-67
26.883333333333333,-0.004680851,0.0021848819220839128,8.728791875136946e-127,0.0,0.0,0.0,5.546617457388729e-119,3.9875990354094714e-47,7.364436274755462e-151,1.2905764224550495e-119,2.580213139787464e-78,2.9547965181559995e-17,4.7669006885771923e-20,0.0021848819220838833,7.665727257072908e-68
26.9,-0.004680851,0.002169908393389926,7.1263996319908636e-127,0.0,0.0,0.0,4.275611093730323e-119,3.5880324437550425e-47,5.0842350237455844e-151,9.361446838067752e-120,2.0632532301045429e-78,2.7784571089778537e-17,4.004062347833492e-20,0.0021699083933898983,2.056593226340818e-68
26.916666666666668,-0.004680851,0.0021550196764852725,5.818150875352216e-127,0.0,0.0,0.0,3.295839489938397e-119,3.228498852894243e-47,3.5100082058960235e-151,6.790440611221963e-120,1.649854236383814e-78,2.612641249543905e-17,3.363107920173725e-20,0.0021550196764852465,5.514797876326283e-69
26.933333333333334,-0.004680851,0.0021402156305583954,4.7500541291965815e-127,0.0,0.0,0.0,2.5405736613924584e-119,2.904987771562183e-47,2.4231877049357e-151,4.9254813081504024e-120,1.3192731351275395e-78,2.4567209311039184e-17,2.824594893036196e-20,0.0021402156305583707,1.4780873075092743e-69
26.95,-0.004680851,0.0021254961064162818,3.878027756130934e-127,0.0,0.0,0.0,1.958373004591789e-119,2.6138904314041604e-47,1.6728707972535825e-151,3.5726884367629306e-120,1.054921078028407e-78,2.310105621416823e-17,2.3721769154162847e-20,0.0021254961064162588,3.959705853161521e-70
26.966666666666665,-0.004680851,0.0021108609467517347,3.1660811645522514e-127,0.0,0.0,0.0,1.5095827498450184e-119,2.351959551944618e-47,1.1548728407916354e-151,2.591417404827188e-120,8.435315639727817e-79,2.172240028389705e-17,1.992111609348745e-20,0.002110860946751713,1.060281313841942e-70
26.98333333333333,-0.004680851,0.002096309986403405,2.5848298071073978e-127,0.0,0.0,0.0,1.1636337972824185e-119,2.1162731348587352e-47,7.972643931936484e-152,1.879642970918787e-120,6.744951506875008e-79,2.0426019971648667e-17,1.6728464804027687e-20,0.0020963099864033845,2.837772421183672e-71
27.0,-0.004680851,0.002081843052608806,2.1102827154207746e-127,0.0,0.0,0.0,8.969611321748647e-120,1.9042018840849183e-47,5.503855301106851e-152,1.3633555616062176e-120,5.3932736826579734e-79,1.9207005326925177e-17,1.404670558225276e-20,0.002081843052608787,7.591632240081317e-72
27.016666666666666,-0.004680851,0.0020674599652505403,1.7228525565016182e-127,0.0,0.0,0.0,6.913991175852168e-120,1.7133798887113305e-47,3.7995143801064405e-152,9.8886882951089e-121,4.3124316931944866e-79,1.8060739403012312e-17,1.1794213532281834e-20,0.002067459965250522,2.0300031306989512e-72
27.03333333333333,-0.004680851,0.002053160537095874,1.4065473741522688e-127,0.0,0.0,0.0,5.32944421108223e-120,1.541678241918474e-47,2.622923535969426e-152,7.172392272994346e-121,3.448165877281141e-79,1.698288077224977e-17,9.902383621930921e-21,0.002053160537095857,5.4258146031841727e-73
27.05,-0.004680851,0.0020389445740299295,1.1483106725255317e-127,0.0,0.0,0.0,4.108023565092983e-120,1.387181301974255e-47,1.8106713388723061e-152,5.20217768931e-121,2.757085470629868e-79,1.5969347084661024e-17,8.313557424033332e-21,0.0020389445740299134,1.4495813042922375e-73
27.066666666666663,-0.004680851,0.002024811875282645,9.37482617705066e-128,0.0,0.0,0.0,3.1665171326132367e-120,1.2481653307123149e-47,1.249942659863888e-152,3.7731332326352856e-121,2.2044917447615103e-79,1.5016299607683922e-17,6.979279418170693e-21,0.00202481187528263,3.8710807386549154e-74
27.08333333333333,-0.004680851,0.002010762233649635,7.653601291381932e-128,0.0,0.0,0.0,2.4407802014018375e-120,1.1230792714153407e-47,8.628534243098614e-153,2.7366226584642e-121,1.7626370713615733e-79,1.4120128688455122e-17,5.8588305625958975e-21,0.0020107622336496206,1.0333239166363414e-74
27.1,-0.004680851,0.001996795435707227,6.248377119377824e-128,0.0,0.0,0.0,1.881366553232993e-120,1.0105274518631688e-47,5.956353208406888e-153,1.984830952244526e-121,1.409332629149499e-79,1.3277440083604924e-17,4.917995127030711e-21,0.0019967954357072134,2.757133928820256e-75
27.116666666666667,-0.004680851,0.0019829112620217693,5.101142117097994e-128,0.0,0.0,0.0,1.4501605518525856e-120,9.092540197568189e-48,4.1116898340937697e-153,1.4395540165662e-121,1.1268349438787838e-79,1.2485042104793443e-17,4.128023749105102e-21,0.0019829112620217567,7.353580472968442e-76
27.133333333333333,-0.004680851,0.001969109487353345,4.1645339301324536e-128,0.0,0.0,0.0,1.1177808881389567e-120,8.181289370326698e-48,2.838289838687557e-153,1.0440667189182682e-121,9.009554280716496e-80,1.1739933531308415e-17,3.464761546948005e-21,0.001969109487353333,1.960477525913082e-76
27.15,0.0,0.0019553898808541467,3.3998846296697844e-128,0.0,0.0,0.0,8.615791900218354e-121,7.361353769536922e-48,1.9592490221891486e-153,7.57224038336608e-122,7.203482654819565e-80,1.1039292243960226e-17,2.907915061752444e-21,0.001955389880854136,5.224554890369312e-77
27.166666666666668,0.0,0.0019417522062615828,2.775624744536693e-128,0.0,0.0,0.0,6.640972068931883e-121,6.623583834950869e-48,1.35244322217053e-153,5.491821265436995e-122,5.759409259729706e-80,1.0380464537228102e-17,2.440435963558319e-21,0.0019417522062615724,1.391757160837744e-77
27.183333333333334,0.0,0.001928196222086298,2.2659802361263373e-128,0.0,0.0,0.0,5.118775021340782e-121,5.959746666095908e-48,9.335658531918956e-154,3.982944611811992e-122,4.604787473895506e-80,9.760955069186776e-18,2.0480029545295173e-21,0.0019281962220862882,3.7060105976635963e-78
27.2,0.0,0.0019147216817952232,1.8499086490503584e-128,0.0,0.0,0.0,3.945466583265597e-121,5.3624341961586884e-48,6.444176025199388e-154,2.888604068172902e-122,3.6816074031740865e-80,9.178417411154757e-18,1.7185862506229087e-21,0.0019147216817952141,9.864637095616704e-79
27.216666666666665,0.0,0.0019013283339898283,1.5102305382934544e-128,0.0,0.0,0.0,3.041085562720126e-121,4.824980563447802e-48,4.4482210213772474e-154,2.0949210350292332e-122,2.9434834592119245e-80,8.630645161279807e-18,1.4420815023980533e-21,0.0019013283339898196,2.6247565499625562e-79
27.23333333333333,-0.004680851,0.0018880159225796841,1.232920330619482e-128,0.0,0.0,0.0,2.3439959430693664e-121,4.3413877592861713e-48,3.07044876431458e-154,1.5192987912903417e-122,2.353325355278875e-80,8.11556358840916e-18,1.2100021025749745e-21,0.0018880159225796761,6.981239798522477e-80
27.25,-0.004680851,0.0018747841869514697,1.0065273563098113e-128,0.0,0.0,0.0,1.8066874246070888e-121,3.906258723429794e-48,2.119404692061012e-154,1.1018300975656181e-122,1.881475666097158e-80,7.631221774600795e-18,1.015220583982747e-21,0.0018747841869514621,1.8561531535136376e-80
27.266666666666666,-0.004680851,0.001861632862133564,8.217031583600781e-129,0.0,0.0,0.0,1.392538275150631e-121,3.5147371411155364e-48,1.4629263911479711e-154,7.990647692263614e-123,1.5042204995124136e-80,7.175785226522224e-18,8.517512890889333e-22,0.0018616328621335568,4.933269650366367e-81
27.28333333333333,-0.004680851,0.001848561678956304,6.708155715678773e-129,0.0,0.0,0.0,1.0733199880217924e-121,3.162453270533185e-48,1.0097819675923062e-154,5.7948907895001145e-123,1.2025985434589685e-80,6.747528927754921e-18,7.145677354406295e-22,0.0018485616789562973,1.3106831866901953e-81
27.3,-0.004680851,0.0018355703642080779,5.476336444196073e-129,0.0,0.0,0.0,8.272737682952898e-122,2.845475196739162e-48,6.969944290010267e-155,4.202468410394848e-123,9.614487196759942e-81,6.344830805697365e-18,5.994491472005895e-22,0.0018355703642080716,3.481003201353308e-82
27.316666666666663,-0.004680851,0.00182265864078734,4.4707040002240784e-129,0.0,0.0,0.0,6.376278153563595e-122,2.5602649685090604e-48,4.810913727852325e-155,3.0476114533957686e-123,7.686486463195938e-81,5.966165588324527e-18,5.028515027725966e-22,0.001822658640787334,9.24180696966433e-83
27.33333333333333,-0.004680851,0.0018098262278506316,3.649728191352524e-129,0.0,0.0,0.0,4.914543935505047e-122,2.303639129058878e-48,3.320644654007273e-155,2.21009367854708e-123,6.145056851259371e-81,5.610099027539619e-18,4.217991885938334e-22,0.001809826227850626,2.452771321815653e-83
27.35,-0.004680851,0.00179707284095678,2.9795037709174815e-129,0.0,0.0,0.0,3.787888273999669e-122,2.0727332005433338e-48,2.2919958012059106e-155,1.6027202412457206e-123,4.912700050750206e-81,5.275282467245071e-18,3.537939716771822e-22,0.0017970728409567747,6.507389551131408e-84
27.366666666666667,-0.004680851,0.0017843981922073394,2.4323505747470494e-129,0.0,0.0,0.0,2.919503995513169e-122,1.8649697263136598e-48,1.5819830183849192e-155,1.1622531276042995e-123,3.927452174739683e-81,4.960447735560057e-18,2.9673852705546296e-22,0.0017843981922073344,1.725869604690349e-84
27.383333333333333,-0.004680851,0.001771801990383328,1.9856706444408934e-129,0.0,0.0,0.0,2.2501888328019275e-122,1.678029514577815e-48,1.0919089078643654e-155,8.428294374548177e-124,3.1397703406072494e-81,4.664402341841904e-18,2.488721966113826e-22,0.0017718019903833232,4.575751160960352e-85
27.4,-0.004680851,0.0017592839410784673,1.6210151623000372e-129,0.0,0.0,0.0,1.7343104364424394e-122,1.5098257627979394e-48,7.536463484348177e-156,6.111877578586365e-124,2.510043156813879e-81,4.386024960324489e-18,2.087170260784851e-22,0.001759283941078463,1.212751562639186e-85
27.416666666666668,-0.004680851,0.0017468437468289256,1.323322682397602e-129,0.0,0.0,0.0,1.33669614284105e-122,1.3584807742725132e-48,5.2017011152806e-156,4.432059523688882e-124,2.0066001071166536e-81,4.1242611832686195e-18,1.7503243838594918e-22,0.0017468437468289215,3.2132022544597846e-86
27.433333333333334,-0.004680851,0.0017344811072397067,1.0802972122519655e-129,0.0,0.0,0.0,1.0302355704842552e-122,1.2223050072521396e-48,3.5902095761188216e-156,3.213901165558657e-124,1.604119867527337e-81,3.878119527542641e-18,1.4677716335221466e-22,0.0017344811072397028,8.510650915766705e-87
27.45,-0.004680851,0.0017221957191077342,8.819004718271564e-130,0.0,0.0,0.0,7.94032681537423e-123,1.0997782229426765e-48,2.477940222123963e-156,2.330534051817267e-124,1.2823576185025247e-81,3.646667679509648e-18,1.2307726387928857e-22,0.0017221957191077305,2.253448687447546e-87
27.466666666666665,-0.004680851,0.00170998727654176,7.199373693298822e-130,0.0,0.0,0.0,6.119813826536367e-123,9.895325221507566e-49,1.7102455677844955e-156,1.689952117736972e-124,1.0251274303260185e-81,3.4290289640013546e-18,1.0319928388730755e-22,0.0017099872765417566,5.96477970689863e-88
27.48333333333333,-0.009361702,0.0016978554710791504,5.877175809649467e-130,0.0,0.0,0.0,4.71667596956528e-123,8.903370813843467e-49,1.1803824734518052e-156,1.2254324196475433e-124,8.194886068765e-82,3.224379024006121e-18,8.652769882992086e-23,0.0016978554710791471,1.5783547150528354e-88
27.5,-0.009361702,0.0016857999917996428,4.797792632293469e-130,0.0,0.0,0.0,3.63522984304349e-123,8.01084418170106e-49,8.146736468635518e-157,8.885878258830444e-125,6.550951145551163e-82,3.0319426984970972e-18,7.254598043546514e-23,0.0016857999917996398,4.175224983402149e-89
27.516666666666666,-0.004680851,0.0016738205254361583,3.91663491102291e-130,0.0,0.0,0.0,2.801726344319395e-123,7.207780324002284e-49,5.6226522821898526e-157,6.443285678298125e-125,5.2367541297762075e-82,2.8509910865772558e-18,6.082069727093452e-23,0.0016738205254361554,1.1041340223774028e-89
27.53333333333333,-0.004680851,0.0016619167564827157,3.197301094675484e-130,0.0,0.0,0.0,2.1593227550544497e-123,6.485212858647625e-49,3.8805692194979763e-157,4.672082024314232e-125,4.186165530877036e-82,2.6808387868219986e-18,5.098816514399011e-23,0.001661916756482713,2.9189851500599942e-90
27.55,-0.004680851,0.0016500883672995695,2.6100739470282626e-130,0.0,0.0,0.0,1.6642072946859755e-123,5.835073959332023e-49,2.6782203040103143e-157,3.3877361729290856e-125,3.346316453019678e-82,2.52084130136578e-18,4.274323903413479e-23,0.001650088367299567,7.714569221243084e-91
27.566666666666663,-0.009361702,0.0016383350382156118,2.130693191420081e-130,0.0,0.0,0.0,1.28261199430017e-123,5.250104317720848e-49,1.848390908307788e-157,2.4564320945679956e-125,2.674939879839517e-82,2.370392594901167e-18,3.582990352505711e-23,0.0016383350382156094,2.0382744844687984e-91
27.58333333333333,-0.009361702,0.0016266564476280934,1.739353506652065e-130,0.0,0.0,0.0,9.885102831837818e-124,4.723772126658763e-49,1.2756690453807172e-157,1.7811316117012285e-125,2.138244951710786e-82,2.2289227993458987e-18,3.0033373570835925e-23,0.0016266564476280913,5.383767728640061e-92
27.6,-0.009361702,0.0016150522720997883,1.4198865003287747e-130,0.0,0.0,0.0,7.6184234577241e-124,4.250200180682395e-49,8.803976716361722e-158,1.29146706423363e-125,1.7092174013376625e-82,2.0958960554860765e-18,2.5173463529646306e-23,0.0016150522720997861,1.4216217603831431e-92
27.616666666666667,-0.009361702,0.001603522186453625,1.159092881490127e-130,0.0,0.0,0.0,5.871472773592285e-124,3.824100280634548e-49,6.075981374026778e-158,9.36411505350451e-126,1.366260724551291e-82,1.9708084834208648e-18,2.1099021135970472e-23,0.001603522186453623,3.7528164850198807e-93
27.633333333333333,-0.009361702,0.0015920658638648264,9.461972556937789e-131,0.0,0.0,0.0,4.525087936611697e-124,3.440714210632336e-49,4.193249164729948e-158,6.789632025132305e-126,1.0921097838152656e-82,1.8531862741224945e-18,1.7683255630576278e-23,0.0015920658638648244,9.903928667175425e-94
27.65,-0.009361702,0.001580682975950689,7.724030285844903e-131,0.0,0.0,0.0,3.4874262144885994e-124,3.0957606289475817e-49,2.8938871897290554e-158,4.9229092788554355e-126,8.729622317025127e-83,1.742583894884741e-18,1.4819816613764464e-23,0.0015806829759506874,2.6129792472138194e-94
27.666666666666668,-0.009361702,0.001569373192858011,6.305290374076331e-131,0.0,0.0,0.0,2.6877017123905427e-124,2.7853872803102984e-49,1.9971432856619723e-158,3.5693861444122955e-126,6.977840879309237e-83,1.6385824018629809e-18,1.24195031615831e-23,0.0015693731928580093,6.891980583837524e-95
27.683333333333334,-0.009361702,0.0015581361833482466,5.147129045229877e-131,0.0,0.0,0.0,2.071357911296838e-124,2.5061279965000233e-49,1.3782676318808679e-158,2.587982577431393e-126,5.57754556150144e-83,1.5407878533155086e-18,1.0407502044892723e-23,0.0015581361833482451,1.8173270170743274e-95
27.7,-0.009361702,0.0015469716148804275,4.201688620420532e-131,0.0,0.0,0.0,1.5963468854862553e-124,2.254864005497097e-49,9.511622395461055e-159,1.8763993969519595e-126,4.45822165126064e-83,1.448829817536573e-18,8.721070103783664e-24,0.001546971614880426,4.790759582270596e-96
27.716666666666665,-0.009361702,0.0015358791536919337,3.42990045981349e-131,0.0,0.0,0.0,1.2302615101365773e-124,2.0287891175225647e-49,6.5640572762755e-159,1.3604586628898771e-126,3.563499147829367e-83,1.3623599698306376e-18,7.30758944813885e-24,0.0015358791536919324,1.2625808819215528e-96
27.73333333333333,-0.009361702,0.0015248584648771477,2.799870946486897e-131,0.0,0.0,0.0,9.481251211952183e-125,1.8253783995395424e-49,4.5298815565005083e-159,9.863738569882602e-127,2.848315818149735e-83,1.28105077321417e-18,6.122935593521483e-24,0.0015248584648771464,3.3265866485325786e-97
27.75,-0.0140425535,0.001513909212464049,2.285563851685725e-131,0.0,0.0,0.0,7.306879120281031e-125,1.6423599887010325e-49,3.126065408787321e-159,7.151446606760356e-127,2.2766491703188558e-83,1.2045942378485685e-18,5.1301082484780404e-24,0.0015139092124640478,8.762428984635474e-98
27.766666666666666,-0.0140425535,0.0015030310594888157,1.8657246599760852e-131,0.0,0.0,0.0,5.631138998052055e-125,1.4776897302441647e-49,2.1572774838989478e-159,5.184924062991764e-127,1.8197032698120746e-83,1.132700754505976e-18,4.298082537554647e-24,0.0015030310594888146,2.3074773306150535e-98
27.78333333333333,-0.0140425535,0.0014922236680684432,1.5230024251256304e-131,0.0,0.0,0.0,4.3396892392476157e-125,1.3295283568365288e-49,1.488712044678881e-159,3.759127532247956e-127,1.4544591940616541e-83,1.0650979976499181e-18,3.600845219890853e-24,0.0014922236680684421,6.074895853670836e-99
27.8,-0.0140425535,0.0014814866994714798,1.2432328852695124e-131,0.0,0.0,0.0,3.3444066411972427e-125,1.1962209547337336e-49,1.0273351348811539e-159,2.7253851613438168e-127,1.1625162066706891e-83,1.0015298939766385e-18,3.0165861529750355e-24,0.0014814866994714787,1.598931560540252e-99
27.816666666666663,-0.0140425535,0.0014708198141868986,1.0148532258766527e-131,0.0,0.0,0.0,2.5773748631281503e-125,1.076278487616288e-49,7.089413926225486e-160,1.9758996728423244e-127,9.291653526026607e-84,9.41755652510709e-19,2.527020028746128e-24,0.0014708198141868978,4.207379829951281e-100
27.83333333333333,-0.0140425535,0.0014602226719911302,8.28424316187538e-132,0.0,0.0,0.0,1.9862511822269302e-125,9.68361171930382e-50,4.8922122016342096e-160,1.432511358773988e-127,7.426488648676233e-84,8.85548852581352e-19,2.1168174207240908e-24,0.0014602226719911294,1.1068417164404092e-100
27.85,-0.0140425535,0.0014496949320133578,6.762406836615304e-132,0.0,0.0,0.0,1.5306955541963095e-125,8.71263518213322e-50,3.3759577632048936e-160,1.0385500942277622e-127,5.935681189802717e-84,8.326965862259569e-19,1.7731275489047646e-24,0.001449694932013357,2.911068318644232e-101
27.866666666666667,-0.0140425535,0.0014392362527990822,5.520121148140406e-132,0.0,0.0,0.0,1.1796184270935377e-125,7.839008714711123e-50,2.3296221885415165e-160,7.52927262010002e-128,4.744103435418327e-84,7.82998651772342e-19,1.4851779968024495e-24,0.0014392362527990814,7.654440761073568e-102
27.883333333333333,-0.009361702,0.0014288462923719675,4.5060372929515705e-132,0.0,0.0,0.0,9.090595925357639e-126,7.052973003998915e-50,1.6075732139539684e-160,5.4585186750262e-128,3.7917026928667207e-84,7.362667955456612e-19,1.2439389888629297e-24,0.0014288462923719668,2.0121938494066513e-102
27.9,-0.009361702,0.0014185247082940846,3.678237893169857e-132,0.0,0.0,0.0,7.005533938248507e-126,6.345747002936489e-50,1.1093097028815018e-160,3.957243653547093e-128,3.030476751494941e-84,6.923239988283855e-19,1.0418418292151939e-24,0.001418524708294084,5.288378440817694e-103
27.916666666666668,-0.009361702,0.0014082711577245327,3.0025047831013596e-132,0.0,0.0,0.0,5.398687802723786e-126,5.70942988021058e-50,7.654761281201917e-161,2.86884445610444e-128,2.4220560846534013e-84,6.510038073725695e-19,8.725427754665505e-25,0.001408271157724532,1.389545116368111e-103
27.933333333333334,-0.009361702,0.0013980852974765077,2.450904924154822e-132,0.0,0.0,0.0,4.1603826258254456e-126,5.13691279640185e-50,5.282108118808197e-161,2.07978020632101e-128,1.9357710930580033e-84,6.121497009251457e-19,7.307250252995146e-25,0.001398085297476507,3.6502384767956935e-104
27.95,-0.0140425535,0.0013879667840728284,2.0006360256068915e-132,0.0,0.0,0.0,3.206095287218012e-126,4.621799521841334e-50,3.644850524152311e-161,1.5077318668795747e-128,1.5471070968291236e-84,5.756145003783407e-19,6.119326720830727e-25,0.0013879667840728277,9.586703874714495e-105
27.966666666666665,-0.0140425535,0.0013779152737999868,1.6330841771121874e-132,0.0,0.0,0.0,2.4706866686165458e-126,4.1583350101640723e-50,2.51506356353292e-161,1.0930172844929936e-128,1.236469296505628e-84,5.412598103000186e-19,5.124314747690401e-25,0.0013779152737999863,2.51720094285815e-105
27.98333333333333,-0.0140425535,0.0013679304227607496,1.3330545572391606e-132,0.0,0.0,0.0,1.903956473188313e-126,3.7413411303262133e-50,1.735461650413924e-161,7.923666627096644e-129,9.881955233312138e-85,5.089554947325324e-19,4.290921173962377e-25,0.0013679304227607492,6.607968356875167e-106
28.0,-0.0140425535,0.0013580118869253271,1.0881434324339869e-132,0.0,0.0,0.0,1.4672173713754456e-126,3.366158839731418e-50,1.1975065444202729e-161,5.744095047757256e-129,7.897670706892639e-85,4.78579184274709e-19,3.5929233010129593e-25,0.0013580118869253267,1.7342851318764616e-106
28.016666666666666,-0.0140425535,0.0013481593221811802,8.88225497959047e-133,0.0,0.0,0.0,1.1306547428879694e-126,3.0285961529924824e-50,8.262996983239923e-162,4.164024770630727e-129,6.31177869012492e-85,4.500158125801928e-19,3.0083482806564216e-25,0.0013481593221811798,4.5506820340739014e-107
28.03333333333333,-0.0140425535,0.0013383723843814529,7.2503537761807e-133,0.0,0.0,0.0,8.712918758996303e-127,2.7248813255279325e-50,5.701565567447268e-162,3.018570078067176e-129,5.044302373389594e-85,4.2315718051653454e-19,2.518785153114637e-25,0.0013383723843814524,1.1938145814664024e-107
28.05,-0.0140425535,0.0013286507293921045,5.918259892806281e-133,0.0,0.0,0.0,6.7142178863454686e-127,2.451620729395675e-50,3.934118958281793e-162,2.1881923733615253e-129,4.031318169010464e-85,3.9790154633450794e-19,2.108808118064978e-25,0.001328650729392104,3.131140838073762e-108
28.066666666666663,-0.0140425535,0.0013189940131377645,4.830896590394082e-133,0.0,0.0,0.0,5.173986725134408e-127,2.205760951126822e-50,2.714549055024989e-162,1.5862295037840927e-129,3.221733862919144e-85,3.741532402953196e-19,1.765493076327838e-25,0.001318994013137764,8.210594170958261e-109
28.08333333333333,-0.0140425535,0.0013094018916462945,3.943304594529933e-133,0.0,0.0,0.0,3.987064910555085e-127,1.9845546884454116e-50,1.873030063440399e-162,1.1498543705608161e-129,2.5747133016190546e-85,3.51822302296115e-19,1.4780123766990307e-25,0.001309401891646294,2.1525524511540985e-109
28.1,-0.0140425535,0.0012998740210921737,3.218783638383445e-133,0.0,0.0,0.0,3.072411782236903e-127,1.7855300651577834e-50,1.292375318065754e-162,8.335198708104222e-130,2.0576178896021507e-85,3.308241411214731e-19,1.237295132790092e-25,0.0012998740210921733,5.642102465710438e-110
28.116666666666667,-0.0140425535,0.0012904100578386684,2.627375364040154e-133,0.0,0.0,0.0,2.3675745365158573e-127,1.606463021645379e-50,8.917218762571405e-163,6.042064858615326e-130,1.6443611977699604e-85,3.1107921403016692e-19,1.035742513540753e-25,0.0012904100578386682,1.4785538652552202e-110
28.133333333333333,-0.0140425535,0.0012810096584788134,2.1446248853833055e-133,0.0,0.0,0.0,1.824425042841852e-127,1.4453524727221742e-50,6.152718584930237e-163,4.379768170110768e-130,1.3140937882759044e-85,2.9251272546365214e-19,8.669891213239139e-26,0.0012810096584788132,3.8738532155992465e-111
28.15,-0.0140425535,0.0012716724798752896,1.7505698305134209e-133,0.0,0.0,0.0,1.4058743858307235e-127,1.3003979555083763e-50,4.2452332037885347e-163,3.1747767069222504e-130,1.0501519926231386e-85,2.7505434373525463e-19,7.257030061404975e-26,0.0012716724798752894,1.0147518662051381e-111
28.166666666666668,-0.018723404,0.0012623981791991658,1.4289150818291622e-133,0.0,0.0,0.0,1.0833409110198829e-127,1.1699795177628674e-50,2.929091435785144e-163,2.3012911997312523e-130,8.392176748771541e-86,2.5863793462690323e-19,6.074180676735861e-26,0.0012623981791991656,2.6575906816733853e-112
28.183333333333334,-0.018723404,0.0012531864139675758,1.1663591057055726e-133,0.0,0.0,0.0,8.347989706325028e-128,1.0526396221270544e-50,2.020976144783883e-163,1.6681162169218028e-130,6.706466397240947e-86,2.432013108845046e-19,5.0839360619173706e-26,0.0012531864139675756,6.958709352839248e-113
28.2,-0.018723404,0.0012440368420803094,9.520440281744243e-134,0.0,0.0,0.0,6.43275193336012e-128,9.470668642348844e-51,1.39439665604075e-163,1.2091421915796112e-130,5.359318408084585e-86,2.2868599666306785e-19,4.254966297060883e-26,0.0012440368420803091,1.8217236573205117e-113
28.216666666666665,-0.0140425535,0.0012349491218553886,7.771067269881067e-134,0.0,0.0,0.0,4.956896426319841e-128,8.520813228915786e-51,9.620737624729387e-164,8.764452612796042e-131,4.282743360201818e-86,2.15037006029518e-19,3.5610323462869476e-26,0.0012349491218553884,4.768154364156911e-114
28.23333333333333,-0.0140425535,0.001225922912063631,6.343123851929763e-134,0.0,0.0,0.0,3.8196276576846125e-128,7.666213787428855e-51,6.637848062932421e-164,6.352849638006986e-131,3.422403650877822e-86,2.0220263468419604e-19,2.980159724545281e-26,0.0012259229120636307,1.2477653588760959e-114
28.25,-0.0140425535,0.0012169578719622182,5.177553593537072e-134,0.0,0.0,0.0,2.9432717482392817e-128,6.897318542494301e-51,4.579764517393151e-164,4.604778240675113e-131,2.7348726430964227e-86,1.9013426411222602e-19,2.493946141664541e-26,0.001216957871962218,3.2646087533248183e-115
28.266666666666666,-0.0140425535,0.0012080536613273177,4.2261499765829196e-134,0.0,0.0,0.0,2.267972815456834e-128,6.205533425320494e-51,3.1597731047957378e-164,3.3376841415413694e-131,2.185444020289645e-86,1.7878617742294634e-19,2.0869814263353845e-26,0.0012080536613273175,8.53976136619048e-116
28.28333333333333,-0.0140425535,0.0011992099404857426,3.449563142520598e-134,0.0,0.0,0.0,1.7476058152083775e-128,5.583126059255642e-51,2.180045527829619e-164,2.419235401083661e-131,1.746380912100314e-86,1.6811538617986916e-19,1.7463615423735526e-26,0.0011992099404857424,2.233456381606704e-116
28.3,-0.018723404,0.0011904263703457088,2.815672801376756e-134,0.0,0.0,0.0,1.3466268647975957e-128,5.023139370220815e-51,1.5040842009750531e-164,1.753506613365986e-131,1.3955165184727638e-86,1.580814675653118e-19,1.461281452255443e-26,0.0011904263703457086,5.840191924074464e-117
28.316666666666663,-0.018723404,0.0011817026124267044,2.2982600444651453e-134,0.0,0.0,0.0,1.0376460256357318e-128,4.5193138572954746e-51,1.0377091868695308e-164,1.2709635037309362e-131,1.1151356755887618e-86,1.4864641126294233e-19,1.2226940500368701e-26,0.0011817026124267042,1.5268466291622128e-117
28.33333333333333,-0.018723404,0.0011730383288884475,1.8759231537473062e-134,0.0,0.0,0.0,7.995568390138207e-129,4.0660176554082365e-51,7.15939139551276e-165,9.212025908481252e-132,8.91080968218306e-87,1.3977447547823716e-19,1.0230244541147753e-26,0.0011730383288884472,3.991012593285215e-118
28.35,-0.018723404,0.0011644331825590344,1.5311925863978354e-134,0.0,0.0,0.0,6.160949137208379e-129,3.658183609082676e-51,4.939391914682427e-165,6.676880875788403e-132,7.1203831227167555e-87,1.3143205155160762e-19,8.559306842437647e-27,0.0011644331825590342,1.0430158237981388e-118
28.366666666666667,-0.018723404,0.0011558868369622368,1.2498085462547466e-134,0.0,0.0,0.0,4.7472715336014603e-129,3.2912526544703986e-51,3.407750657479037e-165,4.8393665495208334e-132,5.689659789483242e-87,1.2358753665133193e-19,7.161032007634238e-27,0.0011558868369622366,2.725332713428784e-119
28.383333333333333,-0.018723404,0.0011473989563439556,1.0201312747383823e-134,0.0,0.0,0.0,3.657957830099625e-129,2.961122877336141e-51,2.351034933048227e-165,3.5075173548435754e-132,4.546382636987803e-87,1.1621121406410894e-19,5.990970024280334e-27,0.0011473989563439554,7.119831278252749e-120
28.4,-0.018723404,0.0011389692056979256,8.326596802138105e-135,0.0,0.0,0.0,2.8185872986552624e-129,2.6641036780434616e-51,1.6219867707500771e-165,2.5421874223420754e-132,3.632807836223104e-87,1.092751406298597e-19,5.011910005347533e-27,0.0011389692056979254,1.8596966725558187e-120
28.416666666666668,-0.018723404,0.001130597250790608,6.796384034199763e-135,0.0,0.0,0.0,2.1718131791624748e-129,2.396874531608096e-51,1.1190061986295229e-165,1.8425179880988816e-132,2.902790071654056e-87,1.0275304089437832e-19,4.192702430721106e-27,0.001130597250790608,4.856657240278525e-121
28.433333333333334,-0.018723404,0.0011222827581853511,5.547370725756823e-135,0.0,0.0,0.0,1.673445675263547e-129,2.156447882201973e-51,7.719952733480608e-166,1.3354030005220507e-132,2.319453128953422e-87,9.66202075789424e-20,3.5072728007830275e-27,0.0011222827581853511,1.2681084672061198e-121
28.45,-0.018723404,0.0011140253952657807,4.5278848620551146e-135,0.0,0.0,0.0,1.2894335214048547e-129,1.9401357576571512e-51,5.32590922754464e-166,9.678530125769808e-133,1.8533282579539943e-87,9.085340798988052e-20,2.933795627034598e-27,0.0011140253952657807,3.3105460224491997e-122
28.466666666666665,-0.018723404,0.0011058248302584887,3.695748979560733e-135,0.0,0.0,0.0,9.935379965602435e-130,1.745519731060857e-51,3.6742597428686417e-166,7.0146001258209304e-133,1.4808663872844327e-87,8.543079601362281e-20,2.4540027239999775e-27,0.0011058248302584887,8.641075473503399e-123
28.48333333333333,-0.018723404,0.00109768073225501,3.0165356638566294e-135,0.0,0.0,0.0,7.655405409386232e-130,1.570423893910862e-51,2.534795510857726e-166,5.083851917396709e-133,1.1832491234981128e-87,8.033182936388871e-20,2.0526039896803937e-27,0.00109768073225501,2.2550779678867277e-123
28.5,-0.018723404,0.0010895927712331018,2.4621435611204478e-135,0.0,0.0,0.0,5.898615681245922e-130,1.4128905389320983e-51,1.7486906591527287e-166,3.6845065476561104e-133,9.454385386781369e-88,7.55371917675738e-20,1.7168024006688837e-27,0.0010895927712331018,5.884120599719822e-124
28.516666666666666,-0.018723404,0.0010815606180773626,2.0096350189392906e-135,0.0,0.0,0.0,4.5449614379551366e-130,1.27115828091768e-51,1.2063686495905229e-166,2.670313476357562e-133,7.554177962259939e-88,7.102871979460156e-20,1.4358879133925148e-27,0.0010815606180773626,1.5350709227128519e-124
28.53333333333333,-0.018723404,0.001073583944599175,1.6402872897705968e-135,0.0,0.0,0.0,3.5019384028241227e-130,1.143642371183058e-51,8.322313881527702e-167,1.9352703517567176e-133,6.035842920809384e-88,6.678933405458492e-20,1.2008974476523145e-27,0.001073583944599175,4.004080779259848e-125
28.55,-0.018723404,0.001065662423556018,1.3388180607521103e-135,0.0,0.0,0.0,2.698267510378097e-130,1.0289169857254258e-51,5.741232603805024e-167,1.4025473326979424e-133,4.822646833702491e-88,6.280297449970036e-20,1.0043302105027704e-27,0.001065662423556018,1.0442520608333233e-125
28.566666666666663,-0.018723404,0.001057795728670157,1.092753281785487e-135,0.0,0.0,0.0,2.079024989601064e-130,9.256992892201057e-52,3.960620224996224e-167,1.0164590901473142e-133,3.8532732641454977e-88,5.90545395887144e-20,8.399093627787484e-28,0.001057795728670157,2.722930706831772e-126
28.58333333333333,-0.018723404,0.0010499835346466928,8.91911147869026e-136,0.0,0.0,0.0,1.601889748326743e-130,8.32835096822594e-52,2.732236393768595e-167,7.3664591085189e-134,3.078725612258875e-88,5.552982908172325e-20,7.023824919286059e-28,0.0010499835346466928,7.0990000745533944e-127
28.6,-0.018723404,0.0010422255171910462,7.27980894773308e-136,0.0,0.0,0.0,1.2342517296134635e-130,7.492859735901996e-52,1.884822080508239e-167,5.338560492198596e-134,2.4598520799131997e-88,5.221549024894657e-20,5.873545790828807e-28,0.0010422255171910462,1.8504941291501943e-127
28.616666666666667,-0.018723404,0.0010345213530258452,5.941789878916833e-136,0.0,0.0,0.0,9.50983714649248e-131,6.741176273951938e-52,1.3002278766665945e-167,3.8688872015300566e-134,1.965367806487362e-88,4.9098967289812106e-20,4.911481738920404e-28,0.0010345213530258452,4.822905713059125e-128
28.633333333333333,-0.018723404,0.001026870719907221,4.8496848456647544e-136,0.0,0.0,0.0,7.327243611197368e-131,6.064894656487624e-52,8.969445876773717e-168,2.803783581810001e-134,1.570274318765144e-88,4.6168453770733626e-20,4.106863498125158e-28,0.001026870719907221,1.2567848675648904e-128
28.65,-0.018723404,0.0010192732966405752,3.958299626873541e-136,0.0,0.0,0.0,5.645551852774696e-131,5.456451991560753e-52,6.187408475636369e-168,2.0318864578276915e-134,1.2545964919851742e-88,4.341284790145725e-20,3.4339473219079357e-28,0.0010192732966405752,3.2744985331356435e-129
28.666666666666668,-0.018723404,0.0010117287630957846,3.2307454090490548e-136,0.0,0.0,0.0,4.3498110467090475e-131,4.90904388118402e-52,4.2682416667666585e-168,1.472485127758951e-134,1.0023732460202766e-88,4.082171048054232e-20,2.871194943063229e-28,0.0010117287630957846,8.530233339559494e-130
28.683333333333334,-0.018723404,0.0010042368002218867,2.6369125656285254e-136,0.0,0.0,0.0,3.3514489420049375e-131,4.416548358234574e-52,2.9443284703827346e-168,1.0670848118656457e-134,8.008510093125448e-89,3.8385225350701413e-20,2.400587214439233e-28,0.0010042368002218867,2.2218249350211777e-130
28.7,-0.018723404,0.0009967970900612254,2.1522248840323763e-136,0.0,0.0,0.0,2.5822188691158627e-131,3.9734574503409124e-52,2.0310497669318294e-168,7.732919811352839e-135,6.398392196824321e-89,3.6094162214197825e-20,2.0070496595396318e-28,0.0009967970900612254,5.786182528510813e-131
28.716666666666665,-0.018723404,0.0009894093157631109,1.7566227099176154e-136,0.0,0.0,0.0,1.98953563953693e-131,3.574815606059937e-52,1.4010444892599379e-168,5.603825821086626e-135,5.111953119399199e-89,3.3939841667468383e-20,1.6779717043598071e-28,0.0009894093157631109,1.5066359900428774e-131
28.73333333333333,-0.018723404,0.00098207316159697,1.4337329460341375e-136,0.0,0.0,0.0,1.5328816635329377e-131,3.216164295310902e-52,9.66452128957276e-169,4.0609001304845e-135,4.0841318011609695e-89,3.19141023225143e-20,1.4028043279866855e-28,0.00098207316159697,3.922464306552785e-132
28.75,-0.018723404,0.0009747883129650167,1.1701915715253198e-136,0.0,0.0,0.0,1.1810377268600158e-131,2.8934921650105286e-52,6.666622024829319e-169,2.942771600335166e-135,3.2629432700633144e-89,3.0009269890528967e-20,1.1727233535196877e-28,0.0009747883129650167,1.0210444559226638e-132
28.766666666666666,-0.018723404,0.0009675544564144565,9.550906560304862e-137,0.0,0.0,0.0,9.099492076430904e-132,2.6031901929170217e-52,4.5986291556346394e-169,2.1324918292905084e-135,2.606850892363984e-89,2.821812811065531e-20,9.803476810326878e-29,0.0009675544564144565,2.657454382603754e-133
28.78333333333333,-0.018723404,0.000960371279649211,7.795269923960852e-137,0.0,0.0,0.0,7.010819289516975e-132,2.342011338529377e-52,3.172108394523855e-169,1.5453070090729984e-135,2.0826666295170017e-89,2.6533891413751935e-20,8.195035061874606e-29,0.000960371279649211,6.915491010125731e-134
28.8,-0.018723404,0.0009532384715412102,6.362336751448819e-137,0.0,0.0,0.0,5.401552964867633e-132,2.1070342401363826e-52,2.1880877273329977e-169,1.1197956043764269e-135,1.663873219048664e-89,2.49501792176264e-20,6.850270266809453e-29,0.0009532384715412102,1.799354666321801e-134
28.816666666666663,-0.018723404,0.0009461557221412425,5.192793828926985e-137,0.0,0.0,0.0,4.16166149246373e-132,1.895630552311758e-52,1.5093102679462164e-169,8.114454587226856e-136,1.3292835077022387e-89,2.346099175636826e-20,5.725993599891202e-29,0.0009461557221412425,4.6810964192093374e-135
28.83333333333333,-0.018723404,0.0009391227226893532,4.2382292354139266e-137,0.0,0.0,0.0,3.206366150081832e-132,1.7054355588302957e-52,1.0410927289791542e-169,5.8799889210590896e-136,1.06196919519644e-89,2.2060687352220387e-20,4.7860841842800734e-29,0.0009391227226893532,1.2176317380947508e-135
28.85,-0.018723404,0.0009321391656248536,3.4591288713267587e-137,0.0,0.0,0.0,2.4703456886202e-132,1.5343217325751168e-52,7.181206174644347e-170,4.260791531638669e-136,8.484048561784587e-90,2.0743961043907397e-20,4.0003334368687906e-29,0.0009321391656248536,3.166812785588147e-136
28.866666666666667,-0.018723404,0.0009252047445959079,2.8232411726196144e-137,0.0,0.0,0.0,1.9032708749049694e-132,1.3803749469364078e-52,4.953389491523525e-170,3.087455272849018e-136,6.7778398344003325e-90,1.950582449046119e-20,3.343478197555795e-29,0.0009252047445959079,8.235071362449383e-137
28.883333333333333,-0.018723404,0.000918319154468705,2.304242351015767e-137,0.0,0.0,0.0,1.466363801722007e-132,1.2418730728273406e-52,3.416682843560205e-170,2.2372147846735605e-136,5.414724862665048e-90,1.8341587074416224e-20,2.794391832341207e-29,0.000918319154468705,2.141171115006349e-137
28.9,-0.018723404,0.0009114820913362608,1.8806469336414933e-137,0.0,0.0,0.0,1.1297468046648529e-132,1.1172667221027038e-52,2.3566981778422977e-170,1.6211056145691052e-136,4.325720227248042e-90,1.724683813280648e-20,2.3354075235763767e-29,0.0009114820913362608,5.566406204574547e-138
28.916666666666668,-0.018723404,0.0009046932525268265,1.534918523677678e-137,0.0,0.0,0.0,8.703997867259274e-133,1.0051619221481093e-52,1.6255501810812839e-170,1.1746583460720575e-136,3.4557109443459477e-90,1.6217430248648178e-20,1.9517521658978546e-29,0.0009046932525268265,1.446899606667777e-138
28.933333333333334,-0.018723404,0.000897952336611935,1.2527439872407077e-137,0.0,0.0,0.0,6.705863311973999e-133,9.043045279892996e-53,1.1212279524269676e-170,8.511546250672098e-137,2.760662671711749e-90,1.5249463539620134e-20,1.6310728065001107e-29,0.000897952336611935,3.760471944173085e-139
28.95,-0.018723404,0.0008912590434140649,1.022441033172675e-137,0.0,0.0,0.0,5.1664102227722815e-133,8.135661976872723e-53,7.733651139670656e-171,6.167398347957732e-137,2.2053942447391144e-90,1.4339270884426092e-20,1.3630405149174082e-29,0.0008912590434140649,9.772084653841728e-140
28.966666666666665,-0.018723404,0.000884613074013969,8.344746714605835e-138,0.0,0.0,0.0,3.9803507992128745e-133,7.319317742549715e-53,5.334237758596856e-171,4.468813034711928e-137,1.7617979326445216e-90,1.348340403088045e-20,1.139019033785125e-29,0.000884613074013969,2.5390628918317387e-140
28.98333333333333,-0.018723404,0.000878014130757645,6.810625408891874e-138,0.0,0.0,0.0,3.066564377909919e-133,6.584879330500686e-53,3.6792330407743163e-171,3.2380162550515464e-137,1.4074174334543837e-90,1.26786205330934e-20,9.517876263087192e-30,0.000878014130757645,6.596316991437007e-141
29.0,-0.018723404,0.0008714619172629666,5.558527736178944e-138,0.0,0.0,0.0,2.362550504404099e-133,5.9241296774053635e-53,2.537694653871079e-171,2.3461864635194036e-137,1.124311708533359e-90,1.1921871468273119e-20,7.953092638665931e-30,0.0008714619172629666,1.7134516156714042e-141
29.016666666666666,-0.018723404,0.0008649561384259966,4.5366106576182416e-138,0.0,0.0,0.0,1.8201550974881303e-133,5.329676006649938e-53,1.7503245263528147e-171,1.6999756150024257e-137,8.981472062053794e-91,1.1210289886618793e-20,6.64536743124385e-30,0.0008649561384259966,4.450254849194002e-142
29.03333333333333,-0.018723404,0.0008584965004269552,3.7025607290547446e-138,0.0,0.0,0.0,1.4022775281204465e-133,4.794867148579652e-53,1.2072436853757725e-171,1.231741380192818e-137,7.174725695534121e-91,1.0541179950549664e-20,5.552505321448338e-30,0.0008584965004269552,1.1556892250748816e-142
29.05,-0.018723404,0.000852082710735894,3.0218424913886814e-138,0.0,0.0,0.0,1.0803334874989586e-133,4.313719153119883e-53,8.326614566907712e-172,8.924688171802531e-138,5.731391490440744e-91,9.912006722132503e-21,4.639231576712166e-30,0.000852082710735894,3.000826061573506e-143
29.066666666666663,-0.018723404,0.0008457144781180581,2.466268803964005e-138,0.0,0.0,0.0,8.323001840204854e-134,3.8808483631615163e-53,5.743004303721308e-172,6.466410263853003e-138,4.5783801232345425e-91,9.320386560021638e-21,3.87605793213739e-30,0.0008457144781180581,7.790845367238484e-144
29.08333333333333,-0.018723404,0.0008393915126389296,2.012833951278063e-138,0.0,0.0,0.0,6.412102176769709e-134,3.491411200497695e-53,3.9610195574908113e-172,4.685221750344194e-138,3.657300338683899e-91,8.764078089531584e-21,3.2383341671653374e-30,0.0008393915126389296,2.0224266088988477e-144
29.1,-0.018723404,0.0008331135256690064,1.6427612275362927e-138,0.0,0.0,0.0,4.939911536289268e-134,3.1410499911257635e-53,2.731945314615162e-172,3.394640152081124e-138,2.9215035379282544e-91,8.240973711642437e-21,2.705454999767556e-30,0.0008331135256690064,5.2493532343649076e-145
29.116666666666667,-0.018723404,0.000826880229888282,1.3407255794276022e-138,0.0,0.0,0.0,3.8057145067614134e-134,2.825844224237955e-53,1.8842312047078897e-172,2.459540851237935e-138,2.333722558584984e-91,7.749091618769456e-21,2.260196885008736e-30,0.000826880229888282,1.3623355148153513e-145
29.133333333333333,-0.018723404,0.0008206913392904337,1.0942191322077848e-138,0.0,0.0,0.0,2.9319161046910652e-134,2.5422666999540733e-53,1.2995517000441212e-172,1.7820137317772443e-138,1.8641851968612177e-91,7.286568287052602e-21,1.888163459215123e-30,0.0008206913392904337,3.53515141370216e-146
29.15,-0.018723404,0.0008145465691867596,8.930333374965674e-139,0.0,0.0,0.0,2.258734442606411e-134,2.2871440755033316e-53,8.962932303224693e-173,1.2911145276073196e-138,1.4891070318493094e-91,6.851651416729065e-21,1.5773218468579962e-30,0.0008145465691867596,9.17229522686604e-147
29.166666666666668,-0.018723404,0.0008084456362098352,7.288363077665048e-139,0.0,0.0,0.0,1.7401116484115218e-134,2.0576213687258545e-53,6.181642145794307e-173,9.35438436796364e-139,1.1894872967423715e-91,6.442693293843815e-21,1.3176149553340649e-30,0.0008084456362098352,2.379548122690403e-147
29.183333333333334,-0.018723404,0.0008023882583169247,5.9482784206029015e-139,0.0,0.0,0.0,1.3405634102166106e-134,1.8511300220014289e-53,4.263387411579864e-173,6.777388502757497e-139,9.501468703884501e-92,6.058144548153297e-21,1.1006373157784365e-30,0.0008023882583169247,6.172453343019455e-148
29.2,-0.018723404,0.0007963741547931174,4.854578630072548e-139,0.0,0.0,0.0,1.0327517002249116e-134,1.665359169517372e-53,2.940376451420631e-173,4.910280317221166e-139,7.589597102958362e-92,5.6965482835757705e-21,9.193640634161067e-31,0.0007963741547931174,1.600915412014941e-148
29.216666666666665,-0.018723404,0.00079040304625424,3.9619660978578255e-139,0.0,0.0,0.0,7.956146812643982e-135,1.498229786595407e-53,2.0279081345111427e-173,3.557516552306558e-139,6.062388340976504e-92,5.356534558954945e-21,7.679243536663656e-31,0.00079040304625424,4.151705954766234e-149
29.23333333333333,-0.018723404,0.0007844746546495132,3.2334707389130526e-139,0.0,0.0,0.0,6.129259001509023e-135,1.347871432017567e-53,1.3985913160048069e-173,2.5774148033341347e-139,4.84245775353603e-92,5.0368151982287725e-21,6.414119345732126e-31,0.0007844746546495132,1.0765465194419913e-149
29.25,-0.018723404,0.0007785887032639784,2.638919130740747e-139,0.0,0.0,0.0,4.7218422796298e-135,1.2126013232813435e-53,9.645629826301928e-174,1.867318754316587e-139,3.867986867447813e-92,4.736178910343836e-21,5.357267876110735e-31,0.0007785887032639784,2.791177177714862e-150
29.266666666666666,-0.018723404,0.0007727449167206991,2.1536850595540622e-139,0.0,0.0,0.0,3.637586254612126e-135,1.0909055107941879e-53,6.652234841454687e-174,1.3528490992668878e-139,3.089592550988187e-92,4.4534867004298714e-21,4.474427455463653e-31,0.0007727449167206991,7.235870282871047e-151
29.28333333333333,-0.018723404,0.0007669430209827268,1.757669746797272e-139,0.0,0.0,0.0,2.802292386627564e-135,9.814219404848562e-54,4.587771479887494e-174,9.801149593018906e-140,2.4678258067652767e-92,4.187667554849695e-21,3.73696829656954e-31,0.0007669430209827268,1.875613163241321e-151
29.3,-0.018723404,0.00076118274335486,1.4344695371649908e-139,0.0,0.0,0.0,2.1587975647236667e-135,8.82925215423296e-54,3.163976212085383e-174,7.100704634642723e-140,1.9711735943974566e-92,3.9377143837807956e-21,3.1209674586233963e-31,0.00076118274335486,4.861219914974923e-152
29.316666666666663,-0.018723404,0.0007554638124851907,1.1706965893698756e-139,0.0,0.0,0.0,1.6630630730147398e-135,7.9431288603455e-54,2.182035814233054e-174,5.144256947968125e-140,1.574462527495829e-92,3.702680205957536e-21,2.606435624835964e-31,0.0007554638124851907,1.2597870016596867e-152
29.33333333333333,-0.018723404,0.0007497859583664268,9.554244447322249e-140,0.0,0.0,0.0,1.2811614212670577e-135,7.1459311558551e-54,1.504831163562771e-174,3.7268390602222593e-140,1.2575836287778367e-92,3.48167456112088e-21,2.176670800854326e-31,0.0007497859583664268,3.264368610659572e-153
29.35,-0.018723404,0.0007441489123370355,7.797355183329307e-140,0.0,0.0,0.0,9.869549244485806e-136,6.428735829990746e-54,1.0377934378335479e-174,2.6999480689903203e-140,1.0044735773047236e-92,3.2738601365867198e-21,1.8177181175604359e-31,0.0007441489123370355,8.457691349320345e-154
29.366666666666667,-0.018723404,0.0007385524070821799,6.363517769408451e-140,0.0,0.0,0.0,7.603072299304256e-136,5.783514988858873e-54,7.157004834179965e-175,1.955991556969036e-140,8.02300864853671e-93,3.0784495951525773e-21,1.5179183330708398e-31,0.0007385524070821799,2.1910656475867936e-154
29.383333333333333,-0.018723404,0.0007329961766344494,5.193333118420698e-140,0.0,0.0,0.0,5.857054446017494e-136,5.2030462313118565e-54,4.9357022431576986e-175,1.4170179083242793e-140,6.4081565110680865e-93,2.8947025923261946e-21,1.2675304814984426e-31,0.0007329961766344494,5.6755795107859844e-155
29.4,-0.018723404,0.0007274799563744251,4.238323256055037e-140,0.0,0.0,0.0,4.511986000341823e-136,4.6808318357432396e-54,3.403798553865523e-175,1.0265509424218976e-140,5.1183039443639555e-93,2.7219229715777976e-21,1.0584165016053822e-31,0.0007274799563744251,1.4699976537283873e-155
29.416666666666668,-0.018723404,0.000722003483031045,3.4589234605325215e-140,0.0,0.0,0.0,3.4757983265588785e-136,4.211026053934891e-54,2.347340042450666e-175,7.436738027703058e-141,4.088049558703166e-93,2.559456126990079e-21,8.837776733089247e-32,0.000722003483031045,3.806931099500991e-156
29.433333333333334,-0.018723404,0.0007165664946818063,2.8228435324059584e-140,0.0,0.0,0.0,2.677563275261987e-136,3.788369698750767e-54,1.618771055336281e-175,5.38742547377349e-141,3.2651516334576935e-93,2.4066865233156597e-21,7.379343580513277e-32,0.0007165664946818063,9.857928704594971e-157
29.45,-0.018723404,0.0007111687307527751,2.3037303358869e-140,0.0,0.0,0.0,2.062639188955344e-136,3.4081312940261086e-54,1.116328784398416e-175,3.9028053284373395e-141,2.6078804925565005e-93,2.2630353640471296e-21,6.161419337883838e-32,0.0007111687307527751,2.5524012097704423e-157
29.466666666666665,-0.018723404,0.0007058099320184447,1.8800762272351473e-140,0.0,0.0,0.0,1.5889313676831761e-136,3.066054128393534e-54,7.698322315301057e-176,2.8272833139949266e-141,2.0829035041448995e-93,2.1279583986662086e-21,5.144369815363692e-32,0.0007058099320184447,6.607925709527892e-158
29.48333333333333,-0.018723404,0.0007004898406014169,1.534328166891122e-140,0.0,0.0,0.0,1.2240111298859927e-136,2.758308620807372e-54,5.308811883063675e-176,2.048135115439582e-141,1.6635955677848974e-93,2.000943860765124e-21,4.2950875546103823e-32,0.0007004898406014169,1.7105454873473966e-158
29.5,-0.018723404,0.0006952081999719282,1.2521606217166745e-140,0.0,0.0,0.0,9.42896344137535e-137,2.481449464931439e-54,3.660967438664392e-176,1.483695281908887e-141,1.328689500574639e-93,1.881510529229421e-21,3.5859178370086107e-32,0.0006952081999719282,4.427491038650943e-159
29.516666666666666,-0.018723404,0.0006899647549472216,1.0218821458943316e-140,0.0,0.0,0.0,7.263415630674618e-137,2.232377073004012e-54,2.5245948044264782e-176,1.0748000346590996e-141,1.0611979481924225e-93,1.7692059051375864e-21,2.99376128666313e-32,0.0006899647549472216,1.1458681806584055e-159
29.53333333333333,-0.018723404,0.0006847592516907542,8.339510645113204e-141,0.0,0.0,0.0,5.595207571297923e-137,2.008302887873125e-54,1.740943972415128e-176,7.785875908831502e-142,8.475521994616257e-94,1.66360449747092e-21,2.4993240534400956e-32,0.0006847592516907542,2.9652809622354484e-160
29.55,-0.018723404,0.0006795914377112699,6.805802017773501e-141,0.0,0.0,0.0,4.310125078978384e-137,1.8067181751633183e-54,1.2005360416406595e-176,5.6400653877328684e-142,6.769142697714754e-94,1.5643062111397488e-21,2.0864913247143484e-32,0.0006795914377112699,7.672759246233719e-161
29.566666666666663,-0.023404256,0.0006744610618617232,5.554142832323351e-141,0.0,0.0,0.0,3.320182157287814e-137,1.6253659464551067e-54,8.278714627070128e-177,4.085617088732901e-142,5.406273957511921e-94,1.4709348312193578e-21,1.7418038964712924e-32,0.0006744610618617232,1.9851445422859374e-161
29.58333333333333,-0.023404256,0.0006693678743380516,4.532666508612997e-141,0.0,0.0,0.0,2.5575982065150475e-137,1.4622156993775548e-54,5.708840752073023e-177,2.9595661429925466e-142,4.317770953606718e-94,1.3831365976530735e-21,1.4540208631072198e-32,0.0006693678743380516,5.135560422796729e-162
29.6,-0.023404256,0.0006643116266778276,3.6990438634709966e-141,0.0,0.0,0.0,1.970158188950194e-137,1.315440692023805e-54,3.936681284668157e-177,2.1438545227337395e-142,3.448405490309545e-94,1.3005788650239689e-21,1.213754267761837e-32,0.0006643116266778276,1.3284309987699962e-162
29.616666666666667,-0.023404256,0.0006592920717587705,3.018729424541594e-141,0.0,0.0,0.0,1.5176382092505281e-137,1.1833974974436226e-54,2.7146253350729954e-177,1.5529570725521985e-142,2.7540653228914087e-94,1.222948842317249e-21,1.0131638808441029e-32,0.0006592920717587705,3.4359426571167075e-163
29.633333333333333,-0.023404256,0.0006543089637971172,2.463530187562502e-141,0.0,0.0,0.0,1.169051876193624e-137,1.0646076094718277e-54,1.8719181718370542e-177,1.1249169834798734e-142,2.1995170502505825e-94,1.1499524078992456e-21,8.457022184763633e-33,0.0006543089637971172,8.88605214683999e-164
29.65,-0.023404256,0.0006493620583458822,2.0104375334630637e-141,0.0,0.0,0.0,9.005289808719389e-138,9.577408940977926e-55,1.2908065097739494e-177,8.148513422269053e-143,1.7566191822924162e-94,1.0813129952242907e-21,7.059015374875094e-33,0.0006493620583458822,2.2978842343534075e-164
29.666666666666668,-0.023404256,0.0006444511122929858,1.6406739208675837e-141,0.0,0.0,0.0,6.93681299146588e-138,8.6160070122368e-55,8.900876239665325e-178,5.902461886863078e-143,1.4028948026924647e-94,1.0167705450477568e-21,5.891959016836531e-33,0.0006444511122929858,5.94160890081731e-165
29.683333333333334,-0.023404256,0.0006395758838592686,1.338914865107212e-141,0.0,0.0,0.0,5.3434366368351675e-138,7.751104702332434e-55,6.137644238063791e-178,4.275480182159794e-143,1.1203914711637523e-94,9.560805201760579e-22,4.917725491972038e-33,0.0006395758838592686,1.5361615590260235e-165
29.7,-0.023404256,0.0006347361325963776,1.0926539749791152e-141,0.0,0.0,0.0,4.116041341231112e-138,6.973016795040093e-55,4.2322176894838327e-178,3.0969451210501756e-143,8.947705668513723e-95,8.990129790210504e-22,4.104477393502246e-33,0.0006347361325963776,3.9712472304910495e-166
29.716666666666665,-0.023404256,0.000629931619384553,8.91684743901316e-142,0.0,0.0,0.0,3.1705688023249366e-138,6.273030050284661e-55,2.9183113686559656e-178,2.2432570046080657e-143,7.145799034337298e-95,8.453517044493462e-22,3.425630502684336e-33,0.000629931619384553,1.0265366015729162e-166
29.73333333333333,-0.023404256,0.0006251621064302944,7.276776281562331e-142,0.0,0.0,0.0,2.4422663614610542e-138,5.643305668376191e-55,2.0122994225034364e-178,1.6248806692535867e-143,5.70672735983477e-95,7.948933846262108e-22,2.8589876102357436e-33,0.0006251621064302944,2.6532594155804727e-167
29.75,-0.023404256,0.0006204273572639244,5.938348918636615e-142,0.0,0.0,0.0,1.8812532707613413e-138,5.076791540882255e-55,1.387557308294851e-178,1.1769576432408365e-143,4.557437002395458e-95,7.474468427507492e-22,2.3860150575174037e-33,0.0006204273572639244,6.857140163533918e-168
29.766666666666666,-0.023404256,0.0006157271367370501,4.846089196277875e-142,0.0,0.0,0.0,1.4491051675997565e-138,4.5671433062509846e-55,9.56767933576454e-179,8.525053686384065e-144,3.639581526038664e-95,7.028323127644884e-22,1.9912384986800346e-33,0.0006157271367370501,1.772003807086175e-168
29.78333333333333,-0.023404256,0.0006110612110199135,3.954723268616373e-142,0.0,0.0,0.0,1.1162229350104873e-138,4.108653326788378e-55,6.597200046823797e-179,6.174905912772506e-144,2.906561142309617e-95,6.60880758289253e-22,1.661738251175834e-33,0.0006110612110199135,4.578728122814042e-169
29.8,-0.023404256,0.0006064293475986541,3.2273034349123748e-142,0.0,0.0,0.0,8.598058191098733e-139,3.6961867922321154e-55,4.548938440692536e-179,4.4726045881725843e-144,2.3211580494850034e-95,6.214332322145081e-22,1.3867278326296483e-33,0.0006064293475986541,1.1829977349429242e-169
29.816666666666663,-0.023404256,0.0006018313152724733,2.633676979384775e-142,0.0,0.0,0.0,6.6229003820865014e-139,3.325124234882714e-55,3.13659058617758e-179,3.23957179452142e-144,1.853647740839481e-95,5.84340274507835e-22,1.1572019814506147e-33,0.0006018313152724733,3.056202212538763e-170
29.83333333333333,-0.023404256,0.0005972668841506969,2.149236575104118e-142,0.0,0.0,0.0,5.101459838550529e-139,2.9913098129992434e-55,2.1627333770534592e-179,2.346451934509296e-144,1.4802904868960947e-95,5.4946134596717845e-22,9.656427140340754e-34,0.0005972668841506969,7.894772831315197e-171
29.85,-0.023404256,0.0005927358256497601,1.7539004777138087e-142,0.0,0.0,0.0,3.9295166243004255e-139,2.691004783696922e-55,1.491233007879485e-179,1.699545008180875e-144,1.1821264745761004e-95,5.166642957699457e-22,8.057738558997314e-34,0.0005927358256497601,2.0391859492124874e-171
29.866666666666667,-0.023404256,0.0005882379124901023,1.4312802545948723e-142,0.0,0.0,0.0,3.0267893727049822e-139,2.420845644655833e-55,1.0282185038277661e-179,1.230978982852228e-144,9.440134850339702e-96,4.858248608015872e-22,6.723560585979247e-34,0.0005882379124901023,5.266643480919189e-172
29.883333333333333,-0.023404256,0.0005837729186929634,1.1680015645744956e-142,0.0,0.0,0.0,2.3314369999079164e-139,2.1778064761825163e-55,7.089615926891358e-180,8.915907848548235e-145,7.538582921718505e-96,4.568261948669256e-22,5.6101562966127414e-34,0.0005837729186929634,1.3601010141812676e-172
29.9,-0.023404256,0.0005793406195771141,9.531498442355839e-143,0.0,0.0,0.0,1.7958232288367902e-139,1.959165062171567e-55,4.888294830637532e-180,6.45769419095566e-145,6.0200278885461145e-96,4.295584260008582e-22,4.68101601862803e-34,0.0005793406195771141,3.512115709644774e-173
29.916666666666668,-0.023404256,0.0005749407917554983,7.778179319314623e-143,0.0,0.0,0.0,1.3832539021038497e-139,1.7624724107951686e-55,3.3704622720027644e-180,4.677204452762631e-145,4.807336957063123e-96,4.039182402011521e-22,3.905663861573395e-34,0.0005749407917554983,9.068326009922264e-174
29.933333333333334,-0.023404256,0.0005705732131318008,6.347368841349042e-143,0.0,0.0,0.0,1.0654636665952427e-139,1.5855253337905319e-55,2.3239080876505902e-180,3.38760071118885e-145,3.838909759149559e-96,3.7980849000648247e-22,3.258661196777956e-34,0.0005705732131318008,2.3412421825705956e-174
29.95,-0.023404256,0.0005662376628969322,5.179746856837572e-143,0.0,0.0,0.0,8.206799218509018e-140,1.4263417774434527e-55,1.6023073612563278e-180,2.4535508479995802e-145,3.0655508648278635e-96,3.5713782643667244e-22,2.718774608846546e-34,0.0005662376628969322,6.044031348338551e-175
29.966666666666665,-0.023404256,0.0005619339215254505,4.226903686223325e-143,0.0,0.0,0.0,6.32131450611092e-140,1.2831386291563092e-55,1.104765531879061e-180,1.777030582998254e-145,2.4479719569619317e-96,3.3582035290093238e-22,2.268281191986343e-34,0.0005619339215254505,1.560157604961637e-175
29.98333333333333,-0.023404256,0.0005576617707719053,3.449333502069938e-143,0.0,0.0,0.0,4.868995989714925e-140,1.1543117511923113e-55,7.61713786256865e-181,1.2870390931709745e-145,1.954796910247717e-96,3.1577529976281713e-22,1.892388535393166e-34,0.0005576617707719053,4.026909545147402e-176
30.0,-0.023404256,0.0005534209936671154,2.814796743554316e-143,0.0,0.0,0.0,3.7503332993122243e-140,1.038418018112847e-55,5.251833293196424e-181,9.32149513806333e-146,1.5609685317040074e-96,2.969267183290798e-22,1.5787504765016909e-34,0.0005534209936671154,1.0392909685088507e-176
30.016666666666666,-0.023404256,0.0005492113745143825,2.2969836999462088e-143,0.0,0.0,0.0,2.8886754357649615e-140,9.341591568463327e-56,3.6209911919313923e-181,6.751129268683412e-146,1.2464760995860846e-96,2.7920319310307685e-22,1.3170628203145746e-34,0.0005492113745143825,2.682035649581946e-177
