time,signal,fit_total,peak_1,peak_2,peak_3,peak_4,peak_5,peak_6,peak_7,peak_8,peak_9
0.0,-0.004680851,0.0,0.0,0.0,0.0,0.0,0.0,0.0,0.0,0.0,0.0
0.0166666666666666,0.0,0.0,0.0,0.0,0.0,0.0,0.0,0.0,0.0,0.0,0.0
0.0333333333333333,0.0,0.0,0.0,0.0,0.0,0.0,0.0,0.0,0.0,0.0,0.0
0.05,0.0,0.0,0.0,0.0,0.0,0.0,0.0,0.0,0.0,0.0,0.0
0.0666666666666666,0.0,0.0,0.0,0.0,0.0,0.0,0.0,0.0,0.0,0.0,0.0
0.0833333333333333,0.0,0.0,0.0,0.0,0.0,0.0,0.0,0.0,0.0,0.0,0.0
0.1,0.0,0.0,0.0,0.0,0.0,0.0,0.0,0.0,0.0,0.0,0.0
0.1166666666666666,0.0,0.0,0.0,0.0,0.0,0.0,0.0,0.0,0.0,0.0,0.0
0.1333333333333333,0.0,0.0,0.0,0.0,0.0,0.0,0.0,0.0,0.0,0.0,0.0
0.15,0.0,0.0,0.0,0.0,0.0,0.0,0.0,0.0,0.0,0.0,0.0
0.1666666666666666,0.0,0.0,0.0,0.0,0.0,0.0,0.0,0.0,0.0,0.0,0.0
0.1833333333333333,0.0,0.0,0.0,0.0,0.0,0.0,0.0,0.0,0.0,0.0,0.0
0.2,0.0,0.0,0.0,0.0,0.0,0.0,0.0,0.0,0.0,0.0,0.0
0.2166666666666666,0.0,0.0,0.0,0.0,0.0,0.0,0.0,0.0,0.0,0.0,0.0
0.2333333333333333,0.0,0.0,0.0,0.0,0.0,0.0,0.0,0.0,0.0,0.0,0.0
0.25,0.0,0.0,0.0,0.0,0.0,0.0,0.0,0.0,0.0,0.0,0.0
0.2666666666666666,0.0,0.0,0.0,0.0,0.0,0.0,0.0,0.0,0.0,0.0,0.0
0.2833333333333333,0.0,0.0,0.0,0.0,0.0,0.0,0.0,0.0,0.0,0.0,0.0
0.3,0.0,0.0,0.0,0.0,0.0,0.0,0.0,0.0,0.0,0.0,0.0
0.3166666666666666,0.0,0.0,0.0,0.0,0.0,0.0,0.0,0.0,0.0,0.0,0.0
0.3333333333333333,0.0,0.0,0.0,0.0,0.0,0.0,0.0,0.0,0.0,0.0,0.0
0.35,-0.004680851,0.0,0.0,0.0,0.0,0.0,0.0,0.0,0.0,0.0,0.0
0.3666666666666666,-0.004680851,0.0,0.0,0.0,0.0,0.0,0.0,0.0,0.0,0.0,0.0
0.3833333333333333,-0.004680851,0.0,0.0,0.0,0.0,0.0,0.0,0.0,0.0,0.0,0.0
0.4,-0.004680851,0.0,0.0,0.0,0.0,0.0,0.0,0.0,0.0,0.0,0.0
0.4166666666666667,-0.004680851,0.0,0.0,0.0,0.0,0.0,0.0,0.0,0.0,0.0,0.0
0.4333333333333333,-0.004680851,0.0,0.0,0.0,0.0,0.0,0.0,0.0,0.0,0.0,0.0
0.45,-0.004680851,0.0,0.0,0.0,0.0,0.0,0.0,0.0,0.0,0.0,0.0
0.4666666666666667,-0.004680851,0.0,0.0,0.0,0.0,0.0,0.0,0.0,0.0,0.0,0.0
0.4833333333333333,-0.004680851,0.0,0.0,0.0,0.0,0.0,0.0,0.0,0.0,0.0,0.0
0.5,-0.004680851,0.0,0.0,0.0,0.0,0.0,0.0,0.0,0.0,0.0,0.0
0.5166666666666667,-0.004680851,0.0,0.0,0.0,0.0,0.0,0.0,0.0,0.0,0.0,0.0
0.5333333333333333,-0.004680851,0.0,0.0,0.0,0.0,0.0,0.0,0.0,0.0,0.0,0.0
0.55,-0.004680851,0.0,0.0,0.0,0.0,0.0,0.0,0.0,0.0,0.0,0.0
0.5666666666666667,-0.004680851,0.0,0.0,0.0,0.0,0.0,0.0,0.0,0.0,0.0,0.0
0.5833333333333334,-0.004680851,0.0,0.0,0.0,0.0,0.0,0.0,0.0,0.0,0.0,0.0
0.6,-0.004680851,0.0,0.0,0.0,0.0,0.0,0.0,0.0,0.0,0.0,0.0
0.6166666666666667,-0.004680851,0.0,0.0,0.0,0.0,0.0,0.0,0.0,0.0,0.0,0.0
0.6333333333333333,-0.004680851,0.0,0.0,0.0,0.0,0.0,0.0,0.0,0.0,0.0,0.0
0.65,-0.004680851,0.0,0.0,0.0,0.0,0.0,0.0,0.0,0.0,0.0,0.0
0.6666666666666666,-0.004680851,0.0,0.0,0.0,0.0,0.0,0.0,0.0,0.0,0.0,0.0
0.6833333333333333,-0.004680851,0.0,0.0,0.0,0.0,0.0,0.0,0.0,0.0,0.0,0.0
0.7,-0.004680851,0.0,0.0,0.0,0.0,0.0,0.0,0.0,0.0,0.0,0.0
0.7166666666666667,-0.004680851,0.0,0.0,0.0,0.0,0.0,0.0,0.0,0.0,0.0,0.0
0.7333333333333333,-0.004680851,0.0,0.0,0.0,0.0,0.0,0.0,0.0,0.0,0.0,0.0
0.75,-0.004680851,0.0,0.0,0.0,0.0,0.0,0.0,0.0,0.0,0.0,0.0
0.7666666666666667,-0.004680851,0.0,0.0,0.0,0.0,0.0,0.0,0.0,0.0,0.0,0.0
0.7833333333333333,-0.004680851,0.0,0.0,0.0,0.0,0.0,0.0,0.0,0.0,0.0,0.0
0.8,-0.004680851,0.0,0.0,0.0,0.0,0.0,0.0,0.0,0.0,0.0,0.0
0.8166666666666667,-0.004680851,0.0,0.0,0.0,0.0,0.0,0.0,0.0,0.0,0.0,0.0
0.8333333333333334,-0.004680851,0.0,0.0,0.0,0.0,0.0,0.0,0.0,0.0,0.0,0.0
0.85,-0.004680851,0.0,0.0,0.0,0.0,0.0,0.0,0.0,0.0,0.0,0.0
0.8666666666666667,-0.004680851,0.0,0.0,0.0,0.0,0.0,0.0,0.0,0.0,0.0,0.0
0.8833333333333333,-0.004680851,0.0,0.0,0.0,0.0,0.0,0.0,0.0,0.0,0.0,0.0
0.9,-0.004680851,0.0,0.0,0.0,0.0,0.0,0.0,0.0,0.0,0.0,0.0
0.9166666666666666,-0.004680851,0.0,0.0,0.0,0.0,0.0,0.0,0.0,0.0,0.0,0.0
0.9333333333333332,-0.004680851,0.0,0.0,0.0,0.0,0.0,0.0,0.0,0.0,0.0,0.0
0.95,0.0,0.0,0.0,0.0,0.0,0.0,0.0,0.0,0.0,0.0,0.0
0.9666666666666668,-0.004680851,0.0,0.0,0.0,0.0,0.0,0.0,0.0,0.0,0.0,0.0
0.9833333333333332,-0.004680851,0.0,0.0,0.0,0.0,0.0,0.0,0.0,0.0,0.0,0.0
1.0,-0.004680851,0.0,0.0,0.0,0.0,0.0,0.0,0.0,0.0,0.0,0.0
1.0166666666666666,0.0,0.0,0.0,0.0,0.0,0.0,0.0,0.0,0.0,0.0,0.0
1.0333333333333334,0.0,0.0,0.0,0.0,0.0,0.0,0.0,0.0,0.0,0.0,0.0
1.05,0.0,0.0,0.0,0.0,0.0,0.0,0.0,0.0,0.0,0.0,0.0
1.0666666666666669,0.0,0.0,0.0,0.0,0.0,0.0,0.0,0.0,0.0,0.0,0.0
1.0833333333333333,0.0,0.0,0.0,0.0,0.0,0.0,0.0,0.0,0.0,0.0,0.0
1.1,0.0,0.0,0.0,0.0,0.0,0.0,0.0,0.0,0.0,0.0,0.0
1.1166666666666667,0.0,0.0,0.0,0.0,0.0,0.0,0.0,0.0,0.0,0.0,0.0
1.1333333333333333,0.0,0.0,0.0,0.0,0.0,0.0,0.0,0.0,0.0,0.0,0.0
1.15,0.0,0.0,0.0,0.0,0.0,0.0,0.0,0.0,0.0,0.0,0.0
1.1666666666666667,0.0,0.0,0.0,0.0,0.0,0.0,0.0,0.0,0.0,0.0,0.0
1.1833333333333331,-0.004680851,0.0,0.0,0.0,0.0,0.0,0.0,0.0,0.0,0.0,0.0
1.2,-0.004680851,0.0,0.0,0.0,0.0,0.0,0.0,0.0,0.0,0.0,0.0
1.2166666666666666,0.0,0.0,0.0,0.0,0.0,0.0,0.0,0.0,0.0,0.0,0.0
1.2333333333333334,0.0,0.0,0.0,0.0,0.0,0.0,0.0,0.0,0.0,0.0,0.0
1.25,0.0,0.0,0.0,0.0,0.0,0.0,0.0,0.0,0.0,0.0,0.0
1.2666666666666666,0.0,0.0,0.0,0.0,0.0,0.0,0.0,0.0,0.0,0.0,0.0
1.2833333333333334,0.0,0.0,0.0,0.0,0.0,0.0,0.0,0.0,0.0,0.0,0.0
1.3,0.0,0.0,0.0,0.0,0.0,0.0,0.0,0.0,0.0,0.0,0.0
1.3166666666666669,0.0,0.0,0.0,0.0,0.0,0.0,0.0,0.0,0.0,0.0,0.0
1.3333333333333333,0.0,0.0,0.0,0.0,0.0,0.0,0.0,0.0,0.0,0.0,0.0
1.35,0.0,0.0,0.0,0.0,0.0,0.0,0.0,0.0,0.0,0.0,0.0
1.3666666666666667,0.0,0.0,0.0,0.0,0.0,0.0,0.0,0.0,0.0,0.0,0.0
1.3833333333333333,0.0,0.0,0.0,0.0,0.0,0.0,0.0,0.0,0.0,0.0,0.0
1.4,0.0,0.0,0.0,0.0,0.0,0.0,0.0,0.0,0.0,0.0,0.0
1.4166666666666667,0.0,0.0,0.0,0.0,0.0,0.0,0.0,0.0,0.0,0.0,0.0
1.4333333333333331,0.0,0.0,0.0,0.0,0.0,0.0,0.0,0.0,0.0,0.0,0.0
1.45,0.0,0.0,0.0,0.0,0.0,0.0,0.0,0.0,0.0,0.0,0.0
1.4666666666666666,-0.004680851,0.0,0.0,0.0,0.0,0.0,0.0,0.0,0.0,0.0,0.0
1.4833333333333334,-0.004680851,0.0,0.0,0.0,0.0,0.0,0.0,0.0,0.0,0.0,0.0
1.5,-0.004680851,0.0,0.0,0.0,0.0,0.0,0.0,0.0,0.0,0.0,0.0
1.5166666666666666,-0.004680851,0.0,0.0,0.0,0.0,0.0,0.0,0.0,0.0,0.0,0.0
1.5333333333333334,-0.004680851,0.0,0.0,0.0,0.0,0.0,0.0,0.0,0.0,0.0,0.0
1.55,-0.004680851,0.0,0.0,0.0,0.0,0.0,0.0,0.0,0.0,0.0,0.0
1.5666666666666669,-0.004680851,0.0,0.0,0.0,0.0,0.0,0.0,0.0,0.0,0.0,0.0
1.5833333333333333,-0.004680851,0.0,0.0,0.0,0.0,0.0,0.0,0.0,0.0,0.0,0.0
1.6,-0.004680851,0.0,0.0,0.0,0.0,0.0,0.0,0.0,0.0,0.0,0.0
1.6166666666666667,-0.004680851,0.0,0.0,0.0,0.0,0.0,0.0,0.0,0.0,0.0,0.0
1.6333333333333333,-0.004680851,0.0,0.0,0.0,0.0,0.0,0.0,0.0,0.0,0.0,0.0
1.65,-0.004680851,0.0,0.0,0.0,0.0,0.0,0.0,0.0,0.0,0.0,0.0
1.6666666666666667,-0.004680851,0.0,0.0,0.0,0.0,0.0,0.0,0.0,0.0,0.0,0.0
1.6833333333333331,-0.004680851,0.0,0.0,0.0,0.0,0.0,0.0,0.0,0.0,0.0,0.0
1.7,-0.004680851,0.0,0.0,0.0,0.0,0.0,0.0,0.0,0.0,0.0,0.0
1.7166666666666666,-0.009361702,0.0,0.0,0.0,0.0,0.0,0.0,0.0,0.0,0.0,0.0
1.7333333333333334,-0.009361702,0.0,0.0,0.0,0.0,0.0,0.0,0.0,0.0,0.0,0.0
1.75,-0.004680851,0.0,0.0,0.0,0.0,0.0,0.0,0.0,0.0,0.0,0.0
1.7666666666666666,-0.004680851,0.0,0.0,0.0,0.0,0.0,0.0,0.0,0.0,0.0,0.0
1.7833333333333334,-0.004680851,0.0,0.0,0.0,0.0,0.0,0.0,0.0,0.0,0.0,0.0
1.8,-0.009361702,0.0,0.0,0.0,0.0,0.0,0.0,0.0,0.0,0.0,0.0
1.8166666666666669,-0.009361702,0.0,0.0,0.0,0.0,0.0,0.0,0.0,0.0,0.0,0.0
1.8333333333333333,-0.009361702,0.0,0.0,0.0,0.0,0.0,0.0,0.0,0.0,0.0,0.0
1.85,-0.009361702,0.0,0.0,0.0,0.0,0.0,0.0,0.0,0.0,0.0,0.0
1.8666666666666667,-0.009361702,0.0,0.0,0.0,0.0,0.0,0.0,0.0,0.0,0.0,0.0
1.8833333333333333,-0.009361702,0.0,0.0,0.0,0.0,0.0,0.0,0.0,0.0,0.0,0.0
1.9,-0.009361702,0.0,0.0,0.0,0.0,0.0,0.0,0.0,0.0,0.0,0.0
1.9166666666666667,-0.009361702,0.0,0.0,0.0,0.0,0.0,0.0,0.0,0.0,0.0,0.0
1.9333333333333331,-0.009361702,0.0,0.0,0.0,0.0,0.0,0.0,0.0,0.0,0.0,0.0
1.95,-0.009361702,0.0,0.0,0.0,0.0,0.0,0.0,0.0,0.0,0.0,0.0
1.9666666666666663,-0.009361702,0.0,0.0,0.0,0.0,0.0,0.0,0.0,0.0,0.0,0.0
1.9833333333333332,-0.009361702,0.0,0.0,0.0,0.0,0.0,0.0,0.0,0.0,0.0,0.0
2.0,-0.009361702,0.0,0.0,0.0,0.0,0.0,0.0,0.0,0.0,0.0,0.0
2.0166666666666666,-0.009361702,0.0,0.0,0.0,0.0,0.0,0.0,0.0,0.0,0.0,0.0
2.033333333333333,-0.004680851,0.0,0.0,0.0,0.0,0.0,0.0,0.0,0.0,0.0,0.0
2.05,-0.004680851,0.0,0.0,0.0,0.0,0.0,0.0,0.0,0.0,0.0,0.0
2.066666666666667,-0.004680851,0.0,0.0,0.0,0.0,0.0,0.0,0.0,0.0,0.0,0.0
2.083333333333333,-0.004680851,0.0,0.0,0.0,0.0,0.0,0.0,0.0,0.0,0.0,0.0
2.1,-0.009361702,0.0,0.0,0.0,0.0,0.0,0.0,0.0,0.0,0.0,0.0
2.1166666666666667,-0.009361702,0.0,0.0,0.0,0.0,0.0,0.0,0.0,0.0,0.0,0.0
2.1333333333333333,-0.009361702,0.0,0.0,0.0,0.0,0.0,0.0,0.0,0.0,0.0,0.0
2.15,-0.009361702,0.0,0.0,0.0,0.0,0.0,0.0,0.0,0.0,0.0,0.0
2.1666666666666665,-0.009361702,0.0,0.0,0.0,0.0,0.0,0.0,0.0,0.0,0.0,0.0
2.183333333333333,-0.009361702,0.0,0.0,0.0,0.0,0.0,0.0,0.0,0.0,0.0,0.0
2.2,-0.009361702,0.0,0.0,0.0,0.0,0.0,0.0,0.0,0.0,0.0,0.0
2.216666666666667,-0.009361702,0.0,0.0,0.0,0.0,0.0,0.0,0.0,0.0,0.0,0.0
2.2333333333333334,-0.009361702,0.0,0.0,0.0,0.0,0.0,0.0,0.0,0.0,0.0,0.0
2.25,-0.009361702,0.0,0.0,0.0,0.0,0.0,0.0,0.0,0.0,0.0,0.0
2.2666666666666666,-0.009361702,0.0,0.0,0.0,0.0,0.0,0.0,0.0,0.0,0.0,0.0
2.283333333333333,-0.009361702,0.0,0.0,0.0,0.0,0.0,0.0,0.0,0.0,0.0,0.0
2.3,-0.009361702,0.0,0.0,0.0,0.0,0.0,0.0,0.0,0.0,0.0,0.0
2.316666666666667,-0.009361702,0.0,0.0,0.0,0.0,0.0,0.0,0.0,0.0,0.0,0.0
2.333333333333333,-0.009361702,0.0,0.0,0.0,0.0,0.0,0.0,0.0,0.0,0.0,0.0
2.35,-0.009361702,0.0,0.0,0.0,0.0,0.0,0.0,0.0,0.0,0.0,0.0
2.3666666666666667,-0.009361702,0.0,0.0,0.0,0.0,0.0,0.0,0.0,0.0,0.0,0.0
2.3833333333333333,-0.009361702,0.0,0.0,0.0,0.0,0.0,0.0,0.0,0.0,0.0,0.0
2.4,-0.009361702,0.0,0.0,0.0,0.0,0.0,0.0,0.0,0.0,0.0,0.0
2.4166666666666665,-0.009361702,0.0,0.0,0.0,0.0,0.0,0.0,0.0,0.0,0.0,0.0
2.433333333333333,-0.009361702,0.0,0.0,0.0,0.0,0.0,0.0,0.0,0.0,0.0,0.0
2.45,-0.009361702,0.0,0.0,0.0,0.0,0.0,0.0,0.0,0.0,0.0,0.0
2.466666666666667,-0.009361702,0.0,0.0,0.0,0.0,0.0,0.0,0.0,0.0,0.0,0.0
2.4833333333333334,-0.009361702,0.0,0.0,0.0,0.0,0.0,0.0,0.0,0.0,0.0,0.0
2.5,-0.009361702,0.0,0.0,0.0,0.0,0.0,0.0,0.0,0.0,0.0,0.0
2.5166666666666666,-0.009361702,0.0,0.0,0.0,0.0,0.0,0.0,0.0,0.0,0.0,0.0
2.533333333333333,-0.009361702,0.0,0.0,0.0,0.0,0.0,0.0,0.0,0.0,0.0,0.0
2.55,-0.009361702,0.0,0.0,0.0,0.0,0.0,0.0,0.0,0.0,0.0,0.0
2.566666666666667,-0.009361702,0.0,0.0,0.0,0.0,0.0,0.0,0.0,0.0,0.0,0.0
2.583333333333333,-0.009361702,0.0,0.0,0.0,0.0,0.0,0.0,0.0,0.0,0.0,0.0
2.6,-0.009361702,0.0,0.0,0.0,0.0,0.0,0.0,0.0,0.0,0.0,0.0
2.6166666666666667,-0.0140425535,0.0,0.0,0.0,0.0,0.0,0.0,0.0,0.0,0.0,0.0
2.6333333333333333,-0.0140425535,0.0,0.0,0.0,0.0,0.0,0.0,0.0,0.0,0.0,0.0
2.65,-0.009361702,0.0,0.0,0.0,0.0,0.0,0.0,0.0,0.0,0.0,0.0
2.6666666666666665,-0.009361702,0.0,0.0,0.0,0.0,0.0,0.0,0.0,0.0,0.0,0.0
2.683333333333333,-0.009361702,0.0,0.0,0.0,0.0,0.0,0.0,0.0,0.0,0.0,0.0
2.7,-0.009361702,0.0,0.0,0.0,0.0,0.0,0.0,0.0,0.0,0.0,0.0
2.716666666666667,-0.009361702,0.0,0.0,0.0,0.0,0.0,0.0,0.0,0.0,0.0,0.0
2.7333333333333334,-0.009361702,0.0,0.0,0.0,0.0,0.0,0.0,0.0,0.0,0.0,0.0
2.75,-0.009361702,0.0,0.0,0.0,0.0,0.0,0.0,0.0,0.0,0.0,0.0
2.7666666666666666,-0.009361702,0.0,0.0,0.0,0.0,0.0,0.0,0.0,0.0,0.0,0.0
2.783333333333333,-0.009361702,0.0,0.0,0.0,0.0,0.0,0.0,0.0,0.0,0.0,0.0
2.8,-0.0140425535,0.0,0.0,0.0,0.0,0.0,0.0,0.0,0.0,0.0,0.0
2.816666666666667,-0.0140425535,0.0,0.0,0.0,0.0,0.0,0.0,0.0,0.0,0.0,0.0
2.833333333333333,-0.009361702,0.0,0.0,0.0,0.0,0.0,0.0,0.0,0.0,0.0,0.0
2.85,-0.009361702,0.0,0.0,0.0,0.0,0.0,0.0,0.0,0.0,0.0,0.0
2.8666666666666667,-0.009361702,0.0,0.0,0.0,0.0,0.0,0.0,0.0,0.0,0.0,0.0
2.8833333333333333,-0.009361702,0.0,0.0,0.0,0.0,0.0,0.0,0.0,0.0,0.0,0.0
2.9,-0.009361702,0.0,0.0,0.0,0.0,0.0,0.0,0.0,0.0,0.0,0.0
2.9166666666666665,-0.009361702,0.0,0.0,0.0,0.0,0.0,0.0,0.0,0.0,0.0,0.0
2.933333333333333,-0.009361702,0.0,0.0,0.0,0.0,0.0,0.0,0.0,0.0,0.0,0.0
2.95,-0.009361702,0.0,0.0,0.0,0.0,0.0,0.0,0.0,0.0,0.0,0.0
2.966666666666667,-0.0140425535,0.0,0.0,0.0,0.0,0.0,0.0,0.0,0.0,0.0,0.0
2.9833333333333334,-0.009361702,0.0,0.0,0.0,0.0,0.0,0.0,0.0,0.0,0.0,0.0
3.0,-0.0140425535,0.0,0.0,0.0,0.0,0.0,0.0,0.0,0.0,0.0,0.0
3.0166666666666666,-0.0140425535,0.0,0.0,0.0,0.0,0.0,0.0,0.0,0.0,0.0,0.0
3.033333333333333,-0.0140425535,0.0,0.0,0.0,0.0,0.0,0.0,0.0,0.0,0.0,0.0
3.05,-0.0140425535,0.0,0.0,0.0,0.0,0.0,0.0,0.0,0.0,0.0,0.0
3.066666666666667,-0.009361702,0.0,0.0,0.0,0.0,0.0,0.0,0.0,0.0,0.0,0.0
3.083333333333333,-0.009361702,0.0,0.0,0.0,0.0,0.0,0.0,0.0,0.0,0.0,0.0
3.1,-0.009361702,0.0,0.0,0.0,0.0,0.0,0.0,0.0,0.0,0.0,0.0
3.1166666666666667,-0.009361702,0.0,0.0,0.0,0.0,0.0,0.0,0.0,0.0,0.0,0.0
3.1333333333333333,-0.009361702,0.0,0.0,0.0,0.0,0.0,0.0,0.0,0.0,0.0,0.0
3.15,-0.009361702,0.0,0.0,0.0,0.0,0.0,0.0,0.0,0.0,0.0,0.0
3.1666666666666665,-0.009361702,0.0,0.0,0.0,0.0,0.0,0.0,0.0,0.0,0.0,0.0
3.183333333333333,-0.009361702,0.0,0.0,0.0,0.0,0.0,0.0,0.0,0.0,0.0,0.0
3.2,-0.0140425535,0.0,0.0,0.0,0.0,0.0,0.0,0.0,0.0,0.0,0.0
3.216666666666667,-0.0140425535,0.0,0.0,0.0,0.0,0.0,0.0,0.0,0.0,0.0,0.0
3.2333333333333334,-0.009361702,0.0,0.0,0.0,0.0,0.0,0.0,0.0,0.0,0.0,0.0
3.25,-0.009361702,0.0,0.0,0.0,0.0,0.0,0.0,0.0,0.0,0.0,0.0
3.2666666666666666,-0.0140425535,0.0,0.0,0.0,0.0,0.0,0.0,0.0,0.0,0.0,0.0
3.283333333333333,-0.0140425535,0.0,0.0,0.0,0.0,0.0,0.0,0.0,0.0,0.0,0.0
3.3,-0.0140425535,0.0,0.0,0.0,0.0,0.0,0.0,0.0,0.0,0.0,0.0
3.316666666666667,-0.009361702,0.0,0.0,0.0,0.0,0.0,0.0,0.0,0.0,0.0,0.0
3.333333333333333,-0.0140425535,0.0,0.0,0.0,0.0,0.0,0.0,0.0,0.0,0.0,0.0
3.35,-0.0140425535,0.0,0.0,0.0,0.0,0.0,0.0,0.0,0.0,0.0,0.0
3.3666666666666667,-0.0140425535,0.0,0.0,0.0,0.0,0.0,0.0,0.0,0.0,0.0,0.0
3.3833333333333333,-0.0140425535,0.0,0.0,0.0,0.0,0.0,0.0,0.0,0.0,0.0,0.0
3.4,-0.009361702,0.0,0.0,0.0,0.0,0.0,0.0,0.0,0.0,0.0,0.0
3.4166666666666665,-0.009361702,0.0,0.0,0.0,0.0,0.0,0.0,0.0,0.0,0.0,0.0
3.433333333333333,-0.009361702,0.0,0.0,0.0,0.0,0.0,0.0,0.0,0.0,0.0,0.0
3.45,-0.0140425535,0.0,0.0,0.0,0.0,0.0,0.0,0.0,0.0,0.0,0.0
3.466666666666667,-0.0140425535,0.0,0.0,0.0,0.0,0.0,0.0,0.0,0.0,0.0,0.0
3.4833333333333334,-0.0140425535,0.0,0.0,0.0,0.0,0.0,0.0,0.0,0.0,0.0,0.0
3.5,-0.0140425535,0.0,0.0,0.0,0.0,0.0,0.0,0.0,0.0,0.0,0.0
3.5166666666666666,-0.0140425535,0.0,0.0,0.0,0.0,0.0,0.0,0.0,0.0,0.0,0.0
3.533333333333333,-0.0140425535,0.0,0.0,0.0,0.0,0.0,0.0,0.0,0.0,0.0,0.0
3.55,-0.0140425535,0.0,0.0,0.0,0.0,0.0,0.0,0.0,0.0,0.0,0.0
3.566666666666667,-0.0140425535,0.0,0.0,0.0,0.0,0.0,0.0,0.0,0.0,0.0,0.0
3.583333333333333,-0.0140425535,0.0,0.0,0.0,0.0,0.0,0.0,0.0,0.0,0.0,0.0
3.6,-0.0140425535,0.0,0.0,0.0,0.0,0.0,0.0,0.0,0.0,0.0,0.0
3.6166666666666663,-0.0140425535,0.0,0.0,0.0,0.0,0.0,0.0,0.0,0.0,0.0,0.0
3.633333333333333,-0.0140425535,0.0,0.0,0.0,0.0,0.0,0.0,0.0,0.0,0.0,0.0
3.65,-0.0140425535,0.0,0.0,0.0,0.0,0.0,0.0,0.0,0.0,0.0,0.0
3.6666666666666665,-0.0140425535,0.0,0.0,0.0,0.0,0.0,0.0,0.0,0.0,0.0,0.0
3.683333333333333,-0.0140425535,0.0,0.0,0.0,0.0,0.0,0.0,0.0,0.0,0.0,0.0
3.7,-0.0140425535,0.0,0.0,0.0,0.0,0.0,0.0,0.0,0.0,0.0,0.0
3.716666666666667,-0.0140425535,0.0,0.0,0.0,0.0,0.0,0.0,0.0,0.0,0.0,0.0
3.733333333333333,-0.0140425535,0.0,0.0,0.0,0.0,0.0,0.0,0.0,0.0,0.0,0.0
3.75,-0.0140425535,0.0,0.0,0.0,0.0,0.0,0.0,0.0,0.0,0.0,0.0
3.7666666666666666,-0.0140425535,0.0,0.0,0.0,0.0,0.0,0.0,0.0,0.0,0.0,0.0
3.783333333333333,-0.0140425535,0.0,0.0,0.0,0.0,0.0,0.0,0.0,0.0,0.0,0.0
3.8,-0.0140425535,0.0,0.0,0.0,0.0,0.0,0.0,0.0,0.0,0.0,0.0
3.816666666666667,-0.009361702,0.0,0.0,0.0,0.0,0.0,0.0,0.0,0.0,0.0,0.0
3.8333333333333335,-0.009361702,0.0,0.0,0.0,0.0,0.0,0.0,0.0,0.0,0.0,0.0
3.85,-0.0140425535,0.0,0.0,0.0,0.0,0.0,0.0,0.0,0.0,0.0,0.0
3.8666666666666663,-0.0140425535,0.0,0.0,0.0,0.0,0.0,0.0,0.0,0.0,0.0,0.0
3.883333333333333,-0.0140425535,0.0,0.0,0.0,0.0,0.0,0.0,0.0,0.0,0.0,0.0
3.9,-0.009361702,0.0,0.0,0.0,0.0,0.0,0.0,0.0,0.0,0.0,0.0
3.9166666666666665,-0.0140425535,0.0,0.0,0.0,0.0,0.0,0.0,0.0,0.0,0.0,0.0
3.933333333333333,-0.009361702,0.0,0.0,0.0,0.0,0.0,0.0,0.0,0.0,0.0,0.0
3.95,-0.009361702,0.0,0.0,0.0,0.0,0.0,0.0,0.0,0.0,0.0,0.0
3.966666666666667,-0.009361702,0.0,0.0,0.0,0.0,0.0,0.0,0.0,0.0,0.0,0.0
3.983333333333333,-0.009361702,0.0,0.0,0.0,0.0,0.0,0.0,0.0,0.0,0.0,0.0
4.0,-0.009361702,0.0,0.0,0.0,0.0,0.0,0.0,0.0,0.0,0.0,0.0
4.016666666666667,-0.009361702,0.0,0.0,0.0,0.0,0.0,0.0,0.0,0.0,0.0,0.0
4.033333333333333,-0.009361702,0.0,0.0,0.0,0.0,0.0,0.0,0.0,0.0,0.0,0.0
4.05,-0.009361702,0.0,0.0,0.0,0.0,0.0,0.0,0.0,0.0,0.0,0.0
4.066666666666666,-0.009361702,0.0,0.0,0.0,0.0,0.0,0.0,0.0,0.0,0.0,0.0
4.083333333333333,-0.009361702,0.0,0.0,0.0,0.0,0.0,0.0,0.0,0.0,0.0,0.0
4.1,-0.009361702,0.0,0.0,0.0,0.0,0.0,0.0,0.0,0.0,0.0,0.0
4.116666666666666,-0.009361702,0.0,0.0,0.0,0.0,0.0,0.0,0.0,0.0,0.0,0.0
4.133333333333334,-0.009361702,0.0,0.0,0.0,0.0,0.0,0.0,0.0,0.0,0.0,0.0
4.15,-0.009361702,0.0,0.0,0.0,0.0,0.0,0.0,0.0,0.0,0.0,0.0
4.166666666666667,-0.009361702,0.0,0.0,0.0,0.0,0.0,0.0,0.0,0.0,0.0,0.0
4.183333333333334,-0.009361702,0.0,0.0,0.0,0.0,0.0,0.0,0.0,0.0,0.0,0.0
4.2,-0.009361702,0.0,0.0,0.0,0.0,0.0,0.0,0.0,0.0,0.0,0.0
4.216666666666667,-0.009361702,0.0,0.0,0.0,0.0,0.0,0.0,0.0,0.0,0.0,0.0
4.233333333333333,-0.009361702,0.0,0.0,0.0,0.0,0.0,0.0,0.0,0.0,0.0,0.0
4.25,-0.009361702,0.0,0.0,0.0,0.0,0.0,0.0,0.0,0.0,0.0,0.0
4.266666666666667,-0.009361702,0.0,0.0,0.0,0.0,0.0,0.0,0.0,0.0,0.0,0.0
4.283333333333333,-0.009361702,0.0,0.0,0.0,0.0,0.0,0.0,0.0,0.0,0.0,0.0
4.3,-0.009361702,0.0,0.0,0.0,0.0,0.0,0.0,0.0,0.0,0.0,0.0
4.316666666666666,-0.009361702,0.0,0.0,0.0,0.0,0.0,0.0,0.0,0.0,0.0,0.0
4.333333333333333,-0.009361702,0.0,0.0,0.0,0.0,0.0,0.0,0.0,0.0,0.0,0.0
4.35,-0.009361702,0.0,0.0,0.0,0.0,0.0,0.0,0.0,0.0,0.0,0.0
4.366666666666666,-0.009361702,0.0,0.0,0.0,0.0,0.0,0.0,0.0,0.0,0.0,0.0
4.383333333333334,-0.009361702,0.0,0.0,0.0,0.0,0.0,0.0,0.0,0.0,0.0,0.0
4.4,-0.009361702,0.0,0.0,0.0,0.0,0.0,0.0,0.0,0.0,0.0,0.0
4.416666666666667,-0.009361702,0.0,0.0,0.0,0.0,0.0,0.0,0.0,0.0,0.0,0.0
4.433333333333334,-0.009361702,0.0,0.0,0.0,0.0,0.0,0.0,0.0,0.0,0.0,0.0
4.45,-0.009361702,0.0,0.0,0.0,0.0,0.0,0.0,0.0,0.0,0.0,0.0
4.466666666666667,-0.009361702,0.0,0.0,0.0,0.0,0.0,0.0,0.0,0.0,0.0,0.0
4.483333333333333,-0.009361702,0.0,0.0,0.0,0.0,0.0,0.0,0.0,0.0,0.0,0.0
4.5,-0.009361702,0.0,0.0,0.0,0.0,0.0,0.0,0.0,0.0,0.0,0.0
4.516666666666667,-0.009361702,0.0,0.0,0.0,0.0,0.0,0.0,0.0,0.0,0.0,0.0
4.533333333333333,-0.009361702,0.0,0.0,0.0,0.0,0.0,0.0,0.0,0.0,0.0,0.0
4.55,-0.004680851,0.0,0.0,0.0,0.0,0.0,0.0,0.0,0.0,0.0,0.0
4.566666666666666,-0.004680851,0.0,0.0,0.0,0.0,0.0,0.0,0.0,0.0,0.0,0.0
4.583333333333333,-0.004680851,0.0,0.0,0.0,0.0,0.0,0.0,0.0,0.0,0.0,0.0
4.6,-0.004680851,0.0,0.0,0.0,0.0,0.0,0.0,0.0,0.0,0.0,0.0
4.616666666666666,-0.004680851,0.0,0.0,0.0,0.0,0.0,0.0,0.0,0.0,0.0,0.0
4.633333333333334,-0.004680851,0.0,0.0,0.0,0.0,0.0,0.0,0.0,0.0,0.0,0.0
4.65,-0.004680851,0.0,0.0,0.0,0.0,0.0,0.0,0.0,0.0,0.0,0.0
4.666666666666667,-0.004680851,0.0,0.0,0.0,0.0,0.0,0.0,0.0,0.0,0.0,0.0
4.683333333333334,-0.004680851,0.0,0.0,0.0,0.0,0.0,0.0,0.0,0.0,0.0,0.0
4.7,-0.004680851,0.0,0.0,0.0,0.0,0.0,0.0,0.0,0.0,0.0,0.0
4.716666666666667,-0.004680851,0.0,0.0,0.0,0.0,0.0,0.0,0.0,0.0,0.0,0.0
4.733333333333333,-0.004680851,0.0,0.0,0.0,0.0,0.0,0.0,0.0,0.0,0.0,0.0
4.75,-0.004680851,0.0,0.0,0.0,0.0,0.0,0.0,0.0,0.0,0.0,0.0
4.766666666666667,-0.004680851,0.0,0.0,0.0,0.0,0.0,0.0,0.0,0.0,0.0,0.0
4.783333333333333,-0.009361702,0.0,0.0,0.0,0.0,0.0,0.0,0.0,0.0,0.0,0.0
4.8,-0.004680851,0.0,0.0,0.0,0.0,0.0,0.0,0.0,0.0,0.0,0.0
4.816666666666666,-0.009361702,0.0,0.0,0.0,0.0,0.0,0.0,0.0,0.0,0.0,0.0
4.833333333333333,-0.009361702,0.0,0.0,0.0,0.0,0.0,0.0,0.0,0.0,0.0,0.0
4.85,-0.009361702,0.0,0.0,0.0,0.0,0.0,0.0,0.0,0.0,0.0,0.0
4.866666666666666,-0.009361702,0.0,0.0,0.0,0.0,0.0,0.0,0.0,0.0,0.0,0.0
4.883333333333334,-0.009361702,0.0,0.0,0.0,0.0,0.0,0.0,0.0,0.0,0.0,0.0
4.9,-0.009361702,0.0,0.0,0.0,0.0,0.0,0.0,0.0,0.0,0.0,0.0
4.916666666666667,-0.009361702,0.0,0.0,0.0,0.0,0.0,0.0,0.0,0.0,0.0,0.0
4.933333333333334,-0.009361702,0.0,0.0,0.0,0.0,0.0,0.0,0.0,0.0,0.0,0.0
4.95,-0.009361702,0.0,0.0,0.0,0.0,0.0,0.0,0.0,0.0,0.0,0.0
4.966666666666667,-0.009361702,0.0,0.0,0.0,0.0,0.0,0.0,0.0,0.0,0.0,0.0
4.983333333333333,-0.009361702,0.0,0.0,0.0,0.0,0.0,0.0,0.0,0.0,0.0,0.0
5.0,-0.009361702,0.0,0.0,0.0,0.0,0.0,0.0,0.0,0.0,0.0,0.0
5.016666666666667,-0.009361702,0.0,0.0,0.0,0.0,0.0,0.0,0.0,0.0,0.0,0.0
5.033333333333333,-0.009361702,0.0,0.0,0.0,0.0,0.0,0.0,0.0,0.0,0.0,0.0
5.05,-0.009361702,0.0,0.0,0.0,0.0,0.0,0.0,0.0,0.0,0.0,0.0
5.066666666666666,-0.009361702,0.0,0.0,0.0,0.0,0.0,0.0,0.0,0.0,0.0,0.0
5.083333333333333,-0.009361702,0.0,0.0,0.0,0.0,0.0,0.0,0.0,0.0,0.0,0.0
5.1,-0.009361702,0.0,0.0,0.0,0.0,0.0,0.0,0.0,0.0,0.0,0.0
5.116666666666666,-0.009361702,0.0,0.0,0.0,0.0,0.0,0.0,0.0,0.0,0.0,0.0
5.133333333333334,-0.009361702,0.0,0.0,0.0,0.0,0.0,0.0,0.0,0.0,0.0,0.0
5.15,-0.009361702,0.0,0.0,0.0,0.0,0.0,0.0,0.0,0.0,0.0,0.0
5.166666666666667,-0.009361702,0.0,0.0,0.0,0.0,0.0,0.0,0.0,0.0,0.0,0.0
5.183333333333334,-0.009361702,0.0,0.0,0.0,0.0,0.0,0.0,0.0,0.0,0.0,0.0
5.2,-0.009361702,0.0,0.0,0.0,0.0,0.0,0.0,0.0,0.0,0.0,0.0
5.216666666666667,-0.009361702,0.0,0.0,0.0,0.0,0.0,0.0,0.0,0.0,0.0,0.0
5.233333333333333,-0.009361702,0.0,0.0,0.0,0.0,0.0,0.0,0.0,0.0,0.0,0.0
5.25,-0.0140425535,0.0,0.0,0.0,0.0,0.0,0.0,0.0,0.0,0.0,0.0
5.266666666666667,-0.0140425535,0.0,0.0,0.0,0.0,0.0,0.0,0.0,0.0,0.0,0.0
5.283333333333333,-0.009361702,0.0,0.0,0.0,0.0,0.0,0.0,0.0,0.0,0.0,0.0
5.3,-0.009361702,0.0,0.0,0.0,0.0,0.0,0.0,0.0,0.0,0.0,0.0
5.316666666666666,-0.009361702,0.0,0.0,0.0,0.0,0.0,0.0,0.0,0.0,0.0,0.0
5.333333333333333,-0.009361702,0.0,0.0,0.0,0.0,0.0,0.0,0.0,0.0,0.0,0.0
5.35,-0.009361702,0.0,0.0,0.0,0.0,0.0,0.0,0.0,0.0,0.0,0.0
5.366666666666666,-0.009361702,0.0,0.0,0.0,0.0,0.0,0.0,0.0,0.0,0.0,0.0
5.383333333333334,-0.009361702,0.0,0.0,0.0,0.0,0.0,0.0,0.0,0.0,0.0,0.0
5.4,-0.009361702,0.0,0.0,0.0,0.0,0.0,0.0,0.0,0.0,0.0,0.0
5.416666666666667,-0.009361702,0.0,0.0,0.0,0.0,0.0,0.0,0.0,0.0,0.0,0.0
5.433333333333334,-0.009361702,0.0,0.0,0.0,0.0,0.0,0.0,0.0,0.0,0.0,0.0
5.45,-0.009361702,0.0,0.0,0.0,0.0,0.0,0.0,0.0,0.0,0.0,0.0
5.466666666666667,-0.009361702,0.0,0.0,0.0,0.0,0.0,0.0,0.0,0.0,0.0,0.0
5.483333333333333,-0.009361702,0.0,0.0,0.0,0.0,0.0,0.0,0.0,0.0,0.0,0.0
5.5,-0.009361702,0.0,0.0,0.0,0.0,0.0,0.0,0.0,0.0,0.0,0.0
5.516666666666667,-0.009361702,0.0,0.0,0.0,0.0,0.0,0.0,0.0,0.0,0.0,0.0
5.533333333333333,-0.009361702,0.0,0.0,0.0,0.0,0.0,0.0,0.0,0.0,0.0,0.0
5.55,-0.009361702,0.0,0.0,0.0,0.0,0.0,0.0,0.0,0.0,0.0,0.0
5.566666666666666,-0.009361702,0.0,0.0,0.0,0.0,0.0,0.0,0.0,0.0,0.0,0.0
5.583333333333333,-0.009361702,0.0,0.0,0.0,0.0,0.0,0.0,0.0,0.0,0.0,0.0
5.6,-0.009361702,0.0,0.0,0.0,0.0,0.0,0.0,0.0,0.0,0.0,0.0
5.616666666666666,-0.009361702,0.0,0.0,0.0,0.0,0.0,0.0,0.0,0.0,0.0,0.0
5.633333333333334,-0.009361702,0.0,0.0,0.0,0.0,0.0,0.0,0.0,0.0,0.0,0.0
5.65,-0.009361702,0.0,0.0,0.0,0.0,0.0,0.0,0.0,0.0,0.0,0.0
5.666666666666667,-0.009361702,0.0,0.0,0.0,0.0,0.0,0.0,0.0,0.0,0.0,0.0
5.683333333333334,-0.009361702,0.0,0.0,0.0,0.0,0.0,0.0,0.0,0.0,0.0,0.0
5.7,-0.009361702,0.0,0.0,0.0,0.0,0.0,0.0,0.0,0.0,0.0,0.0
5.716666666666667,-0.009361702,0.0,0.0,0.0,0.0,0.0,0.0,0.0,0.0,0.0,0.0
5.733333333333333,-0.009361702,0.0,0.0,0.0,0.0,0.0,0.0,0.0,0.0,0.0,0.0
5.75,-0.009361702,0.0,0.0,0.0,0.0,0.0,0.0,0.0,0.0,0.0,0.0
5.766666666666667,-0.009361702,0.0,0.0,0.0,0.0,0.0,0.0,0.0,0.0,0.0,0.0
5.783333333333333,-0.009361702,0.0,0.0,0.0,0.0,0.0,0.0,0.0,0.0,0.0,0.0
5.8,-0.009361702,0.0,0.0,0.0,0.0,0.0,0.0,0.0,0.0,0.0,0.0
5.816666666666666,-0.009361702,0.0,0.0,0.0,0.0,0.0,0.0,0.0,0.0,0.0,0.0
5.833333333333333,-0.009361702,0.0,0.0,0.0,0.0,0.0,0.0,0.0,0.0,0.0,0.0
5.85,-0.009361702,0.0,0.0,0.0,0.0,0.0,0.0,0.0,0.0,0.0,0.0
5.866666666666666,-0.009361702,0.0,0.0,0.0,0.0,0.0,0.0,0.0,0.0,0.0,0.0
5.883333333333334,-0.009361702,0.0,0.0,0.0,0.0,0.0,0.0,0.0,0.0,0.0,0.0
5.9,-0.009361702,0.0,0.0,0.0,0.0,0.0,0.0,0.0,0.0,0.0,0.0
5.916666666666667,-0.009361702,0.0,0.0,0.0,0.0,0.0,0.0,0.0,0.0,0.0,0.0
5.933333333333334,-0.009361702,0.0,0.0,0.0,0.0,0.0,0.0,0.0,0.0,0.0,0.0
5.95,-0.009361702,0.0,0.0,0.0,0.0,0.0,0.0,0.0,0.0,0.0,0.0
5.966666666666667,-0.009361702,0.0,0.0,0.0,0.0,0.0,0.0,0.0,0.0,0.0,0.0
5.983333333333333,-0.009361702,0.0,0.0,0.0,0.0,0.0,0.0,0.0,0.0,0.0,0.0
6.0,-0.009361702,0.0,0.0,0.0,0.0,0.0,0.0,0.0,0.0,0.0,0.0
6.016666666666667,-0.009361702,0.0,0.0,0.0,0.0,0.0,0.0,0.0,0.0,0.0,0.0
6.033333333333333,-0.009361702,0.0,0.0,0.0,0.0,0.0,0.0,0.0,0.0,0.0,0.0
6.05,-0.009361702,0.0,0.0,0.0,0.0,0.0,0.0,0.0,0.0,0.0,0.0
6.066666666666666,-0.009361702,0.0,0.0,0.0,0.0,0.0,0.0,0.0,0.0,0.0,0.0
6.083333333333333,-0.009361702,0.0,0.0,0.0,0.0,0.0,0.0,0.0,0.0,0.0,0.0
6.1,-0.009361702,0.0,0.0,0.0,0.0,0.0,0.0,0.0,0.0,0.0,0.0
6.116666666666666,-0.009361702,0.0,0.0,0.0,0.0,0.0,0.0,0.0,0.0,0.0,0.0
6.133333333333334,-0.009361702,0.0,0.0,0.0,0.0,0.0,0.0,0.0,0.0,0.0,0.0
6.15,-0.009361702,0.0,0.0,0.0,0.0,0.0,0.0,0.0,0.0,0.0,0.0
6.166666666666667,-0.009361702,0.0,0.0,0.0,0.0,0.0,0.0,0.0,0.0,0.0,0.0
6.183333333333334,-0.009361702,0.0,0.0,0.0,0.0,0.0,0.0,0.0,0.0,0.0,0.0
6.2,-0.004680851,0.0,0.0,0.0,0.0,0.0,0.0,0.0,0.0,0.0,0.0
6.216666666666667,-0.004680851,0.0,0.0,0.0,0.0,0.0,0.0,0.0,0.0,0.0,0.0
6.233333333333333,-0.004680851,0.0,0.0,0.0,0.0,0.0,0.0,0.0,0.0,0.0,0.0
6.25,-0.009361702,0.0,0.0,0.0,0.0,0.0,0.0,0.0,0.0,0.0,0.0
6.266666666666667,-0.004680851,0.0,0.0,0.0,0.0,0.0,0.0,0.0,0.0,0.0,0.0
6.283333333333333,-0.009361702,0.0,0.0,0.0,0.0,0.0,0.0,0.0,0.0,0.0,0.0
6.3,-0.009361702,0.0,0.0,0.0,0.0,0.0,0.0,0.0,0.0,0.0,0.0
6.316666666666666,-0.004680851,0.0,0.0,0.0,0.0,0.0,0.0,0.0,0.0,0.0,0.0
6.333333333333333,-0.004680851,0.0,0.0,0.0,0.0,0.0,0.0,0.0,0.0,0.0,0.0
6.35,-0.004680851,0.0,0.0,0.0,0.0,0.0,0.0,0.0,0.0,0.0,0.0
6.366666666666666,-0.004680851,0.0,0.0,0.0,0.0,0.0,0.0,0.0,0.0,0.0,0.0
6.383333333333334,-0.004680851,0.0,0.0,0.0,0.0,0.0,0.0,0.0,0.0,0.0,0.0
6.4,-0.004680851,0.0,0.0,0.0,0.0,0.0,0.0,0.0,0.0,0.0,0.0
6.416666666666667,-0.004680851,0.0,0.0,0.0,0.0,0.0,0.0,0.0,0.0,0.0,0.0
6.433333333333334,-0.004680851,0.0,0.0,0.0,0.0,0.0,0.0,0.0,0.0,0.0,0.0
6.45,-0.004680851,0.0,0.0,0.0,0.0,0.0,0.0,0.0,0.0,0.0,0.0
6.466666666666667,-0.004680851,0.0,0.0,0.0,0.0,0.0,0.0,0.0,0.0,0.0,0.0
6.483333333333333,-0.004680851,0.0,0.0,0.0,0.0,0.0,0.0,0.0,0.0,0.0,0.0
6.5,-0.004680851,0.0,0.0,0.0,0.0,0.0,0.0,0.0,0.0,0.0,0.0
6.516666666666667,-0.004680851,0.0,0.0,0.0,0.0,0.0,0.0,0.0,0.0,0.0,0.0
6.533333333333333,-0.009361702,0.0,0.0,0.0,0.0,0.0,0.0,0.0,0.0,0.0,0.0
6.55,-0.009361702,0.0,0.0,0.0,0.0,0.0,0.0,0.0,0.0,0.0,0.0
6.566666666666666,-0.004680851,0.0,0.0,0.0,0.0,0.0,0.0,0.0,0.0,0.0,0.0
6.583333333333333,-0.004680851,0.0,0.0,0.0,0.0,0.0,0.0,0.0,0.0,0.0,0.0
6.6,-0.004680851,0.0,0.0,0.0,0.0,0.0,0.0,0.0,0.0,0.0,0.0
6.616666666666666,-0.004680851,0.0,0.0,0.0,0.0,0.0,0.0,0.0,0.0,0.0,0.0
6.633333333333334,-0.004680851,0.0,0.0,0.0,0.0,0.0,0.0,0.0,0.0,0.0,0.0
6.65,-0.004680851,0.0,0.0,0.0,0.0,0.0,0.0,0.0,0.0,0.0,0.0
6.666666666666667,-0.004680851,0.0,0.0,0.0,0.0,0.0,0.0,0.0,0.0,0.0,0.0
6.683333333333334,-0.004680851,0.0,0.0,0.0,0.0,0.0,0.0,0.0,0.0,0.0,0.0
6.7,-0.004680851,0.0,0.0,0.0,0.0,0.0,0.0,0.0,0.0,0.0,0.0
6.716666666666667,-0.004680851,0.0,0.0,0.0,0.0,0.0,0.0,0.0,0.0,0.0,0.0
6.733333333333333,-0.004680851,0.0,0.0,0.0,0.0,0.0,0.0,0.0,0.0,0.0,0.0
6.75,-0.004680851,0.0,0.0,0.0,0.0,0.0,0.0,0.0,0.0,0.0,0.0
6.766666666666667,-0.004680851,0.0,0.0,0.0,0.0,0.0,0.0,0.0,0.0,0.0,0.0
6.783333333333333,-0.004680851,0.0,0.0,0.0,0.0,0.0,0.0,0.0,0.0,0.0,0.0
6.8,0.0,0.10581128712133464,0.10581128712133464,0.0,0.0,0.0,0.0,0.0,0.0,0.0,0.0
6.816666666666666,0.0,0.05425764702446895,0.05425764702446895,0.0,0.0,0.0,0.0,0.0,0.0,0.0,0.0
6.833333333333333,0.0,0.029711834619048916,0.029711834619048916,0.0,0.0,0.0,0.0,0.0,0.0,0.0,0.0
6.85,0.0,0.016655670640967728,0.016655670640967728,0.0,0.0,0.0,0.0,0.0,0.0,0.0,0.0
6.866666666666666,0.004680851,0.009450763995492129,0.009450763995492129,0.0,0.0,0.0,0.0,0.0,0.0,0.0,0.0
6.883333333333334,0.004680851,0.005402652599519695,0.005402652599519695,0.0,0.0,0.0,0.0,0.0,0.0,0.0,0.0
6.9,0.004680851,0.003104109494646291,0.003104109494646291,0.0,0.0,0.0,0.0,0.0,0.0,0.0,0.0
6.916666666666667,0.009361702,0.0017899808029479829,0.0017899808029479829,0.0,0.0,0.0,0.0,0.0,0.0,0.0,0.0
6.933333333333334,0.0140425535,0.0010350361578042196,0.0010350361578042196,0.0,0.0,0.0,0.0,0.0,0.0,0.0,0.0
6.95,0.018723404,0.0005997893256319613,0.0005997893256319613,0.0,0.0,0.0,0.0,0.0,0.0,0.0,0.0
6.966666666666667,0.023404256,0.00034817265597832857,0.00034817265597832857,0.0,0.0,0.0,0.0,0.0,0.0,0.0,0.0
6.983333333333333,0.028085107,0.00020239932292209314,0.00020239932292209314,0.0,0.0,0.0,0.0,0.0,0.0,0.0,0.0
7.0,0.037446808,0.00011779874417525851,0.00011779874417525851,0.0,0.0,0.0,0.0,0.0,0.0,0.0,0.0
7.016666666666667,0.042127658,6.862956019555146e-05,6.862956019555146e-05,0.0,0.0,0.0,0.0,0.0,0.0,0.0,0.0
7.033333333333333,0.03276596,4.0018331800205856e-05,4.0018331800205856e-05,0.0,0.0,0.0,0.0,0.0,0.0,0.0,0.0
7.05,-0.004680851,2.3352554252189984e-05,2.3352554252189984e-05,0.0,0.0,0.0,0.0,0.0,0.0,0.0,0.0
7.066666666666666,-0.10297872,1.363631569521496e-05,1.363631569521496e-05,0.0,0.0,0.0,0.0,0.0,0.0,0.0,0.0
7.083333333333333,-0.31361702,7.96734449904705e-06,7.96734449904705e-06,0.0,0.0,0.0,0.0,0.0,0.0,0.0,0.0
7.1,-0.6974468,4.657535486524071e-06,4.657535486524071e-06,0.0,0.0,0.0,0.0,0.0,0.0,0.0,0.0
7.116666666666666,-1.3106383,2.723963363619813e-06,2.723963363619813e-06,0.0,0.0,0.0,0.0,0.0,0.0,0.0,0.0
7.133333333333334,-2.1906383,1.5937817114961967e-06,1.5937817114961967e-06,0.0,0.0,0.0,0.0,0.0,0.0,0.0,0.0
7.15,-3.3046808,9.328712488470953e-07,9.328712488470953e-07,0.0,0.0,0.0,0.0,0.0,0.0,0.0,0.0
7.166666666666667,-4.5778723,5.462167281311054e-07,5.462167281311054e-07,0.0,0.0,0.0,0.0,0.0,0.0,0.0,0.0
7.183333333333334,-5.8838296,3.1992321201266725e-07,3.1992321201266725e-07,0.0,0.0,0.0,0.0,0.0,0.0,0.0,0.0
7.2,-7.077447,1.8743583496566676e-07,1.8743583496566676e-07,0.0,0.0,0.0,0.0,0.0,0.0,0.0,0.0
7.216666666666667,-8.027659,1.098438178601884e-07,1.098438178601884e-07,0.0,0.0,0.0,0.0,0.0,0.0,0.0,0.0
7.233333333333333,-8.640851,6.43881399451773e-08,6.43881399451773e-08,0.0,0.0,0.0,0.0,0.0,0.0,0.0,0.0
7.25,-8.879575,3.7751614207380885e-08,3.7751614207380885e-08,0.0,0.0,0.0,0.0,0.0,0.0,0.0,0.0
7.266666666666667,-8.753191,2.2138975443457154e-08,2.2138975443457154e-08,0.0,0.0,0.0,0.0,0.0,0.0,0.0,0.0
7.283333333333333,-8.322553,1.298570515007386e-08,1.298570515007386e-08,0.0,0.0,0.0,0.0,0.0,0.0,0.0,0.0
7.3,-7.657872,7.618226699190755e-09,7.618226699190755e-09,0.0,0.0,0.0,0.0,0.0,0.0,0.0,0.0
7.316666666666666,-6.852766,4.4701020385573326e-09,4.4701020385573326e-09,0.0,0.0,0.0,0.0,0.0,0.0,0.0,0.0
7.333333333333333,-5.9868083,2.6233214254856163e-09,2.6233214254856163e-09,0.0,0.0,0.0,0.0,0.0,0.0,0.0,0.0
7.35,-5.120851,1.5397558251542197e-09,1.5397558251542197e-09,0.0,0.0,0.0,0.0,0.0,0.0,0.0,0.0
7.366666666666666,-4.306383,9.038879833808831e-10,9.038879833808831e-10,0.0,0.0,0.0,0.0,0.0,0.0,0.0,0.0
7.383333333333334,-3.5668085,5.306842939078655e-10,5.306842939078655e-10,0.0,0.0,0.0,0.0,0.0,0.0,0.0,0.0
7.4,-2.920851,3.1161149612914234e-10,3.1161149612914234e-10,0.0,0.0,0.0,0.0,0.0,0.0,0.0,0.0
7.416666666666667,-2.3638299,1.8299673294614698e-10,1.8299673294614698e-10,0.0,0.0,0.0,0.0,0.0,0.0,0.0,0.0
7.433333333333334,-1.9004256,1.0747886604507054e-10,1.0747886604507054e-10,0.0,0.0,0.0,0.0,0.0,0.0,0.0,0.0
7.45,-1.5119148,6.313208714154772e-11,6.313208714154772e-11,0.0,0.0,0.0,0.0,0.0,0.0,0.0,0.0
7.466666666666667,-1.1889361,3.708704215769132e-11,3.708704215769132e-11,0.0,0.0,0.0,0.0,0.0,0.0,0.0,0.0
7.483333333333333,-0.9268085,2.1788987311428815e-11,2.1788987311428815e-11,0.0,0.0,0.0,0.0,0.0,0.0,0.0,0.0
7.5,-0.7161702,1.2802437507182288e-11,1.2802437507182288e-11,0.0,0.0,0.0,0.0,0.0,0.0,0.0,0.0
7.516666666666667,-0.5382979,7.522932544320504e-12,7.522932544320504e-12,0.0,0.0,0.0,0.0,0.0,0.0,0.0,0.0
7.533333333333333,-0.39787233,4.420982512463315e-12,4.420982512463315e-12,0.0,0.0,0.0,0.0,0.0,0.0,0.0,0.0
7.55,-0.2855319,2.59827976490518e-12,2.59827976490518e-12,0.0,0.0,0.0,0.0,0.0,0.0,0.0,0.0
7.566666666666666,-0.19191489,1.5271685608122739e-12,1.5271685608122739e-12,0.0,0.0,0.0,0.0,0.0,0.0,0.0,0.0
7.583333333333333,-0.11702128,8.976779357666129e-13,8.976779357666129e-13,0.0,0.0,0.0,0.0,0.0,0.0,0.0,0.0
7.6,-0.056170214,5.276978084394122e-13,5.276978084394122e-13,0.0,0.0,0.0,0.0,0.0,0.0,0.0,0.0
7.616666666666666,-0.009361702,3.102272395012646e-13,3.102272395012646e-13,0.0,0.0,0.0,0.0,0.0,0.0,0.0,0.0
7.633333333333334,0.03276596,1.8239094515219517e-13,1.8239094515219517e-13,0.0,0.0,0.0,0.0,0.0,0.0,0.0,0.0
7.65,0.06553192,1.0723935823430219e-13,1.0723935823430219e-13,0.0,0.0,0.0,0.0,0.0,0.0,0.0,0.0
7.666666666666667,0.09361702,6.305676254119618e-14,6.305676254119618e-14,0.0,0.0,0.0,0.0,0.0,0.0,0.0,0.0
7.683333333333334,0.12170213,3.7079568066882834e-14,3.7079568066882834e-14,0.0,0.0,0.0,0.0,0.0,0.0,0.0,0.0
7.7,0.14042553,2.1805309523226825e-14,2.1805309523226825e-14,0.0,0.0,0.0,0.0,0.0,0.0,0.0,0.0
7.716666666666667,0.15914893,1.2823705829139567e-14,1.2823705829139567e-14,0.0,0.0,0.0,0.0,0.0,0.0,0.0,0.0
7.733333333333333,0.17319149,7.54202029709742e-15,7.54202029709742e-15,0.0,0.0,0.0,0.0,0.0,0.0,0.0,0.0
7.75,0.18723404,4.4359220590148714e-15,4.4359220590148714e-15,0.0,0.0,0.0,0.0,0.0,0.0,0.0,0.0
7.766666666666667,0.19659574,2.6091642491357855e-15,2.6091642491357855e-15,0.0,0.0,0.0,0.0,0.0,0.0,0.0,0.0
7.783333333333333,0.20595744,1.5347566176333825e-15,1.5347566176333825e-15,0.0,0.0,0.0,0.0,0.0,0.0,0.0,0.0
7.8,0.21531914,9.028123884334297e-16,9.028123884334297e-16,0.0,0.0,0.0,0.0,0.0,0.0,0.0,0.0
7.816666666666666,0.22,5.31098108617276e-16,5.31098108617276e-16,0.0,0.0,0.0,0.0,0.0,0.0,0.0,0.0
7.833333333333333,0.2293617,3.1244287890911894e-16,3.1244287890911894e-16,0.0,0.0,0.0,0.0,0.0,0.0,0.0,0.0
7.85,0.23404256,1.8381652376423614e-16,1.8381652376423614e-16,0.0,0.0,0.0,0.0,0.0,0.0,0.0,0.0
7.866666666666666,0.23404256,1.0814736607664042e-16,1.0814736607664042e-16,0.0,0.0,0.0,0.0,0.0,0.0,0.0,0.0
7.883333333333334,0.2387234,6.363034659281238e-17,6.363034659281238e-17,0.0,0.0,0.0,0.0,0.0,0.0,0.0,0.0
7.9,0.24340425,3.7439415806065245e-17,3.7439415806065245e-17,0.0,0.0,0.0,0.0,0.0,0.0,0.0,0.0
7.916666666666667,0.24340425,2.2029760816156578e-17,2.2029760816156578e-17,0.0,0.0,0.0,0.0,0.0,0.0,0.0,0.0
7.933333333333334,0.2480851,1.2963013601038246e-17,1.2963013601038246e-17,0.0,0.0,0.0,0.0,0.0,0.0,0.0,0.0
7.95,0.25276595,7.628114456463574e-18,7.628114456463574e-18,0.0,0.0,0.0,0.0,0.0,0.0,0.0,0.0
7.966666666666667,0.25276595,4.4889319967647025e-18,4.4889319967647025e-18,0.0,0.0,0.0,0.0,0.0,0.0,0.0,0.0
7.983333333333333,0.2574468,0.0006732940600743845,2.641697244270861e-18,0.000673294060074382,0.0,0.0,0.0,0.0,0.0,0.0,0.0
8.0,0.2574468,0.003741495417327023,1.5546651325993216e-18,0.003741495417327021,0.0,0.0,0.0,0.0,0.0,0.0,0.0
8.016666666666667,0.26212767,0.00986207646628854,9.14964186960509e-19,0.009862076466288538,0.0,0.0,0.0,0.0,0.0,0.0,0.0
8.033333333333333,0.2668085,0.019154597301173436,5.384983693219918e-19,0.019154597301173436,0.0,0.0,0.0,0.0,0.0,0.0,0.0
8.05,0.27148935,0.03147097273908105,3.169402545583972e-19,0.03147097273908105,0.0,0.0,0.0,0.0,0.0,0.0,0.0
8.066666666666666,0.28085107,0.046513984913268316,1.8654464717471774e-19,0.046513984913268316,0.0,0.0,0.0,0.0,0.0,0.0,0.0
8.083333333333334,0.2855319,0.06390543087698174,1.0979946895944457e-19,0.06390543087698174,0.0,0.0,0.0,0.0,0.0,0.0,0.0
8.1,0.29021275,0.08322917349318702,6.462929793232044e-20,0.08322917349318702,0.0,0.0,0.0,0.0,0.0,0.0,0.0
8.116666666666667,0.29489362,0.10405943011998768,3.804259122025312e-20,0.10405943011998768,0.0,0.0,0.0,0.0,0.0,0.0,0.0
8.133333333333333,0.29957446,0.12597956269311705,2.239349661864154e-20,0.12597956269311705,0.0,0.0,0.0,0.0,0.0,0.0,0.0
8.15,0.30893618,0.14859442515889051,1.3182100725949062e-20,0.14859442515889051,0.0,0.0,0.0,0.0,0.0,0.0,0.0
8.166666666666666,0.31361702,0.17153820101715836,7.759932947759874e-21,0.17153820101715836,0.0,0.0,0.0,0.0,0.0,0.0,0.0
8.183333333333334,0.3229787,0.1944790268726473,4.568163974381502e-21,0.1944790268726473,0.0,0.0,0.0,0.0,0.0,0.0,0.0
8.2,0.32765958,0.21712130701118562,2.6892769362273786e-21,0.21712130701118562,0.0,0.0,0.0,0.0,0.0,0.0,0.0
8.216666666666667,0.33702126,0.23920636939901038,1.5832126790978097e-21,0.23920636939901038,0.0,0.0,0.0,0.0,0.0,0.0,0.0
8.233333333333333,0.34638298,0.2605119399480784,9.32078844939634e-22,0.2605119399480784,0.0,0.0,0.0,0.0,0.0,0.0,0.0
8.25,0.35106382,0.2808507893928224,5.48751197860711e-22,0.2808507893928224,0.0,0.0,0.0,0.0,0.0,0.0,0.0
8.266666666666667,0.36042553,0.30006881830738724,3.2307811172699284e-22,0.30006881830738724,0.0,0.0,0.0,0.0,0.0,0.0,0.0
8.283333333333333,0.36510637,0.31804278005035247,1.902166848035826e-22,0.31804278005035247,0.0,0.0,0.0,0.0,0.0,0.0,0.0
8.3,0.3744681,0.33467779198571174,1.1199496503315036e-22,0.33467779198571174,0.0,0.0,0.0,0.0,0.0,0.0,0.0
8.316666666666666,0.37914893,0.34990474770691765,6.594122536504273e-23,0.34990474770691765,0.0,0.0,0.0,0.0,0.0,0.0,0.0
8.333333333333334,0.38851064,0.36367771411221805,3.882611758867512e-23,0.36367771411221805,0.0,0.0,0.0,0.0,0.0,0.0,0.0
8.35,0.3931915,0.3759713748809223,2.2861207961480567e-23,0.3759713748809223,0.0,0.0,0.0,0.0,0.0,0.0,0.0
8.366666666666667,0.3931915,0.38677856462262006,1.3461159321010348e-23,0.38677856462262006,0.0,0.0,0.0,0.0,0.0,0.0,0.0
8.383333333333333,0.39787233,0.39610792456712257,7.926357679454481e-24,0.39610792456712257,0.0,0.0,0.0,0.0,0.0,0.0,0.0
8.4,0.4025532,0.40398170027365793,4.667374133041743e-24,0.40398170027365793,0.0,0.0,0.0,0.0,0.0,0.0,0.0
8.416666666666666,0.40723404,0.4104336938109299,2.7483950119509468e-24,0.4104336938109299,0.0,0.0,0.0,0.0,0.0,0.0,0.0
8.433333333333334,0.41191489,0.41550737669353555,1.618427024576766e-24,0.41550737669353555,0.0,0.0,0.0,0.0,0.0,0.0,0.0
8.45,0.41659573,0.4192541651645859,9.530471242604818e-25,0.4192541651645859,0.0,0.0,0.0,0.0,0.0,0.0,0.0
8.466666666666667,0.41659573,0.4217318558834843,5.61232441420532e-25,0.4217318558834843,0.0,0.0,0.0,0.0,0.0,0.0,0.0
8.483333333333333,0.4212766,0.42300321746983666,3.3050509275542876e-25,0.42300321746983666,0.0,0.0,0.0,0.0,0.0,0.0,0.0
8.5,0.4212766,0.4231347314775107,1.946347605520641e-25,0.4231347314775107,0.0,0.0,0.0,0.0,0.0,0.0,0.0
8.516666666666667,0.42595744,0.42219547507346894,1.1462236942040644e-25,0.42219547507346894,0.0,0.0,0.0,0.0,0.0,0.0,0.0
8.533333333333333,0.4212766,0.42025613685143237,6.750329256699898e-26,0.42025613685143237,0.0,0.0,0.0,0.0,0.0,0.0,0.0
8.55,0.4212766,0.4173881567218808,3.975456488839976e-26,0.4173881567218808,0.0,0.0,0.0,0.0,0.0,0.0,0.0
8.566666666666666,0.41659573,0.4136629806080499,2.3412910413801277e-26,0.4136629806080499,0.0,0.0,0.0,0.0,0.0,0.0,0.0
8.583333333333334,0.41191489,0.40915142067839333,1.3788913107095586e-26,0.40915142067839333,0.0,0.0,0.0,0.0,0.0,0.0,0.0
8.6,0.40723404,0.4039231120080759,8.12102380887163e-27,0.4039231120080759,0.0,0.0,0.0,0.0,0.0,0.0,0.0
8.616666666666667,0.39787233,0.39804605684393984,4.782968691560995e-27,0.39804605684393984,0.0,0.0,0.0,0.0,0.0,0.0,0.0
8.633333333333333,0.3931915,0.3915862480159782,2.8170216768311564e-27,0.3915862480159782,0.0,0.0,0.0,0.0,0.0,0.0,0.0
8.65,0.38382977,0.3846073634669673,1.6591613798464147e-27,0.3846073634669673,0.0,0.0,0.0,0.0,0.0,0.0,0.0
8.666666666666666,0.3744681,0.3771705243395759,9.772209268220512e-28,0.3771705243395759,0.0,0.0,0.0,0.0,0.0,0.0,0.0
8.683333333333334,0.36510637,0.36933410955013424,5.755757313526667e-28,0.36933410955013424,0.0,0.0,0.0,0.0,0.0,0.0,0.0
8.7,0.3557447,0.3611536202773613,3.3901403517616e-28,0.3611536202773613,0.0,0.0,0.0,0.0,0.0,0.0,0.0
8.716666666666667,0.34638298,0.3526815882923803,1.9968170508303604e-28,0.3526815882923803,0.0,0.0,0.0,0.0,0.0,0.0,0.0
8.733333333333333,0.34170213,0.3439675225457007,1.1761539609602707e-28,0.3439675225457007,0.0,0.0,0.0,0.0,0.0,0.0,0.0
8.75,0.33234042,0.33505788890149296,6.927799100006349e-29,0.33505788890149296,0.0,0.0,0.0,0.0,0.0,0.0,0.0
8.766666666666667,0.3229787,0.3259961183653366,4.080670392261195e-29,0.3259961183653366,0.0,0.0,0.0,0.0,0.0,0.0,0.0
8.783333333333333,0.31829786,0.31682263958552287,2.4036586108019486e-29,0.31682263958552287,0.0,0.0,0.0,0.0,0.0,0.0,0.0
8.8,0.30893618,0.3075749318180927,1.4158557416881817e-29,0.3075749318180927,0.0,0.0,0.0,0.0,0.0,0.0,0.0
8.816666666666666,0.3042553,0.2982875949308611,8.340077730483263e-30,0.2982875949308611,0.0,0.0,0.0,0.0,0.0,0.0,0.0
8.833333333333334,0.29489362,0.28899243338114483,4.9127649011056065e-30,0.28899243338114483,0.0,0.0,0.0,0.0,0.0,0.0,0.0
8.85,0.2855319,0.2797185514359118,2.8939203807574497e-30,0.2797185514359118,0.0,0.0,0.0,0.0,0.0,0.0,0.0
8.866666666666667,0.27617022,0.27049245721175497,1.704715118604514e-30,0.27049245721175497,0.0,0.0,0.0,0.0,0.0,0.0,0.0
8.883333333333333,0.2668085,0.26133817339636756,1.0042032227039167e-30,0.26133817339636756,0.0,0.0,0.0,0.0,0.0,0.0,0.0
8.9,0.26212767,0.25227735277370605,5.915560495624103e-31,0.25227735277370605,0.0,0.0,0.0,0.0,0.0,0.0,0.0
8.916666666666666,0.25276595,0.2433293969130558,3.4847739371434284e-31,0.2433293969130558,0.0,0.0,0.0,0.0,0.0,0.0,0.0
8.933333333333334,0.2480851,0.23451157659868274,2.0528521489428874e-31,0.23451157659868274,0.0,0.0,0.0,0.0,0.0,0.0,0.0
8.95,0.2387234,0.2258391527731017,1.2093305320177308e-31,0.2258391527731017,0.0,0.0,0.0,0.0,0.0,0.0,0.0
8.966666666666667,0.2387234,0.21836494339881582,7.124207861353866e-32,0.21732549694425263,0.001039446454563194,0.0,0.0,0.0,0.0,0.0,0.0
8.983333333333333,0.23404256,0.2147599530385175,4.1969355612198137e-32,0.20898221016655094,0.005777742871966562,0.0,0.0,0.0,0.0,0.0,0.0
9.0,0.23404256,0.21603956421430412,2.472476153379288e-32,0.20081923984885733,0.015220324365446784,0.0,0.0,0.0,0.0,0.0,0.0
9.016666666666667,0.23404256,0.22237872792908786,1.456585398364136e-32,0.19284499377039568,0.02953373415869219,0.0,0.0,0.0,0.0,0.0,0.0
9.033333333333331,0.2387234,0.23353517553010428,8.581115795268508e-33,0.18506645079945896,0.048468724730645306,0.0,0.0,0.0,0.0,0.0,0.0
9.05,0.2480851,0.24903572314988837,5.055399535479034e-33,0.17748926791074024,0.07154645523914814,0.0,0.0,0.0,0.0,0.0,0.0
9.066666666666666,0.26212767,0.268283399044991,2.978317955870028e-33,0.170117883186292,0.09816551585869897,0.0,0.0,0.0,0.0,0.0,0.0
9.083333333333334,0.28085107,0.29062496175029806,1.7546497268516633e-33,0.16295561456340354,0.12766934718689452,0.0,0.0,0.0,0.0,0.0,0.0
9.1,0.3042553,0.31539507487252383,1.0337453028315738e-33,0.15600475416133897,0.15939032071118486,0.0,0.0,0.0,0.0,0.0,0.0
9.116666666666667,0.33234042,0.3419454577531195,6.090323396227567e-34,0.14926665807843084,0.19267879967468868,0.0,0.0,0.0,0.0,0.0,0.0
9.133333333333333,0.36510637,0.3696638572275104,3.5881516990461914e-34,0.14274183160268938,0.226922025624821,0.0,0.0,0.0,0.0,0.0,0.0
9.15,0.3931915,0.39798591123918786,2.113999217104782e-34,0.13643000982337056,0.2615559014158173,0.0,0.0,0.0,0.0,0.0,0.0
9.166666666666666,0.43063828,0.4264019653249931,1.2454961316152488e-34,0.13033023366881197,0.2960717316561811,0.0,0.0,0.0,0.0,0.0,0.0
9.183333333333334,0.4587234,0.4544602813535417,7.338096674622484e-35,0.12444092142776164,0.3300193599257801,0.0,0.0,0.0,0.0,0.0,0.0
9.2,0.4868085,0.4817676719900744,4.3234248238433313e-35,0.1187599358382205,0.36300773615185394,0.0,0.0,0.0,0.0,0.0,0.0
9.216666666666669,0.5148936,0.5079883172071615,2.547274711693955e-35,0.1132846468498685,0.39470367035729303,0.0,0.0,0.0,0.0,0.0,0.0
9.233333333333333,0.533617,0.5328413233464415,1.5008144398681618e-35,0.10801199018417075,0.4248293331622708,0.0,0.0,0.0,0.0,0.0,0.0
9.25,0.5476596,0.5560974432237414,8.842631209239071e-36,0.10293852183052743,0.453158921393214,0.0,0.0,0.0,0.0,0.0,0.0
9.266666666666667,0.56170213,0.5775752706960843,5.2100186639681434e-36,0.09806046862802681,0.47951480206805747,0.0,0.0,0.0,0.0,0.0,0.0
9.283333333333331,0.5710638,0.5971371441825222,3.069730541240857e-36,0.09337377509059203,0.5037633690919301,0.0,0.0,0.0,0.0,0.0,0.0
9.3,0.5757447,0.6146849336760181,1.8086910851364068e-36,0.08887414663921916,0.5258107870367988,0.0,0.0,0.0,0.0,0.0,0.0
9.316666666666666,0.5757447,0.6301558398769719,1.0656919026239638e-36,0.08455708940871984,0.545598750468252,0.0,0.0,0.0,0.0,0.0,0.0
9.333333333333334,0.5804255,0.643518298745913,6.2791667708451695e-37,0.08041794679822724,0.5631003519476858,0.0,0.0,0.0,0.0,0.0,0.0
9.35,0.5851064,0.6547680575035462,3.6997758514560986e-37,0.07645193293509223,0.5783161245684539,0.0,0.0,0.0,0.0,0.0,0.0
9.366666666666667,0.58978724,0.6639244670528321,2.1799765065063847e-37,0.07265416322070514,0.591270303832127,0.0,0.0,0.0,0.0,0.0,0.0
9.383333333333333,0.59446806,0.6710270195739501,1.2844913341960268e-37,0.06901968212465245,0.6020073374492976,0.0,0.0,0.0,0.0,0.0,0.0
9.4,0.5991489,0.6761321475963914,7.568563719982882e-38,0.06554348839047264,0.6105886592059188,0.0,0.0,0.0,0.0,0.0,0.0
9.416666666666666,0.6038298,0.6793102913724933,4.459628219645577e-38,0.06222055781241158,0.6170897335600818,0.0,0.0,0.0,0.0,0.0,0.0
9.433333333333334,0.6085106,0.6806432342340917,2.6277660177468927e-38,0.05904586373802326,0.6215973704960684,0.0,0.0,0.0,0.0,0.0,0.0
9.45,0.61787236,0.6802217003150358,1.54837997897743e-38,0.05601439544645873,0.6242073048685771,0.0,0.0,0.0,0.0,0.0,0.0
9.466666666666669,0.62255317,0.6781432051779147,9.123703957241331e-39,0.05312117454684058,0.6250220306310741,0.0,0.0,0.0,0.0,0.0,0.0
9.483333333333333,0.62723404,0.6745101471845014,5.376102881574644e-39,0.05036126953543781,0.6241488776490636,0.0,0.0,0.0,0.0,0.0,0.0
9.5,0.62723404,0.6694281256501398,3.167865043998611e-39,0.04772980864441009,0.6216983170057296,0.0,0.0,0.0,0.0,0.0,0.0
9.516666666666667,0.62723404,0.6630044707258987,1.8666738922336364e-39,0.045221991108886694,0.617782479617012,0.0,0.0,0.0,0.0,0.0,0.0
9.533333333333331,0.62255317,0.6553469694012428,1.0999498467278324e-39,0.0428330969730019,0.612513872428241,0.0,0.0,0.0,0.0,0.0,0.0
9.55,0.61787236,0.6465627718880297,6.481565737958053e-40,0.04055849554941927,0.6060042763386104,0.0,0.0,0.0,0.0,0.0,0.0
9.566666666666666,0.6085106,0.6367574628325803,3.81935090876184e-40,0.03839365264080116,0.5983638101917791,0.0,0.0,0.0,0.0,0.0,0.0
9.583333333333334,0.59446806,0.6260342822251475,2.250617789192078e-40,0.0363341366256627,0.5897001455994848,0.0,0.0,0.0,0.0,0.0,0.0
9.6,0.5804255,0.6144934814707964,1.326222698137549e-40,0.034375623505195775,0.5801178579656007,0.0,0.0,0.0,0.0,0.0,0.0
9.616666666666667,0.56638294,0.6022318008004178,7.815084167030042e-41,0.0325139010018753,0.5697178997985425,0.0,0.0,0.0,0.0,0.0,0.0
9.633333333333333,0.55234045,0.5893420549947505,4.605251231084115e-41,0.030744871795095923,0.5585971831996546,0.0,0.0,0.0,0.0,0.0,0.0
9.65,0.5382979,0.575912815235175,2.713784956982547e-41,0.029064555973667444,0.5468482592615076,0.0,0.0,0.0,0.0,0.0,0.0
9.666666666666666,0.52893615,0.5620281757576996,1.5991895444277052e-41,0.027469092779797366,0.5345590829779022,0.0,0.0,0.0,0.0,0.0,0.0
9.683333333333334,0.52425534,0.5477675948510542,9.423816745760042e-42,0.025954741714165955,0.5218128531368882,0.0,0.0,0.0,0.0,0.0,0.0
9.7,0.52425534,0.5332058005915526,5.553363164636992e-42,0.02451788306691107,0.5086879175246416,0.0,0.0,0.0,0.0,0.0,0.0
9.716666666666669,0.52893615,0.5184127525347778,3.2725601961064446e-42,0.023155017934741513,0.4952577346000363,0.0,0.0,0.0,0.0,0.0,0.0
9.733333333333333,0.5382979,0.5034536513793895,1.9285082959989118e-42,0.021862767780040183,0.4815908835993493,0.0,0.0,0.0,0.0,0.0,0.0
9.75,0.55234045,0.4883889893752652,1.1364691531165042e-42,0.020637873583649144,0.46775111579161605,0.0,0.0,0.0,0.0,0.0,0.0
9.766666666666667,0.5710638,0.47327463496349037,6.697242750471332e-43,0.01947719463911004,0.45379744032438035,0.0,0.0,0.0,0.0,0.0,0.0
9.783333333333331,0.58978724,0.4581619458064677,3.94672304851412e-43,0.018377707032387124,0.43978423877408057,0.0,0.0,0.0,0.0,0.0,0.0
9.8,0.6131915,0.44309790499227253,2.3258379955217793e-43,0.0173365018475966,0.4257614031446759,0.0,0.0,0.0,0.0,0.0,0.0
9.816666666666666,0.6319149,0.42812527577776976,1.3706432881550505e-43,0.016350783135950158,0.4117744926418196,0.0,0.0,0.0,0.0,0.0,0.0
9.833333333333334,0.65531915,0.41328277078081593,8.077399744508036e-44,0.015417865681996126,0.39786490508862593,1.0193887760705439e-11,0.0,0.0,0.0,0.0,0.0
9.85,0.6740425,0.3986058944325483,4.760152159392343e-44,0.014535172598331718,0.3840700593443962,6.624898203867311e-07,0.0,0.0,0.0,0.0,0.0
9.866666666666667,0.6974468,0.38418299232084724,2.8052540464717173e-44,0.013700232777208141,0.37042358554061505,5.917400302403086e-05,0.0,0.0,0.0,0.0,0.0
9.883333333333333,0.72553194,0.37079812964338993,1.6532009276097394e-44,0.012910678224898487,0.3569555203615743,0.0009319310569171379,0.0,0.0,0.0,0.0,0.0
9.9,0.7723404,0.36231833832074384,9.742740637798356e-45,0.012164241302302113,0.34369250497176435,0.006461592046677425,0.0,0.0,0.0,0.0,0.0
9.916666666666666,0.847234,0.3698387164429497,5.741675957234775e-45,0.01145875189303719,0.33065798353128023,0.027721981018632248,0.0,0.0,0.0,0.0,0.0
9.933333333333334,0.96425533,0.4154187212888836,3.383749701516363e-45,0.010792134518196654,0.3178724005458843,0.0867541862248026,0.0,0.0,0.0,0.0,0.0
9.95,1.1468085,0.5326734606352304,1.9941589667933745e-45,0.010162405415024615,0.3053533955726527,0.2171576596475531,0.0,0.0,0.0,0.0,0.0
9.966666666666669,1.4182979,0.7629229468110322,1.1752311476408907e-45,0.009567669594982384,0.2931159940472627,0.46023928316878715,0.0,0.0,0.0,0.0,0.0
9.983333333333333,1.8068085,1.1476882315574177,6.926100077341363e-46,0.009006117895028937,0.2811727932175267,0.8575093204448622,0.0,0.0,0.0,0.0,0.0
10.0,2.3263829,1.7197628421074138,4.081841748137756e-46,0.008476024034410163,0.26953414236146284,1.4417526757115409,0.0,0.0,0.0,0.0,0.0
10.016666666666667,2.9957447,2.495398370764608,2.4056114121996744e-46,0.00797574168785439,0.25820831663960786,2.2292143124371457,0.0,0.0,0.0,0.0,0.0
10.033333333333331,3.8195744,3.4695225343997076,1.417740282757597e-46,0.007503701584769688,0.24720168408173954,3.2148171487331982,0.0,0.0,0.0,0.0,0.0
10.05,4.788511,4.614842839115103,8.355448285838432e-47,0.007058408642855877,0.23651886534017097,4.371265565132076,0.0,0.0,0.0,0.0,0.0
10.066666666666666,5.8838296,5.884639407648584,4.924302062017991e-47,0.006638439143453546,0.2261628859566074,5.651838082548523,0.0,0.0,0.0,0.0,0.0
10.083333333333334,7.072766,7.218302791111593,2.9021606498790927e-47,0.0062424379549510765,0.216135320988931,6.995925032167711,0.0,0.0,0.0,0.0,0.0
10.1,8.299149,8.548322841133073,1.7104092215235217e-47,0.005869115809665647,0.20643643192998423,8.336017293393423,0.0,0.0,0.0,0.0,0.0
10.116666666666667,9.502128,9.807440734630951,1.0080461311948491e-47,0.005517246638777766,0.19706529592339972,9.604858192068773,0.0,0.0,0.0,0.0,0.0
10.133333333333333,10.61617,10.934925617686682,5.941041209381735e-48,0.005185664969148081,0.18801992734354378,10.74172002537399,0.0,0.0,0.0,0.0,0.0
10.15,11.585106,11.881303774734382,3.5014383539081356e-48,0.0048732633851563305,0.17929739185852606,11.6971331194907,0.0,0.0,0.0,0.0,0.0
10.166666666666666,12.362127,12.611246262047924,2.063631502736999e-48,0.004578990058084623,0.17089391313836297,12.435773358851476,0.0,0.0,0.0,0.0,0.0
10.183333333333334,12.914468,13.10464046133245,1.2162407240443208e-48,0.004301846345004663,0.16280497240552244,12.937533642581922,0.0,0.0,0.0,0.0,0.0
10.2,13.223404,13.356097624182118,7.168175729706312e-49,0.0040408844586264855,0.1550254010533985,13.197031338670092,0.0,0.0,0.0,0.0,0.0
10.216666666666669,13.288936,13.373276203289477,4.224734683812569e-49,0.003795205209111473,0.14754946658032525,13.22193153150004,0.0,0.0,0.0,0.0,0.0
10.233333333333333,13.120425,13.174442104023107,2.489957384291448e-49,0.003563955818449856,0.14037095210358966,13.030507196101068,0.0,0.0,0.0,0.0,0.0
10.25,12.745957,12.785663651345157,1.4675268286122505e-49,0.0033463278076391644,0.13348322972991464,12.648834093807602,0.0,0.0,0.0,0.0,0.0
10.266666666666667,12.188936,12.237974860736568,8.649317315805045e-50,0.0031415549565832444,0.12687932806703434,12.10795397771295,0.0,0.0,0.0,0.0,0.0
10.283333333333331,11.49617,11.564756873873066,5.097758302572932e-50,0.0029489113363447093,0.12055199416542195,11.4412559683713,0.0,0.0,0.0,0.0,0.0
10.3,10.6957445,10.799500752742711,3.0045419018304717e-50,0.0027677094131371253,0.11449375018085493,10.682239293148719,0.0,0.0,0.0,0.0,0.0
10.316666666666666,9.8391485,9.974036420362582,1.7708382269114184e-50,0.002597298223225202,0.10869694504748538,9.86274217709187,0.0,0.0,0.0,0.0,0.0
10.333333333333334,8.959148,9.11724865972115,1.0437130065934423e-50,0.002437061617710564,0.10315380144788176,9.011657796655559,0.0,0.0,0.0,0.0,0.0
10.35,8.0885105,8.254254062713954,6.151554438562916e-51,0.002286416576020264,0.09785645836163538,8.154111187776298,0.0,0.0,0.0,0.0,0.0
10.366666666666667,7.2412767,7.405982202819426,3.625686103561098e-51,0.0021448115867735407,0.0927970094676124,7.31104038176504,0.0,0.0,0.0,0.0,0.0
10.383333333333333,6.4502125,6.5890879341949224,2.1369633418953647e-51,0.00201172509458667,0.0879675376673558,6.49910867143298,0.0,0.0,0.0,0.0,0.0
10.4,5.710638,5.816116624471357,1.2595211598275506e-51,0.00188666401127636,0.08336014598849452,5.730869814471586,0.0,0.0,0.0,0.0,0.0
10.416666666666666,5.0459576,5.095847165998007,7.423613884122391e-52,0.0017691622898430876,0.07896698511771828,5.015111018590446,0.0,0.0,0.0,0.0,0.0
10.433333333333334,4.4468083,4.433745883255249,4.375490854004386e-52,0.001658779559550574,0.07478027780293584,4.357306825892763,0.0,0.0,0.0,0.0,0.0
10.45,3.9178722,3.8324755382626785,2.578930684301303e-52,0.0015550998203687548,0.0707923403539802,3.7601280980883294,0.0,0.0,0.0,0.0,0.0
10.466666666666669,3.4497871,3.2924156654074497,1.5200365437614362e-52,0.001457730195009935,0.06699560146064247,3.223962333751797,0.0,0.0,0.0,0.0,0.0
10.483333333333333,3.0425532,2.8121621256135527,8.959212674185906e-53,0.0013662997367634435,0.06338261853617513,2.7474132073406143,0.0,0.0,0.0,0.0,0.0
10.5,2.6914892,2.388984223548956,5.280646638628013e-53,0.001280458291318292,0.05994609178365949,2.3277576734739784,0.0,0.0,0.0,0.0,0.0
10.516666666666667,2.387234,2.0192265376684757,3.1124744809501254e-53,0.0011998754107588581,0.056678876172038775,1.9613477860856783,0.0,0.0,0.0,0.0,0.0
10.533333333333331,2.1251063,1.698649620907671,1.8345346125035976e-53,0.0011242393179198289,0.053573991498056896,1.6439513900916942,0.0,0.0,0.0,0.0,0.0
10.55,1.9004256,1.4227089912913773,1.0813030466929197e-53,0.001053255919297192,0.0506246307000647,1.3710311046720154,0.0,0.0,0.0,0.0,0.0
10.566666666666666,1.7038298,1.1867755233025143,6.373387682274945e-54,0.0009866478647278826,0.04782416657958399,1.1379647088582026,0.0,0.0,0.0,0.0,0.0
10.583333333333334,1.54,0.9863027144569153,3.7565971773345016e-54,0.0009241536520715011,0.045166157076714154,0.9402124037281296,0.0,0.0,0.0,0.0,0.0
10.6,1.3948936,0.8169476003457288,2.2142175468899563e-54,0.0008655267751547165,0.04264434923604545,0.7734377243345286,0.0,0.0,0.0,0.0,0.0
10.616666666666667,1.2685106,0.6746525803699175,1.3051105652366003e-54,0.0008105349132682526,0.04025268199059117,0.6335893634660581,0.0,0.0,0.0,0.0,0.0
10.633333333333333,1.160851,0.5556953243115336,7.692644592644652e-55,0.0007589591605408521,0.0379852878825226,0.5169510772684701,0.0,0.0,0.0,0.0,0.0
10.65,1.067234,0.4567134503691552,4.5342489849774e-55,0.0007105932935506959,0.03583649383109541,0.4201663632445091,0.0,0.0,0.0,0.0,0.0
10.666666666666666,0.9876596,0.37470995405480007,2.6726148859682067e-55,0.0006652430755742884,0.03380082105017685,0.3402438899290489,0.0,0.0,0.0,0.0,0.0
10.683333333333334,0.9127659,0.30704454366308465,1.5753197304137602e-55,0.000622725595913462,0.031872984210161645,0.2745488338570095,0.0,0.0,0.0,0.0,0.0
10.7,0.8519149,0.2514151885764709,9.285436867949359e-56,0.0005828686427841123,0.030047889931856846,0.22078443000182993,0.0,0.0,0.0,0.0,0.0
10.716666666666669,0.8004255,0.20583337065896534,5.473148846650533e-56,0.0005455101082937542,0.02832063469306771,0.17696722585760388,0.0,0.0,0.0,0.0,0.0
10.733333333333333,0.753617,0.1685957835041044,3.226067534978672e-56,0.0005104974240799718,0.026686502222173943,0.14139878385785049,0.0,0.0,0.0,0.0,0.0
10.75,0.7114894,0.13825456943904343,1.9015638699296016e-56,0.0004776870262267342,0.025140960446880994,0.1126359219659357,0.0,0.0,0.0,0.0,0.0
10.766666666666667,0.6740425,0.11358762760696445,1.1208555221704067e-56,0.0004469438481215663,0.023679658060631315,0.08946102569821157,0.0,0.0,0.0,0.0,0.0
10.783333333333331,0.6459574,0.09357006719329897,6.60677627129079e-57,0.0004181408399617551,0.02229842076376486,0.07085350558957235,0.0,0.0,0.0,0.0,0.0
10.8,0.61787236,0.07734751141748859,3.8943125144075997e-57,0.00039115851366365616,0.020993247231502588,0.05596310567232235,0.0,0.0,0.0,0.0,0.0
10.816666666666666,0.59446806,0.06421167057183744,2.2954784786320026e-57,0.00036588451197438755,0.019760304856119706,0.04408548120374335,0.0,0.0,0.0,0.0,0.0
10.833333333333334,0.5757447,0.053578384981230506,1.3530594087366516e-57,0.00034221320062977696,0.018595925306275372,0.034640246474325356,0.0,0.0,0.0,0.0,0.0
10.85,0.55702126,0.04496817985787914,7.97556962809859e-58,0.00032004528244704457,0.017496599942393574,0.027151534633038526,0.0,0.0,0.0,0.0,0.0
10.866666666666667,0.5429787,0.037989262749195604,4.701189433483873e-58,0.0002992874322838839,0.0164589751231729,0.02123100019373882,0.0,0.0,0.0,0.0,0.0
10.883333333333333,0.52893615,0.0323228207561214,2.7711177318332586e-58,0.0002798519518386288,0.015479847434785714,0.016563121369497055,0.0,0.0,0.0,0.0,0.0
10.9,0.5148936,0.027710430317204583,1.6334407245829058e-58,0.00026165644330784944,0.01455615887105133,0.012892615002845402,0.0,0.0,0.0,0.0,0.0
10.916666666666666,0.5055319,0.023943369820969625,9.628373906778803e-59,0.00024462350095880397,0.013684991989851767,0.010013754330159054,0.0,0.0,0.0,0.0,0.0
10.933333333333334,0.50085104,0.020853618625124262,5.675494044885612e-59,0.00022868041971393465,0.012863565068262701,0.0077613731371476286,0.0,0.0,0.0,0.0,0.0
10.95,0.49148935,0.018306330411698133,3.3454577154439265e-59,0.00021375891988357655,0.012089227276307108,0.006003344215507448,0.0,0.0,0.0,0.0,0.0
10.966666666666669,0.4868085,0.01619358042447864,1.9720074722437843e-59,0.00019979488722068637,0.011359453886869418,0.004634331650388535,0.0,0.0,0.0,0.0,0.0
10.983333333333333,0.4868085,0.014429202145458488,1.1624189915077572e-59,0.0001867281275081593,0.010671841537143985,0.003570632480806344,0.0,0.0,0.0,0.0,0.0
11.0,0.4868085,0.012944548818077254,6.852009522839542e-60,0.00017450213492466632,0.010024103554995313,0.0027459415489919647,1.5791653090035162e-09,0.0,0.0,0.0,0.0
11.016666666666667,0.4868085,0.011687394118147081,4.0390044395513633e-60,0.0001630638734694661,0.009414065361799171,0.0021078923597161727,2.3725231622692537e-06,0.0,0.0,0.0,0.0
11.033333333333331,0.4961702,0.010704735652330113,2.380848747454473e-60,0.00015236357075966236,0.00883965996166486,0.0016152454517445467,9.746666816104423e-05,0.0,0.0,0.0,0.0
11.05,0.51957446,0.010784926367224605,1.4034287718556992e-60,0.00014235452354554082,0.008298923525435252,0.0012356134527456413,0.0011080348654981696,0.0,0.0,0.0,0.0
11.066666666666666,0.55702126,0.015332174453822227,8.272752494513504e-61,0.00013299291432049235,0.007789991076487543,0.0009436282343411772,0.006465562228673014,0.0,0.0,0.0,0.0
11.083333333333334,0.62255317,0.033206441350511776,4.876528468365875e-61,0.00012423763843168563,0.007311092284110013,0.0007194701961788619,0.025051641231791214,0.0,0.0,0.0,0.0
11.1,0.72085106,0.08108932888806314,2.8745678597120832e-61,0.00011605014112640896,0.006860547369112465,0.0005476926210566618,0.0735650387567676,0.0,0.0,0.0,0.0
11.116666666666667,0.8753191,0.1837891923856983,1.6944760220840227e-61,0.0001083942639963707,0.006436763125307955,0.0004162852889859028,0.17682774970740806,0.0,0.0,0.0,0.0
11.133333333333333,1.1,0.37176773267345403,9.988478574624134e-62,0.00010123610030875943,0.006038229059596571,0.00031593121117008585,0.36531233630237864,0.0,0.0,0.0,0.0
11.15,1.413617,0.6763337055144022,5.887952551302341e-62,9.454385873812586e-05,0.005663513652562008,0.00023941857647375692,0.6703362294266283,0.0,0.0,0.0,0.0
11.166666666666666,1.8302127,1.1237726662589125,3.4708056612544408e-62,8.828773503749629e-05,0.005311260740765066,0.00018117694240631828,1.1181919408407035,0.0,0.0,0.0,0.0
11.183333333333334,2.3685107,1.7299159336494445,2.0459608606984943e-62,8.243979121033763e-05,0.004980186021265887,0.00013691250423064714,1.7247163953327376,0.0,0.0,0.0,0.0
11.2,3.0331914,2.496374464579897,1.206050148354175e-62,7.697384176730737e-05,0.004669073678334324,0.00010332208999943183,2.4915250949697962,0.0,0.0,0.0,0.0
11.216666666666669,3.8195744,3.4091047942567765,7.109424141313411e-63,7.186534667297058e-05,0.004376773131797412,7.786949726022141e-05,3.404578286281046,0.0,0.0,0.0,0.0
11.233333333333333,4.718298,4.439372185579798,4.19087288474241e-63,6.709131060806288e-05,0.0041021959060301635,5.861103752947535e-05,4.43514428732563,0.0,0.0,0.0,0.0
11.25,5.7012763,5.546696764660933,2.4704470498080543e-63,6.263018819226643e-05,0.0038443126182037346,4.405980218299148e-05,5.542745762052354,0.0,0.0,0.0,0.0
11.266666666666667,6.731064,6.683087527603649,1.4562891105892722e-63,5.846179483108074e-05,0.0036021500840721513,3.3080308731560026e-05,6.679393835416015,0.0,0.0,0.0,0.0
11.283333333333331,7.7702127,7.797788408929429,8.584611335579387e-64,5.456722286800782e-05,0.003374788539284888,2.4806916434045935e-05,7.794334246250842,0.0,0.0,0.0,0.0
11.3,8.767234,8.84183668556418,5.0605142103313095e-64,5.092876274018395e-05,0.003161358973968611,1.858078899220846e-05,8.838605817038479,0.0,0.0,0.0,0.0
11.316666666666666,9.68,9.771905905632215,2.9831124780549936e-64,4.752982885166869e-05,0.0029610405781129493,1.3901292281756879e-05,9.768883433932968,0.0,0.0,0.0,0.0
11.333333333333334,10.471064,10.553114643781088,1.7585129476006185e-64,4.435488989387731e-05,0.002773058295120846,1.038859908835088e-05,10.550286841996984,0.0,0.0,0.0,0.0
11.35,11.102979,11.160683294591594,1.0366268809793103e-64,4.1389403357265956e-05,0.0025966804807461457,7.754974111748906e-06,11.15803746973338,0.0,0.0,0.0,0.0
11.366666666666667,11.557021,11.580485268544798,6.110831521099758e-65,3.861975399219853e-05,0.0024312166645261177,5.782766896329489e-06,11.578009649359384,0.0,0.0,0.0,0.0
11.383333333333333,11.82383,11.808653452610907,3.6022935011710422e-65,3.6033195990138546e-05,0.002276015410732422,4.307577162101107e-06,11.806337096427022,0.0,0.0,0.0,0.0
11.4,11.894042,11.850466771588982,2.1235320149484955e-65,3.36177986688153e-05,0.0021304622757992346,3.2054001032528176e-06,11.84829948611441,0.0,0.0,0.0,0.0
11.416666666666666,11.777021,11.718761997446533,1.2518130030174924e-65,3.136239545693793e-05,0.001993977859145879,2.382827896515456e-06,11.716734274364034,0.0,0.0,0.0,0.0
11.433333333333334,11.49617,11.432103295807156,7.379399532744766e-66,2.92565359853115e-05,0.0018660159442857665,1.7695934627005953e-06,11.430206253733422,0.0,0.0,0.0,0.0
11.45,11.070212,11.01290791964216,4.350142707062205e-66,2.729044110195809e-05,0.0017460617271065767,1.3129059087693598e-06,11.011133254568042,0.0,0.0,0.0,0.0
11.466666666666669,10.527234,10.485681416832712,2.5644066330343644e-66,2.5454960639005914e-05,0.0016336301282117976,9.73153984653775e-07,10.484021358589876,0.0,0.0,0.0,0.0
11.483333333333333,9.890638,9.875468046640114,1.5117193766821316e-66,2.3741533768779368e-05,0.0015282641862337228,7.206522184742228e-07,9.873915320267892,0.0,0.0,0.0,0.0
11.5,9.197872,9.2065776854834,8.911613905393568e-67,2.2142151795656427e-05,0.0014295335290566244,5.331804000532884e-07,9.205125476622147,0.0,0.0,0.0,0.0
11.516666666666667,8.46766,8.501612912046465,5.2534237536834784e-67,2.0649323238954186e-05,0.0013370329199297712,3.9412569978486577e-07,8.500254835677596,0.0,0.0,0.0,0.0
11.533333333333331,7.7327657,7.7807908343818495,3.096915718799785e-67,1.9256041070298102e-05,0.0012503808754961668,2.910818173894882e-07,7.779520906383466,0.0,0.0,0.0,0.0
11.55,7.0119147,7.061533756882024,1.8256487121359167e-67,1.7955751976723643e-05,0.0011692183528185121,2.147941934349219e-07,7.060346367983035,0.0,0.0,0.0,0.0
11.566666666666666,6.314468,6.35829022661827,1.0762320311794681e-67,1.6742327528125938e-05,0.0010932075025445087,1.5836686161692782e-07,6.3571801184213355,0.0,0.0,0.0,0.0
11.583333333333334,5.6591487,5.682542052440893,6.344471861048084e-68,1.561003713463021e-05,0.0010220304854184636,1.1666682292288587e-07,5.681504295251517,0.0,0.0,0.0,0.0
11.6,5.050638,5.042952049254653,3.740123088518359e-68,1.4553522686068316e-05,0.0009553883494169948,8.587732245972834e-08,5.041982021505228,0.0,0.0,0.0,0.0
11.616666666666667,4.502979,4.445610032857302,2.2048404432307594e-68,1.3567774771967213e-05,0.0008929999648585084,6.316322082569669e-08,4.444703401954451,0.0,0.0,0.0,0.0
11.633333333333333,4.0114894,3.894339645762479,1.2997783048586002e-68,1.264811038636326e-05,0.0008346010149124578,4.642063641211775e-08,3.893492350216544,0.0,0.0,0.0,0.0
11.65,3.5714893,3.391034832782845,7.662354501312807e-69,1.179015202732074e-05,0.0007799430390112522,3.408985776254695e-08,3.3902430655019486,0.0,0.0,0.0,0.0
11.666666666666666,3.1876595,2.9360013644469256,4.5170617995427524e-69,1.0989808106307086e-05,0.0007287925267469618,2.5015697708771934e-08,2.9352615570963745,0.0,0.0,0.0,0.0
11.683333333333334,2.8506382,2.5282851295427533,2.6628742151467307e-69,1.0243254587543836e-05,0.0006809300599141292,1.834337629917261e-08,2.5275939378848755,0.0,0.0,0.0,0.0
11.7,2.5557446,2.1659746027625357,1.5698064000358763e-69,9.54691778215745e-06,0.0006361495004404597,1.3440978565651122e-08,2.1653288929033345,0.0,0.0,0.0,0.0
11.716666666666669,2.298298,1.8464697314844116,9.254274037972847e-70,8.897458226382982e-06,0.0005942572220267614,9.841766145853635e-09,1.8458665669623924,0.0,0.0,0.0,0.0
11.733333333333333,2.073617,1.5667134016627495,5.4555611483783336e-70,8.291755577265406e-06,0.0005550713833975638,7.201304391538538e-09,1.5661500313224703,4.9586828370185476e-17,0.0,0.0,0.0
11.75,1.8817021,1.323384663590279,3.2161574841330455e-70,7.726894463247302e-06,0.0005184212411423533,5.26563270648775e-09,1.3228585013476386,8.84140198675111e-09,0.0,0.0,0.0
11.766666666666667,1.7131915,1.1130569132168862,1.8959897540490803e-70,7.200151230765776e-06,0.00048414650020598847,3.847657259069597e-09,1.1125636636028757,1.8991149165457351e-06,0.0,0.0,0.0
11.783333333333331,1.5634042,0.9323543714455257,1.1177262776612667e-70,6.708981531488406e-06,0.0004520967001632036,2.809659177840989e-09,0.9318519442670131,4.361868715870376e-05,0.0,0.0,0.0
11.8,1.4417021,0.7782255337256587,6.589246079030999e-71,6.251008698136754e-06,0.00042213063548800575,2.050346425383068e-09,0.777416437013636,0.0003807130174901267,0.0,0.0,0.0
11.816666666666666,1.3340425,0.6484529464108354,3.884514773041078e-71,5.8240128599702345e-06,0.0003941158081027828,1.4952780654078807e-09,0.6461226332188645,0.0019303718757300709,0.0,0.0,0.0
11.833333333333334,1.2451063,0.5423343069794856,2.2900164810961663e-71,5.425920751943109e-06,0.00036792791056402353,1.0897890644538791e-09,0.5350521765338295,0.006908775524551059,0.0,0.0,0.0
11.85,1.1748936,0.4612776956644285,1.3500231419493377e-71,5.054796174328023e-06,0.0003434503383125849,7.93767350939963e-10,0.441528698870307,0.019400490865867245,0.0,0.0,0.0
11.866666666666667,1.1234043,0.409018689398501,7.958744964347336e-72,4.708831062207599e-06,0.0003205737294847669,5.77801607798686e-10,0.36312947013303215,0.04556393612712028,0.0,0.0,0.0
11.883333333333333,1.1,0.3912884943207352,4.691899787268312e-72,4.386337126701274e-06,0.000299195530847566,4.20342503065806e-10,0.2976861769696741,0.0932987350627443,0.0,0.0,0.0
11.9,1.0953192,0.41494862216809425,2.766009240957385e-72,4.085738032109718e-06,0.00027921958848606254,3.056125078144109e-10,0.24327768783907175,0.17138762869689184,0.0,0.0,0.0
11.916666666666666,1.1234043,0.4867676220283291,1.630644464436486e-72,3.8055620753443293e-06,0.000260555761933863,2.2206816985961476e-10,0.19821720024638936,0.2882860602358624,0.0,0.0,0.0
11.933333333333334,1.193617,0.612098959328709,9.613149228015444e-73,3.5444353360607096e-06,0.00024311956049806867,1.6126974006591227e-10,0.1610357267003857,0.4508165684712194,0.0,0.0,0.0
11.95,1.3012766,0.793719616173814,5.667256020939625e-73,3.301075267850928e-06,0.00022683180058904862,1.1705090099805067e-10,0.13046347496245356,0.6630260082184527,0.0,0.0,0.0
11.966666666666669,1.4557446,1.031027437231,3.341032660574072e-73,3.07428470266601e-06,0.0002116182829217474,8.490939871144191e-11,0.10541032427740256,0.9254024203010636,0.0,0.0,0.0
11.983333333333333,1.6523404,1.319702883484723,1.9696512913104942e-73,2.862946242353328e-06,0.00019740948850989064,6.156014539410199e-11,0.0849462958540119,1.2345563151343988,0.0,0.0,0.0
12.0,1.8910638,1.6518463997691686,1.1611777346683555e-73,2.6660170128007623e-06,0.00018414029242678085,4.460772007912718e-11,0.0682826624055015,1.5833769310096197,0.0,0.0,0.0
12.016666666666667,2.1719148,2.0165259290835755,6.845556832242016e-74,2.4825237576956267e-06,0.0001717496943569934,3.230654408785969e-11,0.05475413503445098,1.9615975617987031,0.0,0.0,0.0
12.033333333333331,2.4855318,2.400619932703381,4.035706574644599e-74,2.3115582503267226e-06,0.00016018056501154065,2.3385386484099578e-11,0.04380240159690711,2.356655038959827,0.0,0.0,0.0
12.05,2.8178723,2.7898208102247573,2.3792008213413657e-74,2.152273003197119e-06,0.00014937940752566878,1.691903470212031e-11,0.03496116359463928,2.75470811493267,0.0,0.0,0.0
12.066666666666666,3.1548936,3.1696674245709264,1.4026306737532162e-74,2.0038772564726254e-06,0.00013929613300300557,1.2234519645819708e-11,0.027842723101488772,3.1416834014469437,0.0,0.0,0.0
12.083333333333334,3.487234,3.526496322258436,8.269062432771415e-75,1.8656332274707916e-06,0.0001298838494123404,8.842637742522083e-12,0.022126101876518495,3.504238470890435,0.0,0.0,0.0
12.1,3.7961702,3.848231501046413,4.874947163981649e-75,1.7368526045075342e-06,0.00012109866308431154,6.387979289097113e-12,0.01754662670473124,3.830562038819605,0.0,0.0,0.0
12.116666666666667,4.077021,4.124965494007423,2.873983391740465e-75,1.6168932694593284e-06,0.00011289949209417233,4.612485732742077e-12,0.013886883723569138,4.110964093893878,0.0,0.0,0.0
12.133333333333333,4.311064,4.349315098952725,1.6943350292207827e-75,1.5051562343797722e-06,0.00010524789085422554,3.3288903535035814e-12,0.010968926223184393,4.338239419679123,0.0,0.0,0.0
12.15,4.493617,4.516560152138047,9.988839051816823e-76,1.4010827784281201e-06,9.810788527506273e-05,2.4013742313084723e-12,0.008647611930367824,4.507813031237225,0.0,0.0,0.0
12.166666666666666,4.6153193,4.62459188039405,5.888862679094272e-76,1.304151772232033e-06,9.144581788878177e-05,1.7314861414661908e-12,0.006804944446990457,4.617694185975667,0.0,0.0,0.0
12.183333333333334,4.6761703,4.673708434834108,3.471750611588962e-76,1.213877177616686e-06,8.523020235972501e-05,1.2479002400791295e-12,0.005345297175308051,4.668276693578014,0.0,0.0,0.0
12.2,4.680851,4.666299968016273,2.0467570341594114e-76,1.1298057113943976e-06,7.943158683919274e-05,8.989699747775445e-13,0.004191405038826174,4.662028001583997,0.0,0.0,0.0
12.216666666666669,4.624681,4.606465314959235,1.2066594984721329e-76,1.0515146626225434e-06,7.402242564996034e-05,6.473180424345552e-13,0.00328101829991044,4.6031092227183645,0.0,0.0,0.0
12.233333333333333,4.5217023,4.4995984043715165,7.113836007522832e-77,9.786098534085614e-07,6.897695881445386e-05,4.659079533614355e-13,0.00256412280870683,4.496964325993676,0.0,0.0,0.0
12.25,4.371915,4.351976339364982,4.1939536636903424e-77,9.107237339690828e-07,6.427109896701104e-05,3.3519308249892163e-13,0.0020006413809918323,4.349910516160954,0.0,0.0,0.0
12.266666666666667,4.184681,4.170373838718593,2.4725442205623874e-77,8.475136032412333e-07,5.988232521603387e-05,2.4104884334418577e-13,0.0015585411955055294,4.168754567684027,0.0,0.0,0.0
12.283333333333331,3.964681,3.961721356825203,1.4576899655770317e-77,7.886599468967221e-07,5.578958354581171e-05,1.7327370257769385e-13,0.0012122817897819798,3.960452496791755,0.0,0.0,0.0
12.3,3.7259574,3.732817368790187,8.593833078028427e-78,7.338648851290379e-07,5.197319337069316e-05,1.2450314597883238e-13,0.000941547210075005,3.731823114521732,0.0,0.0,0.0
12.316666666666666,3.4731915,3.4900994325987384,5.066514766707051e-78,6.828507230709028e-07,4.841475987595119e-05,8.942325586157285e-14,0.0007302140230897687,3.48932012096496,0.0,0.0,0.0
12.333333333333334,3.2204256,3.2394739285628376,2.986980289729064e-78,6.353585971550725e-07,4.5097091800229424e-05,6.420154551524148e-14,0.0005655141813215372,3.2388626819310544,0.0,0.0,0.0
12.35,2.9629786,2.9862008710963655,1.7609865632609664e-78,5.911472111602481e-07,4.20041243340188e-05,4.6075245813894436e-14,0.0004373581547851901,2.985720917669989,0.0,0.0,0.0
12.366666666666667,2.7102127,2.7348278188088844,1.0381984235750858e-78,5.499916560843613e-07,3.912084682706127e-05,3.305363963754038e-14,0.0003377893371795092,2.7344503586331887,0.0,0.0,0.0
12.383333333333333,2.4714894,2.489165534173085,6.120759589793717e-79,5.116823083639603e-07,3.643323501513564e-05,2.3702960631824838e-14,0.0002605455618178702,2.48886804369392,0.0,0.0,0.0
12.4,2.2468085,2.252297485490472,3.6085348855282105e-79,4.7602380131044347e-07,3.3928187493256385e-05,1.6991032484978112e-14,0.00020070769098467887,2.2520623735881755,0.0,0.0,0.0
12.416666666666666,2.040851,2.026615353718391,2.1274390219474718e-79,4.4283406496440347e-07,3.159346617805348e-05,1.2175111808942287e-14,0.0001544187455145214,2.0264288986726213,0.0,0.0,0.0
12.433333333333334,1.8489362,1.8138732258782755,1.2542495563839551e-79,4.119434298783887e-07,2.9417640516956056e-05,8.72095936897133e-15,0.00011865999325617477,1.8137247363010638,0.0,0.0,0.0
12.45,1.6757447,1.615253966573284,7.394544214920375e-80,3.831937906285228e-07,2.7390035215891066e-05,6.244472374521761e-15,9.107288669336917e-05,1.6151351204575777,0.0,0.0,0.0
12.466666666666669,1.5165957,1.4314422272776546,4.359528079697716e-80,3.5643782512664813e-07,2.5500681270503105e-05,4.4696080367429906e-15,6.981779753293782e-05,1.4313465523610216,0.0,0.0,0.0
12.483333333333333,1.3714893,1.2626995753719734,2.5702073432679916e-80,3.315382660591747e-07,2.374027009849646e-05,3.1980652561774175e-15,5.3462199827016856e-05,1.2626220413637785,0.0,0.0,0.0
12.5,1.2451063,1.1089382243204777,1.5152959024045426e-80,3.083672210166989e-07,2.2100110582573394e-05,2.287448597431061e-15,4.0892357090448113e-05,1.1088749234855815,0.0,0.0,0.0
12.516666666666667,1.1327659,0.9697907700946599,8.93361725715759e-81,2.868055381017613e-07,2.0572088844700177e-05,1.6355484692483796e-15,3.124372042749768e-05,0.9697386674798479,0.0,0.0,0.0
12.533333333333331,1.034468,0.8446741545338312,5.266933514817913e-81,2.6674221401059257e-07,1.9148630583014696e-05,1.1690293759273248e-15,2.384618524920797e-05,0.8446308929757839,0.0,0.0,0.0
12.55,0.9455319,0.7328467677377213,3.105195355270096e-81,2.4807384178035836e-07,1.782266581272671e-05,8.352936942162133e-16,1.818111935786783e-05,0.732810515878708,0.0,0.0,0.0
12.566666666666666,0.8706383,0.6334581650938002,1.8307144670850673e-81,2.307040955764052e-07,1.6587595861810463e-05,5.966320277672312e-16,1.3847695381313922e-05,0.6334274990984609,0.0,0.0,0.0
12.583333333333334,0.8004255,0.5455913152282208,1.079326623364903e-81,2.1454325006509885e-07,1.5437262481200415e-05,4.2601930629599014e-16,1.0536561469412857e-05,0.5455651268610197,0.0,0.0,0.0
12.6,0.7442553,0.4682976238566081,6.363349151116057e-82,1.9950773207839602e-07,1.436591893763307e-05,3.0409487459466797e-16,8.009287419514007e-06,0.4682750491425186,0.0,0.0,0.0
12.616666666666667,0.69276595,0.4006252093018843,3.7516230932953644e-82,1.8551970242607148e-07,1.3368202965197048e-05,2.1699400419707868e-16,6.08234700612906e-06,0.4006055732322103,0.0,0.0,0.0
12.633333333333333,0.6506383,0.3416410538546409,2.2118375580191623e-82,1.7250666585204908e-07,1.243911145914604e-05,1.5479141261393418e-16,4.6146562124071425e-06,0.34162382758030335,0.0,0.0,0.0
12.65,0.6131915,0.2904477367073604,1.3040307524019112e-82,1.604011072624945e-07,1.1573976802572065e-05,1.1038451183169854e-16,3.4978936422282652e-06,0.29043250443580826,0.0,0.0,0.0
12.666666666666666,0.5804255,0.2461954835233869,7.688170608449675e-83,1.4914015247630142e-07,1.0768444723187502e-05,7.869247233765617e-17,2.6489937695031834e-06,0.24618191694474167,0.0,0.0,0.0
12.683333333333334,0.55702126,0.20809025793687752,4.5327186391056056e-83,1.3866525186342549e-07,1.0018453583716153e-05,5.60820143411185e-17,2.0043341417709136e-06,0.2080780964839001,0.0,0.0,0.0
12.7,0.533617,0.17539858276720863,2.6723607152498185e-83,1.2892188534412556e-07,9.320215015293319e-06,3.995590299675274e-17,1.515240942879734e-06,0.17538761838936506,0.0,0.0,0.0
12.716666666666669,0.5148936,0.1474497229283527,1.5755491658765905e-83,1.198592873226264e-07,8.670195808819554e-06,2.8458156760516416e-17,1.1445189020243592e-06,0.1474397883543545,0.0,0.0,0.0
12.733333333333333,0.4961702,0.12363579554601717,9.289009402863625e-84,1.1143019022282578e-07,8.065100984441344e-06,2.0262945141645188e-17,8.637758298664187e-07,0.12362675523901262,0.0,0.0,0.0
12.75,0.48212767,0.1034103015932185,5.476554360104091e-84,1.035905853815032e-07,7.501857964241835e-06,1.4423472834669083e-17,6.513626212955786e-07,0.10340204478204756,0.0,0.0,0.0
12.766666666666667,0.4680851,0.08628550185503969,3.2288357859716343e-84,9.629950013680675e-08,6.9776017778583085e-06,1.0263844072029596e-17,4.907892400989293e-07,0.08627793716452159,0.0,0.0,0.0
12.783333333333331,0.4587234,0.07182899139382026,1.9036410655361879e-84,8.951879002654853e-08,6.489661235084818e-06,7.301710660654616e-18,3.6950827383877677e-07,0.07182204270552131,0.0,0.0,0.0
12.8,0.44468084,0.05965976301500143,1.1223407212106518e-84,8.321294508275737e-08,6.0355460036170374e-06,5.192959971929878e-18,2.779819360523769e-07,0.05965336627411667,0.0,0.0,0.0
12.816666666666666,0.43531916,0.04944399279540013,6.617057700100262e-85,7.734890927610732e-08,5.612934533941881e-06,3.69217690110135e-18,2.089673434568389e-07,0.04943809354461345,0.0,0.0,0.0
12.833333333333334,0.4212766,0.04089073014456044,3.9012669224850295e-85,7.189591222655664e-08,5.219662776987547e-06,2.6243911403770006e-18,1.5696965494959596e-07,0.040885281616216275,0.0,0.0,0.0
12.85,0.41191489,0.033747631256030024,2.3001012235420602e-85,6.682531235529327e-08,4.853713643554901e-06,1.864895513020788e-18,1.1782413402467086e-07,0.033742592892940085,0.0,0.0,0.0
12.866666666666667,0.39787233,0.02779683795322122,1.3560907985367438e-85,6.211045070783705e-08,4.513207157739365e-06,1.3248345486421397e-18,8.837710269535876e-08,0.027792174258510074,0.0,0.0,0.0
12.883333333333333,0.38851064,0.022851073398574555,7.995232971170777e-86,5.772651472944269e-08,4.196391259557159e-06,9.40916934561975e-19,6.624265681133099e-08,0.022846753038143455,0.0,0.0,0.0
12.9,0.3744681,0.01875000132815251,4.71383099599871e-86,5.365041132178174e-08,3.901633214805303e-06,6.680742027077651e-19,4.96173526183041e-08,0.018745996427173766,0.0,0.0,0.0
12.916666666666666,0.36042553,0.01535687573926504,2.7791847654867226e-86,4.986064855465006e-08,3.6274115928346035e-06,4.742235893819764e-19,3.713919969872445e-08,0.015353161327823953,0.0,0.0,0.0
12.933333333333334,0.35106382,0.012555492618611375,1.638556262518551e-86,4.6337225448196554e-08,3.3723087753969493e-06,3.365331695982699e-19,2.7780477662304794e-08,0.012552046192132868,0.0,0.0,0.0
12.95,0.33702126,0.010247443691952062,9.660638210275064e-87,4.306152928024131e-08,3.1350039620643226e-06,2.387591844139906e-19,2.0766345210595548e-08,0.010244244860115506,0.0,0.0,0.0
12.966666666666669,0.32765958,0.008349663683291073,5.69574840862537e-87,4.001623990968262e-08,2.9142666399042924e-06,1.6934835542174168e-19,1.5513095772712564e-08,0.008346693887315487,0.0,0.0,0.0
12.983333333333333,0.31829786,0.006792256627621977,3.35812063532396e-87,3.7185240641076604e-08,2.708950487153776e-06,1.200858246625409e-19,1.1581362392230454e-08,0.0067894989105317894,0.0,0.0,0.0
13.0,0.30893618,0.0055165828852698435,1.9798956580409268e-87,3.455353518724962e-08,2.517987682558775e-06,8.513213612671234e-20,8.640685803438779e-09,0.005514021703366294,0.0,0.0,0.0
13.016666666666667,0.29957446,0.004473586222379228,1.167317036947007e-87,3.210717031654241e-08,2.340383593859387e-06,6.033752380211018e-20,6.44271109468963e-09,0.004471207288903957,0.0,0.0,0.0
13.033333333333331,0.29489362,0.0036223392799033015,6.882335713873487e-88,2.983316379898564e-08,2.1752118205928744e-06,4.27538004437133e-20,4.800929947844981e-09,0.0036201294339889617,0.0,0.0,0.0
13.05,0.29489362,0.002928785641920988,4.057732263506686e-88,2.7719437291626597e-08,2.021609567980852e-06,3.028700750956849e-20,3.5753834817945583e-09,0.0029267327375322337,0.0,0.0,0.0
13.066666666666666,0.29021275,0.002364657277583605,2.3923869562246305e-88,2.5754753827407692e-08,1.878773330157927e-06,2.1450305938161805e-20,2.6611209538481045e-09,0.0023627500883786658,0.0,0.0,0.0
13.083333333333334,0.29021275,0.0019065471628638413,1.4105223237389464e-88,2.3928659594550927e-08,1.7459548623964746e-06,1.518823034123017e-20,1.979499523037729e-09,0.0019047752998423272,0.0,0.0,0.0
13.1,0.29021275,0.0015351182245580519,8.316278018195002e-89,2.2231429714505193e-08,1.6224574232952462e-06,1.0751733073618527e-20,1.4716311415761936e-09,0.0015334720640739006,0.0,0.0,0.0
13.116666666666667,0.29021275,0.0012344312620119592,4.903187829156908e-89,2.065401774615859e-08,1.5076322691262183e-06,7.609365196160972e-21,1.0934506941404883e-09,0.0012329018822743927,0.0,0.0,0.0
13.133333333333333,0.29021275,0.0009913760947181426,2.890869941277559e-89,1.918800866239767e-08,1.4008753836867343e-06,5.384161281217579e-21,8.120072406059614e-10,0.000989955219318553,0.0,0.0,0.0
13.15,0.29021275,0.0007951917843038914,1.704429594424299e-89,1.7825575062218796e-08,1.3016244280816811e-06,3.808801867720896e-21,6.026772084537692e-10,0.000793871731623539,0.0,0.0,0.0
13.166666666666666,0.29489362,0.0006370633359848664,1.004916706989477e-89,1.6559436397602678e-08,1.2093558958719192e-06,2.6937692056391265e-21,4.4707195225245116e-10,0.0006358369735806447,0.0,0.0,0.0
13.183333333333334,0.29489362,0.0005097837620676671,5.924907185333949e-90,1.538282100927576e-08,1.1235824599706385e-06,1.904737125620075e-21,3.3146784923074465e-10,0.000508644465318838,0.0,0.0,0.0
13.2,0.29021275,0.00040747176609200815,3.4932809741280725e-90,1.4289430779420871e-08,1.0438504985567114e-06,1.3465216310280954e-21,2.4562930739321633e-10,0.00040641338053336464,0.0,0.0,0.0
13.216666666666669,0.29021275,0.0003253365680531059,2.059614616913553e-90,1.3273408222384831e-08,9.697377881033491e-07,9.516915142532756e-22,1.8192698620695303e-10,0.0003243533749297939,0.0,0.0,0.0
13.233333333333333,0.2855319,0.0002594825335550558,1.2143360533494689e-90,1.2329305846564208e-08,9.008513523981635e-07,6.724880482646249e-22,1.3467765306800397e-10,0.00025856921821915796,0.0,0.0,0.0
13.25,0.2855319,0.00020674729279941649,7.159658172466885e-91,1.145205763195273e-08,8.368254571575322e-07,4.750938152542641e-22,9.965031113624655e-11,0.00020589891563431586,0.0,0.0,0.0
13.266666666666667,0.28085107,0.00016456794288814572,4.221299429535941e-91,1.063695247839839e-08,7.773197405200661e-07,3.355687618671648e-22,7.369697191082901e-11,0.00016377991249817535,0.0,0.0,0.0
13.283333333333331,0.27617022,0.00013087072541964994,2.488860183486959e-91,9.879609489450694e-09,7.220174703402512e-07,2.369692052839395e-22,5.4476799544715186e-11,0.0001301387738630207,0.0,0.0,0.0
13.3,0.2668085,0.00010398026875938925,1.4674229544325995e-91,9.175954965868201e-09,6.706239198005108e-07,1.6730596270828807e-22,4.0250150444868874e-11,0.00010330042863447242,0.0,0.0,0.0
13.316666666666666,0.26212767,8.25450894782718e-05,8.651881883171709e-92,8.522200991421394e-09,6.228648534177439e-07,1.1809755796915483e-22,2.9724897862268527e-11,8.191367269896477e-05,0.0,0.0,0.0
13.333333333333334,0.25276595,6.547656937526583e-05,5.101129135625846e-92,7.914825501607108e-09,5.784851160420611e-07,8.334532872920105e-23,2.194184133433132e-11,6.489014749188082e-05,0.0,0.0,0.0
13.35,0.24340425,5.189907224131731e-05,3.0076168852282465e-92,7.350553733350112e-09,5.372473179344606e-07,5.880757950461474e-23,1.6189313762002236e-11,5.1354458180335736e-05,0.0,0.0,0.0
13.366666666666667,0.23404256,4.110924672037995e-05,1.773287565862191e-92,6.826340960705989e-09,4.989306094663202e-07,4.1485647458440264e-23,1.1939585645568727e-11,4.060347783036728e-05,0.0,0.0,0.0
13.383333333333333,0.2293617,3.254288638551355e-05,1.045529470917281e-92,6.3393564280640114e-09,4.6332953941117523e-07,2.926009890249945e-23,8.801531182286194e-12,3.207320868814313e-05,0.0,0.0,0.0
13.4,0.22,2.5747992936343874e-05,6.1644430198795515e-93,5.886968398384821e-09,4.302529911983802e-07,2.0633260753395947e-23,6.485418862865026e-12,2.5311846491328247e-05,0.0,0.0,0.0
13.416666666666666,0.2106383,2.0362920012900118e-05,3.6345601223268025e-93,5.4667302396441606e-09,3.995231918720383e-07,1.454704900842031e-23,4.776736177207764e-12,1.9957925314052257e-05,0.0,0.0,0.0
13.433333333333334,0.20595744,1.609866958232475e-05,2.1429415265637524e-93,5.076367477900925e-09,3.70974788847399e-07,1.0254103191100878e-23,3.5167416017976847e-12,1.572261490925785e-05,0.0,0.0,0.0
13.45,0.2012766,1.2724575577494444e-05,1.263482499669278e-93,4.713765750307312e-09,3.4445398988363854e-07,7.226649450062408e-24,2.588023052434229e-12,1.2375405233837445e-05,0.0,0.0,0.0
13.466666666666669,0.19191489,1.005674518780352e-05,7.449525059775141e-94,4.376959595939269e-09,3.198177619967334e-07,5.0920608271379425e-24,1.9037799506874624e-12,9.732548562430897e-06,0.0,0.0,0.0
13.483333333333333,0.18723404,7.948741055726141e-06,4.392263456757193e-94,4.064122026582788e-09,2.969330853214728e-07,3.5873043360615466e-24,1.3998731508187266e-12,7.647742448504934e-06,0.0,0.0,0.0
13.5,0.18255319,6.284081198987496e-06,2.589695002305778e-94,3.77355482357387e-09,2.7567625819783997e-07,2.5267463831956923e-24,1.028931108427984e-12,6.004630357034974e-06,0.0,0.0,0.0
13.516666666666667,0.17787234,4.970210840214304e-06,1.5268954221853154e-94,3.503679510490128e-09,2.5593225000624803e-07,1.779404190199891e-24,7.559827666084816e-13,4.710774154714799e-06,0.0,0.0,0.0
13.533333333333331,0.17787234,3.933664122767653e-06,9.002650762556165e-95,3.2530289549330723e-09,2.3759409850837948e-07,1.2528752108171316e-24,5.552233686937197e-13,3.6928164400809712e-06,0.0,0.0,0.0
13.55,0.17319149,3.116186170833496e-06,5.3080126160451764e-95,3.020239555853113e-09,2.205623486678679e-07,8.81986607956903e-25,4.0762051874712353e-13,2.892603174989256e-06,0.0,0.0,0.0
13.566666666666666,0.16851063,2.4716290188696337e-06,3.129636665604359e-95,2.8040439758615043e-09,2.0474453012801875e-07,6.207801738871881e-25,2.9914308601928465e-13,2.2640801456226674e-06,0.0,0.0,0.0
13.583333333333334,0.16851063,1.963470198126875e-06,1.8452547209207132e-95,2.6032643807594395e-09,1.9005467071314693e-07,4.368537369263209e-25,2.1945155577016464e-13,1.770812043581413e-06,0.0,0.0,0.0
13.6,0.16851063,1.5628315777579676e-06,1.0879756014661804e-95,2.416806151115808e-09,1.7641284349740379e-07,3.0736706407371113e-25,1.609300737342605e-13,1.3840017671793742e-06,0.0,0.0,0.0
13.616666666666667,0.16382979,1.2468995467865602e-06,6.414789537486793e-96,2.243652033143268e-09,1.6374474515006257e-07,2.162232235177399e-25,1.1797137951735759e-13,1.0809110316319749e-06,0.0,0.0,0.0
13.633333333333333,0.16382979,9.976667354656023e-07,3.78221394197215e-96,2.0828566983799074e-09,1.519813034207477e-07,1.520798764029643e-25,8.644880970130182e-14,8.436024888976651e-07,0.0,0.0,0.0
13.65,0.16382979,8.009309958717417e-07,2.2300273582833703e-96,1.9335416837838984e-09,1.410583117721049e-07,1.0694641454877592e-25,6.332661338198987e-14,6.579390790892395e-07,0.0,0.0,0.0
13.666666666666666,0.15914893,6.454999433752179e-07,1.3148454558774e-96,1.794890685807746e-09,1.3091608930205927e-07,7.519456032313207e-26,4.637248076680134e-14,5.127889170148701e-07,0.0,0.0,0.0
13.683333333333334,0.15914893,5.22559541442198e-07,7.752461985059484e-97,1.6661451838413973e-09,1.2149916422328885e-07,5.286070850382582e-26,3.394557094469671e-14,3.993941980894968e-07,0.0,0.0,0.0
13.7,0.15914893,4.2517343611905796e-07,4.5709344747864017e-97,1.5466003701138058e-09,1.1275597928487556e-07,3.7154081617197434e-26,2.484028027560523e-14,3.1087083162378834e-07,0.0,0.0,0.0
13.716666666666669,0.15446809,3.478863786650148e-07,2.695074399924003e-97,1.4356013647241978e-09,1.0463861763041388e-07,2.611005004582555e-26,1.817114452528327e-14,2.4181214149873216e-07,0.0,0.0,0.0
13.733333333333333,0.15446809,2.864104146878693e-07,1.5890476951735764e-97,1.3325396959494822e-09,9.710254768903317e-08,1.8345819618107223e-26,1.3288081630826217e-14,1.87975314014805e-07,0.0,0.0,0.0
13.75,0.14978723,2.373768109288974e-07,9.36922169846124e-98,1.2368500273463048e-09,9.010638579098333e-08,1.288829257192914e-26,9.714003837065501e-15,1.4603356539656394e-07,0.0,0.0,0.0
13.766666666666667,0.14978723,1.981401367027674e-07,5.524214140696308e-98,1.1480071144464105e-09,8.361167528843111e-08,9.052803820658809e-27,7.098914820877776e-15,1.1338044720097505e-07,0.0,0.0,0.0
13.783333333333331,0.14510638,1.666236790091991e-07,3.257151053706421e-98,1.0655229750337421e-09,7.758268104494614e-08,6.357712472658555e-27,5.186149983372161e-15,8.797546980306924e-08,0.0,0.0,0.0
13.8,0.14510638,1.411975811037032e-07,1.920461908551315e-98,9.889442581016896e-10,7.198619823459658e-08,4.464258111009196e-27,3.78755775289663e-15,6.822243482344717e-08,0.0,0.0,0.0
13.816666666666666,0.14042553,1.2058286145119782e-07,1.1323323013807188e-98,9.178497976218578e-10,6.679137446374913e-08,3.1342160454561998e-27,2.7652613318160833e-15,5.28736344245655e-08,0.0,0.0,0.0
13.833333333333334,0.14042553,1.0377588064766678e-07,6.676402242854029e-99,8.518483382168355e-10,6.196954429592759e-08,2.2000895403904358e-27,2.018261501611781e-15,4.095448599526085e-08,0.0,0.0,0.0
13.85,0.13574468,8.998894854816172e-08,3.936511184411346e-99,7.905764207261117e-10,5.749407532295573e-08,1.544131002765407e-27,1.4725993836708925e-15,3.17042953318805e-08,0.0,0.0,0.0
13.866666666666667,0.13106383,7.860365935426037e-08,2.321030676638993e-99,7.336964164872987e-10,5.3340224984093445e-08,1.0835796697224896e-27,1.0741360000651061e-15,2.4529736879543627e-08,0.0,0.0,0.0
13.883333333333333,0.12638298,6.913425461358417e-08,1.3685184753319241e-99,6.808946999319157e-10,4.948500738952612e-08,7.602755514627132e-28,7.832545744710083e-16,1.896835174087156e-08,0.0,0.0,0.0
13.9,0.12638298,6.119887982628316e-08,8.06902091186492e-100,6.318799498174003e-10,4.5907069455451496e-08,5.333535849794063e-28,5.709750362977983e-16,1.4659929850039225e-08,0.0,0.0,0.0
13.916666666666666,0.12170213,5.449704924210142e-08,4.757638139730234e-100,5.86381570090457e-10,4.2586575705505014e-08,3.7410539227816274e-28,4.16105343210973e-16,1.1324091550400603e-08,0.0,0.0,0.0
13.933333333333334,0.11702128,4.87919892056775e-08,2.805190511085959e-100,5.441482220029336e-10,3.9505101137497394e-08,2.6236615196297686e-28,3.031537243678433e-16,8.742739543023446e-09,0.0,0.0,0.0
13.95,0.11702128,4.389681207666673e-08,1.6539931309520845e-100,5.049464596850705e-10,3.664553159572256e-08,1.8397434155873274e-28,2.2079914905500665e-16,6.7463338004599465e-09,0.0,0.0,0.0
13.966666666666669,0.11234043,3.9663695514931044e-08,9.752263485784664e-101,4.685594619235203e-10,3.3991971127529345e-08,1.2898607938361085e-28,1.60771164822438e-16,5.203164764707012e-09,0.0,0.0,0.0
13.983333333333333,0.11234043,3.597541791715661e-08,5.750128288048338e-101,4.3478585339721545e-10,3.152965583872104e-08,9.042011893978272e-29,1.1702983094512494e-16,4.010976108008525e-09,0.0,0.0,0.0
14.0,0.10765957,3.2738739698791454e-08,3.390392843542954e-101,4.034386090941876e-10,2.9244873795732596e-08,6.337594663641078e-29,8.516556087557111e-17,3.0904272087991093e-09,0.0,0.0,0.0
14.016666666666667,0.10297872,2.987922964306396e-08,1.9990464722922472e-101,3.74344036070675e-10,2.7124890553705267e-08,4.4414164778945073e-29,6.196005478702468e-17,2.379994991327965e-09,0.0,0.0,0.0
14.033333333333331,0.10297872,2.733722181860793e-08,1.1786806000773235e-101,3.473408271208982e-10,2.5157879918561724e-08,3.1121225422603975e-29,4.506519321205507e-17,1.8320010278601143e-09,0.0,0.0,0.0
14.05,0.09829787,2.5064656470550168e-08,6.949759188123403e-102,3.2227918130536066e-10,2.3332859578245166e-08,2.180371607548742e-29,3.2768279202816935e-17,1.4095176782313614e-09,0.0,0.0,0.0
14.066666666666666,0.09361702,2.302261168232337e-08,4.097733886545564e-102,2.99019986638457e-10,2.163963126347974e-08,1.5273672321087438e-29,2.382046623767311e-17,1.0839604083847065e-09,0.0,0.0,0.0
14.083333333333334,0.09361702,2.1179374550946903e-08,2.4161178745101996e-102,2.7743406056434313e-10,2.006872512186269e-08,1.0697838075221205e-29,1.7311406492131355e-17,8.332153512084616e-10,0.0,0.0,0.0
14.1,0.08893617,1.9508933542989896e-08,1.424599724171616e-102,2.5740144415597994e-10,1.8611348010993732e-08,7.491842574749279e-30,1.257769777373431e-17,6.401840752624875e-10,0.0,0.0,0.0
14.116666666666667,0.08893617,1.7989799520310492e-08,8.399780984612133e-103,2.3881074625633177e-10,1.7259335436695483e-08,5.245921706389554e-30,9.136037426336345e-18,4.916533282226412e-10,0.0,0.0,0.0
14.133333333333333,0.084255315,1.660408315977449e-08,4.952716124279743e-103,2.215585340455322e-10,1.600510688137013e-08,3.6727888891169735e-30,6.634431131559577e-18,3.7741773772439397e-10,0.0,0.0,0.0
14.15,0.084255315,1.533677233565306e-08,2.920244908583439e-103,2.0554876676387198e-10,1.4841624285203083e-08,2.5710562766432884e-30,4.81659119838538e-18,2.895992788695182e-10,0.0,0.0,0.0
14.166666666666666,0.084255315,1.4175165430483698e-08,1.721850648681475e-103,1.9069226954968385e-10,1.376235345939457e-08,1.7995714966641377e-30,3.495966930899702e-18,2.2211969804347677e-10,0.0,0.0,0.0
14.183333333333334,0.079574466,1.3108426232694774e-08,1.0152477693000307e-103,1.7690624456417517e-10,1.2761228225924091e-08,1.2594153439508645e-30,2.5368068995640414e-18,1.702917596697003e-10,0.0,0.0,0.0
14.2,0.079574466,1.212723365186103e-08,5.986168949713216e-104,1.641138167736728e-10,1.183261709263886e-08,8.81275397807283e-31,1.8403532325957524e-18,1.305027406081441e-10,0.0,0.0,0.0
14.216666666666669,0.079574466,1.1223505394624284e-08,3.529606210309994e-104,1.5224361194408507e-10,1.097129228574512e-08,6.165915082627227e-31,1.3347801844981974e-18,9.996949560029835e-11,0.0,0.0,0.0
14.233333333333333,0.074893616,1.0390179357106784e-08,2.081152462669265e-104,1.4122936457408468e-10,1.0172400974169003e-08,4.313473055629955e-31,9.678636526901937e-19,7.654901739583339e-11,0.0,0.0,0.0
14.25,0.074893616,9.621040086323852e-09,1.2271054794796123e-104,1.3100955365302675e-10,9.431438531772202e-09,3.0171765412696184e-31,7.016419465680084e-19,5.859200019698181e-11,0.0,0.0,0.0
14.266666666666667,0.074893616,8.91058046583616e-09,7.235361718311212e-105,1.2152706427823753e-10,8.74422369415049e-09,2.1101768706057473e-31,5.085280269445046e-19,4.482970689890497e-11,0.0,0.0,0.0
14.283333333333331,0.07021277,8.253890963651842e-09,4.2661778123694025e-105,1.1272887330428305e-10,8.106875476723302e-09,1.475645078314905e-31,3.6847944073705753e-19,3.4286613255777437e-11,0.0,0.0,0.0
14.3,0.07021277,7.646570479461937e-09,2.515463434601608e-105,1.0456575732537644e-10,7.515791730130862e-09,1.031787588086505e-31,2.6693877751785966e-19,2.6212991738758014e-11,0.0,0.0,0.0
14.316666666666666,0.07021277,7.084654150193627e-09,1.4831921361878354e-105,9.699202141156918e-11,6.9676292176133065e-09,7.213473185262924e-32,1.9333528113924774e-19,2.003291097541606e-11,0.0,0.0,0.0
14.333333333333334,0.07021277,6.5645545008709995e-09,8.745349445690348e-106,8.996524713041966e-11,6.459285107098925e-09,5.042485793545126e-32,1.399950213177272e-19,1.530414650165905e-11,0.0,0.0,0.0
14.35,0.07021277,6.083013126939097e-09,5.156526660734365e-106,8.34460584892962e-11,5.987879778238316e-09,3.5244510379716935e-32,1.013484406723515e-19,1.1687290110135588e-11,0.0,0.0,0.0
14.366666666666667,0.07021277,5.637060715253888e-09,3.0404489247616953e-106,7.73979045294902e-11,5.5507408515948295e-09,2.4631179551471366e-32,7.33542893048688e-20,8.92195905621327e-12,0.0,0.0,0.0
14.383333333333333,0.07021277,5.223983693474929e-09,1.7927449194631865e-106,7.178685739277157e-11,5.145388353703516e-09,1.721179867126858e-32,5.308097165350073e-20,6.808482325559522e-12,0.0,0.0,0.0
14.4,0.07021277,4.841296172439827e-09,1.0570599788873346e-106,6.658142476409049e-11,4.7695209377536806e-09,1.202582856616599e-32,3.8402372258535804e-20,5.193809883653185e-12,0.0,0.0,0.0
14.416666666666666,0.06553192,4.486716137281544e-09,6.232769997374994e-107,6.175237567147334e-11,4.4210030852786845e-09,8.401403506217843e-33,2.7776914287529645e-20,3.960676303610091e-12,0.0,0.0,0.0
14.433333333333334,0.06553192,4.158145069251567e-09,3.6750471051290313e-107,5.727257869598904e-11,4.0978532194690896e-09,5.868635540983839e-33,2.0087116797669615e-20,3.0192710664015962e-12,0.0,0.0,0.0
14.45,0.06553192,3.853650355981314e-09,2.166930870813666e-107,5.311685171153955e-11,3.798232665598729e-09,4.098937232424581e-33,1.4523114543774685e-20,2.3008386565227656e-12,0.0,0.0,0.0
14.466666666666669,0.06553192,3.571449984539142e-09,1.2776960122718151e-107,4.9261822336331273e-11,3.520435398582438e-09,2.862559994614838e-33,1.0498115596203163e-20,1.752763609874592e-12,0.0,0.0,0.0
14.483333333333333,0.06553192,3.3098991179085012e-09,7.533735289416748e-108,4.568579833569675e-11,3.262878521902738e-09,1.998883543405674e-33,7.58705503132679e-21,1.3347976624792474e-12,0.0,0.0,0.0
14.5,0.06553192,3.067478238228029e-09,4.442152937049932e-108,4.23686472696169e-11,3.0240934260621147e-09,1.395630054237029e-33,5.4820913347026215e-21,1.0161648908152488e-12,0.0,0.0,0.0
14.516666666666667,0.06553192,2.8427826045959176e-09,2.6192502158566806e-108,3.929168472828374e-11,2.8027175783695377e-09,9.743240353925894e-34,3.960329217974101e-21,7.733414941361668e-13,0.0,0.0,0.0
14.533333333333331,0.06553192,2.6345128235363427e-09,1.5444035822752796e-108,3.6437570545426396e-11,2.5974868992601235e-09,6.801225183323386e-34,2.8604155645870086e-21,5.883537279325549e-13,0.0,0.0,0.0
14.55,0.06553192,2.441466369547366e-09,9.106362637915542e-109,3.3790212422321036e-11,2.4072286835058653e-09,4.747028906686595e-34,2.0655733063720477e-21,4.4747361711384026e-13,0.0,0.0,0.0
14.566666666666666,0.06553192,2.262529923952989e-09,5.3694451340106015e-109,3.133467643553058e-11,2.2308550276114534e-09,3.31289695563568e-34,1.4913052132761253e-21,3.4021990451392024e-13,0.0,0.0,0.0
14.583333333333334,0.06553192,2.0966724244754714e-09,3.166024002294129e-109,2.9057103938694268e-11,2.0673567274177906e-09,2.3117754654422446e-34,1.0764842947772902e-21,2.585931179098948e-13,0.0,0.0,0.0
14.6,0.06553192,1.942938737012781e-09,1.8668065738177385e-109,2.6944634403404733e-11,1.9157976124782296e-09,1.6130037682872947e-34,7.768995728636297e-22,1.9649013036969303e-13,0.0,0.0,0.0
14.616666666666667,0.060851064,1.8004438761838675e-09,1.1007400369597523e-109,2.4985333776401323e-11,1.7753092861316935e-09,1.1253236790189607e-34,5.605816310451622e-22,1.4925627521217183e-13,0.0,0.0,0.0
14.633333333333333,0.060851064,1.668367713186764e-09,6.490386008535853e-110,2.316812796029584e-11,1.6450862423946181e-09,7.85004610680322e-35,4.044179292408911e-22,1.1334283144551835e-13,0.0,0.0,0.0
14.65,0.060851064,1.5459501190800516e-09,3.826983684241061e-110,2.1482741052878266e-11,1.5243813328346311e-09,5.475451798963373e-35,2.9170256607500447e-22,8.604519225033465e-14,0.0,0.0,0.0
14.666666666666666,0.060851064,1.4324864992824769e-09,2.2565398822696374e-110,1.9919638005938564e-11,1.4125015584884976e-09,3.818748345816483e-35,2.1036290039229202e-22,6.530278783040551e-14,0.0,0.0,0.0
14.683333333333334,0.060851064,1.327323681295754e-09,1.3305455119801241e-110,1.846997138859064e-11,1.3088041636513793e-09,2.66302820571839e-35,1.5167633784605782e-22,4.95462556323967e-14,0.0,0.0,0.0
14.7,0.060851064,1.2298561227137825e-09,7.845430355841376e-111,1.712553196245001e-11,1.2126930100067807e-09,1.8568826501460835e-35,1.0934200271131102e-22,3.75807444423529e-14,0.0,0.0,0.0
14.716666666666669,0.060851064,1.1395224107303558e-09,4.625983971628359e-111,1.5878702796781287e-11,1.1236152110913776e-09,1.2946352568333244e-35,7.880929308306364e-23,2.8496842118150145e-14,0.0,0.0,0.0
14.733333333333333,0.056170214,1.055802027792584e-09,2.7276697636789234e-111,1.4722416671054968e-11,1.0410580085086084e-09,9.025369526043358e-36,5.679233960452969e-23,2.1602612863714235e-14,0.0,0.0,0.0
14.75,0.056170214,9.782123609126489e-10,1.608347053836386e-111,1.3650116530282882e-11,9.645458726224133e-10,6.291257385234305e-36,4.0918970841902133e-23,1.6371759911689703e-14,0.0,0.0,0.0
14.766666666666667,0.056170214,9.063059345664044e-10,9.483487088780137e-112,1.2655718775192865e-11,8.936378116895521e-10,4.3849547661422005e-36,2.94769769695296e-23,1.240410163001547e-14,0.0,0.0,0.0
14.783333333333331,0.056170214,8.396678491586062e-10,5.591864722599805e-112,1.173357918478182e-11,8.279248745270956e-10,3.055964377043076e-36,2.1230741134852015e-23,9.395446707578557e-15,0.0,0.0,0.0
14.8,0.056170214,7.779134087958812e-10,3.2972020730704647e-112,1.0878461283197357e-11,7.670278328714607e-10,2.1295471550265727e-36,1.5288750983578676e-23,7.114641207871237e-15,0.0,0.0,0.0
14.816666666666666,0.05148936,7.206859236319613e-10,1.9441724256460175e-112,1.0085506976275636e-11,7.105950305696168e-10,1.4838238068301614e-36,1.1007891895578403e-23,5.386086057810304e-15,0.0,0.0,0.0
14.833333333333334,0.05148936,6.676546733783912e-10,1.1463686482574187e-112,9.350209295486316e-12,6.583003876572073e-10,1.0337935085632703e-36,7.924324475540724e-24,4.07642568953542e-15,0.0,0.0,0.0
14.85,0.05148936,6.185130197440015e-10,6.759493048940818e-113,8.668387098599996e-12,6.098415482293732e-10,7.201814804984782e-37,5.703572029879601e-24,3.0844160226491614e-15,0.0,0.0,0.0
14.866666666666667,0.05148936,5.729766566013917e-10,3.985696771444024e-113,8.036161587112784e-12,5.649381617993127e-10,5.016572200059761e-37,4.104486478220877e-24,2.3332149620947663e-15,0.0,0.0,0.0
14.883333333333333,0.05148936,5.307819876028241e-10,2.3501451502951845e-113,7.449934510442837e-12,5.233302885742684e-10,3.4940525989092823e-37,2.953238832231804e-24,1.7645181099573466e-15,0.0,0.0,0.0
14.9,0.05148936,4.916846217961515e-10,1.3857516944887958e-113,6.906367936172683e-12,4.847769197604896e-10,2.4333766967377503e-37,2.1245490875999442e-24,1.3340994869770265e-15,0.0,0.0,0.0
14.916666666666666,0.05148936,4.554579785387919e-10,8.171023324892037e-114,6.4023654742198464e-12,4.490546046428522e-10,1.6945214251646067e-37,1.5281431399776964e-24,1.0084217182890238e-15,0.0,0.0,0.0
14.933333333333334,0.05148936,4.2189199368431746e-10,4.8180109270704384e-114,5.9350548508122375e-12,4.159561767735006e-10,1.1798936754487107e-37,1.09898298797545e-24,7.620600035452932e-16,0.0,0.0,0.0
14.95,0.05148936,3.907919196320873e-10,2.8409226432388648e-114,5.5017717355753915e-12,3.85289572151396e-10,8.214800945841953e-38,7.902202659264779e-25,5.757451151633244e-16,0.0,0.0,0.0
14.966666666666669,0.05148936,3.6197721239175113e-10,1.675140859732563e-114,5.100044731934667e-12,3.5687673278269015e-10,5.718865050729516e-38,5.681149300422549e-25,4.3487712574356116e-16,0.0,0.0,0.0
14.983333333333333,0.05148936,3.3528049932893764e-10,9.877420674189672e-115,4.7275814474499936e-12,3.3055258948450815e-10,3.9809026128435746e-38,4.083717260388493e-25,3.283969790893825e-16,0.0,0.0,0.0
15.0,0.05148936,3.1054662172977644e-10,5.824197086167726e-115,4.3822555666502234e-12,3.061641182331213e-10,2.7708462240282236e-38,2.934993362199026e-25,2.4793000461854223e-16,0.0,0.0,0.0
15.016666666666667,0.05148936,2.8763174675597885e-10,3.4342259644570737e-115,4.062094854470199e-12,2.835694647654775e-10,1.9284248685848344e-38,2.1090707055033508e-25,1.871360309240243e-16,0.0,0.0,0.0
15.033333333333331,0.05148936,2.664025437612304e-10,2.0249857122553913e-115,3.765270023525481e-12,2.6263713252129745e-10,1.3420006049587988e-38,1.5153336618584306e-25,1.412164072808341e-16,0.0,0.0,0.0
15.05,0.05148936,2.4673542030826254e-10,1.1940303044486753e-115,3.490084403235446e-12,2.432452293648696e-10,9.33818871405379e-39,1.0885767826121775e-25,1.0654015740069686e-16,0.0,0.0,0.0
15.066666666666666,0.04680851,2.2851581356613423e-10,7.040589510349916e-116,3.2349643532369163e-12,2.2528076885234014e-10,6.497297946149744e-39,7.818871437728213e-26,8.036055709879646e-17,0.0,0.0,0.0
15.083333333333334,0.04680851,2.116375330814595e-10,4.151480353018092e-116,2.9984503676443176e-12,2.0863902211348986e-10,4.5202595610784946e-39,5.615181804599664e-26,6.060032526600962e-17,0.0,0.0,0.0
15.1,0.04680851,1.9600215120847635e-10,2.4479200882385256e-116,2.7791888205399493e-12,1.9322291669907327e-10,3.144522228895239e-39,4.03198443508901e-26,4.56888630758054e-17,0.0,0.0,0.0
15.116666666666667,0.04680851,1.8151843775184434e-10,1.4434168507556276e-116,2.5759243066246943e-12,1.7894247900625547e-10,2.187292771286216e-39,2.894740719171765e-26,3.443896415715155e-17,0.0,0.0,0.0
15.133333333333333,0.04680851,1.681018356256041e-10,8.511117577025984e-117,2.387492534260102e-12,1.6571431713789483e-10,1.521319264294459e-39,2.0779582105537456e-26,2.5953449140520078e-17,0.0,0.0,0.0
15.15,0.04680851,1.5567397456269886e-10,5.018589716922652e-117,2.212813731193837e-12,1.5346114127702448e-10,1.0580233529395463e-39,1.4914227901040755e-26,1.955448053285046e-17,0.0,0.0,0.0
15.166666666666666,0.042127658,1.4416222012373646e-10,2.959218795453821e-117,2.0508865261052926e-12,1.4211131886756847e-10,7.357526339716825e-40,1.0702914910216402e-26,1.4730062691210986e-17,0.0,0.0,0.0
15.183333333333334,0.042127658,1.3349925545218107e-10,1.74490883654788e-117,1.9007822717489e-12,1.3159846208687267e-10,5.11599744820279e-40,7.679645992247978e-27,1.1093559503273357e-17,0.0,0.0,0.0
15.2,0.042127658,1.2362269340745483e-10,1.0288893860381311e-117,1.761639777926227e-12,1.2186104527645832e-10,3.55705820083166e-40,5.509582017595831e-27,8.353070278059952e-18,0.0,0.0,0.0
15.216666666666669,0.042127658,1.1447471687816536e-10,6.066873099080237e-118,1.6326604247942593e-12,1.1284205016510194e-10,2.4729424861025585e-40,3.9521636075067024e-27,6.2882691641805854e-18,0.0,0.0,0.0
15.233333333333333,0.037446808,1.0600174523629457e-10,3.5773498325290074e-118,1.513103629133622e-12,1.0448863687426735e-10,1.7190942422007254e-40,2.834591424693155e-27,4.732893599367219e-18,0.0,0.0,0.0
15.25,0.037446808,9.815412504012973e-11,2.109396350228631e-118,1.4022826381628575e-12,9.675183884045958e-11,1.1949458094141456e-40,2.032758523580693e-27,3.561507295200402e-18,0.0,0.0,0.0
15.266666666666667,0.037446808,9.088584323030795e-11,1.2438134352444315e-118,1.29956062731001e-12,8.958627992350109e-11,8.305385941266409e-41,1.4575429138931598e-27,2.679496850588556e-18,0.0,0.0,0.0
15.283333333333331,0.037446808,8.415426118985593e-11,7.334197002985921e-119,1.2043470800441552e-12,8.294991209429785e-11,5.772111810475555e-41,1.0449550578289181e-27,2.0155139290932748e-18,0.0,0.0,0.0
15.3,0.037446808,7.79198681567025e-11,4.3246421047707265e-119,1.1160944294428247e-12,7.680377221149317e-11,4.011189544384844e-41,7.490572917879379e-28,1.5157665203920856e-18,0.0,0.0,0.0
15.316666666666666,0.037446808,7.214605258620196e-11,2.5500461807847095e-119,1.0342949426306872e-12,7.111175650386335e-11,2.787246562245743e-41,5.368761053257389e-28,1.1397079352015009e-18,0.0,0.0,0.0
15.333333333333334,0.03276596,6.679889016235588e-11,1.5036480306157173e-119,9.58477830579138e-13,6.584041147499465e-11,1.9366073089210686e-41,3.8474694387028575e-28,8.567820904221021e-19,0.0,0.0,0.0
15.35,0.03276596,6.184694725045005e-11,8.866344551261364e-120,8.882065670160151e-13,6.095874003946718e-11,1.3454635496183605e-41,2.7568858869212583e-28,6.43966852432602e-19,0.0,0.0,0.0
15.366666666666667,0.03276596,5.726109867092359e-11,5.2280927982583104e-120,8.230764013614204e-13,5.643802178564198e-11,9.346881020657211e-42,1.9751739435895765e-28,4.839201888384065e-19,0.0,0.0,0.0
15.383333333333333,0.03276596,5.3014358755248174e-11,3.082777915463896e-120,7.627120516909824e-13,5.225164633997565e-11,6.492711622233828e-42,1.4149310762593712e-28,3.635815375530601e-19,0.0,0.0,0.0
15.4,0.03276596,4.9081724719651204e-11,1.817780572075115e-120,7.067655647341375e-13,4.837495888180021e-11,4.509727980593063e-42,1.0134656438037872e-28,2.7311685568043047e-19,0.0,0.0,0.0
15.416666666666666,0.03276596,4.5440031462228157e-11,1.0718671023568245e-120,6.549143308498223e-13,4.478511692625526e-11,3.132128873948558e-42,7.258167869677066e-29,2.0512307802232744e-19,0.0,0.0,0.0
15.433333333333334,0.03276596,4.2067816953637396e-11,6.320343629599927e-121,6.068592427894041e-13,4.146095755681966e-11,2.175174740082252e-42,5.197441827013895e-29,1.5402833204400043e-19,0.0,0.0,0.0
15.45,0.03276596,3.894519745160833e-11,3.726839622151296e-121,5.623229878623556e-13,3.8382874348106126e-11,1.510477071609914e-42,3.721322689626685e-29,1.1563984080413214e-19,0.0,0.0,0.0
15.466666666666669,0.03276596,3.605375182516725e-11,2.1975612070764345e-121,5.210484638673801e-13,3.553270327449665e-11,1.0488171632514832e-42,2.664099858584405e-29,8.680322305178466e-20,0.0,0.0,0.0
15.483333333333333,0.03276596,3.3376414326191614e-11,1.295810568789789e-121,4.82797309846147e-13,3.289361695119967e-11,7.282010473228312e-43,1.9069949713076007e-29,6.514579815211364e-20,0.0,0.0,0.0
15.5,0.03276596,3.0897375193830766e-11,7.640861302517295e-122,4.4734854336050726e-13,3.0450026601587035e-11,5.055555455826827e-43,1.3648812776021555e-29,4.8883224940297407e-20,0.0,0.0,0.0
15.516666666666667,0.03276596,2.8601988521879326e-11,4.5055039511504225e-122,4.1449729659251924e-13,2.8187491188612926e-11,3.5095604163653213e-43,9.767577855141008e-30,3.667387939428618e-20,0.0,0.0,0.0
15.533333333333331,0.037446808,2.6476686860431672e-11,2.656713314056718e-122,3.840536441210634e-13,2.6092633188801398e-11,2.4361444158638325e-43,6.989175644272109e-30,2.7509208148565816e-20,0.0,0.0,0.0
15.55,0.037446808,2.4508902061502314e-11,1.5665572376679046e-122,3.558415157443611e-13,2.4153060525126766e-11,1.690908061698043e-43,5.0004890853336026e-30,2.0631187372510024e-20,0.0,0.0,0.0
15.566666666666666,0.037446808,2.2686991913836063e-11,9.237364895748073e-123,3.296976881957781e-13,2.2357294210170085e-11,1.1735559816805317e-43,3.577229893459833e-30,1.5470199287198142e-20,0.0,0.0,0.0
15.583333333333334,0.037446808,2.1000172145100156e-11,5.446909850947078e-123,3.0547085004377423e-13,2.06947012834581e-11,8.144317054777036e-44,2.558759315542672e-30,1.1598285365121873e-20,0.0,0.0,0.0
15.6,0.037446808,1.9438453400286675e-11,3.211829853647763e-123,2.8302073447917564e-13,1.915543265711352e-11,5.651617584289969e-44,1.8300401372874857e-30,8.693977372048297e-21,0.0,0.0,0.0
15.616666666666667,0.037446808,1.7992582833516886e-11,1.8938916420553964e-123,2.622173150747628e-13,1.7730365511926278e-11,3.9215547869081346e-44,1.3087019717901771e-30,6.515844089544917e-21,0.0,0.0,0.0
15.633333333333333,0.037446808,1.6653989976800642e-11,1.1167551847502513e-123,2.4294005995722096e-13,1.641104991196082e-11,2.720892708034396e-44,9.357723938420056e-31,4.882597747093118e-21,0.0,0.0,0.0
15.65,0.037446808,1.5414736573729554e-11,6.585080364919884e-124,2.2507724016056513e-13,1.5189659329910853e-11,1.8876972504072912e-44,6.690358571057491e-31,3.658136491240299e-21,0.0,0.0,0.0
15.666666666666666,0.037446808,1.426747008876202e-11,3.882973554019085e-124,2.0852528823576158e-13,1.4058944797785958e-11,1.3095474835413696e-44,4.782760263891331e-31,2.7403003559810454e-21,0.0,0.0,0.0
15.683333333333334,0.037446808,1.3205380623780796e-11,2.2896443887438907e-124,1.9318820347475097e-13,1.3012192418253623e-11,9.08402499633742e-45,3.418678319899661e-31,2.052420426171251e-21,0.0,0.0,0.0
15.7,0.037446808,1.2222160993119905e-11,1.3501185013814297e-124,1.7897700037029709e-13,1.204318399121264e-11,6.300916652913663e-45,2.4433665400221304e-31,1.5369685430417328e-21,0.0,0.0,0.0
15.716666666666669,0.037446808,1.1311969726347146e-11,7.961153351907289e-125,1.6580919717712494e-13,1.1146160528019234e-11,4.37016337185742e-45,1.74610402465117e-31,1.1507863500153285e-21,0.0,0.0,0.0
15.733333333333333,0.037446808,1.0469396784881657e-11,4.6944026566240796e-125,1.5360834166653986e-13,1.0315788442353615e-11,3.030821168551149e-45,1.2476795450750553e-31,8.615015682339193e-22,0.0,0.0,0.0
15.75,0.037446808,9.689431794086038e-12,2.7681201246948467e-125,1.423035713768241e-13,9.547128222064376e-12,2.1018021348682935e-45,8.914311133487965e-32,6.44836568824905e-22,0.0,0.0,0.0
15.766666666666667,0.037446808,8.96743460692805e-12,1.632261635330529e-125,1.318292058569754e-13,8.835605400588487e-12,1.4574457509891904e-45,6.368316640482959e-32,4.825874473057876e-22,0.0,0.0,0.0
15.783333333333331,0.037446808,8.29910802868502e-12,9.624869684049942e-126,1.221243685822049e-13,8.176983659741708e-12,1.0105602097405177e-45,4.5489794095406035e-32,3.611068399365574e-22,0.0,0.0,0.0
15.8,0.03276596,7.680472544600077e-12,5.6754484955697066e-126,1.1313263638771756e-13,7.567339907942194e-12,7.006504219596469e-46,3.249047677088942e-32,2.70165125091613e-22,0.0,0.0,0.0
15.816666666666666,0.03276596,7.107842903917072e-12,3.346615039373941e-126,1.0480171442313773e-13,7.0030411892918395e-12,4.857470259575492e-46,2.3203383345939336e-32,2.020957947286081e-22,0.0,0.0,0.0
15.833333333333334,0.03276596,6.577806424401239e-12,1.9733838602978997e-126,9.70831347744649e-14,6.48072328947562e-12,3.367353034402487e-46,1.656914072686134e-32,1.5115420019800547e-22,0.0,0.0,0.0
15.85,0.03276596,1.5051598061134169e-05,1.1636372799784778e-126,8.993197703476589e-14,5.997270914224776e-12,2.3341945777465558e-46,1.1830481434403046e-32,1.130364846321364e-22,1.5051591973931277e-05,0.0,0.0
15.866666666666667,0.03276596,0.0003946880735352264,6.861576682523991e-127,8.330660922916138e-14,5.549799325145991e-12,1.6179143729939684e-46,8.44615266217855e-33,8.451875033406425e-23,0.0003946880679021204,0.0,0.0
15.883333333333333,0.03276596,0.0013660569280261048,4.0460426389526325e-127,7.716844761526073e-14,5.13563732613159e-12,1.1213579002609435e-46,6.02934070393465e-33,6.318645747486393e-23,0.001366056922813299,0.0,0.0
15.9,0.03276596,0.0029011023042911093,2.3858175431579463e-127,7.148173398730525e-14,4.752311501358046e-12,7.771473337708573e-47,4.303634933823998e-33,4.723152547348928e-23,0.002901102299467316,0.0,0.0
15.916666666666666,0.03276596,0.004914497780952913,1.4068384766259709e-127,6.621332921171853e-14,4.397531613111584e-12,5.385586902947061e-47,3.071538969203335e-33,3.5300224290615223e-23,0.0049144977764891675,0.0,0.0
15.933333333333334,0.028085107,0.0073036024002899975,8.295670318806329e-128,6.133252181397703e-14,4.0691770743806786e-12,3.73192956425398e-47,2.1919565739114127e-33,2.6379161140462917e-23,0.007303602396159488,0.0,0.0
15.95,0.028085107,0.009964469827687382,4.89169044975114e-128,5.6810850522308836e-14,3.7652844173727085e-12,2.5858582933963097e-47,1.5640962449160548e-33,1.9709836026309776e-23,0.009964469823865287,0.0,0.0
15.966666666666669,0.028085107,0.012799449577592808,2.884474368183251e-128,5.26219397530644e-14,3.484035684873175e-12,1.7916247206039156e-47,1.1159658630764901e-33,1.4724618140465544e-23,0.01279944957405615,0.0,0.0
15.983333333333333,0.03276596,0.0157208265123878,1.7008837642202616e-128,4.8741347096285755e-14,3.2237476767115192e-12,1.241253737042459e-47,7.961493597259353e-34,1.0998780850679214e-23,0.01572082650911531,0.0,0.0
16.0,0.03276596,0.01865234249148052,1.0029581698067548e-128,4.5146421928277665e-14,2.982861988548867e-12,8.598950441475524e-48,5.67929837413766e-34,8.214573290457943e-24,0.01865234248845251,0.0,0.0
16.016666666666666,0.03276596,0.02152951769048897,5.914135050575672e-129,4.1816174341375675e-14,2.7599357848006843e-12,5.956646554815646e-48,4.050900778687529e-34,6.1343123870881794e-24,0.021529517687687218,0.0,0.0
16.033333333333335,0.03276596,0.024299279831388947,3.4873849278510486e-129,3.873115363988087e-14,2.5536332517605883e-12,4.12600622319781e-48,2.8891201024182867e-34,4.5802338340124316e-24,0.024299279828796583,0.0,0.0
16.05,0.03276596,0.026919202174141454,2.0564055423911935e-129,3.587333570565874e-14,2.3627176809449646e-12,2.8577862324241906e-48,2.0603307281177993e-34,3.419406651445857e-24,0.026919202171742863,0.0,0.0
16.066666666666666,0.03276596,0.029356535701288586,1.2126008688174036e-129,3.322601858747756e-14,2.1860441363335225e-12,1.9792541542961118e-48,1.4691492477586976e-34,2.5524406065428557e-24,0.029356535699069316,0.0,0.0
16.083333333333332,0.03276596,0.031587152289829196,7.150348568653607e-130,3.077372571509539e-14,2.0225526625778338e-12,1.37070975880873e-48,1.047497043293267e-34,1.9050341978566603e-24,0.031587152287775866,0.0,0.0
16.1,0.03276596,0.033594472868928534,4.216351219928262e-130,2.8502116182597024e-14,1.8712619943927985e-12,9.492086928295521e-49,7.467889456601808e-35,1.4216496646790338e-24,0.03359447286702877,0.0,0.0
16.116666666666667,0.037446808,0.03536842697133391,2.4862601801005837e-130,2.6397901585875176e-14,1.7312637302633478e-12,6.5727985011163995e-49,5.323550938455392e-35,1.0607804661627389e-24,0.03536842696957625,0.0,0.0
16.133333333333333,0.037446808,0.036904471891414894,1.4660763742070327e-130,2.4448768936565786e-14,1.6017169363007259e-12,4.551048732537709e-49,3.794579666573948e-35,7.9141082863943035e-25,0.03690447188978873,0.0,0.0
16.15,0.037446808,0.03820268749880194,8.645036709529923e-131,2.2643309209496364e-14,1.4818431485891708e-12,3.1509778762612635e-49,2.704487205975965e-35,5.903674942452878e-25,0.03820268749729746,0.0,0.0
16.166666666666668,0.037446808,0.03926695457941293,5.097735680572247e-131,2.0970951112899836e-14,1.3709217446853435e-12,2.1814841713548965e-49,1.9273715611184712e-35,4.403391321242409e-25,0.039266954578021034,0.0,0.0
16.183333333333334,0.037446808,0.04010421909328036,3.005993306785211e-131,1.9421899700525176e-14,1.268285657086208e-12,1.5101906087112747e-49,1.373426689989526e-35,3.2839530566436866e-25,0.04010421909199265,0.0,0.0
16.2,0.042127658,0.040723841107849434,1.7725517710795973e-131,1.7987079472478542e-14,1.1733174034758253e-12,1.0454050475224648e-49,9.78600198242998e-36,2.448791585233976e-25,0.04072384110665813,0.0,0.0
16.216666666666665,0.042127658,0.04113702482114532,1.0452256778974389e-131,1.6658081637334322e-14,1.0854454104115371e-12,7.236202117194325e-50,6.972124811576601e-36,1.825796379526746e-25,0.041137024820043215,0.0,0.0
16.233333333333334,0.042127658,0.04135632464446186,6.163415329468187e-132,1.5427115231872706e-14,1.0041406088234362e-12,5.008529002044246e-50,4.9668986479444856e-36,1.3611277730114428e-25,0.04135632464344229,0.0,0.0
16.25,0.042127658,0.041395221499378944,3.634402470548529e-132,1.4286961816914572e-14,9.28913281290186e-13,3.4664364536695835e-50,3.538066459455414e-36,1.0145930548979441e-25,0.04139522149843575,0.0,0.0
16.266666666666666,0.042127658,0.04126776310864497,2.1431117832992034e-132,1.3230933488211152e-14,8.593101425260293e-13,2.3989985014405974e-50,2.520040194270177e-36,7.561913489742444e-26,0.04126776310777243,0.0,0.0
16.283333333333335,0.042127658,0.040988261988983296,1.263737429865846e-132,1.2252833960365288e-14,7.949116358790422e-13,1.6601622315207202e-50,1.794774907563986e-36,5.635322097641028e-26,0.04098826198817613,0.0,0.0
16.3,0.042127658,0.040571044988710274,7.451935584902127e-133,1.1346922499378962e-14,7.353294299047792e-13,1.148801612777338e-50,1.2781263704368277e-36,4.199072655264536e-26,0.0405710449879636,0.0,0.0
16.316666666666666,0.037446808,0.040030248483885,4.3942175424516125e-133,1.0507880495773356e-14,6.802041002512592e-13,7.949020773379259e-51,9.101209868082285e-37,3.1284990079497587e-26,0.04003024848319429,0.0,0.0
16.333333333333332,0.037446808,0.039379653702842826,2.591160007775684e-133,9.730780485390943e-15,6.292029831779266e-13,5.499920962508464e-51,6.480167481224794e-37,2.3305961179963166e-26,0.03937965370220389,0.0,0.0
16.35,0.037446808,0.038632557053892284,1.5279429084854232e-133,9.011057439038437e-15,5.820181880369317e-13,3.805166091367603e-51,4.613551124970212e-37,1.7359881402016017e-26,0.03863255705330126,0.0,0.0
16.366666666666667,0.037446808,0.037801670758591234,9.009905540934963e-134,8.34448215517399e-15,5.383647569781366e-13,2.632481158666274e-51,3.2843292363426462e-37,1.2929317378696547e-26,0.037801670758044525,0.0,0.0
16.383333333333333,0.037446808,0.03689904952491349,5.312923512092383e-134,7.727136601921956e-15,4.979789610031655e-13,1.821090542141387e-51,2.33787081917365e-37,9.628395280664236e-27,0.036899049524407784,0.0,0.0
16.4,0.037446808,0.03593603941798105,3.132904117562134e-134,7.155391065914596e-15,4.60616722294897e-13,1.2597157199845448e-51,1.664014248696131e-37,7.169387599801643e-27,0.03593603941751328,0.0,0.0
16.416666666666668,0.037446808,0.034923245492214885,1.8473996495328644e-134,6.625882975848928e-15,4.260521534905268e-13,8.713415616335031e-52,1.1842857599762166e-37,5.337776691151722e-27,0.03492324549178221,0.0,0.0
16.433333333333334,0.03276596,0.03387051513220395,1.0893685247792614e-134,6.135497278285835e-15,3.9407620525407505e-13,6.0266963166838775e-52,8.427895402726621e-38,3.973647025681732e-27,0.03387051513180374,0.0,0.0
16.45,0.03276596,0.03278693440697449,6.423755479027016e-135,5.681348252154011e-15,3.6449541414108185e-13,4.168168911123118e-52,5.997153363332826e-38,2.9578017908308907e-27,0.032786934406604316,0.0,0.0
16.466666666666665,0.03276596,0.03168083507201664,3.787942609785828e-135,5.260762656708618e-15,3.3713074333869385e-13,2.8826144586161738e-52,4.267119294991905e-38,2.2014057166221537e-27,0.03168083507167425,0.0,0.0
16.483333333333334,0.03276596,0.030559810154881187,2.2336647491891298e-135,4.871264115375002e-15,3.118165094110141e-13,1.993440071200912e-52,3.0359054822873396e-38,1.6382595048792818e-27,0.0305598101545645,0.0,0.0
16.5,0.03276596,0.02943073633378371,1.3171426117360814e-135,4.510558645031829e-15,2.883993886864416e-13,1.3784636024046297e-52,2.1597613242685156e-38,1.2190379497342276e-27,0.0294307363334908,0.0,0.0
16.516666666666666,0.028085107,0.028299801565359436,7.766901884210711e-136,4.176521246891361e-15,2.6673749739298177e-13,9.531539252942819e-53,1.5363407209820704e-38,9.069931639840282e-28,0.02829980156508852,0.0,0.0
16.533333333333335,0.028085107,0.027172536638855632,4.579974354023706e-136,3.867183481260098e-15,2.4669954008264173e-13,6.590320226881314e-53,1.0927826907483863e-38,6.747507753332655e-28,0.027172536638605065,0.0,0.0
16.55,0.028085107,0.0260538495311687,2.7007132865107493e-136,3.580721954137083e-15,2.28164021288784e-13,4.556442085761424e-53,7.772214353636657e-39,5.01921373421771e-28,0.026053849530936955,0.0,0.0
16.566666666666666,0.028085107,0.024948061611958783,1.5925538371931924e-136,3.315447648871928e-15,2.110185157335562e-13,3.1500770087890563e-53,5.527396766231002e-39,3.7331997777208964e-28,0.024948061611744447,0.0,0.0
16.583333333333332,0.028085107,0.02385894490236474,9.390959571768479e-137,3.0697960409854654e-15,1.9515899274851452e-13,2.1776725935030317e-53,3.9306251434535826e-39,2.776389151250872e-28,0.023858944902166508,0.0,0.0
16.6,0.028085107,0.022789759726338732,5.537656646797232e-137,2.8423179387772743e-15,1.8048919089168525e-13,1.5053594591811225e-53,2.7949107274941394e-39,2.064587675284088e-28,0.0227897597261554,0.0,0.0
16.616666666666667,0.023404256,0.021743292212067684,3.2654443210317965e-137,2.631670996541146e-15,1.6692003904120485e-13,1.0405529363586356e-53,1.9871917880351517e-39,1.5351136085753975e-28,0.021743292211898132,0.0,0.0
16.633333333333333,0.023404256,0.020721891203972442,1.9255674929996333e-137,2.4366118510953054e-15,1.5436912052048617e-13,7.192246957515039e-54,1.41278918383369e-39,1.1413063256257273e-28,0.020721891203815637,0.0,0.0
16.65,0.023404256,0.01972750423496103,1.1354693397622377e-137,2.255988835940989e-15,1.4276017706459388e-13,4.97097486656713e-54,1.0043402670191528e-39,8.484353346307388e-29,0.019727504234816014,0.0,0.0
16.666666666666668,0.023404256,0.01876171228539226,6.695642859723695e-138,2.0887352307031064e-15,1.3202264967330124e-13,3.435541680965561e-54,7.139216061659361e-40,6.306528982862753e-29,0.018761712285258147,0.0,0.0
16.683333333333334,0.023404256,0.01782576312096619,3.948292798183143e-138,1.9338630066049873e-15,1.2209125361485615e-13,2.374245745123411e-54,5.07442118115315e-40,4.687243042901388e-29,0.017825763120842164,0.0,0.0
16.7,0.023404256,0.01692060305772233,2.3282339839095675e-138,1.7904570316006308e-15,1.1290558504681017e-13,1.6407145122723582e-54,3.6065256765089934e-40,3.483375382241858e-29,0.016920603057607633,0.0,0.0
16.716666666666665,0.018723404,0.01604690704966283,1.3729164138747424e-138,1.6576697014504449e-15,1.0440975690778422e-13,1.1337502271672546e-54,2.5630570470673947e-40,2.588445991886199e-29,0.01604690704955676,0.0,0.0
16.733333333333334,0.018723404,0.015205107034240073,8.095837277698778e-139,1.5347159654935013e-15,9.655206190760497e-14,7.833915490860268e-55,1.8213543057748015e-40,1.9232434204512965e-29,0.015205107034141987,0.0,0.0
16.75,0.018723404,0.01439541850402442,4.773969533569348e-139,1.420868718157038e-15,8.92846606041137e-14,5.412745594492724e-55,1.2941890253935349e-40,1.428847934885128e-29,0.014395418503933714,0.0,0.0
16.766666666666666,0.018723404,0.013617865300124429,2.815125200113818e-139,1.3154545293640683e-15,8.256329270383994e-14,3.739673573949643e-55,9.195350552045315e-41,1.0614380790235327e-29,0.01361786530004055,0.0,0.0
16.783333333333335,0.018723404,0.012872302645152526,1.6600301805275729e-139,1.2178496889660664e-15,7.634700986174773e-14,2.5836116349072955e-55,6.532905229837882e-41,7.884252008185528e-30,0.01287230264507496,0.0,0.0
16.8,0.018723404,0.01215843845137205,9.788912595284438e-140,1.1274765421486729e-15,7.059792838297828e-14,1.784836060216947e-55,4.641005708191658e-41,5.855767084015986e-30,0.012158438451300324,0.0,0.0
16.816666666666666,0.018723404,0.011475852953750447,5.772356089282267e-140,1.0438000944474314e-15,6.52810003478264e-14,1.2329546495980812e-55,3.2967476775733023e-41,4.348753920681598e-30,0.011475852953684121,0.0,0.0
16.833333333333332,0.018723404,0.01082401672851415,3.4038622311024958e-140,9.663248665762167e-16,6.036380179083535e-14,8.516745134127385e-56,2.341678996773692e-41,3.229266531021046e-30,0.010824016728452821,0.0,0.0
16.85,0.018723404,0.010202307165916325,2.0072017601441117e-140,8.945919807209816e-16,5.5816336666312404e-14,5.882718707495489e-56,1.6631722864299856e-41,2.3977353293944994e-30,0.010202307165859613,0.0,0.0
16.866666666666667,0.018723404,0.009610023471727071,1.183614505971906e-140,8.281764612970564e-16,5.16108554265953e-14,4.063127975056544e-56,1.181178481598085e-41,1.7801522902174768e-30,0.009610023471674632,0.0,0.0
16.883333333333333,0.018723404,0.009046400275788579,6.979586969674569e-141,7.666847344137989e-16,4.772168712640864e-14,2.8062154560533356e-56,8.388076834088319e-42,1.3215144149565821e-30,0.00904640027574009,0.0,0.0
16.9,0.0140425535,0.008510619928182125,4.1157535437645465e-141,7.097523114463314e-16,4.412508404727553e-14,1.9380265326005833e-56,5.956320210574547e-42,9.809474679454545e-31,0.00851061992813729,0.0,0.0
16.916666666666668,0.0140425535,0.00800182356439494,2.426996730580613e-141,6.570416431842875e-16,4.079907791056152e-14,1.3383716312149102e-56,4.2292427597981515e-42,7.28079759668244e-31,0.008001823564353484,0.0,0.0
16.933333333333334,0.0140425535,0.0075191210206126,1.431163376290369e-141,6.082401320200157e-16,3.772334681686233e-14,9.242131135702793e-57,3.00273015842996e-42,5.403458098326843e-31,0.007519121020574269,0.0,0.0
16.95,0.0140425535,0.007061599679093802,8.439358353990735e-142,5.630582905583096e-16,3.487909211343093e-14,6.381841756128705e-57,2.131764788332368e-42,4.009816502967563e-31,0.00706159967905836,0.0,0.0
16.966666666666665,0.0140425535,0.006628332321705562,4.9765667517903415e-142,5.21228035882294e-16,3.224892445062321e-14,4.4065483285903657e-57,1.5133233095868402e-42,2.975345107976849e-31,0.006628332321672792,0.0,0.0
16.983333333333334,0.018723404,0.006218384067247934,2.9346102454529485e-142,4.825011094998778e-16,2.981675834319637e-14,3.0424941033834093e-57,1.074221368733289e-42,2.207550178754393e-31,0.006218384067217635,0.0,0.0
17.0,0.0140425535,0.0058308184653275055,1.730498450988322e-142,4.466476137274009e-16,2.7567714603122685e-14,2.100582549023907e-57,7.624750729745401e-43,1.637738138905289e-31,0.005830818465299491,0.0,0.0
17.016666666666666,0.0140425535,0.0054647028163482105,1.020451079517891e-142,4.134546559455276e-16,2.548803005761064e-14,1.4502025349094326e-57,5.411622298068202e-43,1.2148963608776774e-31,0.005464702816322309,0.0,0.0
17.033333333333335,0.0140425535,0.0051191127837838185,6.01746194617877e-143,3.8272509279145566e-16,2.3564974009614195e-14,1.0011440328093548e-57,3.840603163010935e-43,9.011459505749916e-32,0.005119112783759871,0.0,0.0
17.05,0.0140425535,0.004793136361347366,3.548417426989225e-143,3.5427636693396476e-16,2.1786770938418787e-14,6.911042439282962e-58,2.725471767683031e-43,6.683630307097537e-32,0.004793136361325225,0.0,0.0
17.066666666666666,0.0140425535,0.004485877254053859,2.0924555532838575e-143,3.2793942961798327e-16,2.0142528975247813e-14,4.770564219381315e-58,1.9339907737941395e-43,4.956685060114973e-32,0.004485877254033388,0.0,0.0
17.083333333333332,0.0140425535,0.004196457728538212,1.23389432459534e-143,3.0355774266592526e-16,1.8622173723417235e-14,3.292874801781623e-58,1.3722641820196233e-43,3.675632577422637e-32,0.004196457728519286,0.0,0.0
17.1,0.0140425535,0.003924020984378733,7.276120413587116e-144,2.809863540865485e-16,1.7216387024562145e-14,2.2727939862925494e-58,9.736252710320534e-44,2.725429527604079e-32,0.003924020984361236,0.0,0.0
17.116666666666667,0.0140425535,0.0036677330946331002,4.2906389815796137e-144,2.600910418721252e-16,1.5916550302108596e-14,1.568644024558993e-58,6.907436273073399e-44,2.020692151277425e-32,0.0036677330946169235,0.0,0.0
17.133333333333333,0.0140425535,0.0034267845603390065,2.5301382688198688e-144,2.4074752096271586e-16,1.4714692140594046e-14,1.0826006814678385e-58,4.900191278823565e-44,1.4980555510005926e-32,0.003426784560324051,0.0,0.0
17.15,0.0140425535,0.00320039152039553,1.4919927784952938e-144,2.2284070872560187e-16,1.3603439784851114e-14,7.471225671693888e-59,3.476005322473292e-44,1.1104997836016003e-32,0.003200391520381704,0.0,0.0
17.166666666666668,0.0140425535,0.0029877966550321327,8.798109652834673e-145,2.062640446397574e-16,1.2575974266578086e-14,5.155789379259573e-59,2.4655808109616434e-44,8.231368855164695e-33,0.0029877966550193504,0.0,0.0
17.183333333333334,0.009361702,0.0027882698180105385,5.188146163525773e-145,1.9091886019217385e-16,1.1625988887596968e-14,3.557773751131e-59,1.7487575917569255e-44,6.100829664118263e-33,0.0027882698179987216,0.0,0.0
17.2,0.009361702,0.0026011084297917725,3.059392640904903e-145,1.7671379528645923e-16,1.0747650809249528e-14,2.45494305744393e-59,1.240257037671446e-44,4.521361288919854e-33,0.002601108429780848,0.0,0.0
17.216666666666665,0.009361702,0.0024256376611478054,1.8040908943311282e-145,1.6356425773627214e-16,9.93556551604577e-15,1.6938874391547816e-59,8.795603724184542e-45,3.350527768467711e-33,0.0024256376611377062,0.0,0.0
17.233333333333334,0.009361702,0.0022612104341001187,1.0638534167038326e-145,1.5139192266819555e-16,9.1847439389449e-15,1.1687127716884695e-59,6.237228095731173e-45,2.4826823105270854e-33,0.0022612104340907825,0.0,0.0
17.25,0.009361702,0.0021072072646325245,6.273434264714255e-146,1.4012426889228947e-16,8.490572039642548e-15,8.063270694460493e-60,4.422723258522035e-45,1.8394721398991695e-33,0.002107207264623894,0.0,0.0
17.266666666666666,0.009361702,0.0019630359693458763,3.6993812479015155e-146,1.2969414951498215e-16,7.848782672032583e-15,5.562819724089837e-60,3.135885656845361e-45,1.3627921773140158e-33,0.001963035969337898,0.0,0.0
17.283333333333335,0.009361702,0.0018281312560992312,2.181488910214021e-146,1.2003939426958502e-16,7.255429550720203e-15,3.837594792927299e-60,2.2233259328438534e-45,1.0095564702296749e-33,0.0018281312560918558,0.0,0.0
17.3,0.009361702,0.0017019542167066677,1.2864031870345479e-146,1.1110244122544887e-16,6.70686316913669e-15,2.6473034061145554e-60,1.5762266121098298e-45,7.478188026628865e-34,0.0017019542166998498,0.0,0.0
17.316666666666666,0.009361702,0.0015839917379296912,7.585799918339528e-147,1.0282999570899306e-16,6.1997085215479425e-15,1.8261181777682206e-60,1.1173955286026058e-45,5.538946044181593e-34,0.0015839917379233887,0.0,0.0
17.333333333333332,0.009361702,0.0014737558453153425,4.4732774728123807e-147,9.517271442939985e-17,5.730844494117041e-15,1.2596058997863503e-60,7.920782674295434e-46,4.102259102310578e-34,0.0014737558453095164,0.0,0.0
17.35,0.004680851,0.0013707829928713343,2.637852268162483e-147,8.808491294948259e-17,5.297384800233483e-15,8.688028239469804e-61,5.61438645345893e-46,3.0379767470208846e-34,0.0013707829928659488,0.0,0.0
17.366666666666667,0.004680851,0.0012746333101384317,1.5555188479935398e-147,8.15242947792609e-17,4.896660344634263e-15,5.992231428731927e-61,3.97932753102689e-46,2.2496316518081312e-34,0.0012746333101334535,0.0,0.0
17.383333333333333,0.004680851,0.0011848898169069615,9.172764895015016e-148,7.545170049656861e-17,4.526202909455428e-15,4.13272810354425e-61,2.820268055542079e-46,1.6657284202799979e-34,0.00118488981690236,0.0,0.0
17.4,0.004680851,0.0011011576146248106,5.409105133291051e-148,6.983087541663537e-17,4.183730063330074e-15,2.850139219620352e-61,1.9986858921392156e-46,1.2332837017974631e-34,0.001101157614620557,0.0,0.0
17.416666666666668,0.004680851,0.0010230630624485557,3.1897067543529924e-148,6.46282544414357e-17,3.8671312020271524e-15,1.965515097641151e-61,1.4163555884311153e-46,9.13036213273901e-35,0.001023063062444624,0.0,0.0
17.433333333333334,0.004680851,0.000950252944893722,1.8809457420495052e-148,5.981276282051025e-17,3.574454635958574e-15,1.3554011378080347e-61,1.00363034876299e-46,6.758952992544474e-35,0.0009502529448900878,0.0,0.0
17.45,0.004680851,0.0008823936371354947,1.1091798007761395e-148,5.5355631648426075e-17,3.3038956462030254e-15,9.34631775815118e-62,7.111302248516714e-47,5.003080111760666e-35,0.0008823936371321354,0.0,0.0
17.466666666666665,0.004680851,0.0008191702731931952,6.540753911321762e-149,5.123022701065685e-17,3.0537854365482396e-15,6.4445790469913e-62,5.038467849399414e-47,3.7030731457232876e-35,0.0008191702731900902,0.0,0.0
17.483333333333334,0.004680851,0.0007602859214921358,3.8570373113378343e-149,4.741189176986766e-17,2.8225809144670357e-15,4.44354891892879e-62,3.5696199575226363e-47,2.7406534244388466e-35,0.0007602859214892658,0.0,0.0
17.5,0.004680851,0.0007054607716312138,2.274469109954742e-149,4.387779905891861e-17,2.6088552389558235e-15,3.0637043639761796e-62,2.5288306022523923e-47,2.028211001598896e-35,0.000705460771628561,0.0,0.0
17.516666666666666,0.004680851,0.0006544313355904913,1.341239755267579e-149,4.06068166157446e-17,2.4112890778008084e-15,2.112249927580302e-62,1.7913972172791235e-47,1.5008577232008052e-35,0.0006544313355839163,4.123113594804398e-15,0.0
17.533333333333335,0.004680851,0.0006069503547132218,7.909207396919286e-150,3.7579381159072157e-17,2.2286625211320333e-15,1.4562146357596719e-62,1.268932679445596e-47,1.110538138374602e-35,0.0006069496660427882,6.8866816745289e-10,0.0
17.55,0.004680851,0.000562860317870238,4.664012232398115e-150,3.47773820629937e-17,2.0598476020953496e-15,1.0038924724538613e-62,8.98793511560294e-48,8.216657424983778e-36,0.0005627825940863155,7.77237818278692e-08,0.0
17.566666666666666,0.004680851,0.0005231432943163212,2.7503411582956366e-150,3.2184053643168497e-17,1.9038013791494234e-15,6.920393683290847e-63,6.365845047019124e-48,6.078897447138273e-36,0.0005217109880103931,1.4323063039921237e-06,0.0
17.583333333333332,0.004680851,0.0004948736746010562,1.6218609786809832e-150,2.978387541813683e-17,1.7595595378975593e-15,4.7704162952838364e-63,4.508448502875963e-48,4.496996708843828e-36,0.000483529034699585,1.1344639899681779e-05,0.0
17.6,0.004680851,0.0005030580526494987,9.564028270669777e-151,2.7562479756178457e-17,1.6262304735106601e-15,3.2882415439340897e-63,3.192810962534923e-48,3.326508370895449e-36,0.0004480435446338067,5.501450801403822e-05,0.0
17.616666666666667,0.009361702,0.0006085884002278745,5.6398589952492414e-151,2.5506566361684665e-17,1.5029898177118697e-15,2.2664866987326291e-63,2.2609682641277607e-48,2.460498753423575e-36,0.0004150732813141558,0.0001935151189121901,0.0
17.633333333333333,0.009361702,0.000927112043456873,3.3257975514949146e-151,2.36038230952932e-17,1.3890753769883126e-15,1.5621572359053241e-63,1.6009988488298568e-48,1.819811202147647e-36,0.000384448315636464,0.0005426637278189963,0.0
17.65,0.009361702,0.0016417305013329522,1.9612074758270213e-151,2.184285265939303e-17,1.2837824511905807e-15,1.0766598022121132e-63,1.1336082275298597e-48,1.345855245800269e-36,0.0003560094055166627,0.0012857210958149839,0.0
17.666666666666668,0.0140425535,0.003003731540777675,1.1565154475519107e-151,2.0213104715174706e-17,1.1864595039879576e-15,7.420181222465679e-64,8.026209624065494e-49,9.952664793684204e-37,0.00032960740087669386,0.002674124139899775,0.0
17.683333333333334,0.018723404,0.005318902786631137,6.819923491851469e-152,1.870481302944215e-17,1.0965041587837637e-15,5.1136719100408595e-64,5.682424424052235e-49,7.359521608510023e-37,0.0003051026739315788,0.005013800112698443,0.0
17.7,0.023404256,0.008920763772324685,4.021682055912054e-152,1.7308937279072485e-17,1.0133594956709168e-15,3.5239814909465785e-64,4.022838711882908e-49,5.441631724901246e-37,0.00028236457457382164,0.008638399197749834,0.0
17.716666666666665,0.028085107,0.014135033138315408,2.3715709929539535e-152,1.6017109168501584e-17,9.365106268370085e-16,2.4283811947090165e-64,2.8477868180375536e-49,4.023261241749193e-37,0.0002612709105289129,0.013873762227785542,0.0
17.733333333333334,0.037446808,0.021241201599736786,1.398507150731192e-152,1.482158254106534e-17,8.654815295195493e-16,1.673334100460183e-64,2.0158506437420856e-49,2.9743838543940275e-37,0.00024170745185218598,0.02099949414788372,0.0
17.75,0.04680851,0.030437165487496306,8.246951062627326e-153,1.3715187188610973e-17,7.998321171780179e-16,1.153004742339024e-64,1.4268731569290205e-49,2.198799650231218e-37,0.00022356745925141555,0.03021359802824408,0.0
17.766666666666666,0.056170214,0.04181181490220598,4.863201986274778e-153,1.2691286085631753e-17,7.391555309972932e-16,7.944420623695357e-65,1.009923880129739e-49,1.6253404087351587e-37,0.00020675123564876645,0.04160506366655646,0.0
17.783333333333335,0.07021277,0.05532874343272057,2.8678165167552373e-153,1.174373579441591e-17,6.830756351779892e-16,5.473638907198431e-65,7.1477324679798485e-50,1.2013600920577175e-37,0.00019116570033884795,0.055137577732381024,0.0
17.8,0.079574466,0.07082232324348796,1.6911439595405964e-153,1.0866849806429696e-17,6.31244700708432e-16,3.771142181795741e-65,5.058531121253705e-50,8.879171161864541e-38,0.00017672398505457528,0.07064559925843274,0.0
17.816666666666666,0.09829787,0.08800563798551166,9.972635788336302e-154,1.0055364602513784e-17,5.833412634605435e-16,2.59808042289593e-65,3.5797868477869703e-50,6.56208989989844e-38,0.00016334505121824995,0.08784229293429281,0.0
17.833333333333332,0.11234043,0.10648841678305213,5.8808418489858864e-154,9.304408230550248e-18,5.390681435135529e-16,1.7898443539237772e-65,2.533183372210511e-50,4.84933968279963e-38,0.00015095332763041933,0.10633746345542115,0.0
17.85,0.13106383,0.12580226381908602,3.467921065247578e-154,8.609471214137346e-18,4.981506135910035e-16,1.2329941170492763e-65,1.7924742320308512e-50,3.5833883637745237e-38,0.00013947836783216347,0.12566278545125334,0.0
17.866666666666667,0.14978723,0.14543012374031974,2.045027104428972e-154,7.966379619606427e-18,4.603347054053769e-16,8.493562284221736e-66,1.2682829610334765e-50,2.647744977152701e-38,0.00012885452636686985,0.1453012692139524,0.0
17.883333333333333,0.16382979,0.1648369881813054,1.2059494223096063e-154,7.371270121478624e-18,4.253856435449447e-16,5.850620790813936e-66,8.973388081425946e-51,1.956273558392469e-38,0.00011902065316395642,0.16471796752814102,0.0
17.9,0.18255319,0.18349922278776737,7.111468315035866e-155,6.820566918293653e-18,3.9308639731529044e-16,4.0299280904470655e-66,6.348540724800714e-51,1.4452877820968258e-38,0.00010991980526886425,0.18338930298249811,0.0
17.916666666666668,0.2012766,0.20093045847588034,4.193625309670394e-155,6.310960361692776e-18,3.6323634166709663e-16,2.7757221086825903e-66,4.491264639482411e-51,1.0677032063473395e-38,0.00010149897514984295,0.20082895950073013,0.0
17.933333333333334,0.21531914,0.21670263684026306,2.4729772963254623e-155,5.839387171784781e-18,3.356500190074704e-16,1.9117807412092038e-66,3.1771723005791117e-51,7.887118850243632e-39,9.370883482225571e-05,0.21660892800544046,0.0
17.95,0.2293617,0.23046144008308214,1.458313152070314e-155,5.403012121219023e-18,3.1015599430760596e-16,1.3166903664758074e-66,2.2474517855254965e-51,5.825832561167654e-39,8.650349504441961e-05,0.2303749365880374,0.0
17.966666666666665,0.2387234,0.24193590812723156,8.599666595533849e-156,4.999211079092719e-18,2.865957964893051e-16,9.068026478098723e-67,1.5897088846780113e-51,4.302982084676098e-39,7.984027885509706e-05,0.24185606784837618,0.0
17.983333333333334,0.2480851,0.2509425118602128,5.071221659439781e-156,4.625555313876575e-18,2.6482293959957597e-16,6.24490037017958e-67,1.1244043782238231e-51,3.1779945879684034e-39,7.367950874090095e-05,0.25086883235147167,0.0
18.0,0.2574468,0.25738429517732225,2.990499474795102e-156,4.279796962006637e-18,2.447020177700773e-16,4.300529475495111e-67,7.952529143418036e-52,2.3469778629895246e-39,6.798430674189877e-05,0.2573163108705801,0.0
18.016666666666666,0.26212767,0.26124591966309474,1.7634982140523951e-156,3.959855575701104e-18,2.2610786840887503e-16,2.9614342141941197e-67,5.624267013909074e-52,1.7331542060500013e-39,6.272040682501478e-05,0.2611831992562695,0.0
18.03333333333333,0.2668085,0.2625855559124219,1.0399356687139482e-156,3.6638056699634926e-18,2.089247984892898e-16,2.0392293026426798e-67,3.977448974465404e-52,1.2797877123793343e-39,5.785597887727584e-05,0.2625276999335444,0.0
18.05,0.26212767,0.26152458309337184,6.132507392512626e-157,3.3898651946576627e-18,1.9304586918615654e-16,1.4041513272307665e-67,2.812687166356518e-52,9.449554416444174e-40,5.336146369405533e-05,0.26147122162967756,0.0
18.066666666666663,0.2574468,0.2582360048919932,3.616344887114739e-157,3.136384863032686e-18,1.783722344669022e-16,9.66820187480049e-68,1.988916166925494e-52,6.976820220675622e-40,4.920941836115516e-05,0.2581867954736319,0.0
18.08333333333333,0.25276595,0.252932387097224,2.1325624535434953e-157,2.9018382731552493e-18,1.6481252957477431e-16,6.656738759937804e-68,1.4063384744740617e-52,5.150823691462626e-40,4.537437145346671e-05,0.25288701272577035,0.0
18.1,0.2480851,0.2458539895749975,1.2575748107540028e-157,2.6848127634186793e-18,1.5228230564713325e-16,4.583121705386937e-68,9.943554865311702e-53,3.8024974305762685e-40,4.18326874970224e-05,0.2458121568875003,0.0
18.116666666666667,0.2387234,0.2372576200109365,7.415937400952033e-158,2.4840009476526836e-18,1.4070350699392584e-16,3.1553344829937834e-68,7.030270364338036e-53,2.8069482563351182e-40,3.856244016514148e-05,0.23721905757077122,0.0
18.133333333333333,0.2293617,0.22740659178330072,4.373190884954572e-158,2.2981928793964767e-18,1.3000398782281666e-16,2.172269066812374e-68,4.970281846277911e-53,2.0719213086801073e-40,3.5543293703125305e-05,0.22737104848959747,0.0
18.15,0.21531914,0.21656203327904802,2.57887900473543e-158,2.1262687986365537e-18,1.201170654391741e-16,1.4954300252350857e-68,3.5137328805080112e-53,1.529275102199555e-40,3.275639209938467e-05,0.2165292768869485,0.0
18.166666666666668,0.2012766,0.20497567718909648,1.520770402110177e-158,1.9671924177699466e-18,1.1098110717245909e-16,1.0294444142115193e-68,2.4839068429945913e-53,1.1286820732266814e-40,3.018425554380437e-05,0.20494549293355258,0.0
18.183333333333334,0.19191489,0.192884159279596,8.968018363336943e-159,1.8200047067600562e-18,1.0253914848741327e-16,7.086374438078126e-69,1.7558232625914755e-53,8.329739527593131e-41,2.781068373664213e-05,0.19285634859585926,0.0
18.2,0.17787234,0.18050477802047749,5.288463096092152e-159,1.6838181404195787e-18,9.473853992958278e-17,4.877864623404494e-69,1.2410958522457253e-53,6.147027201712051e-41,2.562066563311824e-05,0.18047915735484427,0.0
18.216666666666665,0.16382979,0.16803260873911444,3.118621142165219e-159,1.55781137350386e-18,8.753062073162142e-17,3.357530012089679e-69,8.77220914508549e-54,4.535998506110988e-41,2.3600295230121584e-05,0.16800900844388422,0.0
18.23333333333333,0.14978723,0.15563882695237952,1.8390600507523076e-159,1.4412243118421762e-18,8.087041707033172e-17,2.3109717621611645e-69,6.200002356916364e-54,3.3469934158945144e-41,2.1736693022016283e-05,0.1556170902593574,0.0
18.25,0.14042553,0.14347007278754342,1.0844994914745919e-159,1.3333535500908297e-18,7.471636311571475e-17,1.5905744814096928e-69,4.3818151340332523e-54,2.469511953281832e-41,2.0017932772420252e-05,0.14345005485477091,0.0
18.266666666666666,0.12638298,0.1316486791501235,6.395329794053501e-160,1.23354814887435e-18,6.903004315321171e-17,1.0947074637319766e-69,3.096675239174853e-54,1.8219726685584473e-41,1.843297326797627e-05,0.13163024617685545,0.0
18.28333333333333,0.11702128,0.12027358768474102,3.7713486814085585e-160,1.1412057261003684e-18,6.377595318970333e-17,7.534022364520168e-70,2.1883499848198796e-54,1.344148227685092e-41,1.6971594738543174e-05,0.1202566160900024,0.0
18.3,0.10297872,0.10942178588765993,2.2239784690982214e-160,1.0557688391053595e-18,5.89212805735448e-17,5.184901954193661e-70,1.546384546222736e-54,9.915786780360297e-42,1.5624339645913385e-05,0.10940616154801396,0.0
18.316666666666663,0.09361702,0.09915011351831746,1.3114888979322851e-160,9.767216360198701e-19,5.443570026957167e-17,3.568116852433015e-70,1.0926923842798353e-54,7.314456027370722e-42,1.4382457560074625e-05,0.09913573106075732,0.0
18.33333333333333,0.084255315,0.08949730461665341,7.733904536367363e-161,9.035867563452873e-19,5.0291186532360616e-17,2.455401548117964e-70,7.720725613869649e-55,5.3952534668898673e-42,1.3237853858210064e-05,0.08948406676279515,0.0
18.35,0.079574466,0.0804861512313123,4.560717200893953e-161,8.359224622201321e-19,4.6461838815754924e-17,1.6896275307668202e-70,5.4550432611346994e-55,3.979392371472995e-42,1.2183041997086098e-05,0.08047396818931517,0.0
18.366666666666667,0.07021277,0.07212569503892585,2.689475717582001e-161,7.733199832274445e-19,4.292372084413891e-17,1.1626379190183883e-70,3.8540580289917005e-55,2.9349242078806354e-42,1.121109912417833e-05,0.07211448393980163,0.0
18.383333333333333,0.06553192,0.0644133723709292,1.585996624441234e-161,7.154010588683819e-19,3.965471185194309e-17,7.999873162623748e-71,2.7228164111100215e-55,2.1644739277744772e-42,1.0315624806900129e-05,0.06440305674612226,0.0
18.4,0.060851064,0.05733705605163506,9.352700698889751e-162,6.618156640059363e-19,3.663436907275742e-17,5.504360753434364e-71,1.923528473378079e-55,1.596185244805469e-42,9.490702672620674e-06,0.057327565348962405,0.0
18.416666666666668,0.05148936,0.050876953439660866,5.515335813175241e-162,6.122399036733169e-19,3.384380062862237e-17,3.787179638976045e-71,1.3588112007921405e-55,1.1770361782463924e-42,8.730864764784315e-06,0.050868222574896045,0.0
18.433333333333334,0.05148936,0.04500733391706615,3.2524230515934856e-162,5.66374064652186e-19,3.126554803413499e-17,2.6056147664789422e-71,9.598424304475786e-56,8.67904700345487e-43,8.0310584324391e-06,0.044999302858633676,0.0
18.45,0.04680851,0.03969807071469019,1.9179719254110645e-162,5.239408121611484e-19,2.8883477589197633e-17,1.792626655368595e-71,6.779867177845793e-56,6.399265045389919e-43,7.386615581826939e-06,0.039690684099108337,0.0
18.466666666666665,0.042127658,0.03491599145034197,1.13103906738241e-162,4.846835208610933e-19,2.668267998901051e-17,1.233260698097037e-71,4.788758437078665e-56,4.718067011914678e-43,6.793224129434641e-06,0.03490919822621251,0.0
18.48333333333333,0.037446808,0.030626039227186094,6.66980460421684e-163,4.483647301855646e-19,2.4649377530526463e-17,8.484092365753086e-72,3.3822465624704905e-56,3.478357208590116e-43,6.24690150605185e-06,0.030619792325680018,0.0
18.5,0.037446808,0.026792251787552346,3.933224723301464e-163,4.1476471474666455e-19,2.2770838341417877e-17,5.836350902033107e-72,2.388736654685218e-56,2.564250448939207e-43,5.743970070972443e-06,0.02678650781748135,0.0
18.516666666666666,0.03276596,0.02337857026769337,2.3194475346305794e-163,3.8368016125439264e-19,2.103529710090038e-17,4.01479125121146e-72,1.6869882003681224e-56,1.8902663525056095e-43,5.281034304521374e-06,0.023373289233388828,0.0
18.53333333333333,0.028085107,0.020349491788453824,1.3677933554299839e-163,3.549229440232618e-19,1.9431881761787717e-17,2.7616597136511016e-72,1.1913425755042799e-56,1.3933556616970535e-43,4.854959655614294e-06,0.02034463682879819,0.0
18.55,0.028085107,0.017670581679155674,8.065969378908844e-164,3.2831899172938056e-19,1.79505458201828e-17,1.8996038315622553e-72,8.412831903286052e-57,1.0270166966362094e-43,4.462852929092955e-06,0.017666118826226564,0.0
18.566666666666663,0.028085107,0.015308861787710164,4.756557934707204e-164,3.037072386263154e-19,1.6582005713433186e-17,1.3065969516111585e-72,5.940578992631602e-57,7.569543183781992e-44,4.102044105136536e-06,0.01530475974360501,0.0
18.58333333333333,0.023404256,0.013233091279978458,2.8049760331631272e-164,2.8093865393280447e-19,1.531768295862819e-17,8.986819730664691e-73,4.19465683812708e-57,5.578771848674254e-44,3.7700694901589675e-06,0.013229321210488284,0.0
18.6,0.023404256,0.011413955753165412,1.6541148500159198e-164,2.598753435730861e-19,1.414965067319974e-17,6.180964646037599e-73,2.9617287473346526e-57,4.1113495878065166e-44,3.464656105288737e-06,0.011410491097060108,0.0
18.616666666666667,0.023404256,0.009824179533995711,9.754439236771478e-165,2.4038971888289153e-19,1.3070584146229005e-17,4.251012504975015e-73,2.0911028203882172e-57,3.029752831467695e-44,3.183707224798662e-06,0.009820995826770899,0.0
18.633333333333333,0.023404256,0.00843857483041366,5.752267788756318e-165,2.223637272948828e-19,1.2073715154092887e-17,2.9235764342770164e-73,1.476341541565566e-57,2.232580323784136e-44,2.925288982746348e-06,0.008435649541430902,0.0
18.65,0.018723404,0.00723404005966747,3.392157623805187e-165,2.0568814038818657e-19,1.1152789737227277e-17,2.0105853918395827e-73,1.0422687560844299e-57,1.6450692914927004e-44,2.6876179716130765e-06,0.007231352441695846,0.0
18.666666666666668,0.018723404,0.006189518268439296,2.0003827153217671e-165,1.9026189502976417e-19,1.030202917616063e-17,1.3826639703862277e-73,7.357903801848775e-58,1.2121004637935784e-44,2.4690497619054714e-06,0.00618704921867738,0.0
18.683333333333334,0.018723404,0.005285925155646663,1.1796422039905844e-165,1.7599148365323068e-19,9.516093924761103e-18,9.508168619238241e-74,5.194097281062756e-58,8.930390867151068e-45,2.268068276539513e-06,0.0052836570873701135,0.0
18.7,0.018723404,0.004506054852436457,6.956449710285996e-166,1.6279039001485467e-19,8.79005027692069e-18,6.538276183261523e-74,3.66646649218887e-58,6.579302492101936e-45,2.0832759583693613e-06,0.004503971576478079,0.0
18.716666666666665,0.018723404,0.003834470339613813,4.1022784617021496e-166,1.5057856703883133e-19,8.119339559812842e-18,4.495891876181432e-74,2.5880168979827313e-58,4.846931525289219e-45,1.913384673477557e-06,0.0038325569549403273,0.0
18.73333333333333,0.0140425535,0.003257384211598464,2.419149803293035e-166,1.3928195361594663e-19,7.499749662487086e-18,3.0913965366795735e-74,1.8267045895417833e-58,3.5705215999291835e-45,1.7572072968195434e-06,0.003255627004301637,0.0
18.75,0.0140425535,0.0027625344401059383,1.4265944372057683e-166,1.2883202745309811e-19,6.927388723019816e-18,2.1255919015989804e-74,1.2892924375851969e-58,2.630112353175836e-45,1.6136499305357009e-06,0.0027609207901753956,0.0
18.766666666666666,0.0140425535,0.002339058854980286,8.412758612181231e-167,1.1916539128720167e-19,6.3986608108021946e-18,1.4614751031790734e-74,9.099479090553585e-59,1.9372911678735894e-45,1.4817047087189102e-06,0.0023375771502715604,0.0
18.78333333333333,0.0140425535,0.001977371243393946,4.96108270302214e-167,1.1022338997686744e-19,5.910243452898026e-18,1.0048225449776661e-74,6.421902169859327e-59,1.4269000766586918e-45,1.3604431456715633e-06,0.0019760108002482685,0.0
18.8,0.0140425535,0.0016690412674581876,2.9255979505458895e-167,1.0195175617041916e-19,5.459066864828976e-18,6.9083412974184605e-75,4.5320320630850805e-59,1.0509217805146609e-45,1.2490099877171345e-06,0.0016677922574704648,0.0
18.816666666666663,0.0140425535,0.001406679806887823,1.7252536541910155e-167,9.43002824201e-20,5.042294756701232e-18,4.749465256999201e-75,3.1981915596079773e-59,7.739724399005615e-46,1.1466175314589882e-06,0.0014055331893563588,0.0
18.83333333333333,0.0140425535,0.001183830838768474,1.0173992311455839e-167,8.722251777087572e-20,4.6573065953485704e-18,3.2651430304588323e-75,2.256826943829335e-59,5.699791554708525e-46,1.0525403740169817e-06,0.0011827782983944524,0.0
18.85,0.0140425535,0.0009948705607678264,5.999706286709522e-168,8.06754869991467e-20,4.3016812121970515e-18,2.2446380510385786e-75,1.592481533583415e-59,4.197308839185632e-46,9.66110563233293e-07,0.0009939044502045888,0.0
18.866666666666667,0.009361702,0.0008349141370628979,3.538088653952832e-168,7.461943081244413e-20,3.973181654893268e-18,1.5430396847529386e-75,1.1236549982196427e-59,3.0907327507806764e-46,8.867131181303966e-07,0.0008340274239447634,0.0
18.883333333333333,0.009361702,0.0006997301877139615,2.0864480062162199e-168,6.901756544702317e-20,3.669741188454329e-18,1.0607049218787853e-75,7.928190580991206e-60,2.2757820006380888e-46,8.137818920404668e-07,0.0006989164058219174,0.0
18.9,0.009361702,0.0005856629425169622,1.2304006653732256e-168,6.383586021670797e-20,3.3894503588304847e-18,7.291197040379867e-76,5.59368181633725e-60,1.6756319683370505e-46,7.467957528158132e-07,0.0005849161467641429,0.0
18.916666666666668,0.009361702,0.0004895618304864304,7.255806334423262e-169,5.904283167405184e-20,3.1305450383586558e-18,5.0117557448697736e-76,3.946427183190278e-60,1.2336884256694674e-46,6.852750563807369e-07,0.0004888765554300464,0.0
18.933333333333334,0.009361702,0.0004087181678347005,4.2788291080329643e-169,5.460935314465379e-20,2.891395378682351e-18,3.444830186501265e-76,2.78415339385694e-60,9.082623558835219e-47,6.287783916100261e-07,0.0004080893894430875,0.0
18.95,0.009361702,0.0003408085332357637,2.5232735451378237e-169,5.0508478487781056e-20,2.6704956023447705e-18,2.367732562337546e-76,1.964106473984553e-60,6.686459337196211e-47,5.768995761223594e-07,0.0003402316336596386,0.0
18.966666666666665,0.009361702,0.0002838443727912211,1.488003184429903e-169,4.671527902191804e-20,2.4664545694711113e-18,1.6273629743864022e-76,1.3855422378621186e-60,4.922211450142154e-47,5.292648840689473e-07,0.00028331510790714965,0.0
18.98333333333333,0.009361702,0.0002361273527938478,8.774927153967598e-170,4.320669263293864e-20,2.2779870607685046e-18,1.1184671093946853e-76,9.773665204009451e-61,3.6232940934876446e-47,4.855304883840915e-07,0.00023564182230546138,0.0
19.0,0.009361702,0.00019620997126774375,5.174677774530718e-170,3.996138415580759e-20,2.1039057225229223e-18,7.686861462965817e-77,6.89410929018043e-61,2.66701993639021e-47,4.4538010125341164e-07,0.0001957645911664882,0.0
19.016666666666666,0.009361702,0.0001628609452531936,3.0515692899167763e-170,3.695961618849222e-20,1.94311362338586e-18,5.282773464632629e-77,4.862750163660568e-61,1.9630365649717279e-47,4.085227977531972e-07,0.00016245242245543844,0.0
19.03333333333333,0.009361702,0.00013503490648045807,1.7995474046590454e-170,3.418312955945044e-20,1.7945973765455515e-18,3.6304634195650766e-77,3.429800886062251e-61,1.444807745116228e-47,3.7469100872650485e-07,0.00013466021547172975,0.0
19.05,0.009361702,0.00011184596062590251,1.0612152419693336e-170,3.1615032728137e-20,1.6574207843934133e-18,2.494878112231132e-77,2.4190179264275053e-61,1.063338090101451e-47,3.4363866999505043e-07,0.00011150232195590577,0.0
19.066666666666663,0.004680851,9.254469248234626e-05,6.258118719292421e-171,2.9239699451675096e-20,1.5307189660447664e-18,1.7144461048763582e-77,1.706053170169341e-61,7.825505696964076e-48,3.151395159646455e-07,9.222955296638006e-05,0.0
19.08333333333333,0.004680851,7.649822928114881e-05,3.690491820392466e-171,2.7042674100555124e-20,1.413692931075873e-18,1.1781094078598878e-77,1.2031766722488889e-61,5.758816967011186e-48,2.8898550657200077e-07,7.620924377457537e-05,0.0
19.1,0.004680851,6.317300564620322e-05,2.1763303923550604e-171,2.5010584052273894e-20,1.3056045656170847e-18,8.095333394517163e-78,8.484957629996285e-62,4.237737516986441e-48,2.649853773468738e-07,6.290802026885501e-05,0.0
19.116666666666667,0.004680851,5.2119905140613184e-05,1.2834103491279845e-171,2.3131058634382654e-20,1.205771999505934e-18,5.562515423887798e-78,5.983474644201993e-62,3.1182780372528146e-48,2.42963303129134e-07,5.1876941837482824e-05,0.0
19.133333333333333,0.004680851,4.2961484263881895e-05,7.56844007769306e-172,2.1392654127850242e-20,1.113565325576835e-18,3.8220391935193416e-78,4.219303847034323e-62,2.2944347604915315e-48,2.227576666909247e-07,4.2738726597189835e-05,0.0
19.15,0.004680851,3.538101447506892e-05,4.4632102520298826e-172,1.9784784378137315e-20,1.0284026443570725e-18,2.626071270028972e-78,2.975169991753612e-62,1.688172322724447e-48,2.0421992417282154e-07,3.517679455089505e-05,0.0
19.166666666666668,0.004680851,2.911310594413163e-05,2.632015510333628e-172,1.8297656595125554e-20,9.497464094638364e-19,1.8042860420629103e-78,2.097811548575022e-62,1.2420472327726092e-48,1.8721355985309023e-07,2.892589238427757e-05,0.0
19.183333333333334,0.004680851,2.393570300601985e-05,1.552135639720995e-172,1.6922211954305325e-20,8.771000508711243e-19,1.2396292747949393e-78,1.4791251742959389e-62,9.137761302429203e-49,1.7161312333504416e-07,2.3764089882683912e-05,0.0
19.2,0.004680851,1.966326556113562e-05,9.153159419873026e-173,1.5650070640540717e-20,8.1000485494595e-19,8.51659227130058e-79,1.042862908845891e-62,6.7223629411297675e-49,1.573033427614444e-07,1.950596221837335e-05,0.0
19.216666666666665,0.004680851,1.6140972872747285e-05,5.397746815315578e-173,1.4473481002501557e-20,7.480370817539349e-19,5.850965401636498e-79,7.352472610130801e-63,4.945208878681503e-49,1.441783081504716e-07,1.599679456459605e-05,0.0
19.23333333333333,0.004680851,1.3239806364867771e-05,3.1831281321944997e-173,1.3385272510616666e-20,6.908053016128576e-19,4.019544949247932e-79,5.183505644990202e-63,3.637708941433132e-49,1.3214071939715234e-07,1.3107665645469915e-05,0.0
19.25,0.004680851,1.0852386180694789e-05,1.8771365207508808e-173,1.2378812234326718e-20,6.379479342399578e-19,2.761302451061434e-79,3.654245893600197e-63,2.6757896166283704e-49,1.2110119390041173e-07,1.0731284986793727e-05,0.0
19.266666666666666,0.004680851,8.889452514125332e-06,1.1069747749960942e-173,1.1447964575635411e-20,5.891309751021535e-19,1.8968755548642167e-79,2.576060479707932e-63,1.968143568845509e-49,1.1097762916109604e-07,8.778474884963634e-06,0.0
19.28333333333333,0.004680851,7.276897190480599e-06,6.5279935492399715e-174,1.0587054015581694e-20,5.440458947458668e-19,1.3030213056825281e-79,1.815927485134031e-63,1.4475796405312196e-49,1.0169461605279009e-07,7.175202574427254e-06,0.0
19.3,0.004680851,5.953263776672385e-06,3.8496552167644603e-174,9.790830648434561e-21,5.024076979626653e-19,8.9505980136339e-80,1.2800448072555307e-63,1.0646555469763037e-49,9.318289879714266e-08,5.86008087787473e-06,0.0
19.316666666666663,0.004680851,4.867645781612371e-06,2.2701997903693194e-174,9.054438295220902e-21,4.639531306441555e-19,6.148093870081811e-80,9.022691921454256e-64,7.829910964143554e-50,8.537887798048598e-08,4.782266903631412e-06,0.0
19.33333333333333,0.004680851,3.977922402267634e-06,1.3387714714888031e-174,8.373385003754709e-21,4.284390231013163e-19,4.222959055128134e-80,6.359623924299645e-64,5.758185570784672e-50,7.822415323071019e-08,3.899698249036487e-06,0.0
19.35,0.004680851,3.2492799143887866e-06,7.8949420118991e-175,7.743515756745695e-21,3.956407594759526e-19,2.9005558855001204e-80,4.482405598113873e-64,4.2344372716966406e-50,7.166510243437309e-08,3.17761481195401e-06,0.0
19.366666666666667,0.004680851,2.6529743292348083e-06,4.655770505737418e-175,7.160987222879743e-21,3.653508636587434e-19,1.9922031957698983e-80,3.1591870681595406e-64,3.113773699372023e-50,6.565249461516931e-08,2.5873218346192666e-06,0.0
19.383333333333333,0.004680851,2.165297461094507e-06,2.745581309013322e-175,6.6222443981008805e-21,3.3737769285636005e-19,1.3682772218602335e-80,2.2265070240499803e-64,2.2896007861789527e-50,6.014113381789238e-08,2.1051563272762707e-06,0.0
19.4,0.004680851,1.766714189072794e-06,1.6191130711912504e-175,6.123998995738257e-21,3.1154423062286755e-19,9.39729095146314e-81,1.569124461880109e-64,1.683503188359681e-50,5.5089531548161916e-08,1.7116246575243145e-06,0.0
19.416666666666668,0.004680851,1.4411435554374592e-06,9.54817064479857e-176,5.663209454676615e-21,2.876869717917603e-19,6.453857949398723e-81,1.1057969149708895e-64,1.2377976664509112e-50,5.045960550849731e-08,1.3906839499286685e-06,0.0
19.433333333333334,0.004680851,1.1753605175328873e-06,5.6307116682916596e-176,5.2370624445441044e-21,2.65654892319701e-19,4.432250779939825e-81,7.792522652455996e-65,9.100536475013225e-51,4.621640254730599e-08,1.1291441149853105e-06,0.0
19.45,0.004680851,9.584987473304756e-07,3.3205232787687045e-176,4.842955755932831e-21,2.4530849758369747e-19,3.0438096024318547e-81,5.491178374376323e-65,6.690614814850271e-51,4.2327843899786834e-08,9.161709034304386e-07,0.0
19.466666666666665,0.004680851,7.816379297216359e-07,1.9581677445984134e-176,4.478482472037162e-21,2.265189431641795e-19,2.0902532917154425e-81,3.8693486873277235e-65,4.918660395509967e-51,3.876449094984297e-08,7.428734387715619e-07,0.0
19.48333333333333,0.004680851,6.374616168301771e-07,1.1547643781838145e-176,4.1414163258365504e-21,2.0916722259966272e-19,1.4353858654751978e-81,2.7264345880485616e-65,3.615842490374517e-51,3.549932988062238e-08,6.019622869493414e-07,0.0
19.5,0.004680851,5.199739122300927e-07,6.809841233138803e-177,3.82969815411514e-21,1.931434170177289e-19,9.8565917979396e-82,1.9210437451382995e-65,2.657994654447858e-51,3.2507573709232964e-08,4.874663385206627e-07,0.0
19.516666666666666,0.004680851,4.2426514002624735e-07,4.015879908421967e-177,3.541423366242503e-21,1.7834600193422139e-19,6.768201395153399e-82,1.3535192678721448e-65,1.9538027356314393e-51,2.9766480319257538e-08,3.944986597068079e-07,0.0
19.53333333333333,0.004680851,3.463182466855525e-07,2.3682337674486336e-177,3.274830351772436e-21,1.6468120687029068e-19,4.647380287974986e-82,9.536229736475885e-66,1.4361156381311896e-51,2.725518521364636e-08,3.190630614717382e-07,0.0
19.55,0.004680851,2.828490296910181e-07,1.3965887608993941e-177,3.028289756596972e-21,1.52062423767656e-19,3.191035429027913e-82,6.718527519601372e-66,1.055553557101758e-51,2.4954547811150076e-08,2.5789448187971295e-07,0.0
19.566666666666663,0.004680851,2.3117442253337792e-07,8.235929821347025e-178,2.800294562644324e-21,1.4040966048791796e-19,2.1910059452164236e-82,4.733219949746012e-66,7.758064323904897e-52,2.2847010202209055e-08,2.0832741233102566e-07,0.0
19.58333333333333,0.004680851,1.891040214602881e-07,4.8568741769485503e-178,2.58945091096973e-21,1.2964903596407428e-19,1.5043332014125272e-82,3.3344523858996133e-66,5.7017581804170595e-52,2.0916467365801866e-08,1.6818755409435398e-07,0.0
19.6,0.004680851,1.5485084271714804e-07,2.86418580848162e-178,2.3944696125890723e-21,1.1971231383345114e-19,1.0328401670423632e-82,2.3489710240539148e-66,4.190314340697674e-52,1.9148147927720933e-08,1.35702694789305e-07,0.0
19.616666666666667,0.004680851,1.2695797292969243e-07,1.6890622067287336e-178,2.2141582955635523e-21,1.1053647162217517e-19,7.091054617941882e-83,1.6546881654755048e-66,3.079405473323124e-52,1.7528504613511438e-08,1.0942946831606825e-07,0.0
19.633333333333333,0.004680851,1.0423833970446012e-07,9.960708264800424e-179,2.047414140696496e-21,1.0206330277418883e-19,4.868298656045932e-83,1.1655746155101631e-66,2.2629225527744088e-52,1.6045113616455315e-08,8.819322608790069e-08,0.0
19.65,0.004680851,8.572530149146559e-08,5.874013168261885e-179,1.8932171617672774e-21,9.423904902374154e-20,3.342199004600109e-83,8.21011943660785e-67,1.6628578191948796e-52,1.4686582162880937e-08,7.103871932848853e-08,0.0
19.666666666666668,0.0,7.063214980047911e-08,3.464014732236891e-179,1.750623989522824e-21,8.701406080039789e-20,2.294437045618055e-83,5.7828829252792454e-67,1.2218650122802507e-52,1.3442463614112773e-08,5.718968618627757e-08,0.0
19.683333333333334,0.0,5.831894536472439e-08,2.04279442468467e-179,1.6187621216988592e-21,8.03424835314815e-20,1.5751023260967352e-83,4.0730984847828294e-67,8.977886276281059e-53,1.230317949697685e-08,4.601576586766558e-08,0.0
19.7,0.0,4.8265383311219395e-08,1.204674495846298e-179,1.4968246041652985e-21,7.418196786924639e-20,1.081260215817211e-83,2.868739171012773e-67,6.596412430275023e-53,1.1259947903230156e-08,3.700543540791356e-08,0.0
19.716666666666665,0.0,4.004860973051648e-08,7.104195207867985e-180,1.384065110902477e-21,6.849340202020087e-20,7.422334734759014e-84,2.0204258295015172e-67,4.846457464793333e-53,1.0304717742950633e-08,2.974389198749597e-08,0.0
19.73333333333333,0.0,3.3325100767643985e-08,4.1894805142516455e-180,1.279793392930914e-21,6.324066449264856e-20,5.094947912043978e-84,1.4229200900410285e-67,3.5606065251505193e-53,9.43010837805717e-09,2.3894992389522296e-08,0.0
19.75,0.004680851,2.7815871832386375e-08,2.4706178845197836e-180,1.1833710685532419e-21,5.83903957066789e-20,3.4972598092845943e-84,1.0020835094512903e-67,2.615812471104857e-53,8.629354200040859e-09,1.918651763228594e-08,0.0
19.766666666666666,0.004680851,2.3294414098420414e-08,1.456971660428369e-180,1.0942077293361992e-21,5.39117870292402e-20,2.400518290282535e-84,7.056887246204363e-68,1.921641386822287e-53,7.896253750899133e-09,1.5398160347466277e-08,0.0
19.78333333333333,0.004680851,1.957686262200062e-08,8.592048996706645e-181,1.0117573381737862e-21,4.9776385906315544e-20,1.6476734830421277e-84,4.969450328667376e-68,1.4116312577936957e-53,7.225123018418863e-09,1.2351739603530968e-08,0.0
19.8,0.004680851,1.6513988932560436e-08,5.066901973370173e-181,9.355148975445606e-22,4.5957915865336223e-20,1.1309055435840647e-84,3.4993670288875763e-68,1.0369395606478695e-53,6.610752566570552e-09,9.903236365942991e-09,0.0
19.816666666666663,0.004680851,1.3984683987415805e-08,2.9880535485536814e-181,8.650133677140478e-22,4.243211025434701e-20,7.761945651461802e-85,2.4640905095386118e-68,7.616736732335146e-54,6.048368189036929e-09,7.936315798335579e-09,0.0
19.83333333333333,0.004680851,1.1890657580934695e-08,1.7621154789730699e-181,7.99820816149006e-22,3.9176558670727817e-20,5.327261094609556e-85,1.735041584465681e-68,5.594584504772525e-54,5.533594799002996e-09,6.357062781891724e-09,0.0
19.85,0.004680851,1.0152129858773974e-08,1.0391553361995474e-181,7.395377808138349e-22,3.617056511205876e-20,3.65617120706666e-85,1.2216568779052407e-68,4.1091329423696106e-54,5.06242329144768e-09,5.089706567289384e-09,0.0
19.866666666666667,0.004680851,8.704331346688745e-09,6.128111994151444e-182,6.837948313160289e-22,3.339501695533146e-20,2.5092172155042112e-85,8.601511550809756e-69,3.017978035306706e-54,4.631180135442243e-09,4.073151211212422e-09,0.0
19.883333333333333,0.004680851,7.494661389559346e-09,3.61387419907231e-182,6.322503130687557e-22,3.083226393880502e-20,1.722024085004405e-85,6.056009356207095e-69,2.2164888608972347e-54,4.2364994735386596e-09,3.2581619159892218e-09,0.0
19.9,0.004680851,6.480382379739083e-09,2.131176812328621e-182,5.845882607496383e-22,2.846600638371398e-20,1.1817604421815154e-85,4.263679757865119e-69,1.627791192640827e-54,3.8752975233514e-09,2.605084856358632e-09,0.0
19.916666666666668,0.004680851,5.626749688603442e-09,1.256799643525284e-182,5.405164683620417e-22,2.6281191951104583e-20,8.109778175655708e-86,3.0017114982079645e-69,1.1954063682887785e-54,3.5447490930060836e-09,2.0820005955705366e-09,0.0
19.933333333333334,0.004680851,4.905495674848879e-09,7.411612922031223e-183,4.997647041562676e-22,2.4263920282790066e-20,5.5651623334444655e-86,2.1131956199695415e-69,8.778417491957229e-55,3.2422660373850517e-09,1.6632296374390636e-09,0.0
19.95,0.004680851,4.293601250540218e-09,4.370785815037557e-183,4.62083059547594e-22,2.240135492499946e-20,3.818880502802934e-86,1.4876367123975335e-69,6.446155228985861e-55,2.9654774961282997e-09,1.3281237543890548e-09,0.0
19.966666666666665,0.004680851,3.772300838789031e-09,2.5775460550675394e-183,4.272404219820799e-22,2.068164197913472e-20,2.620497236927019e-86,1.0472263375951261e-69,4.7333564891399494e-55,2.7122117672566777e-09,1.0600890715112437e-09,0.0
19.98333333333333,0.004680851,3.3262766486272644e-09,1.5200345394073019e-183,3.9502306245381817e-22,1.9093834966376077e-20,1.798128742579389e-86,7.371752706502083e-70,3.475534955883402e-55,2.4804796821534604e-09,8.457969664543152e-10,0.0
20.0,0.004680851,2.943006430011344e-09,8.963974083322559e-184,3.6523332907389686e-22,1.7627825431999328e-20,1.233807298023631e-86,5.189046263233272e-70,2.5518677529950422e-55,2.268459358558496e-09,6.745470714348549e-10,0.0
20.016666666666666,0.004680851,2.612235590074239e-09,5.286251738903926e-184,3.3768843873591484e-22,1.627427885140569e-20,8.465710159222843e-87,3.652506185188305e-70,1.8736082395405398e-55,2.074482218268908e-09,5.377533717887196e-10,0.0
20.03333333333333,0.004680851,2.325550026481986e-09,3.117419175818086e-184,3.122193595188086e-22,1.5024575433247194e-20,5.8085669497250765e-87,2.57087558136187e-70,1.3755728510319438e-55,1.8970201654701504e-09,4.285298609964988e-10,0.0
20.05,0.004680851,2.076030491681919e-09,1.8384112814518696e-184,2.886697770195783e-22,1.3870755445884054e-20,3.9853290128748134e-87,1.8094970917078812e-70,1.0098866981150085e-55,1.7346738301098575e-09,3.413566615579019e-10,0.0
20.066666666666663,0.004680851,1.857972929012804e-09,1.0841522175326597e-184,2.668951383185894e-22,1.280546872189999e-20,2.734317699200685e-87,1.2735661258942821e-70,7.413887964726569e-56,1.5861617885280242e-09,2.718111404717074e-10,0.0
20.08333333333333,0.009361702,1.6666621707015448e-09,6.393489560085977e-185,2.467617677520943e-22,1.1821928021725426e-20,1.8759592990641094e-87,8.963382654909072e-71,5.442566692634561e-56,1.4503106807286643e-09,2.163514899608118e-10,0.0
20.1,0.009361702,1.4981887837454001e-09,3.770385615193757e-185,2.2814604910360754e-22,1.0913865961753014e-20,1.287026616550657e-87,6.308255160256279e-71,3.995268177730509e-56,1.3260461502720001e-09,1.7214263346225807e-10,0.0
20.116666666666667,0.009361702,1.3493007949261266e-09,2.223482371675472e-185,2.1093366922941388e-22,1.0075495234781973e-20,8.829606669627029e-88,4.439494173737514e-71,2.9327335711799693e-56,1.212384538822287e-09,1.3691625609355316e-10,0.0
20.133333333333333,0.009361702,1.2172836044478435e-09,1.3112385908292667e-185,1.9501891850739463e-22,9.301471871392634e-21,6.057381576022226e-88,3.1242422498884843e-71,2.1527016539679554e-56,1.10842527295494e-09,1.0885833148340693e-10,0.0
20.15,0.009361702,1.0998626773281017e-09,7.73267691437677e-186,1.8030404384415049e-22,8.586861310033906e-21,4.155452149068541e-88,2.1985833335862572e-71,1.5800822667043148e-56,1.0133438859431637e-09,8.651879137617091e-11,0.0
20.166666666666668,0.009361702,9.951246385370603e-10,4.560139389530084e-186,1.666986502950859e-22,7.927107061309727e-21,2.850633934599252e-88,1.547135061967264e-71,1.159738927912056e-56,9.263856219431322e-10,6.873901658583432e-11,0.0
20.183333333333334,0.009361702,9.014532375233612e-10,2.689220920299924e-186,1.5411914764809173e-22,7.318001768324285e-21,1.9554848713913742e-88,1.0886809886614533e-71,8.511880402591646e-57,8.46859574316528e-10,5.459366319936097e-11,0.0
20.2,0.009361702,8.174773272954447e-10,1.585896914711486e-186,1.4248823859512761e-22,6.7556604800585665e-21,1.341397050793343e-88,7.660554556779056e-72,6.247058786841378e-57,7.741333137953044e-10,4.334401349324221e-11,0.0
20.216666666666665,0.009361702,7.420285528711974e-10,9.35240998635139e-187,1.3173444536925559e-22,6.2364959687207155e-21,9.201320189108728e-89,5.390226159567846e-72,4.5846959008290355e-57,7.07627965838464e-10,3.440058702636517e-11,0.0
20.23333333333333,0.009361702,6.74106888251813e-10,5.515339223433615e-187,1.2179167195885216e-22,5.757195934910091e-21,6.311504295109457e-89,3.792634731262048e-72,3.364576424523952e-57,6.468136998767197e-10,2.7293188369214346e-11,0.0
20.25,0.009361702,6.128525201121073e-10,3.25252789768071e-187,1.1259879922740348e-22,5.31470195635496e-21,4.329179515238023e-89,2.6684701370977287e-72,2.4690804498126953e-57,5.912055962153447e-10,2.1646923891335253e-11,0.0
20.266666666666666,0.009361702,5.575228663665197e-10,1.9180942363847036e-187,1.0409931046777034e-22,4.90619004699275e-21,2.9693973303025306e-89,1.877461416236948e-72,1.8118620261682493e-57,5.403598591881206e-10,1.716300717338888e-11,0.0
20.28333333333333,0.009361702,5.074737518515761e-10,1.131146768008123e-187,9.624094510513783e-23,4.529052703330244e-21,2.0366718969306168e-89,1.3208913130961945e-72,1.32953600379069e-57,4.938703477472886e-10,1.3603404099662333e-11,0.0
20.3,0.009361702,4.6214395225570663e-10,6.670648947017758e-188,8.897537843446425e-23,4.1808823244181365e-21,1.3968954339081048e-89,9.292885422943663e-73,9.755740449839449e-58,4.513653970547366e-10,1.0778555196700131e-11,0.0
20.316666666666663,0.009361702,4.2104246979318284e-10,3.93384569546311e-188,8.225792543684713e-23,3.859455900450377e-21,9.580690840750454e-90,6.537648412594657e-73,7.158228960536388e-58,4.1250490682442124e-10,8.537562964819866e-12,0.0
20.33333333333333,0.009361702,3.8373802698365805e-10,2.3198861037996298e-188,7.604726686596344e-23,3.5627208730142746e-21,6.570824796967149e-90,4.5991763684205173e-73,5.252138909944966e-58,3.7697767417210823e-10,6.760352807911065e-12,0.0
20.35,0.009361702,3.4985036394646685e-10,1.3680945525930782e-188,7.030519593158662e-23,3.288782077426309e-21,4.506435016295592e-90,3.235386257055516e-73,3.853471486412499e-58,3.444989505702691e-10,5.351413372838654e-12,0.0
20.366666666666667,0.004680851,3.19043004447115e-10,8.067995941286304e-189,6.49963840326561e-23,3.035889684423439e-21,3.0905554040123094e-90,2.275934829345705e-73,2.8271801297115198e-58,3.148082041958173e-10,4.2348002481968075e-12,0.0
20.383333333333333,0.004680851,2.910172202616012e-10,4.757900279460375e-189,6.008816410858799e-23,2.8024280648004113e-21,2.1194841859292573e-90,1.6009625205570765e-73,2.0741504274986694e-58,2.8766707050988724e-10,3.3501497488514416e-12,0.0
20.4,0.004680851,2.6550697525599266e-10,2.8058542413857102e-189,5.555033028498277e-23,2.5869055064213535e-21,1.4534968155330127e-90,1.1261343582897514e-73,1.5216421063912226e-58,2.628574753328892e-10,2.649499920460978e-12,0.0
20.416666666666668,0.004680851,2.42274672339253e-10,1.6546836821069613e-189,5.13549525892292e-23,2.387944718421457e-21,9.967546640399201e-91,7.921127385968144e-74,1.1162727851919192e-58,2.4017991598428075e-10,2.094756352532982e-12,0.0
20.433333333333334,0.0,2.2110756009599642e-10,9.75809333528506e-190,4.747620560346817e-23,2.2042740623966912e-21,6.835224553276698e-91,5.571492805819733e-74,8.188677431452658e-59,2.1945188725571264e-10,1.6556728380320488e-12,0.0
20.45,0.0,2.0181468302094317e-10,5.754598887646961e-190,4.389021000740659e-23,2.0347194549775394e-21,4.687136979027887e-91,3.91871772691138e-74,6.0067955922635035e-59,2.0050644008618945e-10,1.30824293267513e-12,0.0
20.466666666666665,0.0,1.842242811324518e-10,3.393635957056511e-190,4.0574886042145654e-23,1.8781968904325367e-21,3.2140518875766865e-91,2.7561589666159907e-74,4.406133591675108e-59,1.8319086181735142e-10,1.0334193131815963e-12,0.0
20.48333333333333,0.0,1.6818156236425133e-10,2.001315474661789e-190,3.750981799893106e-23,1.7337055358704215e-21,2.203882979371402e-91,1.9384404344014312e-74,3.231902419681934e-59,1.6736546783286762e-10,8.160945296124859e-13,0.0
20.5,0.0,1.5354678534938967e-10,1.1802281239284965e-190,3.467612890403335e-23,1.6003213552351298e-21,1.5111745018029602e-91,1.363291153684711e-74,2.370525573542246e-59,1.52902495235461e-10,6.442901122936656e-13,0.0
20.516666666666666,0.0,1.40193601683737e-10,6.960115876746996e-191,3.2056364633230624e-23,1.4771912216357068e-21,1.0361703773341936e-91,9.587663295527328e-75,1.7386690767015786e-59,1.3968508999433635e-10,5.085116878914129e-13,0.0
20.53333333333333,0.0,1.2800761602367642e-10,4.1045645081652817e-191,2.9634386746918615e-23,1.3635274806451753e-21,7.10457700865409e-92,6.742562393247731e-75,1.2751907345507515e-59,1.2760637971043154e-10,4.0123631185172164e-13,0.0
20.55,0.0,1.168851298650947e-10,2.4205708855414717e-191,2.739527339015722e-23,1.2586029300593756e-21,4.871198284228288e-92,4.741603759934854e-75,9.352319900679903e-60,1.165686248025573e-10,3.165050612513785e-13,0.0
20.566666666666663,0.0,1.0673204091465223e-10,1.4274753887320986e-191,2.5325227651206577e-23,1.1617461842443666e-21,3.33982681825939e-92,3.3343690746759496e-75,6.858823045055562e-60,1.0648244151861417e-10,2.4959939485099085e-13,0.0
20.58333333333333,0.0,9.746287487847078e-11,8.418206155545497e-192,2.3411492817661673e-23,1.0723373936374016e-21,2.289827012002746e-92,2.3447160022707003e-75,5.029976259371674e-60,9.726609072738423e-11,1.967841499908133e-13,0.0
20.6,0.0,8.899993048193965e-11,4.964443684790531e-192,2.1642274011464798e-23,9.898042922183003e-22,1.5699000988600628e-92,1.6487508556197614e-75,3.688658219869375e-60,8.884482695209164e-11,1.5510352883655853e-13,0.0
20.616666666666667,0.0,8.127252177690977e-11,2.9276673095225954e-192,2.0006665723021522e-23,9.136185478451776e-22,1.076296689458096e-92,1.1593326573274742e-75,2.7049366265875315e-60,8.115030257033862e-11,1.2221920563751913e-13,0.0
20.633333333333333,0.0,7.421630443433144e-11,1.7265253581158717e-192,1.849458480071478e-23,8.4329239226907865e-22,7.3787477878287e-93,8.15172265691237e-76,1.9834991592961773e-60,7.41200225301358e-11,9.62819033338454e-14,0.0
20.65,0.0,6.777267487740237e-11,1.0181793910512247e-192,1.7096708485463092e-23,7.783755094157907e-22,5.05852650961098e-93,5.731641934527675e-76,1.4544314152770455e-60,6.769684532147395e-11,7.582955513294652e-14,0.0
20.666666666666668,0.0,6.188823287583635e-11,6.004484744441874e-193,1.580441711079622e-23,7.184521621597852e-22,3.4678166372916496e-93,4.029926061658734e-76,1.0664507974943416e-60,6.182852630001932e-11,5.970657508277026e-14,0.0
20.683333333333334,0.0,5.651429967138565e-11,3.5410111286417547e-193,1.460974111745664e-23,6.631385393286478e-22,2.3772725802753448e-93,2.833371461688015e-76,7.819424699870084e-61,5.646729978709227e-11,4.6999883615635075e-14,0.0
20.7,0.0,5.160648489825754e-11,2.0882329285540012e-193,1.3505312057914763e-23,6.120803060728951e-22,1.629643559685193e-93,1.9920415967802772e-76,5.733175450775565e-61,5.1569496670211326e-11,3.698822742062525e-14,0.0
20.716666666666665,0.0,4.712429654837786e-11,1.2314894330129568e-193,1.2484317290592915e-23,5.649503420267198e-22,1.1171129451557566e-93,1.4004957025128774e-76,4.2034139960488474e-61,4.709519450369725e-11,2.910204410317195e-14,0.0
20.73333333333333,0.0,4.3030789049367013e-11,7.262439730186353e-194,1.1540458086157536e-23,5.214466528764855e-22,7.657594917978057e-94,9.845860710878815e-77,3.0817375631715943e-61,4.300789736095805e-11,2.2891687875979027e-14,0.0
20.75,0.0,3.9292245204244204e-11,4.2828660756079234e-194,1.066791088911379e-23,4.812904420545599e-22,5.249024082943826e-94,6.921722168851584e-77,2.2593095622148737e-61,3.9274242921235866e-11,1.800228251637997e-14,0.0
20.766666666666666,0.0,3.5877888311429874e-11,2.5257278237508307e-194,9.861291497247284e-24,4.44224330292472e-22,3.597954295329036e-94,4.865900750235304e-77,1.6563132675478256e-61,3.5863734485393154e-11,1.4153825582634976e-14,0.0
20.78333333333333,0.0,3.275962126201717e-11,1.489493813175348e-194,9.115621939305534e-24,4.1001071170597474e-22,2.4661736149525414e-94,3.4205896398432664e-77,1.214215917987648e-61,3.2748495809395273e-11,1.1125452202767616e-14,0.0
20.8,0.0,2.9911789815042695e-11,8.783972338659296e-195,8.426299847834221e-24,3.784302359517755e-22,1.6903732340728118e-94,2.404514446289868e-77,8.900944915450186e-62,2.9903046822031687e-11,8.742992624154558e-15,0.0
20.816666666666663,0.0,2.731096759379318e-11,5.1801616905615026e-195,7.78907013935188e-24,3.492804067961821e-22,1.1585974028072517e-94,1.6902172460799012e-77,6.524738390693622e-62,2.7304098456347556e-11,6.869137088553012e-15,0.0
20.83333333333333,0.0,2.4935760637899556e-11,3.054891374642147e-195,7.199998828170234e-24,3.22374288175285e-22,7.940969065367945e-95,1.1880820333947342e-77,4.7827418500021465e-62,2.493036497357406e-11,5.3956639959222524e-15,0.0
20.85,0.0,2.2766629595782958e-11,1.8015583328701665e-195,6.655448813240136e-24,2.975393095095567e-22,5.442588444843485e-95,8.351012383340093e-78,3.505723601827095e-62,2.27623922951552e-11,4.237300323564826e-15,0.0
20.866666666666667,0.0,2.078572785694883e-11,1.062431613468105e-195,6.152057489475553e-24,2.7461616266595416e-22,3.7301693644138274e-95,5.869764325926287e-78,2.5695989588821016e-62,2.078240098375691e-11,3.32687291114902e-15,0.0
20.883333333333333,0.0,1.897675410952214e-11,6.265471238552982e-196,5.686716046187363e-24,2.534577835432509e-22,2.5564817581012026e-95,4.125637598544475e-78,1.8833889298940449e-62,1.8974142628952052e-11,2.6114803109435044e-15,0.0
20.9,0.0,1.7324817969944038e-11,3.694933237732826e-196,5.256550325594934e-24,2.33928411794347e-22,1.7520559215685196e-95,2.8996821873369943e-78,1.3803897224621197e-62,1.7322768498447485e-11,2.049471257367728e-15,0.0
20.916666666666668,0.0,1.5816317472703612e-11,2.179011637718916e-196,4.8589031239365706e-24,2.159027226957263e-22,1.2007272708181934e-95,2.03797416808565e-78,1.0116971018540422e-62,1.581470941201352e-11,1.608060469331484e-15,0.0
20.933333333333334,0.0,1.4438827331596311e-11,1.2850280348831948e-196,4.491317826541892e-24,1.9926502563318518e-22,8.228713785450732e-96,1.4323064113640676e-78,7.414577799837306e-63,1.4437565883514419e-11,1.2614478781354166e-15,0.0
20.95,0.0,1.3180996992808366e-11,7.57819461189593e-197,4.151523276402536e-24,1.839085240964502e-22,5.639112220636019e-96,1.006612271935669e-78,5.433873521102791e-63,1.3180007657228325e-11,9.893353919799644e-16,0.0
20.966666666666665,0.0,1.2032457596314243e-11,4.469089001991683e-197,3.837419783339105e-24,1.6973463246662786e-22,3.86438815605789e-96,7.074203779209022e-79,3.9821704868700196e-63,1.2031681838650986e-11,7.757574896852149e-16,0.0
20.98333333333333,-0.004680851,1.0983737047385695e-11,2.6355566256103883e-197,3.5470661878523315e-24,1.5665234524159383e-22,2.6481464442080797e-96,4.971437776607579e-79,2.918216064925417e-63,1.0983128887734225e-11,6.081594912694637e-16,0.0
21.0,-0.004680851,1.0026182475959131e-11,1.554267612291688e-197,3.2786679002126457e-24,1.445776546781204e-22,1.814656927180236e-96,3.493619343303773e-79,2.1384660269831914e-63,1.002570580456915e-11,4.766712421241678e-16,0.0
21.016666666666666,-0.004680851,9.15188942941462e-12,9.165989189162556e-198,3.030565841322841e-24,1.3343301313761903e-22,1.2434787458792362e-96,2.4550386198885213e-79,1.5670203217299752e-63,9.151515894345419e-12,3.7353493273857843e-16,0.0
21.03333333333333,-0.004680851,8.353637205031032e-12,5.4054640267382514e-198,2.8012262174166594e-24,1.231468367068454e-22,8.520665785564956e-97,1.7251635697016453e-79,1.1482443300183656e-63,8.353344550443384e-12,2.926544617001996e-16,0.0
21.05,-0.004680851,7.624829782888809e-12,3.1877680935757294e-198,2.5892310657728225e-24,1.136530469277104e-22,5.838483400697337e-97,1.212247982399433e-79,8.4135919065677e-64,7.624600542157326e-12,2.2924061524164855e-16,0.0
21.066666666666663,-0.004680851,6.959441869026545e-12,1.879925134449637e-198,2.3932695133504727e-24,1.0489064771290218e-22,4.000533845028469e-97,8.518084385635359e-80,6.164758586346056e-64,6.959262337157534e-12,1.7953176172712475e-16,0.0
21.08333333333333,-0.004680851,6.351969602869207e-12,1.1086500631798308e-198,2.2121296946272057e-24,9.680333474804175e-23,2.7411149851350347e-97,5.985242051494373e-80,4.5168768221259406e-64,6.351829028725094e-12,1.4057404509700018e-16,0.0
21.1,-0.009361702,5.7973855228913616e-12,6.5380541661210595e-199,2.044691278965883e-24,8.933913488809418e-23,1.878140119676717e-97,4.20543424113372e-80,3.3093904305888094e-64,5.797275474354223e-12,1.1004844575507156e-16,0.0
21.116666666666667,-0.009361702,5.291097420600768e-12,3.8556947025977947e-199,1.8899185615758992e-24,8.245007324665855e-23,1.2868270529635977e-97,2.9548086172929916e-80,2.4246295668772464e-64,5.2910112857670296e-12,8.61347493979483e-17,0.0
21.133333333333333,-0.009361702,4.828910745670248e-12,2.273824069098546e-199,1.7468540755923487e-24,7.60918658532395e-23,8.816655199323427e-98,2.0760474946745184e-80,1.7763578572061946e-64,4.828843341019192e-12,6.740457321746732e-17,0.0
21.15,-0.0140425535,4.406994254748231e-12,1.3409456497442384e-199,1.6146126859989288e-24,7.022363591654919e-23,6.040585528671165e-98,1.4585948136014628e-80,1.3013773504939281e-64,4.4069415174134535e-12,5.273726293901343e-17,0.0
21.166666666666668,-0.0140425535,4.021848623443915e-12,7.90798046294513e-200,1.4923761290739594e-24,6.480765188221948e-23,4.138526598432605e-98,1.0247585061362993e-80,9.53375062793785e-65,4.021807369590839e-12,4.1253786776372124e-17,0.0
21.183333333333334,-0.0140425535,3.670277765509514e-12,4.66358712978783e-200,1.3793879637774425e-24,5.980908561227793e-23,2.8353326586372076e-98,7.199426794165341e-81,6.984127141742784e-65,3.670245500660813e-12,3.2264787511653466e-17,0.0
21.2,-0.0140425535,3.349362625547362e-12,2.75026598577711e-200,1.274948904024947e-24,5.519578914196153e-23,1.942467992279542e-98,5.057825754983092e-81,5.116209659881597e-65,3.349337395720908e-12,2.522976998301456e-17,0.0
21.216666666666665,-0.0140425535,3.0564372318870588e-12,1.6219198732281884e-200,1.1784125031342822e-24,5.0938088587911767e-23,1.3307464869363936e-98,3.553197898548039e-81,3.7477655976817633e-65,3.0564175067904777e-12,1.972504446458562e-17,0.0
21.23333333333333,-0.0140425535,2.789066814781471e-12,9.564982669377503e-201,1.0891811638931436e-24,4.700859389112433e-23,9.116505871834943e-99,2.4961147865597385e-81,2.7452660558244983e-65,2.789051396180138e-12,1.5418553235635956e-17,0.0
21.25,-0.018723404,2.545027811943314e-12,5.640778862560342e-201,1.00670244969697e-24,4.338202317902696e-23,6.245297896949336e-99,1.7534741445463425e-81,2.0108720391711297e-65,2.545015761792051e-12,1.2050106874361442e-17,0.0
21.266666666666666,-0.018723404,2.3222895988307317e-12,3.326549998573668e-201,9.304656740553096e-25,4.003504062429995e-23,4.278283709684187e-99,1.2317536862365918e-81,1.472897238184136e-65,2.32228018291854e-12,9.415871226118858e-18,0.0
21.28333333333333,-0.018723404,2.118997795127391e-12,1.961774705213923e-201,8.59998747475765e-25,3.6946106764139877e-23,2.930742800160362e-99,8.652430088897567e-82,1.0788188332734927e-65,2.118990438896041e-12,7.356193544085882e-18,0.0
21.3,-0.018723404,1.933459011677762e-12,1.156922585706672e-201,7.948652623163964e-25,3.4095340323186955e-23,2.0076017255561514e-99,6.077739538970562e-82,7.901557264500722e-66,1.933453265591719e-12,5.746051152453497e-18,0.0
21.316666666666663,-0.018723404,1.764126913834704e-12,6.822751636004647e-202,7.3466179765975885e-25,3.1464390656726033e-23,1.3752104556399652e-99,4.2690954052369995e-82,5.787153562279506e-66,1.7641224262431884e-12,4.4875593167300985e-18,0.0
21.33333333333333,-0.018723404,1.6095894878586356e-12,4.0236011014695097e-202,6.790154276141361e-25,2.903631999854384e-23,9.420035654831494e-100,2.9986063737785296e-82,4.238434778649957e-66,1.6095859837332817e-12,3.5040956385148526e-18,0.0
21.35,-0.018723404,1.468557406766959e-12,2.3728504513359483e-202,6.275814176988489e-25,2.6795494760442174e-23,6.452495748810683e-100,2.106167539984294e-82,3.104089444918473e-66,1.4685546710463623e-12,2.7356931738209156e-18,0.0
21.366666666666667,-0.018723404,1.3398534009439946e-12,1.399348575626529e-202,5.800410951259725e-25,2.4727485188149884e-23,4.4197197369300975e-100,1.4793000069096137e-82,2.2732710155388319e-66,1.3398512654896037e-12,2.1354290832767778e-18,0.0
21.383333333333333,-0.018723404,1.2618944912377614e-09,8.252424224270093e-203,5.360998798607512e-25,2.2818972731751126e-23,3.027286897628805e-100,1.0389855906544622e-82,1.6647786898854654e-66,1.2224008803489806e-12,1.666594276483258e-18,1.260672088690795e-09
21.4,-0.018723404,1.8099257871244237e-07,4.866730225904115e-203,4.954854643319099e-25,2.1057664538024497e-23,2.073501252321779e-100,7.297141086216377e-83,1.2191303623073582e-66,1.1152220950474334e-12,1.300475612375132e-18,1.8099146348904683e-07
21.416666666666668,-0.0140425535,3.0063071178179435e-06,2.870073991090428e-203,4.579461305768654e-25,1.943221451754576e-23,1.4201915243252385e-100,5.124906511616937e-83,8.927547572689815e-67,1.0174188516357584e-12,1.0146184411456455e-18,3.006306100398077e-06
21.433333333333334,-0.0140425535,2.0649601019871995e-05,1.6925792226109175e-203,4.232491944528573e-25,1.7932150481426246e-23,9.727056710815545e-101,3.599226429170716e-83,6.537363364915242e-67,9.281730516362824e-13,7.914657301390024e-19,2.0649600091698153e-05
21.45,-0.009361702,8.742896951842987e-05,9.981711413305043e-204,3.9117956732626465e-25,1.6547806881323472e-23,6.662050486598887e-101,2.527682026716625e-83,4.7869792244629326e-67,8.467377929177161e-13,6.172923661856753e-19,8.742896867169146e-05
21.466666666666665,-0.009361702,0.0002725739529612983,5.886553636923607e-204,3.6153842637575326e-25,1.527026272217382e-23,4.562746645528559e-101,1.7751121336385626e-83,3.505169029550486e-67,7.724311914566574e-13,4.813707766066248e-19,0.0002725739521888667
21.48333333333333,-0.004680851,0.0006880027043550776,3.4715009870701554e-204,3.3414198531292175e-25,1.4091284250144095e-23,3.124904688945513e-101,1.2465774240503202e-83,2.5665216588546995e-67,7.046307375741574e-13,3.753177883933215e-19,0.0006880027036504465
21.5,0.0,0.001487854278651736,2.0472626906774576e-204,3.088203579423533e-25,1.3003272048825162e-23,2.140125324350792e-101,8.753925901777693e-84,1.879184775722305e-67,6.427681405650264e-13,2.9258345836654714e-19,0.0014878542780089677
21.516666666666666,0.004680851,0.0028592666372033904,1.2073409800707711e-204,2.8541650755443846e-25,1.1999212204869402e-23,1.465661461296919e-101,6.147190190368692e-84,1.3758866596212665e-67,5.863246195964749e-13,2.2805109218299523e-19,0.0028592666366170656
21.53333333333333,0.009361702,0.005006125209555124,7.1201050746912905e-205,2.637852756726375e-25,1.1072631230287759e-23,1.0037375825327527e-101,4.31658841049765e-84,1.0073595217308342e-67,5.348266023722816e-13,1.7772432671643008e-19,0.005006125209020298
21.55,0.0140425535,0.008128778384916427,4.198971765252744e-205,2.4379248416568045e-25,1.0217554452649295e-23,6.87382988531996e-102,3.0310623343315295e-84,7.375220885596934e-68,4.878417963694143e-13,1.3848237144094404e-19,0.008128778384428584
21.566666666666663,0.023404256,0.012403044533259213,2.4762791243656915e-205,2.253141051867012e-25,9.42846760659881e-24,4.70727395414606e-102,2.1283319432147403e-84,5.399509457552096e-68,4.4497560048017004e-13,1.0788859868519427e-19,0.012403044532814237
21.58333333333333,0.028085107,0.017961459586602672,1.4603478945782987e-205,2.0823549381917667e-25,8.700281380584118e-24,3.2235342619126925e-102,1.4944251138144686e-84,3.952959429492569e-68,4.0586782766043916e-13,8.404088252807013e-20,0.017961459586196805
21.6,0.037446808,0.024878929886532074,8.61218105280967e-206,1.9245067869581116e-25,8.028298691595184e-24,2.207431580711398e-102,1.0492990518540749e-84,2.89387136425945e-68,3.701897117153218e-13,6.545460214622757e-20,0.024878929886161884
21.616666666666667,0.04680851,0.03316402334173777,5.078904698972389e-206,1.7786170621355652e-25,7.408184478163579e-24,1.5115912846373043e-102,7.367408708158735e-85,2.118482787842783e-68,3.376411736659729e-13,5.0971197173433e-20,0.03316402334140013
21.633333333333333,0.056170214,0.04275624420059156,2.9952085436365554e-206,1.643780342980442e-25,6.835937817986348e-24,1.0350794726408795e-102,5.172739828579793e-85,1.5508134074573597e-68,3.079483252567674e-13,3.968670751517195e-20,0.042756244200283615
21.65,0.06553192,0.05352890905992108,1.766380076074394e-206,1.5191597197637115e-25,6.3078661914216175e-24,7.087698311066244e-103,3.6317582142825136e-85,1.1352279660722278e-68,2.808611890954724e-13,3.0895940241583737e-20,0.05352890905964022
21.666666666666668,0.079574466,0.06529672613988752,1.0416968198375208e-206,1.4039816129904748e-25,5.820561725829203e-24,4.85320888407148e-103,2.549785630222843e-85,8.309895835026393e-69,2.5615161668617114e-13,2.4048853978367096e-20,0.06529672613963136
21.683333333333334,0.08893617,0.07782688127615707,6.143255926431783e-207,1.2975309841322265e-25,5.370879268416524e-24,3.3231121562936454e-103,1.79011483013899e-85,6.082709556050239e-69,2.3361138723064497e-13,1.871649336726611e-20,0.07782688127592347
21.7,0.09829787,0.09085232744674843,3.622896833671885e-207,1.1991469083047148e-25,4.955916146953055e-24,2.27537661752222e-103,1.2567492097584851e-85,4.45233278472586e-69,2.1305047155067465e-13,1.4564387177128006e-20,0.09085232744653537
21.716666666666665,0.11234043,0.10408601934957432,2.1365517414828367e-207,1.1082184815564798e-25,4.5729934885288036e-24,1.557951309882408e-103,8.82280924884942e-86,3.2588714564266127e-69,1.942954468338843e-13,1.1331778412092506e-20,0.10408601934938003
21.73333333333333,0.12170213,0.11723498519457509,1.2600011769018735e-207,1.0241810374953263e-25,4.219638976505155e-24,1.0667110410412773e-103,6.193779306518495e-86,2.38526125746431e-69,1.7718804913946255e-13,8.815410645750303e-21,0.1172349851943979
21.75,0.13574468,0.13001334147529875,7.430680276806146e-208,9.465126498881787e-26,3.8935709350235086e-24,7.303516943631122e-104,4.348056321081595e-86,1.7457973319611486e-69,1.6158385172807855e-13,6.856873256033547e-21,0.13001334147513716
21.766666666666666,0.14510638,0.14215359653847293,4.382140397127455e-208,8.747308996326994e-26,3.592683638937574e-24,5.000456511325746e-104,3.052285977275172e-86,1.2777352615510503e-69,1.4735105831104667e-13,5.332726052443145e-21,0.14215359653832557
21.78333333333333,0.15446809,0.1534158270610582,2.5843069048542184e-208,8.083898861299422e-26,3.31503375488789e-24,3.423573467735058e-104,2.142623862125426e-86,9.351411200706192e-70,1.3436940125585085e-13,4.146794143890684e-21,0.15341582706092383
21.8,0.16382979,0.1635945283315166,1.524059688205888e-208,7.470774645949682e-26,3.058827826486748e-24,2.3439160589450735e-104,1.5040329030850178e-86,6.843884686131266e-70,1.225291356461918e-13,3.2241571078754984e-21,0.16359452833139407
21.816666666666663,0.17319149,0.1725231224510769,8.987935592803747e-209,6.904126922359403e-26,2.8224107232698896e-24,1.6047111985155912e-104,1.0557460130288229e-86,5.0086133097452926e-70,1.1173012088148875e-13,2.506460669215291e-21,0.17252312245096516
21.83333333333333,0.17787234,0.18007625251883208,5.300514349173849e-209,6.380434675208071e-26,2.604254979251116e-24,1.098611547322727e-104,7.410581777417815e-87,3.6654023089944165e-70,1.0188098221980956e-13,1.948260505559933e-21,0.1800762525187302
21.85,0.18255319,0.18617009471098586,3.1259078029998373e-209,5.896443479428256e-26,2.4029509526187203e-24,7.52114400273842e-105,5.2015877355760515e-87,2.6823482153581388e-70,9.289834532536383e-14,1.5141714202158506e-21,0.18617009471089296
21.866666666666667,0.18723404,0.19076098650498646,1.8434628991050405e-209,5.449145327968077e-26,2.2171977433754603e-24,5.148919921151856e-105,3.650987535608807e-87,1.9628994774177968e-70,8.470613748201337e-14,1.1766448370227912e-21,0.19076098650490175
21.883333333333333,0.19191489,0.19384270288067448,1.0871581483929701e-209,5.0357599849701266e-26,2.045794810584984e-24,3.524851953263754e-105,2.5625691806605524e-87,1.4363834538741373e-70,7.723494968293362e-14,9.142364109227084e-22,0.19384270288059724
21.9,0.19659574,0.19544271901199817,6.411374352814874e-210,4.6537177490929804e-26,1.8876342353756153e-24,2.413004629223263e-105,1.798588041168739e-87,1.0510713390593201e-70,7.042145430795963e-14,7.102558850456988e-22,0.19544271901192775
21.916666666666668,0.19659574,0.19561778392054585,3.7810257253622557e-210,4.3006435204021193e-26,1.7416935799910776e-24,1.6518400071520863e-105,1.2623468087667087e-87,7.691012090246197e-71,6.420787355806036e-14,5.517150174086065e-22,0.19561778392048165
21.933333333333334,0.19659574,0.1944491007264947,2.2298118290681622e-210,3.974342072310796e-26,1.607029297004544e-24,1.130759844606732e-105,8.859650328450665e-88,5.627614357061309e-71,5.854149423500048e-14,4.285078999093972e-22,0.19444910072643617
21.95,0.19191489,0.19203737082614034,1.3150034246223974e-210,3.6727844374876416e-26,1.4827706463392531e-24,7.7404349772738385e-106,6.217924069377196e-88,4.117700285821562e-71,5.3374224836555903e-14,3.3277243477286595e-22,0.19203737082608696
21.966666666666665,0.19191489,0.18849791606130517,7.755068503239567e-211,3.3940953235320495e-26,1.3681140809999114e-24,5.298500364496216e-106,4.3638037618285817e-88,3.012830775067235e-71,4.866219128702044e-14,2.583930067805818e-22,0.18849791606125652
21.98333333333333,0.18723404,0.18395604835237184,4.5734557202305655e-211,3.136541480574965e-26,1.2623180654245601e-24,3.626880138094796e-106,3.062499334592294e-88,2.2043694408466707e-71,4.436536794185861e-14,2.0061318747158138e-22,0.18395604835232748
22.0,0.17787234,0.17854281309693004,2.697139468217122e-211,2.8985209488446234e-26,1.1646982931452064e-24,2.4825962255762917e-106,2.1492048582711032e-88,1.6128118098786405e-71,4.0447240796930913e-14,1.5573417239265107e-22,0.1785428130968896
22.016666666666666,0.17319149,0.172391192839362,1.590605262992171e-211,2.678553119672854e-26,1.0746232730074177e-24,1.6993062372890245e-106,1.5082407529378862e-88,1.179974743900975e-71,3.6874500099072034e-14,1.2088000819424616e-22,0.1723911928393251
22.03333333333333,0.16382979,0.16563282254219794,9.380403304714275e-212,2.475269548442367e-26,9.915102555656765e-25,1.1631344134974495e-106,1.0584116296726981e-88,8.632795750671647e-72,3.3616759798081474e-14,9.381484399224396e-23,0.16563282254216433
22.05,0.15914893,0.15839523790627216,5.531981152049057e-212,2.287405462624086e-26,9.148214734559345e-25,7.961242856938391e-107,7.427277254027805e-89,6.315678149034974e-72,3.064630150247977e-14,7.28006995535169e-23,0.15839523790624152
22.066666666666663,0.14978723,0.15079965380287552,3.2624206485686046e-212,2.1137919123466297e-26,8.440606715620723e-25,5.449097416067407e-107,5.2118966690220956e-89,4.620386619468087e-72,2.7937840804374325e-14,5.648678347576382e-23,0.15079965380284757
22.08333333333333,0.14042553,0.14295925086236755,1.9239744797138587e-212,1.9533485149127337e-26,7.787699046549203e-25,3.729589423469484e-107,3.657237060895394e-89,3.3800761225466493e-72,2.546831402421312e-14,4.382337531598331e-23,0.14295925086234207
22.1,0.13106383,0.13497793423301604,1.1346417019460185e-212,1.8050767483491564e-26,7.185265819005502e-25,2.5526439917708354e-107,2.5662656354896374e-89,2.472660627652443e-72,2.3216683595619918e-14,3.399482968847384e-23,0.13497793423299284
22.116666666666667,0.12170213,0.12694951894863674,6.69141953148046e-213,1.668053752470029e-26,6.629407392199277e-25,1.7470778854906445e-107,1.8006997831059145e-89,1.8088079054885306e-72,2.1163760465166957e-14,2.6367463796231573e-23,0.12694951894861556
22.133333333333333,0.11234043,0.11895729060742326,3.946188820966645e-213,1.5414265990704072e-26,6.116525219463114e-25,1.1957133963141396e-107,1.2634912827672198e-89,1.3231537594067948e-72,1.929204202325909e-14,2.044902767368291e-23,0.11895729060740397
22.15,0.10765957,0.11107388752147647,2.3272205756483897e-213,1.4244069957709577e-26,5.643298615785092e-25,8.183418365752095e-108,8.865320637553026e-90,9.678724959893468e-73,1.7585564211361706e-14,1.5857187119776702e-23,0.11107388752145889
22.166666666666668,0.09829787,0.10336145051286083,1.3724524840727908e-213,1.316266390712522e-26,5.206663316745569e-25,5.600609133590893e-108,6.220251310577015e-90,7.07971834594513e-73,1.6029766568640176e-14,1.2295018540305963e-23,0.1033614505128448
22.183333333333334,0.08893617,0.09587198851497815,8.09388762906079e-214,1.2163314477813106e-26,4.803791690827839e-25,3.832910195264278e-108,4.364281219313176e-90,5.178498348671035e-73,1.4611369088731125e-14,9.531958306614087e-24,0.09587198851496354
22.2,0.084255315,0.08864791155335919,4.7732821547112055e-214,1.1239798643359237e-26,4.432074477692277e-25,2.6231003921845273e-108,3.0620259084242004e-90,3.787754000547519e-73,1.3318259855651694e-14,7.38899454579217e-24,0.08864791155334587
22.216666666666665,0.074893616,0.08172268706330403,2.8149917479489684e-214,1.0386365055271139e-26,4.0891039348221545e-25,1.795122493893485e-108,2.1483070736970423e-90,2.770446592382341e-73,1.2139392517625754e-14,5.727158160502945e-24,0.08172268706329189
22.23333333333333,0.06553192,0.07512158046122139,1.6601113858233494e-214,9.597698312591483e-27,3.772658283997754e-25,1.2284746315279036e-108,1.507215130112911e-90,2.026319501392557e-73,1.1064692739569061e-14,4.438579217843563e-24,0.07512158046121033
22.25,0.060851064,0.06886244610257536,9.790331854414252e-215,8.868885936530936e-27,3.4806873574201605e-25,8.406810196833177e-109,1.0574151941587939e-90,1.482027362343962e-73,1.0084972849834146e-14,3.439537806969885e-24,0.06886244610256527
22.266666666666666,0.056170214,0.06295653997990136,5.773746077857912e-215,8.195387845457049e-27,3.2112993510179723e-25,5.752932217875498e-109,7.418349462511677e-91,1.0839137042107086e-73,9.191853965162668e-15,2.665065301809842e-24,0.06295653997989217
22.28333333333333,0.05148936,0.05740933054876181,3.405007162790821e-215,7.573008141053717e-27,2.9627485995933923e-25,3.936771933109867e-109,5.204278092440407e-91,7.92726562744426e-74,8.37769494020298e-15,2.0647506712485343e-24,0.05740933054875343
22.3,0.04680851,0.05222128878093163,2.0080682134649355e-215,6.997869030772074e-27,2.7334242950389565e-25,2.6939172861873546e-109,3.6509441786424326e-91,5.797521443288224e-74,7.635527544941742e-15,1.59948328249109e-24,0.052221288780924
22.316666666666663,0.042127658,0.04738864284123431,1.1842379525758708e-215,6.466386724915662e-27,2.521840074922136e-25,1.8434072009059069e-109,2.561187692012443e-91,4.239860780898505e-74,6.958997325425847e-15,1.238923395459453e-24,0.04738864284122735
22.33333333333333,0.037446808,0.042904086614096226,6.98392506307263e-216,5.9752491589269175e-27,2.3266244143356238e-25,1.2613956883174037e-109,1.796673490843653e-91,3.1006385321379084e-74,6.34230965065544e-15,9.595380259766036e-25,0.042904086614089884
22.35,0.03276596,0.038757434645100675,4.118700835978894e-216,5.521395402749373e-27,2.1465117590835983e-25,8.631265247913928e-110,1.26034220402658e-91,2.267467255431936e-74,5.780180491911413e-15,7.430760060692695e-25,0.038757434645094894
22.366666666666667,0.028085107,0.03493621891205398,2.42896359914906e-216,5.101996629578256e-27,1.9803343430418645e-25,5.90596217330963e-110,8.840959250987203e-92,1.6581403193720472e-74,5.2677915203711276e-15,5.753841825210401e-25,0.03493621891204871
22.383333333333333,0.023404256,0.03142622521763654,1.4324578319575703e-216,4.714438525974911e-27,1.8270146369361673e-25,4.0411033197614007e-110,6.201573755523204e-92,1.2125284483431386e-74,4.800749145021373e-15,4.454885539291572e-25,0.03142622521763174
22.4,0.023404256,0.028211968932093136,8.44778334347369e-217,4.3563050342488084e-27,1.68555837984895e-25,2.765046002670041e-110,4.350068308996792e-92,8.866516474194554e-75,4.375047145888526e-15,3.4488114073295282e-25,0.02821196893208876
22.416666666666668,0.018723404,0.02527711134812805,4.982000525472786e-217,4.025363326258871e-27,1.5550481485141701e-25,1.891898791988416e-110,3.0512788870336604e-92,6.483426252156471e-75,3.987032587728116e-15,2.669665928931188e-25,0.025277111348124062
22.433333333333334,0.018723404,0.02260481908465691,2.938088353054194e-217,3.719549915419484e-27,1.4346374229258734e-25,1.2944539011665872e-110,2.140224933476628e-92,4.7407452229088195e-75,3.633374726828734e-15,2.0663280728236226e-25,0.02260481908465328
22.45,0.0140425535,0.020178069836225675,1.7327105301952844e-217,3.436957820744033e-27,1.323545109980208e-25,8.85662885704879e-111,1.501165748369808e-92,3.466404003878263e-75,3.311036648689944e-15,1.5991780588691517e-25,0.020178069836222366
22.466666666666665,0.0140425535,0.01797990835568357,1.021850256532147e-217,3.175824703282038e-27,1.221050489823221e-25,6.059593468438965e-111,1.0529060239247499e-92,2.5345583233517705e-75,3.017249397258874e-15,1.2375132580281105e-25,0.01797990835568055
22.48333333333333,0.0140425535,0.015993656921995072,6.02626994805518e-218,2.93452190132863e-27,1.1264885522976732e-25,4.145832350482185e-111,7.384861153586308e-93,1.8531730697930916e-75,2.749488377329637e-15,9.575438881120995e-26,0.015993656921992325
22.5,0.009361702,0.01420308472311132,3.5539391363419507e-218,2.711544296357038e-27,1.039245693397206e-25,2.8364374145482026e-111,5.1794881333743005e-93,1.3549406742436088e-75,2.5054518308089297e-15,7.408386008328853e-26,0.014203084723108815
22.516666666666666,0.009361702,0.012592540612103128,2.0959044014292165e-218,2.505500946773784e-27,9.587557439547816e-26,1.9405637504015596e-111,3.6326466713710147e-93,9.906385346637209e-76,2.283041204983953e-15,5.731191184646509e-26,0.012592540612100845
22.53333333333333,0.004680851,0.011147053605930553,1.236041445223784e-218,2.3151064313550277e-27,8.84496304933795e-26,1.3276264044276495e-111,2.547717709132709e-93,7.242705416679196e-76,2.0803432468384222e-15,4.4332564899724946e-26,0.011147053605928473
22.55,0.004680851,0.00985240531887135,7.289448569954595e-219,2.1391728486244215e-27,8.159853656666577e-26,9.082745037985988e-112,1.7867809292503492e-93,5.29513602145138e-76,1.895613671987404e-15,3.428923349930522e-26,0.009852405318869453
22.566666666666663,0.004680851,0.008695178281257258,4.298890653897455e-219,1.9766024224974953e-27,7.52778183209005e-26,6.213719696251037e-112,1.253092670395975e-93,3.8711869406945936e-76,1.7272622700544692e-15,2.6518559904404793e-26,0.00869517828125553
22.58333333333333,0.0,0.00766278380951706,2.5352348737787562e-219,1.8263806682783875e-27,6.944644026609781e-26,4.250886442191657e-112,8.787937769787909e-94,2.8301009023528885e-76,1.5738393204127577e-15,2.0506881258025694e-26,0.007662783809515486
22.6,0.0,0.006743472782747455,1.4951338735123254e-219,1.6875700765702e-27,6.406653998615525e-26,2.908042013085004e-112,6.162865380577533e-94,2.068952292589695e-76,1.4340232032541141e-15,1.5856491462905735e-26,0.006743472782746021
22.616666666666667,0.0,0.005926332357986345,8.817430404137365e-220,1.5593042758718317e-27,5.910318292946055e-26,1.9893683078062497e-112,4.321856452731029e-94,1.5124807027211323e-76,1.3066091010243238e-15,1.225949711941965e-26,0.005926332357985039
22.633333333333333,0.0,0.005201271332122833,5.2000088019859184e-220,1.4407826376024488e-27,5.45241361369509e-26,1.3608901667711727e-112,3.0307489697841875e-94,1.1056560468422251e-76,1.1904986944597647e-15,9.477560459710774e-27,0.005201271332121642
22.65,0.0,0.004558996541405899,3.0666640043998275e-220,1.3312652900425266e-27,5.0299659446070476e-26,9.309456714722157e-113,2.1253065897478348e-94,8.082414400621881e-77,1.084690765853611e-15,7.326205418182383e-27,0.004558996541404814
22.666666666666668,0.0,0.0039909823861136355,1.8085411335771864e-220,1.2300685102137169e-27,4.64023128217201e-26,6.368233733844549e-113,1.490339556625885e-94,5.908171253829578e-77,9.88272629836674e-16,5.6626602825756566e-27,0.003990982386112648
22.683333333333334,-0.004680851,0.0034894352826380978,1.0665731936345732e-220,1.1365604650675148e-27,4.2806778569420053e-26,4.356192542151463e-113,1.0450592377957608e-94,4.318729046168593e-77,9.004123189477958e-16,4.3764410006101056e-27,0.0034894352826371974
22.7,-0.004680851,0.003047254580945851,6.290034330595669e-221,1.05015727551895e-27,3.948969728185447e-26,2.979809981868987e-113,7.328053834369388e-95,3.1568197748161007e-77,8.20351457645604e-16,3.382058105074321e-27,0.0030472545809450305
22.716666666666665,-0.004680851,0.002657991243829328,3.7095005961789453e-221,9.703193788660431e-28,3.6429516458655375e-26,2.038278494619002e-113,5.1384067441599886e-95,2.307462199348695e-77,7.473987642337017e-16,2.6133689575213643e-27,0.0026579912438285808
22.73333333333333,-0.004680851,0.0023158053662666045,2.1876505616331876e-221,8.96548166987042e-28,3.360635082100754e-26,1.3942220254575286e-113,3.602968080636203e-95,1.6865934340564115e-77,6.80924125480709e-16,2.0192045961840904e-27,0.0023158053662659236
22.75,-0.004680851,0.0020154234185133855,1.2901509813921787e-221,8.28382879420016e-28,3.100185341819079e-26,9.536605954714169e-114,2.5262974308108405e-95,1.232756343317304e-77,6.203531935627189e-16,1.559983892371832e-27,0.0020154234185127654
22.766666666666666,-0.004680851,0.001752095924606616,7.60857277968657e-222,7.653977320111768e-28,2.859909669280492e-26,6.52302790114159e-114,1.771334977990208e-95,9.010214794662378e-78,5.651624593766963e-16,1.2050923924272677e-27,0.001752095924606051
22.78333333333333,-0.004680851,0.0015215561376885841,4.487101965256338e-222,7.071992632811454e-28,2.638246273572771e-26,4.461677235966096e-114,1.2419642401517468e-95,6.585429840383719e-78,5.148747603073172e-16,9.30853356065483e-28,0.0015215561376880694
22.8,-0.004680851,0.0013199801435972243,2.6462371069348185e-222,6.534238820103958e-28,2.4337542021200088e-26,3.051691270299803e-114,8.70782476746562e-96,4.813092650166847e-78,4.690551842107331e-16,7.189573606422979e-28,0.0013199801435967553
22.816666666666663,-0.004680851,0.0011439487129436237,1.5606001648094913e-222,6.037356007944388e-28,2.2451039967176343e-26,2.087260190009331e-114,6.105236459994915e-96,3.5176729126216505e-78,4.2730733473672026e-16,5.552469568904924e-28,0.0011439487129431963
22.83333333333333,-0.004680851,0.0009904111277550425,9.203533948348348e-223,5.578239414742227e-28,2.0710690716613124e-26,1.4275987203525826e-114,4.280431367787924e-96,2.5708565968745914e-78,3.8926992617462116e-16,4.287761992888886e-28,0.0009904111277546533
22.85,-0.004680851,0.0008566511300060907,5.427722871628406e-223,5.154019994153905e-28,1.9105177582036093e-26,9.764034200312123e-115,3.000992080174127e-96,1.8788471110969768e-78,3.5461367880418383e-16,3.310829570931978e-28,0.000856651130005736
22.866666666666667,-0.004680851,0.0007402550743088931,3.2009639908351173e-223,4.7620465459594965e-28,1.7624059638729932e-26,6.677994118316655e-115,2.1039453013096457e-96,1.3730812864876285e-78,3.2303848828229496e-16,2.55625921764445e-28,0.00074025507430857
22.883333333333333,-0.004680851,0.0006390823140762443,1.887747866436199e-223,4.399869183744872e-28,1.6257703991639422e-26,4.567266854672538e-115,1.4750146916837567e-96,1.0034420562658638e-78,2.9427084492339164e-16,1.973490793586735e-28,0.00063908231407595
22.9,-0.004680851,0.0005512378080734412,1.1132873228635495e-223,4.065224056541278e-28,1.499722327773537e-26,3.1236356664350855e-115,1.034071514274282e-96,7.332965139887443e-79,2.6806148085425426e-16,1.5234482281543195e-28,0.0005512378080731731
22.916666666666668,0.0,0.0004750469010058301,6.565542475807494e-224,3.7560192293620353e-28,1.3834417999405055e-26,2.1362791714471943e-115,7.249318019354654e-97,5.358685113824233e-79,2.4418322495971624e-16,1.175933897711698e-28,0.0004750469010055859
22.933333333333334,0.0,0.00040903220634436996,3.8719883575239832e-224,3.470321634782301e-28,1.2761723315674065e-26,1.4609969276270845e-115,5.082016839975141e-97,3.915869205690335e-79,2.2242904730269625e-16,9.076135346935084e-29,0.00040903220634414753
22.95,0.0,0.00035189250077514203,2.2834817546260176e-224,3.206345014360235e-28,1.1772159946856016e-26,9.991582497937425e-116,3.562603078922681e-97,2.861471765631201e-79,2.0261027631314386e-16,7.004579845091377e-29,0.00035189250077493944
22.966666666666665,0.0,0.00030248352640610706,1.3466698111650946e-224,2.962438774854505e-28,1.0859288874837265e-26,6.833024061656562e-116,2.497417730184811e-97,2.0909426743759462e-79,1.845549735105877e-16,5.405383544339804e-29,0.0003024835264059225
22.98333333333333,0.0,0.0002598005882235743,7.94190665757141e-225,2.7370776898765033e-28,1.0017169545722004e-26,4.6728875807271996e-116,1.7506824418428232e-97,1.527869237437297e-79,1.6810645186573055e-16,4.1709449950657883e-29,0.0002598005882234062
23.0,0.0,0.00022296282942862392,4.68369393562432e-225,2.5288523828731605e-28,9.240321304223258e-27,3.1955928690551235e-116,1.2272018923696215e-97,1.1164047405428625e-79,1.5312192512970775e-16,3.2181490456194536e-29,0.0002229628294284708
23.016666666666666,0.0,0.00019119906547094455,2.762182133196775e-225,2.336460532193969e-28,8.523687810072244e-27,2.1853011637053235e-116,8.602350468445411e-98,8.157340807185628e-80,1.3947127657531317e-16,2.4828004181926293e-29,0.00019119906547080507
23.03333333333333,0.0,0.00016383505820542928,1.628981645133957e-225,2.1586987434849115e-28,7.862604206006856e-27,1.4943932930726048e-116,6.029908812517993e-98,5.960284876124528e-80,1.2703593661203e-16,1.9153213398984806e-29,0.00016383505820530224
23.05,0.0,0.00014028211408787148,9.606830863611243e-226,1.9944550388038237e-28,7.252766824698986e-27,1.0219091724580442e-116,4.2266557215004954e-98,4.354887381741439e-80,1.157078596650559e-16,1.477426494319874e-29,0.00014028211408775577
23.066666666666663,0.0,0.00012002689424292177,5.665577348071889e-226,1.84270191568508e-28,6.690205238398695e-27,6.988009317537261e-117,2.9626172127847244e-98,3.181840202571404e-80,1.0538859155502418e-16,1.1395535278371597e-29,0.00012002689424281639
23.08333333333333,0.0,0.00010262232919772287,3.3412446459863116e-226,1.7024899329277472e-28,6.171256470228087e-27,4.778465552677478e-117,2.0765709194618286e-98,2.3247237444555414e-80,9.598841938728187e-17,8.788776102321606e-30,0.00010262232919762688
23.1,0.0,8.767953676003731e-05,1.9704819134527187e-226,1.5729417831581782e-28,5.6925412000510846e-27,3.2675125588160365e-117,1.455494514019673e-98,1.698462306717737e-80,8.74255966639991e-17,6.777774342385299e-30,8.767953675994988e-05
23.116666666666667,0.0,7.486064766796587e-05,1.1620818124198205e-226,1.4532468152456731e-28,5.25094181074074e-27,2.2342918872194724e-117,1.0201569140143052e-98,1.2408865427073234e-80,7.962563697455354e-17,5.226501172598757e-30,7.486064766788625e-05
23.133333333333333,0.0,6.387245003850875e-05,6.8533202946654905e-227,1.342655972447763e-28,4.8435821325811376e-27,1.527764464971182e-117,7.150163972701027e-99,9.065669047204078e-81,7.252067020553053e-17,4.0299573259513366e-30,6.387245003843623e-05
23.15,0.004680851,5.4460770124244924e-05,4.0417126008641766e-227,1.240477114751441e-28,4.4678087545335365e-27,1.044640281120868e-117,5.0113838100080654e-99,6.623069239309898e-81,6.604885574599353e-17,3.1071018924056093e-30,5.4460770124178876e-05
23.166666666666668,0.004680851,4.640551331806718e-05,2.383580923797708e-227,1.1460706962639961e-28,4.121173781230829e-27,7.142841534250191e-118,3.512303123008555e-99,4.838496187749874e-81,6.015384765083809e-17,2.3953909219687707e-30,4.6405513318007024e-05
23.183333333333334,0.004680851,3.951629562360135e-05,1.4057058339301652e-227,1.058845770719259e-28,3.801418923930873e-27,4.883926968337347e-118,2.461608564821712e-99,3.534705279455052e-81,5.4784307169484334e-17,1.8465597286135723e-30,3.951629562354656e-05
23.2,0.0,3.3628601856720844e-05,8.290086590536682e-228,9.782563002059942e-29,3.50646082228875e-27,3.3393444683594467e-118,1.7251970186129455e-99,2.582187268547721e-81,4.9893458452334654e-17,1.4233659626333116e-30,3.362860185667095e-05
23.216666666666665,0.0,2.860041260699905e-05,4.889041903862975e-228,9.037977441134544e-29,3.2343775017835386e-27,2.28321710572943e-118,1.2090691044131982e-99,1.8863140871208443e-81,4.5438683617036916e-17,1.0970748163168019e-30,2.8600412606953613e-05
23.23333333333333,0.004680851,2.430924742956814e-05,2.883291326161329e-228,8.350039070328739e-29,2.9833958789833146e-27,1.561087126464986e-118,8.473372293554386e-100,1.377945529853363e-81,4.138115369353693e-17,8.45517429112157e-31,2.4309247429526758e-05
23.25,0.004680851,2.0649576835093158e-05,1.7004088798924e-228,7.714440259665346e-29,2.7518802336227202e-27,1.0673356962677506e-118,5.938191687758724e-100,1.0065651406473649e-81,3.768549227425039e-17,6.5159197347510886e-31,2.0649576835055472e-05
23.266666666666666,0.004680851,1.7530560387040425e-05,1.00280912203422e-228,7.12720078685581e-29,2.538321572726298e-27,7.297412571410124e-119,4.161452256550947e-100,7.352643995441107e-82,3.4319468975901296e-17,5.021065914470036e-31,1.7530560387006106e-05
23.28333333333333,0.004680851,1.487407259896376e-05,5.9140264162855906e-229,6.58464296455142e-29,2.341327817790246e-27,4.989198186285874e-119,2.916274625495346e-100,5.37077590728062e-82,3.1253720075102835e-17,3.868862947198366e-31,1.4874072598932507e-05
23.3,0.004680851,1.2612982355101653e-05,3.487773846645834e-229,6.083368656181461e-29,2.1596147513680215e-27,3.411038451258721e-119,2.0436416265172915e-100,3.923036870428738e-82,2.846149391279148e-17,2.980836687725891e-31,1.2612982355073191e-05
23.316666666666663,0.004680851,1.0689655265290577e-05,2.0569012674784695e-229,5.620238037052614e-29,1.9919976643239855e-27,2.3320426731110294e-119,1.432101828073424e-100,2.865494870384183e-82,2.591841887506015e-17,2.296469186738102e-31,1.0689655265264658e-05
23.33333333333333,0.004680851,9.05465172425095e-06,1.2130498459698313e-229,5.192349968254357e-29,1.8373836495592946e-27,1.5943380273658486e-119,1.0035428367397395e-100,2.0929978966919848e-82,2.3602291951676307e-17,1.7690937586029257e-31,9.054651724227348e-06
23.35,0.004680851,7.665596492541558e-06,7.153917381389557e-230,4.797023860967385e-29,1.6947644922059204e-27,1.089979587378523e-119,7.03219342834008e-101,1.528726812317508e-82,2.1492886050231906e-17,1.3627275942421632e-31,7.665596492520066e-06
23.366666666666667,0.0,6.486198370461599e-06,4.218997475085627e-230,4.431782918049744e-29,1.5632101101472583e-27,7.451614646682016e-120,4.927635738575866e-101,1.116562225062175e-82,1.957177440490462e-17,1.0496279933248859e-31,6.486198370442027e-06
23.383333333333333,0.004680851,5.485401016642705e-06,2.4881392511137793e-230,4.0943386483614167e-29,1.4418625022925869e-27,5.094205825511489e-120,3.452862621978835e-101,8.155075001715774e-83,1.7822170565665762e-17,8.084070550670098e-32,5.485401016624883e-06
23.4,0.004680851,4.636648190003483e-06,1.467371808195635e-230,3.782576557219532e-29,1.3299301653247986e-27,3.482544549688653e-120,2.419429304486616e-101,5.956141291701751e-83,1.6228782587680763e-17,6.225773269740611e-32,4.636648189987254e-06
23.416666666666668,0.004680851,3.91724868709108e-06,8.653777624650938e-231,3.494542923701763e-29,1.226682942675758e-27,2.3807345793257098e-120,1.6952725363037562e-101,4.350048005405278e-83,1.4777680162691153e-17,4.7942999219819494e-32,3.917248687076303e-06
23.433333333333334,0.004680851,3.3078280262044337e-06,5.1035381120208634e-231,3.228432582293395e-29,1.131447272288438e-27,1.6274940153550735e-120,1.1878431238037506e-101,3.1769849443223002e-83,1.345617354547944e-17,3.6916963098728734e-32,3.3078280261909777e-06
23.45,0.004680851,2.7918555138707026e-06,3.0097960289441333e-231,2.982577632629604e-29,1.0436018023089085e-27,1.1125561941109535e-120,8.322841807082468e-102,2.3202155616991115e-83,1.2252703229977615e-17,2.842469283766212e-32,2.79185551385845e-06
23.466666666666665,0.004680851,2.355236736222272e-06,1.7750183145238604e-231,2.7554370068736083e-29,9.625733462391647e-28,7.605340479605944e-121,5.831458662004427e-102,1.6944689219794426e-83,1.1156739422094997e-17,2.188440842210262e-32,2.355236736211115e-06
23.48333333333333,0.004680851,1.985962764511269e-06,1.0468119769447504e-231,2.545586829615037e-29,8.878331512817594e-28,5.198876863053016e-121,4.085787642493065e-102,1.2374595083953878e-83,1.0158690440668476e-17,1.6847801319665364e-32,1.98596276450111e-06
23.5,0.004680851,1.673808466268253e-06,6.173544715837722e-232,2.35171151011536e-29,8.188934556400694e-28,3.553813060705252e-121,2.86264455368981e-102,9.036921817712442e-84,9.249819254825949e-18,1.2969439697862287e-32,1.6738084662590032e-06
23.516666666666666,0.004680851,1.4100732861678605e-06,3.640831533754102e-232,2.172595511293465e-29,7.553043124116316e-28,2.429258995414784e-121,2.005636049142962e-102,6.599365987309765e-84,8.422167436146769e-18,9.983180558938159e-33,1.4100732861594382e-06
23.53333333333333,0.004680851,1.1873587170870052e-06,2.1471710368109328e-232,2.0071157440635987e-29,6.96650659441915e-28,1.6605320665244027e-121,1.4051733714464469e-102,4.819212608705997e-84,7.668485867895023e-18,7.683985477976817e-33,1.1873587170793368e-06
23.55,0.004680851,9.993774345944437e-07,1.2662888038776751e-232,1.854234539539661e-29,6.425496161020447e-28,1.135049847028405e-121,9.844661709256913e-103,3.519185536791635e-84,6.982171611854798e-18,5.9139031633486396e-33,9.993774345874616e-07
23.566666666666663,0.004680851,8.407897285574081e-07,7.4679080823840275e-233,1.712993155221862e-29,5.926479894261346e-28,7.758483432278057e-122,6.897072690799083e-103,2.569806770796133e-84,6.3572103863919115e-18,4.551264876897933e-33,8.407897285510509e-07
23.58333333333333,0.004680851,7.070634440305548e-07,4.404181727943595e-233,1.5825057746136275e-29,5.466199734025493e-28,5.303138729474217e-122,4.831944614458867e-103,1.8765106049446055e-84,5.788124157768345e-18,3.502356956848403e-33,7.070634440247667e-07
23.6,0.004680851,5.943541494532874e-07,2.5973565289694516e-233,1.4619539627949904e-29,5.041650264677824e-28,3.6247946010404324e-122,3.385105812012568e-103,1.3702311875241049e-84,5.269923390865952e-18,2.6950030265958957e-33,5.943541494480175e-07
23.616666666666667,0.004680851,4.994026918448944e-07,1.5317855709119216e-233,1.3505815433226594e-29,4.650059134074284e-28,2.477582317463442e-122,2.371459564057069e-103,1.0005273523522509e-84,4.798063545685857e-18,2.0736183320465772e-33,4.994026918400963e-07
23.633333333333333,0.004680851,4.1944768373059903e-07,9.033674758704984e-234,1.2476898644548543e-29,4.288868989365502e-28,1.693429315207553e-122,1.6613165510957181e-103,7.305608544586128e-85,4.368405442656077e-18,1.5953988169841012e-33,4.194476837262306e-07
23.65,0.004680851,3.5215080172849363e-07,5.327592468304652e-234,1.152633425131008e-29,3.9557208121671416e-28,1.1574449878434906e-122,1.1638104976405686e-103,5.334284385461962e-85,3.977179153200726e-18,1.2273848030591595e-33,3.5215080172451644e-07
23.666666666666668,0.004680851,2.9553306812630713e-07,3.141938004184179e-234,1.0648158333782042e-29,3.6484385447493836e-28,7.910937646688752e-123,8.152773501166751e-104,3.894828060372419e-85,3.6209511024764146e-18,9.441987233269114e-34,2.9553306812268617e-07
23.683333333333334,0.004680851,2.479205397681022e-07,1.852952539915818e-234,9.836860718931474e-30,3.365014907288487e-28,5.406919402037989e-123,5.711125844007479e-104,2.843759033210358e-85,3.2965940989514156e-18,7.263023057372316e-34,2.479205397648056e-07
23.7,0.004680851,2.0789804793164657e-07,1.092775750777899e-234,9.087350474644784e-30,3.103598313952706e-28,3.6954401703085915e-123,4.0006572607725e-104,2.0762980524109148e-85,3.001260030804859e-18,5.586540329381439e-34,2.0789804792864532e-07
23.716666666666665,0.004680851,1.74269822845357e-07,6.44462826420656e-235,8.394924026727168e-30,2.8624808027374226e-28,2.525671209481658e-123,2.802426589312698e-104,1.5159295562227808e-85,2.7323549921917652e-18,4.296750225096586e-34,1.7426982284262464e-07
23.73333333333333,0.004680851,1.4602600080969622e-07,3.800710256971546e-235,7.755235699417684e-30,2.6400869005442465e-28,1.726163083066968e-123,1.9630458449814335e-104,1.1067786843792947e-85,2.4875166234385568e-18,3.3045253302416587e-34,1.460260008072087e-07
23.75,0.0,1.2231415385301344e-07,2.241463766391521e-235,7.16427049529529e-30,2.434963351078657e-28,1.1797261891439713e-123,1.3750546408582686e-104,8.080440100210574e-86,2.2645934683962407e-18,2.5412653775081504e-34,1.2231415385074885e-07
23.766666666666666,0.0,1.024151043687662e-07,1.321900452652293e-235,6.618318944428453e-30,2.2457696387438126e-28,8.062598178523127e-124,9.631696829793061e-105,5.899316921457283e-86,2.061626169640933e-18,1.9541732370762085e-34,1.0241510436670457e-07
23.78333333333333,0.004680851,8.572239280005082e-08,7.795892613590965e-236,6.113953865544227e-30,2.07126924688126e-28,5.5101474954490385e-124,6.746507438541791e-105,4.306861888119022e-86,1.8768303381255743e-18,1.5026172091594007e-34,8.572239279817399e-08
23.8,0.004680851,7.172485739403127e-08,4.59761936508515e-236,5.648008893933582e-30,1.9103215934820412e-28,3.7657012125420868e-124,4.725508749987794e-105,3.1442182754656412e-86,1.7085809483940835e-18,1.1553300208649818e-34,7.172485739232268e-08
23.816666666666663,0.0,5.99918632987538e-08,2.7114415488919427e-236,5.217558641841607e-30,1.7618745918932845e-28,2.5734926451297457e-124,3.3098744904396818e-105,2.2953925947259827e-86,1.5553981236867758e-18,8.882522320861244e-35,5.99918632971984e-08
23.83333333333333,0.0,5.016078552722319e-08,1.5990702667321756e-236,4.819900367286893e-30,1.624957788107537e-28,1.7587109073863495e-124,2.318290646511629e-105,1.6756905916073966e-86,1.4159341873139161e-18,6.828719132022256e-35,5.016078552580725e-08
23.85,0.0,4.192640805885992e-08,9.430504296398584e-237,4.452537036681679e-30,1.498676029972069e-28,1.2018781735782685e-124,1.6237443783033023e-105,1.223272670904297e-86,1.2889618676548188e-18,5.249464835885456e-35,4.192640805757096e-08
23.866666666666667,0.0,3.503195088420669e-08,5.561633344607396e-237,4.113161675324267e-30,1.3822036271105545e-28,8.213361127224337e-125,1.1372629091945594e-105,8.929873827036629e-87,1.1733635541440623e-18,4.035188170306667e-35,3.5031950883033326e-08
23.883333333333333,0.0,2.9261479254200388e-08,3.2799699044350023e-237,3.799642907885629e-30,1.2747789635414267e-28,5.612752350030785e-125,7.965215758637454e-106,6.518685065414703e-87,1.0681215107255513e-18,3.1015991881110247e-35,2.9261479253132266e-08
23.9,0.0,2.443348575034729e-08,1.9343605698465868e-237,3.510011598447898e-30,1.1756995279213325e-28,3.8355296759725367e-125,5.578631625194616e-106,4.758469878132261e-87,9.723089615653627e-19,2.3838603990774108e-35,2.4433485749374982e-08
23.916666666666668,0.0,2.039546689661943e-08,1.1407883314506615e-237,3.2424485065193845e-30,1.0843173290558972e-28,2.6210139482418403e-125,3.9070710842782106e-106,3.4735001128779545e-87,8.850819713853377e-19,1.8321008049644447e-35,2.0395466895734345e-08
23.933333333333334,0.0,1.7019342624271053e-08,6.727795421924005e-238,2.995272881803702e-30,1.0000346668275944e-28,1.7910505685397285e-125,2.73632983537021e-106,2.5354788849010023e-87,8.056720496808011e-19,1.407963679482477e-35,1.7019342623465382e-08
23.95,0.0,1.4197589613531923e-08,3.967715743932631e-238,2.7669319263637633e-30,9.223002310004317e-29,1.2238858324727299e-125,1.9163688384820455e-106,1.8507398956156267e-87,7.333794143732513e-19,1.0819500585654094e-35,1.4197589612798543e-08
23.966666666666665,0.0,1.1839978921570834e-08,2.3399597735541477e-238,2.5559910582464052e-30,8.506055024955301e-29,8.36312376218049e-126,1.3420951069507788e-106,1.3509009392251665e-87,6.675668561792585e-19,8.313746745803845e-36,1.1839978920903268e-08
23.98333333333333,0.004680851,9.870824838841551e-09,1.3799911429727929e-238,2.3611249156403625e-30,7.844814336978225e-29,5.7146641172431825e-126,9.398986816527667e-107,9.860396252031833e-88,6.076541501975778e-19,6.387932450224216e-36,9.870824838233898e-09
24.0,0.0,8.226666005221319e-09,8.138498228480298e-239,2.1811090452709347e-30,7.234953861706709e-29,3.904878070978471e-126,6.582219474893418e-107,7.197107666201591e-88,5.531129659745071e-19,4.907925042282156e-36,8.226666004668206e-09
24.016666666666666,0.0,6.854311815500955e-09,4.799680338945009e-239,2.0148122230122607e-30,6.672483058292435e-29,2.6682028320960166e-126,4.609536577868139e-107,5.253084880914349e-88,5.034622316425163e-19,3.770593742462767e-36,6.854311814997493e-09
24.03333333333333,0.0,5.7091973538676385e-09,2.830612507849632e-239,1.8611893586501463e-30,6.153721171689758e-29,1.823160116599204e-126,3.228016724130103e-107,3.834101833899102e-88,4.582639116772761e-19,2.8966492513556938e-36,5.709197353409375e-09
24.05,0.0,4.753998779454764e-09,1.6693545876558876e-239,1.719274940382684e-30,5.675273195712093e-29,1.2457342438587871e-126,2.260517674789188e-107,2.798373599177388e-88,4.171191614177569e-19,2.2251359827213723e-36,4.753998779037645e-09
24.066666666666663,0.0,3.9574684633144595e-09,9.84502525979939e-240,1.588176978019194e-30,5.234007700229566e-29,8.511784644855438e-127,1.582973610250602e-107,2.04239901151631e-88,3.796648247733313e-19,1.7091957754934582e-36,3.957468462934794e-09
24.08333333333333,0.0,3.2934554430403477e-09,5.806108410179826e-240,1.4670714069578556e-30,4.827036378010838e-29,5.815813842420605e-127,1.108493358586517e-107,1.49062483655925e-88,3.4557024452982278e-19,1.3128097741542957e-36,3.2934554426947773e-09
24.1,0.0,2.7400820789671096e-09,3.424155763866732e-240,1.3551969179046335e-30,4.4516951779124445e-29,3.97369952613608e-127,7.762224246732486e-108,1.087900054719773e-88,3.145343573894932e-19,1.0082927790491588e-36,2.7400820786525754e-09
24.116666666666667,0.0,2.2790523059837764e-09,2.0193981309943946e-240,1.2518501799585338e-30,4.105526901438286e-29,2.7150274373769305e-127,5.435418146803126e-108,7.939671741063569e-89,2.8628304835997296e-19,7.743664065781066e-37,2.2790523056974933e-09
24.133333333333333,0.0,1.8950706978065093e-09,1.1909415661624257e-240,1.1563814271481546e-30,3.786265149224329e-29,1.8550178970483805e-127,3.806040769281165e-108,5.7944072846547605e-89,2.605667413674768e-19,5.946774483255684e-37,1.8950706975459424e-09
24.15,0.0,1.5753547988122272e-09,7.023587901452834e-241,1.0681903807807674e-30,3.491819512795381e-29,1.2674086898898025e-127,2.6650639163499814e-108,4.2287151372739734e-89,2.371582050289296e-19,4.566586381590751e-37,1.575354798575069e-09
24.166666666666668,0.0,1.3092259199718217e-09,4.142167495287787e-241,9.867224820632234e-31,3.2202619150444036e-29,8.659243746739393e-128,1.866102760848402e-108,3.086034683604978e-89,2.1585055439332994e-19,3.5065275234569822e-37,1.3092259197559712e-09
24.183333333333334,0.0,1.0877659149249337e-09,2.4428474989848534e-241,9.114654113974854e-31,2.969814010372232e-29,5.916133544646909e-128,1.3066438553957023e-108,2.25209213643736e-89,1.964554311721706e-19,2.692392160144547e-37,1.0877659147284783e-09
24.2,0.0,9.035294136054324e-10,1.4406720166889972e-241,8.419458725463726e-31,2.738835562322251e-29,4.0419478423052757e-128,9.148979832153004e-109,1.6434803029478365e-89,1.7880134653567545e-19,2.0671642946685385e-37,9.03529413426631e-10
24.216666666666665,0.0,7.503026484327942e-10,8.496380438947927e-242,7.777266215233781e-31,2.5258137229168304e-29,2.761456368800376e-128,6.405925600374049e-109,1.199322190372674e-89,1.6273217197048438e-19,1.587038295858137e-37,7.503026482700621e-10
24.23333333333333,0.0,6.229014081946747e-10,5.010751268834463e-242,7.184037215914718e-31,2.3293531437719513e-29,1.8866025755791365e-128,4.485231944038488e-109,8.751858154781476e-90,1.4810576498667865e-19,1.218360113125878e-37,6.229014080465689e-10
24.25,0.0,5.170018367283463e-10,2.9550974329737503e-242,6.636040071715838e-31,2.1481668544892627e-29,1.288894673627109e-128,3.140376612707665e-109,6.3864236563511306e-90,1.3479271763952775e-19,9.352762635557171e-38,5.170018365935536e-10
24.266666666666666,0.0,4.289987908132636e-10,1.742773023535377e-242,6.129827407687358e-31,1.9810678488217786e-29,8.805402562991261e-129,2.198732467226376e-109,4.660239663975012e-90,1.226752169040098e-19,7.179269311913536e-38,4.289987906905884e-10
24.28333333333333,0.0,3.558873127333414e-10,1.0278030866823986e-242,5.662214482323326e-31,1.826961323722444e-29,6.015556293681849e-129,1.539419158211586e-109,3.400571177045166e-90,1.1164600691723631e-19,5.510573357404749e-38,3.558873126216954e-10
24.3,0.0,2.951634818776373e-10,6.06148550305796e-243,5.230259187837083e-31,1.684837520640208e-29,4.109577544696706e-129,1.0777927127511455e-109,2.4813532519539942e-90,1.0160744399421653e-19,4.2295061288678215e-38,2.9516348177602986e-10
24.316666666666663,0.0,2.4474150698128726e-10,3.5747715122489856e-243,4.831243572754782e-31,1.5537651223523487e-29,2.8074587303525907e-129,7.545837912551144e-110,1.810583047358327e-90,9.247063613319965e-20,3.2460781593925455e-38,2.4474150688881663e-10
24.33333333333333,0.0,2.0288442351228609e-10,2.1082279660893118e-243,4.462656771004206e-31,1.4328851622427856e-29,1.917893161940722e-129,5.28291459968017e-110,1.3211175105089807e-90,8.415465946558589e-20,2.4911784899060143e-38,2.0288442342813142e-10
24.35,0.0,1.681461839786309e-10,1.2433314401949784e-243,4.122179230488654e-31,1.321405406278447e-29,1.310177935180364e-129,3.6985680380693925e-110,9.6395688935983e-91,7.658584477838803e-20,1.911733678954677e-38,1.6814618390204507e-10
24.366666666666667,0.0,1.3932328500481106e-10,7.33257182176086e-244,3.807668142267441e-31,1.2185951710149614e-29,8.950164221648292e-130,2.5893308974799157e-110,7.033426539527063e-91,6.969712785011499e-20,1.4669885485548593e-38,1.3932328493511393e-10
24.383333333333333,0.0,1.154143744364392e-10,4.324399406702991e-244,3.5171439789883323e-31,1.1237805438071955e-29,6.114016283855705e-130,1.8127396298370673e-110,5.131797367942199e-91,6.342745789935554e-20,1.1256489113652958e-38,1.1541437437301174e-10
24.4,0.0,9.558653337862684e-11,2.5503238735847888e-244,3.248778058165977e-31,1.0363399740232762e-29,4.176543932871879e-130,1.2690456783984518e-110,3.744253642503619e-91,5.772125895404848e-20,8.636866344819543e-39,9.558653332090558e-11
24.416666666666668,0.0,7.914713948161229e-11,1.504059223199468e-244,3.0008810523168166e-31,9.55700206478366e-30,2.853004159116048e-130,8.884091936112613e-111,2.731833695852382e-91,5.2527939412631924e-20,6.626536045293846e-39,7.914713942908436e-11
24.433333333333334,0.0,6.55203953132525e-11,8.870224291527618e-245,2.771892373896848e-31,8.813325305381466e-30,1.9488690328224338e-130,6.2193187155965234e-111,1.9931340437382286e-91,4.7801445490350876e-20,5.0838667979288425e-39,6.552039526545105e-11
24.45,0.0,5.422775466692084e-11,5.2312361936677445e-245,2.560370368464851e-31,8.127493203992726e-30,1.3312444671861839e-130,4.353780969883329e-111,1.4541594420499113e-91,4.34998546283739e-20,3.900130184098332e-39,5.422775462342099e-11
24.466666666666665,0.0,4.4871604673350413e-11,3.0851346255196632e-245,2.3649832545636036e-31,7.495008439548524e-30,9.093433588325268e-131,3.047785155717992e-111,1.0609156021922879e-91,3.958500529354989e-20,2.991861570079711e-39,4.487160463376541e-11
24.48333333333333,0.0,3.71216664336727e-11,1.8194661239253433e-245,2.184500753485201e-31,6.911723194037475e-30,6.211448904880578e-131,2.1335171894531325e-111,7.740035472308978e-92,3.6022159915510467e-20,2.2949934259012436e-39,3.7121666397650545e-11
24.5,0.0,3.070366478697017e-11,1.0730350075674785e-245,2.017786356413613e-31,6.373812003798747e-30,4.2428031286267093e-131,1.4934888403903483e-111,5.646747771834895e-92,3.27796979983451e-20,1.7603501528018538e-39,3.070366475419047e-11
24.516666666666666,0.0,2.538989148004351e-11,6.328253540992493e-246,1.863790180430894e-31,5.877746718679097e-30,2.898062857652866e-131,1.045446639340261e-111,4.119525240275125e-92,2.982883670864539e-20,1.3501886447719593e-39,2.5389891450214672e-11
24.53333333333333,0.0,2.0991347702838205e-11,3.732105512214821e-246,1.7215423685639347e-31,5.420273405477439e-30,1.9795099537499013e-131,7.318057677678931e-112,3.005310199334218e-92,2.714337648269297e-20,1.035542000598142e-39,2.099134767569483e-11
24.55,0.0,1.7351203611488314e-11,2.2010201507949225e-246,1.590146992460377e-31,4.9983910447850915e-30,1.35208052961113e-131,5.122522421404066e-112,2.1924253646046763e-92,2.4699469415068176e-20,7.941800404237151e-40,1.7351203586788843e-11
24.566666666666663,0.0,1.4339355698350796e-11,1.2980582638148926e-246,1.4687764194313635e-31,4.609331882037473e-30,9.235117366295864e-132,3.585634395073256e-112,1.5993875946120733e-92,2.24754083908508e-20,6.090434893999888e-40,1.4339355675875388e-11
24.58333333333333,0.0,1.1847899043865705e-11,7.655338810687932e-247,1.3566661085110506e-31,4.250543304384593e-30,6.307790809506668e-132,2.5098181410671697e-112,1.166745241408051e-92,2.045143510565394e-20,4.670418871027115e-40,1.184789902341427e-11
24.6,0.0,9.787361740662336e-12,4.514760419039526e-247,1.2531098028728896e-31,3.919671124955432e-30,4.308312121728661e-132,1.7567607879717466e-112,8.511219292739045e-93,1.8609565283573228e-20,3.581307836361763e-40,9.78736172205277e-12
24.616666666666667,0.0,8.083574075405301e-12,2.6625947019505303e-247,1.1574550884274328e-31,3.614544165270873e-30,2.942605624913151e-132,1.2296376287606492e-112,6.208704156257202e-93,1.693342955413539e-20,2.746033737812385e-40,8.083574058471872e-12
24.633333333333333,0.0,6.675066194168919e-12,1.5702741456324848e-247,1.0690992907219326e-31,3.3331600350391414e-30,2.00979609997548e-132,8.606683155367824e-113,4.529013478014441e-93,1.5408128586881358e-20,2.105467687334875e-40,6.67506617876079e-12
24.65,0.0,5.510905638723805e-12,9.260745701434199e-248,9.874856843859033e-32,3.0736720163872725e-30,1.372672663871886e-132,6.024051206214558e-113,3.3036934151045784e-93,1.4020101207502456e-20,1.614246634105007e-40,5.510905624703704e-12
24.666666666666668,0.0,4.548900891223101e-12,5.461557358788931e-248,9.120999913242575e-32,2.8343769667887983e-30,9.375124191896694e-133,4.2163405170115414e-113,2.409846370601341e-93,1.2757004333501707e-20,1.2375703475680054e-40,4.548900878466097e-12
24.683333333333334,0.0,3.7541093791498945e-12,3.2209731249426114e-248,8.424671456726925e-32,2.6137041616056845e-30,6.402979977984471e-133,2.951052245062673e-113,1.7578122527611718e-93,1.1607603671269907e-20,9.487432440609273e-41,3.754109367542291e-12
24.7,0.0,3.097598669683905e-12,1.8995807718008003e-248,7.781483052022766e-32,2.41020500329445e-30,4.373028813466225e-133,2.0654387963079974e-113,1.2821804357945223e-93,1.0561674211071608e-20,7.272879496388779e-41,3.0975986591222307e-12
24.716666666666665,0.0,2.5554181569956334e-12,1.1202849199240432e-248,7.18738090406867e-32,2.222543529991436e-30,2.9866038856607906e-133,1.4455795244773957e-113,9.352319801479193e-94,9.609909642610835e-21,5.574976991348699e-41,2.5554181473857237e-12
24.73333333333333,0.0,2.1077456971605197e-12,6.606923473626597e-249,6.638620339348392e-32,2.0494876614097015e-30,2.0397080763543557e-133,1.0117329298786034e-113,6.821550733280378e-94,8.74383989231018e-21,4.2732554565887496e-41,2.10774568841668e-12
24.75,0.0,1.7381796076966058e-12,3.896459120872772e-249,6.131742243468477e-32,1.8899011247998824e-30,1.39300770625727e-133,7.080827864657641e-114,4.975542674560499e-94,7.955756054899965e-21,3.275320608479807e-41,1.7381795997408497e-12
24.766666666666666,0.0,1.4331514181982823e-12,2.2979524249546015e-249,5.663551294002593e-32,1.7427360081680166e-30,9.513364725194402e-134,4.955602410406385e-114,3.6290369630292e-94,7.238642056990573e-21,2.510314073982089e-41,1.4331514109596403e-12
24.78333333333333,0.004680851,1.1814388991850092e-12,1.3552268676410623e-249,5.231095851876625e-32,1.6070258920432104e-30,6.496955779293619e-134,3.4681921880234216e-114,2.6468902753625555e-94,6.586112449555916e-21,1.9238963926550443e-41,1.1814388925988968e-12
24.8,0.004680851,9.737623452636e-13,7.992507157240474e-250,4.831649384977662e-32,1.4818795148674761e-30,4.436912057991409e-134,2.4271921064539392e-114,1.930519140412128e-94,5.9923557802282195e-21,1.4743981265493751e-41,9.737623392712441e-13
24.816666666666663,0.0,8.024499606611816e-13,4.713615197997627e-250,4.4626933072847147e-32,1.3664749305681853e-30,3.0300297183843584e-134,1.6986326026872936e-114,1.4080106131947766e-94,5.4520830454389e-21,1.1298672613706742e-41,8.024499552090986e-13
24.83333333333333,0.004680851,6.611605859376312e-13,2.7798750632340216e-250,4.121901125703073e-32,1.2600541200886187e-30,2.06922693618783e-134,1.1887460382155183e-114,1.0269076855431445e-94,4.960480767190113e-21,8.65804297078933e-42,6.611605809771505e-13
24.85,0.0,5.44653994261006e-13,1.6394436372746142e-250,3.8071237949971257e-32,1.1619180216215067e-30,1.4130728006515969e-134,8.31903681116136e-115,7.489460857551142e-95,4.513168279993344e-21,6.634249480088106e-42,5.446539897478377e-13
24.866666666666667,0.0,4.4860064085160214e-13,9.668692847035061e-251,3.5163761887942173e-32,1.0714219470249615e-30,9.649751735846286e-135,5.821720611083448e-115,5.4621471761256695e-95,4.106158850610241e-21,5.083276146392229e-42,4.486006367454433e-13
24.883333333333333,0.0,3.6942412586215147e-13,5.702156038446917e-251,3.24782460164265e-32,9.879713544259211e-31,6.589659029092378e-135,4.074028252933051e-115,3.983547021333616e-95,3.735824287020113e-21,3.894713719870701e-42,3.694241221263272e-13
24.9,0.0,3.0417077560970097e-13,3.362873194003602e-251,2.9997752035809465e-32,9.110179493453221e-31,4.4999217014333724e-135,2.8509597797880853e-115,2.9051611059494593e-95,3.3988627238059974e-21,2.98392155415546e-42,3.0417077221083825e-13
24.916666666666668,0.0,2.504016985390785e-13,1.9832704696755543e-251,2.770663374653349e-32,8.400560888256622e-31,3.072855881689882e-135,1.995044260524265e-115,2.118674472055919e-95,3.0922692991598268e-21,2.2860165830660148e-42,2.504016954468092e-13
24.933333333333334,0.0,2.061034629639655e-13,1.169643359264181e-251,2.5590438523347e-32,7.746194650244458e-31,2.098334199032085e-135,1.3960738216743955e-115,1.5450836661846692e-95,2.8133094642182478e-21,1.7512637359853713e-42,2.0610346015065603e-13
24.95,0.0,1.6961420048938853e-13,6.898029277832696e-252,2.3635816299309187e-32,7.142780465631623e-31,1.4328554105474386e-135,9.769192094192485e-116,1.1267654969393534e-95,2.5594946886641336e-21,1.3415412312239521e-42,1.6961419792989383e-13
24.966666666666665,0.0,1.395624845667273e-13,4.0681472768609396e-252,2.1830435487399997e-32,6.586352576083903e-31,9.784200184151192e-136,6.836020331930829e-116,8.216916330850729e-96,2.3285603476779084e-21,1.0276302392259539e-42,1.3956248223816696e-13
24.98333333333333,0.0,1.148167866080643e-13,2.3992105388376744e-252,2.0162905311131994e-32,6.073253762153759e-31,6.681032044386919e-136,4.7834637379240615e-116,5.992085365320487e-96,2.1184455945762694e-21,7.87136758118722e-43,1.148167844896187e-13
25.0,0.0,9.444368809979781e-14,1.4149468068685729e-252,1.8622704055838756e-32,5.600111348993067e-31,4.562018618763331e-136,3.347156998801353e-116,4.369592492669211e-96,1.92727504100898e-21,6.028983107991236e-43,9.444368617252277e-14
