time,signal,fit_total,peak_1,peak_2,peak_3,peak_4,peak_5
0.0,0.0,0.0,0.0,0.0,0.0,0.0,0.0
0.0166666666666666,0.0,0.0,0.0,0.0,0.0,0.0,0.0
0.0333333333333333,0.0,0.0,0.0,0.0,0.0,0.0,0.0
0.05,0.0,0.0,0.0,0.0,0.0,0.0,0.0
0.0666666666666666,0.0,0.0,0.0,0.0,0.0,0.0,0.0
0.0833333333333333,0.0,0.0,0.0,0.0,0.0,0.0,0.0
0.1,0.0,0.0,0.0,0.0,0.0,0.0,0.0
0.1166666666666666,0.0,0.0,0.0,0.0,0.0,0.0,0.0
0.1333333333333333,0.0,0.0,0.0,0.0,0.0,0.0,0.0
0.15,0.0,0.0,0.0,0.0,0.0,0.0,0.0
0.1666666666666666,0.0,0.0,0.0,0.0,0.0,0.0,0.0
0.1833333333333333,0.0,0.0,0.0,0.0,0.0,0.0,0.0
0.2,0.0,0.0,0.0,0.0,0.0,0.0,0.0
0.2166666666666666,0.0,0.0,0.0,0.0,0.0,0.0,0.0
0.2333333333333333,0.0,0.0,0.0,0.0,0.0,0.0,0.0
0.25,0.0,0.0,0.0,0.0,0.0,0.0,0.0
0.2666666666666666,-0.004680851,0.0,0.0,0.0,0.0,0.0,0.0
0.2833333333333333,-0.004680851,0.0,0.0,0.0,0.0,0.0,0.0
0.3,-0.004680851,0.0,0.0,0.0,0.0,0.0,0.0
0.3166666666666666,0.0,0.0,0.0,0.0,0.0,0.0,0.0
0.3333333333333333,0.0,0.0,0.0,0.0,0.0,0.0,0.0
0.35,0.0,0.0,0.0,0.0,0.0,0.0,0.0
0.3666666666666666,0.0,0.0,0.0,0.0,0.0,0.0,0.0
0.3833333333333333,0.0,0.0,0.0,0.0,0.0,0.0,0.0
0.4,-0.004680851,0.0,0.0,0.0,0.0,0.0,0.0
0.4166666666666667,-0.004680851,0.0,0.0,0.0,0.0,0.0,0.0
0.4333333333333333,-0.004680851,0.0,0.0,0.0,0.0,0.0,0.0
0.45,-0.004680851,0.0,0.0,0.0,0.0,0.0,0.0
0.4666666666666667,-0.004680851,0.0,0.0,0.0,0.0,0.0,0.0
0.4833333333333333,-0.004680851,0.0,0.0,0.0,0.0,0.0,0.0
0.5,-0.004680851,0.0,0.0,0.0,0.0,0.0,0.0
0.5166666666666667,-0.004680851,0.0,0.0,0.0,0.0,0.0,0.0
0.5333333333333333,-0.004680851,0.0,0.0,0.0,0.0,0.0,0.0
0.55,-0.004680851,0.0,0.0,0.0,0.0,0.0,0.0
0.5666666666666667,-0.004680851,0.0,0.0,0.0,0.0,0.0,0.0
0.5833333333333334,-0.004680851,0.0,0.0,0.0,0.0,0.0,0.0
0.6,-0.004680851,0.0,0.0,0.0,0.0,0.0,0.0
0.6166666666666667,-0.009361702,0.0,0.0,0.0,0.0,0.0,0.0
0.6333333333333333,-0.009361702,0.0,0.0,0.0,0.0,0.0,0.0
0.65,-0.009361702,0.0,0.0,0.0,0.0,0.0,0.0
0.6666666666666666,-0.009361702,0.0,0.0,0.0,0.0,0.0,0.0
0.6833333333333333,-0.0140425535,0.0,0.0,0.0,0.0,0.0,0.0
0.7,-0.0140425535,0.0,0.0,0.0,0.0,0.0,0.0
0.7166666666666667,-0.0140425535,0.0,0.0,0.0,0.0,0.0,0.0
0.7333333333333333,-0.018723404,0.0,0.0,0.0,0.0,0.0,0.0
0.75,-0.018723404,0.0,0.0,0.0,0.0,0.0,0.0
0.7666666666666667,-0.018723404,0.0,0.0,0.0,0.0,0.0,0.0
0.7833333333333333,-0.023404256,0.0,0.0,0.0,0.0,0.0,0.0
0.8,-0.023404256,0.0,0.0,0.0,0.0,0.0,0.0
0.8166666666666667,-0.023404256,0.0,0.0,0.0,0.0,0.0,0.0
0.8333333333333334,-0.023404256,0.0,0.0,0.0,0.0,0.0,0.0
0.85,-0.023404256,0.0,0.0,0.0,0.0,0.0,0.0
0.8666666666666667,-0.028085107,0.0,0.0,0.0,0.0,0.0,0.0
0.8833333333333333,-0.028085107,3.2410628304772243e-100,3.2410628304772243e-100,0.0,0.0,0.0,0.0
0.9,-0.023404256,1.9222762625741295e-08,1.9222762625741295e-08,0.0,0.0,0.0,0.0
0.9166666666666666,-0.023404256,1.4088048309887192e-06,1.4088048309887192e-06,0.0,0.0,0.0,0.0
0.9333333333333332,-0.023404256,1.6007512627751572e-05,1.6007512627751572e-05,0.0,0.0,0.0,0.0
0.95,-0.023404256,8.47901330576314e-05,8.47901330576314e-05,0.0,0.0,0.0,0.0
0.9666666666666668,-0.018723404,0.00029563091705813664,0.00029563091705813664,0.0,0.0,0.0,0.0
0.9833333333333332,-0.018723404,0.0007911845411658581,0.0007911845411658581,0.0,0.0,0.0,0.0
1.0,-0.0140425535,0.0017641295444803934,0.0017641295444803934,0.0,0.0,0.0,0.0
1.0166666666666666,-0.009361702,0.0034415866796065936,0.0034415866796065936,0.0,0.0,0.0,0.0
1.0333333333333334,0.0,0.006062750899504542,0.006062750899504542,0.0,0.0,0.0,0.0
1.05,0.004680851,0.00985423015301132,0.00985423015301132,0.0,0.0,0.0,0.0
1.0666666666666669,0.0140425535,0.015006975428912252,0.015006975428912252,0.0,0.0,0.0,0.0
1.0833333333333333,0.023404256,0.021657588572943316,0.021657588572943316,0.0,0.0,0.0,0.0
1.1,0.03276596,0.029875597119601135,0.029875597119601135,0.0,0.0,0.0,0.0
1.1166666666666667,0.04680851,0.039657217102832716,0.039657217102832716,0.0,0.0,0.0,0.0
1.1333333333333333,0.056170214,0.0509252938663765,0.0509252938663765,0.0,0.0,0.0,0.0
1.15,0.07021277,0.06353454573080065,0.06353454573080065,0.0,0.0,0.0,0.0
1.1666666666666667,0.084255315,0.07728091691886521,0.07728091691886521,0.0,0.0,0.0,0.0
1.1833333333333331,0.09829787,0.09191373132566193,0.09191373132566193,0.0,0.0,0.0,0.0
1.2,0.11234043,0.10714937620991995,0.10714937620991995,0.0,0.0,0.0,0.0
1.2166666666666666,0.12638298,0.12268538470393497,0.12268538470393497,0.0,0.0,0.0,0.0
1.2333333333333334,0.14042553,0.13821398478420158,0.13821398478420158,0.0,0.0,0.0,0.0
1.25,0.15446809,0.15343440537551023,0.15343440537551023,0.0,0.0,0.0,0.0
1.2666666666666666,0.17319149,0.16806345201783215,0.16806345201783215,0.0,0.0,0.0,0.0
1.2833333333333334,0.18255319,0.18184406774040202,0.18184406774040202,0.0,0.0,0.0,0.0
1.3,0.19659574,0.19455176916784084,0.19455176916784084,0.0,0.0,0.0,0.0
1.3166666666666669,0.20595744,0.2059989886190664,0.2059989886190664,0.0,0.0,0.0,0.0
1.3333333333333333,0.21531914,0.21603745928219414,0.21603745928219414,0.0,0.0,0.0,0.0
1.35,0.22468086,0.22455885445511836,0.22455885445511836,0.0,0.0,0.0,0.0
1.3666666666666667,0.2293617,0.23149393704135401,0.23149393704135401,0.0,0.0,0.0,0.0
1.3833333333333333,0.23404256,0.23681049658063125,0.23681049658063125,0.0,0.0,0.0,0.0
1.4,0.2387234,0.24051035294667858,0.24051035294667858,0.0,0.0,0.0,0.0
1.4166666666666667,0.24340425,0.24262569318526658,0.24262569318526658,0.0,0.0,0.0,0.0
1.4333333333333331,0.24340425,0.2432149850975399,0.2432149850975399,0.0,0.0,0.0,0.0
1.45,0.24340425,0.2423586818264461,0.2423586818264461,0.0,0.0,0.0,0.0
1.4666666666666666,0.24340425,0.2401548989687072,0.2401548989687072,0.0,0.0,0.0,0.0
1.4833333333333334,0.2387234,0.23671521206259238,0.23671521206259238,0.0,0.0,0.0,0.0
1.5,0.23404256,0.23216068954476554,0.23216068954476554,0.0,0.0,0.0,0.0
1.5166666666666666,0.22468086,0.2266182457457887,0.2266182457457887,0.0,0.0,0.0,0.0
1.5333333333333334,0.22,0.22021737106556746,0.22021737106556746,0.0,0.0,0.0,0.0
1.55,0.2106383,0.21308727262431945,0.21308727262431945,0.0,0.0,0.0,0.0
1.5666666666666669,0.20595744,0.20535443861241806,0.20535443861241806,0.0,0.0,0.0,0.0
1.5833333333333333,0.19659574,0.1971406232299401,0.1971406232299401,0.0,0.0,0.0,0.0
1.6,0.18723404,0.1885612363185422,0.1885612363185422,0.0,0.0,0.0,0.0
1.6166666666666667,0.17787234,0.17972411224068105,0.17972411224068105,0.0,0.0,0.0,0.0
1.6333333333333333,0.16851063,0.17072862588553842,0.17072862588553842,0.0,0.0,0.0,0.0
1.65,0.15914893,0.1616651194783711,0.1616651194783711,0.0,0.0,0.0,0.0
1.6666666666666667,0.14978723,0.1526146017370192,0.1526146017370192,0.0,0.0,0.0,0.0
1.6833333333333331,0.14042553,0.14364868046753262,0.14364868046753262,0.0,0.0,0.0,0.0
1.7,0.13106383,0.1348296905594963,0.1348296905594963,0.0,0.0,0.0,0.0
1.7166666666666666,0.12170213,0.12621098120591534,0.12621098120591534,0.0,0.0,0.0,0.0
1.7333333333333334,0.11234043,0.11783732874776619,0.11783732874776619,0.0,0.0,0.0,0.0
1.75,0.10297872,0.10974544458650032,0.10974544458650032,0.0,0.0,0.0,0.0
1.7666666666666666,0.09361702,0.10196455091643448,0.10196455091643448,0.0,0.0,0.0,0.0
1.7833333333333334,0.084255315,0.09451700043902589,0.09451700043902589,0.0,0.0,0.0,0.0
1.8,0.079574466,0.08741891960340345,0.08741891960340345,0.0,0.0,0.0,0.0
1.8166666666666669,0.07021277,0.08068085817427131,0.08068085817427131,0.0,0.0,0.0,0.0
1.8333333333333333,0.06553192,0.07430843098845893,0.07430843098845893,0.0,0.0,0.0,0.0
1.85,0.056170214,0.06830294057692611,0.06830294057692611,0.0,0.0,0.0,0.0
1.8666666666666667,0.05148936,0.06266197187092483,0.06266197187092483,0.0,0.0,0.0,0.0
1.8833333333333333,0.04680851,0.057379952465558194,0.057379952465558194,0.0,0.0,0.0,0.0
1.9,0.042127658,0.05244867387961002,0.05244867387961002,0.0,0.0,0.0,0.0
1.9166666666666667,0.03276596,0.04785777093485424,0.04785777093485424,0.0,0.0,0.0,0.0
1.9333333333333331,0.028085107,0.043595157795479574,0.043595157795479574,0.0,0.0,0.0,0.0
1.95,0.028085107,0.039647420377797345,0.039647420377797345,0.0,0.0,0.0,0.0
1.9666666666666663,0.023404256,0.036000165784022625,0.036000165784022625,0.0,0.0,0.0,0.0
1.9833333333333332,0.023404256,0.032638330155083495,0.032638330155083495,0.0,0.0,0.0,0.0
2.0,0.018723404,0.029546446900127702,0.029546446900127702,0.0,0.0,0.0,0.0
2.0166666666666666,0.0140425535,0.026708877668139265,0.026708877668139265,0.0,0.0,0.0,0.0
2.033333333333333,0.0140425535,0.0241100087024595,0.0241100087024595,0.0,0.0,0.0,0.0
2.05,0.009361702,0.02173441538307247,0.02173441538307247,0.0,0.0,0.0,0.0
2.066666666666667,0.004680851,0.01956699783368448,0.01956699783368448,0.0,0.0,0.0,0.0
2.083333333333333,0.004680851,0.01759309046837961,0.01759309046837961,0.0,0.0,0.0,0.0
2.1,0.0,0.015798548291546963,0.015798548291546963,0.0,0.0,0.0,0.0
2.1166666666666667,0.0,0.014169812658486582,0.014169812658486582,0.0,0.0,0.0,0.0
2.1333333333333333,-0.004680851,0.012693959064389646,0.012693959064389646,0.0,0.0,0.0,0.0
2.15,-0.004680851,0.01135872936629788,0.01135872936629788,0.0,0.0,0.0,0.0
2.1666666666666665,-0.004680851,0.010152550664582557,0.010152550664582557,0.0,0.0,0.0,0.0
2.183333333333333,-0.009361702,0.009064542884395357,0.009064542884395357,0.0,0.0,0.0,0.0
2.2,-0.009361702,0.00808451690905999,0.00808451690905999,0.0,0.0,0.0,0.0
2.216666666666667,-0.009361702,0.007202964930956262,0.007202964930956262,0.0,0.0,0.0,0.0
2.2333333333333334,-0.009361702,0.006411044504554633,0.006411044504554633,0.0,0.0,0.0,0.0
2.25,-0.0140425535,0.005700557613468866,0.005700557613468866,0.0,0.0,0.0,0.0
2.2666666666666666,-0.0140425535,0.005063925900552545,0.005063925900552545,0.0,0.0,0.0,0.0
2.283333333333333,-0.0140425535,0.004494163058398504,0.004494163058398504,0.0,0.0,0.0,0.0
2.3,-0.0140425535,0.003984845237829111,0.003984845237829111,0.0,0.0,0.0,0.0
2.316666666666667,-0.0140425535,0.0035300802043929545,0.0035300802043929545,0.0,0.0,0.0,0.0
2.333333333333333,-0.0140425535,0.003124475857493665,0.003124475857493665,0.0,0.0,0.0,0.0
2.35,-0.0140425535,0.0027631086232914096,0.0027631086232914096,0.0,0.0,0.0,0.0
2.3666666666666667,-0.0140425535,0.00244149214047462,0.00244149214047462,0.0,0.0,0.0,0.0
2.3833333333333333,-0.0140425535,0.0021555465767919223,0.0021555465767919223,0.0,0.0,0.0,0.0
2.4,-0.0140425535,0.0019015688431689944,0.0019015688431689944,0.0,0.0,0.0,0.0
2.4166666666666665,-0.0140425535,0.0016762039105517096,0.0016762039105517096,0.0,0.0,0.0,0.0
2.433333333333333,-0.0140425535,0.0014764173815364386,0.0014764173815364386,0.0,0.0,0.0,0.0
2.45,-0.0140425535,0.0012994694235789464,0.0012994694235789464,0.0,0.0,0.0,0.0
2.466666666666667,-0.018723404,0.0011428901323409775,0.0011428901323409775,0.0,0.0,0.0,0.0
2.4833333333333334,-0.018723404,0.0010044563617880547,0.0010044563617880547,0.0,0.0,0.0,0.0
2.5,-0.018723404,0.00088217003128243,0.00088217003128243,0.0,0.0,0.0,0.0
2.5166666666666666,-0.0140425535,0.000774237898450609,0.000774237898450609,0.0,0.0,0.0,0.0
2.533333333333333,-0.0140425535,0.0006790527694263131,0.0006790527694263131,0.0,0.0,0.0,0.0
2.55,-0.0140425535,0.000595176104604768,0.000595176104604768,0.0,0.0,0.0,0.0
2.566666666666667,-0.0140425535,0.0005213219677734463,0.0005213219677734463,0.0,0.0,0.0,0.0
2.583333333333333,-0.0140425535,0.00045634225893739734,0.00045634225893739734,0.0,0.0,0.0,0.0
2.6,-0.0140425535,0.00039921316591309017,0.00039921316591309017,0.0,0.0,0.0,0.0
2.6166666666666667,-0.0140425535,0.0003490227664481248,0.0003490227664481248,0.0,0.0,0.0,0.0
2.6333333333333333,-0.0140425535,0.00030495971090401533,0.00030495971090401533,0.0,0.0,0.0,0.0
2.65,-0.0140425535,0.00026630291512514564,0.00026630291512514564,0.0,0.0,0.0,0.0
2.6666666666666665,-0.0140425535,0.00023241219375562362,0.00023241219375562362,0.0,0.0,0.0,0.0
2.683333333333333,-0.0140425535,0.0002027197657383351,0.0002027197657383351,0.0,0.0,0.0,0.0
2.7,-0.0140425535,0.000176722565849146,0.000176722565849146,0.0,0.0,0.0,0.0
2.716666666666667,-0.0140425535,0.00015397529872373795,0.00015397529872373795,0.0,0.0,0.0,0.0
2.7333333333333334,-0.009361702,0.00013408417478981177,0.00013408417478981177,0.0,0.0,0.0,0.0
2.75,-0.009361702,0.00011670127071007997,0.00011670127071007997,0.0,0.0,0.0,0.0
2.7666666666666666,-0.009361702,0.00010151946027767666,0.00010151946027767666,0.0,0.0,0.0,0.0
2.783333333333333,-0.009361702,8.826786510835655e-05,8.826786510835655e-05,0.0,0.0,0.0,0.0
2.8,-0.009361702,7.670777788086933e-05,7.670777788086933e-05,0.0,0.0,0.0,0.0
2.816666666666667,-0.009361702,6.662901423850584e-05,6.662901423850584e-05,0.0,0.0,0.0,0.0
2.833333333333333,-0.004680851,5.784665274229077e-05,5.784665274229077e-05,0.0,0.0,0.0,0.0
2.85,-0.009361702,5.019812543003997e-05,5.019812543003997e-05,0.0,0.0,0.0,0.0
2.8666666666666667,-0.009361702,4.3540624563826336e-05,4.3540624563826336e-05,0.0,0.0,0.0,0.0
2.8833333333333333,-0.009361702,3.774879402593624e-05,3.774879402593624e-05,0.0,0.0,0.0,0.0
2.9,-0.009361702,3.271267654042233e-05,3.271267654042233e-05,0.0,0.0,0.0,0.0
2.9166666666666665,-0.004680851,2.83358904483364e-05,2.83358904483364e-05,0.0,0.0,0.0,0.0
2.933333333333333,-0.004680851,2.4534012147880747e-05,2.4534012147880747e-05,0.0,0.0,0.0,0.0
2.95,-0.004680851,2.123314252705197e-05,2.123314252705197e-05,0.0,0.0,0.0,0.0
2.966666666666667,-0.004680851,1.8368637769142593e-05,1.8368637769142593e-05,0.0,0.0,0.0,0.0
2.9833333333333334,-0.004680851,1.5883986805727146e-05,1.5883986805727146e-05,0.0,0.0,0.0,0.0
3.0,-0.004680851,1.3729819433770226e-05,1.3729819433770226e-05,0.0,0.0,0.0,0.0
3.0166666666666666,-0.009361702,1.1863030710464353e-05,1.1863030710464353e-05,0.0,0.0,0.0,0.0
3.033333333333333,-0.009361702,1.0246008699159816e-05,1.0246008699159816e-05,0.0,0.0,0.0,0.0
3.05,-0.009361702,8.845953970470684e-06,8.845953970470684e-06,0.0,0.0,0.0,0.0
3.066666666666667,-0.009361702,7.634280472677743e-06,7.634280472677743e-06,0.0,0.0,0.0,0.0
3.083333333333333,-0.009361702,6.586088483254357e-06,6.586088483254357e-06,0.0,0.0,0.0,0.0
3.1,-0.004680851,5.679701346931648e-06,5.679701346931648e-06,0.0,0.0,0.0,0.0
3.1166666666666667,-0.004680851,4.896258603200015e-06,4.896258603200015e-06,0.0,0.0,0.0,0.0
3.1333333333333333,-0.004680851,4.219358915207508e-06,4.219358915207508e-06,0.0,0.0,0.0,0.0
3.15,-0.004680851,3.6347469400234244e-06,3.6347469400234244e-06,0.0,0.0,0.0,0.0
3.1666666666666665,-0.004680851,3.1300389341391363e-06,3.1300389341391363e-06,0.0,0.0,0.0,0.0
3.183333333333333,-0.004680851,2.694482474443803e-06,2.694482474443803e-06,0.0,0.0,0.0,0.0
3.2,-0.004680851,2.3187461998688135e-06,2.3187461998688135e-06,0.0,0.0,0.0,0.0
3.216666666666667,-0.009361702,1.9947359481592525e-06,1.9947359481592525e-06,0.0,0.0,0.0,0.0
3.2333333333333334,-0.009361702,1.7154340810982795e-06,1.7154340810982795e-06,0.0,0.0,0.0,0.0
3.25,-0.004680851,1.4747591648748107e-06,1.4747591648748107e-06,0.0,0.0,0.0,0.0
3.2666666666666666,-0.004680851,1.2674435046414864e-06,1.2674435046414864e-06,0.0,0.0,0.0,0.0
3.283333333333333,-0.004680851,1.0889263277868031e-06,1.0889263277868031e-06,0.0,0.0,0.0,0.0
3.3,-0.004680851,9.35260672809065e-07,9.35260672809065e-07,0.0,0.0,0.0,0.0
3.316666666666667,-0.004680851,8.030322733667762e-07,8.030322733667762e-07,0.0,0.0,0.0,0.0
3.333333333333333,-0.004680851,6.892889332111955e-07,6.892889332111955e-07,0.0,0.0,0.0,0.0
3.35,-0.004680851,5.91479070112559e-07,5.91479070112559e-07,0.0,0.0,0.0,0.0
3.3666666666666667,-0.004680851,5.073982681313922e-07,5.073982681313922e-07,0.0,0.0,0.0,0.0
3.3833333333333333,-0.004680851,4.351428199703698e-07,4.351428199703698e-07,0.0,0.0,0.0,0.0
3.4,-0.004680851,3.730693667514852e-07,3.730693667514852e-07,0.0,0.0,0.0,0.0
3.4166666666666665,-0.004680851,3.197598532676332e-07,3.197598532676332e-07,0.0,0.0,0.0,0.0
3.433333333333333,-0.004680851,2.739911142356234e-07,2.739911142356234e-07,0.0,0.0,0.0,0.0
3.45,-0.004680851,2.3470849283232117e-07,2.3470849283232117e-07,0.0,0.0,0.0,0.0
3.466666666666667,-0.004680851,2.0100296817121988e-07,2.0100296817121988e-07,0.0,0.0,0.0,0.0
3.4833333333333334,-0.004680851,1.7209133457364718e-07,1.7209133457364718e-07,0.0,0.0,0.0,0.0
3.5,-0.004680851,1.4729903357708208e-07,1.4729903357708208e-07,0.0,0.0,0.0,0.0
3.5166666666666666,-0.004680851,1.260452905553468e-07,1.260452905553468e-07,0.0,0.0,0.0,0.0
3.533333333333333,-0.004680851,1.0783025244877511e-07,1.0783025244877511e-07,0.0,0.0,0.0,0.0
3.55,-0.004680851,9.222386216893934e-08,9.222386216893934e-08,0.0,0.0,0.0,0.0
3.566666666666667,-0.004680851,7.885623941904968e-08,7.885623941904968e-08,0.0,0.0,0.0,0.0
3.583333333333333,-0.004680851,6.740936754853664e-08,6.740936754853664e-08,0.0,0.0,0.0,0.0
3.6,-0.004680851,5.760991216120094e-08,5.760991216120094e-08,0.0,0.0,0.0,0.0
3.6166666666666663,-0.004680851,4.922301998269228e-08,4.922301998269228e-08,0.0,0.0,0.0,0.0
3.633333333333333,-0.004680851,4.2046966372610874e-08,4.2046966372610874e-08,0.0,0.0,0.0,0.0
3.65,-0.004680851,3.590853719902433e-08,3.590853719902433e-08,0.0,0.0,0.0,0.0
3.6666666666666665,-0.004680851,3.065904589539758e-08,3.065904589539758e-08,0.0,0.0,0.0,0.0
3.683333333333333,-0.004680851,2.61708996708327e-08,2.61708996708327e-08,0.0,0.0,0.0,0.0
3.7,-0.004680851,2.2334640289361727e-08,2.2334640289361727e-08,0.0,0.0,0.0,0.0
3.716666666666667,-0.004680851,1.9056394788331508e-08,1.9056394788331508e-08,0.0,0.0,0.0,0.0
3.733333333333333,-0.004680851,1.6255680158843103e-08,1.6255680158843103e-08,0.0,0.0,0.0,0.0
3.75,-0.004680851,1.3863513528706467e-08,1.3863513528706467e-08,0.0,0.0,0.0,0.0
3.7666666666666666,-0.004680851,1.1820785915857175e-08,1.1820785915857175e-08,0.0,0.0,0.0,0.0
3.783333333333333,-0.004680851,1.0076863285001041e-08,1.0076863285001041e-08,0.0,0.0,0.0,0.0
3.8,-0.004680851,8.588383553864457e-09,8.588383553864457e-09,0.0,0.0,0.0,0.0
3.816666666666667,-0.004680851,7.318222455247372e-09,7.318222455247372e-09,0.0,0.0,0.0,0.0
3.8333333333333335,-0.004680851,6.234604852256042e-09,6.234604852256042e-09,0.0,0.0,0.0,0.0
3.85,-0.004680851,5.3103413009666405e-09,5.3103413009666405e-09,0.0,0.0,0.0,0.0
3.8666666666666663,-0.004680851,4.522172422207524e-09,4.522172422207524e-09,0.0,0.0,0.0,0.0
3.883333333333333,-0.004680851,3.8502060386954214e-09,3.8502060386954214e-09,0.0,0.0,0.0,0.0
3.9,-0.004680851,3.277434104716256e-09,3.277434104716256e-09,0.0,0.0,0.0,0.0
3.9166666666666665,-0.004680851,2.789318245815888e-09,2.789318245815888e-09,0.0,0.0,0.0,0.0
3.933333333333333,-0.004680851,2.3734342729155767e-09,2.3734342729155767e-09,0.0,0.0,0.0,0.0
3.95,-0.004680851,2.019167371381061e-09,2.019167371381061e-09,0.0,0.0,0.0,0.0
3.966666666666667,-0.004680851,1.7174508190934366e-09,1.7174508190934366e-09,0.0,0.0,0.0,0.0
3.983333333333333,-0.004680851,1.4605420830299e-09,1.4605420830299e-09,0.0,0.0,0.0,0.0
4.0,-0.004680851,1.2418310025680996e-09,1.2418310025680996e-09,0.0,0.0,0.0,0.0
4.016666666666667,-0.004680851,1.0556755081656878e-09,1.0556755081656878e-09,0.0,0.0,0.0,0.0
4.033333333333333,-0.004680851,8.972609622713517e-10,8.972609622713517e-10,0.0,0.0,0.0,0.0
4.05,-0.004680851,7.624797591976846e-10,7.624797591976846e-10,0.0,0.0,0.0,0.0
4.066666666666666,-0.004680851,6.478282942716113e-10,6.478282942716113e-10,0.0,0.0,0.0,0.0
4.083333333333333,-0.004680851,5.50318820306016e-10,5.50318820306016e-10,0.0,0.0,0.0,0.0
4.1,-0.004680851,4.674040603353071e-10,4.674040603353071e-10,0.0,0.0,0.0,0.0
4.116666666666666,-0.004680851,3.9691274743783894e-10,3.9691274743783894e-10,0.0,0.0,0.0,0.0
4.133333333333334,-0.004680851,3.3699452208483585e-10,3.3699452208483585e-10,0.0,0.0,0.0,0.0
4.15,-0.004680851,2.8607284064687035e-10,2.8607284064687035e-10,0.0,0.0,0.0,0.0
4.166666666666667,-0.004680851,2.4280474049887614e-10,2.4280474049887614e-10,0.0,0.0,0.0,0.0
4.183333333333334,-0.004680851,2.0604647195001377e-10,2.0604647195001377e-10,0.0,0.0,0.0,0.0
4.2,-0.004680851,1.7482414874476097e-10,1.7482414874476097e-10,0.0,0.0,0.0,0.0
4.216666666666667,-0.004680851,1.4830869038175477e-10,1.4830869038175477e-10,0.0,0.0,0.0,0.0
4.233333333333333,0.0,1.2579443377482968e-10,1.2579443377482968e-10,0.0,0.0,0.0,0.0
4.25,-0.004680851,1.0668088124929247e-10,1.0668088124929247e-10,0.0,0.0,0.0,0.0
4.266666666666667,0.0,9.045712860470528e-11,9.045712860470528e-11,0.0,0.0,0.0,0.0
4.283333333333333,0.0,7.668858277422569e-11,7.668858277422569e-11,0.0,0.0,0.0,0.0
4.3,0.0,6.500563501231462e-11,6.500563501231462e-11,0.0,0.0,0.0,0.0
4.316666666666666,-0.004680851,5.509400387470563e-11,5.509400387470563e-11,0.0,0.0,0.0,0.0
4.333333333333333,-0.004680851,4.6686503659352704e-11,4.6686503659352704e-11,0.0,0.0,0.0,0.0
4.35,-0.004680851,3.955602943712498e-11,3.955602943712498e-11,0.0,0.0,0.0,0.0
4.366666666666666,-0.004680851,3.350958016106276e-11,3.350958016106276e-11,0.0,0.0,0.0,0.0
4.383333333333334,-0.004680851,2.8383167329264632e-11,2.8383167329264632e-11,0.0,0.0,0.0,0.0
4.4,-0.004680851,2.4037478912770558e-11,2.4037478912770558e-11,0.0,0.0,0.0,0.0
4.416666666666667,-0.004680851,2.035418728208715e-11,2.035418728208715e-11,0.0,0.0,0.0,0.0
4.433333333333334,-0.004680851,1.7232806134401126e-11,1.7232806134401126e-11,0.0,0.0,0.0,0.0
4.45,-0.004680851,1.4588015332990163e-11,1.4588015332990163e-11,0.0,0.0,0.0,0.0
4.466666666666667,-0.004680851,1.2347384459799835e-11,1.2347384459799835e-11,0.0,0.0,0.0,0.0
4.483333333333333,-0.004680851,1.0449436042312974e-11,1.0449436042312974e-11,0.0,0.0,0.0,0.0
4.5,-0.004680851,8.841998095997498e-12,8.841998095997498e-12,0.0,0.0,0.0,0.0
4.516666666666667,-0.004680851,7.480803037482476e-12,7.480803037482476e-12,0.0,0.0,0.0,0.0
4.533333333333333,-0.004680851,6.3282963543402445e-12,6.3282963543402445e-12,0.0,0.0,0.0,0.0
4.55,-0.004680851,5.352623821853259e-12,5.352623821853259e-12,0.0,0.0,0.0,0.0
4.566666666666666,-0.004680851,4.526770669804647e-12,4.526770669804647e-12,0.0,0.0,0.0,0.0
4.583333333333333,-0.004680851,3.8278300382335495e-12,3.8278300382335495e-12,0.0,0.0,0.0,0.0
4.6,-0.004680851,3.2363814187283493e-12,3.2363814187283493e-12,0.0,0.0,0.0,0.0
4.616666666666666,-0.004680851,2.7359626414903894e-12,2.7359626414903894e-12,0.0,0.0,0.0,0.0
4.633333333333334,-0.004680851,2.312621410195927e-12,2.312621410195927e-12,0.0,0.0,0.0,0.0
4.65,-0.004680851,1.9545344682869736e-12,1.9545344682869736e-12,0.0,0.0,0.0,0.0
4.666666666666667,-0.004680851,1.6516842544678474e-12,1.6516842544678474e-12,0.0,0.0,0.0,0.0
4.683333333333334,-0.004680851,1.3955844169500228e-12,1.3955844169500228e-12,0.0,0.0,0.0,0.0
4.7,-0.004680851,1.1790468438930258e-12,1.1790468438930258e-12,0.0,0.0,0.0,0.0
4.716666666666667,-0.004680851,9.95983964447037e-13,9.95983964447037e-13,0.0,0.0,0.0,0.0
4.733333333333333,-0.004680851,8.412410089230052e-13,8.412410089230052e-13,0.0,0.0,0.0,0.0
4.75,-0.004680851,7.104537119036023e-13,7.104537119036023e-13,0.0,0.0,0.0,0.0
4.766666666666667,-0.004680851,5.99927619054876e-13,5.99927619054876e-13,0.0,0.0,0.0,0.0
4.783333333333333,-0.004680851,5.065357344960918e-13,5.065357344960918e-13,0.0,0.0,0.0,0.0
4.8,-0.004680851,4.2763173575695396e-13,4.2763173575695396e-13,0.0,0.0,0.0,0.0
4.816666666666666,-0.004680851,3.6097640033011245e-13,3.6097640033011245e-13,0.0,0.0,0.0,0.0
4.833333333333333,-0.004680851,3.046752424710783e-13,3.046752424710783e-13,0.0,0.0,0.0,0.0
4.85,-0.004680851,2.571256604663853e-13,2.571256604663853e-13,0.0,0.0,0.0,0.0
4.866666666666666,-0.004680851,2.1697215097772013e-13,2.1697215097772013e-13,0.0,0.0,0.0,0.0
4.883333333333334,-0.004680851,1.8306836500216775e-13,1.8306836500216775e-13,0.0,0.0,0.0,0.0
4.9,-0.004680851,1.5444496519897405e-13,1.5444496519897405e-13,0.0,0.0,0.0,0.0
4.916666666666667,-0.004680851,1.3028240170526502e-13,1.3028240170526502e-13,0.0,0.0,0.0,0.0
4.933333333333334,-0.004680851,1.0988785725622445e-13,1.0988785725622445e-13,0.0,0.0,0.0,0.0
4.95,-0.004680851,9.267572598143615e-14,9.267572598143615e-14,0.0,0.0,0.0,0.0
4.966666666666667,0.0,7.81510866839627e-14,7.81510866839627e-14,0.0,0.0,0.0,0.0
4.983333333333333,0.0,6.589571328903379e-14,6.589571328903379e-14,0.0,0.0,0.0,0.0
5.0,0.0,5.555623465931596e-14,5.555623465931596e-14,0.0,0.0,0.0,0.0
5.016666666666667,0.0,4.683411497208493e-14,4.683411497208493e-14,0.0,0.0,0.0,0.0
5.033333333333333,0.0,3.9477175921245576e-14,3.9477175921245576e-14,0.0,0.0,0.0,0.0
5.05,0.0,3.3272424488605013e-14,3.3272424488605013e-14,0.0,0.0,0.0,0.0
5.066666666666666,0.0,2.8039986067395213e-14,2.8039986067395213e-14,0.0,0.0,0.0,0.0
5.083333333333333,0.0,2.362797328883878e-14,2.362797328883878e-14,0.0,0.0,0.0,0.0
5.1,0.0,1.99081468256762e-14,1.99081468256762e-14,0.0,0.0,0.0,0.0
5.116666666666666,0.0,1.677224642719499e-14,1.677224642719499e-14,0.0,0.0,0.0,0.0
5.133333333333334,0.0,1.4128889074973206e-14,1.4128889074973206e-14,0.0,0.0,0.0,0.0
5.15,0.0,1.1900946944047527e-14,1.1900946944047527e-14,0.0,0.0,0.0,0.0
5.166666666666667,0.0,1.0023331241007572e-14,1.0023331241007572e-14,0.0,0.0,0.0,0.0
5.183333333333334,0.0,8.441119334105972e-15,8.441119334105972e-15,0.0,0.0,0.0,0.0
5.2,0.0,7.107972201225487e-15,7.107972201225487e-15,0.0,0.0,0.0,0.0
5.216666666666667,0.0,5.98479736289852e-15,5.98479736289852e-15,0.0,0.0,0.0,0.0
5.233333333333333,0.0,5.038619363146549e-15,5.038619363146549e-15,0.0,0.0,0.0,0.0
5.25,0.0,4.241625700431498e-15,4.241625700431498e-15,0.0,0.0,0.0,0.0
5.266666666666667,0.0,3.570361055487917e-15,3.570361055487917e-15,0.0,0.0,0.0,0.0
5.283333333333333,0.0,3.0050468487988934e-15,3.0050468487988934e-15,0.0,0.0,0.0,0.0
5.3,0.0,2.529006703819439e-15,2.529006703819439e-15,0.0,0.0,0.0,0.0
5.316666666666666,0.0,2.1281813909689535e-15,2.1281813909689535e-15,0.0,0.0,0.0,0.0
5.333333333333333,0.004680851,1.7907193651924136e-15,1.7907193651924136e-15,0.0,0.0,0.0,0.0
5.35,0.004680851,1.506631157129303e-15,1.506631157129303e-15,0.0,0.0,0.0,0.0
5.366666666666666,0.004680851,1.26749769447719e-15,1.26749769447719e-15,0.0,0.0,0.0,0.0
5.383333333333334,0.004680851,1.0662241667045235e-15,1.0662241667045235e-15,0.0,0.0,0.0,0.0
5.4,0.004680851,8.968323458296951e-16,8.968323458296951e-16,0.0,0.0,0.0,0.0
5.416666666666667,0.004680851,7.542853749456994e-16,7.542853749456994e-16,0.0,0.0,0.0,0.0
5.433333333333334,0.004680851,6.343399653707678e-16,6.343399653707678e-16,0.0,0.0,0.0,0.0
5.45,0.0,5.334217288627297e-16,5.334217288627297e-16,0.0,0.0,0.0,0.0
5.466666666666667,0.004680851,4.485200353665335e-16,4.485200353665335e-16,0.0,0.0,0.0,0.0
5.483333333333333,0.004680851,3.770993479959722e-16,3.770993479959722e-16,0.0,0.0,0.0,0.0
5.5,0.004680851,3.1702446123480896e-16,3.1702446123480896e-16,0.0,0.0,0.0,0.0
5.516666666666667,0.004680851,2.6649746909773724e-16,2.6649746909773724e-16,0.0,0.0,0.0,0.0
5.533333333333333,0.004680851,2.240046285737581e-16,2.240046285737581e-16,0.0,0.0,0.0,0.0
5.55,0.004680851,1.882715696925286e-16,1.882715696925286e-16,0.0,0.0,0.0,0.0
5.566666666666666,0.004680851,1.5822554513854263e-16,1.5822554513854263e-16,0.0,0.0,0.0,0.0
5.583333333333333,0.004680851,1.3296361636567855e-16,1.3296361636567855e-16,0.0,0.0,0.0,0.0
5.6,0.004680851,1.1172584545319468e-16,1.1172584545319468e-16,0.0,0.0,0.0,0.0
5.616666666666666,0.004680851,9.387270741322133e-17,9.387270741322133e-17,0.0,0.0,0.0,0.0
5.633333333333334,0.004680851,7.88660604691221e-17,7.88660604691221e-17,0.0,0.0,0.0,0.0
5.65,0.004680851,6.625311549109565e-17,6.625311549109565e-17,0.0,0.0,0.0,0.0
5.666666666666667,0.004680851,5.565293327328485e-17,5.565293327328485e-17,0.0,0.0,0.0,0.0
5.683333333333334,0.004680851,4.674505217868372e-17,4.674505217868372e-17,0.0,0.0,0.0,0.0
5.7,0.004680851,3.9259910988224113e-17,3.9259910988224113e-17,0.0,0.0,0.0,0.0
5.716666666666667,0.004680851,3.2970784363479257e-17,3.2970784363479257e-17,0.0,0.0,0.0,0.0
5.733333333333333,0.004680851,2.76869926848922e-17,2.76869926848922e-17,0.0,0.0,0.0,0.0
5.75,0.004680851,2.3248185440446052e-17,2.3248185440446052e-17,0.0,0.0,0.0,0.0
5.766666666666667,0.004680851,1.9519528895480236e-17,1.9519528895480236e-17,0.0,0.0,0.0,0.0
5.783333333333333,0.004680851,1.638765538687068e-17,1.638765538687068e-17,0.0,0.0,0.0,0.0
5.8,0.004680851,1.3757254025942967e-17,1.3757254025942967e-17,0.0,0.0,0.0,0.0
5.816666666666666,0.004680851,1.154820151601934e-17,1.154820151601934e-17,0.0,0.0,0.0,0.0
5.833333333333333,0.004680851,9.693147742668186e-18,9.693147742668186e-18,0.0,0.0,0.0,0.0
5.85,0.004680851,8.13548424207559e-18,8.13548424207559e-18,0.0,0.0,0.0,0.0
5.866666666666666,0.004680851,6.82763498756172e-18,6.82763498756172e-18,0.0,0.0,0.0,0.0
5.883333333333334,0.004680851,5.7296184870551725e-18,5.7296184870551725e-18,0.0,0.0,0.0,0.0
5.9,0.004680851,4.807838234565165e-18,4.807838234565165e-18,0.0,0.0,0.0,0.0
5.916666666666667,0.004680851,4.0340653419768794e-18,4.0340653419768794e-18,0.0,0.0,0.0,0.0
5.933333333333334,0.004680851,3.3845828926481398e-18,3.3845828926481398e-18,0.0,0.0,0.0,0.0
5.95,0.004680851,2.839466372989752e-18,2.839466372989752e-18,0.0,0.0,0.0,0.0
5.966666666666667,0.004680851,2.3819785939352137e-18,2.3819785939352137e-18,0.0,0.0,0.0,0.0
5.983333333333333,0.004680851,1.9980609302366968e-18,1.9980609302366968e-18,0.0,0.0,0.0,0.0
6.0,0.004680851,1.6759055824752043e-18,1.6759055824752043e-18,0.0,0.0,0.0,0.0
6.016666666666667,0.004680851,1.4055959893721303e-18,1.4055959893721303e-18,0.0,0.0,0.0,0.0
6.033333333333333,0.004680851,1.1788045579573636e-18,1.1788045579573636e-18,0.0,0.0,0.0,0.0
6.05,0.004680851,9.885385966824132e-19,9.885385966824132e-19,0.0,0.0,0.0,0.0
6.066666666666666,0.004680851,8.289267824861216e-19,8.289267824861216e-19,0.0,0.0,0.0,0.0
6.083333333333333,0.004680851,6.950397099630042e-19,6.950397099630042e-19,0.0,0.0,0.0,0.0
6.1,0.004680851,5.827390952491061e-19,5.827390952491061e-19,0.0,0.0,0.0,0.0
6.116666666666666,0.004680851,4.885510694465782e-19,4.885510694465782e-19,0.0,0.0,0.0,0.0
6.133333333333334,0.004680851,4.0955972198722014e-19,4.0955972198722014e-19,0.0,0.0,0.0,0.0
6.15,0.004680851,3.4331766487999225e-19,3.4331766487999225e-19,0.0,0.0,0.0,0.0
6.166666666666667,0.004680851,2.8777090248752033e-19,2.8777090248752033e-19,0.0,0.0,0.0,0.0
6.183333333333334,0.004680851,2.411957236544801e-19,2.411957236544801e-19,0.0,0.0,0.0,0.0
6.2,0.004680851,2.0214569656945044e-19,2.0214569656945044e-19,0.0,0.0,0.0,0.0
6.216666666666667,0.004680851,1.694071525495714e-19,1.694071525495714e-19,0.0,0.0,0.0,0.0
6.233333333333333,0.004680851,1.4196180214394071e-19,1.4196180214394071e-19,0.0,0.0,0.0,0.0
6.25,0.004680851,1.1895534326236869e-19,1.1895534326236869e-19,0.0,0.0,0.0,0.0
6.266666666666667,0.004680851,9.967110293685758e-20,9.967110293685758e-20,0.0,0.0,0.0,0.0
6.283333333333333,0.004680851,0.00975581390625269,8.350790727454314e-20,0.00975581390625269,0.0,0.0,0.0
6.3,0.009361702,0.011616712132980286,6.996150275881211e-20,0.011616712132980286,0.0,0.0,0.0
6.316666666666666,0.009361702,0.0128213231930904,5.860896016809462e-20,0.0128213231930904,0.0,0.0,0.0
6.333333333333333,0.009361702,0.013717779640995263,4.909558326491126e-20,0.013717779640995263,0.0,0.0,0.0
6.35,0.009361702,0.014429068427797046,4.112392080039561e-20,0.014429068427797046,0.0,0.0,0.0
6.366666666666666,0.009361702,0.015014619028490621,3.4444544586685803e-20,0.015014619028490621,0.0,0.0,0.0
6.383333333333334,0.009361702,0.015508214133370954,2.8848310350418787e-20,0.015508214133370954,0.0,0.0,0.0
6.4,0.009361702,0.015931114765512205,2.415986342646231e-20,0.015931114765512205,0.0,0.0,0.0
6.416666666666667,0.0140425535,0.01629767626643465,2.0232189454144292e-20,0.01629767626643465,0.0,0.0,0.0
6.433333333333334,0.0140425535,0.016618105498953165,1.6942042252893903e-20,0.016618105498953165,0.0,0.0,0.0
6.45,0.0140425535,0.016899953418610197,1.4186107950939582e-20,0.016899953418610197,0.0,0.0,0.0
6.466666666666667,0.0140425535,0.017148984609077777,1.1877787035963264e-20,0.017148984609077777,0.0,0.0,0.0
6.483333333333333,0.0140425535,0.017369713776603332,9.944494976700258e-21,0.017369713776603332,0.0,0.0,0.0
6.5,0.0140425535,0.017565752411539154,8.32539800656459e-21,0.017565752411539154,0.0,0.0,0.0
6.516666666666667,0.0140425535,0.017740041471259634,6.969514049686585e-21,0.017740041471259634,0.0,0.0,0.0
6.533333333333333,0.0140425535,0.017895012620423964,5.834120014143789e-21,0.017895012620423964,0.0,0.0,0.0
6.55,0.0140425535,0.018032703038498,4.883416119521371e-21,0.018032703038498,0.0,0.0,0.0
6.566666666666666,0.0140425535,0.018154839100656402,4.087405854442325e-21,0.018154839100656402,0.0,0.0,0.0
6.583333333333333,0.0140425535,0.018262898626700684,3.420956816543918e-21,0.018262898626700684,0.0,0.0,0.0
6.6,0.018723404,0.018358158024047548,2.863013276093223e-21,0.018358158024047548,0.0,0.0,0.0
6.616666666666666,0.018723404,0.018441728561863466,2.3959359960504137e-21,0.018441728561863466,0.0,0.0,0.0
6.633333333333334,0.018723404,0.018514584680454325,2.0049487796166175e-21,0.018514584680454325,0.0,0.0,0.0
6.65,0.018723404,0.01857758636768075,1.677674521870314e-21,0.01857758636768075,0.0,0.0,0.0
6.666666666666667,0.018723404,0.018631497050258815,1.4037463164311452e-21,0.018631497050258815,0.0,0.0,0.0
6.683333333333334,0.018723404,0.018676998048961554,1.1744814963987281e-21,0.018676998048961554,0.0,0.0,0.0
6.7,0.018723404,0.01871470036927436,9.826084426518876e-22,0.01871470036927436,0.0,0.0,0.0
6.716666666666667,0.018723404,0.018745154402805074,8.220376320767189e-22,0.018745154402805074,0.0,0.0,0.0
6.733333333333333,0.018723404,0.018768857973820288,6.876697738920167e-22,0.018768857973820288,0.0,0.0,0.0
6.75,0.018723404,0.018786263062664732,5.752350363498037e-22,0.018786263062664732,0.0,0.0,0.0
6.766666666666667,0.018723404,0.01879778146214544,4.8115833430155275e-22,0.01879778146214544,0.0,0.0,0.0
6.783333333333333,0.018723404,0.01880378956649416,4.024464603211048e-22,0.01880378956649416,0.0,0.0,0.0
6.8,0.018723404,0.018804632449924114,3.365935233554118e-22,0.018804632449924114,0.0,0.0,0.0
6.816666666666666,0.018723404,0.01880062735933758,2.8150173029642016e-22,0.01880062735933758,0.0,0.0,0.0
6.833333333333333,0.018723404,0.018792066720771973,2.3541502511400683e-22,0.018792066720771973,0.0,0.0,0.0
6.85,0.018723404,0.018779220739796872,1.9686350210122749e-22,0.018779220739796872,0.0,0.0,0.0
6.866666666666666,0.018723404,0.018762339660915218,1.6461684681575155e-22,0.018762339660915218,0.0,0.0,0.0
6.883333333333334,0.018723404,0.01874165573907002,1.3764534090928254e-22,0.01874165573907002,0.0,0.0,0.0
6.9,0.018723404,0.01871738496686646,1.1508720399224578e-22,0.01871738496686646,0.0,0.0,0.0
6.916666666666667,0.018723404,0.018689728593529995,9.62212443454091e-23,0.018689728593529995,0.0,0.0,0.0
6.933333333333334,0.018723404,0.01865887446551426,8.044395684030535e-23,0.01865887446551426,0.0,0.0,0.0
6.95,0.018723404,0.018624998213728032,6.725034604775517e-23,0.018624998213728032,0.0,0.0,0.0
6.966666666666667,0.018723404,0.01858826430832494,5.621786954659187e-23,0.01858826430832494,0.0,0.0,0.0
6.983333333333333,0.018723404,0.01854882699870351,4.699299453933304e-23,0.01854882699870351,0.0,0.0,0.0
7.0,0.018723404,0.018506831153653147,3.927994309745672e-23,0.018506831153653147,0.0,0.0,0.0
7.016666666666667,0.018723404,0.018462413014338444,3.283127026184944e-23,0.018462413014338444,0.0,0.0,0.0
7.033333333333333,0.018723404,0.01841570087095132,2.743997696602595e-23,0.01841570087095132,0.0,0.0,0.0
7.05,0.0140425535,0.018366815672305106,2.2932908135546424e-23,0.018366815672305106,0.0,0.0,0.0
7.066666666666666,0.0140425535,0.018315871576341763,1.9165226860153263e-23,0.018315871576341763,0.0,0.0,0.0
7.083333333333333,0.0140425535,0.018262976448426983,1.601578950460818e-23,0.018262976448426983,0.0,0.0,0.0
7.1,0.0140425535,0.018208232313381704,1.3383275084055564e-23,0.018208232313381704,0.0,0.0,0.0
7.116666666666666,0.009361702,0.01815173576641331,1.1182946072119169e-23,0.01815173576641331,0.0,0.0,0.0
7.133333333333334,0.0,0.018093578347441974,9.343937782795766e-24,0.018093578347441974,0.0,0.0,0.0
7.15,-0.018723404,0.01803384688274702,7.806990197499767e-24,0.01803384688274702,0.0,0.0,0.0
7.166666666666667,-0.07021277,0.017972623797369972,6.522550121909774e-24,0.017972623797369972,0.0,0.0,0.0
7.183333333333334,-0.17787234,0.017909987401291214,5.44918329411689e-24,0.017909987401291214,0.0,0.0,0.0
7.2,-0.39787233,0.0178460121520356,4.5522458951612546e-24,0.0178460121520356,0.0,0.0,0.0
7.216666666666667,-0.79574466,0.017780768896049827,3.802773144826683e-24,0.017780768896049827,0.0,0.0,0.0
7.233333333333333,-1.4510639,0.017714325090923643,3.176549558852289e-24,0.017714325090923643,0.0,0.0,0.0
7.25,-2.4293616,0.017646745010291513,2.6533312158087053e-24,0.017646745010291513,0.0,0.0,0.0
7.266666666666667,-3.74,0.017578089933046465,2.2161952148568013e-24,0.017578089933046465,0.0,0.0,0.0
7.283333333333333,-5.345532,0.017508418318318765,1.8509955520191472e-24,0.017508418318318765,0.0,0.0,0.0
7.3,-7.1148934,0.01743778596751532,1.545908030258647e-24,0.01743778596751532,0.0,0.0,0.0
7.316666666666666,-8.917021,0.017366246174578114,1.2910496546551086e-24,0.017366246174578114,0.0,0.0,0.0
7.333333333333333,-10.578723,0.01729384986549929,1.0781603380014107e-24,0.01729384986549929,0.0,0.0,0.0
7.35,-11.9502125,0.017220645728023433,9.0033672934145e-25,0.017220645728023433,0.0,0.0,0.0
7.366666666666666,-12.928511,0.017146680332373987,7.518096412796989e-25,0.017146680332373987,0.0,0.0,0.0
7.383333333333334,-13.462128,0.017071998243757006,6.277579440207366e-25,0.017071998243757006,0.0,0.0,0.0
7.4,-13.560426,0.016996642127321774,5.2415295919122945e-25,0.016996642127321774,0.0,0.0,0.0
7.416666666666667,-13.260851,0.01692065284619221,4.376283615293439e-25,0.01692065284619221,0.0,0.0,0.0
7.433333333333334,-12.633616,0.016844069553124397,3.65371412456249e-25,0.016844069553124397,0.0,0.0,0.0
7.45,-11.762979,0.016766929776293613,3.050320322959391e-25,0.016766929776293613,0.0,0.0,0.0
7.466666666666667,-10.728511,0.016689269499667824,2.5464678918887435e-25,0.016689269499667824,0.0,0.0,0.0
7.483333333333333,-9.614468,0.01661112323838262,2.1257536072659627e-25,0.01661112323838262,0.0,0.0,0.0
7.5,-8.477021,0.016532524109495794,1.7744742423303092e-25,0.016532524109495794,0.0,0.0,0.0
7.516666666666667,-7.3676596,0.016453503898465664,1.481182661714827e-25,0.016453503898465664,0.0,0.0,0.0
7.533333333333333,-6.3238297,0.016374093121667824,1.2363168102729157e-25,0.016374093121667824,0.0,0.0,0.0
7.55,-5.378298,0.01629432108523737,1.0318896412979128e-25,0.01629432108523737,0.0,0.0,0.0
7.566666666666666,-4.5404253,0.016214215940499366,8.612299870435987e-26,0.016214215940499366,0.0,0.0,0.0
7.583333333333333,-3.8148935,0.016133804736228552,7.187660123882316e-26,0.016133804736228552,0.0,0.0,0.0
7.6,-3.1970212,0.01605311346795884,5.998442624099108e-26,0.01605311346795884,0.0,0.0,0.0
7.616666666666666,-2.6774468,0.01597216712454555,5.0057846035248513e-26,0.01597216712454555,0.0,0.0,0.0
7.633333333333334,-2.2468085,0.015890989732166655,4.177231706047166e-26,0.015890989732166655,0.0,0.0,0.0
7.65,-1.8910638,0.015809604395934696,3.485682425584121e-26,0.015809604395934696,0.0,0.0,0.0
7.666666666666667,-1.600851,0.0157280333392772,2.908506212115743e-26,0.0157280333392772,0.0,0.0,0.0
7.683333333333334,-1.3621277,0.015646297941231544,2.4268067060990696e-26,0.015646297941231544,0.0,0.0,0.0
7.7,-1.1702127,0.015564418771788732,2.0248062463570122e-26,0.015564418771788732,0.0,0.0,0.0
7.716666666666667,-1.0110638,0.01548241562541029,1.689331712835976e-26,0.01548241562541029,0.0,0.0,0.0
7.733333333333333,-0.88,0.01540030755283353,1.409385039791657e-26,0.01540030755283353,0.0,0.0,0.0
7.75,-0.7723404,0.015318112891271461,1.1757844721346858e-26,0.015318112891271461,0.0,0.0,0.0
7.766666666666667,-0.6880851,0.015235849293106138,9.808649258102473e-27,0.015235849293106138,0.0,0.0,0.0
7.783333333333333,-0.6131915,0.01515353375316689,8.182277257643908e-27,0.01515353375316689,0.0,0.0,0.0
7.8,-0.55234045,0.015071182634678573,6.825315937992046e-27,0.015071182634678573,0.0,0.0,0.0
7.816666666666666,-0.50085104,0.014988811693958637,5.693180948979642e-27,0.014988811693958637,0.0,0.0,0.0
7.833333333333333,-0.45404255,0.01490643610393654,4.748658674467825e-27,0.01490643610393654,0.0,0.0,0.0
7.85,-0.41659573,0.014824070476563884,3.960688961807443e-27,0.014824070476563884,0.0,0.0,0.0
7.866666666666666,-0.38382977,0.014741728884178894,3.303348667327955e-27,0.014741728884178894,0.0,0.0,0.0
7.883333333333334,-0.35106382,0.014659424879884612,2.7550029252663647e-27,0.014659424879884612,0.0,0.0,0.0
7.9,-0.3229787,0.014577171516996282,2.2975964947050083e-27,0.014577171516996282,0.0,0.0,0.0
7.916666666666667,-0.29957446,0.014494981367609478,1.9160620906684464e-27,0.014494981367609478,0.0,0.0,0.0
7.933333333333334,-0.27617022,0.01441286654033746,1.5978264086060294e-27,0.01441286654033746,0.0,0.0,0.0
7.95,-0.2574468,0.014330838697262845,1.3323977289994746e-27,0.014330838697262845,0.0,0.0,0.0
7.966666666666667,-0.24340425,0.014248909070145924,1.111021643560467e-27,0.014248909070145924,0.0,0.0,0.0
7.983333333333333,-0.2293617,0.014167088475929207,9.263936623309706e-28,0.014167088475929207,0.0,0.0,0.0
8.0,-0.21531914,0.014085387331575255,7.724193137816206e-28,0.014085387331575255,0.0,0.0,0.0
8.016666666666667,-0.2012766,0.014003815668272718,6.440138977396239e-28,0.014003815668272718,0.0,0.0,0.0
8.033333333333333,-0.19191489,0.01392238314504307,5.369353438328526e-28,0.01392238314504307,0.0,0.0,0.0
8.05,-0.17787234,0.013841099061778748,4.4764470803707765e-28,0.013841099061778748,0.0,0.0,0.0
8.066666666666666,-0.16851063,0.01375997237174162,3.731897418944567e-28,0.01375997237174162,0.0,0.0,0.0
8.083333333333334,-0.15914893,0.013679011693548581,3.1110772231314654e-28,0.013679011693548581,0.0,0.0,0.0
8.1,-0.14978723,0.013598225322670063,2.5934435902805367e-28,0.013598225322670063,0.0,0.0,0.0
8.116666666666667,-0.14042553,0.013517621242465127,2.1618612224321355e-28,0.013517621242465127,0.0,0.0,0.0
8.133333333333333,-0.13574468,0.013437207134775985,1.80203771771438e-28,0.013437207134775985,0.0,0.0,0.0
8.15,-0.12638298,0.013356990390102982,1.5020523540692268e-28,0.013356990390102982,0.0,0.0,0.0
8.166666666666666,-0.12170213,0.013276978117380323,1.2519629023719817e-28,0.013276978117380323,0.0,0.0,0.0
8.183333333333334,-0.11702128,0.013197177153371221,1.0434775608221068e-28,0.013197177153371221,0.0,0.0,0.0
8.2,-0.11234043,0.013117594071700621,8.696812356412458e-29,0.013117594071700621,0.0,0.0,0.0
8.216666666666667,-0.10765957,0.013038235191542045,7.248071741192698e-29,0.013038235191542045,0.0,0.0,0.0
8.233333333333333,-0.10297872,0.01295910658597482,6.040464429827237e-29,0.01295910658597482,0.0,0.0,0.0
8.25,-0.09829787,0.012880214090026447,5.033889864190199e-29,0.012880214090026447,0.0,0.0,0.0
8.266666666666667,-0.09361702,0.012801563308414674,4.194910343930688e-29,0.012801563308414674,0.0,0.0,0.0
8.283333333333333,-0.08893617,0.012723159623002505,3.4956449697319255e-29,0.012723159623002505,0.0,0.0,0.0
8.3,-0.084255315,0.012645008199979013,2.9128470250344765e-29,0.012645008199979013,0.0,0.0,0.0
8.316666666666666,-0.079574466,0.012567113996778206,2.4271344021812044e-29,0.012567113996778206,0.0,0.0,0.0
8.333333333333334,-0.074893616,0.01248948176874706,2.0223477100058383e-29,0.01248948176874706,0.0,0.0,0.0
8.35,-0.074893616,0.012412116075574024,1.6850148990152226e-29,0.012412116075574024,0.0,0.0,0.0
8.366666666666667,-0.07021277,0.012335021287487914,1.4039047449215723e-29,0.012335021287487914,0.0,0.0,0.0
8.383333333333333,-0.07021277,0.01225820159123732,1.1696544561308584e-29,0.01225820159123732,0.0,0.0,0.0
8.4,-0.06553192,0.012181660995859536,9.744591116851775e-30,0.012181660995859536,0.0,0.0,0.0
8.416666666666666,-0.06553192,0.012105403338248073,8.118126730951159e-30,0.012105403338248073,0.0,0.0,0.0
8.433333333333334,-0.06553192,0.01202943228852697,6.762920132594288e-30,0.01202943228852697,0.0,0.0,0.0
8.45,-0.060851064,0.011953751355240055,5.633768240170107e-30,0.011953751355240055,0.0,0.0,0.0
8.466666666666667,-0.060851064,0.011878363890362498,4.692994473495656e-30,0.011878363890362498,0.0,0.0,0.0
8.483333333333333,-0.056170214,0.011803273094142202,3.909196627116537e-30,0.011803273094142202,0.0,0.0,0.0
8.5,-0.056170214,0.011728482019777555,3.256202868383683e-30,0.011728482019777555,0.0,0.0,0.0
8.516666666666667,-0.056170214,0.011653993577938377,2.7122012974527898e-30,0.011653993577938377,0.0,0.0,0.0
8.533333333333333,-0.056170214,0.011579810541136123,2.2590142408440154e-30,0.011579810541136123,0.0,0.0,0.0
8.55,-0.05148936,0.011505935547949315,1.881493234160667e-30,0.011505935547949315,0.0,0.0,0.0
8.566666666666666,-0.05148936,0.011432371107109962,1.5670146403912864e-30,0.011432371107109962,0.0,0.0,0.0
8.583333333333334,-0.05148936,0.011359119601456195,1.3050591792761917e-30,0.011359119601456195,0.0,0.0,0.0
8.6,-0.05148936,0.011286183291756473,1.0868614201443348e-30,0.011286183291756473,0.0,0.0,0.0
8.616666666666667,-0.04680851,0.011213564320410072,9.051176068964616e-31,0.011213564320410072,0.0,0.0,0.0
8.633333333333333,-0.04680851,0.011141264715028788,7.537421157760639e-31,0.011141264715028788,0.0,0.0,0.0
8.65,-0.04680851,0.011069286391904036,6.276644579269723e-31,0.011069286391904036,0.0,0.0,0.0
8.666666666666666,-0.04680851,0.010997631159364021,5.226600826449855e-31,0.010997631159364021,0.0,0.0,0.0
8.683333333333334,-0.042127658,0.010926300721024629,4.352093580349397e-31,0.010926300721024629,0.0,0.0,0.0
8.7,-0.042127658,0.010855296678938399,3.6238004049158105e-31,0.010855296678938399,0.0,0.0,0.0
8.716666666666667,-0.042127658,0.010784620536644945,3.017293239001265e-31,0.010784620536644945,0.0,0.0,0.0
8.733333333333333,-0.042127658,0.010714273702126697,2.5122220945831433e-31,0.010714273702126697,0.0,0.0,0.0
8.75,-0.042127658,0.010644257490673166,2.091634790399186e-31,0.010644257490673166,0.0,0.0,0.0
8.766666666666667,-0.042127658,0.010574573127657217,1.7414100697570334e-31,0.010574573127657217,0.0,0.0,0.0
8.783333333333333,-0.037446808,0.010505221751226321,1.4497852197137148e-31,0.010505221751226321,0.0,0.0,0.0
8.8,-0.037446808,0.010436204414911917,1.2069624508634591e-31,0.010436204414911917,0.0,0.0,0.0
8.816666666666666,-0.037446808,0.010367522090159715,1.0047809166424014e-31,0.010367522090159715,0.0,0.0,0.0
8.833333333333334,-0.037446808,0.010299175668783701,8.364434351241309e-32,0.010299175668783701,0.0,0.0,0.0
8.85,-0.03276596,0.010231165965346583,6.962887971136268e-32,0.010231165965346583,0.0,0.0,0.0
8.866666666666667,-0.03276596,0.010163493719469013,5.796020622997848e-32,0.010163493719469013,0.0,0.0,0.0
8.883333333333333,-0.03276596,0.010096159598070364,4.824565106399071e-32,0.010096159598070364,0.0,0.0,0.0
8.9,-0.03276596,0.010029164197542996,4.015819709978017e-32,0.010029164197542996,0.0,0.0,0.0
8.916666666666666,-0.03276596,0.009962508045862645,3.342551283509863e-32,0.009962508045862645,0.0,0.0,0.0
8.933333333333334,-0.03276596,0.009896191604636789,2.782081438105952e-32,0.009896191604636789,0.0,0.0,0.0
8.95,-0.03276596,0.009830215271093293,2.3155253260527836e-32,0.009830215271093293,0.0,0.0,0.0
8.966666666666667,-0.03276596,0.009764579380011115,1.9271575436255473e-32,0.009764579380011115,0.0,0.0,0.0
8.983333333333333,-0.028085107,0.009699284205595245,1.6038839440380123e-32,0.009699284205595245,0.0,0.0,0.0
9.0,-0.028085107,0.009634329963297389,1.3348016846143902e-32,0.009634329963297389,0.0,0.0,0.0
9.016666666666667,-0.028085107,0.009569716811584502,1.1108327799522937e-32,0.009569716811584502,0.0,0.0,0.0
9.033333333333331,-0.028085107,0.00950544485365664,9.244188893631094e-33,0.00950544485365664,0.0,0.0,0.0
9.05,-0.023404256,0.009441514139115793,7.692671140057354e-33,0.009441514139115793,0.0,0.0,0.0
9.066666666666666,-0.023404256,0.0093779246655875,6.40138285039962e-33,0.0093779246655875,0.0,0.0,0.0
9.083333333333334,-0.023404256,0.009314676380296328,5.326706456410105e-33,0.009314676380296328,0.0,0.0,0.0
9.1,-0.023404256,0.009251769181597178,4.432330142171043e-33,0.009251769181597178,0.0,0.0,0.0
9.116666666666667,-0.023404256,0.009189202920463371,3.688025031351245e-33,0.009189202920463371,0.0,0.0,0.0
9.133333333333333,-0.023404256,0.009126977401933243,3.0686268960825768e-33,0.009126977401933243,0.0,0.0,0.0
9.15,-0.023404256,0.009065092386516212,2.553188205631557e-33,0.009065092386516212,0.0,0.0,0.0
9.166666666666666,-0.023404256,0.009003547591559873,2.1242720415219714e-33,0.009003547591559873,0.0,0.0,0.0
9.183333333333334,-0.018723404,0.008942342692579111,1.7673641616445987e-33,0.008942342692579111,0.0,0.0,0.0
9.2,-0.018723404,0.008881477324548548,1.4703834580242183e-33,0.008881477324548548,0.0,0.0,0.0
9.216666666666669,-0.018723404,0.0088209510831593,1.2232743536576685e-33,0.0088209510831593,0.0,0.0,0.0
9.233333333333333,-0.018723404,0.008760763526041332,1.0176674335177304e-33,0.008760763526041332,0.0,0.0,0.0
9.25,-0.018723404,0.008700914173952185,8.465968953540242e-34,0.008700914173952185,0.0,0.0,0.0
9.266666666666667,-0.018723404,0.00864140251193339,7.042653139317244e-34,0.00864140251193339,0.0,0.0,0.0
9.283333333333331,-0.018723404,0.008582227990435315,5.858478016563414e-34,0.008582227990435315,0.0,0.0,0.0
9.3,-0.018723404,0.008523390026411398,4.873289723373927e-34,0.008523390026411398,0.0,0.0,0.0
9.316666666666666,-0.0140425535,0.008464888004382925,4.053672174617475e-34,0.008464888004382925,0.0,0.0,0.0
9.333333333333334,-0.0140425535,0.008406721277474815,3.3718172270610453e-34,0.008406721277474815,0.0,0.0,0.0
9.35,-0.0140425535,0.008348889168423659,2.804584172898093e-34,0.008348889168423659,0.0,0.0,0.0
9.366666666666667,-0.0140425535,0.008291390970558539,2.3327168578160437e-34,0.008291390970558539,0.0,0.0,0.0
9.383333333333333,-0.0140425535,0.008234225948755646,1.940192024889548e-34,0.008234225948755646,0.0,0.0,0.0
9.4,-0.0140425535,0.008177393340367227,1.6136769036405824e-34,0.008177393340367227,0.0,0.0,0.0
9.416666666666666,-0.0140425535,0.008120892356125833,1.3420777428093988e-34,0.008120892356125833,0.0,0.0,0.0
9.433333333333334,-0.009361702,0.008064722181024376,1.1161640491878108e-34,0.008064722181024376,0.0,0.0,0.0
9.45,-0.009361702,0.008008881975172862,9.282558461431514e-35,0.008008881975172862,0.0,0.0,0.0
9.466666666666669,-0.009361702,0.0079533708746323,7.719633898764038e-35,0.0079533708746323,0.0,0.0,0.0
9.483333333333333,-0.009361702,0.007898187992226618,6.419705503843668e-35,0.007898187992226618,0.0,0.0,0.0
9.5,-0.009361702,0.007843332418332967,5.338545369687219e-35,0.007843332418332967,0.0,0.0,0.0
9.516666666666667,-0.009361702,0.00778880322165132,4.4393587447401085e-35,0.00778880322165132,0.0,0.0,0.0
9.533333333333331,-0.009361702,0.007734599449953679,3.69153557469847e-35,0.007734599449953679,0.0,0.0,0.0
9.55,-0.009361702,0.00768072013081355,3.069611596727971e-35,0.00768072013081355,0.0,0.0,0.0
9.566666666666666,-0.009361702,0.007627164272316401,2.552403836287021e-35,0.007627164272316401,0.0,0.0,0.0
9.583333333333334,-0.009361702,0.007573930863751257,2.1222912486890312e-35,0.007573930863751257,0.0,0.0,0.0
9.6,-0.009361702,0.00752101887628439,1.7646161525428545e-35,0.00752101887628439,0.0,0.0,0.0
9.616666666666667,-0.009361702,0.00746842726361521,1.4671861854558896e-35,0.00746842726361521,0.0,0.0,0.0
9.633333333333333,-0.009361702,0.007416154962615142,1.2198599114755488e-35,0.007416154962615142,0.0,0.0,0.0
9.65,-0.009361702,0.007364200893949713,1.0142020392117752e-35,0.007364200893949713,0.0,0.0,0.0
9.666666666666666,-0.009361702,0.007312564027350866,8.431965648303773e-36,0.007312563962684528,6.46663380505832e-11,0.0,0.0
9.683333333333334,-0.009361702,0.0072612528526877175,7.010081145501066e-36,0.007261243058875332,9.7938123855333e-09,0.0,0.0
9.7,-0.009361702,0.007210405969214029,5.827833930548771e-36,0.0072102370581428555,1.6891107117306285e-07,0.0,0.0
9.716666666666669,-0.009361702,0.007160741696107862,4.844860024041784e-36,0.007159544822232555,1.1968738753077236e-06,0.0,0.0
9.733333333333333,-0.004680851,0.007114374255791055,4.02759026438546e-36,0.007109165199559976,5.209056231079052e-06,0.0,0.0
9.75,-0.004680851,0.007075753298433009,3.348107164963453e-36,0.00705909702574175,1.6656272691258735e-05,0.0,0.0
9.766666666666667,-0.004680851,0.007052391692272544,2.7831939726502104e-36,0.007009339124113022,4.305256815952167e-05,0.0,0.0
9.783333333333331,0.0,0.0070551241237531495,2.3135436323280037e-36,0.006959890306231309,9.523381752184003e-05,0.0,0.0
9.8,0.0,0.007097787590900792,1.9231007851415757e-36,0.006910749372367303,0.0001870382185334895,0.0,0.0
9.816666666666666,0.004680851,0.007196360300227684,1.5985144412322885e-36,0.006861915111983065,0.000334445188244619,0.0,0.0
9.833333333333334,0.004680851,0.007367699853198363,1.3286827232698511e-36,0.006813386304197668,0.0005543135490006945,0.0,0.0
9.85,0.004680851,0.0076280743554217436,1.104374202286858e-36,0.006765161718240899,0.0008629126371808446,0.0,0.0
9.866666666666667,0.004680851,0.00799168675284277,9.179129478463026e-37,0.006717240113895137,0.0012744466389476344,0.0,0.0
9.883333333333333,0.009361702,0.008469366048531022,7.629165784748411e-37,0.006669620241925828,0.0017997458066051938,0.0,0.0
9.9,0.009361702,0.009067553212223908,6.340783988218573e-37,0.006622300844500765,0.002445252367723142,0.0,0.0
9.916666666666666,0.009361702,0.009787656870692996,5.269862081446809e-37,0.006575280655598545,0.0032123762150944504,0.0,0.0
9.933333333333334,0.009361702,0.010625803401992772,4.379716112189955e-37,0.006528558401406398,0.004097245000586373,0.0,0.0
9.95,0.009361702,0.011572963635562691,3.6398469987543536e-37,0.0064821328007077595,0.005090830834854933,0.0,0.0
9.966666666666669,0.009361702,0.012615406839483197,3.0248983621780706e-37,0.006436002565259708,0.00617940427422349,0.0,0.0
9.983333333333333,0.009361702,0.0137354126695482,2.5137898644668532e-37,0.006390166400160722,0.007345246269387477,0.0,0.0
10.0,0.009361702,0.014912162354229479,2.0889965143676863e-37,0.006344623004208747,0.008567539350020732,0.0,0.0
10.016666666666667,0.0140425535,0.016122729803249882,1.735949370632361e-37,0.006299371070250105,0.009823358732999776,0.0,0.0
10.033333333333331,0.0140425535,0.01734309938359087,1.4425372059820115e-37,0.006254409285519247,0.011088690098071624,0.0,0.0
10.05,0.0140425535,0.018549147614088744,1.1986921333734303e-37,0.006209736331969641,0.012339411282119104,0.0,0.0
10.066666666666666,0.0140425535,0.019717539009142922,9.960450564127016e-38,0.0061653508865961715,0.013552188122546749,0.0,0.0
10.083333333333334,0.0140425535,0.020826500112413326,8.276391850222269e-38,0.006121251621748961,0.014705248490664366,0.0,0.0
10.1,0.0140425535,0.021856449147283265,6.876918365763593e-38,0.006077437205439151,0.015779011941844116,0.0,0.0
10.116666666666667,0.0140425535,0.02279047079608681,5.713963889296026e-38,0.006033906301636583,0.01675656449445023,0.0,0.0
10.133333333333333,0.018723404,0.023614635867493374,4.747576210382351e-38,0.005990657570559787,0.017623978296933587,0.0,0.0
10.15,0.018723404,0.024318173765839734,3.944548157732011e-38,0.005947689668958269,0.018370484096881464,0.0,0.0
10.166666666666666,0.018723404,0.02489351170115228,3.2772794678102767e-38,0.005905001250387496,0.018988510450764783,0.0,0.0
10.183333333333334,0.018723404,0.025336198595393968,2.7228305909370893e-38,0.005862590965476555,0.019473607629917414,0.0,0.0
10.2,0.023404256,0.025644733873542776,2.2621360843207543e-38,0.005820457462188853,0.01982427641135392,0.0,0.0
10.216666666666669,0.023404256,0.025820322059642145,1.879350690922501e-38,0.00577859938607587,0.020041722673566277,0.0,0.0
10.233333333333333,0.018723404,0.025866573632026477,1.5613057350877025e-38,0.005737015380524279,0.020129558251502196,0.0,0.0
10.25,0.018723404,0.02578917122805082,1.2970572348451944e-38,0.005695704086996413,0.020093467141054408,0.0,0.0
10.266666666666667,0.018723404,0.02559551830363846,1.0775102650870795e-38,0.005654664145264493,0.019940854158373968,0.0,0.0
10.283333333333331,0.018723404,0.025294384989726682,8.951067122865722e-39,0.0056138941936385205,0.019680490796088163,0.0,0.0
10.3,0.018723404,0.024895563349638435,7.435657288555348e-39,0.005573392869188108,0.01932217048045033,0.0,0.0
10.316666666666666,0.018723404,0.024409541691035794,6.176679975701995e-39,0.005533158807958458,0.018876382883077338,0.0,0.0
10.333333333333334,0.018723404,0.023847205146568753,5.130764151786681e-39,0.005493190645180447,0.018354014501388308,0.0,0.0
10.35,0.018723404,0.023219567495993316,4.261870504735713e-39,0.005453487015475163,0.017766080480518153,0.0,0.0
10.366666666666667,0.018723404,0.022537537215619522,3.5400526828392315e-39,0.005414046553052858,0.017123490662566663,0.0,0.0
10.383333333333333,0.018723404,0.021811719038755433,2.940427723859038e-39,0.005374867891906584,0.016436851146848848,0.0,0.0
10.4,0.018723404,0.021052250902832123,2.4423203665990385e-39,0.005335949666000538,0.015716301236831584,0.0,0.0
10.416666666666666,0.0140425535,0.02026867503877838,2.0285518939756487e-39,0.005297290509453332,0.014971384529325048,0.0,0.0
10.433333333333334,0.0140425535,0.01946984110812084,1.6848491082870848e-39,0.005258889056716197,0.014210952051404645,0.0,0.0
10.45,0.0140425535,0.018663838687736717,1.399353156144154e-39,0.005220743942746403,0.013443094744990313,0.0,0.0
10.466666666666669,0.0140425535,0.017857956011164744,1.1622113430692241e-39,0.005182853803175815,0.01267510220798893,0.0,0.0
10.483333333333333,0.0140425535,0.01705866166694141,9.65237923107402e-40,0.005145217274474904,0.011913444392466508,0.0,0.0
10.5,0.0140425535,0.01627160589655205,8.016322142048499e-40,0.005107832994112101,0.011163772902439948,0.0,0.0
10.516666666666667,0.0140425535,0.015501638196717248,6.657443565072185e-40,0.005070699600708858,0.01043093859600839,0.0,0.0
10.533333333333331,0.0140425535,0.01475283808463167,5.528806653764256e-40,0.0050338157341902725,0.009719022350441397,0.0,0.0
10.55,0.0140425535,0.014028556105265707,4.591418897659699e-40,0.004997180035931523,0.009031376069334185,0.0,0.0
10.566666666666666,0.0140425535,0.01333146242500615,3.812888161342652e-40,0.004960791148900257,0.008370671276105895,0.0,0.0
10.583333333333334,0.0140425535,0.012663600647241074,3.1663059698884277e-40,0.004924647717794803,0.00773895292944627,0.0,0.0
10.6,0.0140425535,0.01202644478780502,2.6293196359537873e-40,0.004888748389178617,0.0071376963986264025,0.0,0.0
10.616666666666667,0.0140425535,0.011420957649345571,2.183361310841575e-40,0.004853091811610763,0.006567865837734808,0.0,0.0
10.633333333333333,0.0140425535,0.010847649124388521,1.8130074337251582e-40,0.004817676635772743,0.006029972488615777,0.0,0.0
10.65,0.0140425535,0.010306633230322597,1.5054465347054893e-40,0.004782501514591586,0.00552413171573101,0.0,0.0
10.666666666666666,0.0140425535,0.009797682931038101,1.2500370721283086e-40,0.004747565103359454,0.005050117827678647,0.0,0.0
10.683333333333334,0.0140425535,0.00932028202663516,1.0379400803126814e-40,0.0047128660598496725,0.004607415966785488,0.0,0.0
10.7,0.0140425535,0.008873673593067798,8.618139767153581e-41,0.004678403044429424,0.004195270548638374,0.0,0.0
10.716666666666669,0.0140425535,0.008456904627543166,7.155610158298841e-41,0.004644174720169066,0.0038127299073741007,0.0,0.0
10.733333333333333,0.0140425535,0.008068866703615151,5.941166541732055e-41,0.004610179752948268,0.0034586869506668836,0.0,0.0
10.75,0.0140425535,0.007708332563490329,4.932745675286786e-41,0.004576416811558857,0.0031319157519314714,0.0,0.0
10.766666666666667,0.0140425535,0.007373988675890771,4.095412888976527e-41,0.00454288456780472,0.0028311041080860506,0.0,0.0
10.783333333333331,0.009361702,0.007064463867932537,3.400154554963377e-41,0.00450958169659857,0.002554882171333967,0.0,0.0
10.8,0.009361702,0.006778354201119819,2.8228750065687003e-41,0.004476506876055759,0.0023018473250640604,0.0,0.0
10.816666666666666,0.009361702,0.0065142443069751005,2.343563307606223e-41,0.004443658787585313,0.002070585519389788,0.0,0.0
10.833333333333334,0.009361702,0.00627072542925746,1.94560112551028e-41,0.0044110361159780025,0.0018596893132794574,0.0,0.0
10.85,0.0140425535,0.006046410439306579,1.6151878245656644e-41,0.0043786375494917745,0.0016677728898148044,0.0,0.0
10.866666666666667,0.0140425535,0.005839946100768335,1.3408629361758646e-41,0.004346461779934438,0.001493484320833897,0.0,0.0
10.883333333333333,0.0140425535,0.005650022861647301,1.1131095204977913e-41,0.004314507502743756,0.0013355153589035447,0.0,0.0
10.9,0.018723404,0.005475382446923166,9.240247233808959e-42,0.004282773417064948,0.0011926090298582186,0.0,0.0
10.916666666666666,0.018723404,0.005314823515320182,7.670461503558382e-42,0.004251258225825705,0.0010635652894944764,0.0,0.0
10.933333333333334,0.023404256,0.005167205630488894,6.367246051715422e-42,0.0042199606358087555,0.0009472449946801386,0.0,0.0
10.95,0.028085107,0.005031451780933939,5.285353403660863e-42,0.004188879357722055,0.0008425724232118849,0.0,0.0
10.966666666666669,0.028085107,0.004906549665408869,4.387212966517406e-42,0.0041580131062665905,0.0007485365591412414,1.0376859419609742e-15,0.0
10.983333333333333,0.03276596,0.004791552479635076,3.641629122753917e-42,0.0041273606002020175,0.0006641913417455694,5.376874894282751e-10,0.0
11.0,0.03276596,0.004685644195848063,3.022700010148625e-42,0.0040969205624099185,0.0005886550574572537,6.857598089065386e-08,0.0
11.016666666666667,0.03276596,0.004589098643223588,2.508919597005939e-42,0.004066691719955029,0.0005211090353721414,1.2978878964175955e-06,0.0
11.033333333333331,0.03276596,0.004507723403970988,2.0824319937110472e-42,0.004036672804144271,0.0004607957888096229,1.0254811017094045e-05,0.0
11.05,0.037446808,0.004462861871106856,1.7284122020718242e-42,0.004006862550583696,0.0004070167280777588,4.898259244540095e-05,0.0
11.066666666666666,0.03276596,0.004504973031516846,1.4345518737528912e-42,0.003977259699233482,0.00035912955330516516,0.0001685837789781987,0.0
11.083333333333334,0.03276596,0.004725155501639273,1.1906322791344739e-42,0.003947862994460856,0.000316545421070324,0.00046074708610809284,0.0
11.1,0.03276596,0.005258651291368181,9.881697033291226e-43,0.0039186711850911675,0.00027872596466732997,0.0010612541416096838,0.0
11.116666666666667,0.03276596,0.006277043520287932,8.201209908661891e-43,0.003889683024457009,0.0002451802352237481,0.002142180260607175,0.0
11.133333333333333,0.03276596,0.007969670976525052,6.806390411455799e-43,0.0038608972704455625,0.00021546161952996424,0.0038933120865495253,0.0
11.15,0.03276596,0.010517957546683727,5.648697849609594e-43,0.0038323126855440755,0.00018916478031658443,0.006496480080823068,0.0
11.166666666666666,0.03276596,0.01406796846631668,4.687836078608553e-43,0.003803928036883646,0.00016592265577618085,0.010098117773656854,0.0
11.183333333333334,0.03276596,0.018706464600327013,3.8903537840957424e-43,0.0037757420962812307,0.00014540354730007172,0.01478531895674571,0.0
11.2,0.03276596,0.02444446188146001,3.22848229707435e-43,0.0037477536402800377,0.0001273083176138714,0.0205693999235661,0.0
11.216666666666669,0.037446808,0.03121043420932808,2.679170650340482e-43,0.003719961450188227,0.0001113677156639547,0.0273791050434759,0.0
11.233333333333333,0.042127658,0.038853390062174975,2.2232844160825906e-43,0.0036923643121160657,9.733983964624087e-05,0.035063685910412666,0.0
11.25,0.04680851,0.04715449813982705,1.844940538181391e-43,0.0036649610170114613,8.500774539293953e-05,0.043404529377422646,0.0
11.266666666666667,0.05148936,0.05584492959039732,1.5309550847619204e-43,0.0036377503606940444,7.417720385954534e-05,0.052133002025843735,0.0
11.283333333333331,0.060851064,0.0646271511603636,1.2703847598626841e-43,0.003610731143887698,6.467460860276544e-05,0.06095174540787315,0.0
11.3,0.07021277,0.07319696057153442,1.0541462630329887e-43,0.003583902172251663,5.634503183542014e-05,0.06955671336744734,0.0
11.316666666666666,0.074893616,0.0812639620481966,8.747002846374705e-44,0.003557262256410254,4.9050425815836665e-05,0.0776576493659705,0.0
11.333333333333334,0.084255315,0.0885687839454136,7.257891660020711e-44,0.003530810211981107,4.2667964912114216e-05,0.08499530576852038,0.0
11.35,0.08893617,0.09489600716814037,6.022191148397998e-44,0.003504544859602179,3.7088522616952076e-05,0.09135437378592123,0.0
11.366666666666667,0.09829787,0.10008240042834303,4.996794120491396e-44,0.0034784650249573405,3.2215277022662055e-05,0.09657172012636303,0.0
11.383333333333333,0.09829787,0.10402058092411898,4.145923294971516e-44,0.003452569538800731,2.796243775111116e-05,0.10054004894756713,0.0
11.4,0.10297872,0.10665860480346638,3.4398854421358114e-44,0.003426857236979829,2.4254087026848678e-05,0.1032074934794597,0.0
11.416666666666666,0.10765957,0.10799623540610209,2.854037194446849e-44,0.003401326960457321,2.1023127446388693e-05,0.10457388531819838,0.0
11.433333333333334,0.10765957,0.1080787517413734,2.367926578966673e-44,0.00337597755533173,1.82103289996992e-05,0.10468456385704196,0.0
11.45,0.10297872,0.10698916859613221,1.964580427002505e-44,0.0033508078728569177,1.5763468013186895e-05,0.1036225972552621,0.0
11.466666666666669,0.10297872,0.10483967102685571,1.6299128829178679e-44,0.0033258167694604087,1.3636550882408822e-05,0.1015002177065129,0.0
11.483333333333333,0.09829787,0.10176294741660111,1.3522344409387418e-44,0.003301003106760641,1.17891157267125e-05,0.09845015519411375,0.0
11.5,0.09361702,0.09790396114117489,1.1218444317147767e-44,0.0032763657515830565,1.0185605409373724e-05,0.09461740978418245,0.0
11.516666666666667,0.08893617,0.09341255075077327,9.306927805009006e-45,0.0032519035759752206,8.79480571097147e-06,0.09015185236908708,0.0
11.533333333333331,0.084255315,0.08843710671930134,7.720992666630504e-45,0.003227615457220842,7.589342808438741e-06,0.08520190191927206,0.0
11.55,0.079574466,0.08311944852623113,6.405205133148456e-45,0.003203500277852773,6.5452345876003785e-06,0.07990940301379075,0.0
11.566666666666666,0.074893616,0.07759092409961606,5.3135659560681464e-45,0.003179556925665102,5.64149069492999e-06,0.07440572568325603,0.0
11.583333333333334,0.06553192,0.07196967605392661,4.4079053410851554e-45,0.0031557842937241748,4.859756608360139e-06,0.06880903200359408,0.0
11.6,0.060851064,0.06635896483252793,3.656550836758697e-45,0.003132181280378761,4.183997372297985e-06,0.06322259955477687,0.0
11.616666666666667,0.056170214,0.06084640533583401,3.033221778838983e-45,0.0031087467892692597,3.6002169947017256e-06,0.05773405832957005,0.0
11.633333333333333,0.05148936,0.05550395751964578,2.5161117750979462e-45,0.0030854797293360346,3.096209841429819e-06,0.05241538158046831,0.0
11.65,0.04680851,0.05038850909225719,2.0871272604758702e-45,0.003062379014826845,2.6613406831083627e-06,0.04732346873674724,0.0
11.666666666666666,0.042127658,0.04554289620583362,1.731255585600051e-45,0.003039443565303472,2.2863503512548293e-06,0.042501166290178895,0.0
11.683333333333334,0.042127658,0.040997222645427156,1.4360406119926677e-45,0.0030166723056474654,1.963184242646186e-06,0.03797858715553704,0.0
11.7,0.037446808,0.03677035666996473,1.191147531303363e-45,0.002994064166065123,1.6848411737182362e-06,0.033774607662725886,0.0
11.716666666666669,0.037446808,0.032871505098985884,9.880017337874822e-46,0.0029716180820916404,1.4452403302526247e-06,0.02989844177656399,0.0
11.733333333333333,0.037446808,0.029301784752536756,8.19489131048146e-46,0.0029493329945945433,1.2391042821751675e-06,0.026351212653660038,0.0
11.75,0.037446808,0.02605573072061487,6.797074794569346e-46,0.0029272078497762986,1.0618562395722382e-06,0.023127461014598998,0.0
11.766666666666667,0.037446808,0.023122698372396295,5.6376002813924014e-46,0.0029052415991762627,9.095299148260762e-07,0.020216547243305207,0.0
11.783333333333331,0.04680851,0.020488131073610874,4.675842907710156e-46,0.0028834331996718853,7.786905279560039e-07,0.017603919183411032,0.0
11.8,0.060851064,0.018134678094902244,3.878099650177133e-46,0.002861781613479189,6.663656488060074e-07,0.015272230115774247,0.0
11.816666666666666,0.079574466,0.016043157196368882,3.216410398574138e-46,0.002840285808152646,5.699847116335553e-07,0.013202301403504603,0.0
11.833333333333334,0.11234043,0.014193366584766637,2.6675797464327125e-46,0.0028189447565843085,4.87326165948717e-07,0.011373931949416076,2.552600304111423e-09
11.85,0.17319149,0.012612951181367536,2.212365339416649e-46,0.0027977574370023654,4.164713431390145e-07,0.00976656217867761,4.821509434442224e-05
11.866666666666667,0.2574468,0.012834572313889092,1.8348044330566555e-46,0.0027767228329690164,3.557642224769431e-07,0.00835980403261944,0.0016976896840781585
11.883333333333333,0.38851064,0.024257267079560794,1.5216551344702762e-46,0.0027558399333777843,3.0377637350456536e-07,0.007133850746719868,0.014367272623089636
11.9,0.58978724,0.07220973860709554,1.2619328054956473e-46,0.002735107732450191,2.5927643543293285e-07,0.006069781285500782,0.06340459031270913
11.916666666666666,0.8706383,0.20023840057287595,1.0465254266743185e-46,0.0027145252297318795,2.2120356895258998e-07,0.005149774494301022,0.1923738796452741
11.933333333333334,1.2638298,0.4644357655787615,8.678744784678143e-47,0.002694091430088153,1.88644382538825e-07,0.004357247545159324,0.45738423795913147
11.95,1.8114893,0.9224970299153848,7.197101840637259e-47,0.002673805343698989,1.6081289471571432e-07,0.0036769323077986433,0.9161461314509926
11.966666666666669,2.5323403,1.621696832995625,5.968318568624388e-47,0.0026536659860534792,1.3703314652383168e-07,0.003094902036884919,1.61594812793954
11.983333333333333,3.4497871,2.589241677641069,4.949256714272778e-47,0.0026336723779437974,1.1672412527442714e-07,0.0025985593686696663,2.58400932917033
12.0,4.5685105,3.8268799611856563,4.104134842660107e-47,0.002613823545458598,9.938670217016994e-08,0.002176595167731489,3.822089443085764
12.016666666666667,5.8885107,5.310135111553499,3.4032741589469665e-47,0.002594118519975991,8.459232308328093e-08,0.0018189263344201322,5.305721982106779
12.033333333333331,7.3910637,6.991461663332189,2.8220580605701386e-47,0.0025745563381559767,7.19732242099182e-08,0.001516619329280582,6.987370415691529
12.05,9.034042,8.806078220600428,2.3400690115155533e-47,0.0025551360419324358,6.121397292551411e-08,0.0012618049269098393,8.802261218417613
12.066666666666666,10.765957,10.67911212177155,1.9403725292312117e-47,0.0025358566785046886,5.2044159365458473e-08,0.001047588598126155,10.67552862445076
12.083333333333334,12.521276,12.532852599809962,1.608923219403472e-47,0.00251671730032855,4.423208642606388e-08,0.0008679599443605033,12.529467878333186
12.1,14.229787,14.293214007097074,1.3340720626940283e-47,0.0024977169651070256,3.757932536230582e-08,0.0007177037717486824,14.289998548780893
12.116666666666667,15.821277,15.89485271045547,1.1061576996337953e-47,0.0024788547357805306,3.19160212564908e-08,0.0005923146885223094,15.891781509115146
12.133333333333333,17.234894,17.284692835534496,9.171673988923865e-48,0.0024601296805167394,2.709684762056278e-08,0.0004879165281340068,17.281744762229
12.15,18.414469,18.423862191546487,7.604558327175291e-48,0.0024415408727000167,2.299752251934963e-08,0.0004011874299812601,18.421019440246283
12.166666666666666,19.317873,19.288209568756145,6.305118066555145e-48,0.0024230873909204843,1.9511810082254372e-08,0.0003292910364523347,19.28545717081696
12.183333333333334,19.91702,19.86767264927141,5.227647694029216e-48,0.0024047683189626842,1.6548941302068386e-08,0.0002698139759785687,19.864998050427527
12.2,20.221277,20.164804621873845,4.334243214640894e-48,0.00238658274579392,1.4031396775856017e-08,0.00022070958399124987,20.162197315512664
12.216666666666669,20.23532,20.192762796377625,3.593470968739019e-48,0.002368529765552202,1.1893001678638759e-08,0.00018024765517932914,20.190214007063894
12.233333333333333,19.996595,19.97302924053743,2.97926350985375e-48,0.0023506084775338954,1.007728991302202e-08,0.0001469699103935263,19.97053165207221
12.25,19.528511,19.533084680219982,2.4700038273321894e-48,0.0023328179861809768,8.536100168147948e-09,0.00011965079035681912,19.530632202907345
12.266666666666667,18.873192,18.904202638001976,2.0477657968393185e-48,0.0023151574010680394,7.228371656717644e-09,9.726314771552232e-05,18.90179021022482
12.283333333333331,18.072765,18.11947807549419,1.6976842164502985e-48,0.0022976258368889346,6.119111673807001e-09,7.894839182867902e-05,18.11710149514636
12.3,17.16,17.21215804585491,1.407432327840778e-48,0.002280222413443105,5.178510919259397e-09,6.39906411373169e-05,17.20981382762182
12.316666666666666,16.16766,16.214303326369308,1.1667884898939797e-48,0.0022629462556216814,4.381185819874566e-09,5.179445111830455e-05,16.211988581281382
12.333333333333334,15.119149,15.155780388393328,9.672767977350339e-49,0.0022457964933932217,3.7055299429201542e-09,4.186570778295173e-05,15.153492722486622
12.35,14.051915,14.063562014116767,8.01869033169913e-49,0.0022287722617892226,3.1331590652848502e-09,3.3795304310735686e-05,14.061299443417509
12.366666666666667,12.989362,12.961301388656501,6.647374834999628e-49,0.00221187270088934,2.6484366024408244e-09,2.7245249286025305e-05,12.95906226805789
12.383333333333333,11.9502125,11.869137270647434,5.510499500183178e-49,0.0021950969558063673,2.2380679517731635e-09,2.1936887283755774e-05,11.866920234566276
12.4,10.94383,10.803685481735977,4.56799747642883e-49,0.0021784441766709325,1.8907539037321346e-09,1.7640944859062922e-05,10.801489394723694
12.416666666666666,9.984255,9.77817313267116,3.786647249435168e-49,0.0021619135186159936,1.5968946548895387e-09,1.4169146355500518e-05,9.775997048409295
12.433333333333334,9.080851,8.802675557370616,3.138903522814331e-49,0.0021455041417610572,1.3483371482925282e-09,1.1367173685928292e-05,8.800518684706832
12.45,8.228936,7.884420893033553,2.6019277057837837e-49,0.002129215211196197,1.1381594937827388e-09,9.108771932593936e-06,7.882282567912265
12.466666666666669,7.4331913,7.028132869327598,2.15678393971761e-49,0.002113045896965838,9.60487106176596e-10,7.290828018568647e-06,7.0260125316421265
12.483333333333333,6.7029786,6.236388094431854,1.7877724084725733e-49,0.0020969953740523424,8.103359615442292e-10,5.829272722982408e-06,6.234285268974743
12.5,6.028936,5.509969563691291,1.4818764984426718e-49,0.0020810628223593584,6.834790279142521e-10,4.655676951916136e-06,5.507883844508501
12.516666666666667,5.4110637,4.848203023745098,1.2283043730441565e-49,0.00206524742669501,5.763324910394403e-10,3.7144315129053363e-06,4.846134061310558
12.533333333333331,4.8540425,4.249267069260838,1.0181088429737353e-49,0.002049548376754874,4.858588809222493e-10,2.9604158001819158e-06,4.247214559982424
12.55,4.3485107,3.7104713829404723,8.438721644453758e-50,0.0020339648671047566,4.0948462150781307e-10,2.357074937062837e-06,3.708435060588946
12.566666666666666,3.899149,3.228500363690293,6.994446791648475e-50,0.0020184960971633367,3.4502988372659805e-10,1.874837214551797e-06,3.2264799924108853
12.583333333333334,3.4965956,2.7996215732380296,5.797281020863372e-50,0.002003141271184583,2.906489290713368e-10,1.4898142905285137e-06,2.7976169418619055
12.6,3.140851,2.4198600414153284,4.804958324066245e-50,0.001987899598240048,2.447793941838259e-10,1.1827357494996703e-06,2.4178709588365597
12.616666666666667,2.827234,2.085140588867255,3.982439648552301e-50,0.0019727702922009726,2.0609919260460874e-10,9.380774395254158e-07,2.083166880291515
12.633333333333333,2.546383,1.7914010392044588,3.3006775782198602e-50,0.0019577525717202663,1.734899031756686e-10,7.433496611348704e-07,1.7894425431095875
12.65,2.3029788,1.5346795827152113,2.735592101141792e-50,0.0019428456602143074,1.460056801289032e-10,5.885169309322935e-07,1.5327361483920603
12.666666666666666,2.0876596,1.31117969530617,2.2672214058875676e-50,0.0019280487858446302,1.2284686156586892e-10,4.6552581496648727e-07,1.3092511808716636
12.683333333333334,1.8957447,1.1173159744091108,1.8790178062690388e-50,0.0019133611814994512,1.0333757421701312e-10,3.6792134492765866e-07,1.1154022452029289
12.7,1.727234,0.9497440830566802,1.5572640003657162e-50,0.0018987820847750929,8.690673597447516e-11,2.9053590162574804e-07,0.9478450103490967
12.716666666666669,1.5821277,0.8053777390120216,1.2905891041578314e-50,0.0018843107379572452,7.307194622743482e-11,2.2923727001378827e-07,0.8034931989637224
12.733333333333333,1.4510639,0.6813953832348149,1.0695674116344454e-50,0.001869946388002152,6.142582964984959e-11,1.8072492138724952e-07,0.6795252560604654
12.75,1.3387234,0.5752388382590272,8.863857452213344e-51,0.0018556882865176315,5.1624463650277805e-11,1.423655335417498e-07,0.5733830075553515
12.766666666666667,1.2404255,0.484605942300985,7.34567675132652e-51,0.0018415356897440388,4.337757478555072e-11,1.120603809761033e-07,0.4827642945074824
12.783333333333331,1.1514894,0.4074388332057158,6.087448886507998e-51,0.0018274878585350838,3.644023643103348e-11,8.813856823083955e-08,0.4056112571721722
12.8,1.0719149,0.3419092669745166,5.04467650782684e-51,0.0018135440583385615,3.0605840064197766e-11,6.927118589996214e-08,0.3400956536143863
12.816666666666666,1.0017021,0.2864020941042104,4.1804767460038097e-51,0.0017997035591770093,2.570014666112127e-11,5.440237963687022e-08,0.2846023361169536
12.833333333333334,0.94085103,0.23949778594083201,3.464278612643708e-51,0.0017859656356282267,2.157625379010431e-11,4.269407052097541e-08,0.237711777589557
12.85,0.88468087,0.19995470322241826,2.870743164077487e-51,0.0017723295668057577,1.811033875197604e-11,3.3481678223925255e-08,0.19818234015582395
12.866666666666667,0.83319145,0.1666916289758603,2.3788683452136213e-51,0.001758794636339256,1.5198059195347953e-11,2.623869983630637e-08,0.16493280808562313
12.883333333333333,0.79106385,0.13877094598023124,1.971246938442371e-51,0.001745360132354794,1.275151056882039e-11,2.054840651423027e-08,0.13702556528671841
12.9,0.7489362,0.1153827225513445,1.6334514392830097e-51,0.0017320253474550856,1.0696655023939047e-11,1.6081253573068348e-08,0.1136506811119392
12.916666666666666,0.7114894,0.0958298765843245,1.353524155056244e-51,0.0017187895786996538,8.971149348627257e-12,1.2576870847658829e-08,0.09411107441978285
12.933333333333334,0.6787234,0.07951451367443707,1.1215545328660137e-51,0.0017056521275849099,7.522510529151532e-12,9.829720297738989e-09,0.07780885170960936
12.95,0.6459574,0.06592547785848622,9.293287992113265e-52,0.0016926123000242039,6.306566898458595e-12,7.67768626530573e-09,0.06423285787446918
12.966666666666669,0.61787236,0.05462711038927118,7.700395439019315e-52,0.0016796694063277837,5.286150776586465e-12,5.993008161168017e-09,0.05294743498464908
12.983333333333333,0.58978724,0.045249180520931145,6.380449954366505e-52,0.0016668227611827363,4.42999525534448e-12,4.675081987678812e-09,0.043582353080236426
13.0,0.56638294,0.03747793035648678,5.286694880824078e-52,0.0016540716836328344,3.711803504057719e-12,3.6447511801740005e-09,0.035823855024390956
13.016666666666667,0.5429787,0.03104816148181402,4.3803807432180934e-52,0.0016414154970583862,3.109463828975855e-12,2.8397830206720054e-09,0.02940674314186315
13.033333333333331,0.52425534,0.025736282744230905,3.629394413123542e-52,0.0016288535291560113,2.60438783631269e-12,2.211287818157698e-09,0.024107427001182687
13.05,0.5055319,0.021354234747279016,3.0071228898451414e-52,0.0016163851119183699,2.1809525389458303e-12,1.720886995098591e-09,0.0197378479122927
13.066666666666666,0.4868085,0.0177442062775751,2.491511555991532e-52,0.0016040095816139,1.82603020409731e-12,1.3384754780214144e-09,0.016140195355659692
13.083333333333334,0.4680851,0.014774060015562314,2.064283631756e-52,0.001591726278766466,1.528592244334405e-12,1.0404552372243117e-09,0.013182332694812018
13.1,0.45404255,0.012333388753139524,1.7102932439673832e-52,0.001579534548135019,1.2793755754507973e-12,8.083419792165092e-10,0.01075385339538315
13.116666666666667,0.43531916,0.010330128347854187,1.4169892445897184e-52,0.00156743373869321,1.0706016604086409e-12,6.276670980818096e-10,0.008762693980423278
13.133333333333333,0.4212766,0.00868765931940831,1.1739708250468728e-52,0.0015554232036089934,8.957399780505618e-13,4.871130355065227e-10,0.007132235627790541
13.15,0.40723404,0.0073423349839045636,9.72619215454645e-53,0.0015435023002241912,7.493089407581208e-13,3.778329883790297e-10,0.005798832305098075
13.166666666666666,0.3931915,0.006241380060165214,8.057924459478614e-53,0.0015316703900340668,6.267083723618441e-13,2.9291608625830455e-10,0.004709709376588353
13.183333333333334,0.38382977,0.005341109579751146,6.675723756037617e-53,0.0015199268386668538,5.24078576711285e-13,2.2696726059955177e-10,0.0038211825135929527
13.2,0.36978722,0.0046054235561161835,5.530550416180262e-53,0.0015082710158632999,4.381818041297131e-13,1.7577746290137104e-10,0.0030971523640372393
13.216666666666669,0.36042553,0.004004538132838645,4.58176912555333e-53,0.0014967022954561798,3.663025793343615e-13,1.3606499652989253e-10,0.0025078357009511655
13.233333333333333,0.34638298,0.0035139187859652907,3.7957089871554925e-53,0.0014852200553498274,3.061639088184128e-13,1.0527277666390858e-10,0.0020286986250365228
13.25,0.33702126,0.003113385577898112,3.1444702472524565e-53,0.0014738236774996267,2.558568538585965e-13,8.140954050806423e-11,0.001639561818733088
13.266666666666667,0.32765958,0.0027863644465710735,2.604935415260566e-53,0.0014625125478915407,2.1378135053886358e-13,6.292556823113062e-11,0.0013238518355401833
13.283333333333331,0.31829786,0.0025192620746188558,2.1579497777171535e-53,0.001451286056521621,1.7859649173243597e-13,4.861548178677066e-11,0.0010679759693031563
13.3,0.30893618,0.0023009450393015165,1.7876422979351896e-53,0.001440143597375512,1.4917876741021451e-13,3.754227373369676e-11,0.0008608014042345521
13.316666666666666,0.29957446,0.0021223067217444836,1.480862859076454e-53,0.0014290845684079916,1.2458699702151864e-13,2.8977968892172148e-11,0.0006932221242339361
13.333333333333334,0.29489362,0.001975907883785839,1.2267159245801825e-53,0.001418108371522484,1.040328878634282e-13,2.2357307766499538e-11,0.0005577994898020144
13.35,0.2855319,0.001855678934155799,1.0161741015923393e-53,0.0014072144125506123,8.685632210521846e-14,1.724161744607442e-11,0.000448464504276713
13.366666666666667,0.27617022,0.0017566737347066695,8.417579207683548e-54,0.0013964021012317412,7.250461735714318e-14,1.3290647081070748e-11,0.0003602716201117765
13.383333333333333,0.27148935,0.001674866372935549,6.972704895158674e-54,0.001385670851192554,6.0515125508142e-14,1.0240625833371703e-11,0.0002891955114418541
13.4,0.2668085,0.0016069836784502346,5.775776182213659e-54,0.001375020079926629,5.050063550189692e-14,7.887179011424272e-12,0.00023196359058592615
13.416666666666666,0.2574468,0.00155036741565641,4.784256289369272e-54,0.001364449208774047,4.2137130731696324e-14,6.072034737692894e-12,0.00018591820076819117
13.433333333333334,0.25276595,0.0015028610678507115,3.962903902956691e-54,0.001353957662901012,3.515352330843238e-14,4.6726862265267216e-12,0.00014890340024185974
13.45,0.25276595,0.0014627169617938759,3.2825222826261405e-54,0.001343544871279502,2.932304770195039e-14,3.5943571993446056e-12,0.00011917208689069355
13.466666666666669,0.2480851,0.0014285201870587218,2.718922788101384e-54,0.0013332102666669295,2.4456046954031503e-14,2.763760889267992e-12,9.53099176035755e-05
13.483333333333333,0.24340425,0.0013991263590814522,2.252066081503917e-54,0.0013229532855858549,2.0393927314498416e-14,2.124254969059939e-12,7.617307135094851e-05
13.5,0.2387234,0.0013736107748293755,1.865350556265721e-54,0.0013127733683036902,1.7004093028045597e-14,1.6320822544466374e-12,6.083740487659872e-05
13.516666666666667,0.2387234,0.001351226929291841,1.5450227602973476e-54,0.001302669958812474,1.4175703168236277e-14,1.253455447053661e-12,4.8556969211735805e-05
13.533333333333331,0.23404256,0.001331372711747884,1.2796889042493519e-54,0.001292642504808645,1.1816117778458246e-14,9.622976215029709e-13,3.8730205965125425e-05
13.55,0.2293617,0.001313562893477998,1.0599101283873776e-54,0.0012826904576728599,9.847921898174076e-15,7.384918781073495e-13,3.087243505679826e-05
13.566666666666666,0.2293617,0.0012974067623211757,8.778671705901124e-55,0.0012728132724498609,8.206433967359378e-15,5.665261263080241e-13,2.4593489296582265e-05
13.583333333333334,0.2293617,0.0012825899619947235,7.270825383584182e-55,0.0012630104078283485,6.837620152738364e-15,4.3444433514697125e-13,1.9579553725092894e-05
13.6,0.2293617,0.001268859762021373,6.021903266096483e-55,0.0012532813261209232,5.696348781336193e-15,3.3303535385953164e-13,1.5578435561718324e-05
13.616666666666667,0.2293617,0.0012560131230825026,4.98745512594827e-55,0.0012436254932440415,4.744929683053212e-15,2.55205796438839e-13,1.2387629578510414e-05
13.633333333333333,0.22468086,0.0012438870374165808,4.1306595936014004e-55,0.0012340423786980326,3.9518921571678166e-15,1.9549546018168553e-13,9.844658519100729e-06
13.65,0.22468086,0.001232350718544061,3.421015193547201e-55,0.0012245314555471409,3.290962759387453e-15,1.4970306171273997e-13,7.819262843925992e-06
13.666666666666666,0.22468086,0.0012212992925237055,2.8332559116407848e-55,0.001215092200399625,2.7402103848970406e-15,1.1459731250332634e-13,6.2070920067429405e-06
13.683333333333334,0.22468086,0.0012106487069851487,2.3464527897404703e-55,0.0012057240933878875,2.2813313910523626e-15,8.769397845845364e-14,4.9246135072858366e-06
13.7,0.22,0.0012003316267295778,1.9432696447333953e-55,0.0011964266181486692,1.899051922699981e-15,6.708393299769016e-14,3.905008511925531e-06
13.716666666666669,0.22,0.001190294127741715,1.6093464787077368e-55,0.001187199261803268,1.580628309570151e-15,5.130059962929861e-14,3.0948658855658286e-06
13.733333333333333,0.21531914,0.001180493036676662,1.3327886792190476e-55,0.0011780415149378314,1.315429513153867e-15,3.921780611806873e-14,2.451521698297468e-06
13.75,0.21531914,0.0011708937916582128,1.1037438639245755e-55,0.0011689528715836692,1.0945882060434553e-15,2.997110763543883e-14,1.940920043478004e-06
13.766666666666667,0.2106383,0.00116146872369968,9.140513354546302e-56,0.0011599328291976487,9.107092506747947e-16,2.289721283226165e-14,1.5358944782231913e-06
13.783333333333331,0.20595744,0.0011521956771843589,7.5695169055915745e-56,0.0011509808886426191,7.576261746048642e-16,1.7487367342187843e-14,1.2147885234948686e-06
13.8,0.2012766,0.0011430569034066166,6.268462637427686e-56,0.0011420965541678882,6.301977729057415e-16,1.3351493699667966e-14,9.603492247466284e-07
13.816666666666666,0.19659574,0.0011340381738239413,5.190978555271206e-56,0.0011332793333897794,5.24138252813955e-16,1.0190617120327446e-14,7.588404234472397e-07
13.833333333333334,0.19191489,0.0011251280699387221,4.298656619316717e-56,0.0011245287372722065,4.358754116348419e-16,7.775671253920286e-15,5.993326583041777e-07
13.85,0.19191489,0.00111631741505484,3.559685367680844e-56,0.0011158442801073325,3.624322398035005e-16,5.9312142998257e-15,4.731349412140303e-07
13.866666666666667,0.18723404,0.0011075988198978315,2.9477172499463674e-56,0.001107225479496272,3.013280952528984e-16,4.522922797726708e-15,3.7334039673513533e-07
13.883333333333333,0.18255319,0.0010989663195436325,2.440930393997215e-56,0.0010986718563298604,2.504962265961314e-16,3.4479904748557065e-15,2.9446321007359827e-07
13.9,0.17787234,0.0010904150835107005,2.0212514387041591e-56,0.001090182934769467,2.0821495101658563e-16,2.6277601823041845e-15,2.321487383975993e-07
13.916666666666666,0.17319149,0.0010819411844308583,1.673711789781489e-56,0.0010817582422278883,1.7305023489250992e-16,2.0020716898239443e-15,1.829422007947889e-07
13.933333333333334,0.16851063,0.001073541413586046,1.3859143989808064e-56,0.0010733973093502809,1.4380779507305943e-16,1.5249273831911084e-15,1.4410423409647812e-07
13.95,0.16382979,0.0010652131339125108,1.1475920960986714e-56,0.0010650996699951723,1.1949314812162402e-16,1.161169806458443e-15,1.1346391605790009e-07
13.966666666666669,0.15914893,0.0010569541629370444,9.502417585486272e-57,0.0010568648612155219,9.927829359526288e-17,8.839357654701983e-16,8.930172053934343e-08
13.983333333333333,0.15446809,0.0010487626796085608,7.868213000828759e-57,0.0010486924232398574,8.247393378976566e-17,6.727061908261933e-16,7.025636794839432e-08
14.0,0.15446809,0.0010406371501925679,6.514986944145494e-57,0.0010405818994534525,6.850631326149194e-17,5.118128805125998e-16,5.525073853501584e-08
14.016666666666667,0.14978723,0.00103257626936318,5.394441003457741e-57,0.0010325328363796004,5.689791263254147e-17,3.8929548644751037e-16,4.3432983133599887e-08
14.033333333333331,0.14510638,0.0010245789134030034,4.46657688288455e-57,0.0010245447836609255,4.7251357544879504e-17,2.9602689909593924e-16,3.412974173452283e-08
14.05,0.14042553,0.0010166441030431755,3.698270382577314e-57,0.0010166172940407677,3.923600921460563e-17,2.250442354947971e-16,2.6809002143393664e-08
14.066666666666666,0.14042553,0.001008770973973936,3.062090316441354e-57,0.0010087499233446466,3.257679124966328e-17,1.71037271031717e-16,2.1050629085715216e-08
14.083333333333334,0.13574468,0.0010009587534546898,2.5353203072668832e-57,0.0010009422304617698,2.704488107966544e-17,1.299573933483855e-16,1.6522992763150354e-08
14.1,0.13106383,0.0009932067417714298,2.0991486195494785e-57,0.0009931937773266298,2.2449955887571584e-17,9.871878287195762e-17,1.2964444678871563e-08
14.116666666666667,0.13106383,0.0009855142975440671,1.7379971716552043e-57,0.0009855041289006507,1.8633734322646925e-17,7.497014318566703e-17,1.0168643322784924e-08
14.133333333333333,0.12638298,0.000977880826089752,1.4389658237463894e-57,0.0009778728531539215,1.5464598180410145e-17,5.692038094426755e-17,7.972935758274762e-09
14.15,0.12170213,0.0009703057702105414,1.1913721421712469e-57,0.0009702995210469816,1.283311405270174e-17,4.3205527195606404e-17,6.249163503696001e-09
14.166666666666666,0.12170213,0.0009627886029032988,9.863702407827566e-58,0.0009627837065126885,1.0648304846240994e-17,3.278717497879461e-17,4.896390567001978e-09
14.183333333333334,0.12170213,0.000955328821592842,8.166351157889743e-58,0.0009553249864381462,8.834546016313587e-18,2.4874993452444913e-17,3.835154662174765e-09
14.2,0.11702128,0.0009479259435715401,6.761012234149848e-58,0.0009479229406467161,7.328982179039375e-18,1.8867629079379236e-17,3.0029247977111934e-09
14.216666666666669,0.11702128,0.0009405795023939168,5.5974598184693824e-58,0.0009405771518800805,6.0793771324631834e-18,1.4307644369567103e-17,2.3505138158772144e-09
14.233333333333333,0.11234043,0.0009332890450268863,4.6341047937384865e-58,0.0009332872057804024,5.0423248031625956e-18,1.0847170179964776e-17,1.8392464680136778e-09
14.25,0.11234043,0.000926054129597489,3.836509962845971e-58,0.0009260526908725278,4.181760717015105e-18,8.221732119134493e-18,1.4387249487780173e-09
14.266666666666667,0.10765957,0.0009188743236129482,3.176160460907802e-58,0.0009188731985462888,3.467723667891974e-18,6.230311611812176e-18,1.1250666496024852e-09
14.283333333333331,0.10765957,0.0009117492025538313,2.629445511027369e-58,0.0009117483230388625,2.8753256583941015e-18,4.720160895750902e-18,8.795149611709871e-10
14.3,0.10765957,0.0009046783487618428,2.1768152066316692e-58,0.0009046776614171976,2.38389518974302e-18,3.575241803716332e-18,6.873446391983546e-10
14.316666666666666,0.10297872,0.000897661350560198,1.8020822424859072e-58,0.0008976608135605431,1.9762648151582937e-18,2.707426030338532e-18,5.369996502035899e-10
14.333333333333334,0.10297872,0.0008906978015574275,1.4918436839956344e-58,0.0008906973821430104,1.6381787358712484e-18,2.049799154068041e-18,4.1941441349305324e-10
14.35,0.09829787,0.0008837873000958989,1.2350021443410017e-58,0.0008837869726162434,1.3578002727696448e-18,1.5515668766989278e-18,3.2747965253024327e-10
14.366666666666667,0.09829787,0.0008769294488143682,1.022369283759434e-58,0.0008769291931921451,1.1253024242373694e-18,1.1741811595532232e-18,2.5562222072296305e-10
14.383333333333333,0.09829787,0.0008701238543004029,8.463374811509413e-59,0.0008701236548256841,9.325275344931741e-19,8.88394901102343e-19,1.9947471688477083e-10
14.4,0.09361702,0.0008633701268135804,7.0060795969341805e-59,0.0008633699711977722,7.727044404294815e-19,6.720231885652123e-19,1.5561580677740168e-10
14.416666666666666,0.09361702,0.0008566678800644288,5.799656619428285e-59,0.0008566677586982282,6.402134168704903e-19,5.082420680886502e-19,1.2136619932973298e-10
14.433333333333334,0.09361702,0.0008500167310372101,4.80092837697897e-59,0.0008500166364087974,5.3039086557340455e-19,3.8429611426535954e-19,9.462841176920095e-11
14.45,0.08893617,0.0008434162998472445,3.9741468916265334e-59,0.0008434162260862703,4.393670466295064e-19,2.905168197455086e-19,7.376097349410794e-11
14.466666666666669,0.08893617,0.0008368662096253581,3.2897156185731524e-59,0.0008368661521456535,3.639312775706371e-19,2.195772455595411e-19,5.747970403780145e-11
14.483333333333333,0.08893617,0.0008303660864237064,2.7231311708491034e-59,0.000830366041643439,3.014199633012831e-19,1.6592621041707236e-19,4.478026688287837e-11
14.5,0.084255315,0.0008239155591383654,2.2541070631978747e-59,0.000823915524260929,2.496236005012407e-19,1.253588792828085e-19,3.487743607105658e-11
14.516666666666667,0.084255315,0.0008175142594451392,1.8658481761686267e-59,0.0008175142322876527,2.06709549679148e-19,9.469095027832235e-20,2.7157486116524965e-11
14.533333333333331,0.084255315,0.0008111618217457366,1.54445002207939e-59,0.0008111618006048535,1.7115790851268926e-19,7.151150666157742e-20,2.1140882738388664e-11
14.55,0.084255315,0.0008048578831221035,1.27840135043382e-59,0.0008048578666690475,1.417082697514762e-19,5.399558622196979e-20,1.6453055939573747e-11
14.566666666666666,0.084255315,0.0007986020832971862,1.0581723204028842e-59,0.0007986020704956737,1.173155209943052e-19,4.076207287775761e-20,1.2801512407478428e-11
14.583333333333334,0.084255315,0.0007923940646007188,8.758735237465318e-60,0.0007923940546428005,9.711315475784004e-20,3.0765976767342924e-20,9.957918301740318e-12
14.6,0.079574466,0.0007862334719390089,7.249736720417578e-60,0.0007862334641949311,8.038281598510697e-20,2.32168004076875e-20,7.744077711781725e-12
14.616666666666667,0.079574466,0.000780119952767829,6.000658575640897e-60,0.0007801199467468655,6.652902928898904e-20,1.751668814153311e-20,6.020963369910671e-12
14.633333333333333,0.079574466,0.0007740531570677943,4.9667403241224115e-60,0.0007740531523876562,5.505822710943978e-20,1.3213575331404475e-20,4.680137974743969e-12
14.65,0.079574466,0.0007680327373216794,4.110927873770668e-60,0.0007680327336846321,4.5561348676864313e-20,9.965707698768034e-21,3.63704726556538e-12
14.666666666666666,0.079574466,0.0007620583484932797,3.402547019179231e-60,0.0007620583456675016,3.769940329201192e-20,7.514777459375023e-21,2.825778107718361e-12
14.683333333333334,0.074893616,0.0007561296480074942,2.8162052188433483e-60,0.0007561296458125313,3.119149417724072e-20,5.665588124146388e-21,2.194962854617672e-12
14.7,0.074893616,0.0007502462957313917,2.3308823747996904e-60,0.0007502462940268115,2.5804884539830843e-20,4.2706647163950256e-21,1.7045803036466467e-12
14.716666666666669,0.074893616,0.0007444079539560393,1.929178095291374e-60,0.0007444079526325815,2.1346758439435262e-20,3.218609250694475e-21,1.323457722970516e-12
14.733333333333333,0.074893616,0.0007386142873789747,1.596688514963619e-60,0.0007386142863516538,1.7657388002186604e-20,2.4252919317633352e-21,1.027320890233132e-12
14.75,0.074893616,0.0007328649630871668,1.321490378970726e-60,0.0007328649622898944,1.4604467497511295e-20,1.8271889349914037e-21,7.972723658966506e-13
14.766666666666667,0.074893616,0.000727159650540403,1.0937139326487919e-60,0.0007271596499217987,1.2078415474389763e-20,1.3763447453974814e-21,6.186042998699494e-13
14.783333333333331,0.074893616,0.0007214980215550068,9.051893340308516e-61,0.0007214980210751343,9.988479941862777e-21,1.0365637122551631e-21,4.798724930494116e-13
14.8,0.074893616,0.0007158797502878364,7.491539359014764e-61,0.000715879749915662,8.259509638891472e-21,7.805314831092388e-22,3.7217442544179194e-13
14.816666666666666,0.074893616,0.0007103045132205294,6.2000996121210293e-61,0.0007103045129319429,6.829277739457499e-21,5.876397236352873e-22,2.885864775877883e-13
14.833333333333334,0.074893616,0.0007047719891439332,5.1312389829850276e-61,0.0007047719889202079,5.6462636852664174e-21,4.423426331376618e-22,2.2372536397828848e-13
14.85,0.07021277,0.0006992818591427285,4.2466043486282184e-61,0.000699281858969322,4.667814899906065e-21,3.329154972323811e-22,1.734064560279935e-13
14.866666666666667,0.07021277,0.0006938338065801876,3.514449854324752e-61,0.0006938338064458099,3.8586234710970425e-21,2.5051711703493986e-22,1.3437766067178902e-13
14.883333333333333,0.07021277,0.0006884275170830825,2.908498901566267e-61,0.0006884275169789703,3.1894639541915626e-21,1.884818734943808e-22,1.0411220158533343e-13
14.9,0.07021277,0.0006830626785267104,2.4070020991150594e-61,0.0006830626784460631,2.6361476345190272e-21,1.4178528825870358e-22,8.064730774705836e-14
14.916666666666666,0.07021277,0.0006777389810200322,1.9919574404181374e-61,0.0006777389809575735,2.178656207840936e-21,1.066406400540619e-22,6.245867133614023e-14
14.933333333333334,0.07021277,0.0006724561168909144,1.6484647773806448e-61,0.0006724561168425516,1.8004241622891387e-21,8.01945577032564e-23,4.836276827891326e-14
14.95,0.07021277,0.0006672137806714779,1.3641914680193915e-61,0.0006672137806340371,1.4877443920916685e-21,6.029734811164408e-23,3.744087672125687e-14
14.966666666666669,0.06553192,0.0006620116690835269,1.1289300557137133e-61,0.0006620116690545469,1.2292759261454615e-21,4.5329743794734416e-23,2.8979988231209864e-14
14.983333333333333,0.06553192,0.0006568494810240857,9.342321330027716e-62,0.0006568494810016589,1.0156362650997512e-21,3.4072234815177453e-23,2.242686727524125e-14
15.0,0.06553192,0.0006517269175509998,7.7310527098048545e-62,0.0006517269175336475,8.390638152886587e-22,2.5606536427259077e-23,1.7352341888372403e-14
15.016666666666667,0.06553192,0.0006466436818686445,6.397621539063546e-62,0.000646643681855221,6.931383914236572e-22,1.924130283064168e-23,1.3423553628245591e-14
15.033333333333331,0.06553192,0.0006415994793137041,5.294129284648875e-62,0.0006415994793033217,5.725498194398998e-22,1.4456130935330072e-23,1.0382397850016247e-14
15.05,0.060851064,0.0006365940173410276,4.380933250776501e-62,0.0006365940173329988,4.729063785375706e-22,1.0859358576291861e-23,8.028777305890626e-15
15.066666666666666,0.060851064,0.0006316270055095809,3.625223901745262e-62,0.0006316270055033733,3.9057623723243657e-22,8.156264660474126e-24,6.207597464875514e-15
15.083333333333334,0.060851064,0.0006266981554684608,2.999847292297845e-62,0.0006266981554636621,3.225562119000013e-22,6.125111617555964e-24,4.7986698226364035e-15
15.1,0.060851064,0.0006218071809429979,2.482330386303339e-62,0.0006218071809392891,2.663631491742019e-22,4.59909930056652e-24,3.708874705837827e-15
15.116666666666667,0.056170214,0.0006169537977209321,2.0540743149977396e-62,0.000616953797718066,2.1994403991321885e-22,3.452774072077071e-24,2.8660792806188195e-15
15.133333333333333,0.056170214,0.0006121377236386707,1.6996866448212372e-62,0.0006121377236364563,1.8160164071517662e-22,2.5917949553150213e-24,2.2144187096985404e-15
15.15,0.056170214,0.000607358678567614,1.4064287073733907e-62,0.0006073586785659033,1.4993293274460833e-22,1.9452289466114903e-24,1.7106357323607476e-15
15.166666666666666,0.056170214,0.0006026163844005673,1.163758168576361e-62,0.0006026163843992461,1.2377820649028282e-22,1.4597514238886389e-24,1.3212418755001848e-15
15.183333333333334,0.056170214,0.0005979105650382224,9.629504284698413e-63,0.000597910565037202,1.021789412483721e-22,1.0952813223582283e-24,1.0203163365421216e-15
15.2,0.056170214,0.0005932409463757162,7.967852694417182e-63,0.0005932409463749284,8.434296307668691e-23,8.21696676242723e-25,7.877996571492459e-16
15.216666666666669,0.056170214,0.0005886072562892631,6.592875103366356e-63,0.000588607256288655,6.96156258600012e-23,6.163635263907299e-25,6.081712376060111e-16
15.233333333333333,0.05148936,0.0005840092246228718,5.455123605972771e-63,0.0005840092246224023,5.74559762224056e-23,4.622770756810871e-25,4.694245564907283e-16
15.25,0.05148936,0.0005794465831751161,4.513677717464581e-63,0.0005794465831747539,4.741704199539235e-23,3.4666362627487567e-25,3.622732400589723e-16
15.266666666666667,0.05148936,0.000574919065686006,3.7346741055381035e-63,0.0005749190656857265,3.912953216457812e-23,2.5992924654255465e-25,2.795361017072768e-16
15.283333333333331,0.05148936,0.0005704264078239159,3.09008976690528e-63,0.0005704264078237002,3.228835894803942e-23,1.9486930238265784e-25,2.1566090201048168e-16
15.3,0.05148936,0.0005659683471725865,2.5567349692565867e-63,0.0005659683471724202,2.664149427845751e-23,1.4607421942219545e-25,1.6635560956098326e-16
15.316666666666666,0.05148936,0.0005615446232182155,2.1154198053916104e-63,0.0005615446232180872,2.1980757092957092e-23,1.0948283261838535e-25,1.28302952011066e-16
15.333333333333334,0.05148936,0.0005571549773366044,1.750264435960329e-63,0.0005571549773365054,1.8134197482135122e-23,8.204672007106815e-26,9.89394862478575e-17
15.35,0.05148936,0.00055279915278039,1.4481282537340482e-63,0.0005527991527803137,1.4959801401837798e-23,6.147798248355951e-26,7.62846370881737e-17
15.366666666666667,0.05148936,0.0005484768946663429,1.1981374704112366e-63,0.0005484768946662841,1.234028736945494e-23,4.605975292259443e-26,5.880842775840974e-17
15.383333333333333,0.04680851,0.0005441879499627467,9.912941597043613e-64,0.0005441879499627014,1.0178806059276614e-23,3.4503856695737283e-26,4.5329164477311905e-17
15.4,0.04680851,0.0005399320674768386,8.201527144987909e-64,0.0005399320674768037,8.395386393717771e-24,2.5843905257102144e-26,3.4934306196636693e-17
15.416666666666666,0.04680851,0.0005357089978423337,6.785520960880998e-64,0.0005357089978423068,6.923998771206767e-24,1.9355015208667044e-26,2.6919276757237808e-17
15.433333333333334,0.04680851,0.0005315184935070152,5.613942566606518e-64,0.0005315184935069945,5.710128447989449e-24,1.449353030827481e-26,2.0740159611544255e-17
15.45,0.04680851,0.0005273603087203987,4.6446077419381846e-64,0.0005273603087203827,4.7087706040856604e-24,1.0851769132136686e-26,1.5977131883779253e-17
15.466666666666669,0.04680851,0.0005232341995214655,3.842611111677451e-64,0.0005232341995214531,3.8827739388827796e-24,8.124057854541219e-27,1.2306204680119678e-17
15.483333333333333,0.042127658,0.0005191399237264772,3.179070442766144e-64,0.0005191399237264678,3.2014723106850944e-24,6.0812375229910655e-27,9.477386623385443e-18
15.5,0.042127658,0.0005150772409168444,2.6300875233360223e-64,0.0005150772409168371,2.639554413349163e-24,4.551534264956662e-27,7.297813570048973e-18
15.516666666666667,0.042127658,0.0005110459124270862,2.1758882756917183e-64,0.0005110459124270805,2.1761301498303692e-24,3.406206292040681e-27,5.61871729530509e-18
15.533333333333331,0.042127658,0.000507045701332846,1.8001111942602563e-64,0.0005070457013328416,1.7939595297948386e-24,2.548776431704581e-27,4.325361259302192e-18
15.55,0.042127658,0.000503076372438982,1.4892185286919752e-64,0.0005030763724389786,1.4788158453630983e-24,1.9069556144162948e-27,3.3292691843468933e-18
15.566666666666666,0.042127658,0.0004991376922677365,1.2320090428164467e-64,0.0004991376922677339,1.2189597798033444e-24,1.4265856458915057e-27,2.5622250937761593e-18
15.583333333333334,0.042127658,0.000495229429046959,1.0192148303657405e-64,0.0004952294290469571,1.0047051559306944e-24,1.0670970293698743e-27,1.9716417749576296e-18
15.6,0.042127658,0.0004913513526984154,8.431676893212152e-65,0.0004913513526984139,8.280603808511821e-25,7.981033548089726e-28,1.5169861471996842e-18
15.616666666666667,0.042127658,0.0004875032348261567,6.975230568633766e-65,0.0004875032348261555,6.824324129241088e-25,5.968482034687026e-28,1.1670207948708668e-18
15.633333333333333,0.037446808,0.0004836848487049615,5.7703157599145685e-65,0.0004836848487049606,5.623823658834663e-25,4.462914178757026e-28,8.976756563541071e-19
15.65,0.037446808,0.0004798959692688448,4.773500772191895e-65,0.0004798959692688441,4.634237570598548e-25,3.3367481386795254e-28,6.904061720515978e-19
15.666666666666666,0.042127658,0.00047613637309964184,3.948851758464809e-65,0.0004761363730996413,3.8185597033961746e-25,2.4944736359081607e-28,5.309269011257774e-19
15.683333333333334,0.042127658,0.00047240583841565045,3.266638580483837e-65,0.00047240583841565,3.146267967532488e-25,1.8645986221415037e-28,4.0823489337660554e-19
15.7,0.042127658,0.00046870414506035215,2.702263995385348e-65,0.0004687041450603518,2.592189834407005e-25,1.393615906710376e-28,3.1385663397514093e-19
15.716666666666669,0.037446808,0.0004650310744911948,2.235377637174581e-65,0.0004650310744911946,2.1355660409472076e-25,1.041483676666447e-28,2.412674680051571e-19
15.733333333333333,0.037446808,0.00046138640976844757,1.8491429086320917e-65,0.0004613864097684474,1.7592779300634913e-25,7.782404785359113e-29,1.8544406719236203e-19
15.75,0.037446808,0.00045776993554411544,1.5296303994210716e-65,0.0004577699355441153,1.449209871271648e-25,5.814702167530254e-29,1.4251950271187177e-19
15.766666666666667,0.037446808,0.0004541814380509345,1.2653159977690023e-65,0.0004541814380509344,1.1937231811675448e-25,4.344039599414009e-29,1.0951743868374143e-19
15.783333333333331,0.037446808,0.00045062070509142176,1.0466656296421489e-65,0.00045062070509142166,9.832220734207777e-26,3.24498763397992e-29,8.41473272250899e-20
15.8,0.037446808,0.0004470875260269947,8.65791676214636e-66,0.0004470875260269946,8.097955627240518e-26,2.4237376610580356e-29,6.464662823303604e-20
15.816666666666666,0.03276596,0.00044358169176716766,7.161686996780848e-66,0.0004435816917671676,6.669220509361553e-26,1.8101384430421402e-29,4.965927406564949e-20
15.833333333333334,0.03276596,0.000440102994758796,5.923982417648823e-66,0.00044010299475879595,5.492256391996307e-26,1.3517360806490842e-29,3.814206629958722e-20
15.85,0.03276596,0.00043665122897540296,4.900142255039242e-66,0.0004366512289754029,4.522751219941749e-26,1.0093139336729334e-29,2.929259514876925e-20
15.866666666666667,0.03276596,0.0004332261899065634,4.053219521848824e-66,0.0004332261899065634,3.7241819804602506e-26,7.535554082652469e-30,2.2493740454799367e-20
15.883333333333333,0.03276596,0.0004298276745473555,3.352648948356615e-66,0.0004298276745473555,3.066447367352867e-26,5.6254721827884766e-30,1.727094568033351e-20
15.9,0.03276596,0.000426455481387876,2.7731449020082776e-66,0.000426455481387876,2.5247401502420338e-26,4.199116705403682e-30,1.3259329713937176e-20
15.916666666666666,0.03276596,0.0004231094104028254,2.2937895923904815e-66,0.0004231094104028254,2.0786172855362885e-26,3.134096640927365e-30,1.017837472313404e-20
15.933333333333334,0.03276596,0.0004197892630411485,1.8972787131675826e-66,0.0004197892630411485,1.7112331412021225e-26,2.3389589358659375e-30,7.812447468080344e-21
15.95,0.03276596,0.0004164948422157495,1.5692973421013995e-66,0.0004164948422157495,1.4087072626939705e-26,1.745375521115234e-30,5.995811683836467e-21
15.966666666666669,0.028085107,0.0004132259522932634,1.2980036113305327e-66,0.0004132259522932634,1.159603105331559e-26,1.3023014606824778e-30,4.6010975752626745e-21
15.983333333333333,0.03276596,0.0004099823990838971,1.0736015416340535e-66,0.0004099823990838971,9.54498283402393e-27,9.716074321800633e-31,3.5304321493313476e-21
16.0,0.028085107,0.0004067639898313264,8.879876461006883e-67,0.0004067639898313264,7.856302905351968e-27,7.248148283638609e-31,2.7086172395309977e-21
16.016666666666666,0.028085107,0.0004035705332026657,7.344585660525805e-67,0.0004035705332026657,6.46604455182855e-27,5.406553890998334e-31,2.0778831557863965e-21
16.033333333333335,0.028085107,0.000400401839278491,6.074692008592169e-67,0.000400401839278491,5.32153213189125e-27,4.032473386335182e-31,1.593854561261732e-21
16.05,0.028085107,0.00039725771954293623,5.0243261257121516e-67,0.00039725771954293623,4.379376921458373e-27,3.0073243381687986e-31,1.2224488686013578e-21
16.066666666666666,0.03276596,0.00039413798687383913,4.155544915813991e-67,0.00039413798687383913,3.6038418036015576e-27,2.2425755871395944e-31,9.374918942556243e-22
16.083333333333332,0.03276596,0.00039104245553295963,3.436962149782717e-67,0.00039104245553295963,2.965493552053858e-27,1.6721384998854314e-31,7.188851291137351e-22
16.1,0.028085107,0.00038797094115625613,2.842615597272068e-67,0.00038797094115625613,2.440092196741057e-27,1.246682917175217e-31,5.511971824234395e-22
16.116666666666667,0.028085107,0.0003849232607442236,2.3510298540338504e-67,0.0003849232607442236,2.00767581930146e-27,9.293913900233669e-32,4.2258135860057293e-22
16.133333333333333,0.028085107,0.00038189923265229,1.9444410660699574e-67,0.00038189923265229,1.65180643447723e-27,6.927881022971511e-32,3.239439554522599e-22
16.15,0.028085107,0.00037889867658128006,1.6081555881868947e-67,0.00037889867658128006,1.3589486407636627e-27,5.163707089503584e-32,2.4830528572499163e-22
16.166666666666668,0.028085107,0.00037592141356793183,1.3300194432036407e-67,0.00037592141356793183,1.117957694800793e-27,3.8484197989466404e-32,1.903088220346594e-22
16.183333333333334,0.028085107,0.00037296726597548175,1.0999794430692916e-67,0.00037296726597548175,9.19657763584046e-28,2.8678947070483494e-32,1.4584417262948065e-22
16.2,0.028085107,0.0003700360574843025,9.097201383733601e-68,0.0003700360574843025,7.564944892222309e-28,2.1369981239147264e-32,1.117575240290926e-22
16.216666666666665,0.028085107,0.00036712761308260397,7.523634972682274e-68,0.00036712761308260397,6.222487885923517e-28,1.5922289230734583e-32,8.562928457775472e-23
16.233333333333334,0.028085107,0.0003642417590571934,6.22220477176427e-68,0.0003642417590571934,5.1180110871056545e-28,1.1862263212934133e-32,6.560335240127287e-23
16.25,0.028085107,0.0003613783229842978,5.145855243500451e-68,0.0003613783229842978,4.209372536769472e-28,8.836708567944235e-33,5.025603705898492e-23
16.266666666666666,0.028085107,0.00035853713372043644,4.255665848271546e-68,0.00035853713372043644,3.461884613688798e-28,6.582254685514395e-33,3.849543639559041e-23
16.283333333333335,0.028085107,0.0003557180213933606,3.519444913976001e-68,0.0003557180213933606,2.846996959949746e-28,4.902529888081378e-33,2.94842011650453e-23
16.3,0.028085107,0.0003529208173930506,2.9105665101611943e-68,0.0003529208173930506,2.341211842986432e-28,3.651131514919134e-33,2.2580257998132022e-23
16.316666666666666,0.028085107,0.00035014535436276423,2.407008338874761e-68,0.00035014535436276423,1.9251909831469904e-28,2.7189210767380403e-33,1.729132014390217e-23
16.333333333333332,0.028085107,0.00034739146619014986,1.9905559080236284e-68,0.00034739146619014986,1.5830200887362093e-28,2.0245469879746826e-33,1.323998277295944e-23
16.35,0.028085107,0.0003446589879984146,1.646144253721065e-68,0.0003446589879984146,1.3016032851737103e-28,1.5073756302770186e-33,1.0136942897434209e-23
16.366666666666667,0.028085107,0.0003419477561375504,1.3613134423133891e-68,0.0003419477561375504,1.0701645240928193e-28,1.1222192667380583e-33,7.76045498137427e-24
16.383333333333333,0.028085107,0.0003392576081756126,1.1257581894974403e-68,0.0003392576081756126,8.798370955033426e-29,8.35404448592028e-34,5.940571951445624e-24
16.4,0.028085107,0.00033658838289006267,9.309553312588912e-69,0.00033658838289006267,7.233256929946713e-29,6.2184036116873006e-34,4.547058222734637e-24
16.416666666666668,0.028085107,0.0003339399202591595,7.698556917952764e-69,0.0003339399202591595,5.946282232098338e-29,4.628330001397136e-34,3.480120091949764e-24
16.433333333333334,0.028085107,0.00033131206145341387,6.366292185097934e-69,0.00033131206145341387,4.888068094308731e-29,3.444555898708483e-34,2.663297533566212e-24
16.45,0.028085107,0.00032870464882709164,5.26454177420299e-69,0.00032870464882709164,4.0179929994489577e-29,2.563338081544255e-34,2.0380139847763388e-24
16.466666666666665,0.028085107,0.0003261175259097773,4.3534279331143903e-69,0.0003261175259097773,3.3026412487980654e-29,1.907403145578172e-34,1.55939782094083e-24
16.483333333333334,0.028085107,0.00032355053739798985,3.599970350552245e-69,0.00032355053739798985,2.714526080811624e-29,1.4191989127400404e-34,1.193079125154376e-24
16.5,0.028085107,0.0003210035291468581,2.976893352252998e-69,0.0003210035291468581,2.2310388089163397e-29,1.0558650905867299e-34,9.127343594595202e-25
16.516666666666666,0.028085107,0.0003184763481618414,2.461639337147562e-69,0.0003184763481618414,1.833584015749708e-29,7.854855375189647e-35,6.982045030779906e-25
16.533333333333335,0.028085107,0.00031596884259051447,2.0355528003381052e-69,0.00031596884259051447,1.5068678989507235e-29,5.842958038546578e-35,5.340528616459081e-25
16.55,0.028085107,0.00031348086171440154,1.6832054519860475e-69,0.00031348086171440154,1.2383126763240571e-29,4.3460264419157775e-35,4.08459933160374e-25
16.566666666666666,0.028085107,0.000311012255940862,1.3918380386542102e-69,0.000311012255940862,1.0175747453003702e-29,3.232341157646832e-35,3.123766392685002e-25
16.583333333333332,0.028085107,0.00030856287679503536,1.1508986901662854e-69,0.00030856287679503536,8.361482338403587e-30,2.4038505158631168e-35,2.3887558245865694e-25
16.6,0.028085107,0.0003061325769118328,9.516611028494448e-70,0.0003061325769118328,6.8703882620873e-30,1.7875712649548683e-35,1.8265406647665982e-25
16.616666666666667,0.028085107,0.000303721210027988,7.869087550364784e-70,0.000303721210027988,5.644954200955035e-30,1.3291840374155557e-35,1.3965341366767795e-25
16.633333333333333,0.028085107,0.0003013286309741546,6.506737370801465e-70,0.0003013286309741546,4.637893724806728e-30,9.882638631859602e-36,1.067673925125944e-25
16.65,0.028085107,0.000298954695667059,5.380207520411778e-70,0.000298954695667059,3.810329037209647e-30,7.347286222960087e-36,8.161891743505965e-26
16.666666666666668,0.028085107,0.00029659926110170464,4.4486847592901706e-70,0.00029659926110170464,3.1302972119548912e-30,5.461946536730296e-36,6.238905074420349e-26
16.683333333333334,0.028085107,0.00029426218534363047,3.678418168702373e-70,0.00029426218534363047,2.5715215200651426e-30,4.060079798547213e-36,4.768606845128037e-26
16.7,0.028085107,0.00029194332752121384,3.0414972962199646e-70,0.00029194332752121384,2.1124008524688056e-30,3.0177866065320774e-36,3.644521243490174e-26
16.716666666666665,0.028085107,0.0002896425478180317,2.5148416579064504e-70,0.0002896425478180317,1.7351785656625063e-30,2.24289792414245e-36,2.7851944159086266e-26
16.733333333333334,0.023404256,0.0002873597074652698,2.0793650432935974e-70,0.0002873597074652698,1.4252589277578256e-30,1.666854558008097e-36,2.1283195688108027e-26
16.75,0.023404256,0.00028509466873418246,1.719284389840821e-70,0.00028509466873418246,1.1706449803756044e-30,1.2386634127443165e-36,1.626240160461026e-26
16.766666666666666,0.028085107,0.00028284729492860126,1.4215482217014553e-70,0.00028284729492860126,9.614762721023378e-31,9.203997769138965e-37,1.2425082278801614e-26
16.783333333333335,0.028085107,0.00028061745037749706,1.1753639718315716e-70,0.00028061745037749706,7.896487380592457e-31,6.838604343918242e-37,9.49250504278797e-27
16.8,0.028085107,0.0002784050004275892,9.718070830213926e-71,0.0002784050004275892,6.485021427920491e-31,5.080733473645806e-37,7.25152908752911e-27
16.816666666666666,0.028085107,0.00027620981143600343,8.034977415619947e-71,0.00027620981143600343,5.325630897672585e-31,3.774448408364145e-37,5.5391836390098066e-27
16.833333333333332,0.028085107,0.0002740317507629827,6.6433354388770845e-71,0.0002740317507629827,4.373337287209703e-31,2.803812063254793e-37,4.230868859747115e-27
16.85,0.023404256,0.0002718706867646421,5.492684200861709e-71,0.0002718706867646421,3.591180430120599e-31,2.082633318145746e-37,3.231329241231064e-27
16.866666666666667,0.023404256,0.00026972648878577696,4.5412981179255495e-71,0.00026972648878577696,2.9487903972374315e-31,1.5468400487062103e-37,2.467748611428878e-27
16.883333333333333,0.023404256,0.00026759902715271566,3.7546748618201165e-71,0.00026759902715271566,2.4212135047027557e-31,1.1488064457469751e-37,1.8844685404511126e-27
16.9,0.023404256,0.0002654881731662219,3.1042851258807924e-71,0.0002654881731662219,1.9879472592421538e-31,8.531342054476792e-38,1.438948815422408e-27
16.916666666666668,0.023404256,0.0002633937990944447,2.5665387509512282e-71,0.0002633937990944447,1.6321470920540657e-31,6.335152225518459e-38,1.0986781461250106e-27
16.933333333333334,0.023404256,0.00026131577816591867,2.121929775191996e-71,0.00026131577816591867,1.3399743310530413e-31,4.703987249298856e-38,8.38811771555895e-28
16.95,0.023404256,0.00025925398456260465,1.7543294481723414e-71,0.00025925398456260465,1.1000602887344107e-31,3.4925671792303715e-38,6.403650788231725e-28
16.966666666666665,0.023404256,0.0002572082934129837,1.4504016057401706e-71,0.0002572082934129837,9.030658072018568e-32,2.5929439081412554e-38,4.888324844590999e-28
16.983333333333334,0.023404256,0.00025517858078519614,1.199119231794239e-71,0.00025517858078519614,7.413192736792151e-32,1.924914146647045e-38,3.731315476748365e-28
17.0,0.023404256,0.00025316472368022605,9.91364696483114e-72,0.00025316472368022605,6.085191396604167e-32,1.428892845473507e-38,2.8479579362205373e-28
17.016666666666666,0.023404256,0.000251166600025131,8.195991900415108e-72,0.000251166600025131,4.994894603650695e-32,1.0606160122878544e-38,2.173577134207379e-28
17.033333333333335,0.023404256,0.000249184088666321,6.775893770511174e-72,0.000249184088666321,4.0997901352026856e-32,7.872036175187771e-39,1.6587717143131096e-28
17.05,0.023404256,0.0002472170693628804,5.601813680276128e-72,0.0002472170693628804,3.364962359605849e-32,5.84233598836456e-39,1.2658098039153062e-28
17.066666666666666,0.023404256,0.00024526542277993545,4.631138188693011e-72,0.00024526542277993545,2.7617359754308725e-32,4.335674646481692e-39,9.658746059254672e-29
17.083333333333332,0.023404256,0.00024332903048206788,3.828633858574031e-72,0.00024332903048206788,2.2665616739857895e-32,3.2173455495411695e-39,7.369596123690743e-29
17.1,0.023404256,0.00024140777492677153,3.165169358628297e-72,0.00024140777492677153,1.8601006117477317e-32,2.387315159228119e-39,5.622603522117564e-29
17.116666666666667,0.023404256,0.00023950153945795846,2.616658806013091e-72,0.00023950153945795846,1.5264722553224443e-32,1.7713035243038424e-39,4.2894563188455577e-29
17.133333333333333,0.023404256,0.000237610208299501,2.163188052688809e-72,0.000237610208299501,1.2526364722402544e-32,1.3141579184734045e-39,3.272187928320918e-29
17.15,0.023404256,0.00023573366654882526,1.7882922469373766e-72,0.00023573366654882526,1.0278859288729166e-32,9.749304140653072e-40,2.4960058941347192e-29
17.166666666666668,0.023404256,0.00023387180017054565,1.4783584825104046e-72,0.00023387180017054565,8.434291215418375e-33,7.232214994687466e-40,1.9038140779830185e-29
17.183333333333334,0.023404256,0.00023202449599014314,1.222131880497457e-72,0.00023202449599014314,6.920478726114684e-33,5.364643117943602e-40,1.4520286902634526e-29
17.2,0.023404256,0.0002301916416876849,1.0103071972301795e-72,0.0002301916416876849,5.678160049845308e-33,3.9790765405381095e-40,1.1073827984518478e-29
17.216666666666665,0.023404256,0.0002283731257915912,8.351911511035373e-73,0.0002283731257915912,4.658682769395083e-33,2.9511810240422634e-40,8.444859619637577e-30
17.233333333333334,0.023404256,0.00022656883767244033,6.90423224325294e-73,0.00022656883767244033,3.8221060594473634e-33,2.188676898497806e-40,6.439606862258406e-30
17.25,0.023404256,0.0002247786675368203,5.707448151300462e-73,0.0002247786675368203,3.135642100063579e-33,1.623079726787396e-40,4.9101945917819285e-30
17.266666666666666,0.023404256,0.0002230025064212194,4.718083686749388e-73,0.0002230025064212194,2.5723760996877893e-33,1.2035678924939793e-40,3.743782856290572e-30
17.283333333333335,0.023404256,0.00022124024618595966,3.9001956415319324e-73,0.00022124024618595966,2.110215167300126e-33,8.92429710167358e-41,2.8542720514529817e-30
17.3,0.023404256,0.00021949177950917454,3.224068341154842e-73,0.00021949177950917454,1.7310251527606173e-33,6.61683456633011e-41,2.175970539470019e-30
17.316666666666666,0.023404256,0.00021775699988082405,2.6651348299657187e-73,0.00021775699988082405,1.4199218707785987e-33,4.905683277942037e-41,1.658760764752595e-30
17.333333333333332,0.023404256,0.00021603580159675366,2.203084913042547e-73,0.00021603580159675366,1.1646891192657424e-33,3.636820355459621e-41,1.2644095215941434e-30
17.35,0.023404256,0.00021432807975279338,1.8211276953244608e-73,0.00021432807975279338,9.553008288648858e-34,2.6959848496138493e-41,9.637517569546507e-31
17.366666666666667,0.023404256,0.0002126337302388996,1.505381861608457e-73,0.0002126337302388996,7.835287277361083e-34,1.99841849129478e-41,7.345412505579105e-31
17.383333333333333,0.023404256,0.0002109526497333328,1.2443715740491208e-73,0.0002109526497333328,6.426202308317204e-34,1.481252049347369e-41,5.598103686795826e-31
17.4,0.023404256,0.0002092847356968798,1.028609694710995e-73,0.0002092847356968798,5.270339946384487e-34,1.0978554406909158e-41,4.26618401744951e-31
17.416666666666668,0.023404256,0.0002076298863671149,8.50253208374297e-74,0.0002076298863671149,4.3222282250502404e-34,8.136453719380305e-42,3.25096493142347e-31
17.433333333333334,0.023404256,0.00020598800075270022,7.028183400079247e-74,0.00020598800075270022,3.5445544916817905e-34,6.029747128386282e-42,2.4771892903621253e-31
17.45,0.018723404,0.00020435897862772424,5.809450270273099e-74,0.00020435897862772424,2.906702473989134e-34,4.468246410391822e-42,1.8874717690514211e-31
17.466666666666665,0.018723404,0.0002027427205260834,4.80202197169402e-74,0.0002027427205260834,2.383551435450626e-34,3.3109249675865094e-42,1.4380574921497953e-31
17.483333333333334,0.018723404,0.00020113912773589806,3.9692678345395455e-74,0.00020113912773589806,1.9544905040343565e-34,2.4532166438152824e-42,1.0955865642137737e-31
17.5,0.018723404,0.0001995481022939719,3.2809063194716565e-74,0.0001995481022939719,1.6026096497423233e-34,1.8175942370936123e-42,8.346260957054479e-32
17.516666666666666,0.018723404,0.00019796954698028584,2.711904702891502e-74,0.00019796954698028584,1.314035678154411e-34,1.3465812795301762e-42,6.357877884606207e-32
17.533333333333335,0.018723404,0.00019640336531253185,2.2415694189696666e-74,0.00019640336531253185,1.0773872670079682e-34,9.975689842628152e-43,4.8429224257715874e-32
17.55,0.018723404,0.00019484946154068664,1.852794027608344e-74,0.00019484946154068664,8.833277208782142e-35,7.389723030636526e-43,3.6887404292641264e-32
17.566666666666666,0.018723404,0.00019330774064161974,1.5314374991190124e-74,0.00019330774064161974,7.241979359638767e-35,5.4737929950455024e-43,2.809467908092689e-32
17.583333333333332,0.018723404,0.0001917781083137412,1.2658102370640547e-74,0.0001917781083137412,5.937152013048401e-35,4.05437288582824e-43,2.1396640754259475e-32
17.6,0.018723404,0.00019026047097168693,1.04624917203017e-74,0.00019026047097168693,4.867260364320016e-35,3.002854188161217e-43,1.629456591372823e-32
17.616666666666667,0.018723404,0.00018875473574104073,8.647664929681301e-75,0.00018875473574104073,3.9900337868102473e-35,2.223925119530563e-43,1.240840091180371e-32
17.633333333333333,0.018723404,0.00018726081045309146,7.147592564597928e-75,0.00018726081045309146,3.2708016849089985e-35,1.646954343326398e-43,9.448542019698237e-33
17.65,0.018723404,0.00018577860363963063,5.907693248697349e-75,0.00018577860363963063,2.681128055661882e-35,1.2196032288424742e-43,7.194322114606541e-33
17.666666666666668,0.0140425535,0.000184308024527782,4.882849120094871e-75,0.000184308024527782,2.1976911833523637e-35,9.030905514018118e-44,5.477611082409519e-33
17.683333333333334,0.0140425535,0.00018284898303487206,4.035765260138631e-75,0.00018284898303487206,1.8013644929691754e-35,6.686823798618696e-44,4.17031517687714e-33
17.7,0.0140425535,0.00018140138976333202,3.3356134842918463e-75,0.00018140138976333202,1.476462470716742e-35,4.950903119203022e-44,3.1748489542274513e-33
17.716666666666665,0.0140425535,0.00017996515599563818,2.7569112138870666e-75,0.00017996515599563818,1.21012203023523e-35,3.6654311210387804e-44,2.4168733656611813e-33
17.733333333333334,0.0140425535,0.0001785401936892872,2.27859468683947e-75,0.0001785401936892872,9.917950146044539e-36,2.7135754527079014e-44,1.8397613595264704e-33
17.75,0.0140425535,0.00017712641547180794,1.883252825303505e-75,0.00017712641547180794,8.128318839888648e-36,2.0087924255847964e-44,1.4003802959512105e-33
17.766666666666666,0.0140425535,0.00017572373463580474,1.5564939149824377e-75,0.00017572373463580474,6.661402172910654e-36,1.4869783990206957e-44,1.0658780540220116e-33
17.783333333333335,0.0140425535,0.00017433206513403897,1.2864220762434871e-75,0.00017433206513403897,5.45904593314615e-36,1.1006539836708883e-44,8.112341204965472e-34
17.8,0.0140425535,0.00017295132157454585,1.0632044965363903e-75,0.00017295132157454585,4.473568275494578e-36,8.146548116267206e-45,6.173936869567361e-34
17.816666666666666,0.0140425535,0.0001715814192157808,8.787136917158902e-76,0.0001715814192157808,3.6658751909874205e-36,6.029387895429507e-45,4.6984604309694665e-34
17.833333333333332,0.0140425535,0.00017022227396180524,7.26231790477094e-76,0.00017022227396180524,3.003914858928489e-36,4.4622070281231096e-45,3.5754153667097237e-34
17.85,0.0140425535,0.00016887380235750378,6.002060902388438e-76,0.00016887380235750378,2.4614099875381864e-36,3.302198778614378e-45,2.7206651576372077e-34
17.866666666666667,0.0140425535,0.00016753592158383622,4.960469963220549e-76,0.00016753592158383622,2.016818182725423e-36,2.4436208691576982e-45,2.0701483778165976e-34
17.883333333333333,0.0140425535,0.00016620854945312096,4.099609968379418e-76,0.00016620854945312096,1.652479356830313e-36,1.8081800169077408e-45,1.5750914141375534e-34
17.9,0.0140425535,0.00016489160440435492,3.388125992896704e-76,0.00016489160440435492,1.3539165513464585e-36,1.337909820583528e-45,1.1983621539669423e-34
17.916666666666668,0.0140425535,0.00016358500549856352,2.8001020775369794e-76,0.00016358500549856352,1.1092625884267214e-36,9.898957574980625e-46,9.116928678397767e-35
17.933333333333334,0.0140425535,0.00016228867241418658,2.3141178989772398e-76,0.00016228867241418658,9.087899223894786e-37,7.323684677983434e-46,6.935652108823446e-35
17.95,0.0140425535,0.0001610025254424939,1.912469026256711e-76,0.0001610025254424939,7.4452512897113356e-37,5.418105686787756e-46,5.275995713406904e-35
17.966666666666665,0.0140425535,0.00015972648548303486,1.5805223996256113e-76,0.00015972648548303486,6.099328063702618e-37,4.008141764515815e-46,4.013285669203912e-35
17.983333333333334,0.0140425535,0.00015846047403912026,1.3061835851300481e-76,0.00015846047403912026,4.996563992205519e-37,2.9649443590658197e-46,3.052631196922154e-35
18.0,0.0140425535,0.00015720441321333736,1.0794564231563589e-76,0.00015720441321333736,4.093057020560313e-37,2.1931482971659557e-46,2.321813550731586e-35
18.016666666666666,0.0140425535,0.00015595822570309292,8.920790494322097e-77,0.00015595822570309292,3.352826408401729e-37,1.6221743565289797e-46,1.765871912259049e-35
18.03333333333333,0.0140425535,0.00015472183479619208,7.3722304476408e-77,0.00015472183479619208,2.7463844214750677e-37,1.199790032147179e-46,1.342981480234544e-35
18.05,0.0140425535,0.00015349516436644682,6.092447660354993e-77,0.00015349516436644682,2.2495653904090694e-37,8.873424427895142e-47,1.0213155148557195e-35
18.066666666666663,0.0140425535,0.0001522781388693162,5.0347980916780235e-77,0.0001522781388693162,1.842565793512644e-37,6.562293493515702e-47,7.76656582511492e-36
18.08333333333333,0.0140425535,0.0001510706833375751,4.160731238438416e-77,0.0001510706833375751,1.509157359536783e-37,4.852868642134332e-47,5.905782234707242e-36
18.1,0.0140425535,0.00014987272337701872,3.4383859686536463e-77,0.00014987272337701872,1.2360420258234912e-37,3.5885583595892735e-47,4.4906090207094924e-36
18.116666666666667,0.0140425535,0.00014868418516219412,2.841429932023865e-77,0.00014868418516219412,1.0123231967375933e-37,2.6535066613831386e-47,3.414385730752217e-36
18.133333333333333,0.0140425535,0.00014750499543216174,2.3481003008779125e-77,0.00014750499543216174,8.290723478004578e-38,1.9620006256040643e-47,2.5959693018113222e-36
18.15,0.0140425535,0.00014633508148628925,1.9404109213391045e-77,0.00014633508148628925,6.789737938542257e-38,1.4506311191995425e-47,1.973632377436882e-36
18.166666666666668,0.0140425535,0.00014517437118007415,1.6034970104035806e-77,0.00014517437118007415,5.560335336515189e-38,1.0724914158450223e-47,1.5004198996145324e-36
18.183333333333334,0.0140425535,0.0001440227929209981,1.3250735404905343e-77,0.0001440227929209981,4.55340620552113e-38,7.9288416354593e-48,1.140615637190107e-36
18.2,0.0140425535,0.00014288027566440698,1.0949875908510923e-77,0.00014288027566440698,3.7287158962686333e-38,5.861447006068724e-48,8.670534757479526e-37
18.216666666666665,0.0140425535,0.0001417467489094242,9.048483655312812e-78,0.0001417467489094242,3.053301775589122e-38,4.332905508201522e-48,6.590716131465629e-37
18.23333333333333,0.0140425535,0.00014062214269489184,7.477214047629251e-78,0.00014062214269489184,2.500159706597613e-38,3.202823190808519e-48,5.009560128521729e-37
18.25,0.0140425535,0.00013950638759534004,6.178758535534567e-78,0.00013950638759534004,2.0471676334756628e-38,2.3673701999377422e-48,3.807561681689785e-37
18.266666666666666,0.0140425535,0.00013839941471698698,5.105755828715868e-78,0.00013839941471698698,1.676203498913337e-38,1.7497618683563262e-48,2.893841695796785e-37
18.28333333333333,0.0140425535,0.00013730115569376587,4.219065554493641e-78,0.00013730115569376587,1.3724224328450122e-38,1.2932169017760742e-48,2.1992933530877776e-37
18.3,0.0140425535,0.00013621154268338086,3.486341479389314e-78,0.00013621154268338086,1.1236644726572754e-38,9.557483154380736e-49,1.671368539702391e-37
18.316666666666663,0.0140425535,0.00013513050836339277,2.8808523198674375e-78,0.00013513050836339277,9.199692575894016e-39,7.06310312904944e-49,1.2701121009446478e-37
18.33333333333333,0.0140425535,0.00013405798592732983,2.3805071841511613e-78,0.00013405798592732983,7.53178388675461e-39,5.21948293546541e-49,9.651454157324742e-38
18.35,0.0140425535,0.0001329939090808291,1.967050139418651e-78,0.0001329939090808291,6.166096284692327e-39,3.8569093851285935e-49,7.333721548242776e-38
18.366666666666667,0.0140425535,0.00013193821203780562,1.625394558415751e-78,0.00013193821203780562,5.047899698586775e-39,2.849912316137773e-49,5.572334047389718e-38
18.383333333333333,0.0140425535,0.0001308908295166463,1.3430729907931096e-78,0.0001308908295166463,4.1323694361730575e-39,2.105735210997171e-49,4.233806738071047e-38
18.4,0.0140425535,0.00012985169673643366,1.1097825125784122e-78,0.00012985169673643366,3.382794526858055e-39,1.5558091008233058e-49,3.216667499973157e-38
18.416666666666668,0.0140425535,0.00012882074941319608,9.170089853098547e-79,0.00012882074941319608,2.7691099356678327e-39,1.1494477420950881e-49,2.443783130210922e-38
18.433333333333334,0.0140425535,0.00012779792375618615,7.5771653110375e-79,0.00012779792375618615,2.266694140006651e-39,8.491855952773563e-50,1.8565241289355836e-38
18.45,0.0140425535,0.00012678315646418267,6.26090905956409e-79,0.00012678315646418267,1.8553841238597993e-39,6.273307211749872e-50,1.4103278152164063e-38
18.466666666666665,0.0140425535,0.00012577638472182265,5.1732741739922037e-79,0.00012577638472182265,1.5186685012668326e-39,4.634161129781385e-50,1.0713248414434559e-38
18.48333333333333,0.0140425535,0.0001247775461959585,4.2745565573461255e-79,0.0001247775461959585,1.2430265759181519e-39,3.4231539165660564e-50,8.137743594015559e-39
18.5,0.0140425535,0.00012378657903204063,3.5319464958432837e-79,0.00012378657903204063,1.0173869583014385e-39,2.5284975182845107e-50,6.181140887413997e-39
18.516666666666666,0.0140425535,0.00012280342185052808,2.9183316523090384e-79,0.00012280342185052808,8.326841268706336e-40,1.8675813539822993e-50,4.6947793781040204e-39
18.53333333333333,0.0140425535,0.00012182801374332306,2.4113078560373452e-79,0.00012182801374332306,6.8149522454570945e-40,1.3793596063296878e-50,3.565691197321871e-39
18.55,0.0140425535,0.00012086029427023212,1.992361621307056e-79,0.00012086029427023212,5.5774258166680116e-40,1.0187240028241092e-50,2.7080355037075343e-39
18.566666666666663,0.0140425535,0.00011990020345545417,1.64619458626885e-79,0.00011990020345545417,4.564500785259248e-40,7.523444436600063e-51,2.05658731128356e-39
18.58333333333333,0.0140425535,0.00011894768178409074,1.3601652372516065e-79,0.00011894768178409074,3.735436090602231e-40,5.555947369871363e-51,1.5617884662850384e-39
18.6,0.0140425535,0.00011800267019868455,1.1238275591533595e-79,0.00011800267019868455,3.056876676788136e-40,4.102804627392515e-51,1.1859861550254302e-39
18.616666666666667,0.0140425535,0.00011706511009578292,9.285497862206358e-80,0.00011706511009578292,2.501515235601697e-40,3.029597543858878e-51,9.0057412027482e-40
18.633333333333333,0.0140425535,0.00011613494332252306,7.671993479423238e-80,0.00011613494332252306,2.0469962851781338e-40,2.2370233338319557e-51,6.838200452777036e-40
18.65,0.0140425535,0.00011521211217324532,6.338825183788448e-80,0.00011521211217324532,1.6750187274271671e-40,1.6517246092219344e-51,5.192144844150095e-40
18.666666666666668,0.0140425535,0.00011429655938612986,5.237292719625518e-80,0.00011429655938612986,1.3706009595555846e-40,1.219512892071051e-51,3.9421619638453725e-40
18.683333333333334,0.0140425535,0.00011338822813985785,4.3271549732907345e-80,0.00011338822813985785,1.1214791134839387e-40,9.003613893592163e-52,2.9929875029762586e-40
18.7,0.0140425535,0.00011248706205029591,3.575160831451434e-80,0.00011248706205029591,9.176143206137057e-41,6.647052651560313e-52,2.272260942502501e-40
18.716666666666665,0.0140425535,0.00011159300516720656,2.9538351583713167e-80,0.00011159300516720656,7.507892605218529e-41,4.907081179699911e-52,1.7250212386137046e-40
18.73333333333333,0.0140425535,0.00011070600197098051,2.4404755963452914e-80,0.00011070600197098051,6.142778246527057e-41,3.622424247110439e-52,1.309524761707534e-40
18.75,0.0140425535,0.00010982599736939391,2.0163235833814387e-80,0.00010982599736939391,5.025746524713752e-41,2.6739753815848175e-52,9.94067992698435e-41
18.766666666666666,0.0140425535,0.00010895293669438992,1.6658793373662192e-80,0.00010895293669438992,4.1117369460996746e-41,1.9737747855046564e-52,7.545736832912408e-41
18.78333333333333,0.0140425535,0.0001080867656988809,1.3763358079159461e-80,0.0001080867656988809,3.3638692096599765e-41,1.4568671975056911e-52,5.72757108333064e-41
18.8,0.0140425535,0.00010722743055357651,1.1371109374023272e-80,0.00010722743055357651,2.751958999011878e-41,1.0752874702333596e-52,4.34733062213069e-41
18.816666666666663,0.0140425535,0.0001063748778438351,9.39461159462689e-81,0.0001063748778438351,2.2513029186958887e-41,7.936180428874896e-53,3.2995771058043856e-41
18.83333333333333,0.0140425535,0.00010552905456653442,7.761620274545678e-81,0.00010552905456653442,1.841683796061015e-41,5.857076318451125e-53,2.504248374696208e-41
18.85,0.0140425535,0.00010468990812696962,6.412443148737504e-81,0.00010468990812696962,1.5065564054402863e-41,4.3224771864983225e-53,1.900553527703085e-41
18.866666666666667,0.0140425535,0.00010385738633577247,5.297759540375954e-81,0.00010385738633577247,1.232380907242271e-41,3.189826688571221e-53,1.442336104075002e-41
18.883333333333333,0.0140425535,0.00010303143740585012,4.376818521760488e-81,0.00010303143740585012,1.008077220467859e-41,2.353878755056248e-53,1.0945524692553485e-41
18.9,0.0140425535,0.00010221200994935021,3.615950064710112e-81,0.00010221200994935021,8.245784000277822e-42,1.7369358871945369e-53,8.305972967110929e-42
18.916666666666668,0.0140425535,0.00010139905297464619,2.9873348196247985e-81,0.00010139905297464619,6.744650642548143e-42,1.2816406020446187e-53,6.302724670149958e-42
18.933333333333334,0.0140425535,0.00010059251588334505,2.467987602664433e-81,0.00010059251588334505,5.5166617225399845e-42,9.456524853033345e-54,4.782446582870189e-42
18.95,0.0140425535,9.979234846731613e-05,2.0389174715887186e-81,9.979234846731613e-05,4.512141154900464e-42,6.977177842612113e-54,3.628740944307625e-42
18.966666666666665,0.0140425535,9.899850090574314e-05,1.6844337173082734e-81,9.899850090574314e-05,3.6904427000153874e-42,5.147673609622931e-54,2.7532517357185845e-42
18.98333333333333,0.0140425535,9.821092376219624e-05,1.3915724252903885e-81,9.821092376219624e-05,3.018309422625164e-42,3.797740339792707e-54,2.0889116496799222e-42
19.0,0.0140425535,9.742956798172629e-05,1.1496226630070615e-81,9.742956798172629e-05,2.4685310458102678e-42,2.8017066371031295e-54,1.58481469434374e-42
19.016666666666666,0.0140425535,9.665438488798117e-05,9.497349872163316e-82,9.665438488798117e-05,2.0188451366541606e-42,2.066822811003234e-54,1.20232325416533e-42
19.03333333333333,0.0140425535,9.588532618034077e-05,7.845979707591071e-82,9.588532618034077e-05,1.65103786626706e-42,1.524639259381071e-54,9.12112520290989e-43
19.05,0.0140425535,9.512234393107529e-05,6.481709324302709e-82,9.512234393107529e-05,1.3502081154964672e-42,1.1246419671211323e-54,6.919266726328006e-43
19.066666666666663,0.0140425535,9.436539058252437e-05,5.354631059794294e-82,9.436539058252437e-05,1.104165270638573e-42,8.295544084338628e-55,5.248754785686947e-43
19.08333333333333,0.0140425535,9.361441894429404e-05,4.4235118032598075e-82,9.361441894429404e-05,9.02936434578378e-43,6.118696852248864e-55,3.981412011391211e-43
19.1,0.0140425535,9.286938219047773e-05,3.654285445378212e-82,9.286938219047773e-05,7.38363184023169e-43,4.512908591843108e-55,3.0199702097458845e-43
19.116666666666667,0.0140425535,9.213023385689702e-05,3.018807291702757e-82,9.213023385689702e-05,6.037716097252637e-43,3.328417092811791e-55,2.2906195523397717e-43
19.133333333333333,0.0140425535,9.139692783835934e-05,2.4938249247093948e-82,9.139692783835934e-05,4.937023286632556e-43,2.454723744189316e-55,1.7373531481573727e-43
19.15,0.0140425535,9.06694183859403e-05,2.060127906536633e-82,9.06694183859403e-05,4.036895736577043e-43,1.81030288357527e-55,1.3176745390591191e-43
19.166666666666668,0.0140425535,8.994766010428286e-05,1.7018452479826237e-82,8.994766010428286e-05,3.3008044394400006e-43,1.335007387144707e-55,9.99339786788829e-44
19.183333333333334,0.0140425535,8.923160794891835e-05,1.4058649679586926e-82,8.923160794891835e-05,2.6988701932858153e-43,9.844642872746139e-56,7.578848852481951e-44
19.2,0.0140425535,8.85212172236055e-05,1.1613545284361482e-82,8.85212172236055e-05,2.2066536580953287e-43,7.259391197294149e-56,5.747492650188134e-44
19.216666666666665,0.0140425535,8.781644357768995e-05,9.593646158508424e-83,8.781644357768995e-05,1.804165452523645e-43,5.352842151055326e-56,4.358517375879963e-44
19.23333333333333,0.0140425535,8.711724300348313e-05,7.925017855375375e-83,8.711724300348313e-05,1.4750562951159408e-43,3.946869249412025e-56,3.3050983250983964e-44
19.25,0.0140425535,8.642357183366039e-05,6.546580022840748e-83,8.642357183366039e-05,1.205954460061202e-43,2.910081639107769e-56,2.506197532187905e-44
19.266666666666666,0.0140425535,8.573538673867836e-05,5.407871894175703e-83,8.573538673867836e-05,9.859237643759403e-44,2.145565614949072e-56,1.900341223296972e-44
19.28333333333333,0.0140425535,8.505264472421049e-05,4.4672061691066566e-83,8.505264472421049e-05,8.060201702966021e-44,1.5818404830573194e-56,1.4408982827459263e-44
19.3,0.009361702,8.437530312860284e-05,3.690143785766068e-83,8.437530312860284e-05,6.589290696309054e-44,1.1661861845960314e-56,1.09249778737221e-44
19.316666666666663,0.009361702,8.370331962034813e-05,3.0482338135903756e-83,8.370331962034813e-05,5.38668576315387e-44,8.597208942343687e-57,8.283109085726367e-45
19.33333333333333,0.009361702,8.30366521955769e-05,2.517972388644296e-83,8.30366521955769e-05,4.4034682079942296e-44,6.337697654157211e-57,6.279887047742664e-45
19.35,0.009361702,8.237525917557001e-05,2.0799426203739138e-83,8.237525917557001e-05,3.599634226309253e-44,4.6718625777522267e-57,4.760975914149823e-45
19.366666666666667,0.0140425535,8.171909920428789e-05,1.7181040149265836e-83,8.171909920428789e-05,2.942471037531564e-44,3.443762330574542e-57,3.6093242551463335e-45
19.383333333333333,0.0140425535,8.106813124591674e-05,1.419205426695241e-83,8.106813124591674e-05,2.4052286657139936e-44,2.538404990843584e-57,2.736160961822126e-45
19.4,0.0140425535,8.042231458243559e-05,1.1723000663569325e-83,8.042231458243559e-05,1.9660335676355849e-44,1.8709980963816563e-57,2.0741648665457808e-45
19.416666666666668,0.0140425535,7.978160881119926e-05,9.683448254275457e-84,7.978160881119926e-05,1.6070000934262169e-44,1.3790198882015433e-57,1.572283497392607e-45
19.433333333333334,0.0140425535,7.914597384254036e-05,7.998692606196561e-84,7.914597384254036e-05,1.313503771267989e-44,1.0163716086568842e-57,1.1918029370525281e-45
19.45,0.0140425535,7.851536989738807e-05,6.607021287413004e-84,7.851536989738807e-05,1.0735869585334138e-44,7.490648037451048e-58,9.033667896627509e-46
19.466666666666665,0.0140425535,7.788975750490524e-05,5.457454676146202e-84,7.788975750490524e-05,8.774727613836713e-45,5.520408148445851e-58,6.84715130399086e-46
19.48333333333333,0.0140425535,7.726909750014253e-05,4.507879574484054e-84,7.726909750014253e-05,7.171675098387616e-45,4.0682531984140666e-58,5.1896960657226755e-46
19.5,0.0140425535,7.665335102171031e-05,3.723507338350072e-84,7.665335102171031e-05,5.86135662810005e-45,2.9979874392939757e-58,3.93332813787355e-46
19.516666666666666,0.0140425535,7.604247950946767e-05,3.075600105712447e-84,7.604247950946767e-05,4.790339525204236e-45,2.209208725057681e-58,2.981019031814734e-46
19.53333333333333,0.0140425535,7.543644470222783e-05,2.540418512231439e-84,7.543644470222783e-05,3.914939787650417e-45,1.6279042423934593e-58,2.259205271802871e-46
19.55,0.0140425535,7.483520863548175e-05,2.098352386153244e-84,7.483520863548175e-05,3.199444276589645e-45,1.1995163781689537e-58,1.7121155434206939e-46
19.566666666666663,0.0140425535,7.423873363913809e-05,1.733202608531164e-84,7.423873363913809e-05,2.6146569631828962e-45,8.83830101630768e-59,1.2974688468666368e-46
19.58333333333333,0.0140425535,7.364698233527883e-05,1.431587855532178e-84,7.364698233527883e-05,2.1367101931787342e-45,6.512035083015854e-59,9.832124238324466e-47
19.6,0.0140425535,7.305991763593373e-05,1.1824545089168067e-84,7.305991763593373e-05,1.7460926795303074e-45,4.797887576423807e-59,7.45048224164552e-47
19.616666666666667,0.0140425535,7.247750274087e-05,9.766717958213215e-85,7.247750274087e-05,1.4268547281262833e-45,3.534832606841303e-59,5.645573619933236e-47
19.633333333333333,0.0140425535,7.189970113539738e-05,8.06697337799053e-85,7.189970113539738e-05,1.1659583955428755e-45,2.604192853431865e-59,4.2777804193845717e-47
19.65,0.0140425535,7.132647658819182e-05,6.663008657340568e-85,7.132647658819182e-05,9.527461618680568e-46,1.9185052586740144e-59,3.2412735110321463e-47
19.666666666666668,0.0140425535,7.075779314913312e-05,5.503359859666816e-85,7.075779314913312e-05,7.785065144149963e-46,1.4133133503860457e-59,2.455837952382869e-47
19.683333333333334,0.0140425535,7.019361514716077e-05,4.545516416280198e-85,7.019361514716077e-05,6.3611877452761866e-46,1.041117148990674e-59,1.8606754353076098e-47
19.7,0.0140425535,6.963390718814331e-05,3.7543636609344396e-85,6.963390718814331e-05,5.197627191756216e-46,7.66913644956228e-60,1.4097058044342096e-47
19.716666666666665,0.0140425535,6.907863415276542e-05,3.100896257827087e-85,6.907863415276542e-05,4.246811821471116e-46,5.649098013240465e-60,1.0680051659932252e-47
19.73333333333333,0.0140425535,6.852776119443019e-05,2.561155411633256e-85,6.852776119443019e-05,3.46985973116251e-46,4.1609987898813666e-60,8.091057272598305e-48
19.75,0.0140425535,6.798125373717629e-05,2.1153509403610783e-85,6.798125373717629e-05,2.834992140224577e-46,3.064798718056105e-60,6.129489540402678e-48
19.766666666666666,0.0140425535,6.743907747361195e-05,1.7471360596519857e-85,6.743907747361195e-05,2.3162363248141564e-46,2.2573155165221296e-60,4.6433402263719954e-48
19.78333333333333,0.018723404,6.6901198362863e-05,1.4430083182485658e-85,6.6901198362863e-05,1.8923652978854587e-46,1.662526480226795e-60,3.5174175291250264e-48
19.8,0.018723404,6.636758262853675e-05,1.1918147432774456e-85,6.636758262853675e-05,1.5460310427377878e-46,1.2244214342451924e-60,2.6644318302792697e-48
19.816666666666663,0.018723404,6.583819675670166e-05,9.84343069774146e-86,6.583819675670166e-05,1.263055984166658e-46,9.017359331633635e-61,2.018239160360898e-48
19.83333333333333,0.018723404,6.531300749388046e-05,8.129840811379699e-86,6.531300749388046e-05,1.0318538221343775e-46,6.640701840415111e-61,1.528720264431503e-48
19.85,0.018723404,6.479198184505981e-05,6.714526913215014e-86,6.479198184505981e-05,8.429561195903523e-47,4.890291994375832e-61,1.1578994495704325e-48
19.866666666666667,0.018723404,6.42750870717146e-05,5.545575508233921e-86,6.42750870717146e-05,6.886253425914429e-47,3.601155354178535e-61,8.770031547865773e-49
19.883333333333333,0.0140425535,6.376229068984557e-05,4.5801073571748054e-86,6.376229068984557e-05,5.625385721871986e-47,2.6517662022765474e-61,6.642307833649497e-49
19.9,0.0140425535,6.325356046803303e-05,3.782705470558694e-86,6.325356046803303e-05,4.59528986733782e-47,1.9526075474196038e-61,5.0306537722599e-49
19.916666666666668,0.018723404,6.274886442550446e-05,3.124116607708083e-86,6.274886442550446e-05,3.75374567421855e-47,1.437742483776956e-61,3.8099343846989494e-49
19.933333333333334,0.0140425535,6.22481708302174e-05,2.5801787006801834e-86,6.22481708302174e-05,3.0662540456245073e-47,1.0586044328790642e-61,2.8853483450021418e-49
19.95,0.0140425535,6.175144819695484e-05,2.1309348992851106e-86,6.175144819695484e-05,2.50462555843863e-47,7.794222889842014e-62,2.185077012407241e-49
19.966666666666665,0.018723404,6.125866528543648e-05,1.759901770180129e-86,6.125866528543648e-05,2.0458269436412586e-47,5.738501431147294e-62,1.6547143504235133e-49
19.98333333333333,0.0140425535,6.0769791098443766e-05,1.4534648307363446e-86,6.0769791098443766e-05,1.6710383610290873e-47,4.224844973968382e-62,1.2530464140686676e-49
20.0,0.0140425535,6.028479487995816e-05,1.2003792637760118e-86,6.028479487995816e-05,1.3648829643160842e-47,3.110353284664357e-62,9.488535173380414e-50
