time,signal,fit_total,peak_1,peak_2,peak_3,peak_4,peak_5,peak_6,peak_7,peak_8,peak_9,peak_10,peak_11,peak_12
0.0,0.004680851,0.0,0.0,0.0,0.0,0.0,0.0,0.0,0.0,0.0,0.0,0.0,0.0,0.0
0.0166666666666666,0.0,0.0,0.0,0.0,0.0,0.0,0.0,0.0,0.0,0.0,0.0,0.0,0.0,0.0
0.0333333333333333,0.0,0.0,0.0,0.0,0.0,0.0,0.0,0.0,0.0,0.0,0.0,0.0,0.0,0.0
0.05,0.0,0.0,0.0,0.0,0.0,0.0,0.0,0.0,0.0,0.0,0.0,0.0,0.0,0.0
0.0666666666666666,0.0,0.0,0.0,0.0,0.0,0.0,0.0,0.0,0.0,0.0,0.0,0.0,0.0,0.0
0.0833333333333333,0.0,0.0,0.0,0.0,0.0,0.0,0.0,0.0,0.0,0.0,0.0,0.0,0.0,0.0
0.1,0.0,0.0,0.0,0.0,0.0,0.0,0.0,0.0,0.0,0.0,0.0,0.0,0.0,0.0
0.1166666666666666,0.0,0.0,0.0,0.0,0.0,0.0,0.0,0.0,0.0,0.0,0.0,0.0,0.0,0.0
0.1333333333333333,0.0,0.0,0.0,0.0,0.0,0.0,0.0,0.0,0.0,0.0,0.0,0.0,0.0,0.0
0.15,0.0,0.0,0.0,0.0,0.0,0.0,0.0,0.0,0.0,0.0,0.0,0.0,0.0,0.0
0.1666666666666666,0.0,0.0,0.0,0.0,0.0,0.0,0.0,0.0,0.0,0.0,0.0,0.0,0.0,0.0
0.1833333333333333,0.0,0.0,0.0,0.0,0.0,0.0,0.0,0.0,0.0,0.0,0.0,0.0,0.0,0.0
0.2,-0.004680851,0.0,0.0,0.0,0.0,0.0,0.0,0.0,0.0,0.0,0.0,0.0,0.0,0.0
0.2166666666666666,-0.004680851,0.0,0.0,0.0,0.0,0.0,0.0,0.0,0.0,0.0,0.0,0.0,0.0,0.0
0.2333333333333333,-0.004680851,0.0,0.0,0.0,0.0,0.0,0.0,0.0,0.0,0.0,0.0,0.0,0.0,0.0
0.25,-0.004680851,0.0,0.0,0.0,0.0,0.0,0.0,0.0,0.0,0.0,0.0,0.0,0.0,0.0
0.2666666666666666,-0.004680851,0.0,0.0,0.0,0.0,0.0,0.0,0.0,0.0,0.0,0.0,0.0,0.0,0.0
0.2833333333333333,-0.004680851,0.0,0.0,0.0,0.0,0.0,0.0,0.0,0.0,0.0,0.0,0.0,0.0,0.0
0.3,-0.004680851,0.0,0.0,0.0,0.0,0.0,0.0,0.0,0.0,0.0,0.0,0.0,0.0,0.0
0.3166666666666666,-0.004680851,0.0,0.0,0.0,0.0,0.0,0.0,0.0,0.0,0.0,0.0,0.0,0.0,0.0
0.3333333333333333,-0.004680851,0.0,0.0,0.0,0.0,0.0,0.0,0.0,0.0,0.0,0.0,0.0,0.0,0.0
0.35,-0.004680851,0.0,0.0,0.0,0.0,0.0,0.0,0.0,0.0,0.0,0.0,0.0,0.0,0.0
0.3666666666666666,-0.004680851,0.0,0.0,0.0,0.0,0.0,0.0,0.0,0.0,0.0,0.0,0.0,0.0,0.0
0.3833333333333333,-0.004680851,0.0,0.0,0.0,0.0,0.0,0.0,0.0,0.0,0.0,0.0,0.0,0.0,0.0
0.4,-0.004680851,0.0,0.0,0.0,0.0,0.0,0.0,0.0,0.0,0.0,0.0,0.0,0.0,0.0
0.4166666666666667,-0.004680851,0.0,0.0,0.0,0.0,0.0,0.0,0.0,0.0,0.0,0.0,0.0,0.0,0.0
0.4333333333333333,-0.004680851,0.0,0.0,0.0,0.0,0.0,0.0,0.0,0.0,0.0,0.0,0.0,0.0,0.0
0.45,-0.004680851,0.0,0.0,0.0,0.0,0.0,0.0,0.0,0.0,0.0,0.0,0.0,0.0,0.0
0.4666666666666667,-0.004680851,0.0,0.0,0.0,0.0,0.0,0.0,0.0,0.0,0.0,0.0,0.0,0.0,0.0
0.4833333333333333,-0.004680851,0.0,0.0,0.0,0.0,0.0,0.0,0.0,0.0,0.0,0.0,0.0,0.0,0.0
0.5,-0.004680851,0.0,0.0,0.0,0.0,0.0,0.0,0.0,0.0,0.0,0.0,0.0,0.0,0.0
0.5166666666666667,0.0,0.0,0.0,0.0,0.0,0.0,0.0,0.0,0.0,0.0,0.0,0.0,0.0,0.0
0.5333333333333333,0.0,0.0,0.0,0.0,0.0,0.0,0.0,0.0,0.0,0.0,0.0,0.0,0.0,0.0
0.55,0.0,0.0,0.0,0.0,0.0,0.0,0.0,0.0,0.0,0.0,0.0,0.0,0.0,0.0
0.5666666666666667,0.0,0.0,0.0,0.0,0.0,0.0,0.0,0.0,0.0,0.0,0.0,0.0,0.0,0.0
0.5833333333333334,0.0,0.0,0.0,0.0,0.0,0.0,0.0,0.0,0.0,0.0,0.0,0.0,0.0,0.0
0.6,0.0,0.0,0.0,0.0,0.0,0.0,0.0,0.0,0.0,0.0,0.0,0.0,0.0,0.0
0.6166666666666667,0.0,0.0,0.0,0.0,0.0,0.0,0.0,0.0,0.0,0.0,0.0,0.0,0.0,0.0
0.6333333333333333,0.0,0.0,0.0,0.0,0.0,0.0,0.0,0.0,0.0,0.0,0.0,0.0,0.0,0.0
0.65,0.0,0.0,0.0,0.0,0.0,0.0,0.0,0.0,0.0,0.0,0.0,0.0,0.0,0.0
0.6666666666666666,0.0,0.0,0.0,0.0,0.0,0.0,0.0,0.0,0.0,0.0,0.0,0.0,0.0,0.0
0.6833333333333333,-0.004680851,0.0,0.0,0.0,0.0,0.0,0.0,0.0,0.0,0.0,0.0,0.0,0.0,0.0
0.7,-0.004680851,0.0,0.0,0.0,0.0,0.0,0.0,0.0,0.0,0.0,0.0,0.0,0.0,0.0
0.7166666666666667,-0.004680851,0.0,0.0,0.0,0.0,0.0,0.0,0.0,0.0,0.0,0.0,0.0,0.0,0.0
0.7333333333333333,-0.004680851,0.0,0.0,0.0,0.0,0.0,0.0,0.0,0.0,0.0,0.0,0.0,0.0,0.0
0.75,-0.004680851,0.0,0.0,0.0,0.0,0.0,0.0,0.0,0.0,0.0,0.0,0.0,0.0,0.0
0.7666666666666667,-0.004680851,0.0,0.0,0.0,0.0,0.0,0.0,0.0,0.0,0.0,0.0,0.0,0.0,0.0
0.7833333333333333,-0.004680851,0.0,0.0,0.0,0.0,0.0,0.0,0.0,0.0,0.0,0.0,0.0,0.0,0.0
0.8,-0.004680851,0.0,0.0,0.0,0.0,0.0,0.0,0.0,0.0,0.0,0.0,0.0,0.0,0.0
0.8166666666666667,-0.004680851,0.0,0.0,0.0,0.0,0.0,0.0,0.0,0.0,0.0,0.0,0.0,0.0,0.0
0.8333333333333334,-0.004680851,0.0,0.0,0.0,0.0,0.0,0.0,0.0,0.0,0.0,0.0,0.0,0.0,0.0
0.85,-0.004680851,0.0,0.0,0.0,0.0,0.0,0.0,0.0,0.0,0.0,0.0,0.0,0.0,0.0
0.8666666666666667,-0.004680851,0.0,0.0,0.0,0.0,0.0,0.0,0.0,0.0,0.0,0.0,0.0,0.0,0.0
0.8833333333333333,0.0,0.0,0.0,0.0,0.0,0.0,0.0,0.0,0.0,0.0,0.0,0.0,0.0,0.0
0.9,0.0,0.0,0.0,0.0,0.0,0.0,0.0,0.0,0.0,0.0,0.0,0.0,0.0,0.0
0.9166666666666666,0.0,0.0,0.0,0.0,0.0,0.0,0.0,0.0,0.0,0.0,0.0,0.0,0.0,0.0
0.9333333333333332,0.0,0.0,0.0,0.0,0.0,0.0,0.0,0.0,0.0,0.0,0.0,0.0,0.0,0.0
0.95,0.0,0.0,0.0,0.0,0.0,0.0,0.0,0.0,0.0,0.0,0.0,0.0,0.0,0.0
0.9666666666666668,0.0,0.0,0.0,0.0,0.0,0.0,0.0,0.0,0.0,0.0,0.0,0.0,0.0,0.0
0.9833333333333332,0.0,0.0,0.0,0.0,0.0,0.0,0.0,0.0,0.0,0.0,0.0,0.0,0.0,0.0
1.0,0.0,0.0,0.0,0.0,0.0,0.0,0.0,0.0,0.0,0.0,0.0,0.0,0.0,0.0
1.0166666666666666,0.0,0.0,0.0,0.0,0.0,0.0,0.0,0.0,0.0,0.0,0.0,0.0,0.0,0.0
1.0333333333333334,0.0,0.0,0.0,0.0,0.0,0.0,0.0,0.0,0.0,0.0,0.0,0.0,0.0,0.0
1.05,0.0,0.0,0.0,0.0,0.0,0.0,0.0,0.0,0.0,0.0,0.0,0.0,0.0,0.0
1.0666666666666669,0.0,0.0,0.0,0.0,0.0,0.0,0.0,0.0,0.0,0.0,0.0,0.0,0.0,0.0
1.0833333333333333,0.0,0.0,0.0,0.0,0.0,0.0,0.0,0.0,0.0,0.0,0.0,0.0,0.0,0.0
1.1,0.0,0.0,0.0,0.0,0.0,0.0,0.0,0.0,0.0,0.0,0.0,0.0,0.0,0.0
1.1166666666666667,0.0,0.0,0.0,0.0,0.0,0.0,0.0,0.0,0.0,0.0,0.0,0.0,0.0,0.0
1.1333333333333333,0.0,0.0,0.0,0.0,0.0,0.0,0.0,0.0,0.0,0.0,0.0,0.0,0.0,0.0
1.15,0.0,0.0,0.0,0.0,0.0,0.0,0.0,0.0,0.0,0.0,0.0,0.0,0.0,0.0
1.1666666666666667,0.0,0.0,0.0,0.0,0.0,0.0,0.0,0.0,0.0,0.0,0.0,0.0,0.0,0.0
1.1833333333333331,0.0,0.0,0.0,0.0,0.0,0.0,0.0,0.0,0.0,0.0,0.0,0.0,0.0,0.0
1.2,0.0,0.0,0.0,0.0,0.0,0.0,0.0,0.0,0.0,0.0,0.0,0.0,0.0,0.0
1.2166666666666666,0.0,0.0,0.0,0.0,0.0,0.0,0.0,0.0,0.0,0.0,0.0,0.0,0.0,0.0
1.2333333333333334,0.0,0.0,0.0,0.0,0.0,0.0,0.0,0.0,0.0,0.0,0.0,0.0,0.0,0.0
1.25,0.0,0.0,0.0,0.0,0.0,0.0,0.0,0.0,0.0,0.0,0.0,0.0,0.0,0.0
1.2666666666666666,0.0,0.0,0.0,0.0,0.0,0.0,0.0,0.0,0.0,0.0,0.0,0.0,0.0,0.0
1.2833333333333334,0.0,0.0,0.0,0.0,0.0,0.0,0.0,0.0,0.0,0.0,0.0,0.0,0.0,0.0
1.3,0.0,0.0,0.0,0.0,0.0,0.0,0.0,0.0,0.0,0.0,0.0,0.0,0.0,0.0
1.3166666666666669,0.0,0.0,0.0,0.0,0.0,0.0,0.0,0.0,0.0,0.0,0.0,0.0,0.0,0.0
1.3333333333333333,0.0,0.0,0.0,0.0,0.0,0.0,0.0,0.0,0.0,0.0,0.0,0.0,0.0,0.0
1.35,0.0,0.0,0.0,0.0,0.0,0.0,0.0,0.0,0.0,0.0,0.0,0.0,0.0,0.0
1.3666666666666667,0.0,0.0,0.0,0.0,0.0,0.0,0.0,0.0,0.0,0.0,0.0,0.0,0.0,0.0
1.3833333333333333,0.0,0.0,0.0,0.0,0.0,0.0,0.0,0.0,0.0,0.0,0.0,0.0,0.0,0.0
1.4,0.0,0.0,0.0,0.0,0.0,0.0,0.0,0.0,0.0,0.0,0.0,0.0,0.0,0.0
1.4166666666666667,0.0,0.0,0.0,0.0,0.0,0.0,0.0,0.0,0.0,0.0,0.0,0.0,0.0,0.0
1.4333333333333331,0.0,0.0,0.0,0.0,0.0,0.0,0.0,0.0,0.0,0.0,0.0,0.0,0.0,0.0
1.45,0.0,0.0,0.0,0.0,0.0,0.0,0.0,0.0,0.0,0.0,0.0,0.0,0.0,0.0
1.4666666666666666,0.0,0.0,0.0,0.0,0.0,0.0,0.0,0.0,0.0,0.0,0.0,0.0,0.0,0.0
1.4833333333333334,0.0,0.0,0.0,0.0,0.0,0.0,0.0,0.0,0.0,0.0,0.0,0.0,0.0,0.0
1.5,0.0,0.0,0.0,0.0,0.0,0.0,0.0,0.0,0.0,0.0,0.0,0.0,0.0,0.0
1.5166666666666666,0.0,0.0,0.0,0.0,0.0,0.0,0.0,0.0,0.0,0.0,0.0,0.0,0.0,0.0
1.5333333333333334,0.0,0.0,0.0,0.0,0.0,0.0,0.0,0.0,0.0,0.0,0.0,0.0,0.0,0.0
1.55,0.0,0.0,0.0,0.0,0.0,0.0,0.0,0.0,0.0,0.0,0.0,0.0,0.0,0.0
1.5666666666666669,0.0,0.0,0.0,0.0,0.0,0.0,0.0,0.0,0.0,0.0,0.0,0.0,0.0,0.0
1.5833333333333333,0.0,0.0,0.0,0.0,0.0,0.0,0.0,0.0,0.0,0.0,0.0,0.0,0.0,0.0
1.6,0.0,0.0,0.0,0.0,0.0,0.0,0.0,0.0,0.0,0.0,0.0,0.0,0.0,0.0
1.6166666666666667,0.004680851,0.0,0.0,0.0,0.0,0.0,0.0,0.0,0.0,0.0,0.0,0.0,0.0,0.0
1.6333333333333333,0.004680851,0.0,0.0,0.0,0.0,0.0,0.0,0.0,0.0,0.0,0.0,0.0,0.0,0.0
1.65,0.004680851,0.0,0.0,0.0,0.0,0.0,0.0,0.0,0.0,0.0,0.0,0.0,0.0,0.0
1.6666666666666667,0.004680851,0.0,0.0,0.0,0.0,0.0,0.0,0.0,0.0,0.0,0.0,0.0,0.0,0.0
1.6833333333333331,0.004680851,0.0,0.0,0.0,0.0,0.0,0.0,0.0,0.0,0.0,0.0,0.0,0.0,0.0
1.7,0.004680851,0.0,0.0,0.0,0.0,0.0,0.0,0.0,0.0,0.0,0.0,0.0,0.0,0.0
1.7166666666666666,0.004680851,0.0,0.0,0.0,0.0,0.0,0.0,0.0,0.0,0.0,0.0,0.0,0.0,0.0
1.7333333333333334,0.004680851,0.0,0.0,0.0,0.0,0.0,0.0,0.0,0.0,0.0,0.0,0.0,0.0,0.0
1.75,0.004680851,0.0,0.0,0.0,0.0,0.0,0.0,0.0,0.0,0.0,0.0,0.0,0.0,0.0
1.7666666666666666,0.004680851,0.0,0.0,0.0,0.0,0.0,0.0,0.0,0.0,0.0,0.0,0.0,0.0,0.0
1.7833333333333334,0.004680851,0.0,0.0,0.0,0.0,0.0,0.0,0.0,0.0,0.0,0.0,0.0,0.0,0.0
1.8,0.004680851,0.0,0.0,0.0,0.0,0.0,0.0,0.0,0.0,0.0,0.0,0.0,0.0,0.0
1.8166666666666669,0.004680851,0.0,0.0,0.0,0.0,0.0,0.0,0.0,0.0,0.0,0.0,0.0,0.0,0.0
1.8333333333333333,0.004680851,0.0,0.0,0.0,0.0,0.0,0.0,0.0,0.0,0.0,0.0,0.0,0.0,0.0
1.85,0.004680851,0.0,0.0,0.0,0.0,0.0,0.0,0.0,0.0,0.0,0.0,0.0,0.0,0.0
1.8666666666666667,0.004680851,0.0,0.0,0.0,0.0,0.0,0.0,0.0,0.0,0.0,0.0,0.0,0.0,0.0
1.8833333333333333,0.004680851,0.0,0.0,0.0,0.0,0.0,0.0,0.0,0.0,0.0,0.0,0.0,0.0,0.0
1.9,0.004680851,0.0,0.0,0.0,0.0,0.0,0.0,0.0,0.0,0.0,0.0,0.0,0.0,0.0
1.9166666666666667,0.004680851,0.0,0.0,0.0,0.0,0.0,0.0,0.0,0.0,0.0,0.0,0.0,0.0,0.0
1.9333333333333331,0.004680851,0.0,0.0,0.0,0.0,0.0,0.0,0.0,0.0,0.0,0.0,0.0,0.0,0.0
1.95,0.004680851,0.0,0.0,0.0,0.0,0.0,0.0,0.0,0.0,0.0,0.0,0.0,0.0,0.0
1.9666666666666663,0.004680851,0.0,0.0,0.0,0.0,0.0,0.0,0.0,0.0,0.0,0.0,0.0,0.0,0.0
1.9833333333333332,0.004680851,0.0,0.0,0.0,0.0,0.0,0.0,0.0,0.0,0.0,0.0,0.0,0.0,0.0
2.0,0.004680851,0.0,0.0,0.0,0.0,0.0,0.0,0.0,0.0,0.0,0.0,0.0,0.0,0.0
2.0166666666666666,0.004680851,0.0,0.0,0.0,0.0,0.0,0.0,0.0,0.0,0.0,0.0,0.0,0.0,0.0
2.033333333333333,0.004680851,0.0,0.0,0.0,0.0,0.0,0.0,0.0,0.0,0.0,0.0,0.0,0.0,0.0
2.05,0.004680851,0.0,0.0,0.0,0.0,0.0,0.0,0.0,0.0,0.0,0.0,0.0,0.0,0.0
2.066666666666667,0.004680851,0.0,0.0,0.0,0.0,0.0,0.0,0.0,0.0,0.0,0.0,0.0,0.0,0.0
2.083333333333333,0.004680851,0.0,0.0,0.0,0.0,0.0,0.0,0.0,0.0,0.0,0.0,0.0,0.0,0.0
2.1,0.009361702,0.0,0.0,0.0,0.0,0.0,0.0,0.0,0.0,0.0,0.0,0.0,0.0,0.0
2.1166666666666667,0.009361702,0.0,0.0,0.0,0.0,0.0,0.0,0.0,0.0,0.0,0.0,0.0,0.0,0.0
2.1333333333333333,0.009361702,0.0,0.0,0.0,0.0,0.0,0.0,0.0,0.0,0.0,0.0,0.0,0.0,0.0
2.15,0.009361702,0.0,0.0,0.0,0.0,0.0,0.0,0.0,0.0,0.0,0.0,0.0,0.0,0.0
2.1666666666666665,0.009361702,0.0,0.0,0.0,0.0,0.0,0.0,0.0,0.0,0.0,0.0,0.0,0.0,0.0
2.183333333333333,0.009361702,0.0,0.0,0.0,0.0,0.0,0.0,0.0,0.0,0.0,0.0,0.0,0.0,0.0
2.2,0.009361702,0.0,0.0,0.0,0.0,0.0,0.0,0.0,0.0,0.0,0.0,0.0,0.0,0.0
2.216666666666667,0.009361702,0.0,0.0,0.0,0.0,0.0,0.0,0.0,0.0,0.0,0.0,0.0,0.0,0.0
2.2333333333333334,0.009361702,0.0,0.0,0.0,0.0,0.0,0.0,0.0,0.0,0.0,0.0,0.0,0.0,0.0
2.25,0.009361702,0.0,0.0,0.0,0.0,0.0,0.0,0.0,0.0,0.0,0.0,0.0,0.0,0.0
2.2666666666666666,0.009361702,0.0,0.0,0.0,0.0,0.0,0.0,0.0,0.0,0.0,0.0,0.0,0.0,0.0
2.283333333333333,0.009361702,0.0,0.0,0.0,0.0,0.0,0.0,0.0,0.0,0.0,0.0,0.0,0.0,0.0
2.3,0.009361702,0.0,0.0,0.0,0.0,0.0,0.0,0.0,0.0,0.0,0.0,0.0,0.0,0.0
2.316666666666667,0.009361702,0.0,0.0,0.0,0.0,0.0,0.0,0.0,0.0,0.0,0.0,0.0,0.0,0.0
2.333333333333333,0.009361702,0.0,0.0,0.0,0.0,0.0,0.0,0.0,0.0,0.0,0.0,0.0,0.0,0.0
2.35,0.009361702,0.0,0.0,0.0,0.0,0.0,0.0,0.0,0.0,0.0,0.0,0.0,0.0,0.0
2.3666666666666667,0.009361702,0.0,0.0,0.0,0.0,0.0,0.0,0.0,0.0,0.0,0.0,0.0,0.0,0.0
2.3833333333333333,0.009361702,0.0,0.0,0.0,0.0,0.0,0.0,0.0,0.0,0.0,0.0,0.0,0.0,0.0
2.4,0.009361702,0.0,0.0,0.0,0.0,0.0,0.0,0.0,0.0,0.0,0.0,0.0,0.0,0.0
2.4166666666666665,0.0140425535,0.0,0.0,0.0,0.0,0.0,0.0,0.0,0.0,0.0,0.0,0.0,0.0,0.0
2.433333333333333,0.009361702,0.0,0.0,0.0,0.0,0.0,0.0,0.0,0.0,0.0,0.0,0.0,0.0,0.0
2.45,0.0140425535,0.0,0.0,0.0,0.0,0.0,0.0,0.0,0.0,0.0,0.0,0.0,0.0,0.0
2.466666666666667,0.0140425535,0.0,0.0,0.0,0.0,0.0,0.0,0.0,0.0,0.0,0.0,0.0,0.0,0.0
2.4833333333333334,0.0140425535,0.0,0.0,0.0,0.0,0.0,0.0,0.0,0.0,0.0,0.0,0.0,0.0,0.0
2.5,0.009361702,0.0,0.0,0.0,0.0,0.0,0.0,0.0,0.0,0.0,0.0,0.0,0.0,0.0
2.5166666666666666,0.009361702,0.0,0.0,0.0,0.0,0.0,0.0,0.0,0.0,0.0,0.0,0.0,0.0,0.0
2.533333333333333,0.0140425535,0.0,0.0,0.0,0.0,0.0,0.0,0.0,0.0,0.0,0.0,0.0,0.0,0.0
2.55,0.0140425535,0.0,0.0,0.0,0.0,0.0,0.0,0.0,0.0,0.0,0.0,0.0,0.0,0.0
2.566666666666667,0.0140425535,0.0,0.0,0.0,0.0,0.0,0.0,0.0,0.0,0.0,0.0,0.0,0.0,0.0
2.583333333333333,0.0140425535,0.0,0.0,0.0,0.0,0.0,0.0,0.0,0.0,0.0,0.0,0.0,0.0,0.0
2.6,0.0140425535,0.0,0.0,0.0,0.0,0.0,0.0,0.0,0.0,0.0,0.0,0.0,0.0,0.0
2.6166666666666667,0.0140425535,0.0,0.0,0.0,0.0,0.0,0.0,0.0,0.0,0.0,0.0,0.0,0.0,0.0
2.6333333333333333,0.0140425535,0.0,0.0,0.0,0.0,0.0,0.0,0.0,0.0,0.0,0.0,0.0,0.0,0.0
2.65,0.0140425535,0.0,0.0,0.0,0.0,0.0,0.0,0.0,0.0,0.0,0.0,0.0,0.0,0.0
2.6666666666666665,0.0140425535,0.0,0.0,0.0,0.0,0.0,0.0,0.0,0.0,0.0,0.0,0.0,0.0,0.0
2.683333333333333,0.009361702,0.0,0.0,0.0,0.0,0.0,0.0,0.0,0.0,0.0,0.0,0.0,0.0,0.0
2.7,0.0140425535,0.0,0.0,0.0,0.0,0.0,0.0,0.0,0.0,0.0,0.0,0.0,0.0,0.0
2.716666666666667,0.0140425535,0.0,0.0,0.0,0.0,0.0,0.0,0.0,0.0,0.0,0.0,0.0,0.0,0.0
2.7333333333333334,0.0140425535,0.0,0.0,0.0,0.0,0.0,0.0,0.0,0.0,0.0,0.0,0.0,0.0,0.0
2.75,0.0140425535,0.0,0.0,0.0,0.0,0.0,0.0,0.0,0.0,0.0,0.0,0.0,0.0,0.0
2.7666666666666666,0.0140425535,0.0,0.0,0.0,0.0,0.0,0.0,0.0,0.0,0.0,0.0,0.0,0.0,0.0
2.783333333333333,0.0140425535,0.0,0.0,0.0,0.0,0.0,0.0,0.0,0.0,0.0,0.0,0.0,0.0,0.0
2.8,0.009361702,0.0,0.0,0.0,0.0,0.0,0.0,0.0,0.0,0.0,0.0,0.0,0.0,0.0
2.816666666666667,0.0140425535,0.0,0.0,0.0,0.0,0.0,0.0,0.0,0.0,0.0,0.0,0.0,0.0,0.0
2.833333333333333,0.009361702,0.0,0.0,0.0,0.0,0.0,0.0,0.0,0.0,0.0,0.0,0.0,0.0,0.0
2.85,0.009361702,0.0,0.0,0.0,0.0,0.0,0.0,0.0,0.0,0.0,0.0,0.0,0.0,0.0
2.8666666666666667,0.009361702,0.0,0.0,0.0,0.0,0.0,0.0,0.0,0.0,0.0,0.0,0.0,0.0,0.0
2.8833333333333333,0.009361702,0.0,0.0,0.0,0.0,0.0,0.0,0.0,0.0,0.0,0.0,0.0,0.0,0.0
2.9,0.009361702,0.0,0.0,0.0,0.0,0.0,0.0,0.0,0.0,0.0,0.0,0.0,0.0,0.0
2.9166666666666665,0.009361702,0.0,0.0,0.0,0.0,0.0,0.0,0.0,0.0,0.0,0.0,0.0,0.0,0.0
2.933333333333333,0.009361702,0.0,0.0,0.0,0.0,0.0,0.0,0.0,0.0,0.0,0.0,0.0,0.0,0.0
2.95,0.009361702,0.0,0.0,0.0,0.0,0.0,0.0,0.0,0.0,0.0,0.0,0.0,0.0,0.0
2.966666666666667,0.009361702,0.0,0.0,0.0,0.0,0.0,0.0,0.0,0.0,0.0,0.0,0.0,0.0,0.0
2.9833333333333334,0.009361702,0.0,0.0,0.0,0.0,0.0,0.0,0.0,0.0,0.0,0.0,0.0,0.0,0.0
3.0,0.009361702,0.0,0.0,0.0,0.0,0.0,0.0,0.0,0.0,0.0,0.0,0.0,0.0,0.0
3.0166666666666666,0.009361702,0.0,0.0,0.0,0.0,0.0,0.0,0.0,0.0,0.0,0.0,0.0,0.0,0.0
3.033333333333333,0.009361702,0.0,0.0,0.0,0.0,0.0,0.0,0.0,0.0,0.0,0.0,0.0,0.0,0.0
3.05,0.009361702,0.0,0.0,0.0,0.0,0.0,0.0,0.0,0.0,0.0,0.0,0.0,0.0,0.0
3.066666666666667,0.009361702,0.0,0.0,0.0,0.0,0.0,0.0,0.0,0.0,0.0,0.0,0.0,0.0,0.0
3.083333333333333,0.009361702,0.0,0.0,0.0,0.0,0.0,0.0,0.0,0.0,0.0,0.0,0.0,0.0,0.0
3.1,0.0140425535,0.0,0.0,0.0,0.0,0.0,0.0,0.0,0.0,0.0,0.0,0.0,0.0,0.0
3.1166666666666667,0.0140425535,0.0,0.0,0.0,0.0,0.0,0.0,0.0,0.0,0.0,0.0,0.0,0.0,0.0
3.1333333333333333,0.0140425535,0.0,0.0,0.0,0.0,0.0,0.0,0.0,0.0,0.0,0.0,0.0,0.0,0.0
3.15,0.0140425535,0.0,0.0,0.0,0.0,0.0,0.0,0.0,0.0,0.0,0.0,0.0,0.0,0.0
3.1666666666666665,0.0140425535,0.0,0.0,0.0,0.0,0.0,0.0,0.0,0.0,0.0,0.0,0.0,0.0,0.0
3.183333333333333,0.0140425535,0.0,0.0,0.0,0.0,0.0,0.0,0.0,0.0,0.0,0.0,0.0,0.0,0.0
3.2,0.009361702,0.0,0.0,0.0,0.0,0.0,0.0,0.0,0.0,0.0,0.0,0.0,0.0,0.0
3.216666666666667,0.009361702,0.0,0.0,0.0,0.0,0.0,0.0,0.0,0.0,0.0,0.0,0.0,0.0,0.0
3.2333333333333334,0.009361702,0.0,0.0,0.0,0.0,0.0,0.0,0.0,0.0,0.0,0.0,0.0,0.0,0.0
3.25,0.009361702,0.0,0.0,0.0,0.0,0.0,0.0,0.0,0.0,0.0,0.0,0.0,0.0,0.0
3.2666666666666666,0.009361702,0.0,0.0,0.0,0.0,0.0,0.0,0.0,0.0,0.0,0.0,0.0,0.0,0.0
3.283333333333333,0.009361702,0.0,0.0,0.0,0.0,0.0,0.0,0.0,0.0,0.0,0.0,0.0,0.0,0.0
3.3,0.009361702,0.0,0.0,0.0,0.0,0.0,0.0,0.0,0.0,0.0,0.0,0.0,0.0,0.0
3.316666666666667,0.009361702,0.0,0.0,0.0,0.0,0.0,0.0,0.0,0.0,0.0,0.0,0.0,0.0,0.0
3.333333333333333,0.009361702,0.0,0.0,0.0,0.0,0.0,0.0,0.0,0.0,0.0,0.0,0.0,0.0,0.0
3.35,0.009361702,0.0,0.0,0.0,0.0,0.0,0.0,0.0,0.0,0.0,0.0,0.0,0.0,0.0
3.3666666666666667,0.009361702,0.0,0.0,0.0,0.0,0.0,0.0,0.0,0.0,0.0,0.0,0.0,0.0,0.0
3.3833333333333333,0.009361702,0.0,0.0,0.0,0.0,0.0,0.0,0.0,0.0,0.0,0.0,0.0,0.0,0.0
3.4,0.009361702,0.0,0.0,0.0,0.0,0.0,0.0,0.0,0.0,0.0,0.0,0.0,0.0,0.0
3.4166666666666665,0.009361702,0.0,0.0,0.0,0.0,0.0,0.0,0.0,0.0,0.0,0.0,0.0,0.0,0.0
3.433333333333333,0.009361702,0.0,0.0,0.0,0.0,0.0,0.0,0.0,0.0,0.0,0.0,0.0,0.0,0.0
3.45,0.009361702,0.0,0.0,0.0,0.0,0.0,0.0,0.0,0.0,0.0,0.0,0.0,0.0,0.0
3.466666666666667,0.009361702,0.0,0.0,0.0,0.0,0.0,0.0,0.0,0.0,0.0,0.0,0.0,0.0,0.0
3.4833333333333334,0.009361702,0.0,0.0,0.0,0.0,0.0,0.0,0.0,0.0,0.0,0.0,0.0,0.0,0.0
3.5,0.009361702,0.0,0.0,0.0,0.0,0.0,0.0,0.0,0.0,0.0,0.0,0.0,0.0,0.0
3.5166666666666666,0.009361702,0.0,0.0,0.0,0.0,0.0,0.0,0.0,0.0,0.0,0.0,0.0,0.0,0.0
3.533333333333333,0.009361702,0.0,0.0,0.0,0.0,0.0,0.0,0.0,0.0,0.0,0.0,0.0,0.0,0.0
3.55,0.009361702,0.0,0.0,0.0,0.0,0.0,0.0,0.0,0.0,0.0,0.0,0.0,0.0,0.0
3.566666666666667,0.009361702,0.0,0.0,0.0,0.0,0.0,0.0,0.0,0.0,0.0,0.0,0.0,0.0,0.0
3.583333333333333,0.009361702,0.0,0.0,0.0,0.0,0.0,0.0,0.0,0.0,0.0,0.0,0.0,0.0,0.0
3.6,0.009361702,0.0,0.0,0.0,0.0,0.0,0.0,0.0,0.0,0.0,0.0,0.0,0.0,0.0
3.6166666666666663,0.004680851,0.0,0.0,0.0,0.0,0.0,0.0,0.0,0.0,0.0,0.0,0.0,0.0,0.0
3.633333333333333,0.009361702,0.0,0.0,0.0,0.0,0.0,0.0,0.0,0.0,0.0,0.0,0.0,0.0,0.0
3.65,0.009361702,0.0,0.0,0.0,0.0,0.0,0.0,0.0,0.0,0.0,0.0,0.0,0.0,0.0
3.6666666666666665,0.004680851,0.0,0.0,0.0,0.0,0.0,0.0,0.0,0.0,0.0,0.0,0.0,0.0,0.0
3.683333333333333,0.009361702,0.0,0.0,0.0,0.0,0.0,0.0,0.0,0.0,0.0,0.0,0.0,0.0,0.0
3.7,0.009361702,0.0,0.0,0.0,0.0,0.0,0.0,0.0,0.0,0.0,0.0,0.0,0.0,0.0
3.716666666666667,0.009361702,0.0,0.0,0.0,0.0,0.0,0.0,0.0,0.0,0.0,0.0,0.0,0.0,0.0
3.733333333333333,0.009361702,0.0,0.0,0.0,0.0,0.0,0.0,0.0,0.0,0.0,0.0,0.0,0.0,0.0
3.75,0.009361702,0.0,0.0,0.0,0.0,0.0,0.0,0.0,0.0,0.0,0.0,0.0,0.0,0.0
3.7666666666666666,0.009361702,0.0,0.0,0.0,0.0,0.0,0.0,0.0,0.0,0.0,0.0,0.0,0.0,0.0
3.783333333333333,0.009361702,0.0,0.0,0.0,0.0,0.0,0.0,0.0,0.0,0.0,0.0,0.0,0.0,0.0
3.8,0.009361702,0.0,0.0,0.0,0.0,0.0,0.0,0.0,0.0,0.0,0.0,0.0,0.0,0.0
3.816666666666667,0.009361702,0.0,0.0,0.0,0.0,0.0,0.0,0.0,0.0,0.0,0.0,0.0,0.0,0.0
3.8333333333333335,0.009361702,0.0,0.0,0.0,0.0,0.0,0.0,0.0,0.0,0.0,0.0,0.0,0.0,0.0
3.85,0.009361702,0.0,0.0,0.0,0.0,0.0,0.0,0.0,0.0,0.0,0.0,0.0,0.0,0.0
3.8666666666666663,0.009361702,0.0,0.0,0.0,0.0,0.0,0.0,0.0,0.0,0.0,0.0,0.0,0.0,0.0
3.883333333333333,0.009361702,0.0,0.0,0.0,0.0,0.0,0.0,0.0,0.0,0.0,0.0,0.0,0.0,0.0
3.9,0.009361702,0.0,0.0,0.0,0.0,0.0,0.0,0.0,0.0,0.0,0.0,0.0,0.0,0.0
3.9166666666666665,0.0140425535,0.0,0.0,0.0,0.0,0.0,0.0,0.0,0.0,0.0,0.0,0.0,0.0,0.0
3.933333333333333,0.0140425535,0.0,0.0,0.0,0.0,0.0,0.0,0.0,0.0,0.0,0.0,0.0,0.0,0.0
3.95,0.0140425535,0.0,0.0,0.0,0.0,0.0,0.0,0.0,0.0,0.0,0.0,0.0,0.0,0.0
3.966666666666667,0.0140425535,0.0,0.0,0.0,0.0,0.0,0.0,0.0,0.0,0.0,0.0,0.0,0.0,0.0
3.983333333333333,0.0140425535,0.0,0.0,0.0,0.0,0.0,0.0,0.0,0.0,0.0,0.0,0.0,0.0,0.0
4.0,0.0140425535,0.0,0.0,0.0,0.0,0.0,0.0,0.0,0.0,0.0,0.0,0.0,0.0,0.0
4.016666666666667,0.0140425535,0.0,0.0,0.0,0.0,0.0,0.0,0.0,0.0,0.0,0.0,0.0,0.0,0.0
4.033333333333333,0.0140425535,0.0,0.0,0.0,0.0,0.0,0.0,0.0,0.0,0.0,0.0,0.0,0.0,0.0
4.05,0.018723404,0.0,0.0,0.0,0.0,0.0,0.0,0.0,0.0,0.0,0.0,0.0,0.0,0.0
4.066666666666666,0.018723404,0.0,0.0,0.0,0.0,0.0,0.0,0.0,0.0,0.0,0.0,0.0,0.0,0.0
4.083333333333333,0.018723404,0.0,0.0,0.0,0.0,0.0,0.0,0.0,0.0,0.0,0.0,0.0,0.0,0.0
4.1,0.018723404,0.0,0.0,0.0,0.0,0.0,0.0,0.0,0.0,0.0,0.0,0.0,0.0,0.0
4.116666666666666,0.018723404,0.0,0.0,0.0,0.0,0.0,0.0,0.0,0.0,0.0,0.0,0.0,0.0,0.0
4.133333333333334,0.018723404,0.0,0.0,0.0,0.0,0.0,0.0,0.0,0.0,0.0,0.0,0.0,0.0,0.0
4.15,0.018723404,0.0,0.0,0.0,0.0,0.0,0.0,0.0,0.0,0.0,0.0,0.0,0.0,0.0
4.166666666666667,0.023404256,0.0,0.0,0.0,0.0,0.0,0.0,0.0,0.0,0.0,0.0,0.0,0.0,0.0
4.183333333333334,0.023404256,4.717801159069403e-07,4.717801159069403e-07,0.0,0.0,0.0,0.0,0.0,0.0,0.0,0.0,0.0,0.0,0.0
4.2,0.023404256,9.162015790221649e-06,9.162015790221649e-06,0.0,0.0,0.0,0.0,0.0,0.0,0.0,0.0,0.0,0.0,0.0
4.216666666666667,0.023404256,4.9085922195394045e-05,4.9085922195394045e-05,0.0,0.0,0.0,0.0,0.0,0.0,0.0,0.0,0.0,0.0,0.0
4.233333333333333,0.023404256,0.0001552171628014946,0.0001552171628014946,0.0,0.0,0.0,0.0,0.0,0.0,0.0,0.0,0.0,0.0,0.0
4.25,0.023404256,0.0003676652353841889,0.0003676652353841889,0.0,0.0,0.0,0.0,0.0,0.0,0.0,0.0,0.0,0.0,0.0
4.266666666666667,0.028085107,0.0007254424432596482,0.0007254424432596482,0.0,0.0,0.0,0.0,0.0,0.0,0.0,0.0,0.0,0.0,0.0
4.283333333333333,0.028085107,0.0012617870978583593,0.0012617870978583593,0.0,0.0,0.0,0.0,0.0,0.0,0.0,0.0,0.0,0.0,0.0
4.3,0.028085107,0.0020011656926802648,0.0020011656926802648,0.0,0.0,0.0,0.0,0.0,0.0,0.0,0.0,0.0,0.0,0.0
4.316666666666666,0.028085107,0.0029577637581275637,0.0029577637581275637,0.0,0.0,0.0,0.0,0.0,0.0,0.0,0.0,0.0,0.0,0.0
4.333333333333333,0.028085107,0.00413516817569675,0.00413516817569675,0.0,0.0,0.0,0.0,0.0,0.0,0.0,0.0,0.0,0.0,0.0
4.35,0.028085107,0.005526929385655946,0.005526929385655946,0.0,0.0,0.0,0.0,0.0,0.0,0.0,0.0,0.0,0.0,0.0
4.366666666666666,0.028085107,0.007117719557895132,0.007117719557895132,0.0,0.0,0.0,0.0,0.0,0.0,0.0,0.0,0.0,0.0,0.0
4.383333333333334,0.028085107,0.008884847381890788,0.008884847381890788,0.0,0.0,0.0,0.0,0.0,0.0,0.0,0.0,0.0,0.0,0.0
4.4,0.028085107,0.010799938822471988,0.010799938822471988,0.0,0.0,0.0,0.0,0.0,0.0,0.0,0.0,0.0,0.0,0.0
4.416666666666667,0.028085107,0.012830639479724081,0.012830639479724081,0.0,0.0,0.0,0.0,0.0,0.0,0.0,0.0,0.0,0.0,0.0
4.433333333333334,0.028085107,0.01494223504214482,0.01494223504214482,0.0,0.0,0.0,0.0,0.0,0.0,0.0,0.0,0.0,0.0,0.0
4.45,0.028085107,0.017099120612261293,0.017099120612261293,0.0,0.0,0.0,0.0,0.0,0.0,0.0,0.0,0.0,0.0,0.0
4.466666666666667,0.03276596,0.019266077348938492,0.019266077348938492,0.0,0.0,0.0,0.0,0.0,0.0,0.0,0.0,0.0,0.0,0.0
4.483333333333333,0.03276596,0.021409336399323364,0.021409336399323364,0.0,0.0,0.0,0.0,0.0,0.0,0.0,0.0,0.0,0.0,0.0
4.5,0.03276596,0.023497426232886698,0.023497426232886698,0.0,0.0,0.0,0.0,0.0,0.0,0.0,0.0,0.0,0.0,0.0
4.516666666666667,0.03276596,0.025501811073742654,0.025501811073742654,0.0,0.0,0.0,0.0,0.0,0.0,0.0,0.0,0.0,0.0,0.0
4.533333333333333,0.03276596,0.027397335977071093,0.027397335977071093,0.0,0.0,0.0,0.0,0.0,0.0,0.0,0.0,0.0,0.0,0.0
4.55,0.03276596,0.029162498968515436,0.029162498968515436,0.0,0.0,0.0,0.0,0.0,0.0,0.0,0.0,0.0,0.0,0.0
4.566666666666666,0.03276596,0.030779573230215455,0.030779573230215455,0.0,0.0,0.0,0.0,0.0,0.0,0.0,0.0,0.0,0.0,0.0
4.583333333333333,0.03276596,0.032234603144705304,0.032234603144705304,0.0,0.0,0.0,0.0,0.0,0.0,0.0,0.0,0.0,0.0,0.0
4.6,0.03276596,0.03351729757366479,0.03351729757366479,0.0,0.0,0.0,0.0,0.0,0.0,0.0,0.0,0.0,0.0,0.0
4.616666666666666,0.03276596,0.034620842439269536,0.034620842439269536,0.0,0.0,0.0,0.0,0.0,0.0,0.0,0.0,0.0,0.0,0.0
4.633333333333334,0.03276596,0.03554165279959746,0.03554165279959746,0.0,0.0,0.0,0.0,0.0,0.0,0.0,0.0,0.0,0.0,0.0
4.65,0.037446808,0.036279082405955114,0.036279082405955114,0.0,0.0,0.0,0.0,0.0,0.0,0.0,0.0,0.0,0.0,0.0
4.666666666666667,0.037446808,0.03683510638121269,0.03683510638121269,0.0,0.0,0.0,0.0,0.0,0.0,0.0,0.0,0.0,0.0,0.0
4.683333333333334,0.037446808,0.03721399029866179,0.03721399029866179,0.0,0.0,0.0,0.0,0.0,0.0,0.0,0.0,0.0,0.0,0.0
4.7,0.037446808,0.0374219566661224,0.0374219566661224,0.0,0.0,0.0,0.0,0.0,0.0,0.0,0.0,0.0,0.0,0.0
4.716666666666667,0.037446808,0.037466857694598565,0.037466857694598565,0.0,0.0,0.0,0.0,0.0,0.0,0.0,0.0,0.0,0.0,0.0
4.733333333333333,0.037446808,0.037357861294998955,0.037357861294998955,0.0,0.0,0.0,0.0,0.0,0.0,0.0,0.0,0.0,0.0,0.0
4.75,0.037446808,0.03710515552190846,0.03710515552190846,0.0,0.0,0.0,0.0,0.0,0.0,0.0,0.0,0.0,0.0,0.0
4.766666666666667,0.037446808,0.03671967517772669,0.03671967517772669,0.0,0.0,0.0,0.0,0.0,0.0,0.0,0.0,0.0,0.0,0.0
4.783333333333333,0.037446808,0.03621285300108497,0.03621285300108497,0.0,0.0,0.0,0.0,0.0,0.0,0.0,0.0,0.0,0.0,0.0
4.8,0.037446808,0.03559639678056769,0.03559639678056769,0.0,0.0,0.0,0.0,0.0,0.0,0.0,0.0,0.0,0.0,0.0
4.816666666666666,0.03276596,0.03488209284391589,0.03488209284391589,0.0,0.0,0.0,0.0,0.0,0.0,0.0,0.0,0.0,0.0,0.0
4.833333333333333,0.03276596,0.03408163565673346,0.03408163565673346,0.0,0.0,0.0,0.0,0.0,0.0,0.0,0.0,0.0,0.0,0.0
4.85,0.03276596,0.03320648270446989,0.03320648270446989,0.0,0.0,0.0,0.0,0.0,0.0,0.0,0.0,0.0,0.0,0.0
4.866666666666666,0.03276596,0.03226773340796452,0.03226773340796452,0.0,0.0,0.0,0.0,0.0,0.0,0.0,0.0,0.0,0.0,0.0
4.883333333333334,0.03276596,0.03127603051735308,0.03127603051735308,0.0,0.0,0.0,0.0,0.0,0.0,0.0,0.0,0.0,0.0,0.0
4.9,0.03276596,0.030241482223831394,0.030241482223831394,0.0,0.0,0.0,0.0,0.0,0.0,0.0,0.0,0.0,0.0,0.0
4.916666666666667,0.03276596,0.029173603107096917,0.029173603107096917,0.0,0.0,0.0,0.0,0.0,0.0,0.0,0.0,0.0,0.0,0.0
4.933333333333334,0.03276596,0.028081271983188816,0.028081271983188816,0.0,0.0,0.0,0.0,0.0,0.0,0.0,0.0,0.0,0.0,0.0
4.95,0.03276596,0.02697270471943724,0.02697270471943724,0.0,0.0,0.0,0.0,0.0,0.0,0.0,0.0,0.0,0.0,0.0
4.966666666666667,0.03276596,0.025855440128438385,0.025855440128438385,0.0,0.0,0.0,0.0,0.0,0.0,0.0,0.0,0.0,0.0,0.0
4.983333333333333,0.03276596,0.024736337131072907,0.024736337131072907,0.0,0.0,0.0,0.0,0.0,0.0,0.0,0.0,0.0,0.0,0.0
5.0,0.03276596,0.02362158148074117,0.02362158148074117,0.0,0.0,0.0,0.0,0.0,0.0,0.0,0.0,0.0,0.0,0.0
5.016666666666667,0.03276596,0.022516700459735806,0.022516700459735806,0.0,0.0,0.0,0.0,0.0,0.0,0.0,0.0,0.0,0.0,0.0
5.033333333333333,0.028085107,0.021426584087793937,0.021426584087793937,0.0,0.0,0.0,0.0,0.0,0.0,0.0,0.0,0.0,0.0,0.0
5.05,0.028085107,0.02035551151728365,0.02035551151728365,0.0,0.0,0.0,0.0,0.0,0.0,0.0,0.0,0.0,0.0,0.0
5.066666666666666,0.028085107,0.019307181425084325,0.019307181425084325,0.0,0.0,0.0,0.0,0.0,0.0,0.0,0.0,0.0,0.0,0.0
5.083333333333333,0.028085107,0.018284745344799073,0.018284745344799073,0.0,0.0,0.0,0.0,0.0,0.0,0.0,0.0,0.0,0.0,0.0
5.1,0.028085107,0.01729084301201634,0.01729084301201634,0.0,0.0,0.0,0.0,0.0,0.0,0.0,0.0,0.0,0.0,0.0
5.116666666666666,0.028085107,0.01632763891808588,0.01632763891808588,0.0,0.0,0.0,0.0,0.0,0.0,0.0,0.0,0.0,0.0,0.0
5.133333333333334,0.028085107,0.015396859383001156,0.015396859383001156,0.0,0.0,0.0,0.0,0.0,0.0,0.0,0.0,0.0,0.0,0.0
5.15,0.028085107,0.014499829564641256,0.014499829564641256,0.0,0.0,0.0,0.0,0.0,0.0,0.0,0.0,0.0,0.0,0.0
5.166666666666667,0.028085107,0.013637509919344395,0.013637509919344395,0.0,0.0,0.0,0.0,0.0,0.0,0.0,0.0,0.0,0.0,0.0
5.183333333333334,0.023404256,0.012810531717384315,0.012810531717384315,0.0,0.0,0.0,0.0,0.0,0.0,0.0,0.0,0.0,0.0,0.0
5.2,0.023404256,0.01201923129644973,0.01201923129644973,0.0,0.0,0.0,0.0,0.0,0.0,0.0,0.0,0.0,0.0,0.0
5.216666666666667,0.023404256,0.011263682806925255,0.011263682806925255,0.0,0.0,0.0,0.0,0.0,0.0,0.0,0.0,0.0,0.0,0.0
5.233333333333333,0.023404256,0.010543729265005988,0.010543729265005988,0.0,0.0,0.0,0.0,0.0,0.0,0.0,0.0,0.0,0.0,0.0
5.25,0.023404256,0.009859011783918452,0.009859011783918452,0.0,0.0,0.0,0.0,0.0,0.0,0.0,0.0,0.0,0.0,0.0
5.266666666666667,0.023404256,0.009208996900299051,0.009208996900299051,0.0,0.0,0.0,0.0,0.0,0.0,0.0,0.0,0.0,0.0,0.0
5.283333333333333,0.023404256,0.00859300195267336,0.00859300195267336,0.0,0.0,0.0,0.0,0.0,0.0,0.0,0.0,0.0,0.0,0.0
5.3,0.023404256,0.00801021850257732,0.00801021850257732,0.0,0.0,0.0,0.0,0.0,0.0,0.0,0.0,0.0,0.0,0.0
5.316666666666666,0.023404256,0.00745973381676081,0.00745973381676081,0.0,0.0,0.0,0.0,0.0,0.0,0.0,0.0,0.0,0.0,0.0
5.333333333333333,0.023404256,0.006940550451699567,0.006940550451699567,0.0,0.0,0.0,0.0,0.0,0.0,0.0,0.0,0.0,0.0,0.0
5.35,0.018723404,0.006451603999877987,0.006451603999877987,0.0,0.0,0.0,0.0,0.0,0.0,0.0,0.0,0.0,0.0,0.0
5.366666666666666,0.018723404,0.00599177907153012,0.00599177907153012,0.0,0.0,0.0,0.0,0.0,0.0,0.0,0.0,0.0,0.0,0.0
5.383333333333334,0.018723404,0.005559923596243073,0.005559923596243073,0.0,0.0,0.0,0.0,0.0,0.0,0.0,0.0,0.0,0.0,0.0
5.4,0.018723404,0.00515486153650654,0.00515486153650654,0.0,0.0,0.0,0.0,0.0,0.0,0.0,0.0,0.0,0.0,0.0
5.416666666666667,0.018723404,0.0047754041103635165,0.0047754041103635165,0.0,0.0,0.0,0.0,0.0,0.0,0.0,0.0,0.0,0.0,0.0
5.433333333333334,0.018723404,0.004420359623176798,0.004420359623176798,0.0,0.0,0.0,0.0,0.0,0.0,0.0,0.0,0.0,0.0,0.0
5.45,0.018723404,0.004088542009526094,0.004088542009526094,0.0,0.0,0.0,0.0,0.0,0.0,0.0,0.0,0.0,0.0,0.0
5.466666666666667,0.0140425535,0.0037787781857136766,0.0037787781857136766,0.0,0.0,0.0,0.0,0.0,0.0,0.0,0.0,0.0,0.0,0.0
5.483333333333333,0.0140425535,0.003489914311564304,0.003489914311564304,0.0,0.0,0.0,0.0,0.0,0.0,0.0,0.0,0.0,0.0,0.0
5.5,0.0140425535,0.0032208210574094483,0.0032208210574094483,0.0,0.0,0.0,0.0,0.0,0.0,0.0,0.0,0.0,0.0,0.0
5.516666666666667,0.0140425535,0.002970397968566041,0.002970397968566041,0.0,0.0,0.0,0.0,0.0,0.0,0.0,0.0,0.0,0.0,0.0
5.533333333333333,0.0140425535,0.0027375770154470748,0.0027375770154470748,0.0,0.0,0.0,0.0,0.0,0.0,0.0,0.0,0.0,0.0,0.0
5.55,0.0140425535,0.002521325412839666,0.002521325412839666,0.0,0.0,0.0,0.0,0.0,0.0,0.0,0.0,0.0,0.0,0.0
5.566666666666666,0.009361702,0.0023206477869967103,0.0023206477869967103,0.0,0.0,0.0,0.0,0.0,0.0,0.0,0.0,0.0,0.0,0.0
5.583333333333333,0.009361702,0.002134587764129289,0.002134587764129289,0.0,0.0,0.0,0.0,0.0,0.0,0.0,0.0,0.0,0.0,0.0
5.6,0.009361702,0.0019622290487582264,0.0019622290487582264,0.0,0.0,0.0,0.0,0.0,0.0,0.0,0.0,0.0,0.0,0.0
5.616666666666666,0.009361702,0.0018026960552666592,0.0018026960552666592,0.0,0.0,0.0,0.0,0.0,0.0,0.0,0.0,0.0,0.0,0.0
5.633333333333334,0.009361702,0.001655154150957951,0.001655154150957951,0.0,0.0,0.0,0.0,0.0,0.0,0.0,0.0,0.0,0.0,0.0
5.65,0.009361702,0.0015188095640181218,0.0015188095640181218,0.0,0.0,0.0,0.0,0.0,0.0,0.0,0.0,0.0,0.0,0.0
5.666666666666667,0.009361702,0.0013929090050507113,0.0013929090050507113,0.0,0.0,0.0,0.0,0.0,0.0,0.0,0.0,0.0,0.0,0.0
5.683333333333334,0.009361702,0.0012767390463267031,0.0012767390463267031,0.0,0.0,0.0,0.0,0.0,0.0,0.0,0.0,0.0,0.0,0.0
5.7,0.009361702,0.001169625298594917,0.001169625298594917,0.0,0.0,0.0,0.0,0.0,0.0,0.0,0.0,0.0,0.0,0.0
5.716666666666667,0.009361702,0.0010709314212453596,0.0010709314212453596,0.0,0.0,0.0,0.0,0.0,0.0,0.0,0.0,0.0,0.0,0.0
5.733333333333333,0.009361702,0.0009800579978184063,0.0009800579978184063,0.0,0.0,0.0,0.0,0.0,0.0,0.0,0.0,0.0,0.0,0.0
5.75,0.009361702,0.0008964413053104778,0.0008964413053104778,0.0,0.0,0.0,0.0,0.0,0.0,0.0,0.0,0.0,0.0,0.0
5.766666666666667,0.009361702,0.0008195520024420335,0.0008195520024420335,0.0,0.0,0.0,0.0,0.0,0.0,0.0,0.0,0.0,0.0,0.0
5.783333333333333,0.009361702,0.0007488937590226269,0.0007488937590226269,0.0,0.0,0.0,0.0,0.0,0.0,0.0,0.0,0.0,0.0,0.0
5.8,0.009361702,0.0006840018457640709,0.0006840018457640709,0.0,0.0,0.0,0.0,0.0,0.0,0.0,0.0,0.0,0.0,0.0
5.816666666666666,0.009361702,0.0006244417013479582,0.0006244417013479582,0.0,0.0,0.0,0.0,0.0,0.0,0.0,0.0,0.0,0.0,0.0
5.833333333333333,0.009361702,0.0005698074912377528,0.0005698074912377528,0.0,0.0,0.0,0.0,0.0,0.0,0.0,0.0,0.0,0.0,0.0
5.85,0.009361702,0.0005197206706271165,0.0005197206706271165,0.0,0.0,0.0,0.0,0.0,0.0,0.0,0.0,0.0,0.0,0.0
5.866666666666666,0.009361702,0.0004738285620228527,0.0004738285620228527,0.0,0.0,0.0,0.0,0.0,0.0,0.0,0.0,0.0,0.0,0.0
5.883333333333334,0.009361702,0.0004318029562604146,0.0004318029562604146,0.0,0.0,0.0,0.0,0.0,0.0,0.0,0.0,0.0,0.0,0.0
5.9,0.004680851,0.00039333874422932673,0.00039333874422932673,0.0,0.0,0.0,0.0,0.0,0.0,0.0,0.0,0.0,0.0,0.0
5.916666666666667,0.004680851,0.0003581525852323736,0.0003581525852323736,0.0,0.0,0.0,0.0,0.0,0.0,0.0,0.0,0.0,0.0,0.0
5.933333333333334,0.004680851,0.000325981616703443,0.000325981616703443,0.0,0.0,0.0,0.0,0.0,0.0,0.0,0.0,0.0,0.0,0.0
5.95,0.004680851,0.0002965822089518943,0.0002965822089518943,0.0,0.0,0.0,0.0,0.0,0.0,0.0,0.0,0.0,0.0,0.0
5.966666666666667,0.004680851,0.00026972876767460054,0.00026972876767460054,0.0,0.0,0.0,0.0,0.0,0.0,0.0,0.0,0.0,0.0,0.0
5.983333333333333,0.004680851,0.0002452125861687572,0.0002452125861687572,0.0,0.0,0.0,0.0,0.0,0.0,0.0,0.0,0.0,0.0,0.0
6.0,0.004680851,0.0002228407484783856,0.0002228407484783856,0.0,0.0,0.0,0.0,0.0,0.0,0.0,0.0,0.0,0.0,0.0
6.016666666666667,0.004680851,0.0002024350841049023,0.0002024350841049023,0.0,0.0,0.0,0.0,0.0,0.0,0.0,0.0,0.0,0.0,0.0
6.033333333333333,0.004680851,0.00018383117439749647,0.00018383117439749647,0.0,0.0,0.0,0.0,0.0,0.0,0.0,0.0,0.0,0.0,0.0
6.05,0.004680851,0.0001668774103034024,0.0001668774103034024,0.0,0.0,0.0,0.0,0.0,0.0,0.0,0.0,0.0,0.0,0.0
6.066666666666666,0.004680851,0.00015143410079303954,0.00015143410079303954,0.0,0.0,0.0,0.0,0.0,0.0,0.0,0.0,0.0,0.0,0.0
6.083333333333333,0.004680851,0.000137372630972705,0.000137372630972705,0.0,0.0,0.0,0.0,0.0,0.0,0.0,0.0,0.0,0.0,0.0
6.1,0.004680851,0.00012457466865088901,0.00012457466865088901,0.0,0.0,0.0,0.0,0.0,0.0,0.0,0.0,0.0,0.0,0.0
6.116666666666666,0.004680851,0.00011293141792679745,0.00011293141792679745,0.0,0.0,0.0,0.0,0.0,0.0,0.0,0.0,0.0,0.0,0.0
6.133333333333334,0.004680851,0.00010234291821531825,0.00010234291821531825,0.0,0.0,0.0,0.0,0.0,0.0,0.0,0.0,0.0,0.0,0.0
6.15,0.009361702,9.271738700603197e-05,9.271738700603197e-05,0.0,0.0,0.0,0.0,0.0,0.0,0.0,0.0,0.0,0.0,0.0
6.166666666666667,0.009361702,8.397060456996567e-05,8.397060456996567e-05,0.0,0.0,0.0,0.0,0.0,0.0,0.0,0.0,0.0,0.0,0.0
6.183333333333334,0.009361702,7.602533877223427e-05,7.602533877223427e-05,0.0,0.0,0.0,0.0,0.0,0.0,0.0,0.0,0.0,0.0,0.0
6.2,0.009361702,6.88108081173906e-05,6.88108081173906e-05,0.0,0.0,0.0,0.0,0.0,0.0,0.0,0.0,0.0,0.0,0.0
6.216666666666667,0.009361702,6.226218114373161e-05,6.226218114373161e-05,0.0,0.0,0.0,0.0,0.0,0.0,0.0,0.0,0.0,0.0,0.0
6.233333333333333,0.009361702,5.632011028966407e-05,5.632011028966407e-05,0.0,0.0,0.0,0.0,0.0,0.0,0.0,0.0,0.0,0.0,0.0
6.25,0.009361702,5.093029837674616e-05,5.093029837674616e-05,0.0,0.0,0.0,0.0,0.0,0.0,0.0,0.0,0.0,0.0,0.0
6.266666666666667,0.009361702,4.604309588759216e-05,4.604309588759216e-05,0.0,0.0,0.0,0.0,0.0,0.0,0.0,0.0,0.0,0.0,0.0
6.283333333333333,0.009361702,4.1613127260260336e-05,4.1613127260260336e-05,0.0,0.0,0.0,0.0,0.0,0.0,0.0,0.0,0.0,0.0,0.0
6.3,0.009361702,3.759894447206362e-05,3.759894447206362e-05,0.0,0.0,0.0,0.0,0.0,0.0,0.0,0.0,0.0,0.0,0.0
6.316666666666666,0.009361702,3.396270624321184e-05,3.396270624321184e-05,0.0,0.0,0.0,0.0,0.0,0.0,0.0,0.0,0.0,0.0,0.0
6.333333333333333,0.009361702,3.0669881252850824e-05,3.0669881252850824e-05,0.0,0.0,0.0,0.0,0.0,0.0,0.0,0.0,0.0,0.0,0.0
6.35,0.009361702,2.7688973825573586e-05,2.7688973825573586e-05,0.0,0.0,0.0,0.0,0.0,0.0,0.0,0.0,0.0,0.0,0.0
6.366666666666666,0.009361702,2.4991270614262886e-05,2.4991270614262886e-05,0.0,0.0,0.0,0.0,0.0,0.0,0.0,0.0,0.0,0.0,0.0
6.383333333333334,0.009361702,2.2550606874195644e-05,2.2550606874195644e-05,0.0,0.0,0.0,0.0,0.0,0.0,0.0,0.0,0.0,0.0,0.0
6.4,0.009361702,2.0343150992919107e-05,2.0343150992919107e-05,0.0,0.0,0.0,0.0,0.0,0.0,0.0,0.0,0.0,0.0,0.0
6.416666666666667,0.009361702,1.8347206009785605e-05,1.8347206009785605e-05,0.0,0.0,0.0,0.0,0.0,0.0,0.0,0.0,0.0,0.0,0.0
6.433333333333334,0.0140425535,1.6543026927664773e-05,1.6543026927664773e-05,0.0,0.0,0.0,0.0,0.0,0.0,0.0,0.0,0.0,0.0,0.0
6.45,0.0140425535,1.4912652686751893e-05,1.4912652686751893e-05,0.0,0.0,0.0,0.0,0.0,0.0,0.0,0.0,0.0,0.0,0.0
6.466666666666667,0.0140425535,1.343975173618666e-05,1.343975173618666e-05,0.0,0.0,0.0,0.0,0.0,0.0,0.0,0.0,0.0,0.0,0.0
6.483333333333333,0.0140425535,1.2109480203088496e-05,1.2109480203088496e-05,0.0,0.0,0.0,0.0,0.0,0.0,0.0,0.0,0.0,0.0,0.0
6.5,0.0140425535,1.090835172035483e-05,1.090835172035483e-05,0.0,0.0,0.0,0.0,0.0,0.0,0.0,0.0,0.0,0.0,0.0
6.516666666666667,0.0140425535,9.824118033994026e-06,9.824118033994026e-06,0.0,0.0,0.0,0.0,0.0,0.0,0.0,0.0,0.0,0.0,0.0
6.533333333333333,0.0140425535,8.845659567732971e-06,8.845659567732971e-06,0.0,0.0,0.0,0.0,0.0,0.0,0.0,0.0,0.0,0.0,0.0
6.55,0.0140425535,7.962885177078316e-06,7.962885177078316e-06,0.0,0.0,0.0,0.0,0.0,0.0,0.0,0.0,0.0,0.0,0.0
6.566666666666666,0.0140425535,7.1666403768620035e-06,7.1666403768620035e-06,0.0,0.0,0.0,0.0,0.0,0.0,0.0,0.0,0.0,0.0,0.0
6.583333333333333,0.0140425535,6.448623375554597e-06,6.448623375554597e-06,0.0,0.0,0.0,0.0,0.0,0.0,0.0,0.0,0.0,0.0,0.0
6.6,0.0140425535,5.801308296291691e-06,5.801308296291691e-06,0.0,0.0,0.0,0.0,0.0,0.0,0.0,0.0,0.0,0.0,0.0
6.616666666666666,0.0140425535,5.217875008656478e-06,5.217875008656478e-06,0.0,0.0,0.0,0.0,0.0,0.0,0.0,0.0,0.0,0.0,0.0
6.633333333333334,0.0140425535,4.692145036848509e-06,4.692145036848509e-06,0.0,0.0,0.0,0.0,0.0,0.0,0.0,0.0,0.0,0.0,0.0
6.65,0.0140425535,4.218523049001399e-06,4.218523049001399e-06,0.0,0.0,0.0,0.0,0.0,0.0,0.0,0.0,0.0,0.0,0.0
6.666666666666667,0.0140425535,3.791943469168467e-06,3.791943469168467e-06,0.0,0.0,0.0,0.0,0.0,0.0,0.0,0.0,0.0,0.0,0.0
6.683333333333334,0.0140425535,3.407821787954654e-06,3.407821787954654e-06,0.0,0.0,0.0,0.0,0.0,0.0,0.0,0.0,0.0,0.0,0.0
6.7,0.0140425535,3.0620101800250567e-06,3.0620101800250567e-06,0.0,0.0,0.0,0.0,0.0,0.0,0.0,0.0,0.0,0.0,0.0
6.716666666666667,0.0140425535,2.7507570668576843e-06,2.7507570668576843e-06,0.0,0.0,0.0,0.0,0.0,0.0,0.0,0.0,0.0,0.0,0.0
6.733333333333333,0.0140425535,2.4706702912281354e-06,2.4706702912281354e-06,0.0,0.0,0.0,0.0,0.0,0.0,0.0,0.0,0.0,0.0,0.0
6.75,0.0140425535,2.2186835961125027e-06,2.2186835961125027e-06,0.0,0.0,0.0,0.0,0.0,0.0,0.0,0.0,0.0,0.0,0.0
6.766666666666667,0.0140425535,0.19282065301182305,1.992026125071861e-06,0.19281866098569797,0.0,0.0,0.0,0.0,0.0,0.0,0.0,0.0,0.0,0.0
6.783333333333333,0.0140425535,0.13131635845230116,1.7881946838344411e-06,0.13131457025761734,0.0,0.0,0.0,0.0,0.0,0.0,0.0,0.0,0.0,0.0
6.8,0.0140425535,0.08602434651619004,1.6049285238154404e-06,0.08602274158766622,0.0,0.0,0.0,0.0,0.0,0.0,0.0,0.0,0.0,0.0
6.816666666666666,0.018723404,0.05561255235174627,1.4401864278055332e-06,0.055611112165318465,0.0,0.0,0.0,0.0,0.0,0.0,0.0,0.0,0.0,0.0
6.833333333333333,0.018723404,0.035709804200465406,1.2921258961074286e-06,0.0357085120745693,0.0,0.0,0.0,0.0,0.0,0.0,0.0,0.0,0.0,0.0
6.85,0.018723404,0.022835769396797125,1.1590842480960955e-06,0.02283461031254903,0.0,0.0,0.0,0.0,0.0,0.0,0.0,0.0,0.0,0.0
6.866666666666666,0.023404256,0.014562710812953546,1.0395614696068503e-06,0.01456167125148394,0.0,0.0,0.0,0.0,0.0,0.0,0.0,0.0,0.0,0.0
6.883333333333334,0.028085107,0.009268426224780303,9.322046507996224e-07,0.009267494020129503,0.0,0.0,0.0,0.0,0.0,0.0,0.0,0.0,0.0,0.0
6.9,0.037446808,0.005890083842787189,8.357938722859989e-07,0.005889248048914903,0.0,0.0,0.0,0.0,0.0,0.0,0.0,0.0,0.0,0.0
6.916666666666667,0.042127658,0.003738813777040084,7.492294094124758e-07,0.0037380645476306714,0.0,0.0,0.0,0.0,0.0,0.0,0.0,0.0,0.0,0.0
6.933333333333334,0.05148936,0.002371083398362459,6.715201357413619e-07,0.0023704118782267177,0.0,0.0,0.0,0.0,0.0,0.0,0.0,0.0,0.0,0.0
6.95,0.06553192,0.001502582788419512,6.017730170259168e-07,0.0015019810154024863,0.0,0.0,0.0,0.0,0.0,0.0,0.0,0.0,0.0,0.0
6.966666666666667,0.079574466,0.0009516345207459284,5.391835964040376e-07,0.0009510953371495243,0.0,0.0,0.0,0.0,0.0,0.0,0.0,0.0,0.0,0.0
6.983333333333333,0.084255315,0.0006024121764069201,4.830273801940815e-07,0.000601929149026726,0.0,0.0,0.0,0.0,0.0,0.0,0.0,0.0,0.0,0.0
7.0,0.084255315,0.0003812020886466141,4.326520416248107e-07,0.0003807694366049893,0.0,0.0,0.0,0.0,0.0,0.0,0.0,0.0,0.0,0.0
7.016666666666667,0.04680851,0.00024115680592175958,3.8747036712150235e-07,0.00024076933555463808,0.0,0.0,0.0,0.0,0.0,0.0,0.0,0.0,0.0,0.0
7.033333333333333,-0.06553192,0.00015253643633440325,3.4695387645236864e-07,0.00015218948245795087,0.0,0.0,0.0,0.0,0.0,0.0,0.0,0.0,0.0,0.0
7.05,-0.31829786,9.647863500821097e-05,3.106270541598202e-07,9.616800795405115e-05,0.0,0.0,0.0,0.0,0.0,0.0,0.0,0.0,0.0,0.0
7.066666666666666,-0.786383,6.1029177651770825e-05,2.7806213530358593e-07,6.0751115516467236e-05,0.0,0.0,0.0,0.0,0.0,0.0,0.0,0.0,0.0,0.0
7.083333333333333,-1.5446808,3.861680021812794e-05,2.488743936678499e-07,3.8367925824460086e-05,0.0,0.0,0.0,0.0,0.0,0.0,0.0,0.0,0.0,0.0
7.1,-2.6025531,2.4448827898638483e-05,2.2271788527007527e-07,2.422611001336841e-05,0.0,0.0,0.0,0.0,0.0,0.0,0.0,0.0,0.0,0.0
7.116666666666666,-3.9038298,1.5492879784356624e-05,1.9928160429045606e-07,1.5293598180066167e-05,0.0,0.0,0.0,0.0,0.0,0.0,0.0,0.0,0.0,0.0
7.133333333333334,-5.298723,9.831109366441062e-06,1.7828601245036914e-07,9.652823353990693e-06,0.0,0.0,0.0,0.0,0.0,0.0,0.0,0.0,0.0,0.0
7.15,-6.6046805,6.2509870184396e-06,1.5947990643633732e-07,6.091507112003262e-06,0.0,0.0,0.0,0.0,0.0,0.0,0.0,0.0,0.0,0.0
7.166666666666667,-7.6391487,3.98613873908771e-06,1.4263759122065114e-07,3.843501147867059e-06,0.0,0.0,0.0,0.0,0.0,0.0,0.0,0.0,0.0,0.0
7.183333333333334,-8.257021,2.5523040129714234e-06,1.2755633009718278e-07,2.4247476828742407e-06,0.0,0.0,0.0,0.0,0.0,0.0,0.0,0.0,0.0,0.0
7.2,-8.4114895,1.643549405237982e-06,1.1405404495476373e-07,1.5294953602832182e-06,0.0,0.0,0.0,0.0,0.0,0.0,0.0,0.0,0.0,0.0
7.216666666666667,-8.116595,1.0666313346631457e-06,1.0196724277317556e-07,9.646640918899702e-07,0.0,0.0,0.0,0.0,0.0,0.0,0.0,0.0,0.0,0.0
7.233333333333333,-7.4612765,6.995001247256485e-07,9.114914656865234e-08,6.083509781569962e-07,0.0,0.0,0.0,0.0,0.0,0.0,0.0,0.0,0.0,0.0
7.25,-6.5578723,4.650744390560252e-07,8.146801105563326e-08,3.8360642800039196e-07,0.0,0.0,0.0,0.0,0.0,0.0,0.0,0.0,0.0,0.0
7.266666666666667,-5.537447,3.146712514947414e-07,7.280560514676372e-08,2.4186564634797767e-07,0.0,0.0,0.0,0.0,0.0,0.0,0.0,0.0,0.0,0.0
7.283333333333333,-4.5076594,2.9062593000625345e-06,6.505584509967398e-08,1.5248317522373065e-07,2.68872027973913e-06,0.0,0.0,0.0,0.0,0.0,0.0,0.0,0.0,0.0
7.3,-3.548085,6.913091132172897e-05,5.812356365162803e-08,9.612395192797805e-08,6.897666380614937e-05,0.0,0.0,0.0,0.0,0.0,0.0,0.0,0.0,0.0
7.316666666666666,-2.7055318,0.0004329734851707392,5.192340187511671e-08,6.059064194887616e-08,0.00043286097112691524,0.0,0.0,0.0,0.0,0.0,0.0,0.0,0.0,0.0
7.333333333333333,-1.9987234,0.0015263483769855687,4.6378811751302095e-08,3.8189663227665034e-08,0.0015262638085105898,0.0,0.0,0.0,0.0,0.0,0.0,0.0,0.0,0.0
7.35,-1.4276595,0.003924026808679259,4.1421158605183694e-08,2.4068795468964923e-08,0.003923961318725184,0.0,0.0,0.0,0.0,0.0,0.0,0.0,0.0,0.0
7.366666666666666,-0.973617,0.008261320126914303,3.6988913586875244e-08,1.516815971050907e-08,0.008261267969841005,0.0,0.0,0.0,0.0,0.0,0.0,0.0,0.0,0.0
7.383333333333334,-0.62723404,0.015152650393338952,3.30269273269603e-08,9.558352700784568e-09,0.015152607808058924,0.0,0.0,0.0,0.0,0.0,0.0,0.0,0.0,0.0
7.4,-0.36042553,0.025124611731087185,2.9485776749224956e-08,6.022909262684663e-09,0.025124576222401173,0.0,0.0,0.0,0.0,0.0,0.0,0.0,0.0,0.0
7.416666666666667,-0.15446809,0.038568700915130816,2.632117779913659e-08,3.794932641216456e-09,0.03856867079902038,0.0,0.0,0.0,0.0,0.0,0.0,0.0,0.0,0.0
7.433333333333334,0.0,0.05571407409093204,2.3493457548506195e-08,2.3909889901557503e-09,0.055714048206485504,0.0,0.0,0.0,0.0,0.0,0.0,0.0,0.0,0.0
7.45,0.11702128,0.0766181088227696,2.0967079772496103e-08,1.5063573545760276e-09,0.07661808634933248,0.0,0.0,0.0,0.0,0.0,0.0,0.0,0.0,0.0
7.466666666666667,0.2106383,0.10117137465569342,1.8710218670578657e-08,9.489787191198712e-10,0.10117135499649603,0.0,0.0,0.0,0.0,0.0,0.0,0.0,0.0,0.0
7.483333333333333,0.27617022,0.12911329510289446,1.6694375923762877e-08,5.978111050371048e-10,0.12911327781070744,0.0,0.0,0.0,0.0,0.0,0.0,0.0,0.0,0.0
7.5,0.33234042,0.16005496105281605,1.4894036751417634e-08,3.76574992089736e-10,0.1600549457822043,0.0,0.0,0.0,0.0,0.0,0.0,0.0,0.0,0.0
7.516666666666667,0.36978722,0.19350599584108016,1.3286361056953183e-08,2.372028219415084e-10,0.19350598231751628,0.0,0.0,0.0,0.0,0.0,0.0,0.0,0.0,0.0
7.533333333333333,0.39787233,0.22890292536173432,1.1850906136654164e-08,1.4940665202135365e-10,0.22890291336142152,0.0,0.0,0.0,0.0,0.0,0.0,0.0,0.0,0.0
7.55,0.4212766,0.26563707927887426,1.056937777391303e-08,9.410278983008225e-11,0.2656370686153937,0.0,0.0,0.0,0.0,0.0,0.0,0.0,0.0,0.0
7.566666666666666,0.44,0.3030805868311741,9.425406855465561e-09,5.926772727949013e-11,0.3030805773464995,0.0,0.0,0.0,0.0,0.0,0.0,0.0,0.0,0.0
7.583333333333333,0.45404255,0.3406095037880285,8.404348930133522e-09,3.732655776896081e-11,0.34060949534635304,0.0,0.0,0.0,0.0,0.0,0.0,0.0,0.0,0.0
7.6,0.46340424,0.37762350349145796,7.49310438691564e-09,2.3507267205315108e-11,0.3776234959748463,0.0,0.0,0.0,0.0,0.0,0.0,0.0,0.0,0.0
7.616666666666666,0.4774468,0.41356188287196977,6.679957160637141e-09,1.4803741259442593e-11,0.41356187617720885,0.0,0.0,0.0,0.0,0.0,0.0,0.0,0.0,0.0
7.633333333333334,0.4868085,0.44791587846290654,5.954430082150726e-09,9.32237431568394e-12,0.4479158724991541,0.0,0.0,0.0,0.0,0.0,0.0,0.0,0.0,0.0
7.65,0.50085104,0.4802374658039018,5.307155178422774e-09,5.8704018955528985e-12,0.48023746049087623,0.0,0.0,0.0,0.0,0.0,0.0,0.0,0.0,0.0
7.666666666666667,0.5148936,0.5101449377919237,4.7297573976979344e-09,3.69654405867096e-12,0.5101449330584698,0.0,0.0,0.0,0.0,0.0,0.0,0.0,0.0,0.0
7.683333333333334,0.533617,0.5373256333696588,4.214750388082603e-09,2.3276151419393097e-12,0.5373256291525808,0.0,0.0,0.0,0.0,0.0,0.0,0.0,0.0,0.0
7.7,0.55234045,0.5615362268311648,3.755443095929856e-09,1.4655955911700293e-12,0.5615362230742561,0.0,0.0,0.0,0.0,0.0,0.0,0.0,0.0,0.0
7.716666666666667,0.5710638,0.582600998475538,3.3458560748060355e-09,9.22795027977778e-13,0.5826009951287592,0.0,0.0,0.0,0.0,0.0,0.0,0.0,0.0,0.0
7.733333333333333,0.58978724,0.6004084967551673,2.9806465078878406e-09,5.810116896332875e-13,0.6004084937739398,0.0,0.0,0.0,0.0,0.0,0.0,0.0,0.0,0.0
7.75,0.6038298,0.6149070270585234,2.655041047579192e-09,3.6580817834334447e-13,0.6149069740387282,5.036438833158816e-08,0.0,0.0,0.0,0.0,0.0,0.0,0.0,0.0
7.766666666666667,0.62255317,0.6261029538154979,2.364775667028082e-09,2.303091729600735e-13,0.6260989619555039,3.989494988031941e-06,0.0,0.0,0.0,0.0,0.0,0.0,0.0,0.0
7.783333333333333,0.6319149,0.6340827181861899,2.1060418000489083e-09,1.449968928251926e-13,0.6340352541490744,4.746193092870779e-05,0.0,0.0,0.0,0.0,0.0,0.0,0.0,0.0
7.8,0.6412766,0.6390684386560661,1.8754381195991576e-09,9.128430724116958e-14,0.6388086187284507,0.0002598180520859769,0.0,0.0,0.0,0.0,0.0,0.0,0.0,0.0
7.816666666666666,0.6506383,0.6414769863616878,1.6699273712257335e-09,5.746770296073677e-14,0.6405474206179667,0.0009295640737363602,0.0,0.0,0.0,0.0,0.0,0.0,0.0,0.0
7.833333333333333,0.6506383,0.6419506423807807,1.4867977375088853e-09,3.617779898198665e-14,0.6394093531597286,0.0025412877342182462,0.0,0.0,0.0,0.0,0.0,0.0,0.0,0.0
7.85,0.6459574,0.6413457588695481,1.3236282631476991e-09,2.277462957003472e-14,0.6355754193927979,0.005770338153099081,0.0,0.0,0.0,0.0,0.0,0.0,0.0,0.0
7.866666666666666,0.6365957,0.6406818699966927,1.1782579185425324e-09,1.4336781147813665e-14,0.6292442716017691,0.011437597216651356,0.0,0.0,0.0,0.0,0.0,0.0,0.0,0.0
7.883333333333334,0.62723404,0.6410629645769184,1.048757923071342e-09,9.02492094453488e-15,0.6206269869220927,0.02043597660605868,0.0,0.0,0.0,0.0,0.0,0.0,0.0,0.0
7.9,0.6085106,0.6435858833700466,9.33406988213031e-10,5.6810266345810775e-15,0.6099423301244395,0.03364355231219439,0.0,0.0,0.0,0.0,0.0,0.0,0.0,0.0
7.916666666666667,0.59446806,0.6492499682320053,8.306691756766215e-10,3.576038237434433e-15,0.5974125321160554,0.051837435285277136,0.0,0.0,0.0,0.0,0.0,0.0,0.0,0.0
7.933333333333334,0.5757447,0.6588790237442991,7.391740971458097e-10,2.250969562176898e-15,0.5832595939975622,0.07561942900756048,0.0,0.0,0.0,0.0,0.0,0.0,0.0,0.0
7.95,0.56170213,0.6730627632489596,6.576992104977103e-10,1.4168681959832489e-15,0.5677021114123153,0.1053606511789437,0.0,0.0,0.0,0.0,0.0,0.0,0.0,0.0
7.966666666666667,0.5476596,0.6921211210141505,5.851539927246562e-10,8.91829541314199e-16,0.550952602080577,0.1411685183484186,0.0,0.0,0.0,0.0,0.0,0.0,0.0,0.0
7.983333333333333,0.533617,0.7160916332275444,5.205657925664579e-10,5.613413460227483e-16,0.5332153104533343,0.18287632225364378,0.0,0.0,0.0,0.0,0.0,0.0,0.0,0.0
8.0,0.52893615,0.7447377372760307,4.630671863088749e-10,3.5331752523190656e-16,0.5146844569750824,0.23005327983788074,0.0,0.0,0.0,0.0,0.0,0.0,0.0,0.0
8.016666666666667,0.52893615,0.7775743302837751,4.1188467855680903e-10,2.2238038890798153e-16,0.495542895144597,0.2820314347272932,0.0,0.0,0.0,0.0,0.0,0.0,0.0,0.0
8.033333333333333,0.52893615,0.8139061693989289,3.6632860625935137e-10,1.3996554132012865e-16,0.47596113706022547,0.33794503197237463,0.0,0.0,0.0,0.0,0.0,0.0,0.0,0.0
8.05,0.5429787,0.8528745389345362,3.257841190391488e-10,8.809257009161181e-17,0.4560967071104341,0.39677783149831786,0.0,0.0,0.0,0.0,0.0,0.0,0.0,0.0
8.066666666666666,0.56170213,0.8935078899354709,2.8970312213215836e-10,5.544356009757647e-17,0.43609378363071266,0.45741410601505517,0.0,0.0,0.0,0.0,0.0,0.0,0.0,0.0
8.083333333333334,0.5851064,0.9347727227236292,2.575970801300309e-10,3.489448339666718e-17,0.41608308943587974,0.5186896330301524,0.0,0.0,0.0,0.0,0.0,0.0,0.0,0.0
8.1,0.61787236,0.9756217018840692,2.2903059037575856e-10,2.196121817739064e-17,0.39618199392687325,0.5794397077281653,0.0,0.0,0.0,0.0,0.0,0.0,0.0,0.0
8.116666666666667,0.65531915,1.0150367632124853,2.036156444183024e-10,1.3821342128784667e-17,0.3764947917686523,0.6385419712402173,0.0,0.0,0.0,0.0,0.0,0.0,0.0,0.0
8.133333333333333,0.6974468,1.0520657184497215,1.8100650449702913e-10,8.698378240854053e-18,0.35711312577704235,0.6949525924916726,0.0,0.0,0.0,0.0,0.0,0.0,0.0,0.0
8.15,0.73957443,1.0858515364017958,1.6089512970258054e-10,5.474201477298259e-18,0.338116524500002,0.7477350117408987,0.0,0.0,0.0,0.0,0.0,0.0,0.0,0.0
8.166666666666666,0.786383,1.1156540494717309,1.430070933389172e-10,3.445068144467442e-18,0.3195730279216685,0.7960810214070552,0.0,0.0,0.0,0.0,0.0,0.0,0.0,0.0
8.183333333333334,0.83319145,1.1408642903188468,1.2709793917315712e-10,2.1680512014634727e-18,0.30153987766572327,0.8393244125260257,0.0,0.0,0.0,0.0,0.0,0.0,0.0,0.0
8.2,0.8706383,1.1610120039722611,1.1294992977951094e-10,1.3643822284905567e-18,0.2840642509587349,0.8769477529005762,0.0,0.0,0.0,0.0,0.0,0.0,0.0,0.0
8.216666666666667,0.9080851,1.1757671141333217,1.0036914512683998e-10,8.586130689608664e-19,0.2671840203807441,0.9085830936522084,0.0,0.0,0.0,0.0,0.0,0.0,0.0,0.0
8.233333333333333,0.93148935,1.184936061514319,8.918289398595695e-11,5.403236431978255e-19,0.2509285240414432,0.9340075373836928,0.0,0.0,0.0,0.0,0.0,0.0,0.0,0.0
8.25,0.9548936,1.188453992329495,7.923740469581754e-11,3.4002088722775776e-19,0.23531933324899826,0.9531346590012593,0.0,0.0,0.0,0.0,0.0,0.0,0.0,0.0
8.266666666666667,0.973617,1.1863737726221877,7.039576537544627e-11,2.139697977668444e-19,0.22037100696904147,0.9660027655827506,0.0,0.0,0.0,0.0,0.0,0.0,0.0,0.0
8.283333333333333,0.9782979,1.1788527545251666,6.253608684360969e-11,1.3464639046460894e-19,0.2060918243949781,0.9727609300676523,0.0,0.0,0.0,0.0,0.0,0.0,0.0,0.0
8.3,0.9782979,1.166138137928113,5.554986434974337e-11,8.4729065204875e-20,0.192484488766318,0.9736536491062452,0.0,0.0,0.0,0.0,0.0,0.0,0.0,0.0
8.316666666666666,0.973617,1.1485516675921041,4.9340516762055586e-11,5.331699595383661e-20,0.1795467971825065,0.9690048703602571,0.0,0.0,0.0,0.0,0.0,0.0,0.0,0.0
8.333333333333334,0.95957446,1.1264742916435782,4.38220841331816e-11,3.355015884968315e-20,0.1672722725730601,0.9592020190266959,0.0,0.0,0.0,0.0,0.0,0.0,0.0,0.0
8.35,0.9455319,1.1003312906514962,3.891806659827649e-11,2.111150686658196e-20,0.15565075521112315,0.9446805354014549,0.0,0.0,0.0,0.0,0.0,0.0,0.0,0.0
8.366666666666667,0.92212766,1.070578273237429,3.456038937994858e-11,1.3284331873156636e-20,0.14466895220872206,0.9259093209941465,0.0,0.0,0.0,0.0,0.0,0.0,0.0,0.0
8.383333333333333,0.8987234,1.0376883287401624,3.068848030153906e-11,8.359034509738541e-21,0.13431094432172083,0.903377384387753,0.0,0.0,0.0,0.0,0.0,0.0,0.0,0.0
8.4,0.8753191,1.0021405327086585,2.7248447664983456e-11,5.2597913968673954e-21,0.12455865013458337,0.8775818825468267,0.0,0.0,0.0,0.0,0.0,0.0,0.0,0.0
8.416666666666666,0.847234,0.9644099185507211,2.4192347650016316e-11,3.3096114012887887e-21,0.11539224830405265,0.8490176702224761,0.0,0.0,0.0,0.0,0.0,0.0,0.0,0.0
8.433333333333334,0.8191489,0.9249589591582342,2.147753155390512e-11,2.0824838747553446e-21,0.10679055903061345,0.8181684001061432,0.0,0.0,0.0,0.0,0.0,0.0,0.0,0.0
8.45,0.786383,0.8842305456557257,1.9066064229819287e-11,1.3103355567510845e-21,0.09873138631104925,0.7854991593256103,0.0,0.0,0.0,0.0,0.0,0.0,0.0,0.0
8.466666666666667,0.753617,0.8426424059256924,1.6924206010268087e-11,8.244792196472719e-22,0.09119182281726111,0.751450583091507,0.0,0.0,0.0,0.0,0.0,0.0,0.0,0.0
8.483333333333333,0.72085106,0.800582872234965,1.5021951231527768e-11,5.187681241644828e-22,0.08414851945828399,0.7164343527616591,0.0,0.0,0.0,0.0,0.0,0.0,0.0,0.0
8.5,0.6880851,0.7584078838794897,1.3332617215960304e-11,3.2640988466457245e-22,0.07757792182520022,0.6808299620409568,0.0,0.0,0.0,0.0,0.0,0.0,0.0,0.0
8.516666666666667,0.65531915,0.7164390959321241,1.1832478231037424e-11,2.0537606990772795e-22,0.0714564758030267,0.6449826201172649,0.0,0.0,0.0,0.0,0.0,0.0,0.0,0.0
8.533333333333333,0.62255317,0.6749629575488226,1.050043953501769e-11,1.2922095882023204e-22,0.06576080466889098,0.6092021528694312,0.0,0.0,0.0,0.0,0.0,0.0,0.0,0.0
8.55,0.5851064,0.6342306215383742,9.317747147137236e-12,8.130415239381072e-23,0.060467859990576835,0.5737627615384796,0.0,0.0,0.0,0.0,0.0,0.0,0.0,0.0
8.566666666666666,0.55702126,0.5944585497928359,8.267729451529238e-12,5.115513123373846e-23,0.055555048601265575,0.5389035011833025,0.0,0.0,0.0,0.0,0.0,0.0,0.0,0.0
8.583333333333334,0.52425534,0.5558296855916038,7.335567164905256e-12,3.21856622160654e-23,0.05100033786174369,0.5048293477225246,0.0,0.0,0.0,0.0,0.0,0.0,0.0,0.0
8.6,0.4961702,0.5184950727471178,6.508088573688661e-12,2.0250349502805488e-23,0.04678234133641261,0.47171273140419717,0.0,0.0,0.0,0.0,0.0,0.0,0.0,0.0
8.616666666666667,0.47276595,0.48257581220776463,5.7735872815774804e-12,1.274088167181557e-23,0.04288038690907475,0.4396954252929163,0.0,0.0,0.0,0.0,0.0,0.0,0.0,0.0
8.633333333333333,0.4493617,0.44816525836621024,5.1216600077516834e-12,8.016104721738832e-24,0.039274569253194565,0.408890689107894,0.0,0.0,0.0,0.0,0.0,0.0,0.0,0.0
8.65,0.43063828,0.41533136936001347,4.54306224294998e-12,5.0434100174140694e-24,0.035945788452724114,0.3793855809027463,0.0,0.0,0.0,0.0,0.0,0.0,0.0,0.0
8.666666666666666,0.41659573,0.3841191376387098,4.029579808890589e-12,3.1730887453084945e-24,0.032875776446883616,0.3512433611877966,0.0,0.0,0.0,0.0,0.0,0.0,0.0,0.0
8.683333333333334,0.40723404,0.3545530386556948,3.5739145790480437e-12,1.996352643851841e-24,0.03004711284798906,0.32450592580413185,0.0,0.0,0.0,0.0,0.0,0.0,0.0,0.0
8.7,0.39787233,0.32663944646787496,3.1695828083978897e-12,1.2559994478441651e-24,0.027443231557755077,0.2991962149069503,0.0,0.0,0.0,0.0,0.0,0.0,0.0,0.0
8.716666666666667,0.38851064,0.30036897511315,2.8108246888405393e-12,7.902032926061484e-25,0.025048419486084578,0.2753205556242546,0.0,0.0,0.0,0.0,0.0,0.0,0.0,0.0
8.733333333333333,0.38382977,0.27571871377588214,2.492523897830849e-12,4.971477361870443e-25,0.02284780855863607,0.2528709052147535,0.0,0.0,0.0,0.0,0.0,0.0,0.0,0.0
8.75,0.37914893,0.2526543318869517,2.2101360422178257e-12,3.1277309548070304e-25,0.020827362086392773,0.2318269697983488,0.0,0.0,0.0,0.0,0.0,0.0,0.0,0.0
8.766666666666667,0.3744681,0.23113203742616661,1.959625019208822e-12,1.9677532867325865e-25,0.018973856462884128,0.21215818096132286,0.0,0.0,0.0,0.0,0.0,0.0,0.0,0.0
8.783333333333333,0.36978722,0.21110037782081928,1.7374064232696265e-12,1.2379676175197175e-25,0.017274859053113285,0.1938255187659686,0.0,0.0,0.0,0.0,0.0,0.0,0.0,0.0
8.8,0.36978722,0.19250187801136462,1.5402972230671586e-12,7.788347950721981e-26,0.015718703043016702,0.17678317496680762,0.0,0.0,0.0,0.0,0.0,0.0,0.0,0.0
8.816666666666666,0.36978722,0.1752745145463105,1.3654710174989639e-12,4.8998058464718265e-26,0.014294459929580828,0.1609800546153642,0.0,0.0,0.0,0.0,0.0,0.0,0.0,0.0
8.833333333333334,0.36510637,0.15935302804793933,1.210418255552384e-12,3.082548390504522e-26,0.012991910249624733,0.14636111779710417,0.0,0.0,0.0,0.0,0.0,0.0,0.0,0.0
8.85,0.36978722,0.1446700791395077,1.0729108721969331e-12,1.9392708962892274e-26,0.011801513069686282,0.1328685660687485,0.0,0.0,0.0,0.0,0.0,0.0,0.0,0.0
8.866666666666667,0.36978722,0.13115725502593034,9.509708526210735e-13,1.2200135129967654e-26,0.010714374690251743,0.12044288033472764,0.0,0.0,0.0,0.0,0.0,0.0,0.0,0.0
8.883333333333333,0.36978722,0.11874593545668956,8.428422906805734e-13,7.675177438720974e-27,0.009722216954570175,0.10902371850127654,0.0,0.0,0.0,0.0,0.0,0.0,0.0,0.0
8.9,0.37914893,0.10737261018862349,7.4696655513419e-13,4.8284736694725814e-27,0.008817345495200682,0.09855068235507629,4.582337599544741e-06,0.0,0.0,0.0,0.0,0.0,0.0,0.0
8.916666666666666,0.38851064,0.09761657589589107,6.619602197422211e-13,3.0375889626760714e-27,0.007992618199986201,0.08896396380617091,0.0006599938890719875,0.0,0.0,0.0,0.0,0.0,0.0,0.0
8.933333333333334,0.4025532,0.09364718839017407,5.865954511553242e-13,1.9109348280265208e-27,0.007241414132982175,0.08020488098148393,0.0062008932751213665,0.0,0.0,0.0,0.0,0.0,0.0,0.0
8.95,0.42595744,0.10397268857689682,5.197825822333642e-13,1.2021551220514143e-27,0.006557603104679452,0.07221631471932607,0.025198770752371504,0.0,0.0,0.0,0.0,0.0,0.0,0.0
8.966666666666667,0.4587234,0.13859130757511476,4.605546284536024e-13,7.562631617608053e-28,0.0059355160492786194,0.06494305585327435,0.06771273567210123,0.0,0.0,0.0,0.0,0.0,0.0,0.0
8.983333333333333,0.50085104,0.20579290277689682,4.080535317989346e-13,4.7575483808734235e-28,0.005369916334475254,0.05833207333604443,0.14209091310596908,0.0,0.0,0.0,0.0,0.0,0.0,0.0
9.0,0.56638294,0.3100854942705662,3.615179403156016e-13,2.992894069460705e-28,0.0048559721008377315,0.052332712783787795,0.2528968093855791,0.0,0.0,0.0,0.0,0.0,0.0,0.0
9.016666666666667,0.6459574,0.4514590372110032,3.202723527173738e-13,1.8827704539209645e-28,0.0043892297030897285,0.046896834456194934,0.40017297305139826,0.0,0.0,0.0,0.0,0.0,0.0,0.0
9.033333333333331,0.753617,0.625699527484985,2.8371747627309123e-13,1.1844079951539656e-28,0.003965588304109252,0.04197889905926671,0.5797550401213254,0.0,0.0,0.0,0.0,0.0,0.0,0.0
9.05,0.8893617,0.8253415924081932,2.5132166300155583e-13,7.450805799092106e-29,0.003581275653932065,0.037536009092070506,0.7842243076619393,0.0,0.0,0.0,0.0,0.0,0.0,0.0
9.066666666666666,1.0485107,1.04088913031205,2.2261330413829013e-13,4.687088400491761e-29,0.0032328250702030833,0.03352791277767307,1.0041283924639512,0.0,0.0,0.0,0.0,0.0,0.0,0.0
9.083333333333334,1.226383,1.262032692407261,1.9717407613398065e-13,2.9484995191071903e-29,0.00291705362307794,0.029916976938958215,1.2291986618450277,0.0,0.0,0.0,0.0,0.0,0.0,0.0
9.1,1.4229788,1.4786961930878846,1.7463294327588883e-13,1.8547997228647025e-29,0.0026310415162966666,0.026668134515906012,1.4493970170555073,0.0,0.0,0.0,0.0,0.0,0.0,0.0
9.116666666666667,1.6242553,1.681831827906088,1.5466083254973732e-13,1.1667855861503347e-29,0.0023721126467761235,0.02374881178222068,1.6557109034769366,0.0,0.0,0.0,0.0,0.0,0.0,0.0
9.133333333333333,1.8161702,1.8639444138480878,1.3696590572510435e-13,7.339782450572619e-30,0.002137816317397038,0.02112883971371812,1.8406777578168356,0.0,0.0,0.0,0.0,0.0,0.0,0.0
9.15,1.9893616,2.0193660513331544,1.2128936197852893e-13,4.617144277934932e-30,0.0019259100714788624,0.018780353393681407,1.9986597878678727,0.0,0.0,0.0,0.0,0.0,0.0,0.0
9.166666666666666,2.134468,2.1443234063706154,1.0740171177947452e-13,2.9044362965467363e-30,0.0017343436125682643,0.016677682814882522,2.1259113799430573,0.0,0.0,0.0,0.0,0.0,0.0,0.0
9.183333333333334,2.2421277,2.2368480442639602,9.509946935569671e-14,1.827041627182768e-30,0.001561243769438002,0.014797237955754607,2.2204895625386727,0.0,0.0,0.0,0.0,0.0,0.0,0.0
9.2,2.3123405,2.2965796549853965,8.420221691686591e-14,1.1492995362517158e-30,0.001404900463458102,0.013117390569801985,2.282057363952052,0.0,0.0,0.0,0.0,0.0,0.0,0.0
9.216666666666669,2.3404255,2.3245063300107796,7.454999902843146e-14,7.2296329243732396e-31,0.001263753633616506,0.011618354732110491,2.311624221644978,0.0,0.0,0.0,0.0,0.0,0.0,0.0
9.233333333333333,2.3310637,2.3226779472553782,6.600101016342257e-14,4.547759745826787e-31,0.001136381073314324,0.010282067833487693,2.31125949834851,0.0,0.0,0.0,0.0,0.0,0.0,0.0
9.25,2.293617,2.293920001074272,5.842954258151253e-14,2.8607312050514568e-31,0.001021487132525916,0.009092073399349402,2.2838064405423384,0.0,0.0,0.0,0.0,0.0,0.0,0.0
9.266666666666667,2.2234042,2.241566995647259,5.1724165349237477e-14,1.799512593653702e-31,0.0009178922389034911,0.008033406834727114,2.2326156965735766,0.0,0.0,0.0,0.0,0.0,0.0,0.0
9.283333333333331,2.139149,2.1692274080892293,4.5786108572827497e-14,1.1319599123781832e-31,0.0008245231918261026,0.00709248495603842,2.161310399941319,0.0,0.0,0.0,0.0,0.0,0.0,0.0
9.3,2.040851,2.0805864719069507,4.052782981098478e-14,7.120418910925628e-32,0.0007404041841735447,0.006256999961883832,2.0735890677608526,0.0,0.0,0.0,0.0,0.0,0.0,0.0
9.316666666666666,1.9378723,1.9792486510623903,3.587174220883216e-14,4.4789726060264515e-32,0.0006646485076742761,0.005515818316264262,1.973068184238416,0.0,0.0,0.0,0.0,0.0,0.0,0.0
9.333333333333334,1.8348936,1.8686185531331223,3.1749086181852795e-14,2.8174074068271104e-32,0.0005964508989749044,0.00485888486548319,1.8631632173686326,0.0,0.0,0.0,0.0,0.0,0.0,0.0
9.35,1.7412766,1.751816981605248,2.8098928511723784e-14,1.7722268133480487e-32,0.0005350804850582379,0.004277132381920078,1.7470047687382415,0.0,0.0,0.0,0.0,0.0,0.0,0.0
9.366666666666667,1.6476595,1.6316276435914676,2.4867274522497916e-14,1.1147754084556681e-32,0.00047987428824811573,0.0037623966211912338,1.6273853726820033,0.0,0.0,0.0,0.0,0.0,0.0,0.0
9.383333333333333,1.5587233,1.5104695065860818,2.200628061091133e-14,7.012193667540859e-33,0.0004302312527483336,0.003307336891526985,1.5067319384417845,0.0,0.0,0.0,0.0,0.0,0.0,0.0
9.4,1.4791489,1.3903897534929126,1.947355583085933e-14,4.410815479885175e-33,0.00038560675643399507,0.0029053620631574384,1.3870987846733016,0.0,0.0,0.0,0.0,0.0,0.0,0.0
9.416666666666666,1.4089361,1.2730725647004308,1.723154249925589e-14,2.7744848812002243e-33,0.0003455075734206751,0.0025505618889992234,1.2701764952379937,0.0,0.0,0.0,0.0,0.0,0.0,0.0
9.433333333333334,1.3387234,1.1598594352948215,1.5246966916152717e-14,1.7451965215097866e-33,0.00030948725475509435,0.002237643464002317,1.157312304576049,0.0,0.0,0.0,0.0,0.0,0.0,0.0
9.45,1.2685106,1.051777319257452,1.3490352291953459e-14,1.0977535164184355e-33,0.0002771418963822941,0.00196187261738482,1.0495383047436715,0.0,0.0,0.0,0.0,0.0,0.0,0.0
9.466666666666669,1.2076596,0.9495715108323897,1.1935586862706208e-14,6.9050030634262834e-34,0.0002481062653311892,0.0017190200080377594,0.9476043845590087,0.0,0.0,0.0,0.0,0.0,0.0,0.0
9.483333333333333,1.1514894,0.8537407777262306,1.0559540963310703e-14,4.3433164470023616e-34,0.00022205025681108285,0.0015053116771981414,0.8520134157922108,0.0,0.0,0.0,0.0,0.0,0.0,0.0
9.5,1.0906383,0.7645728201611102,9.341727529014676e-15,2.7319808151352383e-34,0.0001986756566144739,0.0013173838027797332,0.7630567607017066,0.0,0.0,0.0,0.0,0.0,0.0,0.0
9.516666666666667,1.0391489,0.68217862606553,8.264001117713324e-15,1.7184322363577484e-34,0.00017771318486948213,0.001152241395402495,0.6808486714852497,0.0,0.0,0.0,0.0,0.0,0.0,0.0
9.533333333333331,0.9829787,0.606524717695191,7.310291097960909e-15,1.0809006722644627e-34,0.00015891979877076038,0.001007220676174351,0.6053585772202386,0.0,0.0,0.0,0.0,0.0,0.0,0.0
9.55,0.93148935,0.5374626375213805,6.466365138110578e-15,6.798886473180779e-35,0.00014207623343773828,0.0008799548798061479,0.5364406064081301,0.0,0.0,0.0,0.0,0.0,0.0,0.0
9.566666666666666,0.88,0.4747553047219417,5.71961956747022e-15,4.276499591926026e-35,0.00012698476149938537,0.0007683432329311583,0.47385997672750546,0.0,0.0,0.0,0.0,0.0,0.0,0.0
9.583333333333334,0.82851064,0.4181000943123973,5.0588935669627055e-15,2.6899099378102e-35,0.0001134671533838238,0.0006705228659206362,0.4173161042930878,0.0,0.0,0.0,0.0,0.0,0.0,0.0
9.6,0.7817021,0.3671486566104239,4.474304489984154e-15,1.691942963880903e-35,0.00010136282159862283,0.0005848434264973017,0.3664624503623235,0.0,0.0,0.0,0.0,0.0,0.0,0.0
9.616666666666667,0.7348936,0.3215236136089911,3.957101918779446e-15,1.0642223814366081e-35,9.052713352272198e-05,0.0005098441745859135,0.32092324230087854,0.0,0.0,0.0,0.0,0.0,0.0,0.0
9.633333333333333,0.69276595,0.28083234909594246,3.4995383320556985e-15,6.693877544546663e-36,8.0829878395206e-05,0.00044423334972729073,0.28030728586781645,0.0,0.0,0.0,0.0,0.0,0.0,0.0
9.65,0.65531915,0.24467815860064096,3.0947544995298322e-15,4.210385474367991e-36,7.215387528023995e-05,0.000386869614697784,0.24421913511065985,0.0,0.0,0.0,0.0,0.0,0.0,0.0
9.666666666666666,0.61787236,0.21266905028623967,2.7366779320871344e-15,2.6482848086532363e-36,6.43937098136342e-05,0.00033674539146358296,0.21226791118495972,0.0,0.0,0.0,0.0,0.0,0.0,0.0
9.683333333333334,0.58978724,0.18442449464816374,2.419932905220514e-15,1.665736374311386e-36,5.745458849648267e-05,0.00029297191804667026,0.18407406814161817,0.0,0.0,0.0,0.0,0.0,0.0,0.0
9.7,0.56638294,0.1595804143123279,2.139760741130567e-15,1.0477233269632019e-36,5.125130019784676e-05,0.00025476586712163936,0.15927439714500627,0.0,0.0,0.0,0.0,0.0,0.0,0.0
9.716666666666669,0.56170213,0.1377926894497969,1.8919491836679023e-15,6.590004861196021e-37,4.570727536385361e-05,0.0002214373790686899,0.13752554479391232,1.4501059774009819e-12,0.0,0.0,0.0,0.0,0.0,0.0
9.733333333333333,0.5804255,0.11874122910358437,1.6727698323266344e-15,4.144991535489823e-37,4.075373420785716e-05,0.0001923793736809049,0.11850629950263149,1.7964930624451172e-06,0.0,0.0,0.0,0.0,0.0,0.0
9.75,0.6412766,0.10235133305043856,1.4789227186235122e-15,2.6071160664378988e-37,3.632891587805524e-05,0.00016705801568982575,0.10191887482741765,0.00022907129145154404,0.0,0.0,0.0,0.0,0.0,0.0
9.766666666666667,0.7723404,0.09170152868647818,1.307487212107905e-15,1.639818954872607e-37,3.2377381268308956e-05,0.00014500421968412458,0.08748939214408505,0.004034754941439401,0.0,0.0,0.0,0.0,0.0,0.0
9.783333333333331,0.99702126,0.10416512769236282,1.155878535416672e-15,1.0314074631389361e-37,2.884938275747974e-05,0.00012580608981851825,0.07496773862585088,0.02904273359393479,0.0,0.0,0.0,0.0,0.0,0.0
9.8,1.3668085,0.18948856762650865,1.0218092495468454e-15,6.487292517385574e-38,2.570029473549944e-05,0.0001091021989290137,0.06412695104459469,0.12522681408824843,0.0,0.0,0.0,0.0,0.0,0.0
9.816666666666666,1.9378723,0.44208341986588445,9.032551430333192e-16,4.0803324504582475e-38,2.289009930327009e-05,9.457562028070387e-05,0.054762252190623646,0.38720370195567594,0.0,0.0,0.0,0.0,0.0,0.0
9.833333333333334,2.7710638,0.9948488557204516,7.984250230298621e-16,2.56641264561574e-38,2.0382922021121598e-05,8.194863318129724e-05,0.046689845078612756,0.9480566790866356,0.0,0.0,0.0,0.0,0.0,0.0
9.85,3.9319148,1.9926518913260658,7.057339633285602e-16,1.6141961425430367e-38,1.8146613029695182e-05,7.097803111075207e-05,0.03974555078166662,1.952817215900258,0.0,0.0,0.0,0.0,0.0,0.0
9.866666666666667,5.467234,3.554673031345908,6.237796149284342e-16,1.015278097016104e-38,1.6152369280173488e-05,6.145096786287332e-05,0.033783358762484846,3.520812069246279,0.0,0.0,0.0,0.0,0.0,0.0
9.883333333333333,7.4004254,5.739298187991973,5.513212296139185e-16,6.385760618222721e-39,1.4374393990359513e-05,5.318128349242558e-05,0.02867394389626313,5.710556688418227,0.0,0.0,0.0,0.0,0.0,0.0
9.9,9.750213,8.522750779853899,4.872610867692057e-16,4.016420435606667e-39,1.2789589791445762e-05,4.600625763690464e-05,0.024303191877254982,8.498388792129216,0.0,0.0,0.0,0.0,0.0,0.0
9.916666666666666,12.469787,11.796459757319278,4.3062804891248884e-16,2.526181964937739e-39,1.1377282349728565e-05,3.9783743064298e-05,0.02057076419840921,11.775837832095455,0.0,0.0,0.0,0.0,0.0,0.0
9.933333333333334,15.493617,15.381821791101187,3.8056300269203593e-16,1.58887243990247e-39,1.0118971540072645e-05,3.438963711611394e-05,0.017388725194560622,15.36438855729797,0.0,0.0,0.0,0.0,0.0,0.0
9.95,18.704681,19.05675050044255,3.3630596979732736e-16,9.993379595652066e-40,8.998107515658698e-06,2.9715653098934785e-05,0.014680246538514567,19.04203154014342,0.0,0.0,0.0,0.0,0.0,0.0
9.966666666666669,21.939148,22.586833860478453,2.971846968029481e-16,6.285425716842323e-40,7.999889263306925e-06,2.5667357657460075e-05,0.012378398871320678,22.574421794360212,0.0,0.0,0.0,0.0,0.0,0.0
9.983333333333333,25.02383,25.754572881212738,2.6260455473774116e-16,3.953265517052313e-40,7.111083457260744e-06,2.216244376708604e-05,0.010425035737495867,25.744118571948018,0.0,0.0,0.0,0.0,0.0,0.0
10.0,27.766808,28.38212367426971,2.3203959847150034e-16,2.4864300925262655e-40,6.319861628367886e-06,1.9129212242970672e-05,0.008769771500825673,28.373328453695013,0.0,0.0,0.0,0.0,0.0,0.0
10.016666666666667,29.990211,30.345301230439112,2.0502465311776615e-16,1.5638515165879962e-40,5.615653851700989e-06,1.650523760300089e-05,0.0073690522712500876,30.337910057276407,0.0,0.0,0.0,0.0,0.0,0.0
10.033333333333331,31.548935,31.578675166000888,1.8114830981108655e-16,9.835892680384975e-41,4.989017325219088e-06,1.4236196770188038e-05,0.006185316930404073,31.57247062385639,0.0,0.0,0.0,0.0,0.0,0.0
10.05,32.34,32.07305770017101,1.6004672665251998e-16,6.186301197810539e-41,4.431518366480248e-06,1.2274841480894081e-05,0.0051862439730150905,32.06785474983815,0.0,0.0,0.0,0.0,0.0,0.0
10.066666666666666,32.34468,31.867475622147698,1.4139814252280523e-16,3.890875766435049e-41,3.935626494896462e-06,1.0580097402255263e-05,0.00434407897118034,31.86311702745262,0.0,0.0,0.0,0.0,0.0,0.0
10.083333333333334,31.600426,31.037922536336204,1.2491802201216968e-16,2.447161890842343e-41,3.4946193947447175e-06,9.116274877226023e-06,0.0036350369226310843,31.034274888519302,0.0,0.0,0.0,0.0,0.0,0.0
10.1,30.219574,29.68497495186343,1.1035475906369138e-16,1.5391362984514286e-41,3.1024976702075664e-06,7.852377929342659e-06,0.003038773481503089,29.68192522350633,0.0,0.0,0.0,0.0,0.0,0.0
10.116666666666667,28.32851,27.921906893951295,9.748587520908026e-17,9.680337808114853e-42,2.753908409081706e-06,6.761499690494816e-06,0.0025379190233305858,27.919359459519864,0.0,0.0,0.0,0.0,0.0,0.0
10.133333333333333,26.086382,25.864405663816076,8.611465561358572e-17,6.088397614493609e-42,2.4440766674105545e-06,5.820293781333256e-06,0.0021176696094278046,25.8622797298362,0.0,0.0,0.0,0.0,0.0,0.0
10.15,23.642979,23.622484646866795,7.606717264721007e-17,3.829257508489625e-42,2.168744073997442e-06,5.0085123915230676e-06,0.0017654291442577494,23.62071204046607,0.0,0.0,0.0,0.0,0.0,0.0
10.166666666666666,21.124681,21.294770890320834,6.718965245811606e-17,2.4083811444108865e-42,1.924113832334682e-06,4.308602890737556e-06,0.0014704973265292484,21.293294160277583,0.0,0.0,0.0,0.0,0.0,0.0
10.183333333333334,18.64851,18.965041348880657,5.934614512517576e-17,1.5147290461627596e-42,1.706801468649638e-06,3.7053557646065435e-06,0.0012237983518514678,18.963812138371573,0.0,0.0,0.0,0.0,0.0,0.0
10.2,16.289362,16.700691636577687,5.241646348510351e-17,9.52672845762649e-43,1.5137907391928611e-06,3.1855975251794506e-06,0.001017645709437499,16.699669291479985,0.0,0.0,0.0,0.0,0.0,0.0
10.216666666666669,14.098723,14.552728562258306,4.6294359731629317e-17,5.991722986863465e-43,1.3423941681731628e-06,2.7379230040636762e-06,0.0008455388104603314,14.551878943130673,0.0,0.0,0.0,0.0,0.0,0.0
10.233333333333333,12.132766,12.55685943339599,4.0885912428813654e-17,3.768415504382003e-43,1.1902177404449227e-06,2.352462108487434e-06,0.0007019875784512554,12.556153903137691,0.0,0.0,0.0,0.0,0.0,0.0
10.25,10.400851,10.735282986527888,3.61080997197135e-17,2.370090672701669e-43,1.0551293206754733e-06,2.020676715337841e-06,0.0005823615133106583,10.734697549208542,0.0,0.0,0.0,0.0,0.0,0.0
10.266666666666667,8.902979,9.098847534386074,3.1887537291719106e-17,1.4906314247200018e-43,9.35230413739625e-07,1.7351839041142664e-06,0.0004827601036246173,9.098362103868132,0.0,0.0,0.0,0.0,0.0,0.0
10.283333333333331,7.6251063,7.64931471670499,2.815936212162125e-17,9.375074430796636e-44,8.288309199217687e-07,1.489602194224012e-06,0.00039990180280548494,7.6489124964690705,0.0,0.0,0.0,0.0,0.0,0.0
10.3,6.5485106,6.381540196765537,2.4866245203472895e-17,5.896283065152369e-44,7.34426573550623e-07,1.2784178619329695e-06,0.0003310291006094521,6.381207154820492,0.0,0.0,0.0,0.0,0.0,0.0
10.316666666666666,5.6451063,5.285448290559785,2.1957518392522744e-17,3.7083531141149926e-44,6.50678785297678e-07,1.0968687736419364e-06,0.00027382751165072654,5.285172715500575,0.0,0.0,0.0,0.0,0.0,0.0
10.333333333333334,4.89617,4.347731973825449,1.9388402207519312e-17,2.3322924301798033e-44,5.763966368623024e-07,9.408434904570306e-07,0.00022635656645466132,4.347504100018867,0.0,0.0,0.0,0.0,0.0,0.0
10.35,4.273617,3.5532517433612,1.7119322946844562e-17,1.466844565091355e-44,5.105208024422044e-07,8.067936791543355e-07,0.0001869911289208894,3.5530634349177976,0.0,0.0,0.0,0.0,0.0,0.0
10.366666666666667,3.7540426,2.886136916628796,1.5115308813498027e-17,9.225382232427858e-45,4.5210919451115704e-07,6.916581109664635e-07,0.00015437157785843899,2.8859814012836322,0.0,0.0,0.0,0.0,0.0,0.0
10.383333333333333,3.3280852,2.3306126489736783,1.3345455929891955e-17,5.802081563919153e-45,4.003241522454537e-07,5.927967460547263e-07,0.00012736158091232846,2.3304842942718675,0.0,0.0,0.0,0.0,0.0,0.0
10.4,2.9676595,1.8715871947919904,1.1782456173203547e-17,3.64907244078861e-45,3.5442100967475267e-07,5.079335915456786e-07,0.00010501235833333419,1.8714813200790559,0.0,0.0,0.0,0.0,0.0,0.0
10.416666666666666,2.672766,1.4950387732508104,1.0402179691328524e-17,2.294987595223722e-45,3.137378974859864e-07,4.35107187707354e-07,8.653248337020763e-05,1.494951491922355,0.0,0.0,0.0,0.0,0.0,0.0
10.433333333333334,2.4246807,1.1882416930519983,9.183305782011872e-18,1.443369119027483e-45,2.7768664756178736e-07,3.726277229678442e-07,7.126239733697561e-05,1.1881697803402909,0.0,0.0,0.0,0.0,0.0,0.0
10.45,2.2187233,0.9398687309431806,8.106996545786038e-18,9.077655408169791e-46,2.457446829549468e-07,3.1903990648482885e-07,5.865293235664148e-05,0.9398095132262345,0.0,0.0,0.0,0.0,0.0,0.0
10.466666666666669,2.045532,0.7400024032790693,7.156608367695021e-18,5.7091203703987285e-46,2.1744778823691522e-07,2.73090839025195e-07,4.824723507208462e-05,0.7399536655053699,0.0,0.0,0.0,0.0,0.0,0.0
10.483333333333333,1.9004256,0.5800826564680602,6.31743685306728e-18,3.5905744590719e-46,1.9238366614850024e-07,2.3370222093230843e-07,3.966557182316049e-05,0.58004256481035,0.0,0.0,0.0,0.0,0.0,0.0
10.5,1.7787234,0.4528132846766137,5.576491347267081e-18,2.258176649351332e-46,1.7018619634718735e-07,1.9994632164256524e-07,3.259257138699672e-05,0.4527803219727087,0.0,0.0,0.0,0.0,0.0,0.0
10.516666666666667,1.6757447,0.3520444824726489,4.9222956159763045e-18,1.4202053079243197e-46,1.5053032090050006e-07,1.710252100679116e-07,2.6766526723613054e-05,0.3520173943903943,0.0,0.0,0.0,0.0,0.0,0.0
10.533333333333331,1.5868084,0.27264459614456393,4.344711657747696e-18,8.931894845896639e-47,1.3312748911820638e-07,1.462528105116573e-07,2.1970433499369452e-05,0.27262234633076493,0.0,0.0,0.0,0.0,0.0,0.0
10.55,1.5119148,0.21037045810250915,3.834783970277438e-18,5.617399730414227e-47,1.1772160144047136e-07,1.25039405804511e-07,1.8024491597990948e-05,0.21035219084990392,0.0,0.0,0.0,0.0,0.0,0.0
10.566666666666666,1.4510639,0.16174269127038127,3.3846019012599817e-18,3.5328591298930366e-47,1.0408539848570887e-07,1.0687825906677875e-07,1.4779837380113469e-05,0.1617277004693436,0.0,0.0,0.0,0.0,0.0,0.0
10.583333333333334,1.3995744,0.12393001452366954,2.9871779884476757e-18,2.221859447981394e-47,9.201724708548657e-08,9.133406883042967e-08,1.2113310016917146e-05,0.12391771786233671,0.0,0.0,0.0,0.0,0.0,0.0
10.6,1.3527659,0.09464479357666888,2.636340435754682e-18,1.397352966484177e-47,8.133828026199771e-08,7.80330099915212e-08,9.923085599937067e-06,0.0946347111197787,0.0,0.0,0.0,0.0,0.0,0.0
10.616666666666667,1.3199999,0.07205077759461243,2.3266380865185142e-18,8.788099045136777e-48,7.188985269601638e-08,6.665414591106565e-08,8.125038622482466e-06,0.07204251401199133,0.0,0.0,0.0,0.0,0.0,0.0
10.633333333333333,1.2872341,0.05468305143527179,2.053256444602563e-18,5.526918414646576e-48,6.353127734527073e-08,5.6922025559417493e-08,6.649712458315845e-06,0.05467628126951057,0.0,0.0,0.0,0.0,0.0,0.0
10.65,1.2638298,0.04137963348755845,1.8119434617114603e-18,3.475925503062427e-48,5.613781255341239e-08,4.8600304446683946e-08,5.439799172906024e-06,0.04137408895026854,0.0,0.0,0.0,0.0,0.0,0.0
10.666666666666666,1.2451063,0.031223785843550636,1.5989439576307574e-18,2.1860352837760438e-48,4.9598872282850776e-08,4.148624967525847e-08,4.448044865051989e-06,0.031219246713563624,0.0,0.0,0.0,0.0,0.0,0.0
10.683333333333334,1.2310638,0.02349591463162783,1.4109416713098563e-18,1.3748115818166143e-48,4.3816435050292154e-08,3.5406008206397764e-08,3.6355101632777403e-06,0.023492199899021293,0.0,0.0,0.0,0.0,0.0,0.0
10.7,1.2217021,0.017633872896825543,1.2450080567634113e-18,8.646264358464072e-49,3.870362977795596e-08,3.0210533715674196e-08,2.9701268485143783e-06,0.017630833855813533,0.0,0.0,0.0,0.0,0.0,0.0
10.716666666666669,1.2170212,0.01320049633357142,1.098557040411506e-18,5.437673867669237e-49,3.418347912818799e-08,2.5772081540970585e-08,2.425501149972991e-06,0.013198010876860776,0.0,0.0,0.0,0.0,0.0,0.0
10.733333333333333,1.2123404,0.009857272812497677,9.693050472627409e-19,3.4197718092926094e-49,3.018778299377287e-08,2.1981193480588374e-08,1.9799223299114103e-06,0.00985524072119129,0.0,0.0,0.0,0.0,0.0,0.0
10.75,1.2170212,0.007343147326698153,8.552356836300454e-19,2.1507029434629355e-49,2.6656126696526744e-08,1.8744104821576258e-08,1.615541962937335e-06,0.007341486384503697,0.0,0.0,0.0,0.0,0.0,0.0
10.766666666666667,1.2217021,0.005457578524343837,7.545685350722871e-19,1.3525803285295721e-49,2.353500012636481e-08,1.5980515182602132e-08,1.3176950217899554e-06,0.005456221313806737,0.0,0.0,0.0,0.0,0.0,0.0
10.783333333333331,1.2310638,0.0040470803058979855,6.657316010408594e-19,8.506385208211684e-50,2.0777015552788236e-08,1.3621672727111832e-08,1.074338671075859e-06,0.004045971568538629,0.0,0.0,0.0,0.0,0.0,0.0
10.8,1.2497872,0.0029945948544388115,5.873369432330076e-19,5.349662341805195e-50,1.8340213179716435e-08,1.1608728203317194e-08,8.75588685636142e-07,0.002993689316811792,0.0,0.0,0.0,0.0,0.0,0.0
10.816666666666666,1.2685106,0.002211147633143896,5.181591737477816e-19,3.3643955428789644e-50,1.6187444709594702e-08,9.891321238782014e-09,7.133367723343096e-07,0.002210408217605613,0.0,0.0,0.0,0.0,0.0,0.0
10.833333333333334,1.2919148,0.001629328092301869,4.571164525488768e-19,2.1158607589113338e-50,1.4285826248973892e-08,8.426366482023497e-09,5.809348861425285e-07,0.001628724445222995,0.0,0.0,0.0,0.0,0.0,0.0
10.85,1.3199999,0.0011982212769884512,4.032537021207166e-19,1.330658100282785e-50,1.2606252838970457e-08,7.177011648724723e-09,4.729349809010834e-07,0.0011977285587430621,0.0,0.0,0.0,0.0,0.0,0.0
10.866666666666667,1.348085,0.0008794853552492405,3.557277811367759e-19,8.368454281423626e-51,1.1122967742273424e-08,6.111743388888208e-09,3.848745960634161e-07,0.0008790832459420455,0.0,0.0,0.0,0.0,0.0,0.0
10.883333333333333,1.3855319,0.0006443290149408852,3.1379438896025113e-19,5.2628790175780156e-51,9.8131803747296e-09,5.203620224639339e-09,3.131003157290449e-07,0.0006440008978245565,0.0,0.0,0.0,0.0,0.0,0.0
10.9,1.4229788,0.0004711917451124946,2.767964993190157e-19,3.309793536132021e-51,8.656727443720803e-09,4.429614686707518e-09,2.5462249814787755e-07,0.000470924036272216,0.0,0.0,0.0,0.0,0.0,0.0
10.916666666666666,1.4651064,0.0003439704047910051,2.441541449432412e-19,2.0815066531275596e-51,7.635772456392697e-09,3.770049262061452e-09,2.06995807201868e-07,0.00034375200316208454,0.0,0.0,0.0,0.0,0.0,0.0
10.933333333333334,1.5119148,0.00025066838820658255,2.1535539567995201e-19,1.3090435382134972e-51,6.734539296109513e-09,3.208112908782102e-09,1.6822101962434825e-07,0.0002504902245347531,0.0,0.0,0.0,0.0,0.0,0.0
10.95,1.5634042,0.00018237026585253522,1.8994839091985546e-19,8.232462705542903e-52,5.939076042369936e-09,2.729446743101754e-09,1.366643644222844e-07,0.00018222493296532726,0.0,0.0,0.0,0.0,0.0,0.0
10.966666666666669,1.6195744,0.00013246606232083884,1.675343033657641e-19,5.177318112303733e-52,5.237045634076415e-09,2.3217890975350434e-09,1.1099130057670586e-07,0.00013234751218553034,0.0,0.0,0.0,0.0,0.0,0.0
10.983333333333333,1.6897873,9.608033885316234e-05,1.477611254858547e-19,3.255962026500724e-52,4.617540354167174e-09,1.9746715228137846e-09,9.011217779474153e-08,9.596954853483129e-05,1.4085928659177454e-08,0.0,0.0,0.0,0.0,0.0
11.0,1.7787234,8.63858829165367e-05,1.303181826458849e-19,2.047638181749371e-52,4.070917450192368e-09,1.6791584898915174e-09,7.313767144631153e-08,6.948303781744268e-05,1.682395735170748e-05,0.0,0.0,0.0,0.0,0.0
11.016666666666667,1.8863829,0.000685382530272035,1.1493128809608635e-19,1.2877350565893692e-52,3.588653504973559e-09,1.4276245675991171e-09,5.9342252377284996e-08,5.0230686629452364e-05,0.0006350874851121326,0.0,0.0,0.0,0.0,0.0
11.033333333333331,2.045532,0.006866854652381025,1.0135846486991507e-19,8.098400207006535e-53,3.16321543801058e-09,1.2135637290752342e-09,4.813425802799412e-08,3.6259435570162674e-05,0.006830542705773667,0.0,0.0,0.0,0.0,0.0
11.05,2.2655318,0.03814233594788656,8.938616838504761e-20,5.092972978154933e-53,2.787946255414701e-09,1.0314261953391527e-09,3.903138403606252e-08,2.6136689698718396e-05,0.03811615640743136,0.0,0.0,0.0,0.0,0.0
11.066666666666666,2.5885105,0.1419832316480916,7.882595125439003e-20,3.2028967172073154e-53,2.456963877032878e-09,8.764788741318167e-10,3.164062429687147e-08,1.8813654215396525e-05,0.14196438301980915,0.0,0.0,0.0,0.0,0.0
11.083333333333334,3.051915,0.4018970294605127,6.951151863455218e-20,2.0142525705419193e-53,2.1650715569520547e-09,7.446860109714356e-10,2.564185981674597e-08,1.3523951875600281e-05,0.4018834769570197,0.0,0.0,0.0,0.0,0.0
11.1,3.7165956,0.9328946448388009,6.12961284656272e-20,1.26673086599622e-53,1.907678580299667e-09,6.326071498281625e-10,2.0774438882900516e-08,9.708592444539193e-06,0.9328849129316318,0.0,0.0,0.0,0.0,0.0
11.116666666666667,4.6527658,1.8633502762641971,5.4050296280858166e-20,7.96625525465412e-54,1.6807300674463927e-09,5.373099137640092e-10,1.6826208293589023e-08,6.960571793169178e-06,1.8633432966481558,0.0,0.0,0.0,0.0,0.0
11.133333333333333,5.935319,3.3084178832231927,4.7659768969814045e-20,5.0098361908521013e-54,1.4806448484213815e-09,4.562954706920801e-10,1.3624551964104038e-08,4.984055478025935e-06,3.3084128836062225,0.0,0.0,0.0,0.0,0.0
11.15,7.620425,5.3430935442210865,4.202373603569572e-20,3.150592832108695e-54,1.304260487367561e-09,3.8743485416596707e-10,1.1029072735397554e-08,3.5643715344522787e-06,5.343089967128784,0.0,0.0,0.0,0.0,0.0
11.166666666666666,9.754893,7.982331555072359,3.7053250560264226e-20,1.9813467493320655e-54,1.1487846408222728e-09,3.2891457079939183e-10,8.925618635981436e-09,2.545995396794747e-06,7.982328998673644,0.0,0.0,0.0,0.0,0.0
11.183333333333334,12.338723,11.172641215527882,3.266983533470514e-20,1.2460289943296861e-54,1.0117520259393475e-09,2.7919015055260384e-10,7.221408647681895e-09,1.816430504025602e-06,11.172639390585028,0.0,0.0,0.0,0.0,0.0
11.2,15.348511,14.795992644827718,2.8804252481486887e-20,7.836015189592376e-55,8.909863567639028e-10,2.369464888967644e-10,5.841057241096119e-09,1.2944284678175463e-06,14.795991343430261,0.0,0.0,0.0,0.0,0.0
11.216666666666669,18.699999,18.683906810520472,2.539541742471682e-20,4.92789963000773e-55,7.845666794691083e-10,2.0106399524877314e-10,4.723333263794451e-09,9.213966014888559e-07,18.68390588341491,0.0,0.0,0.0,0.0,0.0
11.233333333333333,22.262127,22.637896730745094,2.238944030371238e-20,3.0990451654039365e-55,6.907976020896065e-10,1.7058970390972426e-10,3.818518577584289e-09,6.551417143886993e-07,22.637896070923475,0.0,0.0,0.0,0.0,0.0
11.25,25.866383,26.45199710179943,1.9738779900680553e-20,1.9489173827643033e-55,6.081829716418983e-10,1.44712625354937e-10,3.0862563017871826e-09,4.6532293356370163e-07,26.451996632637346,0.0,0.0,0.0,0.0,0.0
11.266666666666667,29.32085,29.933663523265455,1.7401496899095566e-20,1.225627305826608e-55,5.354026024212152e-10,1.2274271996828393e-10,2.493798577793386e-09,3.3015231179072616e-07,29.933663189961198,0.0,0.0,0.0,0.0,0.0
11.283333333333331,32.433617,32.92041623381322,1.534059483123535e-20,7.707666342956637e-56,4.71291704421348e-10,1.0409296564295564e-10,2.01458020979281e-09,2.3400476860163677e-07,32.920415997218484,0.0,0.0,0.0,0.0,0.0
11.3,35.02681,35.290855820976475,1.3523438435291713e-20,4.847154552005563e-56,4.148227008840419e-10,8.826406719927166e-11,1.6270580035250279e-09,1.656895205327266e-07,35.29085565315681,0.0,0.0,0.0,0.0,0.0
11.316666666666666,36.96936,36.969807344667174,1.1921240345350868e-20,3.0482481267354795e-56,3.6508915951411603e-10,7.48314211133798e-11,1.3137666511239053e-09,1.1720186829040252e-07,36.96980722571162,0.0,0.0,0.0,0.0,0.0
11.333333333333334,38.16298,37.92819798346985,1.0508608099927445e-20,1.9169608982149278e-56,3.212915934031694e-10,6.343400517076802e-11,1.0605510335901604e-09,8.282321689513641e-08,37.92819789920136,0.0,0.0,0.0,0.0,0.0
11.35,38.574894,38.1787924574649,9.263144393037975e-21,1.2055235183415271e-56,2.8272491564103117e-10,5.376491069800694e-11,8.559421933520314e-10,5.8473131678331575e-08,38.178792397799334,0.0,0.0,0.0,0.0,0.0
11.366666666666667,38.233192,37.76912555914127,8.165094320408404e-21,7.581194142847915e-57,2.4876735635798434e-10,4.556327613709792e-11,6.906502639106281e-10,4.124351622527719e-08,37.76912551691277,0.0,0.0,0.0,0.0,0.0
11.383333333333333,37.212765,36.772948529536016,7.197034105204836e-21,4.7675916561895067e-57,2.1887067289142092e-10,3.860741590022135e-11,5.571525750604456e-10,2.9064188618473546e-08,36.7729484996572,0.0,0.0,0.0,0.0,0.0
11.4,35.621277,35.28132576912557,6.343596433881357e-21,2.998195782164849e-57,1.925515032226037e-10,3.270896852796546e-11,4.493591804267211e-10,2.0463117088113102e-08,35.281325747987836,0.0,0.0,0.0,0.0,0.0
11.416666666666666,33.580425,33.39425569793791,5.591228103392375e-21,1.885473511157113e-57,1.6938373006568177e-10,2.7707913901228714e-11,3.6234134306076253e-10,1.4394748681192747e-08,33.394255682983726,0.0,0.0,0.0,0.0,0.0
11.433333333333334,31.225958,31.213404901783054,4.927976184899161e-21,1.1857152190497723e-57,1.4899173826099311e-10,2.346833125162693e-11,2.9211119908323103e-10,1.0117250848542243e-08,31.213404891201233,0.0,0.0,0.0,0.0,0.0
11.45,28.684256,28.836280164861467,4.34329935404045e-21,7.456583211556846e-58,1.3104446165102503e-10,1.987478851449429e-11,2.3544300913447133e-10,7.104839801497646e-09,28.836280157370265,0.0,0.0,0.0,0.0,0.0
11.466666666666669,26.062979,26.351943275875406,3.827901430690247e-21,4.689201145058832e-58,1.1525012759694357e-10,1.6829269632693667e-11,1.8972819302728622e-10,4.98524381548145e-09,26.351943270568356,0.0,0.0,0.0,0.0,0.0
11.483333333333333,23.460424,23.83820897042934,3.3735845179993553e-21,2.9488818914414678e-58,1.0135161790207916e-10,1.4248560143253753e-11,1.528577984947636e-10,3.4951487247976992e-09,23.838208966665732,0.0,0.0,0.0,0.0,0.0
11.5,20.932766,21.36015706514147,2.9731194367654616e-21,1.8544512482378168e-58,8.912237430119131e-11,1.2062023100427108e-11,1.231272408466605e-10,2.4484919033800857e-09,21.360157062468666,0.0,0.0,0.0,0.0,0.0
11.516666666666667,18.545532,18.969729295719706,2.6201314215657497e-21,1.1661998787375154e-58,7.836278498955003e-11,1.0209707398044513e-11,9.915911624448767e-11,1.7139252052173526e-09,18.969729293818048,0.0,0.0,0.0,0.0,0.0
11.533333333333331,16.354893,16.706159872410268,2.3089992837879425e-21,7.333817454047112e-59,6.8896996025625e-11,8.640739099086682e-12,7.98406776948897e-11,1.198813128191361e-09,16.706159871054076,0.0,0.0,0.0,0.0,0.0
11.55,14.374893,14.596995706039243,2.034766457435369e-21,4.611972779068046e-59,6.057009795497628e-11,7.311953673878767e-12,6.427320286382895e-11,8.378834744751559e-10,14.596995705069205,0.0,0.0,0.0,0.0,0.0
11.566666666666666,12.619575,12.659487707247509,1.7930625296175445e-21,2.900299941939544e-59,5.3245643766814415e-11,6.186733272094723e-12,5.173100348644436e-11,5.851863453580359e-10,12.65948770655116,0.0,0.0,0.0,0.0,0.0
11.583333333333334,11.084255,10.902170139691396,1.5800340218608479e-21,1.8238899682961995e-59,4.680345939431826e-11,5.234018463575533e-12,4.16282495850981e-11,4.084029987025989e-10,10.902170139189327,0.0,0.0,0.0,0.0,0.0
11.6,9.754893,9.326484231479645,1.3922833333461379e-21,1.1469748648193025e-59,4.11377124813446e-11,4.42746841208957e-12,3.3492125946945073e-11,2.8482194145555226e-10,9.326484231115765,0.0,0.0,0.0,0.0,0.0
11.616666666666667,8.612766,7.9283405260721995,1.2268148851407873e-21,7.212880138586166e-60,3.615520912853336e-11,3.744747308492485e-12,2.6941118066766208e-11,1.9849665787300842e-10,7.9283405258068615,0.0,0.0,0.0,0.0,0.0
11.633333333333333,7.6391487,6.699548867969313,1.0809876174472288e-21,4.535895926564801e-60,3.177389186106068e-11,3.166918182809297e-12,2.1667452032603496e-11,1.3823992941708947e-10,6.699548867774465,0.0,0.0,0.0,0.0,0.0
11.65,6.8199997,5.629073911621097,9.524730915856313e-22,2.8524431795928523e-60,2.7921515181078277e-11,2.6779280218349963e-12,1.742289740392728e-11,9.620984837638019e-11,5.629073911476865,0.0,0.0,0.0,0.0,0.0
11.666666666666666,6.127234,4.704097073528364,8.392185364246861e-22,1.7937853815253205e-60,2.453447782724639e-11,2.2641705111928013e-12,1.4007291977403142e-11,6.691389654650128e-11,4.704097073420644,0.0,0.0,0.0,0.0,0.0
11.683333333333334,5.5421276,3.910883077346725,7.394142566382948e-22,1.1280374532077665e-60,2.155679330313997e-11,1.91411475923835e-12,1.1259268947687994e-11,4.650812030571586e-11,3.910883077265487,0.0,0.0,0.0,0.0,0.0
11.7,5.0553193,3.235461262625304,6.5146488871115795e-22,7.093753970280612e-61,1.893918239263675e-11,1.6179900967705606e-12,9.048765637964283e-12,3.2304402952568794e-11,3.2354612625633914,2.3461379846666103e-15,0.0,0.0,0.0,0.0
11.716666666666669,4.643404,2.6641394981455577,5.73964051109217e-22,4.460959609346144e-61,1.6638273286160886e-11,1.3675185256047518e-12,7.270973000887519e-12,2.2424345915526083e-11,2.664139455518935,4.257892185823009e-08,0.0,0.0,0.0,0.0
11.733333333333333,4.2970214,2.183880043754503,5.056719884181226e-22,2.8053046371171604e-61,1.4615896625866303e-11,1.1556876486181006e-12,5.841449977111126e-12,1.5556343917819178e-11,2.1838723220849063,7.721632427249853e-06,0.0,0.0,0.0,0.0
11.75,4.0114894,1.7826735474612108,4.454958563655107e-22,1.764133066957803e-61,1.2838464265972352e-11,9.765579862608817e-13,4.692179393548842e-12,1.078523008694316e-11,1.782507596441269,0.00016595099064938137,0.0,0.0,0.0,0.0
11.766666666666667,3.7774467,1.4503278163416506,3.924723362195606e-22,1.1093848391480685e-61,1.1276421859278105e-11,8.250994973868978e-13,3.768384702680233e-12,7.472910004929627e-12,1.4489331666424978,0.0013946496758098655,0.0,0.0,0.0,0.0
11.783333333333331,3.5902128,1.1800369305246003,3.4575230374331697e-22,6.9764211581984325e-62,9.903766542320863e-12,6.970528991650616e-13,3.025961389373221e-12,5.174790540998076e-12,1.1731463475855295,0.006890582920269122,0.0,0.0,0.0,0.0
11.8,3.4404254,0.9704424101657232,3.045873102590437e-22,4.387152544252616e-62,8.69762201756343e-12,5.888120419240488e-13,2.4294048319789488e-12,3.581315730771847e-12,0.946264293380784,0.024178116769641943,0.0,0.0,0.0,0.0
11.816666666666666,3.3374467,0.8272930163629822,2.6831766194299155e-22,2.758877159782355e-62,7.637864237049084e-12,4.973241572084423e-13,1.95013904162528e-12,2.4770985391080997e-12,0.7604917867631265,0.06680122958729344,0.0,0.0,0.0,0.0
11.833333333333334,3.2812765,0.7637701836775097,2.363619086765117e-22,1.7349284884358708e-62,6.706791692064301e-12,4.200052757258611e-13,1.5651690259656755e-12,1.7123743970536766e-12,0.6090598727264769,0.15471031094062854,0.0,0.0,0.0,0.0
11.85,3.2765956,0.7990105911914506,2.0820757601987207e-22,1.0910141471135027e-62,5.888835019840798e-12,3.546685187229882e-13,1.2559943494783405e-12,1.1830763623663338e-12,0.48614616565015156,0.31286442553261645,0.0,0.0,0.0,0.0
11.866666666666667,3.3374467,0.954989654014406,1.8340299349720252e-22,6.860863476696103e-63,5.1703012620362164e-12,2.9946331227574324e-13,1.0077334556990522e-12,8.169381690856781e-13,0.38678526919419753,0.5682043848129141,0.0,0.0,0.0,0.0
11.883333333333333,3.4778724,1.2524277542153437,1.6155008969390153e-22,4.3144631811693534e-63,4.539148660346061e-12,2.528238680866412e-13,8.084180161014354e-13,5.638085012139915e-13,0.3067756660183021,0.9456520881908774,0.0,0.0,0.0,0.0
11.9,3.7119148,1.706600165237334,1.4229803994181382e-22,2.7131534289648924e-63,3.9847883605888055e-12,2.1342552437138686e-13,6.48424412380758e-13,3.889051132303254e-13,0.2425876795987146,1.4640124856333838,0.0,0.0,0.0,0.0
11.916666666666666,4.0582976,2.323874339928131,1.2533766584299907e-22,1.7061670092077334e-63,3.497909825536671e-12,1.8014775287063296e-13,5.200157976574932e-13,2.6811973712118053e-13,0.19127567542979954,2.132598664493865,0.0,0.0,0.0,0.0
11.933333333333334,4.517021,3.099552212014252,1.1039649777086866e-22,1.0729224398518457e-63,3.070327135271509e-12,1.520428185445556e-13,4.1697330444211925e-13,1.8475254673548986e-13,0.15039652886798194,2.949155683142446,0.0,0.0,0.0,0.0
11.95,5.1021276,4.0172715480157235,9.723442197504403e-23,6.747062321487528e-64,2.694843687838083e-12,1.2830923187232913e-13,3.342991054923386e-13,1.2724242615552846e-13,0.11793550751066646,3.899336040501772,0.0,0.0,0.0,0.0
11.966666666666669,5.8136168,5.0499131915279944,8.563984316772356e-23,4.242879737777503e-64,2.3651331076328283e-12,1.0826926394811081e-13,2.6797737614957525e-13,8.759041322143392e-14,0.09224005911398978,4.957673132411176,0.0,0.0,0.0,0.0
11.983333333333333,6.628085,6.161729552233147,7.542630163061603e-23,2.668125983686473e-64,2.075634428919747e-12,9.134990520011129e-14,2.1478190575185434e-13,6.026532883700173e-14,0.07196152339519986,6.089768028835505,0.0,0.0,0.0,0.0
12.0,7.5314894,7.311277605638614,6.64294910803379e-23,1.6778439052773195e-64,1.8214598511614405e-12,7.706674250287358e-14,1.721212846214026e-13,4.144459811727666e-14,0.05600446176866873,7.255273143867834,0.0,0.0,0.0,0.0
12.016666666666667,8.4863825,8.454703202881602,5.850462988044766e-23,1.0551067266604873e-64,1.5983135650965663e-12,6.501030921097497e-14,1.3791435172842514e-13,2.848792638893601e-14,0.04348309103821978,8.411220111841551,0.0,0.0,0.0,0.0
12.033333333333331,9.455319,9.548962303256166,5.152414378929777e-23,6.634998760932944e-65,1.4024203268458767e-12,5.483453034530914e-14,1.1049000717389295e-13,1.957263237203618e-14,0.03368418763408629,9.515278115620493,0.0,0.0,0.0,0.0
12.05,10.400851,10.554651892200562,4.537562337343641e-23,4.1723902313505236e-65,1.2304626146067588e-12,4.624694262457506e-14,8.850663841586756e-14,1.344113864394368e-14,0.0260357749983756,10.528616117200809,0.0,0.0,0.0,0.0
12.066666666666666,11.271489,11.438232550786127,3.9960023573771105e-23,2.6237872403223746e-65,1.07952534116737e-12,3.9000417795604055e-14,7.088733247957231e-14,9.226227697358336e-15,0.020080899361843083,11.418151651423086,0.0,0.0,0.0,0.0
12.083333333333334,12.034468,12.173534539773224,3.519007675492572e-23,1.649954377622615e-65,9.470472177264198e-13,3.288615908776735e-14,5.6767790918130956e-14,6.3301844648290134e-15,0.015455823496633131,12.158078716275547,0.0,0.0,0.0,0.0
12.1,12.647659,12.742535142697404,3.0988893957938037e-23,1.037563970960479e-65,8.307779722815977e-13,2.772777571346831e-14,4.54544645159622e-14,4.341256008549331e-15,0.011872012550579786,12.730663130145917,0.0,0.0,0.0,0.0
12.116666666666667,13.09234,13.13546875909631,2.728873206578704e-23,6.524653582995025e-66,7.28740720844201e-13,2.337627010546263e-14,3.639090851148186e-14,2.9759384933997683e-15,0.009101342106576786,13.126367416988943,0.0,0.0,0.0,0.0
12.133333333333333,13.359149,13.350380226619261,2.4029907227746933e-23,4.102982507860098e-66,6.391988734665187e-13,1.9705797827807585e-14,2.913074896535691e-14,2.0391287991171675e-15,0.006964019850147988,13.343416206768424,0.0,0.0,0.0,0.0
12.15,13.443404,13.392257425292417,2.115983721356501e-23,2.5801295106484766e-66,5.606270308541804e-13,1.6610081504280425e-14,2.3315964986684305e-14,1.3966259176638816e-15,0.005318774228628199,13.386938651063186,0.0,0.0,0.0,0.0
12.166666666666666,13.354468,13.271885156167121,1.863219741887965e-23,1.6224935633829713e-66,4.916853923563919e-13,1.3999378257369957e-14,1.8659444523132944e-14,9.561648896071745e-16,0.00405492326782059,13.267830232898776,0.0,0.0,0.0,0.0
12.183333333333334,13.101702,13.004553487161392,1.6406177051395268e-23,1.0202910972320691e-66,4.311972534161719e-13,1.1797915535836708e-14,1.49309751628233e-14,6.543426337283003e-16,0.003085992410055945,13.001467494750877,0.0,0.0,0.0,0.0
12.2,12.70383,12.608735255099445,1.4445823621795528e-23,6.416007338241484e-67,3.7812922103657993e-13,9.941723248588291e-15,1.1945995440281842e-14,4.476100170145983e-16,0.002344600808563102,12.60639065429048,0.0,0.0,0.0,0.0
12.216666666666669,12.188936,12.104823731722254,1.2719465269335928e-23,4.0346442686376405e-67,3.3157382028233856e-13,8.37680117304113e-15,9.556564194021035e-15,3.060686905428904e-16,0.001778380505903346,12.103045351216,0.0,0.0,0.0,0.0
12.233333333333333,11.571064,11.51399627416065,1.119920169183678e-23,2.537145018370031e-67,2.9073420400315983e-13,7.057569969449397e-15,7.644111806116382e-15,2.0920153710245157e-16,0.0013467322975266372,11.512649541862817,0.0,0.0,0.0,0.0
12.25,10.878298,10.85724578198318,9.860455542932845e-24,1.595456546107662e-67,2.549107124612372e-13,5.945562065273751e-15,6.1136226774995015e-15,1.429354574812403e-16,0.0010182560636046159,10.856227525919307,0.0,0.0,0.0,0.0
12.266666666666667,10.129361,10.154600727752145,8.68157712333843e-24,1.003284997369755e-67,2.234890599269972e-13,5.008315393273034e-15,4.8889670980823785e-15,9.762172043240622e-17,0.0007687223367315724,10.15383200541518,0.0,0.0,0.0,0.0
12.283333333333331,9.361702,9.424537358568243,7.643496042715328e-24,6.309040379241615e-68,1.9592995206052417e-13,4.218438658254702e-15,3.909156015563157e-15,6.664790587202763e-17,0.0005794763422014452,9.423957882225837,0.0,0.0,0.0,0.0
12.3,8.584681,8.68357468532849,6.729414278051917e-24,3.967363094805447e-68,1.7175996145424034e-13,3.55282162708848e-15,3.1253367158548714e-15,4.548438006443987e-17,0.0004361862187202916,8.68313849910959,0.0,0.0,0.0,0.0
12.316666666666666,7.826383,7.9460339272882505,5.924535715092269e-24,2.494825914269281e-68,1.5056350945384906e-13,2.9919680175587172e-15,2.4983832162328227e-15,3.1029578898743376e-17,0.00032786411624087595,7.945706063171854,0.0,0.0,0.0,0.0
12.333333333333334,7.09617,7.223938709303707,5.2158278417879514e-24,1.5688383651486295e-68,1.319758206346892e-13,2.5194320166640138e-15,1.9969639429627727e-15,2.1160668484000474e-17,0.00024610286453379026,7.2236926064390365,0.0,0.0,0.0,0.0
12.35,6.398723,6.5270299065707444,4.591811776250549e-24,9.865425365056922e-69,1.1567673238557812e-13,2.121342383701106e-15,1.5959923901726865e-15,1.4425298679576936e-17,0.00018448236234884613,6.526845424208276,0.0,0.0,0.0,0.0
12.366666666666667,5.757447,5.862868932128628,4.042377264360714e-24,6.203732896679911e-69,1.0138525620111892e-13,1.786000568931873e-15,1.2753850405359581e-15,9.830241009463096e-18,0.00013810915748284458,5.862730822971041,0.0,0.0,0.0,0.0
12.383333333333333,5.1629786,5.2370048222939936,3.558619681282433e-24,3.901126469666345e-69,8.88547997370512e-14,1.5035413735935682e-15,1.0190657600997923e-15,6.696523418438934e-18,0.00010326022908601429,5.2369015620648165,0.0,0.0,0.0,0.0
12.4,4.62,4.6531831190103485,3.132696422935405e-24,2.453164290090817e-69,7.786896964292918e-14,1.2656464497071528e-15,8.141678748817531e-16,4.560184463941563e-18,7.710805370155284e-05,4.653106010956567,0.0,0.0,0.0,0.0
12.416666666666666,4.1331916,4.113577793565136,2.7577003836159376e-24,1.542634024270068e-69,6.82378848311851e-14,1.0653024379632642e-15,6.503947714966774e-16,3.1043101420870735e-18,5.750889956725629e-05,4.113520284665499,0.0,0.0,0.0,0.0
12.433333333333334,3.702553,3.619030922674726,2.427548489337905e-24,9.700605583487833e-70,5.97949383280736e-14,8.96596810750224e-16,5.195076013034236e-16,2.1125126519665505e-18,4.28401724382171e-05,3.6189880825022267,0.0,0.0,0.0,0.0
12.45,3.3187234,3.1692882338545942,2.1368834974534613e-24,6.100064952464977e-70,5.239395331895922e-14,7.545455605962419e-16,4.1491487999907406e-16,1.4370996007755034e-18,3.187571703569705e-05,3.169256358137505,0.0,0.0,0.0,0.0
12.466666666666669,2.981702,2.763221789261177,1.8809874855315314e-24,3.8359217992349496e-70,4.590668556951202e-14,6.349477819564417e-16,3.313437618915474e-16,9.773036809674182e-19,2.3690415801617823e-05,2.7631980988453284,0.0,0.0,0.0,0.0
12.483333333333333,2.6914892,2.399033857683654,1.655705639710225e-24,2.4121521912726e-70,4.022063018339553e-14,5.342629618309108e-16,2.6457677119647257e-16,6.643991439901223e-19,1.7587348186599422e-05,2.3990162703354265,0.0,0.0,0.0,0.0
12.5,2.4387233,2.074438374631117,1.4573791177726851e-24,1.5168384995430804e-70,3.5237095740299564e-14,4.4950744369455e-16,2.1124098532128924e-16,4.515305865869342e-19,1.3042283218034953e-05,2.074425332347863,0.0,0.0,0.0,0.0
12.516666666666667,2.2234042,1.7868182970902033,1.2827859076604887e-24,9.538358900803748e-71,3.086951332937395e-14,3.7816707790433985e-16,1.6863924290576109e-16,3.0676481925234796e-19,9.66146004534611e-06,1.7868086356301265,0.0,0.0,0.0,0.0
12.533333333333331,2.0361702,1.5333586408335598,1.1290887303433485e-24,5.998016510085005e-71,2.704195192534587e-14,3.181235355677371e-16,1.3461501748835756e-16,2.0834632865815925e-19,7.149533744429206e-06,1.5333514912997879,0.0,0.0,0.0,0.0
12.55,1.8770213,1.3111560830517799,9.937891489631593e-25,3.7717364310646245e-71,2.3687815012825866e-14,2.675921548916602e-16,1.0744425658689502e-16,1.4145871278728094e-19,5.2852816659545705e-06,1.3111507977700898,0.0,0.0,0.0,0.0
12.566666666666666,1.7412766,1.1173067719874126,8.746871457586503e-25,2.37178162861948e-71,2.0748696405238353e-14,2.250695203519461e-16,8.574881646816575e-17,9.601491454752303e-20,3.9032228222497936e-06,1.1173028687645692,0.0,0.0,0.0,0.0
12.583333333333334,1.6242553,0.9489744632939707,7.69845516045576e-25,1.4914467465855244e-71,1.8173375878638055e-14,1.8928925499894818e-16,6.842718979394204e-17,6.514999938146506e-20,2.8797340694386504e-06,0.9489715835598829,0.0,0.0,0.0,0.0
12.6,1.5306383,0.8034413548844214,6.775585058797358e-25,9.37865346843802e-72,1.5916937591619138e-14,1.5918474277692475e-16,5.459907875503355e-17,4.4193499562452725e-20,2.1225797647481885e-06,0.8034392323046405,0.0,0.0,0.0,0.0
12.616666666666667,1.4417021,0.678144069328273,5.9632418819672035e-25,5.897567462449596e-72,1.3939996329269677e-14,1.3385769758944084e-16,4.356105205846291e-17,2.996899290628776e-20,1.5630279537627057e-06,0.6781425063003051,0.0,0.0,0.0,0.0
12.633333333333333,1.3668085,0.5706971810956533,5.248201322964265e-25,3.7085576715105804e-72,1.2208018426032032e-14,1.1255166466885717e-16,3.475107378842667e-17,2.0316887348379096e-20,1.1499231031410041e-06,0.5706960311725378,0.0,0.0,0.0,0.0
12.65,1.3012766,0.4789065442280089,4.618819744785073e-25,2.3320445890110975e-72,1.0690725819371502e-14,9.462968240488446e-17,2.772013266429497e-17,1.3769397242085222e-20,8.452363667527053e-07,0.4789056989916313,0.0,0.0,0.0,0.0
12.666666666666666,1.2451063,0.4007744766252861,4.0648454428603737e-25,1.4664537072015199e-72,9.3615730899124e-15,7.955545321741242e-17,2.2109553193729193e-17,9.329252753477616e-21,6.207298429071008e-07,0.40077385589543374,0.0,0.0,0.0,0.0
12.683333333333334,1.193617,0.3344986257924147,3.577252419224242e-25,9.221457358614514e-73,8.197288577413639e-15,6.687747375624284e-17,1.7632853016641475e-17,6.319087636827029e-21,4.5545941093942217e-07,0.33449817033299545,0.0,0.0,0.0,0.0
12.7,1.1468085,0.2784660973194642,3.1480939863064215e-25,5.798697657424823e-73,7.177471746186902e-15,5.621566057982259e-17,1.406123727658539e-17,4.278966422753964e-21,3.3390786395515774e-07,0.278465763411593,0.0,0.0,0.0,0.0
12.716666666666669,1.1046809,0.2312441860809207,2.7703738374222647e-25,3.646372801563751e-73,6.284239926321261e-15,4.725007996161519e-17,1.121200230555488e-17,2.896688055400652e-21,2.4459108634449774e-07,0.23124394148982802,0.0,0.0,0.0,0.0
12.733333333333333,1.067234,0.19156882122992952,2.43793250228349e-25,2.292933045219594e-73,5.501918394275116e-15,3.971145167273322e-17,8.93926622118092e-18,1.9603981064134445e-21,1.79018746691553e-07,0.19156864221117728,0.0,0.0,0.0,0.0
12.75,1.0297872,0.15833162603965156,2.1453473536619344e-25,1.4418543154696316e-73,4.816768491965106e-15,3.3373148247217555e-17,7.12656039243947e-18,1.3263796189749685e-21,1.309203049276728e-07,0.15833149511934178,0.0,0.0,0.0,0.0
12.766666666666667,0.9923404,0.13056630618968118,1.8878445496876682e-25,9.066738602107921e-74,4.216749129748867e-15,2.804445483536835e-17,5.680908888569312e-18,8.971679018907805e-22,9.566930693590021e-08,0.13056621052036999,0.0,0.0,0.0,0.0
12.783333333333331,0.95957446,0.10743491674085734,1.6612214886377385e-25,5.701386921243559e-74,3.691307586425092e-15,2.3564891543736936e-17,4.528097600915393e-18,6.066849443704254e-22,6.985567684663257e-08,0.10743484688517678,0.0,0.0,0.0,0.0
12.8,0.9268085,0.08821441875416004,1.4617785225722294e-25,3.585169091372197e-74,3.231196018106951e-15,1.9799431207233952e-17,3.6088944181144104e-18,4.1014514066044827e-22,5.0968329492266656e-08,0.0882143677858273,0.0,0.0,0.0,0.0
12.816666666666666,0.8987234,0.07228382016708151,1.2862588255068958e-25,2.254438964913291e-74,2.828310525894988e-15,1.6634471733793304e-17,2.8760296057713243e-18,2.772030637011761e-22,3.71599143293631e-08,0.07228378300716434,0.0,0.0,0.0,0.0
12.833333333333334,0.86595744,0.059112100326611024,1.1317954433759753e-25,1.4176435033268227e-74,2.4755500170383434e-15,1.397444426116629e-17,2.291783767931629e-18,1.873034615162166e-22,2.7072630073996717e-08,0.05911207325397846,0.0,0.0,0.0,0.0
12.85,0.8378723,0.04824704127847052,9.958646689498293e-26,8.914465222863341e-75,2.166692432205376e-15,1.1738957007290691e-17,1.8260613522930657e-18,1.2652667746607845e-22,1.970939572733368e-08,0.048247021569072616,0.0,0.0,0.0,0.0
12.866666666666667,0.8097872,0.03930502914340229,8.762449869840062e-26,5.605615079975185e-75,1.8962862082461182e-15,9.86039041940668e-18,1.4548521286159016e-18,8.544922100851768e-23,1.4338668023696071e-08,0.039305014804732356,0.0,0.0,0.0,0.0
12.883333333333333,0.7817021,0.031961843285527106,7.709809248356798e-26,3.5249338135497194e-75,1.6595551064354e-15,8.281872488275605e-18,1.1590026411979572e-18,5.769324651297286e-23,1.0424190272878988e-08,0.031961832861335165,0.0,0.0,0.0,0.0
12.9,0.75829786,0.025944417212739133,6.783512230302951e-26,2.2165543189114027e-75,1.4523147650148233e-15,6.955574276938003e-18,9.232352893362979e-19,3.8943399445455353e-23,7.573194473467831e-09,0.025944409639543198,0.0,0.0,0.0,0.0
12.916666666666666,0.73957443,0.021023531142225153,5.968408100733926e-26,1.3938162056861999e-75,1.2708995357728761e-15,5.8412751432082354e-18,7.353652073457029e-19,2.6280636371205645e-23,5.498247079864178e-09,0.021023525643976797,0.0,0.0,0.0,0.0
12.933333333333334,0.72085106,0.017007380031087187,5.251161272987835e-26,8.76460526973218e-76,1.1120983408010916e-15,4.905155085603784e-18,5.856751247482496e-19,1.7730955546417107e-23,3.989171729315238e-09,0.01700737604191434,0.0,0.0,0.0,0.0
12.95,0.7068085,0.013735950964872814,4.6200340371693705e-26,5.511361979205581e-76,9.730984404295804e-16,4.118778345080403e-18,4.664163894586671e-19,1.1959795182280551e-23,2.892406960570026e-09,0.013735948072464876,0.0,0.0,0.0,0.0
12.966666666666669,0.69276595,0.011076138703729687,4.064695285446849e-26,3.4656542553795804e-76,8.514361392910277e-16,3.458238045059382e-18,3.7141073376545963e-19,8.065137124452006e-24,2.095844098744565e-09,0.011076136607884732,0.0,0.0,0.0,0.0
12.983333333333333,0.6880851,0.00891752672102685,3.576052111306641e-26,2.1792710887495902e-76,7.449535767975595e-16,2.903436414646056e-18,2.9573247605071e-19,5.437474583143665e-24,1.517700470698144e-09,0.008917525203325631,0.0,0.0,0.0,0.0
13.0,0.6787234,0.007168762254129427,3.1461015501353356e-26,1.3703673651278793e-76,6.51760853057439e-16,2.4374791537093446e-18,2.354549376730542e-19,3.6650612508195234e-24,1.0983611823216588e-09,0.007168761155767591,0.0,0.0,0.0,0.0
13.016666666666667,0.6787234,0.005754456929198131,2.76780005461388e-26,8.617126845558208e-77,5.702028331923026e-16,2.046165881011728e-18,1.8744812002222325e-19,2.469816987693511e-24,7.944026403337443e-10,0.005754456134794918,0.0,0.0,0.0,0.0
13.033333333333331,0.6740425,0.004612548791205185,2.4349485856329022e-26,5.418607502066324e-77,4.98830053696384e-16,1.7175614568297421e-18,1.492172960371052e-19,1.663982904530309e-24,5.742180695851495e-10,0.004612548216986615,0.0,0.0,0.0,0.0
13.05,0.6740425,0.003692066575919659,2.1420914524295275e-26,3.407317729994533e-77,4.363732252845482e-16,1.4416353730441528e-18,1.187742551267069e-19,1.120816440756572e-24,4.1481827118825086e-10,0.0036920661611009498,0.0,0.0,0.0,0.0
13.066666666666666,0.6740425,0.002951242428176004,1.8844272584652273e-26,2.1425812736102764e-77,3.8172088880818486e-16,1.2099584269438253e-18,9.45346057395874e-20,7.547839426196812e-25,2.99493788599583e-10,0.0029512421286818323,0.0,0.0,0.0,0.0
13.083333333333334,0.6740425,0.0023559247226393487,1.657730505806087e-26,1.3472919361962645e-77,3.3389983533629145e-16,1.0154475994075762e-18,7.52358699966937e-20,5.081761808931519e-25,2.1610790801564552e-10,0.002355924506531106,0.0,0.0,0.0,0.0
13.1,0.6740425,0.0018782479801391114,1.458282583609562e-26,8.471998133815467e-78,2.920579493353647e-16,8.521514938268483e-19,5.987216716259589e-20,3.4206638885074633e-25,1.5585124611650776e-10,0.0018782478242875722,0.0,0.0,0.0,0.0
13.116666666666667,0.6693617,0.00149552195743435,1.2828110185355638e-26,5.327331585750904e-78,2.554491758496734e-16,7.15069901354279e-19,4.764213110540433e-20,2.302034795784173e-25,1.1233380543997507e-10,0.0014955218451002882,0.0,0.0,0.0,0.0
13.133333333333333,0.65999997,0.0011893067329335027,1.1284359989587044e-26,3.349911586613449e-78,2.2342034940345794e-16,6.000020764554002e-19,3.790738431495644e-20,1.548886776567273e-25,8.092355263818514e-11,0.001189306652009726,0.0,0.0,0.0,0.0
13.15,0.65531915,0.0009446449647696458,9.926233029155379e-27,2.106476896670746e-78,1.9539965464606286e-16,5.034191643326235e-19,3.01594319022522e-20,1.0419207288847012e-25,5.826494027392476e-11,0.0009446449065045096,0.0,0.0,0.0,0.0
13.166666666666666,0.6459574,0.000749426438237351,8.731428636901829e-27,1.3245848893344999e-78,1.708865170947389e-16,4.2235694391447005e-19,2.399327077608551e-20,7.00741438335026e-26,4.192867157074319e-11,0.0007494263963085081,0.0,0.0,0.0,0.0
13.183333333333334,0.6365957,0.0005938635448881407,7.680322984981739e-27,8.329187422997044e-79,1.494427471821763e-16,3.543256580999231e-19,1.9086353848068454e-20,4.71183335611865e-26,3.0157114737710396e-11,0.0005938635147308761,0.0,0.0,0.0,0.0
13.2,0.62255317,0.00047005945794460074,6.755648063565064e-27,5.237514236634511e-79,1.3068478261419155e-16,2.97234214813368e-19,1.5181824203570104e-20,3.167611539375426e-26,2.1679374139318486e-11,0.0004700594362650956,0.0,0.0,0.0,0.0
13.216666666666669,0.6085106,0.0003716535101241805,5.942209122261992e-27,3.293423219912756e-79,1.142768931607513e-16,2.4932647331978535e-19,1.2075153713000947e-20,2.12904402447352e-26,1.5577051720385534e-11,0.00037165349454701424,0.0,0.0,0.0,0.0
13.233333333333333,0.58978724,0.00029353066842550485,5.226635970357678e-27,2.0709500109103713e-79,9.992522876997054e-17,2.0912769295185373e-19,9.603495744759225e-21,1.4307012149312044e-26,1.1186869769046627e-11,0.00029353065723853493,0.0,0.0,0.0,0.0
13.25,0.5757447,0.0002315840670509045,4.597164082461835e-27,1.302241214483854e-79,8.737260659772166e-17,1.7539952667508514e-19,7.63720142303695e-21,9.612263414953872e-27,8.030079781261653e-12,0.00023158405902073717,0.0,0.0,0.0,0.0
13.266666666666667,0.56170213,0.00018252133669570162,4.043441940958964e-27,8.188663128927898e-80,7.639394543876155e-17,1.471021988363503e-19,6.073060394666479e-21,6.456774491949962e-27,5.761322480709767e-12,0.00018252133093430258,0.0,0.0,0.0,0.0
13.283333333333331,0.5429787,0.00014370698787473965,3.556361473486421e-27,5.149135544098845e-80,6.679226735031205e-17,1.233627226446374e-19,4.828916033978818e-21,4.336303013566176e-27,4.131602949506564e-12,0.0001437069837430698,0.0,0.0,0.0,0.0
13.3,0.52893615,0.00011303439842159651,3.1279088195211628e-27,3.237840078597341e-80,5.839519617155471e-17,1.0344819485984274e-19,3.839375978491744e-21,2.9116453530529518e-27,2.9615017888328542e-12,0.00011303439546003622,0.0,0.0,0.0,0.0
13.316666666666666,0.5148936,8.882204946199912e-05,2.7510329910857845e-27,2.0359927044217937e-80,5.105189133310786e-17,8.674335823595271e-20,3.0523954877717203e-21,1.9546678391371696e-27,2.1218043743668904e-12,8.88220473401436e-05,0.0,0.0,0.0,0.0
13.333333333333334,0.50085104,6.972957637977348e-05,2.4195302839550823e-27,1.2802559243757482e-80,4.4630362969527256e-17,7.273175104602928e-20,2.4265562562196363e-21,1.311969915593114e-27,1.5195025553016396e-12,6.972957486022622e-05,0.0,0.0,0.0,0.0
13.35,0.4868085,5.4689975403938965e-05,2.1279425522962875e-27,8.050393815160622e-81,3.9015121027261075e-17,6.097987135381237e-20,1.928899305169743e-21,8.804241979564912e-28,1.0876847891895794e-12,5.46899743162151e-05,0.0,0.0,0.0,0.0
13.366666666666667,0.47276595,4.285495375218807e-05,1.8714676855419294e-27,5.062175693171787e-81,3.4105116915389314e-17,5.112387482777559e-20,1.5331992800420281e-21,5.907150099258445e-28,7.782388665664331e-13,4.285495297391505e-05,0.0,0.0,0.0,0.0
13.383333333333333,0.46340424,3.3550950604548646e-05,1.6458808251618294e-27,3.1831496732294554e-81,2.981194137882286e-17,4.28584015453577e-20,1.2185903603910425e-21,3.9626227732805098e-28,5.565877925662641e-13,3.3550950047931e-05,0.0,0.0,0.0,0.0
13.4,0.4493617,2.624380404776758e-05,1.44746503407921e-27,2.0015971052632775e-81,2.6058246772038765e-17,3.592719170273891e-20,9.684722323038105e-22,2.6577056608325986e-28,3.97894503641096e-13,2.6243803649846983e-05,0.0,0.0,0.0,0.0
13.416666666666666,0.44468084,2.0510409860680865e-05,1.2729502856173739e-27,1.258624057537501e-81,2.2776365854168698e-17,3.011520436168116e-20,7.696391134642874e-22,1.782178434110819e-28,2.843271002537676e-13,2.0510409576330955e-05,0.0,0.0,0.0,0.0
13.433333333333334,0.43531916,1.6016023968685578e-05,1.1194597745629677e-27,7.914348211597701e-82,1.9907102681679443e-17,2.5241998955940604e-20,6.115864110236997e-22,1.1948581654173066e-28,2.0308933732751696e-13,1.6016023765576306e-05,0.0,0.0,0.0,0.0
13.45,0.42595744,1.2496112180949617e-05,9.844626723977586e-28,4.976614976067627e-82,1.739867420314255e-17,2.115617761501899e-20,4.859588292622192e-22,8.009457551919556e-29,1.4500299999859616e-13,1.2496112035929196e-05,0.0,0.0,0.0,0.0
13.466666666666669,0.4212766,9.741857469615804e-06,8.657325539205764e-28,3.129339583378474e-82,1.5205783814268596e-17,1.7730718594507283e-20,3.8611110492597976e-22,5.367995297744544e-29,1.0348806086412841e-13,9.74185736611252e-06,0.0,0.0,0.0,0.0
13.483333333333333,0.41659573,7.5886042132794866e-06,7.613108150658355e-28,1.9677553858869118e-82,1.3288810456782312e-17,1.4859058200001953e-20,3.06758413543061e-22,3.5970304341249337e-29,7.382938628350824e-14,7.588604139436797e-06,0.0,0.0,0.0,0.0
13.5,0.41659573,5.906656967134575e-06,6.6947448322644915e-28,1.2373406810353696e-82,1.1613098882250046e-17,1.2451801371293841e-20,2.436981633704774e-22,2.4099039884686586e-29,5.264975061369888e-14,5.906656914473198e-06,0.0,0.0,0.0,0.0
13.516666666666667,0.41191489,4.593963865033252e-06,5.8870789313653805e-28,7.780495231486129e-83,1.014833848727908e-17,1.0433960242011321e-20,1.9358861684789831e-22,1.6142830309314373e-29,3.753130694931717e-14,4.593963827491786e-06,0.0,0.0,0.0,0.0
13.533333333333331,0.41191489,3.5703062422354963e-06,5.176777645241979e-28,4.892433802707718e-83,8.868019690633521e-18,8.742636084636519e-21,1.5377274543529425e-22,1.0811466262365573e-29,2.6743828684870954e-14,3.5703062154827907e-06,0.0,0.0,0.0,0.0
13.55,0.40723404,2.7726902732515767e-06,4.552112733399009e-28,3.0763974641387006e-83,7.748958193179528e-18,7.325073577922798e-21,1.2213808629089293e-22,7.23960949801406e-30,1.9049701294517374e-14,2.772690254194119e-06,0.0,0.0,0.0,0.0
13.566666666666666,0.40723404,2.151696486244945e-06,4.0027675730196726e-28,1.9344597671743453e-83,6.7708786620620255e-18,6.137027701897641e-21,9.700525100194779e-23,4.846988143020219e-30,1.3564056280620232e-14,2.1516964726741116e-06,0.0,0.0,0.0,0.0
13.583333333333334,0.40723404,1.6685915418124525e-06,3.519667395755637e-28,1.2164008929742158e-83,5.916050432146435e-18,5.1413931187462e-21,7.703923524109637e-23,3.2445590474941784e-30,9.65450270890353e-15,1.6685915321520286e-06,0.0,0.0,0.0,0.0
13.6,0.4025532,1.2930457924698234e-06,3.0948299231766955e-28,7.648803986892025e-84,5.168968738974243e-18,4.307053925154614e-21,6.117887167732755e-23,2.1715355522655216e-30,6.869279628921705e-15,1.2930457855953705e-06,0.0,0.0,0.0,0.0
13.616666666666667,0.4025532,1.001331632136725e-06,2.7212339519270925e-28,4.8096127103049435e-84,4.516075804363445e-18,3.607918406317371e-21,4.8580718796289e-23,1.4531363360774642e-30,4.885797393813591e-15,1.0013316272464077e-06,0.0,0.0,0.0,0.0
13.633333333333333,0.39787233,7.74902947690541e-07,2.3927037333831873e-28,3.0243110520617267e-84,3.945516802537474e-18,3.0221090883661513e-21,3.8574434948545453e-23,9.72242384469311e-31,3.473798747487276e-15,7.749029442127937e-07,0.0,0.0,0.0,0.0
13.65,0.3931915,5.992762793790285e-07,2.1038072511454535e-28,1.9017025221111308e-84,3.4469263536478196e-18,2.5312831464065133e-21,3.0627289360756464e-23,6.5038738746623585e-31,2.4689979694925637e-15,5.99276276906581e-07,0.0,0.0,0.0,0.0
13.666666666666666,0.38851064,4.6315054804803406e-07,1.8497667272558286e-28,1.1957998247719147e-84,3.011241733666892e-18,2.1200622242837437e-21,2.431594141851731e-23,4.350104012113161e-31,1.7542261797511495e-15,4.631505462907945e-07,0.0,0.0,0.0,0.0
13.683333333333334,0.38382977,3.5771519973238757e-07,1.6263798883090902e-28,7.519243802780148e-85,2.6305394643714677e-18,1.7755540811969055e-21,1.9304001278827454e-23,2.909093839282779e-31,1.2459513470092136e-15,3.577151984838039e-07,0.0,0.0,0.0,0.0
13.7,0.3744681,2.761069896203202e-07,1.429950698897403e-28,4.72813237208123e-85,2.2978923628819194e-18,1.4869513015638614e-21,1.532418872507312e-23,1.945122514114345e-31,8.846450464934298e-16,2.7610698873337577e-07,0.0,0.0,0.0,0.0
13.716666666666669,0.36978722,2.1298389421011823e-07,1.2572284249618299e-28,2.973068170551255e-85,2.0072444942688772e-18,1.2451946740087858e-21,1.216414901234987e-23,1.3003728871358926e-31,6.279011559160826e-16,2.1298389358020857e-07,0.0,0.0,0.0,0.0
13.733333333333333,0.36042553,1.6419122023962135e-07,1.1053540261583416e-28,1.869475979124843e-85,1.753301789513575e-18,1.042690835225325e-21,9.655176909740134e-24,8.692028334086902e-32,4.455224006696531e-16,1.641912197923446e-07,0.0,0.0,0.0,0.0
13.75,0.35106382,1.2650020865322502e-07,9.718129965028222e-29,1.1755326432248294e-85,1.5314363702153912e-18,8.730754454493025e-22,7.663253297823872e-24,5.809077940295897e-32,3.160134515115894e-16,1.2650020833567925e-07,0.0,0.0,0.0,0.0
13.766666666666667,0.34170213,9.740358286808216e-08,8.543938783081632e-29,7.391784229799038e-86,1.3376028658171052e-18,7.310145653731393e-22,6.0819205427831895e-24,3.8817420247994214e-32,2.240789475379236e-16,9.740358264266487e-08,0.0,0.0,0.0,0.0
13.783333333333331,0.33702126,7.495578106923081e-08,7.511517674855531e-29,4.647973605173502e-86,1.1682652230638275e-18,6.120380824071259e-22,4.826619827505106e-24,2.593463127160618e-32,1.5883919433153922e-16,7.495578090922274e-08,0.0,0.0,0.0,0.0
13.8,0.32765958,5.764821726688152e-08,6.603762101802261e-29,2.922656734758124e-86,1.0203326947185287e-18,5.124000232702245e-22,3.830190758667193e-24,1.7324789568750744e-32,1.1255818169225204e-16,5.764821715330249e-08,0.0,0.0,0.0,0.0
13.816666666666666,0.31829786,4.4311975621623314e-08,5.805629627809211e-29,1.8377725251126823e-86,8.91103858526671e-19,4.289614202335824e-22,3.0392949338585276e-24,1.1571532359237318e-32,7.973717543298098e-17,4.4311975540994605e-08,0.0,0.0,0.0,0.0
13.833333333333334,0.30893618,3.4041969237289035e-08,5.10389150763158e-29,1.1555945523815078e-86,7.782176609575552e-19,3.5909209537469523e-22,2.4115739660841558e-24,7.727683422807249e-33,5.64690647799625e-17,3.4041969180041394e-08,0.0,0.0,0.0,0.0
13.85,0.29957446,2.6137877785491232e-08,4.4869141763680303e-29,7.266395055866792e-87,6.796106058955966e-19,3.005883122927154e-22,1.9133912889896005e-24,5.1599302693051134e-33,3.997862637685707e-17,2.613787774483269e-08,0.0,0.0,0.0,0.0
13.866666666666667,0.29489362,2.005818935026407e-08,3.944467043777933e-29,4.5691173778018905e-87,5.934793184288585e-19,2.5160373582834936e-22,1.5180379459069719e-24,3.444886516287107e-33,2.829529299778209e-17,2.0058189321375044e-08,0.0,0.0,0.0,0.0
13.883333333333333,0.2855319,1.538446759642795e-08,3.4675534293946136e-29,2.873064756009753e-87,5.182478101414985e-19,2.1059155250263552e-22,1.2043071238764212e-24,2.2995512392752532e-33,2.0020322992902394e-17,1.5384467575889168e-08,0.0,0.0,0.0,0.0
13.9,0.27617022,1.1793590944026675e-08,3.048261854646397e-29,1.806584608182203e-87,4.525388565631674e-19,1.7625595029604604e-22,9.553617228593456e-25,1.5347896038482045e-33,1.416119810559735e-17,1.179359092941276e-08,0.0,0.0,0.0,0.0
13.916666666666666,0.27148935,9.036201731576775e-09,2.679635242804066e-29,1.1359807952364803e-87,3.9514897116122755e-19,1.4751144666921462e-22,7.57834779149418e-25,1.024218670972392e-33,1.0013880464811774e-17,9.036201721167597e-09,0.0,0.0,0.0,0.0
13.933333333333334,0.26212767,6.919988797285756e-09,2.3555558719866755e-29,7.143046316642964e-88,3.450265247875605e-19,1.2344879730719558e-22,6.01114909004842e-25,6.834001980716399e-34,7.079127282918692e-18,6.919988789861479e-09,0.0,0.0,0.0,0.0
13.95,0.2574468,5.296729002686296e-09,2.0706441855193044e-29,4.491544815745509e-88,3.012526159597775e-19,1.0330642245204002e-22,4.767787550030651e-25,4.559283190427341e-34,5.0030328664587875e-18,5.296728997381907e-09,0.0,0.0,0.0,0.0
13.966666666666669,0.2480851,4.0522497590818375e-09,1.8201697918709476e-29,2.8242803458139e-88,2.630243467696204e-19,8.64464591692158e-23,3.7814022163171564e-25,3.0412881586594137e-34,3.534798706812087e-18,4.052249755283928e-09,0.0,0.0,0.0,0.0
13.983333333333333,0.24340425,3.0986596437167704e-09,1.5999731869583744e-29,1.7759047401245176e-88,2.2964020244993137e-19,7.233469176052635e-23,2.998924903182128e-25,2.0284232563492683e-34,2.4967500802670214e-18,3.0986596409903074e-09,0.0,0.0,0.0,0.0
14.0,0.2387234,2.368338791093907e-09,1.4063969080569462e-29,1.1166866552590057e-88,2.0048727046444363e-19,6.052373322801451e-23,2.3782373528265826e-25,1.3526955652333895e-34,1.7630549385599107e-18,2.368338789130304e-09,0.0,0.0,0.0,0.0
14.016666666666667,0.23404256,1.809293645498662e-09,1.2362249838162315e-29,7.021708304978315e-89,1.7503006808776234e-19,5.06389319376134e-23,1.8859138102396655e-25,9.019500520082218e-35,1.2446244237536671e-18,1.8092936440789566e-09,0.0,0.0,0.0,0.0
14.033333333333331,0.2293617,1.3815687332647972e-09,1.0866296814710252e-29,4.415237208176049e-89,1.52800776404587e-19,4.236656255556055e-23,1.4954285728574403e-25,6.013209057099229e-35,8.784029467096008e-19,1.381568732233551e-09,0.0,0.0,0.0,0.0
14.05,0.22468086,1.0544767576159725e-09,9.551246725173793e-30,2.7762917194639948e-89,1.3339070399616445e-19,3.54439315619324e-23,1.1857328291559454e-25,4.0084083893342237e-35,6.19774224127799e-19,1.054476756862772e-09,0.0,0.0,0.0,0.0
14.066666666666666,0.22,8.04461774987604e-10,8.395238438547825e-30,1.7457254986410245e-89,1.1644282574926348e-19,2.965108738771589e-23,9.40124772664102e-26,2.6716521516199437e-35,4.371784515511793e-19,8.044617744339529e-10,0.0,0.0,0.0,0.0
14.083333333333334,0.21531914,6.134518053072021e-10,7.379050744140861e-30,1.097707457768346e-89,1.0164526161520041e-19,2.4803875324868287e-23,7.453526096667888e-26,1.7804533291128964e-35,3.08298012347092e-19,6.134518048972339e-10,0.0,0.0,0.0,0.0
14.1,0.2106383,4.675895657218656e-10,6.485783791283234e-30,6.9023515794034034e-90,8.872557711059798e-20,2.074811937565909e-23,5.909024991657473e-26,1.1863817108720318e-35,2.173555087953434e-19,4.675895654157637e-10,0.0,0.0,0.0,0.0
14.116666666666667,0.20595744,3.5625513757901133e-10,5.700578940967529e-30,4.340176012901094e-90,7.74458021904102e-20,1.73547484408553e-23,4.684333315946e-26,7.90427225037581e-36,1.5320033629828828e-19,3.562551373483478e-10,0.0,0.0,0.0,0.0
14.133333333333333,0.2012766,2.713138753488594e-10,5.0103724013002924e-30,2.729087199274212e-90,6.759807810365049e-20,1.451571378973016e-23,3.7132809234806216e-26,5.265545407982449e-36,1.0795408904604628e-19,2.713138751732927e-10,0.0,0.0,0.0,0.0
14.15,0.2012766,2.0653798995138185e-10,4.4036785758199864e-30,1.7160395293412761e-90,5.900085319519066e-20,1.214056952562721e-23,2.943377839013136e-26,3.507270641752448e-36,7.605187747545494e-20,2.0653798981631695e-10,0.0,0.0,0.0,0.0
14.166666666666666,0.19659574,1.571619604644707e-10,3.870399543902741e-30,1.079038571166585e-90,5.1495558546792026e-20,1.0153608528823096e-23,2.3329882724863752e-26,2.3358236954712978e-36,5.356404694444531e-20,1.5716196035940093e-10,0.0,0.0,0.0,0.0
14.183333333333334,0.19659574,1.1954100611311067e-10,3.401657523659693e-30,6.784946971735755e-91,4.49437030349729e-20,8.491463769394192e-24,1.849087927196862e-26,1.5554502095213536e-36,3.771642671872391e-20,1.1954100603044204e-10,0.0,0.0,0.0,0.0
14.2,0.19191489,9.088887590667762e-11,2.9896475470459312e-30,4.266342861059415e-91,3.922433497855747e-20,7.101099478574993e-24,1.4654843107128814e-26,1.0356615409642773e-36,2.655109983104857e-20,9.088887584089507e-11,0.0,0.0,0.0,0.0
14.216666666666669,0.18723404,6.907664649167424e-11,2.6275079105609896e-30,2.682655217474874e-91,3.423182419088106e-20,5.9381289021280196e-24,1.1614045429605077e-26,6.8948634348942246e-37,1.868660432684479e-20,6.907664643874987e-11,0.0,0.0,0.0,0.0
14.233333333333333,0.18723404,5.2478417674467517e-11,2.3092062584346218e-30,1.686839547528007e-91,2.987392406024399e-20,4.965405614808952e-24,9.203748390315966e-27,4.589654252170266e-37,1.314847029441907e-20,5.2478417631440147e-11,0.0,0.0,0.0,0.0
14.25,0.18255319,3.985303783922917e-11,2.0294394133700986e-30,1.0606754080391029e-91,2.607007836150137e-20,4.151843970824071e-24,7.293314744744289e-27,3.0547885115763797e-37,9.249496333155132e-21,3.9853037803905435e-11,0.0,0.0,0.0,0.0
14.266666666666667,0.18255319,3.025349417966188e-11,1.7835452970253877e-30,6.66946559386671e-92,2.27499419432638e-20,3.471431469495058e-24,5.779154518721542e-27,2.032963552641954e-37,6.505190047829759e-21,3.025349415040327e-11,0.0,0.0,0.0,0.0
14.283333333333331,0.18255319,2.295753291298192e-11,1.5674254821718365e-30,4.193719561299709e-92,1.9852088318756534e-20,2.9024018530238116e-24,4.579129417861792e-27,1.35277537052482e-37,4.574061092822819e-21,2.2957532888552862e-11,0.0,0.0,0.0,0.0
14.3,0.17787234,1.7414562427652733e-11,1.3774770941833691e-30,2.6369843187907212e-92,1.7322880584105965e-20,2.4265428129794063e-24,3.628113948860482e-27,9.000565874067498e-38,3.2154740092869255e-21,1.741456240711195e-11,0.0,0.0,0.0,0.0
14.316666666666666,0.17787234,1.3205038331913695e-11,1.2105329340625497e-30,1.6581183397850605e-92,1.5115485056754643e-20,2.028616422040335e-24,2.8744743331988876e-27,5.987731960993348e-38,2.259904592615714e-21,1.3205038314536273e-11,0.0,0.0,0.0,0.0
14.333333333333334,0.17319149,1.0009411579250141e-11,1.063808831148093e-30,1.0426134261331515e-92,1.318900962239678e-20,1.695873960263633e-24,2.2772756014913923e-27,3.9829391292277226e-38,1.5879551706775398e-21,1.0009411564471479e-11,0.0,0.0,0.0,0.0
14.35,0.17319149,7.58439956198554e-12,9.348573532185673e-31,6.555878843786419e-93,1.150775104818756e-20,1.4176497819383397e-24,1.8040663971645244e-27,2.6490742919965823e-38,1.1155533928510702e-21,7.584399549360815e-12,0.0,0.0,0.0,0.0
14.366666666666667,0.17319149,5.7448619106456575e-12,8.215271068696045e-31,4.122288103492572e-93,1.0040537503850101e-20,1.1850213631245402e-24,1.4291220859452226e-27,1.7617087948760602e-38,7.835151896043059e-22,5.744861899820418e-12,0.0,0.0,0.0,0.0
14.383333333333333,0.16851063,4.349963734872179e-12,7.219269535393081e-31,2.5920631627230238e-93,8.760154266642371e-21,9.905247594753133e-25,1.132051426317315e-27,1.1714506112621916e-38,5.501870263121305e-22,4.349963725560846e-12,0.0,0.0,0.0,0.0
14.4,0.16851063,3.2926169988013136e-12,6.3439454790749105e-31,1.6298687653831207e-93,7.642842102199516e-21,8.279164543961127e-25,8.966916266568166e-28,7.788683885244455e-39,3.862602822165991e-22,3.2926169907713822e-12,0.0,0.0,0.0,0.0
14.416666666666666,0.16851063,2.4914270931795545e-12,5.574686769440703e-31,1.0248481292223223e-93,6.6678591385178406e-21,6.919740439568631e-25,7.102321461858108e-28,5.1779131178510025e-39,2.7111743602457253e-22,2.4914270862398852e-12,0.0,0.0,0.0,0.0
14.433333333333334,0.16382979,1.884552987862201e-12,4.8986494080869575e-31,6.444158410899331e-94,5.8170982087214965e-21,5.783294332734034e-25,5.62519922088467e-28,3.4418851656982604e-39,1.9025821668199447e-22,1.884552981854266e-12,0.0,0.0,0.0,0.0
14.45,0.16382979,1.425028365378976e-12,4.304543721470478e-31,4.052030662001188e-94,5.074752650765527e-21,4.833292479142602e-25,4.455084854303761e-28,2.2876483992382103e-39,1.3348696240246425e-22,1.4250283601702526e-12,0.0,0.0,0.0,0.0
14.466666666666669,0.16382979,1.0771976613759968e-12,3.782446390010439e-31,2.547880525560412e-94,4.4270244371820805e-21,4.039180256068479e-25,3.5282118893569737e-28,1.5203157695984127e-39,9.363637672888312e-23,1.0771976568549317e-12,0.0,0.0,0.0,0.0
14.483333333333333,0.15914893,8.140025217716723e-13,3.32363519355683e-31,1.6020837575148329e-94,3.8618692814372575e-21,3.3754047522708857e-25,2.794049270171519e-28,1.0102533221041899e-39,6.566916952949993e-23,8.140025178437961e-13,0.0,0.0,0.0,0.0
14.5,0.15914893,6.149166362339569e-13,2.92044372989068e-31,1.0073750678655415e-94,3.3687740434370717e-21,2.8205969446939317e-25,2.212556135896903e-28,6.712419218676098e-40,4.6045846658041706e-23,6.149166328188547e-13,0.0,0.0,0.0,0.0
14.516666666666667,0.15914893,4.643746861499874e-13,2.566133693984078e-31,6.334276280690351e-95,2.9385623474890963e-21,2.3568874375267826e-25,1.7520055877326557e-28,4.459441659195762e-40,3.227990482356901e-23,4.643746831789093e-13,0.0,0.0,0.0,0.0
14.533333333333331,0.15446809,3.5057768076779973e-13,2.25478259687441e-31,3.982929598541981e-95,2.563224842288238e-21,1.9693339776801112e-25,1.3872596006423212e-28,2.9623396990698224e-40,2.262495319604441e-23,3.505776781817529e-13,0.0,0.0,0.0,0.0
14.55,0.15446809,2.645848793995766e-13,1.9811850590377047e-31,2.504425302137006e-95,2.2357709836568262e-21,1.6454425098499832e-25,1.0984016238802307e-28,1.96762582088325e-40,1.585468436438207e-23,2.645848771477863e-13,0.0,0.0,0.0,0.0
14.566666666666666,0.15446809,1.996238296631786e-13,1.7407660382887606e-31,1.5747563243729085e-95,1.950099615007515e-21,1.3747665060214435e-25,8.696527594658572e-29,1.3067838880599612e-40,1.1108176540954595e-23,1.9962382770183325e-13,0.0,0.0,0.0,0.0
14.583333333333334,0.14978723,1.5056634005148082e-13,1.5295045502208933e-31,9.901898400685618e-96,1.7008859649877718e-21,1.1485717923381335e-25,6.885127515170829e-29,8.67798611837655e-41,7.781153657217548e-24,1.5056633834269877e-13,0.0,0.0,0.0,0.0
14.6,0.14978723,1.1353063629865953e-13,1.3438666133043097e-31,6.226204738775954e-96,1.4834829827805994e-21,9.595561793360671e-26,5.45079188837785e-29,5.762200522378334e-41,5.4495673969489614e-24,1.1353063480963097e-13,0.0,0.0,0.0,0.0
14.616666666666667,0.14510638,8.557943399731611e-14,1.1807463038558354e-31,3.914967464670038e-96,1.2938351945431662e-21,8.01614945430718e-26,4.3150797450714933e-29,3.8257125183291655e-41,3.815905798519271e-24,8.55794326995848e-14,0.0,0.0,0.0,0.0
14.633333333333333,0.14510638,6.449089057560347e-14,1.0374139407197688e-31,2.461686507352655e-96,1.1284034942648738e-21,6.696446834270079e-26,3.415857700957656e-29,2.539751076678307e-41,2.671477950575705e-24,6.44908894444615e-14,0.0,0.0,0.0,0.0
14.65,0.14042553,4.8584910520017335e-14,9.114705378759619e-32,1.5478795500821606e-96,9.840994830987741e-22,5.593792418739025e-26,2.7039119160866176e-29,1.6858740896805556e-41,1.86992684650639e-24,4.858490953399196e-14,0.0,0.0,0.0,0.0
14.666666666666666,0.13574468,3.659147583890197e-14,8.008077672850214e-32,9.732880918540175e-97,8.582281466291192e-22,4.67252516009372e-26,2.140263470611775e-29,1.1189600542381504e-41,1.3086317254487947e-24,3.659147497931845e-14,0.0,0.0,0.0,0.0
14.683333333333334,0.13574468,2.755087047083177e-14,7.035727658071808e-32,6.119916374393433e-97,7.484378127794747e-22,3.9028369923864245e-26,1.6940412171534907e-29,7.426082898405405e-42,9.15652740445117e-25,2.755086972143926e-14,0.0,0.0,0.0,0.0
14.7,0.13106383,2.0738100464341767e-14,6.18137200512043e-32,3.8481270039133213e-97,6.526764669401163e-22,3.2598132270139834e-26,1.340796426908529e-29,4.9278906516505066e-42,6.405682265092487e-25,2.073809981099212e-14,0.0,0.0,0.0,0.0
14.716666666666669,0.13106383,1.560566289334798e-14,5.430700774594188e-32,2.41965327747723e-97,5.691536178409572e-22,2.7226301023650304e-26,1.0611675351199826e-29,3.2697811384517505e-42,4.4804530157923585e-25,1.560566232371908e-14,0.0,0.0,0.0,0.0
14.733333333333333,0.12638298,1.174022423854313e-14,4.771138412523178e-32,1.5214465954957197e-97,4.963070098570769e-22,2.2738837798060335e-26,8.398223092855694e-30,2.1693665977923026e-42,3.1332936318520364e-25,1.1740223741900044e-14,0.0,0.0,0.0,0.0
14.75,0.12638298,8.829839107156325e-15,4.1916336736941813e-32,9.56665517747415e-98,4.327735666710816e-22,1.8990292787323546e-26,6.6461983973905e-30,1.439143643206228e-42,2.1908042892282054e-25,8.829838674144681e-15,0.0,0.0,0.0,0.0
14.766666666666667,0.12638298,6.639153320711947e-15,3.6824749738609016e-32,6.015384083365996e-98,3.7736402916647854e-22,1.5859113583222173e-26,5.2594670328889075e-30,9.546244494508041e-43,1.5315460577798533e-25,6.639152943178899e-15,0.0,0.0,0.0,0.0
14.783333333333331,0.12170213,4.99065303548783e-15,3.2351280948330084e-32,3.7823911535773614e-98,3.290408185100323e-22,1.3243722947857595e-26,4.1619112378441546e-30,6.331672728189966e-43,1.0704865121394415e-25,4.990652706326715e-15,0.0,0.0,0.0,0.0
14.8,0.12170213,3.7504904994836115e-15,2.8420935382789364e-32,2.378314871252131e-98,2.8689871484932765e-22,1.1059239638613175e-26,3.293264621815155e-30,4.199157265813863e-43,7.480965526796005e-26,3.7504902124990245e-15,0.0,0.0,0.0,0.0
14.816666666666666,0.11702128,2.817772951488601e-15,2.4967811509910687e-32,1.4954506988646003e-98,2.501479939906639e-22,9.234736973646453e-27,2.605813199755249e-30,2.7846067569944975e-43,5.227091131271297e-26,2.817772701279099e-15,0.0,0.0,0.0,0.0
14.833333333333334,0.11702128,2.1164711751973245e-15,2.1933999317814618e-32,9.403178611849249e-99,2.1809970978432227e-22,7.710951053042078e-27,2.0617825655347633e-30,1.8463920870938024e-43,3.651649579754257e-26,2.1164709570533853e-15,0.0,0.0,0.0,0.0
14.85,0.11702128,1.5893089860144414e-15,1.9268611828771717e-32,5.912581070580555e-99,1.9015284956177585e-22,6.438364963161337e-27,1.6312685903221624e-30,1.224172400003989e-43,2.550617616915488e-26,1.5893087958296456e-15,0.0,0.0,0.0,0.0
14.866666666666667,0.11234043,1.1931501564025646e-15,1.6926933908409897e-32,3.717743046251503e-99,1.6578312456700005e-22,5.375607348699887e-27,1.290598654100397e-30,8.115590054798091e-44,1.7812688598470042e-26,1.1931499905962503e-15,0.0,0.0,0.0,0.0
14.883333333333333,0.11234043,8.955169174497807e-16,1.4869674173621284e-32,2.3376606708019095e-99,1.445331875387699e-22,4.488113823067359e-27,1.0210338924908749e-30,5.379683780664832e-44,1.243775714760371e-26,8.955167728996663e-16,0.0,0.0,0.0,0.0
14.9,0.11234043,6.719632828998841e-16,1.3062307519678688e-32,1.4698851763918169e-99,1.2600409598552176e-22,3.747008124661757e-27,8.077415415964753e-31,3.565765579241291e-44,8.6832789802757e-27,6.71963156883357e-16,0.0,0.0,0.0,0.0
14.916666666666666,0.11234043,5.040939190666675e-16,1.1474497296653964e-32,9.242409148482642e-100,1.0984786273484982e-22,3.128166983782822e-27,6.38981201807288e-31,2.363243551304466e-44,6.061151241849095e-27,5.040938092096148e-16,0.0,0.0,0.0,0.0
14.933333333333334,0.10765957,3.7807036266060555e-16,1.007958749228963e-32,5.811480852012015e-100,9.576095545853518e-23,2.611438567669079e-27,5.054605188615856e-31,1.5661165746317693e-44,4.230159714439065e-27,3.78070266892808e-16,0.0,0.0,0.0,0.0
14.95,0.10765957,2.834850402107681e-16,8.854156445137085e-33,3.654166011033108e-100,8.347862444160967e-23,2.1799893081034488e-27,3.998250321805659e-31,1.0377670013044278e-44,2.9518159270829892e-27,2.8348495672701144e-16,0.0,0.0,0.0,0.0
14.966666666666669,0.10765957,2.1251278064157137e-16,7.777624637358779e-33,2.297680182372805e-100,7.276995320299598e-23,1.8197580450137484e-27,3.1625427010002286e-31,6.876002849575475e-45,2.0594593261719187e-27,2.1251270786773864e-16,0.0,0.0,0.0,0.0
14.983333333333333,0.10297872,1.5927162183437773e-16,6.831910018187146e-33,1.4447434226765073e-100,6.34335399683032e-23,1.5189998726028592e-27,2.501419781733309e-31,4.55546704905715e-45,1.4366440480750819e-27,1.5927155839788187e-16,0.0,0.0,0.0,0.0
15.0,0.10297872,1.193414250480076e-16,6.0011251015840006e-33,9.084305209321121e-101,5.529372968871421e-23,1.2679049622630233e-27,1.978429664832286e-31,3.0178016395938366e-45,1.002023049377717e-27,1.1934136975200778e-16,0.0,0.0,0.0,0.0
15.016666666666667,0.10297872,8.940144072265866e-17,5.2713107783625527e-33,5.7120572563315505e-101,4.8197326509196766e-23,1.058280051342232e-27,1.5647270551865754e-31,1.9989854618746544e-45,6.9877824699377385e-28,8.940139252357493e-17,0.0,0.0,0.0,0.0
15.033333333333331,0.10297872,6.695750995979532e-17,4.630202395467457e-33,3.591643574488843e-101,4.201072550226548e-23,8.83282306079924e-28,1.2374868626344757e-31,1.324006111130131e-45,4.872307879978538e-28,6.695746794769918e-17,0.0,0.0,0.0,0.0
15.05,0.09829787,5.0136790965112626e-17,4.067024193475653e-33,2.2583630369102862e-101,3.6617410264926695e-23,7.371969554504075e-28,9.786484609861708e-32,8.768635020042444e-46,3.3967555548205727e-28,5.0136754346625387e-17,0.0,0.0,0.0,0.0
15.066666666666666,0.09829787,3.7533339051222826e-17,3.572308666613502e-33,1.4200189110580671e-101,3.1915769769464445e-23,6.152515043756053e-28,7.739217264799284e-32,5.806786878212647e-46,2.367710639890381e-28,3.753330713460095e-17,0.0,0.0,0.0,0.0
15.083333333333334,0.09829787,2.809197381973734e-17,3.137737825561037e-33,8.928825713492993e-102,2.781719378878975e-23,5.134605150923804e-28,6.120003161144116e-32,3.845049240756855e-46,1.6501683292644857e-28,2.809194600186501e-17,0.0,0.0,0.0,0.0
15.1,0.09361702,2.1020964211103626e-17,2.7560037089699064e-33,5.6142844261234235e-102,2.4244411393789665e-23,4.284959322723364e-28,4.8393900221566707e-32,2.545835192327824e-46,1.149909557067698e-28,2.1020939966148694e-17,0.0,0.0,0.0,0.0
15.116666666666667,0.09361702,1.57263979928835e-17,2.420685811018005e-33,3.530159461376936e-102,2.1130041538802355e-23,3.575787524791806e-28,3.826608725237037e-32,1.6854708996875771e-46,8.011898711105247e-29,1.5726376862404222e-17,0.0,0.0,0.0,0.0
15.133333333333333,0.09361702,1.1762863494567073e-17,2.1261433748341053e-33,2.2196989904828735e-102,1.841532869579065e-23,2.983885282231381e-28,3.025673264181834e-32,1.115770963436613e-46,5.581411702529912e-29,1.1762845078884141e-17,0.0,0.0,0.0,0.0
15.15,0.09361702,8.796398953395829e-18,1.867420749939555e-33,1.3957051938669322e-102,1.6049039940662555e-23,2.489877733996173e-28,2.3922943690080016e-32,7.385704091908692e-47,3.887675552662743e-29,8.796382904067998e-18,0.0,0.0,0.0,0.0
15.166666666666666,0.08893617,6.576665199490646e-18,1.6401642301148024e-33,8.775930078774344e-103,1.3986502900320843e-23,2.077588188247397e-28,1.891437129779182e-32,4.888459596694778e-47,2.7075333433571846e-29,6.576651212752891e-18,0.0,0.0,0.0,0.0
15.183333333333334,0.08893617,4.916050997140396e-18,1.4405489799352636e-33,5.518136818740977e-103,1.2188766591903474e-23,1.7335106940816653e-28,1.4953883239074555e-32,3.2353082006436796e-47,1.885367219118364e-29,4.916038808181583e-18,0.0,0.0,0.0,0.0
15.2,0.08893617,3.673987882255346e-18,1.2652148268369112e-33,3.4696975951450443e-103,1.0621869474932171e-23,1.4463695120351197e-28,1.1822271369242615e-32,2.1410312744855684e-47,1.3126740947530088e-29,3.673977260228094e-18,0.0,0.0,0.0,0.0
15.216666666666669,0.08893617,2.745178610706886e-18,1.111209843769632e-33,2.181677924569988e-103,9.256201035025196e-24,1.2067511799100768e-28,9.346151270472206e-33,1.4167535446998132e-47,9.138126876077613e-30,2.745169354376027e-18,0.0,0.0,0.0,0.0
15.233333333333333,0.08893617,2.050764925387212e-18,9.759407777524322e-34,1.3717959025886232e-103,8.065944961546641e-24,1.0067972224508649e-28,7.388388276526998e-33,9.374103986558119e-48,6.360587540285662e-30,2.050756859335202e-18,0.0,0.0,0.0,0.0
15.25,0.084255315,1.5317023320606058e-18,8.571294941245149e-34,8.625578222519473e-104,7.028593503292289e-24,8.399475190234978e-29,5.840522701400163e-33,6.201969183118242e-48,4.42667396390134e-30,1.5316953033786744e-18,0.0,0.0,0.0,0.0
15.266666666666667,0.084255315,1.143791602441354e-18,7.527747069044343e-34,5.4235892068301645e-104,6.124523914339601e-24,7.007259861348084e-29,4.616777038239511e-33,4.102929299498938e-48,3.0803392827283402e-30,1.1437854778442814e-18,0.0,0.0,0.0,0.0
15.283333333333331,0.084255315,8.53953613835425e-19,6.611183540984957e-34,3.4102420982174893e-104,5.336629061079948e-24,5.845616043559892e-29,3.6493149217564134e-33,2.7140838908950942e-48,2.1431903617545315e-30,8.539482771457603e-19,0.0,0.0,0.0,0.0
15.3,0.084255315,6.374370527766934e-19,5.806160545194074e-34,2.1442898462194245e-104,4.6499952727686255e-24,4.8763896631737397e-29,2.8844905327021428e-33,1.795219330888837e-48,1.490955116061394e-30,6.374324027311624e-19,0.0,0.0,0.0,0.0
15.316666666666666,0.084255315,4.757258656480422e-19,5.0991115098003405e-34,1.3482847479468263e-104,4.051621400409015e-24,4.0677348095641563e-29,2.2798816463339346e-33,1.1873451647320795e-48,1.0370757256785977e-30,4.757218139849246e-19,0.0,0.0,0.0,0.0
15.333333333333334,0.084255315,3.5497146595821606e-19,4.478119047554007e-34,8.477730562092726e-105,3.530173818824515e-24,3.393071701034141e-29,1.8019426806989542e-33,7.852390512142706e-49,7.212716948791169e-31,3.54967935749743e-19,0.0,0.0,0.0,0.0
15.35,0.084255315,2.6481837409937884e-19,3.932714589628966e-34,5.330616678539776e-105,3.0757727786987368e-24,2.830216626708149e-29,1.42414825444644e-33,5.1926903518401645e-49,5.015685174160613e-31,2.6481529829779456e-19,0.0,0.0,0.0,0.0
15.366666666666667,0.079574466,1.9752475990472215e-19,3.453702348730137e-34,3.351777292091953e-105,2.679806101629702e-24,2.3606555081074785e-29,1.1255247936173773e-33,3.43359287531328e-49,3.4874263179261976e-31,1.9752208007466375e-19,0.0,0.0,0.0,0.0
15.383333333333333,0.079574466,1.4730398155434686e-19,3.0330046590823117e-34,2.1075248880837724e-105,2.3347667227852883e-24,1.968937395150427e-29,8.894891176403224e-34,2.270237070636879e-49,2.424508066430177e-31,1.4730164676769106e-19,0.0,0.0,0.0,0.0
15.4,0.079574466,1.0983169761765887e-19,2.6635260989424196e-34,1.3251655199133541e-105,2.034111032055563e-24,1.6421681136973125e-29,7.029298622786106e-34,1.5009280038190085e-49,1.6853358944098654e-31,1.0982966349003563e-19,0.0,0.0,0.0,0.0
15.416666666666666,0.079574466,8.18769998255568e-20,2.3390341159479338e-34,8.332348014837068e-106,1.772135353994576e-24,1.3695875418203425e-29,5.554809922820531e-34,9.922359215363799e-50,1.1713696595593612e-31,8.1875227676389e-20,0.0,0.0,0.0,0.0
15.433333333333334,0.079574466,6.102642095355984e-20,2.054054152137894e-34,5.239194637445746e-106,1.5438682465677157e-24,1.142216715318337e-29,4.389472557407825e-34,6.558985363588197e-50,8.140415050026741e-32,6.102487707380906e-20,0.0,0.0,0.0,0.0
15.45,0.079574466,4.547747812527852e-20,1.8037775084898171e-34,3.2942876972583894e-106,1.3449765951083067e-24,9.525632379081117e-30,3.468498188184763e-34,4.335360369643298e-50,5.656458601551981e-32,4.5476133139100686e-20,0.0,0.0,0.0,0.0
15.466666666666669,0.079574466,3.388426548797572e-20,1.5839804023566542e-34,2.0713733083471025e-106,1.1716837364509367e-24,7.943753717606182e-30,2.740669552559002e-34,2.865370350379002e-50,3.929963972369536e-32,3.3883093796255784e-20,0.0,0.0,0.0,0.0
15.483333333333333,0.079574466,2.5241998780780426e-20,1.3909528588427344e-34,1.3024320876477843e-106,1.0206980737790757e-24,6.62436771267286e-30,2.1654991514835184e-34,1.8936666496169695e-50,2.7301016481946614e-32,2.5240978076054623e-20,0.0,0.0,0.0,0.0
15.5,0.079574466,1.8800703708449205e-20,1.2214362420521859e-34,8.189391997610273e-107,8.891508394969862e-25,5.523951486252684e-30,1.7109825117274122e-34,1.2513929280798705e-50,1.8963380241004579e-32,1.87998145520665e-20,0.0,0.0,0.0,0.0
15.516666666666667,0.079574466,1.4000704970047746e-20,1.0725683770482401e-34,5.149298802209739e-107,7.7454183509083685e-25,4.60619267072477e-30,1.3518216652993153e-34,8.268970589922544e-51,1.317042438008805e-32,1.3999930423593048e-20,0.0,0.0,0.0,0.0
15.533333333333331,0.079574466,1.042441948188432e-20,9.41835340686344e-35,3.2377580329489195e-107,6.746921266760138e-25,3.840795823413052e-30,1.0680204848515339e-34,5.463575757632813e-51,9.146001154345112e-33,1.04237447859075e-20,0.0,0.0,0.0,0.0
15.55,0.079574466,7.760340523555214e-21,8.270291113706106e-35,2.0358254905497475e-107,5.877028055397773e-25,3.2024862519389236e-30,8.437740786338149e-35,3.6096944927485654e-51,6.350538958563591e-33,7.759752817540671e-21,0.0,0.0,0.0,0.0
15.566666666666666,0.079574466,5.7761353211676855e-21,7.262103660958034e-35,1.2800783993738625e-107,5.119190369152575e-25,2.6701786285326563e-30,6.665907160378229e-35,2.3846907246675928e-51,4.408980178089857e-33,5.775623399456043e-21,0.0,0.0,0.0,0.0
15.583333333333334,0.074893616,4.298554041394302e-21,6.376757995228635e-35,8.04882442593236e-108,4.45898719593463e-25,2.226283157322807e-30,5.265976224640588e-35,1.5752953732730843e-51,3.06065453117841e-33,4.298108140445248e-21,0.0,0.0,0.0,0.0
15.6,0.074893616,3.1984286016830665e-21,5.599294157442323e-35,5.060905205989961e-108,3.883851656551068e-25,1.8561265561212998e-30,4.159921603016098e-35,1.0405439569339188e-51,2.124415451881493e-33,3.1980402146590627e-21,0.0,0.0,0.0,0.0
15.616666666666667,0.074893616,2.3794740584788997e-21,4.916573100902025e-35,3.1821732167376743e-108,3.382832851992462e-25,1.5474688697102203e-30,3.286079631200874e-35,6.872702457998996e-52,1.474395282425782e-33,2.3791357736446753e-21,0.0,0.0,0.0,0.0
15.633333333333333,0.074893616,1.769930307465298e-21,4.3170551693272814e-35,2.0008719433148522e-108,2.9463882687961325e-25,1.2901002674449856e-30,2.5957195731424384e-35,4.5390347414490544e-52,1.0231471941992176e-33,1.7696356673472258e-21,0.0,0.0,0.0,0.0
15.65,0.074893616,1.3163249109256456e-21,3.790605509344922e-35,1.2580984821968619e-108,2.5662028256266847e-25,1.0755045962537105e-30,2.0503324114156452e-35,2.9975642466339456e-52,7.0992482896845674e-34,1.3160682895668099e-21,0.0,0.0,0.0,0.0
15.666666666666666,0.074893616,9.788196542426235e-22,3.328323144347799e-35,7.910607712757805e-109,2.2350311457228154e-25,8.965786461845495e-31,1.6194877362736893e-35,1.9794416115414553e-52,4.925349251799563e-34,9.785961502309305e-22,0.0,0.0,0.0,0.0
15.683333333333334,0.074893616,7.277393528929084e-22,2.9223908341526564e-35,4.973990195623798e-109,1.9465600772236068e-25,7.473979107979795e-31,1.2791397532198582e-35,1.3070321364259969e-52,3.4167442045451387e-34,7.275446961374045e-22,0.0,0.0,0.0,0.0
15.7,0.079574466,5.409830346643956e-22,2.565943194161027e-35,3.1275183639987795e-109,1.6952888648091631e-25,6.230211484609266e-31,1.0102883353403044e-35,8.62977318291766e-53,2.3699490987017404e-34,5.408135051546208e-22,0.0,0.0,0.0,0.0
15.716666666666669,0.079574466,4.0209355717325685e-22,2.252950854594667e-35,1.966503299990035e-109,1.476424708712334e-25,5.1932732269177545e-31,7.979207419439048e-36,5.697472153727609e-53,1.643679093198542e-34,4.019459141828634e-22,0.0,0.0,0.0,0.0
15.733333333333333,0.074893616,2.9881846083400944e-22,1.978118709997915e-35,1.2364864418662024e-109,1.2857917372201909e-25,4.3287956166142185e-31,6.301751990194716e-36,3.761273582609858e-53,1.1398477466433504e-34,2.986898812272678e-22,0.0,0.0,0.0,0.0
15.75,0.079574466,2.220372457965847e-22,1.736796546077407e-35,7.774704766912069e-110,1.1197516717207035e-25,3.60811663452525e-31,4.976798516046293e-36,2.4828911767253276e-53,7.90366995825747e-35,2.2192527026849955e-22,0.0,0.0,0.0,0.0
15.766666666666667,0.074893616,1.6496192167175498e-22,1.5249005390752398e-35,4.8885304306016285e-110,9.751346839146414e-26,3.007334136852531e-31,3.930303351602319e-36,1.6388932281120327e-53,5.479781216597487e-35,1.6486440790255613e-22,0.0,0.0,0.0,0.0
15.783333333333331,0.074893616,1.2254132151397332e-22,1.3388443057153205e-35,3.073778787231041e-110,8.491791371352529e-26,2.506515998134303e-31,3.103769116960094e-36,1.0817178946088652e-53,3.798835106825494e-35,1.224564033495537e-22,0.0,0.0,0.0,0.0
15.8,0.074893616,9.1017323397023e-23,1.1754783424088441e-35,1.932710318206711e-110,7.394790714188482e-26,2.0890412198208363e-31,2.4509820319813027e-36,7.139173030430244e-54,2.633242121600358e-35,9.094337528093646e-23,0.0,0.0,0.0,0.0
15.816666666666666,0.074893616,6.759429939460431e-23,1.0320368335374393e-35,1.2152364624870037e-110,6.43938438191701e-26,1.7410503067818143e-31,1.9354336716200285e-36,4.7114273983676085e-54,1.8250912971884577e-35,6.75299053766496e-23,0.0,0.0,0.0,0.0
15.833333333333334,0.074893616,5.019294561656131e-23,9.060909326222678e-36,7.641078991214948e-111,5.607312179307316e-26,1.4509868058205848e-31,1.5282836348798983e-36,3.109051811692907e-54,1.2648300195959794e-35,5.013687234964632e-23,0.0,0.0,0.0,0.0
15.85,0.074893616,3.726698469911472e-23,7.955077291199565e-36,4.80450288184311e-111,4.8826666531766727e-26,1.209214897982632e-31,1.2067496960765565e-36,2.051513766225013e-54,8.764634724818728e-36,3.7218157911643534e-23,0.0,0.0,0.0,0.0
15.866666666666667,0.074893616,2.766670632693823e-23,6.984142092810126e-36,3.0209399952636493e-111,4.251590233224504e-26,1.0077004382502153e-31,9.528357828791128e-37,1.3536054316453528e-54,6.072812562655307e-36,2.762419032382193e-23,0.0,0.0,0.0,0.0
15.883333333333333,0.074893616,2.0537394491780633e-23,6.131656035795134e-36,1.899483879363181e-111,3.702011321503012e-26,8.397449240978621e-32,7.523269202573709e-37,8.93060896912831e-55,4.207272499797937e-36,2.050037429458002e-23,0.0,0.0,0.0,0.0
15.9,0.074893616,1.5243735175116074e-23,5.383175870782221e-36,1.1943428061862147e-111,3.223414326538032e-26,6.997636167560913e-32,5.9399513601993585e-37,5.8917125096506315e-55,2.9145158557463826e-36,1.521150096186544e-23,0.0,0.0,0.0,0.0
15.916666666666666,0.074893616,1.1313568508323068e-23,4.7260186397657416e-36,7.509694280313844e-112,2.8066392803602694e-26,5.831004930262314e-32,4.68972066860729e-37,3.886634136109691e-55,2.0187731624780607e-36,1.1285502057202202e-23,0.0,0.0,0.0,0.0
15.933333333333334,0.074893616,8.396041955822576e-24,4.149047245864249e-36,4.721884830295229e-112,2.443707236599724e-26,4.8587391879261e-32,3.702532858435718e-37,2.563761181179138e-55,1.3981837263937334e-36,8.37160483486327e-24,0.0,0.0,0.0,0.0
15.95,0.074893616,6.230482539367277e-24,3.64248213052185e-36,2.968987692351523e-112,2.1276681359030418e-26,4.048479478016615e-32,2.9230670864148584e-37,1.6910381990468632e-55,9.682709027754476e-37,6.209205817518549e-24,0.0,0.0,0.0,0.0
15.966666666666669,0.074893616,4.623246170316135e-24,3.1977358811735486e-36,1.8668149880399666e-112,1.8524682504310827e-26,3.373249940477266e-32,2.307632342388773e-37,1.1153248079705892e-55,6.704798518837358e-37,4.604721454075226e-24,0.0,0.0,0.0,0.0
15.983333333333333,0.074893616,3.430502554535292e-24,2.8072679787911044e-36,1.1737998127345048e-112,1.6128346901186053e-26,2.8105633096579925e-32,1.8217235847499966e-37,7.355658338981042e-56,4.642277378522687e-37,3.414374179525019e-24,0.0,0.0,0.0,0.0
16.0,0.074893616,2.545435883828274e-24,2.4644572341488186e-36,7.380515018246949e-113,1.404174776710198e-26,2.3416745873048925e-32,1.4380912052818431e-37,4.850808439361303e-56,3.2139064667344968e-37,2.5313941126414964e-24,0.0,0.0,0.0,0.0
16.016666666666666,0.074893616,1.888730127404899e-24,2.1634897598160242e-36,4.640653865365405e-113,1.2224883734369843e-26,1.9509587162679318e-32,1.135216046234983e-37,3.1987421716778695e-56,2.2248075997827176e-37,1.876505224158443e-24,0.0,0.0,0.0,0.0
16.033333333333335,0.079574466,1.4014971157925299e-24,1.899260586791462e-36,2.917907777163584e-113,1.0642915038721486e-26,1.6253916681791233e-32,8.961048110345199e-38,2.109196433629212e-56,1.539958605226205e-37,1.3908541844977489e-24,0.0,0.0,0.0,0.0
16.05,0.079574466,1.040021064428089e-24,1.6672872647689705e-36,1.8346947713509947e-113,9.265498076503317e-27,1.3541177735204404e-32,7.073385839094257e-38,1.3906813970922245e-56,1.0658185546002641e-37,1.0307555528085633e-24,0.0,0.0,0.0,0.0
16.066666666666666,0.079574466,7.718535718324205e-25,1.4636339871139952e-36,1.1536018991293074e-113,8.066205673867169e-27,1.1280889715714381e-32,5.583212977657994e-38,9.168773186105607e-57,7.375906886090133e-38,7.637873548760704e-25,0.0,0.0,0.0,0.0
16.083333333333332,0.079574466,5.729125018707519e-25,1.2848449591528242e-36,7.253506075767e-114,7.022022038227863e-27,9.397640344641553e-33,4.4068615014762745e-38,6.04460495247273e-57,5.103942449788781e-38,5.658904704335037e-25,0.0,0.0,0.0,0.0
16.1,0.079574466,4.253269936869037e-25,1.1278858843036632e-36,4.560787883199078e-114,6.112902780217233e-27,7.828578022153704e-33,3.4782678565479113e-38,3.984720511140839e-57,3.5314623335177595e-38,4.192140830769105e-25,0.0,0.0,0.0,0.0
16.116666666666667,0.079574466,3.1583693885340374e-25,9.900925795467293e-37,2.8676863416810754e-114,5.321391630237724e-27,6.52132119451499e-33,2.745270309604611e-38,2.626643890394799e-57,2.443217463320947e-38,3.105155407008028e-25,0.0,0.0,0.0,0.0
16.133333333333333,0.079574466,2.346044350546263e-25,8.691258520353977e-37,1.8031144782351356e-114,4.632286550829427e-27,5.432215440671415e-33,2.1666847382985033e-38,1.7313228294599438e-57,1.6901633187860786e-38,2.2997214307067375e-25,0.0,0.0,0.0,0.0
16.15,0.079574466,1.7433129776420663e-25,7.629318743241108e-37,1.1337435591410316e-114,4.032348884809384e-27,4.5248804873427835e-33,1.7099952713063557e-38,1.1411128055379455e-57,1.169107609320635e-38,1.7029894435372503e-25,0.0,0.0,0.0,0.0
16.166666666666668,0.074893616,1.2960390906941355e-25,6.697073885048826e-37,7.128632807431822e-115,3.510049997258664e-27,3.768998959326196e-33,1.3495305523219327e-38,7.520607145832075e-58,8.086113462877082e-39,1.2609385530246463e-25,0.0,0.0,0.0,0.0
16.183333333333334,0.074893616,9.640690571466743e-26,5.878691510703087e-37,4.482265084822396e-115,3.0553505824201683e-27,3.1393066766137965e-33,1.0650235505207131e-38,4.9562266980146454e-58,5.592229197330239e-39,9.335155199233648e-26,0.0,0.0,0.0,0.0
16.2,0.074893616,7.176224284688396e-26,5.160271019265483e-37,2.818309670005347e-115,2.6595084279166013e-27,2.6147509862225794e-33,8.404742875934398e-39,3.266054989198099e-58,3.8671421729350094e-39,6.910273180368807e-26,0.0,0.0,0.0,0.0
16.216666666666665,0.074893616,5.346134527773178e-26,4.5296080387399675e-37,1.7720654786948071e-115,2.3149109701751038e-27,2.1777891846905257e-33,6.632517945479339e-39,2.1521375505769768e-58,2.673964357567778e-39,5.114643212930522e-26,0.0,0.0,0.0,0.0
16.233333333333334,0.074893616,3.9866363592965145e-26,3.975987541124985e-37,1.1142193628258872e-115,2.0149294468018625e-27,1.813803730814282e-33,5.2338499576838264e-39,1.4180478730502469e-58,1.848764698892199e-39,3.785143233195487e-26,0.0,0.0,0.0,0.0
16.25,0.074893616,2.976272414948774e-26,3.4900021784639386e-37,7.005861048494785e-116,1.753791862838383e-27,1.5106148207576906e-33,4.1300279049021845e-39,9.34299736752963e-59,1.2781106863550482e-39,2.800893077568013e-26,0.0,0.0,0.0,0.0
16.266666666666666,0.074893616,2.224974740825381e-26,3.063392766769601e-37,4.405063974148808e-116,1.5264723461349962e-27,1.2580741270780225e-33,3.258919532704786e-39,6.155398242746154e-59,8.835199073244203e-40,2.0723273803734207e-26,0.0,0.0,0.0,0.0
16.283333333333335,0.07021277,1.665951536412049e-26,2.6889082189656293e-37,2.7697642370875827e-116,1.328594779299603e-27,1.0477261962266087e-33,2.5714807167998724e-39,4.055092927335503e-59,6.106966038840213e-40,1.5330919536822618e-26,0.0,0.0,0.0,0.0
16.3,0.07021277,1.2496698865593164e-26,2.3601825566911807e-37,1.74153926298439e-116,1.1563488677325689e-27,8.72526244708467e-34,2.028999498625492e-39,2.6712855753745967e-59,4.22081390779327e-40,1.134034912509588e-26,0.0,0.0,0.0,0.0
16.316666666666666,0.07021277,9.393934514924386e-27,2.0716269195079663e-37,1.095023956008541e-116,1.0064170403131884e-27,7.266049665998909e-34,1.6009202197911777e-39,1.7596034597310911e-59,2.9169479502367343e-40,8.387516747797176e-27,0.0,0.0,0.0,0.0
16.333333333333332,0.07021277,7.078735974970396e-27,1.818334743598627e-37,6.885157111595312e-117,8.759107858529922e-28,6.050725264686075e-34,1.2631256992393236e-39,1.1590025774493128e-59,2.0156873356590854e-40,6.202824583861579e-27,0.0,0.0,0.0,0.0
16.35,0.07021277,5.348960288196595e-27,1.595998504719275e-37,4.3291633558733284e-117,7.623152083974764e-28,5.0385521358629855e-34,9.965810680092201e-40,7.633596987973688e-60,1.3927716021880017e-40,4.586644575783169e-27,0.0,0.0,0.0,0.0
16.366666666666667,0.06553192,4.054618688119442e-27,1.400836615737261e-37,2.7220367073852384e-117,6.6344074126170835e-28,4.195593187672664e-34,7.862631505520244e-40,5.027469096420175e-60,9.622748189418143e-41,3.3911775271574486e-27,0.0,0.0,0.0,0.0
16.383333333333333,0.06553192,3.0843920508534823e-27,1.229529240834519e-37,1.7115274407538387e-117,5.773810963016899e-28,3.493577001527985e-34,6.2031529280239726e-40,3.3108924278343244e-60,6.647847567237601e-41,2.5070106050704526e-27,0.0,0.0,0.0,0.0
16.4,0.06553192,2.3556346313099616e-27,1.0791619392951543e-37,1.0761520597350764e-117,5.024766439519586e-28,2.9089525876900243e-34,4.893801815959262e-40,2.1803003922064095e-60,4.592254271997052e-41,1.8531576963542927e-27,0.0,0.0,0.0,0.0
16.416666666666668,0.06553192,1.80696396613248e-27,9.47176184261062e-38,6.7664877832829485e-118,4.372825232592686e-28,2.4221017371639733e-34,3.860731852217919e-40,1.435698736339247e-60,3.1720057861332546e-41,1.369681200567902e-27,0.0,0.0,0.0,0.0
16.433333333333334,0.06553192,1.3927679606164887e-27,8.313259181736227e-38,4.254542333257141e-118,3.8054087148828497e-28,2.0166827125722427e-34,3.045666299365269e-40,9.453358909803328e-61,2.1908135069350686e-41,1.0122268873764733e-27,0.0,0.0,0.0,0.0
16.45,0.06553192,1.0791331188189123e-27,7.296394087824641e-38,2.6751139334500677e-118,3.311566415828428e-28,1.679083392368743e-34,2.4026165367355534e-40,6.22422005496179e-61,1.513005360478222e-41,7.479763092545111e-28,0.0,0.0,0.0,0.0
16.466666666666665,0.060851064,8.408261496556464e-28,6.403857593216583e-38,1.6820217401497822e-118,2.88176544335645e-28,1.3979656271303789e-34,1.895291947214647e-40,4.0978854313314684e-61,1.04481491234607e-41,5.526494654592001e-28,0.0,0.0,0.0,0.0
16.483333333333334,0.060851064,6.5905631226010125e-28,5.620455052425961e-38,1.0575984697020147e-118,2.5077071185311488e-28,1.1638856045990895e-34,1.4950555525872974e-40,2.6978070526241258e-61,7.214434856927877e-42,4.082854839620647e-28,0.0,0.0,0.0,0.0
16.5,0.060851064,5.198164061274368e-28,4.932847990837463e-38,6.649820320379867e-119,2.1821673093958715e-28,9.689775525078973e-35,1.17931044878736e-40,1.7759808391526632e-61,4.981149138328569e-42,3.0159957824064303e-28,0.0,0.0,0.0,0.0
16.516666666666666,0.056170214,4.126526147107788e-28,4.3293274581765595e-38,4.181180305811541e-119,1.8988574035521729e-28,8.066902190720214e-35,9.302262942964333e-41,1.16907426150643e-61,3.438913591221674e-42,2.227667936431499e-28,0.0,0.0,0.0,0.0
16.533333333333335,0.056170214,3.2975218661202735e-28,3.799615043732954e-38,2.6289829544562743e-119,1.6523032539043974e-28,6.715673304792527e-35,7.337342132303826e-41,7.695245341029903e-62,2.3739834401834808e-42,1.6452179402678266e-28,0.0,0.0,0.0,0.0
16.55,0.056170214,2.6526668199722432e-28,3.3346881788667315e-38,1.653014006879558e-119,1.4377397759663487e-28,5.590646912226677e-35,5.787335609154887e-41,5.065000643665679e-62,1.6386983675468377e-42,1.2149264846071393e-28,0.0,0.0,0.0,0.0
16.566666666666666,0.05148936,2.148098166638833e-28,2.9266267637832677e-38,1.0393580556612065e-119,1.2510191747552991e-28,4.65397815424833e-35,4.5646591024509095e-41,3.3335986803277316e-62,1.1310595746436675e-42,8.970785261925879e-29,0.0,0.0,0.0,0.0
16.583333333333332,0.05148936,1.7508472588125613e-28,2.5684785168733063e-38,6.535122446195053e-120,1.0885310402887944e-28,3.874149960426381e-35,3.6002102008142524e-41,2.1939363075009337e-62,7.806156805052047e-43,6.62315830851555e-29,0.0,0.0,0.0,0.0
16.6,0.05148936,1.436071713588061e-28,2.254140762186276e-38,4.109056966893922e-120,9.471327780302147e-29,3.224915678909007e-35,2.8394697012622635e-41,1.4438155548790944e-62,5.387094547288454e-43,4.889386128405749e-29,0.0,0.0,0.0,0.0
16.616666666666667,0.05148936,1.1849988541834436e-28,1.9782566492077953e-38,2.5836309946736735e-120,8.240890386406534e-29,2.684418280295032e-35,2.239425067235181e-41,9.501157768698503e-63,3.7173860514180066e-43,3.609095469029089e-29,0.0,0.0,0.0,0.0
16.633333333333333,0.04680851,9.833967107965013e-29,1.7361240437513372e-38,1.6244962032412e-120,7.170189838611127e-29,2.2344566676739538e-35,1.766142699992597e-41,6.251994190119558e-63,2.5649958957343477e-43,2.6637750331593046e-29,0.0,0.0,0.0,0.0
16.65,0.04680851,8.204363687525772e-29,1.5236155435939855e-38,1.0214257608026177e-120,6.23850375566792e-29,1.8598745397802225e-35,1.392852243840296e-41,4.11375036763299e-63,1.769708865358348e-43,1.9658580704582859e-29,0.0,0.0,0.0,0.0
16.666666666666668,0.04680851,6.878447188516845e-29,1.337108261112169e-38,6.422362346609921e-121,5.42779605867588e-29,1.5480513495744917e-35,1.098434970292627e-41,2.7066664735416685e-63,1.2209090679062511e-43,1.4506495804513962e-29,0.0,0.0,0.0,0.0
16.683333333333334,0.042127658,5.792727925680554e-29,1.1734221808057755e-38,4.038152301223341e-121,4.722369000798258e-29,1.2884783133047167e-35,8.662310387383797e-42,1.7807752131372675e-63,8.422312467979715e-44,1.0703576352296863e-29,0.0,0.0,0.0,0.0
16.7,0.042127658,4.8982422156484916e-29,1.0297660450319789e-38,2.5390454618875626e-121,4.1085602363618195e-29,1.0724052689063993e-35,6.83098390121569e-42,1.171550778127669e-63,5.809598408883162e-44,7.896809058509482e-30,0.0,0.0,0.0,0.0
16.716666666666665,0.042127658,4.157027016896574e-29,9.036898489731075e-39,1.5964604071204354e-121,3.574479104335968e-29,8.925465522662717e-36,5.38670205109299e-42,7.70709823176532e-64,4.0070780462757536e-44,5.825470191098211e-30,0.0,0.0,0.0,0.0
16.733333333333334,0.042127658,3.5394796645751144e-29,7.930431379890257e-39,1.0037966011188442e-121,3.1097770539220264e-29,7.428360343832253e-36,4.247690461800165e-42,5.0698900435147355e-64,2.763609057431205e-44,4.29701867023583e-30,0.0,0.0,0.0,0.0
16.75,0.042127658,3.0223764734673153e-29,6.959383989590177e-39,6.311508666044024e-122,2.70544779553536e-29,6.182231076753346e-36,3.349446332324187e-42,3.334910321209624e-64,1.9058675721642217e-44,3.169280590125725e-30,0.0,0.0,0.0,0.0
16.766666666666666,0.042127658,2.5873823168242345e-29,6.107189236630069e-39,3.968446582316423e-122,2.3536533313528685e-29,5.14502780474289e-36,2.6410917138798727e-42,2.193551609640326e-64,1.3142449884814007e-44,2.3372847035760137e-30,0.0,0.0,0.0,0.0
16.783333333333335,0.042127658,2.2199265211207736e-29,5.35930598154413e-39,2.4952139457748e-122,2.0475725167674217e-29,4.2817418086622383e-36,2.0824964975274167e-42,1.4427455220917556e-64,9.062074344679028e-45,1.7235357564303148e-30,0.0,0.0,0.0,0.0
16.8,0.037446808,1.9083524625549812e-29,4.702971387193439e-39,1.5688988109606243e-122,1.7812692370340815e-29,3.563227225996649e-36,1.6420087053847998e-42,9.48876950194816e-65,6.248082843496928e-45,1.2708286872771536e-30,0.0,0.0,0.0,0.0
16.816666666666666,0.037446808,1.6432720105859643e-29,4.1269835353058136e-39,9.86465664751799e-123,1.5495776604122082e-29,2.9652197856014655e-36,1.2946639345584505e-42,6.240342763562864e-65,4.3075863138772244e-45,9.369405323894909e-31,0.0,0.0,0.0,0.0
16.833333333333332,0.037446808,1.417073584911616e-29,3.621510604798984e-39,6.202530503309305e-123,1.3480023574166433e-29,2.467519677856759e-36,1.0207728354201847e-42,4.103793316205069e-65,2.9695417141432334e-45,6.907098038075167e-31,0.0,0.0,0.0,0.0
16.85,0.037446808,1.2235456657784497e-29,3.177923367789795e-39,3.899920369862964e-123,1.1726313616745347e-29,2.0533111223011164e-36,8.048068380658496e-43,2.698616071758778e-65,2.0469785192797296e-45,5.091409845492978e-31,0.0,0.0,0.0,0.0
16.866666666666667,0.037446808,1.0575873014831329e-29,2.7886481552276884e-39,2.4521242162399205e-123,1.0200604968264072e-29,1.708595778643027e-36,6.3451917428765716e-43,1.7744975856582084e-65,1.4109308585157983e-45,3.752663351821937e-31,0.0,0.0,0.0,0.0
16.883333333333333,0.037446808,9.149843638259548e-30,2.447037791797265e-39,1.541803720708023e-123,8.873275106735113e-30,1.4217209655762977e-36,5.0025152555554365e-43,1.166778747212705e-65,9.724492551042868e-46,2.7656710735592914e-31,0.0,0.0,0.0,0.0
16.9,0.03276596,7.922356582654057e-30,2.1472583050161663e-39,9.694281113231742e-124,7.718547465208502e-30,1.1829868327559478e-36,3.943871088674707e-43,7.671503583701867e-66,6.7018871229743504e-46,2.0380793231106944e-31,0.0,0.0,0.0,0.0
16.916666666666668,0.03276596,6.86416979151748e-30,1.8841894814739672e-39,6.0953974073698975e-124,6.713992460081012e-30,9.843192810078844e-37,3.1091928265944713e-43,5.043725677106237e-66,4.61845151993872e-46,1.5017634523268496e-31,0.0,0.0,0.0,0.0
16.933333333333334,0.03276596,5.950741661596311e-30,1.6533375784726107e-39,3.832554507038914e-124,5.840093208171349e-30,8.189976330093023e-37,2.451112805175075e-43,3.315900600772271e-66,3.182474713395168e-46,1.1064763277374671e-31,0.0,0.0,0.0,0.0
16.95,0.03276596,5.161384284736165e-30,1.4507587059173565e-39,2.409764221710108e-124,5.079867552357417e-30,6.814278951510625e-37,1.9322782916711498e-43,2.1798706589344607e-66,2.1928200709977732e-46,8.151604949990136e-32,0.0,0.0,0.0,0.0
16.966666666666665,0.03276596,4.478588529571808e-30,1.2729915746847707e-39,1.5151675547316059e-124,4.418539100363153e-30,5.669539826281595e-37,1.5232346952388158e-43,1.43297700290555e-66,1.5108128406882955e-46,6.004886098152853e-32,0.0,0.0,0.0,0.0
16.983333333333334,0.03276596,3.8874824562365054e-30,1.116998466925833e-39,9.526791712512787e-125,3.8432509257523865e-30,4.717005552737343e-37,1.200756046360394e-43,9.419483358398719e-67,1.0408499822838545e-46,4.423105766644603e-32,0.0,0.0,0.0,0.0
17.0,0.028085107,3.375393790959427e-30,9.801134235591622e-40,5.990079373016624e-125,3.342816402488503e-30,3.924421739860321e-37,9.46528269789347e-44,6.191479050330434e-67,7.170271168786964e-47,3.257699504854176e-32,0.0,0.0,0.0,0.0
17.016666666666666,0.028085107,2.9314941163205242e-30,8.599967669366394e-40,3.766330117762706e-125,2.9075023603323024e-30,3.264943723838743e-37,7.461107248055367e-44,4.0695022065153796e-67,4.939160701309719e-47,2.3991428633778086e-32,0.0,0.0,0.0,0.0
17.033333333333335,0.028085107,2.5465076448817503e-30,7.545951844088221e-40,2.368122087400406e-125,2.528840371634937e-30,2.7162297522381457e-37,5.881172247573092e-44,2.6746552895286842e-67,3.402052666530618e-47,1.766700086918425e-32,0.0,0.0,0.0,0.0
17.05,0.028085107,2.2124713751756097e-30,6.62106693105216e-40,1.4889828427245746e-125,2.199462522705998e-30,2.259686088210868e-37,4.635701636268528e-44,1.7578187364767854e-67,2.3431461134219754e-47,1.300862583884993e-32,0.0,0.0,0.0,0.0
17.066666666666666,0.028085107,1.9225364036072296e-30,5.809498892825767e-40,9.362141450552298e-126,1.9129584953363733e-30,1.8798385981957607e-37,3.6539117183862865e-44,1.1552080170897539e-67,1.6137205663420864e-47,9.577719706010258e-33,0.0,0.0,0.0,0.0
17.083333333333332,0.028085107,1.6708024244938348e-30,5.09736958493315e-40,5.886546836455328e-126,1.6637511953101774e-30,1.5638096429713864e-37,2.879994499659394e-44,7.59147601227194e-68,1.111291727965921e-47,7.051072292927319e-33,0.0,0.0,0.0,0.0
17.1,0.028085107,1.4521791723212619e-30,4.472499868203744e-40,3.701228603907624e-126,1.446988522753008e-30,1.300882636514986e-37,2.26995023884179e-44,4.98852633810103e-68,7.652419560682724e-48,5.190519032717409e-33,0.0,0.0,0.0,0.0
17.116666666666667,0.028085107,1.2622698787077607e-30,3.9242016960499156e-40,2.327186113548479e-126,1.2584491908303118e-30,1.0821395888740712e-37,1.7890897268157838e-44,3.277920532414982e-68,5.269150051770386e-48,3.820579271051892e-33,0.0,0.0,0.0,0.0
17.133333333333333,0.028085107,1.0972728309402277e-30,3.4430956341097153e-40,1.4632422245871031e-126,1.0944607706165906e-30,9.001594072514923e-38,1.4100647299386276e-44,2.153796995906105e-68,3.6278858833030744e-48,2.81196996337254e-33,0.0,0.0,0.0,0.0
17.15,0.028085107,9.538979035201138e-31,3.020950702631454e-40,9.20028402647451e-127,9.51828376133807e-31,7.487667762951855e-38,1.1113149476472792e-44,1.4151139008167718e-68,2.4976873970196588e-48,2.0694522075229832e-33,0.0,0.0,0.0,0.0
17.166666666666668,0.028085107,8.292955444228358e-31,2.6505438120235406e-40,5.784770670836008e-127,8.277726091428524e-31,6.228231429093966e-38,8.75843428825602e-45,9.29733328580797e-69,1.719468066563692e-48,1.52287273260607e-33,0.0,0.0,0.0,0.0
17.183333333333334,0.028085107,7.209961753330127e-31,2.325536395616806e-40,3.6372316424705634e-127,7.1987556223138114e-31,5.180527500378081e-38,6.902510014237892e-45,6.108096110093384e-69,1.1836460878002154e-48,1.120561063795992e-33,0.0,0.0,0.0,0.0
17.2,0.028085107,6.268583411951956e-31,2.0403661365490195e-40,2.2869447736221855e-127,6.260338345159262e-31,4.3089784550027657e-38,5.439749479569862e-45,4.0126739396508326e-69,8.147446006450952e-49,8.244633854428046e-34,0.0,0.0,0.0,0.0
17.216666666666665,0.023404256,5.450242425343637e-31,1.7901519427645811e-40,1.4379384492923478e-127,5.444176498705187e-31,3.5839817581922707e-38,4.286887362435071e-45,2.6359824494762436e-69,5.607808016233826e-49,6.065566450079576e-34,0.0,0.0,0.0,0.0
17.233333333333334,0.023404256,4.738815219054688e-31,1.5706105497897492e-40,9.041173826167409e-128,4.734352856176381e-31,2.980906941309355e-38,3.378287451600158e-45,1.7315374012835504e-69,3.859552512636488e-49,4.4620632169681485e-34,0.0,0.0,0.0,0.0
17.25,0.023404256,4.120303669818656e-31,1.3779833290399019e-40,5.684722181717601e-128,4.117021223473689e-31,2.479260932958437e-38,2.6622112607012048e-45,1.137370720536084e-69,2.6561530169292476e-49,3.2821970408634998e-34,0.0,0.0,0.0,0.0
17.266666666666666,0.023404256,3.582551474176474e-31,1.2089720533006934e-40,3.5743211827018e-128,3.5801371494627997e-31,2.0619934314448224e-38,2.0978761955807703e-45,7.470559013049634e-70,1.827854795263465e-49,2.414117305338049e-34,0.0,0.0,0.0,0.0
17.283333333333335,0.028085107,3.1149992853201697e-31,1.0606825236627638e-40,2.247386712505354e-128,3.1132236274374885e-31,1.7149188353325022e-38,1.6531362572525698e-45,4.9066505797611676e-70,1.2577748478479598e-49,1.7754853300982245e-34,0.0,0.0,0.0,0.0
17.3,0.028085107,2.708473080575395e-31,9.305750961701904e-41,1.4130643737390893e-128,2.707167244203202e-31,1.426235184478876e-38,1.3026535821422311e-45,3.222539278700278e-70,8.654398221402118e-50,1.3056928180862443e-34,0.0,0.0,0.0,0.0
17.316666666666666,0.028085107,2.35500107291106e-31,8.164212640483886e-41,8.884765915029516e-129,2.354040822781113e-31,1.1861238403614986e-38,1.026456973754538e-45,2.116374150276772e-70,5.954478658144593e-50,9.60130701131628e-35,0.0,0.0,0.0,0.0
17.333333333333332,0.028085107,2.047655185694754e-31,7.162655546091738e-41,5.5863731024756313e-129,2.0469491178457414e-31,9.864163620889018e-39,8.088055437975311e-46,1.3898499006286768e-70,4.09660086545458e-50,7.059684911030227e-35,0.0,0.0,0.0,0.0
17.35,0.028085107,1.780413698542568e-31,6.283920905410318e-41,3.5124794432042465e-129,1.7798945695800378e-31,8.203173050913273e-39,6.3729290063964125e-46,9.126928696201855e-71,2.8182320145354034e-50,5.19046302401318e-35,0.0,0.0,0.0,0.0
17.366666666666667,0.028085107,5.89546252403281e-13,5.512952448283853e-41,2.2085007446643878e-129,1.5476605102899457e-31,6.821735596426873e-39,5.021409804208924e-46,5.99325562498635e-71,1.938666732973183e-50,3.815864185246185e-35,5.89546252403281e-13,0.0,0.0,0.0
17.383333333333333,0.028085107,6.430210566138579e-09,4.836538883543631e-41,1.388612961592641e-129,1.3457095563664942e-31,5.672824197713854e-39,3.9564338537313185e-46,3.9353413913898905e-71,1.3335307449981659e-50,2.8050844412242744e-35,6.430210566138579e-09,0.0,0.0,0.0
17.4,0.028085107,4.4551846988503803e-07,4.2430879051830524e-41,8.731016030632718e-130,1.1700952125541502e-31,4.717318828326284e-39,3.117265855291409e-46,2.583946832746549e-71,9.172263164822714e-51,2.061889517454976e-35,4.4551846988503803e-07,0.0,0.0,0.0
17.416666666666668,0.028085107,6.647566053443477e-06,3.7224278698265936e-41,5.489695589670151e-130,1.0173849716626993e-31,3.922677701984709e-39,2.456040355579376e-46,1.696548819897059e-71,6.308465264029734e-51,1.51548436076426e-35,6.647566053443477e-06,0.0,0.0,0.0
17.433333333333334,0.03276596,4.6613888323833494e-05,3.265633758715681e-41,3.4516889090046796e-130,8.84593415802586e-32,3.2618316695655175e-39,1.935035377286729e-46,1.1138606380021867e-71,4.338551894946174e-51,1.1137926263238875e-35,4.6613888323833494e-05,0.0,0.0,0.0
17.45,0.03276596,0.00020828415253927612,2.86487445178078e-41,2.1702758522947107e-130,7.691240192347847e-32,2.7122643380687806e-39,1.5245234446705225e-46,7.312689591283559e-72,2.9835950834856874e-51,8.18510436963808e-36,0.00020828415253927612,0.0,0.0,0.0
17.466666666666665,0.037446808,0.0006896170487810338,2.5132787050476803e-41,1.364577282113387e-130,6.687185217617209e-32,2.255246730027106e-39,1.201077758112578e-46,4.800707939464038e-72,2.0516775598812928e-51,6.014663005425916e-36,0.0006896170487810338,0.0,0.0,0.0
17.483333333333334,0.037446808,0.0018435697546674923,2.2048175418218405e-41,8.579880575328274e-131,5.814128885054334e-32,1.8752005341709127e-39,9.462371454534634e-47,3.1514859476700505e-72,1.410758273242261e-51,4.4194249282667934e-36,0.0018435697546674923,0.0,0.0,0.0
17.5,0.04680851,0.004198249414923248,1.9342010482567711e-41,5.394662218373018e-131,5.054989997706187e-32,1.559168353002808e-39,7.454538175970634e-47,2.068747490721416e-72,9.699972579915999e-52,3.247041163087587e-36,0.004198249414923248,0.0,0.0,0.0
17.516666666666666,0.05148936,0.008439589657473663,1.696787809802344e-41,3.3919323285994526e-131,4.394913259423723e-32,1.2963729773330763e-39,5.87264038729408e-47,1.357943468753786e-72,6.66903414873096e-52,2.385489915835609e-36,0.008439589657473663,0.0,0.0,0.0
17.533333333333335,0.060851064,0.015355117625313866,1.4885054408464118e-41,2.1327011834563618e-131,3.820979391779588e-32,1.07785073424322e-39,4.626345007215853e-47,8.913290684783651e-73,4.584901809408408e-52,1.7524083654769325e-36,0.015355117625313866,0.0,0.0,0.0
17.55,0.074893616,0.025747813572467,1.3057808492747052e-41,1.340950508978783e-131,3.3219529789004294e-32,8.961464652979277e-40,3.644471869776987e-47,5.850280627862551e-73,3.151896363204935e-52,1.2872448861567767e-36,0.025747813572467,0.0,0.0,0.0
17.566666666666666,0.08893617,0.040335673061541365,1.1454790439180508e-41,8.431316608803918e-132,2.8880631331840137e-32,7.450597809813297e-40,2.870933909475393e-47,3.839703169624217e-73,2.1666498865519435e-52,9.454865141501519e-37,0.040335673061541365,0.0,0.0,0.0
17.583333333333332,0.10765957,0.059654459299710756,1.004849438760481e-41,5.301245977460121e-132,2.5108127126716144e-32,6.194339759166142e-40,2.261537664403901e-47,2.520002694670138e-73,1.4892945279422495e-52,6.944132325287276e-37,0.059654459299710756,0.0,0.0,0.0
17.6,0.13106383,0.08397895671311681,8.814787358333928e-42,3.333192710982053e-132,2.1828123757996917e-32,5.149804362353563e-40,1.7814618373985888e-47,1.6538146398608197e-73,1.023640878367796e-52,5.099754869911054e-37,0.08397895671311681,0.0,0.0,0.0
17.616666666666667,0.15446809,0.11327327147668592,7.732495811068074e-42,2.0957660501962384e-132,1.8976362421232683e-32,4.2813257443675515e-40,1.4032702564480438e-47,1.0853135044597867e-73,7.0354186248399705e-53,3.7449795919032437e-37,0.11327327147668592,0.0,0.0,0.0
17.633333333333333,0.18723404,0.14717496402469402,6.783042863208446e-42,1.3177259190972338e-132,1.6496963477387206e-32,3.5592432894923247e-40,1.1053460037576388e-47,7.122069433220214e-74,4.835124792836907e-53,2.7499109180274976e-37,0.14717496402469402,0.0,0.0,0.0
17.65,0.21531914,0.18501235336522656,5.950129962649193e-42,8.285281840583131e-133,1.4341334496834104e-32,2.9588909928797394e-40,8.706574679068026e-48,4.6734746814647325e-74,3.3227753030142695e-53,2.01909607661714e-37,0.18501235336522656,0.0,0.0,0.0
17.666666666666668,0.25276595,0.22585005564620922,5.219457569806463e-42,5.2094202648798276e-133,1.246722051636249e-32,2.4597568140796838e-40,6.857859793929908e-48,3.066594499413399e-74,2.2833365308423915e-53,1.482397610990726e-37,0.22585005564620922,0.0,0.0,0.0
17.683333333333334,0.29021275,0.26855509778884745,4.578480070377611e-42,3.275453322655669e-133,1.0837877999613528e-32,2.0447834507589153e-40,5.401595918156085e-48,2.0121282092417105e-74,1.568970080273435e-53,1.0882832895710316e-37,0.26855509778884745,0.0,0.0,0.0
17.7,0.3229787,0.31187479444501026,4.016190725437257e-42,2.0594599266590933e-133,9.421356398878483e-33,1.6997867537140474e-40,4.254493167133706e-48,1.3201943145844689e-74,1.0780410653556134e-53,7.988935543119854e-38,0.31187479444501026,0.0,0.0,0.0
17.716666666666665,0.36042553,0.35451775755413795,3.522932978986122e-42,1.2948968914151573e-133,8.189873310792454e-33,1.4129720005115275e-40,3.350933779195127e-48,8.661698224778428e-75,7.406823100234031e-54,5.864159089628015e-38,0.35451775755413795,0.0,0.0,0.0
17.733333333333334,0.39787233,0.39523056027220926,3.0902348937100854e-42,8.141734622501184e-134,7.119271040741166e-33,1.174531570063567e-40,2.6392234805874393e-48,5.682655026701503e-75,5.0886758087214104e-54,4.3042016267333454e-38,0.39523056027220926,0.0,0.0,0.0
17.75,0.43063828,0.43286431012585636,2.7106638811928375e-42,5.119158882900255e-134,6.188543976199815e-33,9.763103268712678e-41,2.0786378078170962e-48,3.7280579921892226e-75,3.4958585801801834e-54,3.1590003411095813e-38,0.43286431012585636,0.0,0.0,0.0
17.766666666666666,0.46340424,0.466427346630749,2.377699239889325e-42,3.218697684628553e-134,5.379427548464951e-33,8.115273253119103e-41,1.6370948489129613e-48,2.44566641570439e-75,2.4014818296907496e-54,2.3183398704659592e-38,0.466427346630749,0.0,0.0,0.0
17.783333333333335,0.49148935,0.4951221872517825,2.0856203187479995e-42,2.0237724471931813e-134,4.676040762150249e-33,6.74544359262412e-41,1.2893215872437907e-48,1.6043349438363372e-75,1.649609874158596e-54,1.7012771306219166e-38,0.4951221872517825,0.0,0.0,0.0
17.8,0.5148936,0.5183665104364663,1.8294083916518436e-42,1.2724569057209287e-134,4.0645753156670814e-33,5.606734754789863e-41,1.0154091843149155e-48,1.0523887525522547e-75,1.1330779758709784e-54,1.2483711212482324e-38,0.5183665104364663,0.0,0.0,0.0
17.816666666666666,0.533617,0.5357992767651996,1.604660562409749e-42,8.000633941151233e-135,3.533025244003496e-33,4.660168945417999e-41,7.996747249085951e-49,6.903045776369554e-76,7.782427268278507e-55,9.159741394228892e-39,0.5357992767651996,0.0,0.0,0.0
17.833333333333332,0.5476596,0.5472740101471207,1.4075142258685059e-42,5.0304360333379486e-135,3.0709518050917035e-33,3.8733388579470517e-41,6.2976443288945765e-49,4.527816079884801e-76,5.344993463028189e-55,6.7203782791139e-39,0.5472740101471207,0.0,0.0,0.0
17.85,0.55234045,0.5528418038293003,1.2345807913461776e-42,3.1629095694053265e-135,2.6692790182542418e-33,3.219300599856681e-41,4.959471451624027e-49,2.9697530570616007e-76,3.670762055601067e-55,4.930323223483268e-39,0.5528418038293003,0.0,0.0,0.0
17.866666666666667,0.55702126,0.5527268285140698,1.082887533100926e-42,1.988693404449707e-135,2.320115861025721e-33,2.675653063843945e-41,3.905576898475973e-49,1.9477602679870402e-76,2.5208229747259754e-55,3.6168324081133796e-39,0.5527268285140698,0.0,0.0,0.0
17.883333333333333,0.5476596,0.5472970683461816,9.498265716471373e-43,1.2503995414451532e-135,2.0166016506624547e-33,2.2237723592911212e-41,3.0755837158945055e-49,1.2774218421166397e-76,1.731034138197213e-55,2.6530953303164215e-39,0.5472970683461816,0.0,0.0,0.0
17.9,0.5382979,0.5370327671247584,8.33110111795228e-43,7.861939410307701e-136,1.7527715890068837e-33,1.8481751999474911e-41,2.4219350981719747e-49,8.37754771873552e-77,1.1886286585107283e-55,1.9460274165123345e-39,0.5370327671247584,0.0,0.0,0.0
17.916666666666668,0.52425534,0.5224947009207342,7.307311704019848e-43,4.943226312777918e-136,1.5234398428535048e-33,1.5359895361632692e-41,1.9071728915369745e-49,5.493932083209452e-77,8.161390356307878e-56,1.4273051592042123e-39,0.5224947009207342,0.0,0.0,0.0
17.933333333333334,0.5055319,0.5042939646653141,6.409291208120748e-43,3.108072997969876e-136,1.324097874235919e-33,1.276514373715148e-41,1.5017936801013922e-49,3.6027450617384374e-77,5.6035029030446055e-56,1.0467829724706447e-39,0.5042939646653141,0.0,0.0,0.0
17.95,0.4868085,0.4830645178393865,5.621594634489176e-43,1.95421274747768e-136,1.1508260327712304e-33,1.060853760405377e-41,1.1825599048941596e-49,2.3624776651627665e-77,3.847092751340225e-56,7.67659353922976e-40,0.4830645178393865,0.0,0.0,0.0
17.966666666666665,0.4587234,0.45943931423511913,4.93067304388783e-43,1.2287184764582783e-136,1.0002166811633404e-33,8.816124495330594e-42,9.311694623585073e-50,1.5491229597024074e-77,2.6410913610102135e-56,5.629277706728679e-40,0.45943931423511913,0.0,0.0,0.0
17.983333333333334,0.43531916,0.43403046709494253,4.324640872593963e-43,7.72561126334166e-137,8.693073502130723e-34,7.326428519653889e-42,7.332077111644162e-50,1.0157530477402327e-77,1.8130593053556743e-56,4.127710029893762e-40,0.43403046709494253,0.0,0.0,0.0
18.0,0.40723404,0.4074135876284422,3.79307179532255e-43,4.857504707788434e-137,7.5552261560496835e-34,6.088346374027047e-42,5.773219547373016e-50,6.660004240412424e-78,1.2445676805454872e-56,3.026482815207871e-40,0.4074135876284422,0.0,0.0,0.0
18.016666666666666,0.3744681,0.38011618745282116,3.3268196317712322e-43,3.054172236762372e-137,6.566235591486096e-34,5.059398000163409e-42,4.54571182535543e-50,4.36661667873332e-78,8.542855399232917e-57,2.218911157628947e-40,0.38011618745282116,0.0,0.0,0.0
18.03333333333333,0.35106382,0.3526098530771718,2.917861225553072e-43,1.9203205798180127e-137,5.706638253700687e-34,4.204272134412092e-42,3.5791387162257185e-50,2.862858534126111e-78,5.863618729687674e-57,1.6267260812877093e-40,0.3526098530771718,0.0,0.0,0.0
18.05,0.3229787,0.3253057779692077,2.5591586007824043e-43,1.20740748586786e-137,4.959514132616026e-34,3.4936170629507386e-42,2.818045434075067e-50,1.87689088671753e-78,4.024450834845699e-57,1.1925096509100655e-40,0.3253057779692077,0.0,0.0,0.0
18.066666666666663,0.29489362,0.2985531671467256,2.244538031944683e-43,7.591610345634125e-138,4.310154551199056e-34,2.9030352622717274e-42,2.218759892625724e-50,1.2304459580406913e-78,2.7620139386619614e-57,8.74142979017917e-41,0.2985531671467256,0.0,0.0,0.0
18.08333333333333,0.27148935,0.27264000146214673,1.96858395255679e-43,4.7732465901286554e-138,3.745773319194451e-34,2.4122475646105752e-42,1.7468897819898133e-50,8.066228223220687e-79,1.8954989334908807e-57,6.407318078691324e-41,0.27264000146214673,0.0,0.0,0.0
18.1,0.2480851,0.24779565437614476,1.7265458824797589e-43,3.001191794658584e-138,3.255255594801764e-34,2.004398275932846e-42,1.3753511973491788e-50,5.287653309719642e-79,1.300767754717698e-57,4.696166361854329e-41,0.24779565437614476,0.0,0.0,0.0
18.116666666666667,0.22468086,0.22419488409971536,1.5142567769192162e-43,1.8870071575966246e-138,2.828939534503003e-34,1.6654774875368962e-42,1.0828159601527146e-50,3.46609136170139e-79,8.925953506646569e-58,3.441788504382216e-41,0.22419488409971536,0.0,0.0,0.0
18.133333333333333,0.2012766,0.2019627705280174,1.3280613959734485e-43,1.1864604408158182e-138,2.4584264527586423e-34,1.3838408252744413e-42,8.524887288623418e-51,2.2719651601362858e-79,6.1247479018941624e-58,2.5223104572776665e-41,0.2019627705280174,0.0,0.0,0.0
18.15,0.18255319,0.18118022260218322,1.1647534654106157e-43,7.459898106977517e-139,2.136415771203208e-34,1.149810209228508e-42,6.7114386880624e-51,1.4891828199155623e-79,4.202431595436693e-58,1.8483605550428525e-41,0.18118022260218322,0.0,0.0,0.0
18.166666666666668,0.16851063,0.16188974212088,1.021520550110484e-43,4.690427711960007e-139,1.8565615221658669e-34,9.553419648859318e-43,5.283669179229218e-51,9.760658457929461e-80,2.8833145576224184e-58,1.3544056888091888e-41,0.16188974212088,0.0,0.0,0.0
18.183333333333334,0.15446809,0.14410119035601446,8.95895693885474e-44,2.9491164199497045e-139,1.613347593306406e-34,7.937509287864032e-43,4.159571969361316e-51,6.3972750639322296e-80,1.978164620130425e-58,9.923957750828319e-42,0.14410119035601446,0.0,0.0,0.0
18.2,0.14042553,0.12779736104237044,7.857149954538842e-44,1.8542628876194343e-139,1.4019792671107119e-34,6.594811058049537e-43,3.2745733833758777e-51,4.192719434048343e-80,1.3571003614056853e-58,7.271018294315166e-42,0.12779736104237044,0.0,0.0,0.0
18.216666666666665,0.12638298,0.11293921535959628,6.890803921701403e-44,1.1658713072760352e-139,1.2182889281129975e-34,5.479150269290223e-43,2.5778277600197867e-51,2.7477771439178427e-80,9.30980809351785e-59,5.326965613687474e-42,0.11293921535959628,0.0,0.0,0.0
18.23333333333333,0.11702128,0.09947068019825271,6.043270124611472e-44,7.330436594004003e-140,1.058654088224278e-34,4.552152799155699e-43,2.0292996191961036e-51,1.800744923802051e-80,6.386292612929506e-59,3.9024649021100787e-42,0.09947068019825271,0.0,0.0,0.0
18.25,0.10765957,0.08732294976185653,5.299945363089477e-44,4.609024201069427e-140,9.199261218786333e-35,3.781927857282692e-43,1.597465858418412e-51,1.1800704559230428e-80,4.380627399437554e-59,2.8587271401434776e-42,0.08732294976185653,0.0,0.0,0.0
18.266666666666666,0.09829787,0.07641826237294341,4.64802071897357e-44,2.897931097324581e-140,7.993683125701363e-35,3.1419730871397374e-43,1.2575062554680675e-51,7.733013710315209e-81,3.004715296394231e-59,2.0940214180513323e-42,0.07641826237294341,0.0,0.0,0.0
18.28333333333333,0.09361702,0.06667314955566277,4.076261168841723e-44,1.822078325468916e-140,6.946019948462246e-35,2.6102644932021376e-43,9.898785316868249e-52,5.067278628501147e-81,2.060866905333695e-59,1.5337846173054567e-42,0.06667314955566277,0.0,0.0,0.0
18.3,0.084255315,0.05800117363353441,3.5748122570446426e-44,1.145634144854357e-140,6.035597345167208e-35,2.1685000076108377e-43,7.791962668746314e-52,3.320366394326692e-81,1.4134363619908285e-59,1.1233694449934119e-42,0.05800117363353441,0.0,0.0,0.0
18.316666666666663,0.079574466,0.05031518392211336,3.135030507606351e-44,7.20318844260909e-141,5.244446278299301e-35,1.8014707700857705e-43,6.1334531366119315e-52,2.175617340096095e-81,9.693539046396924e-60,8.227273476354058e-43,0.05031518392211336,0.0,0.0,0.0
18.33333333333333,0.074893616,0.04352913088883873,2.7493346610850484e-44,4.529012556088829e-141,4.5569492036056207e-35,1.4965385678951545e-43,4.827880299986337e-52,1.4254905665304274e-81,6.647653119705969e-60,6.0251030938635095e-43,0.04352913088883873,0.0,0.0,0.0
18.35,0.07021277,0.037559483176631686,2.411075180040438e-44,2.8476210448593844e-141,3.959532506934919e-35,1.243201518438159e-43,3.800154157200247e-52,9.339670924621029e-82,4.5586296112554177e-60,4.412130790108745e-43,0.037559483176631686,0.0,0.0,0.0
18.366666666666667,0.07021277,0.03232629488703555,2.1144197804413885e-44,1.7904441736055994e-141,3.440399147123519e-35,1.0327330997202233e-43,2.9911571942734245e-52,6.119053474616901e-82,3.1259377661853363e-60,3.2307826606129705e-43,0.03232629488703555,0.0,0.0,0.0
18.383333333333333,0.06553192,0.027753970672818037,1.8542530215620348e-44,1.1257431055915583e-141,2.9892962519023355e-35,8.578821470153919e-44,2.3543476095678436e-52,4.008874177491835e-82,2.1434161568667634e-60,2.3656075705139197e-43,0.027753970672818037,0.0,0.0,0.0
18.4,0.060851064,0.023771774599240264,1.6260882283699471e-44,7.078116870401734e-142,2.597313099736793e-35,7.126235232224603e-44,1.8530847485109823e-52,2.626311054579711e-82,1.469646599554281e-60,1.7320218774030694e-43,0.023771774599240264,0.0,0.0,0.0
18.416666666666668,0.060851064,0.02031412591205209,1.4259902322357635e-44,4.450369641733896e-142,2.2567055169240971e-35,5.919509072683008e-44,1.4585232296755991e-52,1.720503307597744e-82,1.0076266799106393e-60,1.2680602238974273e-43,0.02031412591205209,0.0,0.0,0.0
18.433333333333334,0.056170214,0.017320721227374276,1.2505076016395098e-44,2.7981717110150813e-142,1.9607432378525937e-35,4.917045888011788e-44,1.147954869125117e-52,1.127069068969935e-82,6.908230507613581e-61,9.283299049378493e-44,0.017320721227374276,0.0,0.0,0.0
18.45,0.056170214,0.01473651858032719,1.0966131975879612e-44,1.759351279474739e-142,1.703577227214949e-35,4.0842835773540157e-44,9.035032036142428e-53,7.382972905170932e-83,4.736030468620372e-61,6.795804474218331e-44,0.01473651858032719,0.0,0.0,0.0
18.466666666666665,0.05148936,0.012511614507586224,9.616520314952457e-45,1.1061924327685626e-142,1.4801243549984553e-35,3.3925057502910665e-44,7.110956474580483e-53,4.836128103409145e-83,3.2467043825632584e-61,4.97457061738861e-44,0.012511614507586224,0.0,0.0,0.0
18.48333333333333,0.05148936,0.010601041099762695,8.43295528762462e-45,6.955185669178424e-143,1.2859671559244357e-35,2.817853405430769e-44,5.596542524062026e-53,3.1677445357257586e-83,2.2256234323881273e-61,3.6412176053246504e-44,0.010601041099762695,0.0,0.0,0.0
18.5,0.05148936,0.008964505892032397,7.395014113800398e-45,4.37307268406207e-143,1.1172667013585632e-35,2.3405036333588664e-44,4.404585881448077e-53,2.0748580535016117e-83,1.525602483335057e-61,2.665103575189231e-44,0.008964505892032397,0.0,0.0,0.0
18.516666666666666,0.05148936,0.0075660936677915645,6.4847850945324e-45,2.749568771643147e-143,9.706868693676961e-36,1.943987129018179e-44,3.466441425297808e-53,1.3589784531284113e-83,1.0457116293966882e-61,1.9505545017379872e-44,0.0075660936677915645,0.0,0.0,0.0
18.53333333333333,0.04680851,0.006373945794049031,5.68655896276394e-45,1.7287906336184013e-143,8.433285226057412e-36,1.6146210628098419e-44,2.7280742196006713e-53,8.900670912238365e-84,7.16742937479418e-62,1.4275086283313476e-44,0.006373945794049031,0.0,0.0,0.0
18.55,0.04680851,0.005359929622199816,4.9865581590876885e-45,1.086976459716672e-143,7.326722984666251e-36,1.3410378198297882e-44,2.1469505968787734e-53,5.829334312625824e-84,4.912424901216037e-62,1.0446628776688505e-44,0.005359929622199816,0.0,0.0,0.0
18.566666666666663,0.04680851,0.004499307783934288,4.372699374087437e-45,6.834359197414556e-144,6.365288852587111e-36,1.1137934083112916e-44,1.6895906479218363e-53,3.817695447466943e-84,3.3667395973776677e-62,7.644524263618234e-45,0.004499307783934288,0.0,0.0,0.0
18.58333333333333,0.04680851,0.003770414882434782,3.8343852708413956e-45,4.2970992657365274e-144,5.529958053570572e-36,9.25042074337026e-45,1.3296414380393836e-53,2.5001711989322483e-84,2.3073013137923367e-62,5.593733319951834e-45,0.003770414882434782,0.0,0.0,0.0
18.6,0.04680851,0.0031543471047275843,3.3623218029688874e-45,2.7017981270040115e-144,4.804198542636483e-36,7.682659339668512e-45,1.0463601854971842e-53,1.6372855106550224e-84,1.581176553703321e-62,4.092890784772662e-45,0.0031543471047275843,0.0,0.0,0.0
18.616666666666667,0.04680851,0.0026346686351901385,2.94835798379592e-45,1.698753367795795e-144,4.1736445575934954e-36,6.380503240469153e-45,8.234201933847881e-54,1.072174177611792e-84,1.0835220806781641e-62,2.99457896115894e-45,0.0026346686351901385,0.0,0.0,0.0
18.633333333333333,0.04680851,0.00219713740129204,2.585345348378341e-45,1.0680896086331899e-144,3.6258129005048154e-36,5.2989714392892934e-45,6.479708734543378e-54,7.020896552424194e-85,7.424660421266129e-63,2.190880582906021e-45,0.00219713740129204,0.0,0.0,0.0
18.65,0.04680851,0.001829451597042936,2.2670146888804558e-45,6.715602372798244e-145,3.1498563589534424e-36,4.400697659998604e-45,5.098978040633415e-54,4.5973351105356683e-85,5.087412282941577e-63,1.602799051539197e-45,0.001829451597042936,0.0,0.0,0.0
18.666666666666668,0.04680851,0.00152101757349474,1.9878679409645513e-45,4.222427321317144e-145,2.7363494078917676e-36,3.6546417808119205e-45,4.012402625999617e-54,3.010274896646358e-85,3.4857710844294645e-63,1.1725111689091103e-45,0.00152101757349474,0.0,0.0,0.0
18.683333333333334,0.04680851,0.0012627390263307587,1.7430833595310572e-45,2.6548458987992154e-145,2.377101968287392e-36,3.035019226337278e-45,3.157327258575424e-54,1.9710271680529752e-85,2.3882647093446674e-63,8.576943483277287e-46,0.0012627390263307587,0.0,0.0,0.0
18.7,0.04680851,0.0010468269174033985,1.5284323508186012e-45,1.6692307531124336e-145,2.0649975511487153e-36,2.5204114723697197e-45,2.4844395960510578e-54,1.2905224757594022e-85,1.6362430247247933e-63,6.273730565394819e-46,0.0010468269174033985,0.0,0.0,0.0
18.716666666666665,0.04680851,0.0008666292120432787,1.3402065284687717e-45,1.0495263894007077e-145,1.793852595691151e-36,2.0930270372766913e-45,1.9549293043740952e-54,8.44938488131871e-86,1.1209725616069309e-63,4.588777910663388e-46,0.0008666292120432787,0.0,0.0,0.0
18.73333333333333,0.04680851,0.0007164792719366325,1.1751537371202092e-45,6.59888066479477e-146,1.55829422781077e-36,1.7380875105726694e-45,1.5382519121994933e-54,5.5318605314386744e-86,7.679342929872705e-64,3.3561872292327334e-46,0.0007164792719366325,0.0,0.0,0.0
18.75,0.042127658,0.0005915615922715174,1.0304219414500929e-45,4.149035132579528e-146,1.3536540278750605e-36,1.4433174713775557e-45,1.2103686988857435e-54,3.621629414579583e-86,5.260598109077598e-64,2.4545585269194377e-46,0.0005915615922715174,0.0,0.0,0.0
18.766666666666666,0.042127658,0.0004877934925591494,9.035100139788513e-46,2.6086984272152507e-146,1.1758757122446954e-36,1.1985207246028096e-45,9.523612987417986e-55,2.3709560426927574e-86,3.603530873058753e-64,1.795059204060711e-46,0.0004877934925591494,0.0,0.0,0.0
18.78333333333333,0.042127658,0.00040172134674555947,7.922245737214127e-46,1.6402141981568653e-146,1.0214349071038323e-36,9.952282536920746e-46,7.493412636392662e-55,1.5521359267556214e-86,2.4683316197211372e-64,1.3126907899548196e-46,0.00040172134674555947,0.0,0.0,0.0
18.8,0.042127658,0.00033042995625018855,6.946421319508668e-46,1.0312813984138838e-146,8.872694314939028e-37,8.264057576260869e-46,5.895917988619315e-55,1.0160680729112177e-86,1.690678301722646e-64,9.598966539932197e-47,0.00033042995625018855,0.0,0.0,0.0
18.816666666666663,0.042127658,0.00027146371806492994,6.090758927246936e-46,6.484160087244947e-147,7.70718713594735e-37,6.862106914917613e-46,4.638922487348042e-55,6.65124141584605e-87,1.1579791499223833e-64,7.0188344200275145e-47,0.00027146371806492994,0.0,0.0,0.0
18.83333333333333,0.042127658,0.00022275830978005394,5.3404663598395225e-46,4.0769013238439176e-147,6.694711443563315e-37,5.6979043472342325e-46,3.6498642728345155e-55,4.353810461741631e-87,7.930907127495874e-65,5.131969857564059e-47,0.00022275830978005394,0.0,0.0,0.0
18.85,0.042127658,0.00018258169695402836,4.682571813503071e-46,2.563342267985295e-147,5.815183290943277e-37,4.731146277404215e-46,2.8716416968356195e-55,2.84985835092471e-87,5.431595590684042e-65,3.7521645581348713e-47,0.00018258169695402836,0.0,0.0,0.0
18.866666666666667,0.042127658,0.00014948335976022956,4.105699924202623e-46,1.6116952471488442e-147,5.051153336980298e-37,3.928358948235501e-46,2.259319987157883e-55,1.865365870472521e-87,3.719756424533857e-65,2.7432060913103876e-47,0.00014948335976022956,0.0,0.0,0.0
18.883333333333333,0.042127658,0.00012225073080394152,3.599875354558557e-46,1.013349317412327e-147,4.387461403415588e-37,3.2617414917187323e-46,1.7775393172090172e-55,1.2209329713746701e-87,2.547323864543469e-65,2.00545939933848e-47,0.00012225073080394152,0.0,0.0,0.0
18.9,0.04680851,9.987193099066715e-05,3.1563505382397285e-46,6.371407191009926e-148,3.810936303626571e-37,2.708204887938341e-46,1.398474927911638e-55,7.991102627190167e-88,1.7443614715757644e-65,1.4660483302595397e-47,9.987193099066715e-05,0.0,0.0,0.0
18.916666666666668,0.042127658,8.150398283767067e-05,2.7674546115828385e-46,4.0060048573435084e-148,3.3101350129845193e-37,2.248573671649081e-46,1.1002317449219785e-55,5.230084814752137e-88,1.1944598040565038e-65,1.071671729656695e-47,8.150398283767067e-05,0.0,0.0,0.0
18.933333333333334,0.042127658,6.64457688934089e-05,2.4264609272695874e-46,2.5187641894694393e-148,2.8751160270736056e-37,1.8669228366205263e-46,8.655809621758505e-56,3.4229293808399986e-88,8.178796416557927e-66,7.833474438658617e-48,6.64457688934089e-05,0.0,0.0,0.0
18.95,0.042127658,5.411508579163151e-05,2.1274708651158828e-46,1.5836655780993203e-148,2.4972424288483074e-37,1.55002704966216e-46,6.809657634543306e-56,2.2401359559815695e-88,5.600027159582183e-66,5.725670509226524e-48,5.411508579163151e-05,0.0,0.0,0.0
18.966666666666665,0.042127658,4.40292212139407e-05,1.8653119359074317e-46,9.957249123200142e-149,2.1690107722950867e-37,1.2869031595326231e-46,5.357188606714398e-56,1.466013909137838e-88,3.8341916468432065e-66,4.184828211932585e-48,4.40292212139407e-05,0.0,0.0,0.0
18.98333333333333,0.04680851,3.5788551319615195e-05,1.6354484205756954e-46,6.260589056664166e-149,1.883902399888466e-37,1.0684302040127004e-46,4.214467334409845e-56,9.593766116767323e-89,2.625067766496432e-66,3.0584992083430235e-48,3.5788551319615195e-05,0.0,0.0,0.0
19.0,0.04680851,2.9062719949856212e-05,1.4339030030949685e-46,3.936325028619348e-149,1.6362542541457194e-37,8.870337920925273e-47,3.3154506178981343e-56,6.278089898724961e-89,1.797174763810964e-66,2.2352116847724196e-48,2.9062719949856212e-05,0.0,0.0,0.0
19.016666666666666,0.04680851,2.3579018248661892e-05,1.2571880450123076e-46,2.47495116974904e-149,1.4211466286055335e-37,7.364239595359927e-47,2.6081740574475844e-56,4.108216728267313e-89,1.2303346738453375e-66,1.6334603162296634e-48,2.3579018248661892e-05,0.0,0.0,0.0
19.03333333333333,0.04680851,1.91126345286754e-05,1.1022453157570113e-46,1.5561170009794935e-149,1.2343056381767438e-37,6.113774415503057e-47,2.051751373273637e-56,2.6882312230088e-89,8.4224694683079e-67,1.1936534343905603e-48,1.91126345286754e-05,0.0,0.0,0.0
19.05,0.04680851,1.5478489606199116e-05,9.663931386827663e-47,9.78403032092686e-150,1.0720184796170697e-37,5.075568394742171e-47,1.6140131498263448e-56,1.759006312730817e-89,5.7655258783053615e-67,8.722234179718819e-49,1.5478489606199116e-05,0.0,0.0,0.0
19.066666666666663,0.04680851,1.2524412851445956e-05,8.472800406776444e-47,6.151673287225699e-150,9.3105980563805e-38,4.213604321208608e-47,1.2696487743601223e-56,1.1509480526329575e-89,3.946587844168141e-67,6.3731941917440845e-49,1.2524412851445956e-05,0.0,0.0,0.0
19.08333333333333,0.04680851,1.0125449294704679e-05,7.428441053412835e-47,3.8678414619389453e-150,8.086277557771048e-38,3.497974405685024e-47,9.98744357888982e-57,7.53063569454255e-90,2.7013947905653278e-67,4.65657465043218e-49,1.0125449294704679e-05,0.0,0.0,0.0
19.1,0.04680851,8.179118751972283e-06,6.512773281062825e-47,2.431890393743975e-150,7.022883780618096e-38,2.903844342483738e-47,7.856322649311346e-57,4.927143264620801e-90,1.8490039808775767e-67,3.4021705947102953e-49,8.179118751972283e-06,0.0,0.0,0.0
19.116666666666667,0.04680851,6.601474533955599e-06,5.70994357961711e-47,1.5290414559044393e-150,6.099273413744069e-38,2.4105929643653817e-47,6.179858527026721e-57,3.2236391513416125e-90,1.2655263900775102e-67,2.4855688193070727e-49,6.601474533955599e-06,0.0,0.0,0.0
19.133333333333333,0.04680851,5.323832312391486e-06,5.006050861133525e-47,9.613786075730819e-151,5.297079825850068e-38,2.0010977389468223e-47,4.861071663657205e-57,2.1090427179603537e-90,8.661402170864721e-68,1.815832459721025e-49,5.323832312391486e-06,0.0,0.0,0.0
19.15,0.04680851,4.290059544934446e-06,4.38890608287474e-47,6.0446280009452824e-151,4.6003485780048184e-38,1.661141393403674e-47,3.8236646978275814e-57,1.3797871550226053e-90,5.9277367504050434e-68,1.326496547923812e-49,4.290059544934446e-06,0.0,0.0,0.0
19.166666666666668,0.04680851,3.4543328830340334e-06,3.847821455954856e-47,3.800534105751768e-151,3.9952207594204927e-38,1.3789191404056785e-47,3.007612526386517e-57,9.026650525892608e-91,4.056704598008553e-68,9.689847150780044e-50,3.4543328830340334e-06,0.0,0.0,0.0
19.183333333333334,0.04680851,2.7792855536176363e-06,3.3734255993201186e-47,2.3895692503492793e-151,3.469657874723533e-38,1.1446294555517158e-47,2.3656924981345879e-57,5.905123876517885e-91,2.776142136410915e-68,7.077962697434961e-50,2.7792855536176363e-06,0.0,0.0,0.0
19.2,0.042127658,2.2344791300326568e-06,2.9575014465513825e-47,1.5024310113290785e-151,3.0132028330417935e-38,9.501342450524392e-48,1.86075435022434e-57,3.862951823678267e-91,1.8997388962944115e-68,5.169877345540059e-50,2.2344791300326568e-06,0.0,0.0,0.0
19.216666666666665,0.042127658,1.7951446739265957e-06,2.5928441056877853e-47,9.446466503539151e-152,2.616772303643412e-38,7.886766417256789e-48,1.4635722085127702e-57,2.5269550067415345e-91,1.2999603320308836e-68,3.7760081499975394e-50,1.7951446739265957e-06,0.0,0.0,0.0
19.23333333333333,0.04680851,1.4411471901841915e-06,2.273136216684699e-47,5.939421824145699e-152,2.2724763236596432e-38,6.546466603256867e-48,1.1511545764004222e-57,1.6529651860559988e-91,8.895089426454551e-69,2.757823099278903e-50,1.4411471901841915e-06,0.0,0.0,0.0
19.25,0.04680851,1.1561349154913405e-06,1.9928386531816221e-47,3.7343832281820803e-152,1.9734615828800384e-38,5.433865986244478e-48,9.054146800932283e-58,1.0812296001093404e-91,6.086317927459314e-69,2.0140987975450325e-50,1.1561349154913405e-06,0.0,0.0,0.0
19.266666666666666,0.04680851,9.268413544641498e-07,1.7470946801706746e-47,2.3479753295919183e-152,1.7137752793653937e-38,4.51029445649592e-48,7.1212434701561e-58,7.072292440027217e-92,4.1643105775873314e-69,1.4708761402476475e-50,9.268413544641498e-07,0.0,0.0,0.0
19.28333333333333,0.04680851,7.425133579090688e-07,1.5316459114873555e-47,1.476277862256973e-152,1.4882468469488458e-38,3.743647005424903e-48,5.600909686787866e-58,4.625839924816292e-92,2.84915328233326e-69,1.0741192191932853e-50,7.425133579090688e-07,0.0,0.0,0.0
19.3,0.04680851,5.944430557033067e-07,1.342758614805335e-47,9.282022516498944e-153,1.292385209634231e-38,3.107269540752394e-48,4.4050998438920776e-58,3.0255834565261423e-92,1.949273619668547e-69,7.843501905067285e-51,5.944430557033067e-07,0.0,0.0,0.0
19.316666666666663,0.04680851,4.7558524201535526e-07,1.177159090511355e-47,5.836023884112946e-153,1.1222895254440649e-38,2.5790337272222172e-48,3.4645546124197446e-58,1.9788636084157694e-92,1.3335648723416814e-69,5.727284307779157e-51,4.7558524201535526e-07,0.0,0.0,0.0
19.33333333333333,0.04680851,3.8024497531114343e-07,1.0319770075522772e-47,3.669369412546673e-153,9.745716494991906e-39,2.1405687954255358e-48,2.7247932399519494e-58,1.294228073685526e-92,9.123046793616543e-70,4.1818531470436843e-51,3.8024497531114343e-07,0.0,0.0,0.0
19.35,0.04680851,3.03822796225306e-07,9.046957167867116e-48,2.307096419810771e-153,8.462887783108214e-39,1.7766236960530345e-48,2.142960661206731e-58,8.464358325625346e-93,6.240941810081869e-70,3.0533050348718874e-51,3.03822796225306e-07,0.0,0.0,0.0
19.366666666666667,0.04680851,2.4260716546994533e-07,7.9310868290242e-48,1.4505743284638579e-153,7.34884939017442e-39,1.47453749061331e-48,1.685347129328146e-58,5.535611144443397e-93,4.269184277780832e-70,2.229220723737224e-51,2.4260716546994533e-07,0.0,0.0,0.0
19.383333333333333,0.042127658,1.9360555195891566e-07,6.952812816660932e-48,9.120405811789038e-154,6.381401626018734e-39,1.223799618390937e-48,1.3254369437455495e-58,3.620140787073936e-93,2.920278479703386e-70,1.6274868642483124e-51,1.9360555195891566e-07,0.0,0.0,0.0
19.4,0.042127658,1.5440711816234519e-07,6.095173019720553e-48,5.734403802046857e-154,5.541263324389687e-39,1.0156847927589567e-48,1.0423734318373203e-58,2.367411413577204e-93,1.997506927871621e-70,1.1881288306725505e-51,1.5440711816234519e-07,0.0,0.0,0.0
19.416666666666668,0.042127658,1.2307120619059285e-07,5.343295734496702e-48,3.605473552914592e-154,4.811688318641516e-39,8.429498655612294e-49,8.197514036196283e-59,1.5481407578742156e-93,1.3662715987554423e-70,8.673438003624325e-52,1.2307120619059285e-07,0.0,0.0,0.0
19.433333333333334,0.042127658,9.803686721410514e-08,4.684142116828941e-48,2.26692050486019e-154,4.1781322943937434e-39,6.995821455726449e-49,6.446672307942849e-59,1.0123615041636222e-93,9.344811971507058e-71,6.331415328316465e-52,9.803686721410514e-08,0.0,0.0,0.0
19.45,0.042127658,7.804953479571014e-08,4.10628035615215e-48,1.425312852736141e-154,3.627963404969511e-39,5.805904402966576e-49,5.0697159716700505e-59,6.619867706480566e-94,6.391296041107163e-71,4.621598218186607e-52,7.804953479571014e-08,0.0,0.0,0.0
19.466666666666665,0.042127658,6.21016500348721e-08,3.5996876654154344e-48,8.961568860514328e-155,3.150210903429262e-39,4.8183157127015285e-49,3.986816871247177e-59,4.328640792498634e-94,4.371114683448709e-71,3.373381880129682e-52,6.21016500348721e-08,0.0,0.0,0.0
19.48333333333333,0.042127658,4.938462868549013e-08,3.155576661687395e-48,5.634531686072002e-155,2.7353467991606646e-39,3.998663428509627e-49,3.135187995775504e-59,2.8303645345429396e-94,2.989375197159925e-71,2.46218591676789e-52,4.938462868549013e-08,0.0,0.0,0.0
19.5,0.042127658,3.9250039034919774e-08,2.7662431339123584e-48,3.5426768497075353e-155,2.3750962022039814e-39,3.3183996573198095e-49,2.4654462927969785e-59,1.85063949781173e-94,2.044342561932245e-71,1.7970421729800614e-52,3.9250039034919774e-08,0.0,0.0,0.0
19.516666666666666,0.042127658,3.1178252221523816e-08,2.4249325640333167e-48,2.227435761333951e-155,2.06227258775172e-39,2.7538278450104017e-49,1.938751649322257e-59,1.210012749350268e-94,1.3980155124892832e-71,1.311528895258333e-52,3.1178252221523816e-08,0.0,0.0,0.0
19.53333333333333,0.042127658,2.4753148745416943e-08,2.1257230919447198e-48,1.4004859991223558e-155,1.7906347078299297e-39,2.2852786281077796e-49,1.5245564377923012e-59,7.91128026657651e-95,9.559946124679334e-72,9.571493328414751e-53,2.4753148745416943e-08,0.0,0.0,0.0
19.55,0.042127658,1.964172861087088e-08,1.8634228990828567e-48,8.805464896701932e-156,1.5547623068493916e-39,1.8964256452173998e-49,1.1988353506600227e-59,5.172402785855022e-95,6.537084389978921e-72,6.984958942998568e-53,1.964172861087088e-08,0.0,0.0,0.0
19.566666666666663,0.042127658,1.5577688142601658e-08,1.6334802348041986e-48,5.536378124300867e-156,1.3499481710087443e-39,1.5737175478494394e-49,9.426930393227949e-60,3.381634648762772e-95,4.4699018595819514e-72,5.097185142164958e-53,1.5577688142601658e-08,0.0,0.0,0.0
19.58333333333333,0.042127658,1.2348202592491376e-08,1.4319045283577605e-48,3.480960805328985e-156,1.1721043658404083e-39,1.3059064825932283e-49,7.412689373534557e-60,2.2108020129802443e-95,3.056308514237909e-72,3.7194560200345278e-53,1.2348202592491376e-08,0.0,0.0,0.0
19.6,0.042127658,9.783297273990882e-09,1.2551972209993309e-48,2.1886305558170682e-156,1.01768079793939e-39,1.083656664814976e-49,5.828758484863777e-60,1.4453128856078949e-95,2.0896894894681058e-72,2.7140071642814023e-53,9.783297273990882e-09,0.0,0.0,0.0
19.616666666666667,0.042127658,7.747306974367365e-09,1.1002911209316955e-48,1.376086451202267e-156,8.835944816802246e-40,8.992194442173035e-50,4.5832241120999274e-60,9.448498361025533e-96,1.4287352031100655e-72,1.9802734634807565e-53,7.747306974367365e-09,0.0,0.0,0.0
19.633333333333333,0.042127658,6.132018622168264e-09,9.644972311961076e-49,8.652047906399283e-157,7.671681043701371e-40,7.461635710484246e-50,3.6038019663873873e-60,6.176644998043446e-96,9.768035047863725e-73,1.4448475804684123e-53,6.132018622168264e-09,0.0,0.0,0.0
19.65,0.042127658,4.851169599771731e-09,8.454581299312073e-49,5.4399141779678176e-157,6.660766680153081e-40,6.191512884947794e-50,2.833645702418645e-60,4.037675928020375e-96,6.67802752817728e-73,1.054148181979621e-53,4.851169599771731e-09,0.0,0.0,0.0
19.666666666666668,0.042127658,3.8360369541005136e-09,7.41107095786034e-49,3.420307219837972e-157,5.7830114635374615e-40,5.13752468265594e-50,2.2280503537253177e-60,2.639363958390763e-96,4.565357467242538e-73,7.69066912592094e-54,3.8360369541005136e-09,0.0,0.0,0.0
19.683333333333334,0.042127658,3.0319037539269136e-09,6.496322706901133e-49,2.1504934421609777e-157,5.020882352195157e-40,4.262903277715652e-50,1.7518595845284986e-60,1.7252663333534347e-96,3.120951464470147e-73,5.610602437206456e-54,3.0319037539269136e-09,0.0,0.0,0.0
19.7,0.042127658,2.3952301681666637e-09,5.694452393571416e-49,1.3521070103707892e-157,4.35915395408689e-40,3.537133644231469e-50,1.3774265193292606e-60,1.1277221024875485e-96,2.133462132719621e-73,4.092963218721606e-54,2.3952301681666637e-09,0.0,0.0,0.0
19.716666666666665,0.042127658,0.0003144770998043531,4.991534813408898e-49,8.501272616857486e-158,3.784604924227981e-40,2.93489053479403e-50,1.0830099762369062e-60,7.371182307921969e-97,1.4583730000023584e-73,2.985721088345689e-54,1.891390296529231e-09,0.00031447520841405656,0.0,0.0
19.73333333333333,0.042127658,0.0012811334380031078,4.3753621848958125e-49,5.345111374622591e-158,3.2857542885535213e-40,2.4351561216278067e-50,8.515131526018165e-61,4.817939746613514e-97,9.968690171447286e-74,2.1779291493126462e-54,1.4928628440599517e-09,0.0012811319451402638,0.0,0.0
19.75,0.042127658,0.002836752736124787,3.835232394208247e-49,3.3606981866670578e-158,2.8526324457593498e-40,2.020487606543386e-50,6.694916516465878e-61,3.149015251094847e-97,6.8138636962328884e-74,1.5886252009276865e-54,1.1777855969429573e-09,0.00283675155833919,0.0,0.0
19.766666666666666,0.042127658,0.004893756700854144,3.36176334176209e-49,2.1130131587823973e-158,2.4765822882932252e-40,1.6764093188547703e-50,5.263733448609427e-61,2.058151724128969e-97,4.65730520576443e-74,1.15873041162128e-54,9.288013092612308e-10,0.0048937557720528345,0.0,0.0
19.78333333333333,0.042127658,0.00736313303062297,2.9467301740518337e-49,1.328540594136913e-158,2.150086482720541e-40,1.3909081483653735e-50,4.1384484036836946e-61,1.3451455205479835e-97,3.183185328334878e-74,8.45136172110536e-55,7.321368483890425e-10,0.007363132298486122,0.0,0.0
19.8,0.042127658,0.010160398510969573,2.5829225805350954e-49,8.353094485828243e-159,1.866617470061264e-40,1.1540147536116118e-50,3.25368982978629e-61,8.791246288995174e-98,2.1755805624750993e-74,6.16388276657626e-55,5.768689206678698e-10,0.010160397934100653,0.0,0.0
19.816666666666663,0.042127658,0.013207804230274005,2.264019682763417e-49,5.251941701384044e-159,1.620507198707514e-40,9.574559685169173e-51,2.5580540627975825e-61,5.745409056560009e-98,1.4868751006447369e-74,4.495370733401927e-55,4.5433893763854787e-10,0.013207803775935067,0.0,0.0
19.83333333333333,0.042127658,0.016435113239557327,1.9844803476196187e-49,3.302116088370145e-159,1.4068339951676652e-40,7.943663070102221e-51,2.0111213068996044e-61,3.7547482844601266e-98,1.0161549409289038e-74,3.278386774548128e-55,3.576870156354351e-10,0.01643511288187031,0.0,0.0
19.85,0.042127658,0.019779719743204194,1.7394470236568823e-49,2.076178625990199e-159,1.2213243189396414e-40,6.590485210053812e-51,1.581108998407329e-61,2.4537488031780438e-98,6.944349263604394e-75,2.3907736642687793e-55,2.8148107617466024e-10,0.01977971946172312,0.0,0.0
19.866666666666667,0.04680851,0.023186435667474744,1.5246614337638914e-49,1.3053802344403522e-159,1.0602674440576916e-40,5.467748738078835e-51,1.2430264313335836e-61,1.6034994274566392e-98,4.74558118213167e-75,1.743413494428175e-55,2.2142181340802532e-10,0.02318643544605293,0.0,0.0
19.883333333333333,0.04680851,0.02660710426546515,1.3363906627581506e-49,8.207469690960719e-160,9.20441367180514e-41,4.536222078067787e-51,9.77223588734664e-62,1.0478448601209018e-98,3.242899876725409e-75,1.271294229456633e-55,1.7410814634172918e-10,0.026607104091357,0.0,0.0
19.9,0.04680851,0.0300001266172156,1.1713623585907337e-49,5.1603775982648273e-160,7.99048465598278e-41,3.763350614386019e-51,7.6824998427814155e-62,6.847226118706741e-99,2.215970658389939e-75,9.269910621777872e-56,1.3685086220300255e-10,0.03000012648036474,0.0,0.0
19.916666666666668,0.04680851,0.03332995008650658,1.0267079237394587e-49,3.2445435924190494e-160,6.936596226722082e-41,3.122120667396814e-51,6.039572981608471e-62,4.474266941088791e-99,1.5141916760588147e-75,6.759100163504029e-56,1.075246324715544e-10,0.03332994997898194,0.0,0.0
19.933333333333334,0.05148936,0.0365665478411339,8.999127118112081e-50,2.0399789433377584e-160,6.021657068468231e-41,2.5901166926979483e-51,4.747937323492082e-62,2.9236049269129684e-99,1.0346277851522122e-75,4.928175299046008e-56,8.445056509773247e-11,0.03656654775668334,0.0,0.0
19.95,0.05148936,0.03968490702200053,7.887723657628466e-50,1.282619075984319e-160,5.227354368369803e-41,2.1487388495587253e-51,3.7324913159615007e-62,1.9103154396563477e-99,7.069259183285835e-76,3.593084308635453e-56,6.630304240659813e-11,0.03968490695569749,0.0,0.0
19.966666666666665,0.05148936,0.04266453617175062,6.913545405814469e-50,8.064355119299418e-161,4.5377879280547324e-41,1.782553668618208e-51,2.9341866339858187e-62,1.2481912305440069e-99,4.830034208907012e-76,2.619586399939292e-56,5.203586237266458e-11,0.042664536119714755,0.0,0.0
19.98333333333333,0.05148936,0.04548899815931723,6.059653465841229e-50,5.07039195156067e-161,3.9391524383721783e-41,1.4787551845163582e-51,2.306597289925745e-62,8.155429587778884e-100,3.2999935659192995e-76,1.9097748506763979e-56,4.082371431838681e-11,0.045488998118493516,0.0,0.0
20.0,0.05148936,0.04814547202183769,5.311199313180199e-50,3.187963647044204e-161,3.419461579837529e-41,1.2267177469999172e-51,1.8132218742049768e-62,5.328466817664968e-100,2.2545642363829263e-76,1.392245427219942e-56,3.2015829292227665e-11,0.048145471989821866,0.0,0.0
20.016666666666666,0.056170214,0.05062434530280784,4.6551668978003775e-50,2.0044033870009067e-161,2.9683084450252654e-41,1.017624917983262e-51,1.4253622929410408e-62,3.481347933287046e-100,1.540276953921923e-76,1.0149243707658491e-56,2.5099291122194387e-11,0.05062434527770855,0.0,0.0
20.03333333333333,0.056170214,0.05291883724853893,4.080146555750549e-50,1.2602503745844997e-161,2.576657503082048e-41,8.44161513144924e-52,1.1204558281481696e-62,2.2744812870680884e-100,1.052256830580614e-76,7.398367083075529e-57,1.9670009102012243e-11,0.05291883722886892,0.0,0.0
20.05,0.056170214,0.055024652421375865,3.576136807790435e-50,7.923708356892081e-162,2.2366639552833533e-41,7.002580471424814e-52,8.80763659258311e-63,1.4859599816001493e-100,7.188387343614532e-77,5.392900989354822e-57,1.54097636724551e-11,0.0550246524059661,0.0,0.0
20.066666666666663,0.060851064,0.05693966376313172,3.134370606258651e-50,4.981958087304498e-162,1.9415168766305107e-41,5.808786679824122e-52,6.923396776242481e-63,9.707819641375811e-101,4.910526032426963e-77,3.930913224704405e-57,1.2068063332641507e-11,0.05693966375106366,0.0,0.0
20.08333333333333,0.060851064,0.05866362380798283,2.747163015288354e-50,3.1323594771096303e-162,1.6853030127534891e-41,4.8184518205608685e-52,5.44219698596534e-63,6.341998826368308e-101,3.354373685262137e-77,2.8651605800480425e-57,9.447811196873868e-12,0.05866362379853502,0.0,0.0
20.1,0.060851064,0.0601979025420682,2.4077776811767344e-50,1.9694414071838225e-162,1.462888513289838e-41,3.996910296077119e-52,4.2778397265286235e-63,4.143053302491325e-101,2.29129914397801e-77,2.088281494850936e-57,7.393986583358405e-12,0.06019790253467421,0.0,0.0
20.116666666666667,0.060851064,0.06154525029739845,2.110309775579031e-50,1.2382674955356944e-162,1.269816240636846e-41,3.3154011473037325e-52,3.362559602849851e-63,2.7064799976914404e-101,1.5650892799442881e-77,1.521996788593093e-57,5.784711565862575e-12,0.061545250291613736,0.0,0.0
20.133333333333333,0.060851064,0.06270958402264538,1.8495833799107394e-50,7.785487678507607e-163,1.1022166036579036e-41,2.7500626075541973e-52,2.6430824878908284e-63,1.767987102883888e-101,1.0690141691264274e-77,1.1092338551474607e-57,4.524203158453673e-12,0.06270958401812118,0.0,0.0
20.15,0.06553192,0.06369579527351527,1.6210615298392973e-50,4.8950497647911625e-163,9.567301357435335e-42,2.2810978128708627e-52,2.0775271193359733e-63,1.1548972980151716e-101,7.301546820254586e-78,8.08383128923712e-58,3.5372156225295504e-12,0.06369579526997805,0.0,0.0
20.166666666666668,0.06553192,0.06450957829687044,1.4207673583553856e-50,3.077714580036034e-163,8.304402709519974e-42,1.8920825418801144e-52,1.6329690681259594e-63,7.543930378417597e-102,4.986931493360646e-78,5.891096959930285e-58,2.7646597808830526e-12,0.06450957829410578,0.0,0.0
20.183333333333334,0.06553192,0.06515727663551588,1.245214968465971e-50,1.9350826255520347e-163,7.20814975458622e-42,1.569390813427064e-52,1.2835255003327695e-63,4.9276748530730315e-102,3.405956459025811e-78,4.2929908692473846e-58,2.160151580170001e-12,0.06515727663335573,0.0,0.0
20.2,0.06553192,0.06564574674744664,1.0913488353552732e-50,1.2166639119955957e-163,6.256560682724297e-42,1.3017182827224127e-52,1.0088494106995877e-63,3.2186704493031884e-102,2.3261193246022186e-78,3.128302074697042e-58,1.6872939561158092e-12,0.06564574674575935,0.0,0.0
20.216666666666665,0.06553192,0.06598223720906847,9.564906858632985e-51,7.649652037451612e-164,5.430552186593414e-42,1.0796867897487872e-52,7.929457978463278e-64,2.102331078156562e-102,1.5885911582259295e-78,2.2795146282455316e-58,1.317537109728471e-12,0.06598223720775093,0.0,0.0
20.23333333333333,0.06553192,0.06617428215265195,8.382929328806762e-51,4.80964117017064e-164,4.7135574099606085e-42,8.955162461531304e-53,6.23240958874367e-64,1.3731433181292307e-102,1.0848747290068126e-78,1.660967466465177e-58,1.0284948146572664e-12,0.06617428215162345,0.0,0.0
20.25,0.06553192,0.06622960767125394,7.34697856017706e-51,3.0240127217702777e-164,4.0911942352806085e-42,7.427523975172031e-53,4.898507910877037e-64,8.968520732812974e-103,7.408570031782052e-79,1.210221790669339e-58,8.026201096583577e-13,0.06622960767045132,0.0,0.0
20.266666666666666,0.06553192,0.06615605000752518,6.439018196349319e-51,1.9013168326918215e-164,3.550977280221268e-42,6.1604094867971145e-53,3.8500555493980385e-64,5.857549765130574e-103,5.059138622014579e-79,8.817672585623634e-59,6.261640885946265e-13,0.06615605000689902,0.0,0.0
20.28333333333333,0.06553192,0.06596148442476918,5.643239067567902e-51,1.1954332033852545e-164,3.082067845935103e-42,5.109401586843627e-53,3.0259764680764096e-64,3.8256163109765453e-103,3.454667104102252e-79,6.424335079972835e-59,4.883575982522077e-13,0.06596148442428082,0.0,0.0
20.3,0.06553192,0.06565376373829312,4.9457842404474917e-51,7.516161055504184e-165,2.6750568179017122e-42,4.237653553963295e-53,2.3782608098313648e-64,2.498487134547041e-103,2.35897485199259e-79,4.68045068564674e-59,3.8076837688356934e-13,0.06565376373791236,0.0,0.0
20.316666666666663,0.06553192,0.0652406655617922,4.334508002061673e-51,4.725706910107923e-165,2.321776178419142e-42,3.5145993470598994e-53,1.869170027020422e-64,1.6317106144040538e-103,1.6107492713853033e-79,3.40982815784045e-59,2.9679621658077624e-13,0.06524066556149541,0.0,0.0
20.33333333333333,0.06553192,0.06472984739676048,3.798764591311822e-51,2.9712379327905793e-165,2.0151353614374306e-42,2.9148833441115173e-53,1.469039747122671e-64,1.0656129862104908e-103,1.0998162862180148e-79,2.4840635284043747e-59,2.3127666790860065e-13,0.0647298473965292,0.0,0.0
20.35,0.06553192,0.06412880876244371,3.3292230069912753e-51,1.8681339855981425e-165,1.7489791768076283e-42,2.4174724060444938e-53,1.1545525563928459e-64,6.958990523214692e-104,7.509308802719374e-80,1.8095823312958774e-59,1.801700677691096e-13,0.06412880876226354,0.0,0.0
20.366666666666667,0.06553192,0.06344485962947177,2.9177046747617463e-51,1.1745690538075709e-165,1.517964462048525e-42,2.0049192147256021e-53,9.073802118199936e-65,4.544471568578791e-104,5.127048671033334e-80,1.3181944989147232e-59,1.40317611563698e-13,0.06344485962933145,0.0,0.0
20.383333333333333,0.060851064,0.0626850944819885,2.5570411522163672e-51,7.384975012963089e-166,1.317452994026647e-42,1.6627511207024244e-53,7.131162776426009e-65,2.967638326898408e-104,3.5004398453599745e-80,9.602099399392653e-60,1.0925008584927492e-13,0.06268509448187926,0.0,0.0
20.4,0.060851064,0.061856371390856195,2.240949399209673e-51,4.643222005514817e-166,1.1434185179610493e-42,1.3789631230886132e-53,5.6043707535405895e-65,1.9378895321899858e-104,2.389821935986015e-80,6.99420745916396e-60,8.503794751014037e-14,0.06185637139077116,0.0,0.0
20.416666666666668,0.060851064,0.06096529553440483,1.9639224457123312e-51,2.919374504160626e-166,9.923660333842702e-43,1.1435972440680644e-53,4.4044211735532355e-65,1.2654283410458901e-104,1.6315344813426083e-80,5.094440423934275e-60,6.617385378218013e-14,0.06096529553433865,0.0,0.0
20.433333333333334,0.060851064,0.06001820665336267,1.7211335569004172e-51,1.8355242051908594e-166,8.612617217564749e-43,9.483935809508707e-54,3.461356361530551e-65,8.26297846810043e-105,1.1138194629331446e-80,3.710566211484016e-60,5.148065171325419e-14,0.06001820665331119,0.0,0.0
20.45,0.060851064,0.05902116997316145,1.5083522296541284e-51,1.154065250483653e-166,7.474721132218305e-43,7.865008249760602e-54,2.7201903022876154e-65,5.395432191999644e-105,7.603634338195045e-81,2.702524611291422e-60,4.0039334454678094e-14,0.059021169973121415,0.0,0.0
20.466666666666665,0.060851064,0.05797997016993617,1.3218705601809933e-51,7.256054838792452e-167,6.487112747701124e-43,6.522361156462895e-54,2.137705016754607e-65,3.5229496760918834e-105,5.190576088396322e-81,1.9682712924232964e-60,3.1132650977638695e-14,0.05797997016990503,0.0,0.0
20.48333333333333,0.060851064,0.0569001079963845,1.1584387026674382e-51,4.562161885353032e-167,5.629949625042589e-43,5.408858249012005e-54,1.6799323465043633e-65,2.3002617204337304e-105,3.5432178906691875e-81,1.4334618565872196e-60,2.4200983163200257e-14,0.0569001079963603,0.0,0.0
20.5,0.060851064,0.05578679922041244,1.0152082968214212e-51,2.86840698363081e-167,4.886008200245077e-43,4.485402971622356e-54,1.3201745266615809e-65,1.5018920070795051e-105,2.4186229010568366e-81,1.0439345227714757e-60,1.8807833213106693e-14,0.05578679922039364,0.0,0.0
20.516666666666666,0.060851064,0.05464497556333493,8.896828806422271e-52,1.803477773856986e-167,4.240338259006085e-43,3.7195675921679276e-54,1.0374482870197467e-65,9.805976086468366e-106,1.6509218117007112e-81,7.602323876719462e-61,1.4612837165878766e-14,0.05464497556332032,0.0,0.0
20.53333333333333,0.060851064,0.05347928735550193,7.796744261439203e-52,1.1339156822056203e-167,3.679962982317554e-43,3.0844559955230045e-54,8.152618745045069e-66,6.402265088675266e-106,1.1268677134747015e-81,5.5361202808828e-61,1.1350670251055511e-14,0.053479287355490575,0.0,0.0
20.55,0.060851064,0.05229410765577249,6.832652421718513e-52,7.129362100890674e-168,3.193618554881485e-43,2.5577603454249716e-54,6.406537710720464e-66,4.1799126121757782e-106,7.691437114705349e-82,4.0313523802794216e-61,8.814563097742867e-15,0.05229410765576368,0.0,0.0
20.566666666666663,0.060851064,0.05109353760740395,5.987745817370864e-52,4.482502380502881e-168,2.771528120079706e-43,2.1209785740058163e-54,5.034371170870098e-66,2.728924422233165e-106,5.249648433777553e-82,2.935500458140439e-61,6.8434250913287196e-15,0.051093537607397106,0.0,0.0
20.58333333333333,0.060851064,0.049881412826844634,5.247293730669669e-52,2.818320171776325e-168,2.405205552731508e-43,1.7587652876358786e-54,3.956058275454582e-66,1.7815852072513424e-106,3.582953367698417e-82,2.1374685942278043e-61,5.311788713002069e-15,0.04988141282683932,0.0,0.0
20.6,0.060851064,0.04866131064378237,4.598385652570054e-52,1.7719851330224267e-168,2.0872851177924117e-43,1.4583933483514888e-54,3.1086780403681656e-66,1.1630878006127142e-106,2.445346139066439e-82,1.556336786501269e-61,4.1219593059355075e-15,0.048661310643778245,0.0,0.0
20.616666666666667,0.060851064,0.04743655803071737,4.029706422469342e-52,1.1141143378080214e-168,1.811373601412963e-43,1.2093072651602458e-54,2.4427804692173146e-66,7.592927333972392e-107,1.6688904127221912e-82,1.1331664956952676e-61,3.1978884646516878e-15,0.04743655803071417,0.0,0.0
20.633333333333333,0.060851064,0.04621024007848187,3.53133913929763e-52,7.004858996467909e-169,1.571921950759912e-43,1.0027527444361023e-54,1.9195029055597588e-66,4.956748173608056e-107,1.1389472985459844e-82,8.250309119869887e-62,2.4803940638718036e-15,0.046210240078479396,0.0,0.0
20.65,0.060851064,0.044985208890646215,3.0945924149127743e-52,4.404219717706158e-169,1.3641138496906962e-43,8.314694158367415e-55,1.5083035811884578e-66,3.235753005899661e-107,7.77262669171176e-83,6.006660975672076e-62,1.9234320588862943e-15,0.04498520889064429,0.0,0.0
20.666666666666668,0.060851064,0.04376409278472069,2.7118489640468378e-52,2.7690991181843734e-169,1.183768996570907e-43,6.894359629746419e-55,1.1851802791020798e-66,2.1122474548221563e-107,5.3042062415161806e-83,4.373030180300461e-62,1.4911894959111767e-15,0.0437640927847192,0.0,0.0
20.683333333333334,0.060851064,0.04254930570166305,2.3764328961141974e-52,1.7410368807528304e-169,1.0272591450278749e-43,5.71658723855848e-55,9.312702914034529e-67,1.3788123965801976e-107,3.6196072247175224e-83,3.1835988097286417e-62,1.1558185127640832e-15,0.04254930570166189,0.0,0.0
20.7,0.060851064,0.04134305673749033,2.082493399438085e-52,1.094655304657631e-169,8.914352241180364e-44,4.739963490782697e-55,7.31750067683447e-67,9.000290815857142e-108,2.4699660377430047e-83,2.317612089144469e-62,8.956705062611645e-16,0.041343056737489434,0.0,0.0
20.716666666666665,0.060851064,0.04014735972191823,1.8249027935742302e-52,6.882508342532532e-170,7.735640763746866e-44,3.93014369242732e-55,5.7497041184118174e-67,5.87487880997164e-108,1.685423509953945e-83,1.687134732119174e-62,6.939204623648132e-16,0.04014735972191753,0.0,0.0
20.73333333333333,0.060851064,0.038964042778968706,1.5991671753280016e-52,4.327290513582252e-170,6.712735449279722e-44,3.258645711791105e-55,4.51776811480099e-67,3.834708142464396e-108,1.1500472484434605e-83,1.2281331064912388e-62,5.374955471902718e-16,0.03896404277896817,0.0,0.0
20.75,0.060851064,0.037794757813522005,1.4013481031398224e-52,2.7207291176895905e-170,5.825048082120952e-44,2.701849521136404e-55,3.54975273280884e-67,2.502976545101481e-108,7.847131448965016e-84,8.939800239276608e-63,4.162408993852782e-16,0.03779475781352159,0.0,0.0
20.766666666666666,0.060851064,0.036640989875906194,1.2279939565497578e-52,1.710623769379817e-170,5.054710060395845e-44,2.240167422300934e-55,2.7891251838821592e-67,1.6337000867088417e-108,5.354202833567044e-84,6.507241766564182e-63,3.2227029005069763e-16,0.036640989875905874,0.0,0.0
20.78333333333333,0.060851064,0.035504066363895304,1.0760797757791447e-52,1.0755327671592676e-170,4.3862132693656845e-44,1.8573558445982375e-55,2.1914605777602513e-67,1.0662989927282618e-108,3.653149097708346e-84,4.73644906593246e-63,2.4946082095934698e-16,0.035504066363895054,0.0,0.0
20.8,0.060851064,0.03438516602801342,9.429545340228074e-53,6.762273566493712e-171,3.806098361212502e-44,1.5399445672245031e-55,1.7218490703354465e-67,6.959480258547404e-109,2.492462886474235e-84,3.4474315309176647e-63,1.930598170319155e-16,0.034385166028013225,0.0,0.0
20.816666666666663,0.060851064,0.033285327751861445,8.262949243782881e-53,4.251691768708098e-171,3.302684185589131e-44,1.276763336090861e-55,1.3528581824421816e-67,4.5421950908946825e-109,1.7005083375735237e-84,2.5091424895686287e-63,1.4937908432758112e-16,0.03328532775186129,0.0,0.0
20.83333333333333,0.060851064,0.032205459084368754,7.240648567106707e-53,2.6731957066454685e-171,2.865832940459841e-44,1.0585492607543747e-55,1.0629314352474491e-67,2.964462455583147e-109,1.1601593159845624e-84,1.8261731171087097e-63,1.1555718036329866e-16,0.032205459084368636,0.0,0.0
20.85,0.060851064,0.031146344505497758,6.344799591251449e-53,1.6807367031579183e-171,2.486746329136846e-44,8.776212105424032e-56,8.351298893721026e-68,1.9347165478000344e-109,7.914898254641468e-85,1.3290629716851632e-63,8.937461601067887e-17,0.031146344505497667,0.0,0.0
20.866666666666667,0.060851064,0.030108653411002217,5.559764658232782e-53,1.05674100528099e-171,2.1577886313212694e-44,7.276097793068839e-56,6.561431712082203e-68,1.262641284086802e-109,5.399604085876388e-85,9.672443729103247e-64,6.911024086731534e-17,0.030108653411002148,0.0,0.0
20.883333333333333,0.060851064,0.029092947805457865,4.871839494709694e-53,6.644118696876388e-172,1.872333135853044e-44,6.0323333784931035e-56,5.155122863541371e-68,8.24012685142993e-110,3.683557146145334e-85,7.039048414154157e-64,5.342966279501574e-17,0.029092947805457813,0.0,0.0
20.9,0.060851064,0.028099689695970972,4.269014231292408e-53,4.177400861775275e-172,1.624628851565726e-44,5.001123102278722e-56,4.0501887256052745e-68,5.377483778764045e-110,2.512822761030823e-85,5.122462958893098e-64,4.1298578248809e-17,0.02809968969597093,0.0,0.0
20.916666666666668,0.060851064,0.027129248181748333,3.7407639545948496e-53,2.6264846592466056e-172,1.4096848195115421e-44,4.146151515623203e-56,3.1820525299962282e-68,3.509260805287202e-110,1.7141360575682428e-85,3.727613548356945e-64,3.191546889971983e-17,0.027129248181748302,0.0,0.0
20.933333333333334,0.060851064,0.026181906237157,3.2778651433174976e-53,1.6513667359491423e-172,1.223169703031043e-44,3.4373061760541395e-56,2.499972809200718e-68,2.2900424542278065e-110,1.1692779199100864e-85,2.7125026007504506e-64,2.465935017154905e-17,0.026181906237156976,0.0,0.0
20.95,0.060851064,0.025257867188014173,2.872234790330281e-53,1.0382743930967203e-172,1.0613246387571988e-44,2.849618392471194e-56,1.9640796361296865e-68,1.4943860271396914e-110,7.975892069431051e-86,1.973770791441292e-64,1.904921542864808e-17,0.025257867188014156,0.0,0.0
20.966666666666665,0.060851064,0.024357260882684775,2.5167894077513383e-53,6.528008354145336e-173,9.20887597814032e-45,2.3623848061253564e-56,1.543045666987211e-68,9.751545801549555e-111,5.440388151732753e-86,1.4361856766195193e-64,1.4712565599704805e-17,0.02435726088268476,0.0,0.0
20.98333333333333,0.060851064,0.023480149561129118,2.20532145825971e-53,4.104395543816489e-173,7.990277375244786e-45,1.9584389434529932e-56,1.212256038332381e-68,6.36319979105162e-111,3.710817859863697e-86,1.044989263963623e-64,1.1360994776918542e-17,0.023480149561129107,0.0,0.0
21.0,0.060851064,0.02262653342638843,1.9323910593699842e-53,2.58058198389754e-173,6.932884245158229e-45,1.6235471429712893e-56,9.523702800649433e-69,4.152112450523039e-111,2.531037388861409e-86,7.603271096899565e-65,8.771254287235212e-18,0.02262653342638842,0.0,0.0
21.016666666666666,0.060851064,0.021796355924126855,1.6932310733968878e-53,1.6225050689350464e-173,6.015377842212091e-45,1.3459076264000462e-56,7.481922841934882e-69,2.7092815071656244e-111,1.7263016658667684e-86,5.531928743502697e-65,6.770569359595866e-18,0.021796355924126848,0.0,0.0
21.03333333333333,0.060851064,0.020989508736792367,1.4836639289933328e-53,1.0201273973462282e-173,5.219257829123276e-45,1.1157351069966642e-56,5.877823489772944e-69,1.7677899547453003e-111,1.1774000795259704e-86,4.024761764324985e-65,5.225256007237491e-18,0.02098950873679236,0.0,0.0
21.05,0.060851064,0.020205836499745233,1.3000287244988978e-53,6.413907741644891e-174,4.528469795942008e-45,9.249163328532442e-57,4.6175944801005527e-69,1.1534498561755725e-111,8.03009549181288e-87,2.928136536826687e-65,4.031898410892157e-18,0.02020583649974523,0.0,0.0
21.066666666666663,0.060851064,0.019445141247330235,1.1391173424526937e-53,4.03265393250115e-174,3.929081989746274e-45,7.667244550242396e-57,3.6275297821350325e-69,7.525898034796726e-112,5.476545145631171e-87,2.1302474655734076e-65,3.110512412059842e-18,0.019445141247330232,0.0,0.0
21.08333333333333,0.060851064,0.01870718659737016,9.981184616128479e-54,2.5354739196197084e-174,3.4090047557502683e-45,6.355821772623857e-57,2.849719672938084e-69,4.910316870252291e-112,3.7349258394345865e-87,1.5497313671068112e-65,2.3992492111447206e-18,0.018707186597370157,0.0,0.0
21.1,0.060851064,0.017991701682950674,8.745684904283057e-54,1.5941430483579231e-174,2.9577470485789005e-45,5.268653583775795e-57,2.2386657908156335e-69,3.2037034593305915e-112,2.5471039966194073e-87,1.1273803630484017e-65,1.850293195415944e-18,0.01799170168295067,0.0,0.0
21.116666666666667,0.060851064,0.017298384840640797,7.663085665071701e-54,1.0022945760134194e-174,2.5662051172854697e-45,4.3674015994818553e-57,1.7586214443650419e-69,2.09019463609544e-112,1.7370038865504627e-87,8.201102284720867e-66,1.4266853673744627e-18,0.017298384840640797,0.0,0.0
21.133333333333333,0.060851064,0.016626907064488706,6.714468723313047e-54,6.301782636652713e-175,2.226479114213421e-45,3.6202801121768594e-57,1.3815018051304223e-69,1.3636810307321424e-112,1.1845253413513802e-87,5.965704732377237e-66,1.099864064348101e-18,0.016626907064488706,0.0,0.0
21.15,0.060851064,0.01597691523525213,5.883256101144944e-54,3.962154506503762e-175,1.9317139389948088e-45,3.000936408884044e-57,1.0852418928333953e-69,8.896732769143561e-113,8.077508249762892e-88,4.3394939497185685e-66,8.477614140808449e-19,0.01597691523525213,0.0,0.0
21.166666666666668,0.060851064,0.01534803513435883,5.154920598992192e-54,2.4911469325072872e-175,1.675961116079828e-45,2.4875223650751093e-57,8.525064152539454e-70,5.804168243558047e-113,5.508076791241993e-88,3.156488922154361e-66,6.533302609894739e-19,0.01534803513435883,0.0,0.0
21.183333333333334,0.060851064,0.014739874252083833,4.516732161584643e-54,1.5662721632901533e-175,1.454058927002446e-45,2.0619246470988582e-57,6.69676076453061e-70,3.786527924600668e-113,3.755883552487026e-88,2.2959231342756687e-66,5.034044586800346e-19,0.014739874252083833,0.0,0.0
21.2,0.056170214,0.014152024399359454,3.957535605431495e-54,9.847705769227268e-176,1.2615283855753923e-45,1.7091264335040932e-57,5.260511167095995e-70,2.4702111842713443e-113,2.5610251415766814e-88,1.6699303337981288e-66,3.878172718145921e-19,0.014152024399359454,0.0,0.0
21.216666666666665,0.056170214,0.013584064132527886,3.467555830867117e-54,6.191599381539134e-176,1.0944829627477857e-45,1.4166781911868318e-57,4.132255380166741e-70,1.611457202412942e-113,1.7462450552781023e-88,1.21458339725206e-66,2.987195758348887e-19,0.013584064132527886,0.0,0.0
21.23333333333333,0.056170214,0.013035561000192823,3.038227120918441e-54,3.8928760999443236e-176,9.49550244339616e-46,1.1742588782641419e-57,3.245954410914004e-70,1.0512239921192677e-113,1.1906556985467828e-88,8.833734576548906e-67,2.300526831600558e-19,0.013035561000192823,0.0,0.0
21.25,0.056170214,0.012506073621149602,2.6620435491912784e-54,2.447587712230103e-176,8.238039448448208e-46,9.733121266959727e-58,2.5497273581023898e-70,6.857464571898267e-114,8.118146644115722e-89,6.42464910678237e-67,1.7714081141216338e-19,0.012506073621149602,0.0,0.0
21.266666666666666,0.056170214,0.011995153602165631,2.332427887027912e-54,1.5388840434308678e-176,7.14704908784118e-46,8.067445956975511e-58,2.0028164431541098e-70,4.473255704517695e-114,5.5349960370377274e-89,4.6724276192433346e-67,1.3637610485149132e-19,0.011995153602165631,0.0,0.0
21.28333333333333,0.056170214,0.011502347304153091,2.043616722754278e-54,9.675501363518773e-177,6.200499118724274e-46,6.68675874602003e-58,1.5732025429515638e-70,2.917935873968714e-114,3.773701068401188e-89,3.3980040801524915e-67,1.0497523848662887e-19,0.011502347304153091,0.0,0.0
21.3,0.056170214,0.011027197465033138,1.7905597885545257e-54,6.083324875043258e-177,5.379272311777363e-46,5.542311279332424e-58,1.2357318166784983e-70,1.9033543667828926e-114,2.5728085285719822e-89,2.4711174917000097e-67,8.07913742687712e-20,0.011027197465033138,0.0,0.0
21.316666666666663,0.056170214,0.010569244687328028,1.568831738277947e-54,3.8247978968938644e-177,4.666780896355761e-46,4.593691797818458e-58,9.70643891291145e-71,1.2415250197083735e-114,1.754030993040346e-89,1.797012590406974e-67,6.216891006920025e-20,0.010569244687328028,0.0,0.0
21.33333333333333,0.056170214,0.01012802879824702,1.3745548366416795e-54,2.4047831685745615e-177,4.048631984853083e-46,3.8073998202845e-58,7.624155423081846e-71,8.098101881657153e-115,1.1957955038791568e-89,1.3067638506762218e-67,4.783130507382717e-20,0.01012802879824702,0.0,0.0
21.35,0.05148936,0.00970312341207773,1.2043312106090781e-54,1.5119704569314102e-177,3.5123372378488835e-46,3.15566445382263e-58,5.988522495853741e-71,5.282055457558312e-115,8.152042948778459e-90,9.502358507736515e-68,3.679446622355608e-20,0.00970309008975834,3.3322319389228995e-08,0.0
21.366666666666667,0.056170214,0.009296374725392464,1.0551834805169108e-54,9.506280776639513e-178,3.047060921993902e-46,2.615464699636882e-58,4.703744989819882e-71,3.445201757960536e-115,5.557326643096682e-90,6.9096183359130994e-68,2.8299883961043577e-20,0.009293970445851127,2.4042795413367157e-06,0.0
21.383333333333333,0.056170214,0.00892729132437227,9.245027347076311e-55,5.976926563663915e-178,2.6434012853655303e-46,2.1677172342599705e-58,3.694570869605646e-71,2.247079148062008e-115,3.788395773758251e-90,5.024178891876192e-68,2.1763023918053638e-20,0.008900214363906972,2.7076960465297887e-05,0.0
21.4,0.056170214,0.008663918086917986,8.100029395348645e-55,3.757899425956658e-178,2.2932008457300444e-46,1.79660304393727e-58,2.901886314413878e-71,1.4655954501529478e-115,2.5824668141273393e-90,3.6531252118590504e-68,1.6733501195368216e-20,0.008521369876818003,0.00014254821009998346,0.0
21.416666666666668,0.056170214,0.008651713847726296,7.096809888880577e-55,2.3627204280327626e-178,1.9893817692303863e-46,1.4890091803664958e-58,2.2792552140789594e-71,9.558767494924966e-116,1.7603708713534468e-90,2.656149339271606e-68,1.2864352901057469e-20,0.008156989382196453,0.0004947244655298423,0.0
21.433333333333334,0.060851064,0.009125809562775642,6.217816957814058e-55,1.4855233082491533e-178,1.7258030222175083e-46,1.2340659610428361e-58,1.7902006059741886e-71,6.234214806013001e-116,1.1999513769803357e-90,1.9312074469335597e-68,9.888334810168976e-21,0.007806630384741954,0.0013191791780336893,0.0
21.45,0.06553192,0.010402474653822637,5.4476711478897306e-55,9.339993099564656e-179,1.4971364173849128e-46,1.022763299801062e-58,1.4060689987221406e-71,4.065872195633489e-116,8.179244772894441e-91,1.4040866568480787e-68,7.599639816697123e-21,0.0074698561575494244,0.0029326184962732114,0.0
21.466666666666665,0.07021277,0.012853037145021305,4.772896596838438e-55,5.872372433151956e-179,1.2987590558841868e-46,8.476326410807958e-59,1.104352621652268e-71,2.6516597912893873e-116,5.575102742568957e-91,1.020816033329987e-68,5.839800577867857e-21,0.007146236327868265,0.005706800817153041,0.0
21.48333333333333,0.074893616,0.01686700905786027,4.181685468720302e-55,3.6921605549201104e-179,1.126659997334011e-46,7.024832830736849e-59,8.673714250933134e-72,1.7293146663096596e-116,3.799992070920844e-91,7.421465579383366e-69,4.4868206455512376e-21,0.006835347392550932,0.010031661665309338,0.0
21.5,0.079574466,0.022811788397188053,3.663691532581939e-55,2.321386830438909e-179,9.773592762361822e-47,5.821837915914104e-59,6.812377017016795e-72,1.1277748620840763e-116,2.5900173993251016e-91,5.395361339685817e-69,3.44679620863642e-21,0.006536773168166761,0.016275015229021292,0.0
21.516666666666666,0.08893617,0.03099523225692597,3.2098492804873442e-55,1.459534636027602e-179,8.47837632037618e-47,4.824807956852942e-59,5.35042733409334e-72,7.354666447028448e-117,1.7652770699795826e-91,3.9222935664298316e-69,2.647458859833407e-21,0.006250105180500328,0.024745127076425642,0.0
21.53333333333333,0.09829787,0.04163556161498614,2.812215425787758e-55,9.176588267273757e-180,7.354755359337851e-47,3.998487736923184e-59,4.202178589173007e-72,4.7961831634359605e-117,1.2031321066344766e-91,2.8513359880105156e-69,2.0331997912176878e-21,0.005974942997902785,0.035660618617083355,0.0
21.55,0.11234043,0.05484109449437923,2.46383001317782e-55,5.769631000121654e-180,6.38000284838304e-47,3.3136553086587145e-59,3.300325625102066e-72,3.127668881343827e-117,8.19981438996724e-92,2.0727430790465183e-69,1.5612362110815182e-21,0.005710894512725184,0.04913019998165405,0.0
21.566666666666663,0.12170213,0.07060057147582635,2.1585947144698207e-55,3.627561485471693e-180,5.534400955128889e-47,2.746089755399063e-59,2.592002031025717e-72,2.0395672502606283e-117,5.588368381186552e-92,1.5067158884817181e-69,1.1986582865502771e-21,0.005457576174827538,0.06514299530099882,0.0
21.58333333333333,0.13574468,0.08878350265664477,1.891166184062445e-55,2.2807699256414285e-180,4.800842729345092e-47,2.275715517660647e-59,2.0356830174711853e-72,1.3299875145464599e-117,3.808521062031792e-92,1.0952319792925643e-69,9.201547534657244e-22,0.00521461318093158,0.08356888947571318,0.0
21.6,0.15446809,0.10914906698493265,1.6568626110319086e-55,1.4339966110053834e-180,4.1644864941193763e-47,1.8858930900626655e-59,1.5987525474861973e-72,8.672601540778725e-118,2.5954822130180894e-92,7.961039077214287e-70,7.062615187656053e-22,0.004981639623370913,0.10416742736156175,0.0
21.616666666666667,0.16851063,0.1313615975699323,1.451581835204906e-55,9.016017045592204e-181,3.6124559721273993e-47,1.5628310568393772e-59,1.2555922748487702e-72,5.655142326045607e-118,1.768765028229368e-92,5.786584828098021e-70,5.420132195868224e-22,0.004758298601580605,0.12660329896835168,0.0
21.633333333333333,0.18723404,0.15501051727612716,1.2717295965104198e-55,5.668671303770029e-181,3.1335800966697545e-47,1.295098713847402e-59,9.860803846328707e-73,3.6874829758862462e-118,1.2053485488127178e-92,4.205947605794188e-70,4.159052000372448e-22,0.0045442422994690845,0.15046627497665807,0.0
21.65,0.20595744,0.17963266297954722,1.1141566638795299e-55,3.564082747989191e-181,2.7181672572953874e-47,1.0732220732680665e-59,7.744124271170874e-73,2.4044118965704427e-118,8.213828038828066e-93,3.056992656875781e-70,3.1909457729893276e-22,0.004339132031625823,0.17529353094792138,0.0
21.666666666666668,0.22468086,0.2047351728967866,9.761037450390572e-56,2.2408574702259595e-181,2.357809424186157e-47,8.893489889388623e-60,6.081750869655581e-73,1.5677618541946992e-118,5.5971770381343234e-93,2.2218460947638577e-70,2.447854274710308e-22,0.004142638261131624,0.200592534635655,0.0
21.683333333333334,0.24340425,0.22981743928406526,8.551532144534093e-56,1.408901533953593e-181,2.0452121980479928e-47,7.369715790961078e-60,4.7761863872183946e-73,1.0222184626732909e-118,3.8140202206865242e-93,1.614814445414294e-70,1.8775573593255778e-22,0.003954440591566013,0.22586299869249923,0.0
21.7,0.26212767,0.2543909930018289,7.491868157623982e-56,8.858231018211473e-182,1.7740473551405564e-47,6.106961452051243e-60,3.7508547342561645e-73,6.66499413247938e-119,2.5988874868853877e-93,1.173600786371412e-70,1.4399348229686815e-22,0.003774227735637675,0.2506167652661912,0.0
21.716666666666665,0.28085107,0.2779965462467309,6.5634859943110135e-56,5.5694628977031687e-182,1.5388249108317777e-47,5.060524617731047e-60,2.945612203616021e-73,4.3455851746081827e-119,1.7708530908849417e-93,8.529180531604323e-71,1.1041672659019512e-22,0.0036016974627065567,0.27439484878402437,0.0
21.73333333333333,0.29957446,0.3002177478985753,5.7501244778626275e-56,3.5017051963988705e-182,1.3347821188117173e-47,4.1933570165809043e-60,2.3132216740787415e-73,2.833278246887894e-119,1.2066135211565446e-93,6.1984543506806575e-71,8.465834084566025e-23,0.0034365565273138865,0.2967811913712614,0.0
21.75,0.31829786,0.32069148636188777,5.037536197597393e-56,2.2016374242807646e-182,1.1577871647828518e-47,3.474754134024425e-60,1.8165832334932363e-73,1.8472372350196338e-119,8.221375201166156e-94,4.5045221656828055e-71,6.490048225622186e-23,0.003278520580693488,0.31741296578119427,0.0
21.766666666666666,0.33702126,0.3391148002139894,4.413238178941761e-56,1.384241833638281e-182,1.0042556099389479e-47,2.8792692214476893e-60,1.4265589596132326e-73,1.204338661121625e-119,5.601591131488286e-94,3.2734318687260467e-71,4.974733392564439e-23,0.003127314067101814,0.33598748614688756,0.0
21.78333333333333,0.35106382,0.3552486265376959,3.8662934171072125e-56,8.703182573867796e-183,8.710778968269847e-48,2.3858131737573078e-60,1.1202643998208254e-73,7.85176169090558e-120,3.816533053444977e-94,2.3787410995818013e-71,3.812728127827124e-23,0.0029826701066743076,0.3522659564310216,0.0
21.8,0.36510637,0.3689187340148638,3.387119454731326e-56,5.471975841874214e-183,7.555564534434918e-48,1.9769084712394862e-60,8.797266301351556e-74,5.1189176151085026e-120,2.6002635238084634e-94,1.7285437415436291e-71,2.9217726969275526e-23,0.002844330366394905,0.3660744036484689,0.0
21.816666666666663,0.3744681,0.3800142588589102,2.9673206564307074e-56,3.4404100031007266e-183,6.553511251408547e-48,1.6380708223273907e-60,6.908302497113708e-74,3.3371961897846245e-120,1.7715623497311515e-94,1.2560384506559052e-71,2.2387313978951864e-23,0.002712044920649059,0.37730221393826113,0.0
21.83333333333333,0.38382977,0.38848429399890944,2.5995412473662553e-56,2.163097948201729e-183,5.684318320221121e-48,1.3572966541092778e-60,5.424895368089051e-74,2.1755943762238022e-120,1.2069416945806242e-94,9.126723484711594e-72,1.7151532887289595e-23,0.0025855721027216883,0.38589872189618774,0.0
21.85,0.38851064,0.3943329835129381,2.277336545844742e-56,1.3600100648122015e-183,4.930374953685625e-48,1.1246383362161723e-60,4.259982437052206e-74,1.4182955025218735e-120,8.222557860198752e-95,6.631568861497946e-72,1.3138617911196919e-23,0.002464678348499881,0.3918683051644382,0.0
21.866666666666667,0.3931915,0.3976135527812175,1.9950601379894649e-56,8.55082489370525e-184,4.276404032133143e-48,9.318521230159385e-61,3.3451891721306267e-74,9.245877901595686e-121,5.6016815112971484e-95,4.818447615219852e-72,1.0063350968628624e-23,0.002349138033541769,0.39526441474767576,0.0
21.883333333333333,0.39787233,0.39842166711908866,1.7477650211956803e-56,5.376180694631446e-184,3.7091529500022246e-48,7.721063681858423e-61,2.626818079052022e-74,6.027292007012716e-121,3.816108753269241e-95,3.5009628454700857e-72,7.706942995535275e-24,0.00223873330458237,0.3961829338145063,0.0
21.9,0.39787233,0.3968884637420061,1.5311169872811707e-56,3.3801786539638574e-184,3.2171254056419686e-48,6.397396953923939e-61,2.0626985371510635e-74,3.92906289832345e-121,2.5996444609823212e-95,2.543650261182585e-72,5.9015848790765696e-24,0.0021332539064623777,0.39475520983554374,0.0
21.916666666666668,0.3931915,0.3931735487564048,1.3413187302263957e-56,2.1252273995431672e-184,2.7903487135609866e-48,5.3006057413600165e-61,1.6197126843250738e-74,2.5612290583698905e-121,1.7709164816577285e-95,1.84806339157664e-72,4.5185858778408296e-24,0.002032497005383815,0.391141051751021,0.0
21.933333333333334,0.38851064,0.38745819637324014,1.1750433509076814e-56,1.3361989062331514e-184,2.4201719358373482e-48,4.3918121313623035e-61,1.2718522825335984e-74,1.6695543827464903e-121,1.206349482644677e-95,1.3426596412001882e-72,3.459267763268783e-24,0.0019362670093221524,0.385521929363918,0.0
21.95,0.37914893,0.37993893465193035,1.0293760955332185e-56,8.401111938806382e-185,2.0990907519432788e-48,3.638798965920554e-61,9.986926209615086e-75,1.088292032613963e-121,8.217489744852326e-96,9.754491696676893e-73,2.6479754526067894e-24,0.0018443753863527212,0.3780945592655776,0.0
21.966666666666665,0.36978722,0.3708216528905691,9.017633084711601e-57,5.282048504866541e-185,1.8205955264075593e-48,3.014868940776556e-61,7.841939620704679e-75,7.093867614602186e-122,5.59752694329034e-96,7.086520108068956e-73,2.0267129459649695e-24,0.0017566404815838686,0.36906501240898526,0.0
21.98333333333333,0.36042553,0.3603163216423216,7.899677063168447e-57,3.320992943389586e-185,1.5790395024221e-48,2.4978990822388605e-61,6.157602387815942e-75,4.6239537216314194e-122,3.812801846902144e-96,5.148149017254124e-73,1.5510271929506394e-24,0.0016728873333264882,0.3586434343089951,0.0
22.0,0.34638298,0.3486323780180141,6.920291905986234e-57,2.088014329913592e-185,1.3695244561636015e-48,2.069557151225143e-61,4.834997941225611e-75,3.01395433242453e-122,2.59706802911305e-96,3.7398909039711986e-73,1.1868499987303478e-24,0.0015929474890719491,0.34703943052894215,0.0
22.016666666666666,0.33234042,0.33597479671863006,6.062305133889789e-57,1.3128011587086253e-185,1.187801499445233e-48,1.7146522496652825e-61,3.79644801633364e-75,1.9645028589823104e-122,1.7689415842474918e-96,2.716792874843983e-73,9.080753155634057e-25,0.0015166588217964188,0.33445813789683365,0.0
22.03333333333333,0.31829786,0.322540841059202,5.310671949704725e-57,8.253998437888674e-186,1.030185024458511e-48,1.4205966503103549e-61,2.9809530990155834e-75,1.2804466585403802e-122,1.2048549293138715e-96,1.9735308983984685e-73,6.947009324576543e-25,0.0014438653470587833,0.32109697571214324,0.0
22.05,0.3042553,0.30851746777206657,4.652211670822937e-57,5.1895508042785334e-186,8.934780499941575e-49,1.1769598046965581e-61,2.340611631127773e-75,8.345707601907935e-123,8.206295563639067e-97,1.433577475138223e-73,5.314032720396482e-25,0.0013744170413129146,0.30714305073075365,0.0
22.066666666666663,0.29021275,0.29407934411566594,4.075376804459193e-57,3.2628349694402437e-186,7.749074589963974e-49,9.750987444651033e-62,1.8378078979876037e-75,5.439484023710846e-123,5.589213586020524e-97,1.0413297528032624e-73,4.0644449871510235e-25,0.0013081696618109458,0.292771174453855,0.0
22.08333333333333,0.27148935,0.27938742516701115,3.5700507237397246e-57,2.0514474819084226e-186,6.72067817268512e-49,8.078517936533772e-62,1.4430036050513537e-75,3.5452358516999494e-123,3.806671838084687e-97,7.56389146789281e-74,3.108345651240634e-25,0.0012449845684335409,0.2781424405985776,0.0
22.1,0.2574468,0.2645880324967472,3.12737040305478e-57,1.2898097431678472e-186,5.8287263664013924e-49,6.692847494272986e-62,1.1330035616433348e-75,2.3106037026024384e-123,2.5925753089983633e-97,5.4940452915670135e-74,2.376888122026164e-25,0.0011847285477461405,0.2634033039490011,0.0
22.116666666666667,0.24340425,0.24981237206474202,2.7395711095541916e-57,8.109439875173494e-187,5.055120964313511e-49,5.5448054517775015e-62,8.895937012821271e-76,1.5059089757968576e-123,1.7656660097177442e-97,3.990516854241877e-74,1.8173555078709122e-25,0.0011272736395444352,0.2486850984251976,0.0
22.133333333333333,0.22468086,0.23517642850648804,2.399850331844074e-57,5.098659599740639e-187,4.384163676475335e-49,4.593649485704693e-62,6.984715114267303e-76,9.814426394876656e-124,1.2024775956941763e-97,2.8983849306529287e-74,1.3893865742833544e-25,0.001072496966120323,0.2341039315403677,0.0
22.15,0.2106383,0.220781174426465,2.1022485635805614e-57,3.205687129036396e-187,3.80223797647901e-49,3.8056212240246883e-62,5.4840610099306374e-76,6.396230193593018e-124,8.189110232220608e-98,2.105101341851238e-74,1.0620835776839249e-25,0.001020280564450177,0.21976089386201483,0.0
22.166666666666668,0.19659574,0.20671303635204885,1.8415448546050494e-57,2.015515786088222e-187,3.2975331133606194e-49,3.152749330590692e-62,4.3057860768364883e-76,4.168465671410334e-124,5.576834464140987e-98,1.5289032938930296e-74,8.117961911328245e-26,0.0009705112214789305,0.20574252513056993,0.0
22.183333333333334,0.18723404,0.19304456317463883,1.6131653007222234e-57,1.2672176987607705e-187,2.8598047021230574e-49,2.6118576735510577e-62,3.3806422912328205e-76,2.7165729597674976e-124,3.7977828484355025e-98,1.110394033056673e-74,6.2042368953567e-26,0.0009230803126486931,0.19212148286199013,0.0
22.2,0.17319149,0.179835247823179,1.4131028696714994e-57,7.967392478424915e-188,2.4801670462405048e-49,2.1637434455125107e-62,2.6542547255259705e-76,1.7703516351618615e-124,2.586210486709555e-98,8.064256791495074e-75,4.741143558620486e-26,0.0008778836437967846,0.1789573641793822,0.0
22.216666666666665,0.16382979,0.1671324582553615,1.2378471592662589e-57,5.009347365768992e-188,2.1509129875009414e-49,1.7924961203654456e-62,2.0839274481119116e-76,1.1536942729690917e-124,1.7611201980498188e-98,5.856548383070113e-75,3.622692988916667e-26,0.0008348212965270529,0.16629763695883443,0.0
22.23333333333333,0.14978723,0.15497243935036717,1.084322857531841e-57,3.1495321132215e-188,1.8653576355149515e-49,1.4849331183899387e-62,1.636135303564742e-76,7.518219359644838e-125,1.1992384463035272e-98,4.2531364014388556e-75,2.767795277620478e-26,0.00079379747713827,0.1541786418732289,0.0
22.25,0.14042553,0.14338135273789876,9.498358270052858e-58,1.9802083580007418e-188,1.6177028124370824e-49,1.2301321840651546e-62,1.2845543078847786e-76,4.899280710740504e-125,8.166078098396263e-99,3.088638683608156e-75,2.1144173793727626e-26,0.0007547203691755538,0.1426266323687232,0.0
22.266666666666666,0.13106383,0.1323763268445639,8.320258688359013e-58,1.2450181809816597e-188,1.4029194676688825e-49,1.0190439060804206e-62,1.0085150093098366e-76,3.192587045468865e-125,5.560488940351688e-99,2.2429270697039423e-75,1.6151100097171762e-26,0.0007175019896543359,0.13165882485490957,0.0
22.28333333333333,0.12170213,0.12196649436705395,7.288253392714378e-58,7.82781320714345e-189,1.2166456810104314e-49,8.441706475675865e-63,7.917879942885919e-77,2.0803973008453535e-125,3.78620325770161e-99,1.6287464410422524e-75,1.2335831775347667e-26,0.0006820580489912093,0.12128443631806274,0.0
22.3,0.11702128,0.11215399891552179,6.384228935862956e-58,4.921587037099596e-189,1.055098188260695e-49,6.993005069669638e-63,6.21630217283252e-77,1.3556355387194247e-125,2.5780206085318396e-99,1.182720485068492e-75,9.420848349168588e-27,0.0006483078146626133,0.11150569110085917,0.0
22.316666666666663,0.11234043,0.10293495666351603,5.5923172228769416e-58,3.094352902488042e-189,9.149956370017689e-50,5.79286879436755e-63,4.880361461668492e-77,8.833498854982542e-126,1.7553365100765485e-99,8.588179254859088e-76,7.193945343208684e-27,0.0006161739785997196,0.10231878268491632,0.0
22.33333333333333,0.10765957,0.0943003624713193,4.898617231008869e-58,1.9455144952392313e-189,7.934920177814897e-50,4.798658043100106e-63,3.831497406366311e-77,5.755933055921117e-126,1.1951597354015958e-99,6.236062437041108e-76,5.4928798527785666e-27,0.0005855825283166702,0.09371477994300263,0.0
22.35,0.09829787,0.08623693311523317,4.2909512116003604e-58,1.223204459820882e-189,6.881189219315124e-50,3.975046229706429e-63,3.008027249524503e-77,3.750523535687283e-126,8.137352168082469e-100,4.5280395531382757e-76,4.193621262399065e-27,0.0005564626217595213,0.08568047049347365,0.0
22.366666666666667,0.09361702,0.07872788296833877,3.758651102188715e-58,7.690659740937428e-190,5.967354559861141e-50,3.292765810456754e-63,2.36152032637654e-77,2.4437752254866066e-126,5.540282188390877e-100,3.287762227673825e-76,3.2013616926270553e-27,0.0005287464658537932,0.07819913650248497,0.0
22.383333333333333,0.08893617,0.07175362976209852,3.292371406081511e-58,4.83535200137166e-190,5.174847977202908e-50,2.727569282758128e-63,1.8539512481411778e-77,1.5922961309591412e-126,3.7720053449808757e-100,2.3871573915717252e-76,2.4436387544410885e-27,0.0005023691987205328,0.071251260563378,0.0
22.4,0.08893617,0.06529242994329504,2.8839252602554935e-58,3.0401327621741565e-190,4.487565133372114e-50,2.2593683137823282e-63,1.4554645740862566e-77,1.0374798232407054e-126,2.568055336749387e-100,1.7332140423834464e-76,1.8650748804316452e-27,0.0004772687755237731,0.06481516116777127,0.0
22.416666666666668,0.084255315,0.05932094466235644,2.5261408186166416e-58,1.9114236745450106e-190,3.891538720238067e-50,1.871520466310126e-63,1.1426196402108921e-77,6.759720420533287e-127,1.748349061263572e-100,1.2583859649145439e-76,1.4233536975114822e-27,0.0004533858579054676,0.05886755880445097,0.0
22.433333333333334,0.079574466,0.05381473862519682,2.2127354335379623e-58,1.2017699179418414e-190,3.3746549532344774e-50,1.55023822148049e-63,8.970124161705854e-78,4.4042410613604055e-127,1.1902648938700947e-100,9.136210224041264e-77,1.0861429011918616e-27,0.0004306637069585809,0.05338407491823824,0.0
22.45,0.079574466,0.048748714949432025,1.9382054303936086e-58,7.555890468052786e-191,2.926407665906118e-50,1.2840993340410778e-63,7.04193409662171e-78,2.8695032408075324e-127,8.103093335572532e-101,6.6329829834266036e-77,8.287412454287186e-28,0.00040904807968385345,0.04833966686974817,0.0
22.466666666666665,0.074893616,0.044097489825294565,1.6977295430004982e-58,4.750616091905892e-191,2.5376850197320586e-50,1.0636411486936511e-63,5.528180292393591e-78,1.869543891377051e-127,5.516324669317137e-101,4.815510033339299e-77,6.3227944896067925e-28,0.00038848712887158454,0.04370900269642298,0.0
22.48333333333333,0.074893616,0.03983571122776071,1.4870843172245612e-58,2.986855237923093e-191,2.200584504534232e-50,8.810244834635969e-64,4.339794735631302e-78,1.2180298652700226e-127,3.7552649324325156e-101,3.495959074819282e-77,4.823447747778902e-28,0.00036893130634588434,0.03946677992141483,0.0
22.5,0.07021277,0.03593832619338931,1.3025699997212007e-58,1.8779255489532714e-191,1.9082524780635668e-50,7.297551531815406e-64,3.406849393208106e-78,7.935486394875299e-128,2.5563667072789005e-101,2.5379382765290907e-77,3.6792962683820554e-28,0.0003503332695057122,0.0355879929238836,0.0
22.516666666666666,0.07021277,0.03238080129419241,1.1409456125082009e-58,1.1807080488827335e-191,1.6547449906655252e-50,6.044532505369191e-64,2.67444361210037e-78,5.169904562403193e-128,1.7401935568632903e-101,1.8424107887335258e-77,2.806279210873522e-28,0.0003326477910943356,0.03204815350309807,0.0
22.53333333333333,0.06553192,0.02913930093965123,9.993720750460957e-59,7.42346447405917e-192,1.4349070723246723e-50,5.006619961898269e-64,2.0994751001867354e-78,3.368099230153431e-128,1.1845784171034045e-101,1.3374655541011964e-77,2.1402090694729118e-28,0.0003158316721265117,0.028823469267524715,0.0
22.55,0.06553192,0.026190828041847775,8.753623765355006e-59,4.667353580591556e-192,1.2442680336178833e-50,4.146893731340823e-64,1.6481046729613047e-78,2.194222302097575e-128,8.063469621167615e-102,9.70888813473101e-78,1.6320782820881415e-28,0.0002998436579010063,0.02589098438394677,0.0
22.566666666666663,0.060851064,0.023513331409430974,7.6673792470493215e-59,2.9345041512047074e-192,1.078950656728443e-50,3.4347692363121e-64,1.2937657237603592e-78,1.4294526811875e-128,5.488731613145106e-102,7.047696132166355e-78,1.2444730485957572e-28,0.00028464435702451837,0.023228687052406456,0.0
22.58333333333333,0.060851064,0.021085784012821022,6.715903056218415e-59,1.8450099449732767e-192,9.355924342720173e-51,2.8449105081069517e-64,1.0156013906410929e-78,9.312201637230658e-129,3.7360610328544334e-102,5.115824704590424e-78,9.488334505458399e-29,0.00027019616337198743,0.020815587849449035,0.0
22.6,0.060851064,0.01888823600182306,5.882477839063868e-59,1.160012455285034e-192,8.112772579586039e-51,2.3563296561284595e-64,7.972375321254535e-79,6.066363147964131e-129,2.543008890098448e-102,3.7134277400493367e-78,7.233603753860906e-29,0.00025646318090763535,0.018631772820915424,0.0
22.616666666666667,0.056170214,0.01690184607114215,5.1524595582500135e-59,7.293341530704436e-193,7.034761710042518e-51,1.9516408144685532e-64,6.258193634238884e-79,3.951826790828146e-129,1.730907129069567e-102,2.695412055136878e-78,5.514167217708898e-29,0.00024341115129043782,0.016658434919851712,0.0
22.633333333333333,0.056170214,0.015108894470465916,4.5130204054282166e-59,4.585539170872805e-193,6.099959820099764e-51,1.6164420720661277e-64,4.912551041790614e-79,2.574310199016709e-129,1.1781257543297888e-102,1.9564387219768141e-78,4.203062885735375e-29,0.00023100738418757062,0.014877887086278345,0.0
22.65,0.056170214,0.013492780652846119,3.95292358598945e-59,2.883063594903731e-193,5.289346974621618e-51,1.3388034357020361e-64,3.8562215885082865e-79,1.676939327987844e-129,8.018655419038436e-103,1.4200324059512442e-78,3.203412238992408e-29,0.00021922069021950376,0.013273559962626615,0.0
22.666666666666668,0.056170214,0.01203800825522519,3.4623260254768514e-59,1.8126668598127882e-193,4.586428683063304e-51,1.1088426391187537e-64,3.0270090667845833e-79,1.0923638918003662e-129,5.457622507751847e-103,1.0306737389377681e-78,2.44129917935884e-29,0.00020802131646048048,0.011829986938764709,0.0
22.683333333333334,0.05148936,0.010730159813801066,3.0326055366739976e-59,1.1396768471468625e-193,3.976900660105246e-51,9.183737302872022e-65,2.3760868122665942e-79,7.1155889509454595e-130,3.7144755024275267e-103,7.480577781430138e-79,1.860332849409459e-29,0.0001973808844186774,0.010532778929382388,0.0
22.7,0.05148936,0.00955586333860062,2.6562094152996926e-59,7.165482084925774e-194,3.4483580759177654e-51,7.60615952871521e-65,1.8651241075597007e-79,4.634980535735513e-130,2.528037953328273e-103,5.429252999612617e-79,1.4174965819544763e-29,0.00018727233042085926,0.00936859100817976,0.0
22.716666666666665,0.05148936,0.008502752609193663,2.3265218080097606e-59,4.50514799083302e-194,2.9900433934030757e-51,6.29952578925301e-65,1.464030162844754e-79,3.0191072458971853e-130,1.7205281767586733e-103,3.940361333407365e-79,1.0799790731291076e-29,0.00017766984832717544,0.008325082760866487,0.0
22.73333333333333,0.05148936,0.00755942280888051,2.0377475256197325e-59,2.832517928970174e-194,2.5926276726790553e-51,5.217311237374103e-65,1.1491829608395401e-79,1.966539825142025e-130,1.1709331997584332e-103,2.859717126583354e-79,8.227556070646023e-30,0.00016854883450255853,0.007390873974377952,0.0
22.75,0.05148936,0.006715382889149279,1.784810262876831e-59,1.780886458643446e-194,2.2480209021794468e-51,4.320978434600256e-65,9.020387695210673e-80,1.2809156959319621e-130,7.968830757914966e-104,2.075397024864377e-79,6.267419808843703e-30,0.00015988583497224254,0.0065554970541770365,0.0
22.766666666666666,0.05148936,0.005961005850214671,1.5632634387924985e-59,1.1196950401008277e-194,1.9492075047917036e-51,3.5786063384288133e-65,7.080405154063585e-80,8.343186684277187e-131,5.4231205968207405e-104,1.50615759473995e-79,4.77385669351762e-30,0.00015165849469002158,0.00580934735552465,0.0
22.78333333333333,0.05148936,0.005287477937013881,1.3692120929100407e-59,7.039847248015033e-195,1.6901036783896203e-51,2.963754572727402e-65,5.557607891213718e-80,5.434217340764017e-131,3.6905926998009774e-104,1.0930267274479032e-79,3.6359077524244916e-30,0.0001438455088490447,0.0051436324281648365,0.0
22.8,0.04680851,0.004686747582736319,1.1992444668194104e-59,4.426155586380517e-195,1.4654336732921437e-51,2.4545226117665107e-65,4.362290569074037e-80,3.539449266143688e-131,2.5115116317617947e-104,7.931992840627745e-80,2.7689776385450343e-30,0.00013642657616629085,0.004550321006570028,0.0
22.816666666666663,0.04680851,0.0041514747830488875,1.050372070132427e-59,2.782851776130885e-195,1.270622493576285e-51,2.0327704335753787e-65,3.424034880641433e-80,2.305303132391123e-131,1.7090962083447814e-104,5.7560563637308546e-80,2.108576590536863e-30,0.0001293823540731574,0.0040220924289757305,0.0
22.83333333333333,0.04680851,0.003674981452708808,9.199771789754145e-60,1.7496590719008804e-195,1.101702842587104e-51,1.6834729356888897e-65,2.6875631624541803e-80,1.501461035991088e-131,1.1630277859037387e-104,4.17694715988225e-80,1.6055464551165847e-30,0.00012269441574600716,0.0035522870369628008,0.0
22.85,0.04680851,0.0032512032011203142,8.057668454591428e-60,1.1000609537172465e-195,9.552344221812872e-52,1.394185159699622e-65,2.109483322724476e-80,9.778985130823793e-132,7.914180577022284e-105,3.0309876716118465e-80,1.2224191818126927e-30,0.0001163452089120404,0.003134857992208274,0.0
22.866666666666667,0.04680851,0.0028746428633664276,7.057326108197185e-60,6.916398784943852e-196,8.282339460713704e-52,1.1545993090557424e-65,1.6557335050006368e-80,6.368940834323062e-132,5.385352388408529e-105,2.199381815046611e-80,9.306394112686703e-31,0.0001103180163672634,0.0027643248469991642,0.0
22.883333333333333,0.04680851,0.0025403260371042783,6.181152150060584e-60,4.348537914533896e-196,7.181144451992294e-52,9.561778070912733e-66,1.2995760817716275e-80,4.147958172073561e-132,3.6644991525902435e-105,1.5959099679258462e-80,7.084463159990999e-31,0.00010459691814487587,0.0024357291189594024,0.0
22.9,0.04680851,0.002243758802175855,5.41373683164375e-60,2.7340500176644627e-196,6.226326317687084e-52,7.918493451724881e-66,1.020022898305844e-80,2.7014396092546648e-132,2.4934891005636796e-105,1.1579970900483154e-80,5.392583634156867e-31,9.916675527399706e-05,0.002144592046901858,0.0
22.916666666666668,0.04680851,0.0019808877376064674,4.7415824627710936e-60,1.7189751926266792e-196,5.3984325223326244e-52,6.557571100676497e-66,8.005990659614707e-81,1.7593405606447318e-132,1.6966516882329232e-105,8.402294469936631e-81,4.104417051507431e-31,9.401309507012696e-05,0.0018868746425363403,0.0
22.933333333333334,0.04680851,0.0017480622986549776,4.152866205031757e-60,1.0807686098318703e-196,4.680595014906132e-52,5.430502347352872e-66,6.28372529002212e-81,1.1457723559491198e-132,1.1544371794141427e-105,6.096487709371855e-81,3.1237116653170444e-31,8.912219790037095e-05,0.0016589401007546067,0.0
22.95,0.04680851,0.001541999573582149,3.637232287120899e-60,6.795099103843063e-197,4.058186936574448e-52,4.4971105355059556e-66,4.931922716033413e-81,7.461747568819143e-133,7.854894019401982e-106,4.423366328138074e-81,2.3771438747696714e-31,8.448098536799174e-05,0.0014575185882141574,0.0
22.966666666666665,0.04680851,0.0013597514047527437,3.185609993464025e-60,4.2722713367986094e-197,3.5185249158434216e-52,3.7241201615076396e-66,3.8709031245747333e-81,4.859331973997179e-133,5.344447175608376e-106,3.2093533718879624e-81,1.808861337750933e-31,8.007700986246313e-05,0.0012796743948902806,0.0
22.98333333333333,0.04680851,0.0011986738305741996,2.790054229844959e-60,2.6860977892373593e-197,3.0506108988861293e-52,3.0839716879682123e-66,3.0381227565080095e-81,3.1645095174253668e-133,3.6362832322692584e-106,2.328485943802908e-81,1.376323644584742e-31,7.589842542273378e-05,0.0011227754051514659,0.0
23.0,0.04680851,0.0010563987826878115,2.443605866078e-60,1.688825473850602e-197,2.644908266121279e-52,2.5538398589890593e-66,2.384488955210536e-81,2.0607726303558423e-133,2.4740307547855887e-106,1.6893560018087324e-81,1.0471322992413151e-31,7.193395986299134e-05,0.0009844648228248202,0.0
23.016666666666666,0.04680851,0.00093080795592415,2.1401694029403825e-60,1.0618121308973297e-197,2.293147682808573e-52,2.1148205817570513e-66,1.8714675536681343e-81,1.341984809334551e-133,1.6832358873064454e-106,1.2256324166698501e-81,7.966149149184604e-32,6.81728881117586e-05,0.0008626350678123914,0.0
23.03333333333333,0.04680851,0.0008200087560556959,1.8744058147211086e-60,6.67591124563147e-198,1.9881587356800818e-52,1.7512574353689617e-66,1.4688122480027822e-81,8.73894463417859e-134,1.1451895796940817e-106,8.891823338067892e-82,6.059843443878963e-32,6.460500671667144e-05,0.0007554037493390245,0.0
23.05,0.04680851,0.0007223122216480948,1.64163868518165e-60,4.1973326126468996e-198,1.7237239316915374e-52,1.4501838350078076e-66,1.1527822273029425e-81,5.69068120879463e-134,7.791163744581516e-107,6.450790883864049e-82,4.609360410864467e-32,6.122060946883025e-05,0.0006610916121792645,0.0
23.066666666666663,0.04680851,0.0006362128107174834,1.4377719881209776e-60,2.638980476799199e-198,1.4944520894930453e-52,1.2008609943880557e-66,9.047430794345362e-82,3.7056416839490325e-134,5.300536570584964e-107,4.679793368929663e-82,3.505794212870554e-32,5.801046410207911e-05,0.0005782023466154043,0.0
23.08333333333333,0.04680851,0.0005603699399124206,1.2592180682069066e-60,1.6592007260065062e-198,1.2956685484157071e-52,9.943952380190656e-67,7.100685621916499e-82,2.4129954369827643e-134,3.6060348383110497e-107,3.394939136420422e-82,2.6662376501975937e-32,5.4965790024038396e-05,0.0005054041498883822,0.0
23.1,0.04680851,0.0004935911630842702,1.1028345568490346e-60,1.0431857383591232e-198,1.1233199616522559e-52,8.234210384660655e-67,5.572785470630228e-82,1.5712435403024938e-134,2.4531979952792565e-107,2.4627987999130218e-82,2.0275808102312622e-32,5.2078237037188426e-05,0.00044151292604708176,0.0
23.116666666666667,0.04680851,0.00043481687697682474,9.658691147957326e-61,6.558798873799189e-199,9.738917368110223e-53,6.8183849278901e-67,4.373623519030143e-82,1.0231149997824412e-134,1.668890737831057e-107,1.7865596609330864e-82,1.5417876337682334e-32,4.933986500968035e-05,0.0003854770119671444,0.0
23.133333333333333,0.04680851,0.00038310644400290484,8.45911030587918e-61,4.123698893090359e-199,8.443364441731245e-53,5.645958898823422e-67,3.4324759765349264e-82,6.661919117440146e-135,1.1353136205769474e-107,1.2959784753467603e-82,1.172298486872251e-32,4.674312445694799e-05,0.00033636331954595687,0.0
23.15,0.04680851,0.00033762562537612006,7.408488244139119e-61,2.592683712539367e-199,7.320117360004207e-53,4.675096254118639e-67,2.6938329571821673e-82,4.337787085783122e-135,7.72318526230838e-108,9.40090689988029e-83,8.912905465584964e-33,4.428083799658297e-05,0.0002933447873795371,0.0
23.166666666666668,0.04680851,0.00029763522196826905,6.488331123844062e-61,1.6300919143887006e-199,6.346265136532749e-53,3.871150505154344e-67,2.1141260125152305e-82,2.8244318120283164e-135,5.253754053152529e-108,6.819200151677714e-83,6.775916295823819e-33,4.194618264021855e-05,0.0002556890393280505,0.0
23.183333333333334,0.04680851,0.00026248082494987127,5.682440786469493e-61,1.0248837510556701e-199,5.501942470174565e-53,3.2054294169318246e-67,1.659159496406227e-82,1.8390263808379843e-135,3.5738450923564636e-108,4.9463958640289936e-83,5.1509174109654216e-33,3.973267288749905e-05,0.0002227481520623722,0.0
23.2,0.04680851,0.00023158358335587787,4.976629836998705e-61,6.44372626434245e-200,4.769924962100164e-53,2.6541719151932188e-67,1.3020943982472749e-82,1.1973988614920945e-135,2.4310530215207198e-108,3.58786483563704e-83,3.91533698063836e-33,3.7634144588456536e-05,0.00019394943876742133,0.0
23.216666666666665,0.04680851,0.00020443190104926096,4.358472081685943e-61,4.0513477143437285e-200,4.135278116937938e-53,2.1977007541384424e-67,1.0218658295265574e-82,7.79621404331329e-136,1.6536586931244675e-108,2.6024061190964886e-83,2.9759243996858975e-33,3.564473954186803e-05,0.00016878716150739293,0.0
23.23333333333333,0.042127658,0.00018057398100469437,3.817083934183569e-61,2.5471933709036504e-200,3.58505298340027e-53,1.8197207559441286e-67,8.019408989529703e-83,5.076012858076384e-136,1.1248382752802517e-108,1.8875822615397106e-83,2.2617417290786234e-33,3.3758890798351937e-05,0.00014681509020634243,0.0
23.25,0.042127658,0.00015961114030202617,3.342932947846404e-61,1.6014901566478347e-200,3.108022238626073e-53,1.506737617550869e-67,6.293437676330074e-83,3.3048802972012258e-136,7.651156288869894e-109,1.369079114378181e-83,1.718829011663688e-33,3.197130863814009e-05,0.00012763983166388606,0.0
23.266666666666666,0.042127658,0.0001411918246224611,2.9276701086376012e-61,1.0069005836408176e-200,2.694451343342168e-53,1.2475765743371129e-67,4.938904194985015e-83,2.1517054998336062e-136,5.20423453489677e-109,9.929858695401741e-84,1.3061440177415375e-33,3.0276967194598675e-05,0.00011091485742786241,0.0
23.28333333333333,0.042127658,0.00012500625631569823,2.5639829405477032e-61,6.330658295839828e-201,2.33590010854649e-53,1.0329837671338508e-67,3.8758804047737116e-83,1.400889938304754e-136,3.539806043081385e-109,7.201939692227516e-84,9.924722161798708e-34,2.86710916956649e-05,9.633516462003332e-05,0.0
23.3,0.042127658,0.00011078165520499701,2.2454668411576593e-61,3.9802569915863125e-201,2.0250506332722706e-53,8.552961051345878e-68,3.041636006936064e-83,9.120513841423883e-137,2.407658631789924e-109,5.223334086466204e-84,7.54075318695996e-34,2.7149146296453088e-05,8.363250890854392e-05,0.0
23.316666666666663,0.042127658,9.827797618272e-05,1.9665123853318556e-61,2.502495564666927e-201,1.7555581096634546e-53,7.081678574605041e-68,2.3869384868090773e-83,5.937843084424464e-137,1.6375825922819977e-109,3.7882450436765067e-84,5.72902008313899e-34,2.5706822477310817e-05,7.257115370540918e-05,0.0
23.33333333333333,0.042127658,8.728411229602792e-05,1.7222066156445872e-61,1.573386720318134e-201,1.521921457004949e-53,5.863442273083268e-68,1.8731490375889946e-83,3.865736606661455e-137,1.113792764836379e-109,2.7473897994170293e-84,4.352265539343501e-34,2.4340027982610733e-05,6.294408431341718e-05,0.0
23.35,0.042127658,7.761451641440162e-05,1.5082465839652194e-61,9.89230745030422e-202,1.3193711499531604e-53,4.8547383668558315e-68,1.4699432446641109e-83,2.5166913187094713e-137,7.575276127311103e-110,1.9924823393519506e-84,3.306130684463218e-34,2.3044876276555652e-05,5.456964013784597e-05,0.0
23.366666666666667,0.042127658,6.910619869754758e-05,1.3208636239436557e-61,6.219560439679988e-202,1.1437719562168212e-53,4.019534363091605e-68,1.1535221368136786e-83,1.6384070358056302e-137,5.1521139397092817e-110,1.4449761676381674e-84,2.5112757845181815e-34,2.1817676493198656e-05,4.728852220434892e-05,0.0
23.383333333333333,0.042127658,6.161606094094802e-05,1.156757022757678e-61,3.910405012814361e-202,9.915386024586988e-54,3.3279930368555957e-68,9.052081176077839e-84,1.0666153609571088e-137,3.504010382331804e-110,1.0478977671710832e-84,1.9073866111050992e-34,2.0654923858800492e-05,4.096113708214752e-05,0.0
23.4,0.042127658,5.501853246765117e-05,1.0130359257011877e-61,2.4585766410659247e-202,8.595626503996456e-54,2.7554074358619513e-68,7.1034298029080025e-84,6.943653714814119e-138,2.3830780310957485e-110,7.599223114275193e-85,1.448615557797959e-34,1.955329056553983e-05,3.546524190211134e-05,0.0
23.416666666666668,0.042127658,4.9203475563474644e-05,8.871684519133569e-62,1.5457730203855764e-202,7.451490933542995e-54,2.2813189295107683e-68,5.574230192745836e-84,4.520250251428765e-138,1.6207055302180383e-110,5.510760652815295e-85,1.1001143245535766e-34,1.8509617076427386e-05,3.069385848704726e-05,0.0
23.433333333333334,0.042127658,4.407433152667144e-05,7.769371263217963e-62,9.718688368724908e-203,6.459613813625858e-54,1.888786847573144e-68,4.37420230623133e-84,2.942599268691807e-138,1.1022064701712276e-110,3.9961887894240704e-85,8.353970105097149e-35,1.752090384211267e-05,2.6553427684558773e-05,0.0
23.45,0.042127658,3.954648123169436e-05,6.803998439135282e-62,6.110398750437784e-203,5.599737547225889e-54,1.5637836580920832e-68,3.432495663808935e-84,1.9155522350051873e-138,7.495745072672688e-111,2.897827723039378e-85,6.343348889396231e-35,1.6584303411058995e-05,2.2962177820635364e-05,0.0
23.466666666666665,0.042127658,3.554579670157285e-05,5.958556797181161e-62,3.8417704327829e-203,4.854299145725853e-54,1.2946941099656128e-68,2.6935081995527377e-84,1.2469559806797734e-138,5.097528801490571e-111,2.1013155219718463e-85,4.816316581431124e-35,1.5697112915337327e-05,1.9848683786235523e-05,0.0
23.48333333333333,0.042127658,3.200736255675841e-05,5.218149430853403e-62,2.4154231779907546e-203,4.208071882401463e-54,1.0719004726772112e-68,2.1136047960254744e-84,8.11713009590662e-139,3.466551173034344e-111,1.5237093632290875e-85,3.6566412808074573e-35,1.4856766915022813e-05,1.7150595641735598e-05,0.0
23.5,0.042127658,2.8874348373269876e-05,4.569729494718576e-62,1.5186406168927977e-203,3.6478545900011154e-54,8.874390758153994e-69,1.658541928298754e-84,5.2838218358461454e-139,2.3573746471624797e-111,1.1048547529073852e-85,2.7760082518705435e-35,1.4060830584895244e-05,1.4813517788374634e-05,0.0
23.516666666666666,0.042127658,2.6097014952774327e-05,4.001870483213314e-62,9.548095520384963e-204,3.162202269383058e-54,7.347158937507166e-69,1.3014464896063003e-84,3.439442967812408e-139,1.6030707332363014e-111,8.011252987925857e-86,2.1073194104289343e-35,1.3306993227832146e-05,1.279002172494218e-05,0.0
23.53333333333333,0.042127658,2.363183929524572e-05,3.504565028827665e-62,6.0031398563836444e-204,2.741192517782152e-54,6.08271026710153e-69,1.0212295570669205e-84,2.2388364134850066e-139,1.0901088479708588e-111,5.8088201882439116e-86,1.5995998599640573e-35,1.2593062099941174e-05,1.1038777195304546e-05,0.0
23.55,0.042127658,2.1440744684259757e-05,3.069048679684131e-62,3.774332267039835e-204,2.37622301507815e-54,5.0358367355337e-69,8.013415104142779e-85,1.4573065847695221e-139,7.412763843170458e-112,4.211799316805671e-86,1.2141263287912713e-35,1.1916956533122389e-05,9.523788151137367e-06,0.0
23.566666666666663,0.037446808,1.9490423758563702e-05,2.6876455558406424e-62,2.3730219802292873e-204,2.0598359392585046e-54,4.1691063595373264e-69,6.287950521779112e-85,9.485796911749193e-140,5.0406158796154555e-112,3.0537935846943138e-86,9.214845951647592e-36,1.1276702341359364e-05,8.213721417204338e-06,0.0
23.58333333333333,0.037446808,1.775174376374555e-05,2.3536331684671095e-62,1.491981212575409e-204,1.7855657310202012e-54,3.451525899049185e-69,4.933984814603548e-85,6.174347388646249e-140,3.427521589268494e-112,2.214134406135673e-86,6.99333151335889e-36,1.0670426497626998e-05,7.081317266118551e-06,0.0
23.6,0.037446808,1.61992243664431e-05,2.061124023106717e-62,9.380476731385675e-205,1.5478071032822376e-54,2.8574335114448506e-69,3.8715397717368486e-85,4.0188579492358595e-140,2.33061195475177e-112,1.605316235659406e-86,5.307037275066306e-36,1.0096352068878906e-05,6.102872297564196e-06,0.0
23.616666666666667,0.037446808,1.4810579481733791e-05,1.8049619234722372e-62,5.897750950143251e-205,1.3417006039868307e-54,2.3655818151968907e-69,3.037853817294072e-85,2.6158246109759876e-140,1.5847214402991156e-112,1.1638836092631739e-86,4.027098890466712e-36,9.552793397113495e-06,5.257786084620296e-06,0.0
23.633333333333333,0.037446808,1.3566315522794414e-05,1.580631150829136e-62,3.708069886049181e-205,1.163033398338585e-54,1.958378627693548e-69,2.3836761680361304e-85,1.7025856593869926e-140,1.0775293504492018e-112,8.438220395138348e-87,3.055657920024297e-36,9.038151515045634e-06,4.52816400774878e-06,0.0
23.65,0.037446808,1.2449379340477855e-05,1.3841769205312556e-62,2.3313600757710716e-205,1.0081532468646614e-54,1.621258268798195e-69,1.8703585950864755e-85,1.108163184736251e-140,7.326533038086651e-113,6.11764900497551e-87,2.3184065886465925e-36,8.550909785418023e-06,3.898469555059832e-06,0.0
23.666666666666668,0.037446808,1.1444849888335932e-05,1.2121357156748745e-62,1.4657866505369185e-205,8.738939246779776e-55,1.3421609815480696e-69,1.4675731375806354e-85,7.212617074249878e-141,4.981511792669099e-113,4.435173854797014e-87,1.758923886791098e-36,8.089629753463114e-06,3.355220134872818e-06,0.0
23.683333333333334,0.037446808,1.0539668334453454e-05,1.0614742716173083e-62,9.215780710585683e-206,7.575105605794895e-55,1.1111018803601749e-69,1.1515210540155679e-85,4.694360710673797e-141,3.387014668835171e-113,3.2153567271823536e-87,1.3343728950273394e-36,7.65294720249538e-06,2.886721131958073e-06,0.0
23.7,0.037446808,9.722401953111811e-06,9.295361373209938e-63,5.794199779495007e-206,6.566235768867677e-55,9.198140328319709e-70,9.035272869912563e-86,3.055304336511018e-141,2.302853308524142e-113,2.3309884400744594e-87,1.0122324139838976e-36,7.239568403055966e-06,2.4828335500558454e-06,0.0
23.716666666666665,0.037446808,8.983037674103285e-06,8.139948728056567e-63,3.642963009400492e-206,5.691700862468851e-55,7.61452927676144e-70,7.089374690237241e-86,1.9885061853029308e-141,1.565700790141397e-113,1.6898320417184316e-87,7.678144397104798e-37,6.848266546462667e-06,2.134771127640618e-06,0.0
23.73333333333333,0.037446808,8.31280165212477e-06,7.128130587681218e-63,2.290424712165859e-206,4.933617537530577e-55,6.303517728917891e-70,5.562523532779921e-86,1.2941776033301271e-141,1.0644973491093078e-113,1.225009471084783e-87,5.823786669133667e-37,6.477878354024195e-06,1.8349232981005742e-06,0.0
23.75,0.037446808,7.704001649239813e-06,6.242063967114542e-63,1.4400489119595815e-206,4.276482645340171e-55,5.2181888313370944e-70,4.364485668274424e-86,8.422776763089299e-142,7.237252622931945e-114,8.880304499615751e-88,4.4170053826892354e-37,6.127300853573192e-06,1.5767007956666212e-06,0.0
23.766666666666666,0.037446808,7.149889405470695e-06,5.466122675130302e-63,9.05395703518739e-207,3.706856513088312e-55,4.3196991812803396e-70,3.4244558214656505e-86,5.481648590220168e-142,4.920352670829211e-114,6.437374794789522e-88,3.3498381633897566e-37,5.7954883153486395e-06,1.3544010901220552e-06,0.0
23.78333333333333,0.037446808,6.644540511246793e-06,4.786621948295723e-63,5.6924546383032394e-207,3.213088355260356e-55,3.575889785183099e-70,2.686874338797039e-86,3.5674803917751455e-142,3.345123078563246e-114,4.666403397597316e-88,2.5403484341313472e-37,5.481449339618186e-06,1.1630911716286066e-06,0.0
23.8,0.042127658,6.182749595302636e-06,4.1915772846522773e-63,3.578991700107196e-207,2.7850782165617454e-55,2.96013596114665e-70,2.1081448177444295e-86,2.321702209561933e-142,2.2741617846013094e-114,3.3825819842391353e-88,1.9263555700495942e-37,5.184244088778949e-06,9.985055065236865e-07,0.0
23.816666666666663,0.042127658,5.759938906841369e-06,3.670493230268442e-63,2.2502033529359057e-207,2.4140705872926974e-55,2.4503950892966354e-70,1.6540583672502526e-86,1.5109356341154917e-142,1.5460517143234794e-114,2.451923811198246e-88,1.4606745263066647e-37,4.9029816570051205e-06,8.569572498362483e-07,0.0
23.83333333333333,0.042127658,5.372078605129939e-06,3.214178399149268e-63,1.414760113846058e-207,2.0924754782539602e-55,2.0284181807627988e-70,1.2977723884077223e-86,9.832862245649706e-143,1.051042062561942e-114,1.7772896802020927e-88,1.1075017737544377e-37,4.6368175708272e-06,7.352610343027392e-07,0.0
23.85,0.042127658,5.015617276564358e-06,2.814583468804255e-63,8.894956136545551e-208,1.8137133025140763e-55,1.6790970879308094e-70,1.0182245053748284e-86,6.398946821638923e-143,7.145121442325743e-115,1.288255768184269e-88,8.396716921387462e-38,4.384951414334831e-06,6.306658622295268e-07,0.0
23.866666666666667,0.042127658,4.687421381671564e-06,2.464659298240659e-63,5.592484357590915e-208,1.572080397138508e-55,1.3899240243599384e-70,7.9888797069836155e-87,4.164200335517561e-143,4.857273827150711e-115,9.337672136878853e-89,6.36573906905837e-38,4.146624572982027e-06,5.407968086895364e-07,0.0
23.883333333333333,0.042127658,4.384722495255989e-06,2.158232669419788e-63,3.5161363589919525e-208,1.3626324391562658e-55,1.1505440753192817e-70,6.267950332904007e-87,2.709875317048572e-143,3.301938892521092e-115,6.768116336120388e-89,4.825724505305666e-38,3.9211180902534354e-06,4.636044050025539e-07,0.0
23.9,0.042127658,4.105071344400055e-06,1.889897463506023e-63,2.210683674043559e-208,1.1810833752220392e-55,9.523847024974903e-71,4.917705813523378e-87,1.7634436918268386e-143,2.2446000309410896e-115,4.905572495365241e-89,3.6580591086417393e-38,3.707750631718016e-06,3.9732071268203845e-07,0.0
23.916666666666668,0.042127658,3.846297773478579e-06,1.6549193549956797e-63,1.3899125067975163e-208,1.0237178010490232e-55,7.883489977002559e-71,3.8583079062378956e-87,1.1475417379743339e-143,1.5258168362973273e-115,3.555529531038429e-89,2.7727680689924544e-38,3.5058765512482826e-06,3.4042122223029594e-07,0.0
23.933333333333334,0.042127658,3.6064758747237503e-06,1.449152344848499e-63,8.738729286190393e-209,8.873150012090286e-56,6.525617185026441e-71,3.027112534881173e-87,7.467410098845541e-144,1.0371924884451765e-115,2.5769833393065784e-89,2.1016051779176594e-38,3.3148840544289754e-06,2.9159182029477516e-07,0.0
23.95,0.042127658,3.3838936189173242e-06,1.2689656622144847e-63,5.494258296749309e-209,7.690830979099007e-56,5.401590252043721e-71,2.3749671196980686e-87,4.8592153478488225e-144,7.050336760845326e-116,1.8677196156399957e-89,1.5928086429628993e-38,3.134193454410248e-06,2.497001645070763e-07,0.0
23.966666666666665,0.042127658,3.177026405059331e-06,1.1111797469468413e-63,3.454377719153392e-209,6.66601963722904e-56,4.471144004075715e-71,1.8633051899680158e-87,3.1619640915863494e-144,4.7924094479461065e-116,1.3536441708665298e-89,1.2071217979116945e-38,2.963255515684715e-06,2.1377088937461627e-07,0.0
23.98333333333333,0.042127658,2.9845140217462677e-06,9.730101850107681e-64,2.1718535604130834e-209,5.7777373215170015e-56,3.700945258798347e-71,1.4618666178472703e-87,2.0575120020749345e-144,3.2575533832455515e-116,9.810477425258921e-90,9.147738093664689e-39,2.80154988147869e-06,1.829641402675777e-07,0.0
24.0,0.042127658,2.805140577726845e-06,8.520186089660288e-64,1.3654984728268068e-209,5.007798950587078e-56,3.0633996226938802e-71,1.146908768936888e-87,1.3388209194022974e-144,2.214230126581547e-116,7.109983216286017e-90,6.931889278953258e-39,2.6485835806523933e-06,1.565569970744518e-07,0.0
24.016666666666666,0.042127658,2.6378170157779176e-06,7.460696983775567e-64,8.585228582058232e-210,4.340441104580229e-56,2.5356636395520593e-71,8.998028662555992e-88,8.711587104466203e-145,1.5050383765224266e-116,5.152759055896046e-90,5.25248598440815e-39,2.50388961019759e-06,1.3392740558032744e-07,0.0
24.03333333333333,0.042127658,2.481565873628595e-06,6.532935224495813e-64,5.3977463348735174e-210,3.7619996078888173e-56,2.098826955159411e-71,7.059326222073349e-88,5.668481983521935e-145,1.0229773394689618e-116,3.7342547426064723e-90,3.979730834370779e-39,2.367025589606323e-06,1.1454028402227165e-07,0.0
24.05,0.042127658,2.3355079990160706e-06,5.720525612835552e-64,3.3936968405196134e-210,3.26063002880766e-56,1.73723524215211e-71,5.538300516915947e-88,3.688340130193751e-145,6.953093831982056e-117,2.706206375520745e-90,3.0152139415984466e-39,2.2375724835624737e-06,9.793551545359702e-08,0.0
24.066666666666663,0.042127658,2.198850963837444e-06,5.0091282457510946e-64,2.1337011025023608e-210,2.826065384697025e-56,1.4379296624625762e-71,4.3449739335526395e-88,2.3998819280183336e-145,4.725892302309667e-117,1.9611498061555343e-90,2.2843272532871994e-39,2.115133389576104e-06,8.371757426133977e-08,0.0
24.08333333333333,0.042127658,2.070878955441238e-06,4.386185587496809e-64,1.3415105232013079e-210,2.449406101161028e-56,1.1901828123905254e-71,3.4087506277154505e-88,1.5615054967380313e-145,3.212056826021432e-117,1.4211945384418143e-90,1.7305110875199687e-39,1.999332387341964e-06,7.154656809927404e-08,0.0
24.1,0.042127658,1.950943951972179e-06,3.8407009675579614e-64,8.434406934935797e-211,2.122937932569154e-56,9.851145460076728e-72,2.67424190548402e-88,1.0159957753286317e-145,2.1831134497817985e-117,1.0298861398476264e-90,1.3108905932022035e-39,1.8898134467588803e-06,6.113050521329838e-08,0.0
24.116666666666667,0.042127658,1.8384580138601216e-06,3.3630446010298815e-64,5.302918862238807e-211,1.839974122429976e-56,8.153739296500002e-72,2.097990696969565e-88,6.610511144387955e-146,1.4837580636378231e-117,7.463075569318687e-91,9.929665579990013e-40,1.7862393916924179e-06,5.221862216770365e-08,0.0
24.133333333333333,0.042127658,1.7328865454929856e-06,2.944783712249214e-64,3.3340751044865274e-211,1.5947185773227723e-56,6.748759457843573e-72,1.6459015000749896e-88,4.301034719994928e-146,1.0084249835841513e-117,5.40803415757173e-91,7.521059584719601e-40,1.6882909167038351e-06,4.459562878915048e-08,0.0
24.15,0.042127658,1.633742400237124e-06,2.5785337671855216e-64,2.0962145929303704e-211,1.3821472574168592e-56,5.585835230932723e-72,1.291223865555634e-88,2.798373208237877e-146,6.853585495210114e-118,3.918808060383393e-91,5.69639091684487e-40,1.5956656541034718e-06,3.807674613365204e-08,0.0
24.166666666666668,0.042127658,1.5405807186179737e-06,2.2578281920627632e-64,1.3179412963208056e-211,1.1979053588076087e-56,4.623270912071612e-72,1.0129702109665219e-88,1.82067786033032e-146,4.657853470786368e-118,2.8396287070993264e-91,4.314167530522706e-40,1.5080772888127415e-06,3.250342980523234e-08,0.0
24.183333333333334,0.042127658,1.4529944039673311e-06,1.977004281444943e-64,8.286218055113669e-212,1.0382181855850102e-56,3.826552010977649e-72,7.946744229095663e-89,1.1845554393681045e-146,3.1655383161918986e-118,2.057605635577327e-91,3.2671630314661364e-40,1.4252547186419237e-06,2.7739685325407504e-08,0.0
24.2,0.04680851,1.3706101524498607e-06,1.7311032843292973e-64,5.209746771903837e-212,8.998138893012754e-57,3.1671086372167164e-72,6.234178509699993e-89,7.70677156971116e-147,2.1513105550327356e-118,1.4909248708130442e-91,2.4741230806605386e-40,1.3469412577064556e-06,2.3668894743405197e-08,0.0
24.216666666666665,0.04680851,1.2930849653440344e-06,1.5157829066597547e-64,3.2754942086327033e-212,7.798564960338545e-57,2.6212917981245067e-72,4.89065103070424e-89,5.014000915836075e-147,1.4620170516760644e-118,1.0802951660432107e-91,1.8734780217157104e-40,1.2728938808157378e-06,2.0191084528296695e-08,0.0
24.23333333333333,0.04680851,1.2201030809795029e-06,1.327240687511659e-64,2.0593825231549207e-212,6.758878514995306e-57,2.1695259566619872e-72,3.8366445461449376e-89,3.262054181570354e-147,9.935633882650532e-119,7.827483829834357e-92,1.4185767071589931e-40,1.2028825067735853e-06,1.7220574205917725e-08,0.0
24.25,0.04680851,1.1513732720102221e-06,1.1621468978535922e-64,1.2947835556295763e-212,5.857772969569004e-57,1.795607505966395e-72,3.0097741562811293e-89,2.1222316265635157e-147,6.752001801023706e-119,5.6714618738962055e-92,1.0740736893109215e-40,1.1366893186303825e-06,1.4683953379839581e-08,0.0
24.266666666666666,0.04680851,1.0866264608905177e-06,1.0175857786428929e-64,8.140616439235419e-213,5.076780466608039e-57,1.4861240400935562e-72,2.3610963621822822e-89,1.3806679928237618e-147,4.5884220930828903e-119,4.109234867151634e-92,8.1319083354009e-41,1.074108119022952e-06,1.251834186756562e-08,0.0
24.28333333333333,0.04680851,1.025613612660621e-06,8.910040820134095e-65,5.1182014514389284e-213,4.399893746288091e-57,1.2299736243809328e-72,1.8522132232943663e-89,8.982156258050097e-148,3.1180855994287916e-119,2.9772824682984777e-92,6.156418347070263e-41,1.0149437188292364e-06,1.0669893831384612e-08,0.0
24.3,0.04680851,9.681038695634466e-07,7.801660080548047e-65,3.217936161519868e-213,3.8132383724712984e-57,1.0179668486596488e-72,1.453000350932813e-89,5.843416480293859e-148,2.1188810588826574e-119,2.157109849917e-92,4.660592535242957e-41,9.59011357452585e-07,9.092512110861642e-09,0.0
24.316666666666663,0.05148936,9.138828967109471e-07,6.831137424333662e-65,2.0231935801998127e-213,3.30478861203089e-57,8.42497410232901e-73,1.1398243589499094e-89,3.801438544267599e-148,1.4398558432729661e-119,1.562851263213219e-92,3.5280247039732693e-41,9.061361531328561e-07,7.746743578090964e-09,0.0
24.33333333333333,0.05148936,8.627514120919566e-07,5.981328988462292e-65,1.2720301875559173e-213,2.8641211548963284e-57,6.972694271480984e-73,8.941443366069601e-90,2.4729994289735937e-148,9.7842006886891e-120,1.1322862062726752e-92,2.670543634182867e-41,8.561525817607012e-07,6.598830331255348e-09,0.0
24.35,0.05148936,8.145238777455225e-07,5.237222567807304e-65,7.997557357354919e-214,2.4822016360636883e-57,5.770717135926986e-73,7.014146187932411e-90,1.608773779257944e-148,6.648529663729108e-120,8.203288503319684e-93,2.0213681796598355e-41,8.089039827471528e-07,5.6198949983697135e-09,0.0
24.366666666666667,0.05148936,7.690273319840983e-07,4.585672607828929e-65,5.02825477478507e-214,2.1511995916151467e-57,4.7759093090823434e-73,5.502239476079734e-90,1.0465521517914226e-148,4.51772513463787e-120,5.943099109885493e-93,1.5299208491042276e-41,7.642420905716665e-07,4.7852414124318665e-09,0.0
24.383333333333333,0.05148936,0.04605333614099023,4.015168137658547e-65,3.161383277572076e-214,1.8643280623072942e-57,3.9525691992090204e-73,4.316201003441085e-90,6.808033980667839e-149,3.0697849148260253e-120,4.3055753705210965e-93,1.1578982529994318e-41,7.220265907002613e-07,4.073754503548219e-09,0.04605261004064502
24.4,0.05148936,0.05114133026760811,3.5156295497610524e-65,1.987636643434458e-214,1.6157045624085308e-57,3.27114672844423e-73,3.3858002860989007e-90,4.4287127253679e-149,2.0858835344883564e-120,3.119196057406966e-93,8.762939966204191e-42,6.821246986308346e-07,3.4673854868319826e-09,0.05114064467552399
24.416666666666668,0.05148936,0.053316067832311534,3.0782306410342875e-65,1.2496741994872989e-214,1.4002305684744896e-57,2.707183571622964e-73,2.6559416023953914e-90,2.8809005890767354e-149,1.4173142188073434e-120,2.259682498302294e-93,6.631432909813895e-42,6.444107608838634e-07,2.9507103538383457e-09,0.0533154204708403
24.433333333333334,0.056170214,0.05458763140223951,2.6952427757171385e-65,7.856996840197261e-215,1.2134870615952901e-57,2.2404359379665516e-73,2.083402686663146e-90,1.874019100760494e-149,9.630220410281995e-121,1.6369878641593284e-93,5.018144159423389e-42,6.087658768161825e-07,2.5105513408050535e-09,0.054587020125811354
24.45,0.056170214,0.05540329390299618,2.3598984206144875e-65,4.939879094241e-215,1.0516439850587803e-57,1.8541484578580387e-73,1.6342761284129737e-90,1.2190309821505276e-149,6.543352541628568e-121,1.185869240541886e-93,3.797145147042239e-42,5.750775401911922e-07,2.1356524843613938e-09,0.055402716689803504
24.466666666666665,0.056170214,0.05594120506820137,2.06627164483062e-65,3.1058181720323346e-215,9.113817640667939e-58,1.5344531503008442e-73,1.2819620788411027e-90,7.929585296091994e-150,4.445887171826034e-121,8.590559953187734e-94,2.873092955502288e-42,5.432392994925284e-07,1.8164016154216987e-09,0.05594066001250026
24.48333333333333,0.056170214,0.056291458211226296,1.8091734754175732e-65,1.9527007814025094e-215,7.898232809341584e-58,1.2698719280413916e-73,1.005593482679328e-90,5.157998588184239e-150,3.0207208506563285e-121,6.222995450551486e-94,2.1738054383463e-42,5.131504360186785e-07,1.5445922113389883e-09,0.056290943516198066
24.5,0.056170214,0.056506308548688586,1.5840602623908908e-65,1.2277087177761375e-215,6.844749131369945e-58,1.050904807153461e-73,7.888006435515309e-91,3.355111722720593e-150,2.05237541476259e-121,4.507864495141043e-94,1.644637845386098e-42,4.847156588444799e-07,1.313219448213391e-09,0.056505822519810296
24.516666666666666,0.056170214,0.056618925404980265,1.386953436050135e-65,7.718891666603426e-216,5.931754270322369e-58,8.696890589555184e-74,6.187420084945549e-91,2.1823670139622344e-150,1.3944311713856194e-121,3.2653940600802973e-94,1.2442240837582616e-42,4.5784481578139237e-07,1.1163055895702822e-09,0.05661846644385889
24.53333333333333,0.056170214,0.056651759079397894,1.214369240506099e-65,4.853047232565997e-216,5.1405168083127035e-58,7.197170844196115e-74,4.853438095955755e-91,1.4195269335517068e-150,9.473957770123144e-122,2.3653408784554316e-94,9.41251629614521e-43,4.3245261951194307e-07,9.487505318241017e-10,0.05665132567802785
24.55,0.056170214,0.05662075401046752,1.0632572033178238e-65,3.051223755998599e-216,4.454802297723957e-58,5.956028957632109e-74,3.807035594760218e-91,9.233248890824087e-151,6.436650144177091e-122,1.713346836686123e-94,7.120193412497521e-43,4.0845838811559164e-07,8.062039160775276e-10,0.05662034474587549
24.566666666666663,0.056170214,0.056537666280170464,9.309462552647888e-66,1.918375248698609e-216,3.8605404723666894e-58,4.928888320604443e-74,2.9862209361550765e-91,6.005656881488273e-151,4.3730301954700236e-122,1.2410528161425046e-94,5.385882203838294e-43,3.857857992425543e-07,6.849557228899926e-10,0.056537279809415496
24.58333333333333,0.056170214,0.056411427635347226,8.150975492561576e-66,1.206126985774355e-216,3.345536802716199e-58,4.078855778537078e-74,2.342364598137836e-91,3.906263802154779e-151,2.9709762125623476e-122,8.989358204875314e-95,4.0738123180604345e-43,3.643626572297237e-07,5.818427029616001e-10,0.056411062690847294
24.6,0.056170214,0.05624899255589264,7.13663145579715e-66,7.583199351180177e-217,2.89922248760361e-58,3.3753974754770523e-74,1.837319234431854e-91,2.5407253016334548e-151,2.0184129039736884e-122,6.511193021685168e-95,3.0812319073769826e-43,3.441206724887872e-07,4.941683719616564e-10,0.056248647941051784
24.616666666666667,0.056170214,0.056055887757236245,6.248498342037491e-66,4.767732475211761e-217,2.5124377616018145e-58,2.793242865784869e-74,1.4411603961868852e-91,1.6525284958365005e-151,1.3712448475605095e-122,4.716131783784945e-95,2.3303816647534734e-43,3.2499525253031827e-07,4.196346204079755e-10,0.0560555623423491
24.633333333333333,0.056170214,0.05583658181551373,5.470874554947639e-66,2.9975832315376288e-217,2.177244079422693e-58,2.3114775837498527e-74,1.1304141703182737e-91,1.0748189478580087e-151,9.315671659835035e-123,3.4158971790721465e-95,1.7624187981265854e-43,3.0692530402004913e-07,3.562832668570097e-10,0.05583627453392644
24.65,0.056170214,0.05559474152423974,4.790011600959743e-66,1.8846494828945428e-217,1.8867613298943337e-58,1.9127926327190046e-74,8.86666803002832e-92,6.990637687284471e-152,6.328598165582696e-123,2.474099486784415e-95,1.3328174375311208e-43,2.898530452943508e-07,3.02446120980899e-10,0.05559445136874832
24.666666666666668,0.056170214,0.05533341441266857,4.193871182285545e-66,1.1849223618999315e-217,1.6350267445879488e-58,1.5828629604873254e-74,6.954739880144956e-92,4.546669728257679e-152,4.299273432311695e-123,1.791938322905258e-95,1.0078868926066403e-43,2.7372382879090013e-07,2.5670232781058154e-10,0.055333140432137454
24.683333333333334,0.056170214,0.055055161676164664,3.671912495546472e-66,7.449878132138593e-218,1.4168726104196297e-58,1.3098331274677269e-74,5.455052387729081e-92,2.957094251297345e-152,2.920631903937538e-123,1.2978440224900139e-95,7.621362226213223e-44,2.5848597287842037e-07,2.1784194020194576e-10,0.05505490297234984
24.7,0.056170214,0.054762156932286456,3.214905980525722e-66,4.683908562673042e-218,1.227820280635411e-58,1.0838916147536362e-74,4.278726798488088e-92,1.9232337942397162e-152,1.9840508976134733e-123,9.39973276725105e-96,5.762795070137622e-44,2.4409060259562454e-07,1.848348174704829e-10,0.05476191265684904
24.716666666666665,0.05148936,0.05445626088485406,2.81477023039662e-66,2.9448800868705436e-218,1.0639883123841975e-58,8.96918498261609e-75,3.3560451177087254e-92,1.2508181162167685e-152,1.34779249366646e-123,6.807726363121804e-96,4.357261326747418e-44,2.3049149883463204e-07,1.5680407762449788e-10,0.05445603023655114
24.73333333333333,0.05148936,0.054139078659486646,2.4644291836038887e-66,1.8515131015131022e-218,9.22012848419935e-59,7.421938466025594e-75,2.6323196842161066e-92,8.134885058995754e-153,9.155614780640566e-124,4.930401307429788e-96,3.294382247148189e-44,2.1764495552782923e-07,1.3300344170827916e-10,0.054138860881527674
24.75,0.05148936,0.053812004450445795,2.1576870755907257e-66,1.1640883177347458e-218,7.989786112722155e-59,6.141563785040945e-75,2.0646530601348617e-92,5.29058708176411e-153,6.219368044255899e-124,3.570722170449126e-96,2.4906597975189297e-44,2.0550964441979763e-07,1.127979040320752e-10,0.05381179882800347
24.766666666666666,0.05148936,0.0534762567260304,1.8891189420702426e-66,7.318886959318263e-219,6.923590956170119e-59,5.082037185576081e-75,1.6193963430033773e-92,3.4407372709464237e-153,4.22473318401987e-124,2.585969973150396e-96,1.8829334158977655e-44,1.9404648702740743e-07,9.564724374231579e-11,0.05347606258389613
24.78333333333333,0.05148936,0.05313290630633643,1.653974740085438e-66,4.6015496829550804e-219,5.999647330104205e-59,4.2052708241817755e-75,1.2701553631952499e-92,2.2376613766290341e-153,2.869766818206787e-124,1.8727704119349496e-96,1.423428753705053e-44,1.8321853341151502e-07,8.109196319075254e-11,0.053132723006711055
24.8,0.04680851,0.05278289898906831,1.4480953935147953e-66,2.8930980916381365e-219,5.1989796648465655e-59,3.4797445784625317e-75,9.962266736727022e-93,1.4552326811030247e-153,1.9493429103383974e-124,1.3562484683927676e-96,1.0760112558648673e-44,1.7299084740316057e-07,6.874129854591387e-11,0.05278272592947961
24.816666666666663,0.04680851,0.052427073954974666,1.2678392802126883e-66,1.8189558990480907e-219,4.505143140759981e-59,2.8793737042534994e-75,7.813706912853603e-93,9.46380413282573e-154,1.3241104076271117e-124,9.821722471531923e-97,8.133515351275623e-45,1.633303979454963e-07,5.826299947339808e-11,0.05242691056631372
24.83333333333333,0.042127658,0.052066178870334455,1.110017862331332e-66,1.1436184361489825e-219,3.903886230708612e-59,2.3825716908236897e-75,6.128493158187023e-93,6.154521428862361e-154,8.994033321149751e-125,7.1126223146123e-97,6.147807365071531e-45,1.542059562301173e-07,4.93746187146041e-11,0.052066024615003606
24.85,0.042127658,0.05170088237838571,9.718393228148387e-67,7.190185482401542e-220,3.382858231208502e-59,1.9714746701961584e-75,4.8067101680706345e-93,4.0023778303762984e-154,6.109126747441522e-125,5.150691584424419e-97,4.6466801784222666e-45,1.455879983231795e-07,4.1836090065817106e-11,0.051700736748551294
24.866666666666667,0.042127658,0.051331784507441615,8.508592124268305e-67,4.520630464160668e-220,2.9313557857290516e-59,1.6312995345643329e-75,3.7699866608037444e-93,2.6027780897183282e-154,4.14952268327069e-125,3.729881786360338e-97,3.511930963364322e-45,1.374486129923012e-07,3.544340550288529e-11,0.05133164702338522
24.883333333333333,0.042127658,0.050959425402473404,7.44937235469365e-67,2.8422212922382273e-220,2.5401032027189906e-59,1.3498127146825084e-75,2.9568503362346406e-93,1.6925888369051663e-154,2.818457742680029e-125,2.700961100354622e-97,2.654177120619053e-45,1.297614144602457e-07,3.002322978628503e-11,0.05095929561103572
24.9,0.042127658,0.050584292696753,6.521994107605091e-67,1.7869678440316976e-220,2.201062063583134e-59,1.1168905441071592e-75,2.3190842632598324e-93,1.1006800247129207e-154,1.914341011760939e-125,1.9558491112321327e-97,2.0058324843882238e-45,1.2250145982564755e-07,2.542831448238675e-11,0.050584170169864856
24.916666666666668,0.042127658,0.05020682777217867,5.71004939363696e-67,1.1235064094566883e-220,1.907266216186951e-59,9.241554217216742e-76,1.818868813372331e-93,7.157576368891515e-155,1.300233896087294e-125,1.4162702617706906e-97,1.51579451928889e-45,1.1564517090441191e-07,2.1533593520412076e-11,0.05020671210547417
24.933333333333334,0.037446808,0.0498274311051765,4.999171936919102e-67,7.06373403931421e-221,1.65267876983401e-59,7.646747060227324e-76,1.426539792809484e-93,4.6544267436853085e-155,8.831166671237848e-126,1.0255355327850123e-97,1.1454259060766997e-45,1.0917026025827897e-07,1.823285966147132e-11,0.04982732191668338
24.95,0.037446808,0.0494464668553226,4.376783154001849e-67,4.441125967194482e-221,1.432068158685939e-59,6.327115267794353e-76,1.1188299308945901e-93,3.026646650147113e-155,5.998036580309893e-126,7.425899914427088e-98,8.655153022640557e-46,1.030556611891443e-07,1.5435936006629918e-11,0.049446363784225476
24.966666666666665,0.037446808,0.049064266823032256,3.831869732225105e-67,2.792234007233961e-221,1.2409007315204955e-59,5.2351856369653873e-76,8.774895186861683e-94,1.968124500344046e-155,4.0737519664126427e-126,5.377015508834075e-98,6.539787896965744e-46,9.728146148929331e-08,1.306626927611228e-11,0.049064169528504495
24.98333333333333,0.037446808,0.04868113387859341,3.354788877256171e-67,1.7555390761482054e-221,1.0752476645552586e-59,4.3316738448775937e-76,6.882044559169509e-94,1.2797901043922207e-155,2.7667792736481123e-126,3.893384724410408e-98,4.941215801992486e-46,9.182884074859203e-08,1.1058882360790252e-11,0.04868104203869378
25.0,0.037446808,0.04829734494587726,2.937097788281645e-67,1.10374603760129e-221,9.31704287744235e-60,3.584072116560909e-76,5.397475858673348e-94,8.32185744565773e-156,1.8790957698540642e-126,2.8190787083856913e-98,3.73323481886592e-46,8.66800110300807e-08,9.358632845275298e-12,0.048297258256507596
