time,signal,fit_total,peak_1,peak_2,peak_3,peak_4,peak_5,peak_6,peak_7,peak_8,peak_9,peak_10,peak_11,peak_12,peak_13,peak_14
0.0,0.004680851,0.0,0.0,0.0,0.0,0.0,0.0,0.0,0.0,0.0,0.0,0.0,0.0,0.0,0.0,0.0
0.0166666666666666,0.0,0.0,0.0,0.0,0.0,0.0,0.0,0.0,0.0,0.0,0.0,0.0,0.0,0.0,0.0,0.0
0.0333333333333333,0.0,0.0,0.0,0.0,0.0,0.0,0.0,0.0,0.0,0.0,0.0,0.0,0.0,0.0,0.0,0.0
0.05,0.0,0.0,0.0,0.0,0.0,0.0,0.0,0.0,0.0,0.0,0.0,0.0,0.0,0.0,0.0,0.0
0.0666666666666666,0.0,0.0,0.0,0.0,0.0,0.0,0.0,0.0,0.0,0.0,0.0,0.0,0.0,0.0,0.0,0.0
0.0833333333333333,0.0,0.0,0.0,0.0,0.0,0.0,0.0,0.0,0.0,0.0,0.0,0.0,0.0,0.0,0.0,0.0
0.1,0.0,0.0,0.0,0.0,0.0,0.0,0.0,0.0,0.0,0.0,0.0,0.0,0.0,0.0,0.0,0.0
0.1166666666666666,0.0,0.0,0.0,0.0,0.0,0.0,0.0,0.0,0.0,0.0,0.0,0.0,0.0,0.0,0.0,0.0
0.1333333333333333,0.0,0.0,0.0,0.0,0.0,0.0,0.0,0.0,0.0,0.0,0.0,0.0,0.0,0.0,0.0,0.0
0.15,0.0,0.0,0.0,0.0,0.0,0.0,0.0,0.0,0.0,0.0,0.0,0.0,0.0,0.0,0.0,0.0
0.1666666666666666,0.0,0.0,0.0,0.0,0.0,0.0,0.0,0.0,0.0,0.0,0.0,0.0,0.0,0.0,0.0,0.0
0.1833333333333333,0.0,0.0,0.0,0.0,0.0,0.0,0.0,0.0,0.0,0.0,0.0,0.0,0.0,0.0,0.0,0.0
0.2,0.0,0.0,0.0,0.0,0.0,0.0,0.0,0.0,0.0,0.0,0.0,0.0,0.0,0.0,0.0,0.0
0.2166666666666666,0.0,0.0,0.0,0.0,0.0,0.0,0.0,0.0,0.0,0.0,0.0,0.0,0.0,0.0,0.0,0.0
0.2333333333333333,0.0,0.0,0.0,0.0,0.0,0.0,0.0,0.0,0.0,0.0,0.0,0.0,0.0,0.0,0.0,0.0
0.25,-0.004680851,0.0,0.0,0.0,0.0,0.0,0.0,0.0,0.0,0.0,0.0,0.0,0.0,0.0,0.0,0.0
0.2666666666666666,-0.004680851,0.0,0.0,0.0,0.0,0.0,0.0,0.0,0.0,0.0,0.0,0.0,0.0,0.0,0.0,0.0
0.2833333333333333,-0.004680851,0.0,0.0,0.0,0.0,0.0,0.0,0.0,0.0,0.0,0.0,0.0,0.0,0.0,0.0,0.0
0.3,0.0,0.0,0.0,0.0,0.0,0.0,0.0,0.0,0.0,0.0,0.0,0.0,0.0,0.0,0.0,0.0
0.3166666666666666,-0.004680851,0.0,0.0,0.0,0.0,0.0,0.0,0.0,0.0,0.0,0.0,0.0,0.0,0.0,0.0,0.0
0.3333333333333333,-0.004680851,0.0,0.0,0.0,0.0,0.0,0.0,0.0,0.0,0.0,0.0,0.0,0.0,0.0,0.0,0.0
0.35,-0.004680851,0.0,0.0,0.0,0.0,0.0,0.0,0.0,0.0,0.0,0.0,0.0,0.0,0.0,0.0,0.0
0.3666666666666666,-0.004680851,0.0,0.0,0.0,0.0,0.0,0.0,0.0,0.0,0.0,0.0,0.0,0.0,0.0,0.0,0.0
0.3833333333333333,-0.004680851,0.0,0.0,0.0,0.0,0.0,0.0,0.0,0.0,0.0,0.0,0.0,0.0,0.0,0.0,0.0
0.4,-0.004680851,0.0,0.0,0.0,0.0,0.0,0.0,0.0,0.0,0.0,0.0,0.0,0.0,0.0,0.0,0.0
0.4166666666666667,0.0,0.0,0.0,0.0,0.0,0.0,0.0,0.0,0.0,0.0,0.0,0.0,0.0,0.0,0.0,0.0
0.4333333333333333,0.0,0.0,0.0,0.0,0.0,0.0,0.0,0.0,0.0,0.0,0.0,0.0,0.0,0.0,0.0,0.0
0.45,0.0,0.0,0.0,0.0,0.0,0.0,0.0,0.0,0.0,0.0,0.0,0.0,0.0,0.0,0.0,0.0
0.4666666666666667,0.0,0.0,0.0,0.0,0.0,0.0,0.0,0.0,0.0,0.0,0.0,0.0,0.0,0.0,0.0,0.0
0.4833333333333333,0.0,0.0,0.0,0.0,0.0,0.0,0.0,0.0,0.0,0.0,0.0,0.0,0.0,0.0,0.0,0.0
0.5,0.0,0.0,0.0,0.0,0.0,0.0,0.0,0.0,0.0,0.0,0.0,0.0,0.0,0.0,0.0,0.0
0.5166666666666667,0.0,0.0,0.0,0.0,0.0,0.0,0.0,0.0,0.0,0.0,0.0,0.0,0.0,0.0,0.0,0.0
0.5333333333333333,0.0,0.0,0.0,0.0,0.0,0.0,0.0,0.0,0.0,0.0,0.0,0.0,0.0,0.0,0.0,0.0
0.55,0.0,0.0,0.0,0.0,0.0,0.0,0.0,0.0,0.0,0.0,0.0,0.0,0.0,0.0,0.0,0.0
0.5666666666666667,0.0,0.0,0.0,0.0,0.0,0.0,0.0,0.0,0.0,0.0,0.0,0.0,0.0,0.0,0.0,0.0
0.5833333333333334,0.004680851,0.0,0.0,0.0,0.0,0.0,0.0,0.0,0.0,0.0,0.0,0.0,0.0,0.0,0.0,0.0
0.6,0.004680851,0.0,0.0,0.0,0.0,0.0,0.0,0.0,0.0,0.0,0.0,0.0,0.0,0.0,0.0,0.0
0.6166666666666667,0.004680851,0.0,0.0,0.0,0.0,0.0,0.0,0.0,0.0,0.0,0.0,0.0,0.0,0.0,0.0,0.0
0.6333333333333333,0.004680851,0.0,0.0,0.0,0.0,0.0,0.0,0.0,0.0,0.0,0.0,0.0,0.0,0.0,0.0,0.0
0.65,0.0,0.0,0.0,0.0,0.0,0.0,0.0,0.0,0.0,0.0,0.0,0.0,0.0,0.0,0.0,0.0
0.6666666666666666,0.0,0.0,0.0,0.0,0.0,0.0,0.0,0.0,0.0,0.0,0.0,0.0,0.0,0.0,0.0,0.0
0.6833333333333333,0.0,0.0,0.0,0.0,0.0,0.0,0.0,0.0,0.0,0.0,0.0,0.0,0.0,0.0,0.0,0.0
0.7,0.0,0.0,0.0,0.0,0.0,0.0,0.0,0.0,0.0,0.0,0.0,0.0,0.0,0.0,0.0,0.0
0.7166666666666667,0.0,0.0,0.0,0.0,0.0,0.0,0.0,0.0,0.0,0.0,0.0,0.0,0.0,0.0,0.0,0.0
0.7333333333333333,0.0,0.0,0.0,0.0,0.0,0.0,0.0,0.0,0.0,0.0,0.0,0.0,0.0,0.0,0.0,0.0
0.75,0.0,0.0,0.0,0.0,0.0,0.0,0.0,0.0,0.0,0.0,0.0,0.0,0.0,0.0,0.0,0.0
0.7666666666666667,0.0,0.0,0.0,0.0,0.0,0.0,0.0,0.0,0.0,0.0,0.0,0.0,0.0,0.0,0.0,0.0
0.7833333333333333,0.0,0.0,0.0,0.0,0.0,0.0,0.0,0.0,0.0,0.0,0.0,0.0,0.0,0.0,0.0,0.0
0.8,0.0,0.0,0.0,0.0,0.0,0.0,0.0,0.0,0.0,0.0,0.0,0.0,0.0,0.0,0.0,0.0
0.8166666666666667,0.0,0.0,0.0,0.0,0.0,0.0,0.0,0.0,0.0,0.0,0.0,0.0,0.0,0.0,0.0,0.0
0.8333333333333334,0.0,0.0,0.0,0.0,0.0,0.0,0.0,0.0,0.0,0.0,0.0,0.0,0.0,0.0,0.0,0.0
0.85,0.0,0.0,0.0,0.0,0.0,0.0,0.0,0.0,0.0,0.0,0.0,0.0,0.0,0.0,0.0,0.0
0.8666666666666667,0.0,0.0,0.0,0.0,0.0,0.0,0.0,0.0,0.0,0.0,0.0,0.0,0.0,0.0,0.0,0.0
0.8833333333333333,0.0,0.0,0.0,0.0,0.0,0.0,0.0,0.0,0.0,0.0,0.0,0.0,0.0,0.0,0.0,0.0
0.9,0.0,0.0,0.0,0.0,0.0,0.0,0.0,0.0,0.0,0.0,0.0,0.0,0.0,0.0,0.0,0.0
0.9166666666666666,0.0,0.0,0.0,0.0,0.0,0.0,0.0,0.0,0.0,0.0,0.0,0.0,0.0,0.0,0.0,0.0
0.9333333333333332,0.0,0.0,0.0,0.0,0.0,0.0,0.0,0.0,0.0,0.0,0.0,0.0,0.0,0.0,0.0,0.0
0.95,0.0,0.0,0.0,0.0,0.0,0.0,0.0,0.0,0.0,0.0,0.0,0.0,0.0,0.0,0.0,0.0
0.9666666666666668,0.0,0.0,0.0,0.0,0.0,0.0,0.0,0.0,0.0,0.0,0.0,0.0,0.0,0.0,0.0,0.0
0.9833333333333332,0.0,0.0,0.0,0.0,0.0,0.0,0.0,0.0,0.0,0.0,0.0,0.0,0.0,0.0,0.0,0.0
1.0,0.0,0.0,0.0,0.0,0.0,0.0,0.0,0.0,0.0,0.0,0.0,0.0,0.0,0.0,0.0,0.0
1.0166666666666666,0.0,0.0,0.0,0.0,0.0,0.0,0.0,0.0,0.0,0.0,0.0,0.0,0.0,0.0,0.0,0.0
1.0333333333333334,0.0,0.0,0.0,0.0,0.0,0.0,0.0,0.0,0.0,0.0,0.0,0.0,0.0,0.0,0.0,0.0
1.05,0.0,0.0,0.0,0.0,0.0,0.0,0.0,0.0,0.0,0.0,0.0,0.0,0.0,0.0,0.0,0.0
1.0666666666666669,0.0,0.0,0.0,0.0,0.0,0.0,0.0,0.0,0.0,0.0,0.0,0.0,0.0,0.0,0.0,0.0
1.0833333333333333,0.0,0.0,0.0,0.0,0.0,0.0,0.0,0.0,0.0,0.0,0.0,0.0,0.0,0.0,0.0,0.0
1.1,0.0,0.0,0.0,0.0,0.0,0.0,0.0,0.0,0.0,0.0,0.0,0.0,0.0,0.0,0.0,0.0
1.1166666666666667,0.0,0.0,0.0,0.0,0.0,0.0,0.0,0.0,0.0,0.0,0.0,0.0,0.0,0.0,0.0,0.0
1.1333333333333333,0.0,0.0,0.0,0.0,0.0,0.0,0.0,0.0,0.0,0.0,0.0,0.0,0.0,0.0,0.0,0.0
1.15,0.0,0.0,0.0,0.0,0.0,0.0,0.0,0.0,0.0,0.0,0.0,0.0,0.0,0.0,0.0,0.0
1.1666666666666667,0.0,0.0,0.0,0.0,0.0,0.0,0.0,0.0,0.0,0.0,0.0,0.0,0.0,0.0,0.0,0.0
1.1833333333333331,0.0,0.0,0.0,0.0,0.0,0.0,0.0,0.0,0.0,0.0,0.0,0.0,0.0,0.0,0.0,0.0
1.2,0.0,0.0,0.0,0.0,0.0,0.0,0.0,0.0,0.0,0.0,0.0,0.0,0.0,0.0,0.0,0.0
1.2166666666666666,0.0,0.0,0.0,0.0,0.0,0.0,0.0,0.0,0.0,0.0,0.0,0.0,0.0,0.0,0.0,0.0
1.2333333333333334,0.0,0.0,0.0,0.0,0.0,0.0,0.0,0.0,0.0,0.0,0.0,0.0,0.0,0.0,0.0,0.0
1.25,0.0,0.0,0.0,0.0,0.0,0.0,0.0,0.0,0.0,0.0,0.0,0.0,0.0,0.0,0.0,0.0
1.2666666666666666,0.0,0.0,0.0,0.0,0.0,0.0,0.0,0.0,0.0,0.0,0.0,0.0,0.0,0.0,0.0,0.0
1.2833333333333334,0.0,0.0,0.0,0.0,0.0,0.0,0.0,0.0,0.0,0.0,0.0,0.0,0.0,0.0,0.0,0.0
1.3,0.0,0.0,0.0,0.0,0.0,0.0,0.0,0.0,0.0,0.0,0.0,0.0,0.0,0.0,0.0,0.0
1.3166666666666669,0.0,0.0,0.0,0.0,0.0,0.0,0.0,0.0,0.0,0.0,0.0,0.0,0.0,0.0,0.0,0.0
1.3333333333333333,0.0,0.0,0.0,0.0,0.0,0.0,0.0,0.0,0.0,0.0,0.0,0.0,0.0,0.0,0.0,0.0
1.35,0.004680851,0.0,0.0,0.0,0.0,0.0,0.0,0.0,0.0,0.0,0.0,0.0,0.0,0.0,0.0,0.0
1.3666666666666667,0.004680851,0.0,0.0,0.0,0.0,0.0,0.0,0.0,0.0,0.0,0.0,0.0,0.0,0.0,0.0,0.0
1.3833333333333333,0.004680851,0.0,0.0,0.0,0.0,0.0,0.0,0.0,0.0,0.0,0.0,0.0,0.0,0.0,0.0,0.0
1.4,0.004680851,0.0,0.0,0.0,0.0,0.0,0.0,0.0,0.0,0.0,0.0,0.0,0.0,0.0,0.0,0.0
1.4166666666666667,0.004680851,0.0,0.0,0.0,0.0,0.0,0.0,0.0,0.0,0.0,0.0,0.0,0.0,0.0,0.0,0.0
1.4333333333333331,0.004680851,0.0,0.0,0.0,0.0,0.0,0.0,0.0,0.0,0.0,0.0,0.0,0.0,0.0,0.0,0.0
1.45,0.004680851,0.0,0.0,0.0,0.0,0.0,0.0,0.0,0.0,0.0,0.0,0.0,0.0,0.0,0.0,0.0
1.4666666666666666,0.0,0.0,0.0,0.0,0.0,0.0,0.0,0.0,0.0,0.0,0.0,0.0,0.0,0.0,0.0,0.0
1.4833333333333334,0.0,0.0,0.0,0.0,0.0,0.0,0.0,0.0,0.0,0.0,0.0,0.0,0.0,0.0,0.0,0.0
1.5,0.004680851,0.0,0.0,0.0,0.0,0.0,0.0,0.0,0.0,0.0,0.0,0.0,0.0,0.0,0.0,0.0
1.5166666666666666,0.004680851,0.0,0.0,0.0,0.0,0.0,0.0,0.0,0.0,0.0,0.0,0.0,0.0,0.0,0.0,0.0
1.5333333333333334,0.004680851,0.0,0.0,0.0,0.0,0.0,0.0,0.0,0.0,0.0,0.0,0.0,0.0,0.0,0.0,0.0
1.55,0.004680851,0.0,0.0,0.0,0.0,0.0,0.0,0.0,0.0,0.0,0.0,0.0,0.0,0.0,0.0,0.0
1.5666666666666669,0.004680851,0.0,0.0,0.0,0.0,0.0,0.0,0.0,0.0,0.0,0.0,0.0,0.0,0.0,0.0,0.0
1.5833333333333333,0.004680851,0.0,0.0,0.0,0.0,0.0,0.0,0.0,0.0,0.0,0.0,0.0,0.0,0.0,0.0,0.0
1.6,0.004680851,0.0,0.0,0.0,0.0,0.0,0.0,0.0,0.0,0.0,0.0,0.0,0.0,0.0,0.0,0.0
1.6166666666666667,0.004680851,0.0,0.0,0.0,0.0,0.0,0.0,0.0,0.0,0.0,0.0,0.0,0.0,0.0,0.0,0.0
1.6333333333333333,0.004680851,0.0,0.0,0.0,0.0,0.0,0.0,0.0,0.0,0.0,0.0,0.0,0.0,0.0,0.0,0.0
1.65,0.009361702,0.0,0.0,0.0,0.0,0.0,0.0,0.0,0.0,0.0,0.0,0.0,0.0,0.0,0.0,0.0
1.6666666666666667,0.009361702,0.0,0.0,0.0,0.0,0.0,0.0,0.0,0.0,0.0,0.0,0.0,0.0,0.0,0.0,0.0
1.6833333333333331,0.009361702,0.0,0.0,0.0,0.0,0.0,0.0,0.0,0.0,0.0,0.0,0.0,0.0,0.0,0.0,0.0
1.7,0.009361702,0.009575680014064622,0.009575680014064622,0.0,0.0,0.0,0.0,0.0,0.0,0.0,0.0,0.0,0.0,0.0,0.0,0.0
1.7166666666666666,0.009361702,0.011444402339656453,0.011444402339656453,0.0,0.0,0.0,0.0,0.0,0.0,0.0,0.0,0.0,0.0,0.0,0.0,0.0
1.7333333333333334,0.009361702,0.012658397723481233,0.012658397723481233,0.0,0.0,0.0,0.0,0.0,0.0,0.0,0.0,0.0,0.0,0.0,0.0,0.0
1.75,0.009361702,0.013564141457397351,0.013564141457397351,0.0,0.0,0.0,0.0,0.0,0.0,0.0,0.0,0.0,0.0,0.0,0.0,0.0
1.7666666666666666,0.009361702,0.014284320039087963,0.014284320039087963,0.0,0.0,0.0,0.0,0.0,0.0,0.0,0.0,0.0,0.0,0.0,0.0,0.0
1.7833333333333334,0.009361702,0.01487831092082434,0.01487831092082434,0.0,0.0,0.0,0.0,0.0,0.0,0.0,0.0,0.0,0.0,0.0,0.0,0.0
1.8,0.009361702,0.01537990827196843,0.01537990827196843,0.0,0.0,0.0,0.0,0.0,0.0,0.0,0.0,0.0,0.0,0.0,0.0,0.0
1.8166666666666669,0.009361702,0.015810401683427556,0.015810401683427556,0.0,0.0,0.0,0.0,0.0,0.0,0.0,0.0,0.0,0.0,0.0,0.0,0.0
1.8333333333333333,0.009361702,0.016184178153203683,0.016184178153203683,0.0,0.0,0.0,0.0,0.0,0.0,0.0,0.0,0.0,0.0,0.0,0.0,0.0
1.85,0.009361702,0.0165114747956885,0.0165114747956885,0.0,0.0,0.0,0.0,0.0,0.0,0.0,0.0,0.0,0.0,0.0,0.0,0.0
1.8666666666666667,0.0140425535,0.01679987008578006,0.01679987008578006,0.0,0.0,0.0,0.0,0.0,0.0,0.0,0.0,0.0,0.0,0.0,0.0,0.0
1.8833333333333333,0.0140425535,0.017055153186839533,0.017055153186839533,0.0,0.0,0.0,0.0,0.0,0.0,0.0,0.0,0.0,0.0,0.0,0.0,0.0
1.9,0.0140425535,0.017281860629295112,0.017281860629295112,0.0,0.0,0.0,0.0,0.0,0.0,0.0,0.0,0.0,0.0,0.0,0.0,0.0
1.9166666666666667,0.0140425535,0.01748362327390355,0.01748362327390355,0.0,0.0,0.0,0.0,0.0,0.0,0.0,0.0,0.0,0.0,0.0,0.0,0.0
1.9333333333333331,0.0140425535,0.017663399309474574,0.017663399309474574,0.0,0.0,0.0,0.0,0.0,0.0,0.0,0.0,0.0,0.0,0.0,0.0,0.0
1.95,0.0140425535,0.017823635783111122,0.017823635783111122,0.0,0.0,0.0,0.0,0.0,0.0,0.0,0.0,0.0,0.0,0.0,0.0,0.0
1.9666666666666663,0.0140425535,0.017966383661747406,0.017966383661747406,0.0,0.0,0.0,0.0,0.0,0.0,0.0,0.0,0.0,0.0,0.0,0.0,0.0
1.9833333333333332,0.0140425535,0.01809338173060458,0.01809338173060458,0.0,0.0,0.0,0.0,0.0,0.0,0.0,0.0,0.0,0.0,0.0,0.0,0.0
2.0,0.0140425535,0.018206119026599972,0.018206119026599972,0.0,0.0,0.0,0.0,0.0,0.0,0.0,0.0,0.0,0.0,0.0,0.0,0.0
2.0166666666666666,0.0140425535,0.018305882137253832,0.018305882137253832,0.0,0.0,0.0,0.0,0.0,0.0,0.0,0.0,0.0,0.0,0.0,0.0,0.0
2.033333333333333,0.0140425535,0.018393791606605897,0.018393791606605897,0.0,0.0,0.0,0.0,0.0,0.0,0.0,0.0,0.0,0.0,0.0,0.0,0.0
2.05,0.0140425535,0.018470830356216245,0.018470830356216245,0.0,0.0,0.0,0.0,0.0,0.0,0.0,0.0,0.0,0.0,0.0,0.0,0.0
2.066666666666667,0.018723404,0.01853786615640827,0.01853786615640827,0.0,0.0,0.0,0.0,0.0,0.0,0.0,0.0,0.0,0.0,0.0,0.0,0.0
2.083333333333333,0.018723404,0.018595669598442666,0.018595669598442666,0.0,0.0,0.0,0.0,0.0,0.0,0.0,0.0,0.0,0.0,0.0,0.0,0.0
2.1,0.018723404,0.018644928618974196,0.018644928618974196,0.0,0.0,0.0,0.0,0.0,0.0,0.0,0.0,0.0,0.0,0.0,0.0,0.0
2.1166666666666667,0.018723404,0.01868626035026421,0.01868626035026421,0.0,0.0,0.0,0.0,0.0,0.0,0.0,0.0,0.0,0.0,0.0,0.0,0.0
2.1333333333333333,0.018723404,0.01872022087302522,0.01872022087302522,0.0,0.0,0.0,0.0,0.0,0.0,0.0,0.0,0.0,0.0,0.0,0.0,0.0
2.15,0.018723404,0.018747313307562765,0.018747313307562765,0.0,0.0,0.0,0.0,0.0,0.0,0.0,0.0,0.0,0.0,0.0,0.0,0.0
2.1666666666666665,0.018723404,0.018767994576036204,0.018767994576036204,0.0,0.0,0.0,0.0,0.0,0.0,0.0,0.0,0.0,0.0,0.0,0.0,0.0
2.183333333333333,0.018723404,0.018782681092798962,0.018782681092798962,0.0,0.0,0.0,0.0,0.0,0.0,0.0,0.0,0.0,0.0,0.0,0.0,0.0
2.2,0.018723404,0.01879175358315927,0.01879175358315927,0.0,0.0,0.0,0.0,0.0,0.0,0.0,0.0,0.0,0.0,0.0,0.0,0.0
2.216666666666667,0.018723404,0.018795561188182916,0.018795561188182916,0.0,0.0,0.0,0.0,0.0,0.0,0.0,0.0,0.0,0.0,0.0,0.0,0.0
2.2333333333333334,0.018723404,0.018794424980599064,0.018794424980599064,0.0,0.0,0.0,0.0,0.0,0.0,0.0,0.0,0.0,0.0,0.0,0.0,0.0
2.25,0.018723404,0.018788640991820114,0.018788640991820114,0.0,0.0,0.0,0.0,0.0,0.0,0.0,0.0,0.0,0.0,0.0,0.0,0.0
2.2666666666666666,0.018723404,0.018778482830643786,0.018778482830643786,0.0,0.0,0.0,0.0,0.0,0.0,0.0,0.0,0.0,0.0,0.0,0.0,0.0
2.283333333333333,0.018723404,0.01876420395899124,0.01876420395899124,0.0,0.0,0.0,0.0,0.0,0.0,0.0,0.0,0.0,0.0,0.0,0.0,0.0
2.3,0.018723404,0.018746039678037285,0.018746039678037285,0.0,0.0,0.0,0.0,0.0,0.0,0.0,0.0,0.0,0.0,0.0,0.0,0.0
2.316666666666667,0.018723404,0.018724208868559276,0.018724208868559276,0.0,0.0,0.0,0.0,0.0,0.0,0.0,0.0,0.0,0.0,0.0,0.0,0.0
2.333333333333333,0.018723404,0.018698915521710525,0.018698915521710525,0.0,0.0,0.0,0.0,0.0,0.0,0.0,0.0,0.0,0.0,0.0,0.0,0.0
2.35,0.018723404,0.018670350090290503,0.018670350090290503,0.0,0.0,0.0,0.0,0.0,0.0,0.0,0.0,0.0,0.0,0.0,0.0,0.0
2.3666666666666667,0.018723404,0.018638690685617642,0.018638690685617642,0.0,0.0,0.0,0.0,0.0,0.0,0.0,0.0,0.0,0.0,0.0,0.0,0.0
2.3833333333333333,0.018723404,0.018604104141066048,0.018604104141066048,0.0,0.0,0.0,0.0,0.0,0.0,0.0,0.0,0.0,0.0,0.0,0.0,0.0
2.4,0.018723404,0.018566746960015607,0.018566746960015607,0.0,0.0,0.0,0.0,0.0,0.0,0.0,0.0,0.0,0.0,0.0,0.0,0.0
2.4166666666666665,0.0140425535,0.018526766163239446,0.018526766163239446,0.0,0.0,0.0,0.0,0.0,0.0,0.0,0.0,0.0,0.0,0.0,0.0,0.0
2.433333333333333,0.0140425535,0.018484300048498388,0.018484300048498388,0.0,0.0,0.0,0.0,0.0,0.0,0.0,0.0,0.0,0.0,0.0,0.0,0.0
2.45,0.0140425535,0.01843947887323883,0.01843947887323883,0.0,0.0,0.0,0.0,0.0,0.0,0.0,0.0,0.0,0.0,0.0,0.0,0.0
2.466666666666667,0.0140425535,0.01839242546972737,0.01839242546972737,0.0,0.0,0.0,0.0,0.0,0.0,0.0,0.0,0.0,0.0,0.0,0.0,0.0
2.4833333333333334,0.0140425535,0.01834325580064487,0.01834325580064487,0.0,0.0,0.0,0.0,0.0,0.0,0.0,0.0,0.0,0.0,0.0,0.0,0.0
2.5,0.0140425535,0.018292079462060414,0.018292079462060414,0.0,0.0,0.0,0.0,0.0,0.0,0.0,0.0,0.0,0.0,0.0,0.0,0.0
2.5166666666666666,0.0140425535,0.018239000139773656,0.018239000139773656,0.0,0.0,0.0,0.0,0.0,0.0,0.0,0.0,0.0,0.0,0.0,0.0,0.0
2.533333333333333,0.0140425535,0.01818411602422466,0.01818411602422466,0.0,0.0,0.0,0.0,0.0,0.0,0.0,0.0,0.0,0.0,0.0,0.0,0.0
2.55,0.0140425535,0.018127520188497934,0.018127520188497934,0.0,0.0,0.0,0.0,0.0,0.0,0.0,0.0,0.0,0.0,0.0,0.0,0.0
2.566666666666667,0.0140425535,0.0180693009333737,0.0180693009333737,0.0,0.0,0.0,0.0,0.0,0.0,0.0,0.0,0.0,0.0,0.0,0.0,0.0
2.583333333333333,0.0140425535,0.018009542102888066,0.018009542102888066,0.0,0.0,0.0,0.0,0.0,0.0,0.0,0.0,0.0,0.0,0.0,0.0,0.0
2.6,0.0140425535,0.017948323373441082,0.017948323373441082,0.0,0.0,0.0,0.0,0.0,0.0,0.0,0.0,0.0,0.0,0.0,0.0,0.0
2.6166666666666667,0.0140425535,0.017885720519128186,0.017885720519128186,0.0,0.0,0.0,0.0,0.0,0.0,0.0,0.0,0.0,0.0,0.0,0.0,0.0
2.6333333333333333,0.0140425535,0.01782180565565553,0.01782180565565553,0.0,0.0,0.0,0.0,0.0,0.0,0.0,0.0,0.0,0.0,0.0,0.0,0.0
2.65,0.0140425535,0.017756647464927326,0.017756647464927326,0.0,0.0,0.0,0.0,0.0,0.0,0.0,0.0,0.0,0.0,0.0,0.0,0.0
2.6666666666666665,0.0140425535,0.017690311402156256,0.017690311402156256,0.0,0.0,0.0,0.0,0.0,0.0,0.0,0.0,0.0,0.0,0.0,0.0,0.0
2.683333333333333,0.009361702,0.01762285988714166,0.01762285988714166,0.0,0.0,0.0,0.0,0.0,0.0,0.0,0.0,0.0,0.0,0.0,0.0,0.0
2.7,0.009361702,0.017554352481179876,0.017554352481179876,0.0,0.0,0.0,0.0,0.0,0.0,0.0,0.0,0.0,0.0,0.0,0.0,0.0
2.716666666666667,0.009361702,0.017484846050913123,0.017484846050913123,0.0,0.0,0.0,0.0,0.0,0.0,0.0,0.0,0.0,0.0,0.0,0.0,0.0
2.7333333333333334,0.009361702,0.017414394920285067,0.017414394920285067,0.0,0.0,0.0,0.0,0.0,0.0,0.0,0.0,0.0,0.0,0.0,0.0,0.0
2.75,0.009361702,0.01734305101164905,0.01734305101164905,0.0,0.0,0.0,0.0,0.0,0.0,0.0,0.0,0.0,0.0,0.0,0.0,0.0
2.7666666666666666,0.009361702,0.017270863976967823,0.017270863976967823,0.0,0.0,0.0,0.0,0.0,0.0,0.0,0.0,0.0,0.0,0.0,0.0,0.0
2.783333333333333,0.009361702,0.01719788131994855,0.01719788131994855,0.0,0.0,0.0,0.0,0.0,0.0,0.0,0.0,0.0,0.0,0.0,0.0,0.0
2.8,0.009361702,0.01712414850987309,0.01712414850987309,0.0,0.0,0.0,0.0,0.0,0.0,0.0,0.0,0.0,0.0,0.0,0.0,0.0
2.816666666666667,0.009361702,0.017049709087809006,0.017049709087809006,0.0,0.0,0.0,0.0,0.0,0.0,0.0,0.0,0.0,0.0,0.0,0.0,0.0
2.833333333333333,0.009361702,0.016974604765820592,0.016974604765820592,0.0,0.0,0.0,0.0,0.0,0.0,0.0,0.0,0.0,0.0,0.0,0.0,0.0
2.85,0.009361702,0.0168988755197403,0.0168988755197403,0.0,0.0,0.0,0.0,0.0,0.0,0.0,0.0,0.0,0.0,0.0,0.0,0.0
2.8666666666666667,0.009361702,0.01682255967600872,0.01682255967600872,0.0,0.0,0.0,0.0,0.0,0.0,0.0,0.0,0.0,0.0,0.0,0.0,0.0
2.8833333333333333,0.009361702,0.01674569399304383,0.01674569399304383,0.0,0.0,0.0,0.0,0.0,0.0,0.0,0.0,0.0,0.0,0.0,0.0,0.0
2.9,0.009361702,0.016668313737558883,0.016668313737558883,0.0,0.0,0.0,0.0,0.0,0.0,0.0,0.0,0.0,0.0,0.0,0.0,0.0
2.9166666666666665,0.009361702,0.016590452756210138,0.016590452756210138,0.0,0.0,0.0,0.0,0.0,0.0,0.0,0.0,0.0,0.0,0.0,0.0,0.0
2.933333333333333,0.009361702,0.016512143542922367,0.016512143542922367,0.0,0.0,0.0,0.0,0.0,0.0,0.0,0.0,0.0,0.0,0.0,0.0,0.0
2.95,0.009361702,0.01643341730220929,0.01643341730220929,0.0,0.0,0.0,0.0,0.0,0.0,0.0,0.0,0.0,0.0,0.0,0.0,0.0
2.966666666666667,0.009361702,0.016354304008779096,0.016354304008779096,0.0,0.0,0.0,0.0,0.0,0.0,0.0,0.0,0.0,0.0,0.0,0.0,0.0
2.9833333333333334,0.009361702,0.016274832463690304,0.016274832463690304,0.0,0.0,0.0,0.0,0.0,0.0,0.0,0.0,0.0,0.0,0.0,0.0,0.0
3.0,0.009361702,0.0161950303473013,0.0161950303473013,0.0,0.0,0.0,0.0,0.0,0.0,0.0,0.0,0.0,0.0,0.0,0.0,0.0
3.0166666666666666,0.009361702,0.016114924269236223,0.016114924269236223,0.0,0.0,0.0,0.0,0.0,0.0,0.0,0.0,0.0,0.0,0.0,0.0,0.0
3.033333333333333,0.004680851,0.01603453981557238,0.01603453981557238,0.0,0.0,0.0,0.0,0.0,0.0,0.0,0.0,0.0,0.0,0.0,0.0,0.0
3.05,0.004680851,0.015953901593437115,0.015953901593437115,0.0,0.0,0.0,0.0,0.0,0.0,0.0,0.0,0.0,0.0,0.0,0.0,0.0
3.066666666666667,0.004680851,0.015873033273187672,0.015873033273187672,0.0,0.0,0.0,0.0,0.0,0.0,0.0,0.0,0.0,0.0,0.0,0.0,0.0
3.083333333333333,0.004680851,0.01579195762833354,0.01579195762833354,0.0,0.0,0.0,0.0,0.0,0.0,0.0,0.0,0.0,0.0,0.0,0.0,0.0
3.1,0.004680851,0.015710696573348597,0.015710696573348597,0.0,0.0,0.0,0.0,0.0,0.0,0.0,0.0,0.0,0.0,0.0,0.0,0.0
3.1166666666666667,0.004680851,0.01562927119950896,0.01562927119950896,0.0,0.0,0.0,0.0,0.0,0.0,0.0,0.0,0.0,0.0,0.0,0.0,0.0
3.1333333333333333,0.004680851,0.015547701808882273,0.015547701808882273,0.0,0.0,0.0,0.0,0.0,0.0,0.0,0.0,0.0,0.0,0.0,0.0,0.0
3.15,0.004680851,0.015466007946584485,0.015466007946584485,0.0,0.0,0.0,0.0,0.0,0.0,0.0,0.0,0.0,0.0,0.0,0.0,0.0
3.1666666666666665,0.004680851,0.015384208431411962,0.015384208431411962,0.0,0.0,0.0,0.0,0.0,0.0,0.0,0.0,0.0,0.0,0.0,0.0,0.0
3.183333333333333,0.004680851,0.015302321384948487,0.015302321384948487,0.0,0.0,0.0,0.0,0.0,0.0,0.0,0.0,0.0,0.0,0.0,0.0,0.0
3.2,0.004680851,0.015220364259239741,0.015220364259239741,0.0,0.0,0.0,0.0,0.0,0.0,0.0,0.0,0.0,0.0,0.0,0.0,0.0
3.216666666666667,0.004680851,0.015138353863121288,0.015138353863121288,0.0,0.0,0.0,0.0,0.0,0.0,0.0,0.0,0.0,0.0,0.0,0.0,0.0
3.2333333333333334,0.004680851,0.015056306387279679,0.015056306387279679,0.0,0.0,0.0,0.0,0.0,0.0,0.0,0.0,0.0,0.0,0.0,0.0,0.0
3.25,0.0,0.014974237428121108,0.014974237428121108,0.0,0.0,0.0,0.0,0.0,0.0,0.0,0.0,0.0,0.0,0.0,0.0,0.0
3.2666666666666666,0.0,0.014892162010516736,0.014892162010516736,0.0,0.0,0.0,0.0,0.0,0.0,0.0,0.0,0.0,0.0,0.0,0.0,0.0
3.283333333333333,0.0,0.014810094609488927,0.014810094609488927,0.0,0.0,0.0,0.0,0.0,0.0,0.0,0.0,0.0,0.0,0.0,0.0,0.0
3.3,0.0,0.01472804917089862,0.01472804917089862,0.0,0.0,0.0,0.0,0.0,0.0,0.0,0.0,0.0,0.0,0.0,0.0,0.0
3.316666666666667,0.0,0.014646039131189705,0.014646039131189705,0.0,0.0,0.0,0.0,0.0,0.0,0.0,0.0,0.0,0.0,0.0,0.0,0.0
3.333333333333333,0.0,0.014564077436242832,0.014564077436242832,0.0,0.0,0.0,0.0,0.0,0.0,0.0,0.0,0.0,0.0,0.0,0.0,0.0
3.35,0.0,0.014482176559387404,0.014482176559387404,0.0,0.0,0.0,0.0,0.0,0.0,0.0,0.0,0.0,0.0,0.0,0.0,0.0
3.3666666666666667,0.0,0.01440034851861764,0.01440034851861764,0.0,0.0,0.0,0.0,0.0,0.0,0.0,0.0,0.0,0.0,0.0,0.0,0.0
3.3833333333333333,0.0,0.014318604893055269,0.014318604893055269,0.0,0.0,0.0,0.0,0.0,0.0,0.0,0.0,0.0,0.0,0.0,0.0,0.0
3.4,0.0,0.014236956838699149,0.014236956838699149,0.0,0.0,0.0,0.0,0.0,0.0,0.0,0.0,0.0,0.0,0.0,0.0,0.0
3.4166666666666665,0.0,0.014155415103499155,0.014155415103499155,0.0,0.0,0.0,0.0,0.0,0.0,0.0,0.0,0.0,0.0,0.0,0.0,0.0
3.433333333333333,0.0,0.014073990041789677,0.014073990041789677,0.0,0.0,0.0,0.0,0.0,0.0,0.0,0.0,0.0,0.0,0.0,0.0,0.0
3.45,0.0,0.013992691628115688,0.013992691628115688,0.0,0.0,0.0,0.0,0.0,0.0,0.0,0.0,0.0,0.0,0.0,0.0,0.0
3.466666666666667,0.0,0.01391152947048246,0.01391152947048246,0.0,0.0,0.0,0.0,0.0,0.0,0.0,0.0,0.0,0.0,0.0,0.0,0.0
3.4833333333333334,0.0,0.013830512823058003,0.013830512823058003,0.0,0.0,0.0,0.0,0.0,0.0,0.0,0.0,0.0,0.0,0.0,0.0,0.0
3.5,0.0,0.013749650598355725,0.013749650598355725,0.0,0.0,0.0,0.0,0.0,0.0,0.0,0.0,0.0,0.0,0.0,0.0,0.0
3.5166666666666666,0.0,0.013668951378923003,0.013668951378923003,0.0,0.0,0.0,0.0,0.0,0.0,0.0,0.0,0.0,0.0,0.0,0.0,0.0
3.533333333333333,0.0,0.01358842342855999,0.01358842342855999,0.0,0.0,0.0,0.0,0.0,0.0,0.0,0.0,0.0,0.0,0.0,0.0,0.0
3.55,0.004680851,0.013508074703091484,0.013508074703091484,0.0,0.0,0.0,0.0,0.0,0.0,0.0,0.0,0.0,0.0,0.0,0.0,0.0
3.566666666666667,0.004680851,0.013427912860713404,0.013427912860713404,0.0,0.0,0.0,0.0,0.0,0.0,0.0,0.0,0.0,0.0,0.0,0.0,0.0
3.583333333333333,0.004680851,0.013347945271934223,0.013347945271934223,0.0,0.0,0.0,0.0,0.0,0.0,0.0,0.0,0.0,0.0,0.0,0.0,0.0
3.6,0.004680851,0.01326817902913041,0.01326817902913041,0.0,0.0,0.0,0.0,0.0,0.0,0.0,0.0,0.0,0.0,0.0,0.0,0.0
3.6166666666666663,0.004680851,0.013188620955734143,0.013188620955734143,0.0,0.0,0.0,0.0,0.0,0.0,0.0,0.0,0.0,0.0,0.0,0.0,0.0
3.633333333333333,0.004680851,0.013109277615070188,0.013109277615070188,0.0,0.0,0.0,0.0,0.0,0.0,0.0,0.0,0.0,0.0,0.0,0.0,0.0
3.65,0.004680851,0.013030155318858242,0.013030155318858242,0.0,0.0,0.0,0.0,0.0,0.0,0.0,0.0,0.0,0.0,0.0,0.0,0.0
3.6666666666666665,0.004680851,0.012951260135395907,0.012951260135395907,0.0,0.0,0.0,0.0,0.0,0.0,0.0,0.0,0.0,0.0,0.0,0.0,0.0
3.683333333333333,0.004680851,0.012872597897436801,0.012872597897436801,0.0,0.0,0.0,0.0,0.0,0.0,0.0,0.0,0.0,0.0,0.0,0.0,0.0
3.7,0.004680851,0.012794174209777411,0.012794174209777411,0.0,0.0,0.0,0.0,0.0,0.0,0.0,0.0,0.0,0.0,0.0,0.0,0.0
3.716666666666667,0.004680851,0.01271599445656569,0.01271599445656569,0.0,0.0,0.0,0.0,0.0,0.0,0.0,0.0,0.0,0.0,0.0,0.0,0.0
3.733333333333333,0.004680851,0.012638063808343586,0.012638063808343586,0.0,0.0,0.0,0.0,0.0,0.0,0.0,0.0,0.0,0.0,0.0,0.0,0.0
3.75,0.009361702,0.012560387228835226,0.012560387228835226,0.0,0.0,0.0,0.0,0.0,0.0,0.0,0.0,0.0,0.0,0.0,0.0,0.0
3.7666666666666666,0.009361702,0.012482969481491659,0.012482969481491659,0.0,0.0,0.0,0.0,0.0,0.0,0.0,0.0,0.0,0.0,0.0,0.0,0.0
3.783333333333333,0.009361702,0.012405815135802686,0.012405815135802686,0.0,0.0,0.0,0.0,0.0,0.0,0.0,0.0,0.0,0.0,0.0,0.0,0.0
3.8,0.009361702,0.012328928573385666,0.012328928573385666,0.0,0.0,0.0,0.0,0.0,0.0,0.0,0.0,0.0,0.0,0.0,0.0,0.0
3.816666666666667,0.009361702,0.012252313993860748,0.012252313993860748,0.0,0.0,0.0,0.0,0.0,0.0,0.0,0.0,0.0,0.0,0.0,0.0,0.0
3.8333333333333335,0.009361702,0.012175975420521455,0.012175975420521455,0.0,0.0,0.0,0.0,0.0,0.0,0.0,0.0,0.0,0.0,0.0,0.0,0.0
3.85,0.009361702,0.012099916705809111,0.012099916705809111,0.0,0.0,0.0,0.0,0.0,0.0,0.0,0.0,0.0,0.0,0.0,0.0,0.0
3.8666666666666663,0.009361702,0.012024141536599245,0.012024141536599245,0.0,0.0,0.0,0.0,0.0,0.0,0.0,0.0,0.0,0.0,0.0,0.0,0.0
3.883333333333333,0.009361702,0.011948653439307604,0.011948653439307604,0.0,0.0,0.0,0.0,0.0,0.0,0.0,0.0,0.0,0.0,0.0,0.0,0.0
3.9,0.009361702,0.011873455784823182,0.011873455784823182,0.0,0.0,0.0,0.0,0.0,0.0,0.0,0.0,0.0,0.0,0.0,0.0,0.0
3.9166666666666665,0.009361702,0.011798551793275096,0.011798551793275096,0.0,0.0,0.0,0.0,0.0,0.0,0.0,0.0,0.0,0.0,0.0,0.0,0.0
3.933333333333333,0.009361702,0.011723944538640115,0.011723944538640115,0.0,0.0,0.0,0.0,0.0,0.0,0.0,0.0,0.0,0.0,0.0,0.0,0.0
3.95,0.0140425535,0.01164963695319699,0.01164963695319699,0.0,0.0,0.0,0.0,0.0,0.0,0.0,0.0,0.0,0.0,0.0,0.0,0.0
3.966666666666667,0.0140425535,0.011575631831833784,0.011575631831833784,0.0,0.0,0.0,0.0,0.0,0.0,0.0,0.0,0.0,0.0,0.0,0.0,0.0
3.983333333333333,0.0140425535,0.011501931836213748,0.011501931836213748,0.0,0.0,0.0,0.0,0.0,0.0,0.0,0.0,0.0,0.0,0.0,0.0,0.0
4.0,0.0140425535,0.011428539498805425,0.011428539498805425,0.0,0.0,0.0,0.0,0.0,0.0,0.0,0.0,0.0,0.0,0.0,0.0,0.0
4.016666666666667,0.0140425535,0.011355457226782113,0.011355457226782113,0.0,0.0,0.0,0.0,0.0,0.0,0.0,0.0,0.0,0.0,0.0,0.0,0.0
4.033333333333333,0.0140425535,0.011282687305795574,0.011282687305795574,0.0,0.0,0.0,0.0,0.0,0.0,0.0,0.0,0.0,0.0,0.0,0.0,0.0
4.05,0.0140425535,0.011210231903628996,0.011210231903628996,0.0,0.0,0.0,0.0,0.0,0.0,0.0,0.0,0.0,0.0,0.0,0.0,0.0
4.066666666666666,0.0140425535,0.011138093073733531,0.011138093073733531,0.0,0.0,0.0,0.0,0.0,0.0,0.0,0.0,0.0,0.0,0.0,0.0,0.0
4.083333333333333,0.0140425535,0.011066272758652882,0.011066272758652882,0.0,0.0,0.0,0.0,0.0,0.0,0.0,0.0,0.0,0.0,0.0,0.0,0.0
4.1,0.0140425535,0.012596627025340484,0.010994772793340053,0.0016018542320004301,0.0,0.0,0.0,0.0,0.0,0.0,0.0,0.0,0.0,0.0,0.0,0.0
4.116666666666666,0.0140425535,0.0137083738827858,0.010923594908370264,0.0027847789744155356,0.0,0.0,0.0,0.0,0.0,0.0,0.0,0.0,0.0,0.0,0.0,0.0
4.133333333333334,0.0140425535,0.01468784984354586,0.010852740733053772,0.003835109110492088,0.0,0.0,0.0,0.0,0.0,0.0,0.0,0.0,0.0,0.0,0.0,0.0
4.15,0.0140425535,0.015583295038488253,0.010782211798452325,0.004801083240035928,0.0,0.0,0.0,0.0,0.0,0.0,0.0,0.0,0.0,0.0,0.0,0.0
4.166666666666667,0.0140425535,0.01641630357796857,0.010712009540302643,0.005704294037665926,0.0,0.0,0.0,0.0,0.0,0.0,0.0,0.0,0.0,0.0,0.0,0.0
4.183333333333334,0.0140425535,0.017199163787078357,0.010642135301850313,0.006557028485228045,0.0,0.0,0.0,0.0,0.0,0.0,0.0,0.0,0.0,0.0,0.0,0.0
4.2,0.0140425535,0.017939820871054717,0.01057259033659726,0.007367230534457455,0.0,0.0,0.0,0.0,0.0,0.0,0.0,0.0,0.0,0.0,0.0,0.0
4.216666666666667,0.018723404,0.018643846080074942,0.0105033758109659,0.008140469288859068,9.802499745406422e-10,0.0,0.0,0.0,0.0,0.0,0.0,0.0,0.0,0.0,0.0,0.0
4.233333333333333,0.0140425535,0.019315456366481545,0.010434492806882812,0.008880875293889263,8.826570946572648e-08,0.0,0.0,0.0,0.0,0.0,0.0,0.0,0.0,0.0,0.0,0.0
4.25,0.018723404,0.019958708863859424,0.010365942324284835,0.00959164238929674,1.1241502778481844e-06,0.0,0.0,0.0,0.0,0.0,0.0,0.0,0.0,0.0,0.0,0.0
4.266666666666667,0.018723404,0.020579474062134482,0.010297725283550243,0.010275320638592676,6.4281399915631975e-06,0.0,0.0,0.0,0.0,0.0,0.0,0.0,0.0,0.0,0.0,0.0
4.283333333333333,0.018723404,0.021187543302934098,0.010229842527857563,0.010933998666224564,2.370210885197108e-05,0.0,0.0,0.0,0.0,0.0,0.0,0.0,0.0,0.0,0.0,0.0
4.3,0.018723404,0.021797932761037163,0.01016229482547453,0.011569423020844915,6.621491471771947e-05,0.0,0.0,0.0,0.0,0.0,0.0,0.0,0.0,0.0,0.0,0.0
4.316666666666666,0.018723404,0.02243090006859134,0.010095082871979588,0.012183079554207062,0.0001527376424046906,0.0,0.0,0.0,0.0,0.0,0.0,0.0,0.0,0.0,0.0,0.0
4.333333333333333,0.018723404,0.023110693154275202,0.010028207292418151,0.012776250793450806,0.0003062350684062448,0.0,0.0,0.0,0.0,0.0,0.0,0.0,0.0,0.0,0.0,0.0
4.35,0.018723404,0.023863377258098974,0.009961668643395906,0.013350057542321539,0.0005516510723815272,0.0,0.0,0.0,0.0,0.0,0.0,0.0,0.0,0.0,0.0,0.0
4.366666666666666,0.018723404,0.02471421780956144,0.009895467415111143,0.01390548977812505,0.0009132606163252443,0.0,0.0,0.0,0.0,0.0,0.0,0.0,0.0,0.0,0.0,0.0
4.383333333333334,0.018723404,0.025685083626671244,0.00982960403332829,0.014443430077923895,0.0014120495154190558,0.0,0.0,0.0,0.0,0.0,0.0,0.0,0.0,0.0,0.0,0.0
4.4,0.018723404,0.02679223743884406,0.009764078861294465,0.014964671703354237,0.0020634868741953552,0.0,0.0,0.0,0.0,0.0,0.0,0.0,0.0,0.0,0.0,0.0
4.416666666666667,0.018723404,0.028044749576551044,0.009698892201600945,0.015469932785085839,0.0028759245898642588,0.0,0.0,0.0,0.0,0.0,0.0,0.0,0.0,0.0,0.0,0.0
4.433333333333334,0.018723404,0.02944364051830811,0.00963404429799142,0.0159598676056934,0.00384972861462329,0.0,0.0,0.0,0.0,0.0,0.0,0.0,0.0,0.0,0.0,0.0
4.45,0.018723404,0.030981748810388135,0.00956953533711866,0.016435075687961802,0.004977137785307673,0.0,0.0,0.0,0.0,0.0,0.0,0.0,0.0,0.0,0.0,0.0
4.466666666666667,0.018723404,0.0326442412844572,0.009505365450251336,0.016896109198626563,0.006242766635579299,0.0,0.0,0.0,0.0,0.0,0.0,0.0,0.0,0.0,0.0,0.0
4.483333333333333,0.018723404,0.03440963342955569,0.009441534714932538,0.017343479041690615,0.007624619672932542,0.0,0.0,0.0,0.0,0.0,0.0,0.0,0.0,0.0,0.0,0.0
4.5,0.018723404,0.03625116564946785,0.009378043156591577,0.017777659919997486,0.009095462572878786,0.0,0.0,0.0,0.0,0.0,0.0,0.0,0.0,0.0,0.0,0.0
4.516666666666667,0.018723404,0.03813838023474622,0.009314890750110492,0.01819909457551831,0.01062439490911742,0.0,0.0,0.0,0.0,0.0,0.0,0.0,0.0,0.0,0.0,0.0
4.533333333333333,0.018723404,0.040038757948991734,0.009252077421346788,0.01860819736929833,0.012178483158346614,0.0,0.0,0.0,0.0,0.0,0.0,0.0,0.0,0.0,0.0,0.0
4.55,0.018723404,0.04191929636812673,0.009189603048613666,0.019005357325566737,0.013724335993946332,0.0,0.0,0.0,0.0,0.0,0.0,0.0,0.0,0.0,0.0,0.0
4.566666666666666,0.018723404,0.04374793967281959,0.009127467464119144,0.019390940737344927,0.015229531471355523,0.0,0.0,0.0,0.0,0.0,0.0,0.0,0.0,0.0,0.0,0.0
4.583333333333333,0.018723404,0.04549479777240062,0.009065670455365334,0.019765293410391984,0.0166638339066433,0.0,0.0,0.0,0.0,0.0,0.0,0.0,0.0,0.0,0.0,0.0
4.6,0.018723404,0.047133118848714274,0.009004211766509071,0.020128742606693385,0.018000164475511816,0.0,0.0,0.0,0.0,0.0,0.0,0.0,0.0,0.0,0.0,0.0
4.616666666666666,0.018723404,0.048640002051414125,0.008943091099685122,0.020481598736655275,0.019215312215073724,0.0,0.0,0.0,0.0,0.0,0.0,0.0,0.0,0.0,0.0,0.0
4.633333333333334,0.023404256,0.049996855352854405,0.008882308116293102,0.020824156839800188,0.020290390396761115,0.0,0.0,0.0,0.0,0.0,0.0,0.0,0.0,0.0,0.0,0.0
4.65,0.018723404,0.051189617284606526,0.008821862438249195,0.02115669788641179,0.02121105695994554,0.0,0.0,0.0,0.0,0.0,0.0,0.0,0.0,0.0,0.0,0.0
4.666666666666667,0.018723404,0.05220877065292552,0.008761753649203723,0.021479489926764718,0.021967527076957077,0.0,0.0,0.0,0.0,0.0,0.0,0.0,0.0,0.0,0.0,0.0
4.683333333333334,0.023404256,0.05304918185627655,0.00870198129572566,0.021792789109943114,0.022554411450607773,0.0,0.0,0.0,0.0,0.0,0.0,0.0,0.0,0.0,0.0,0.0
4.7,0.023404256,0.053709801733947016,0.008642544888455,0.022096840590533885,0.022970416254958135,0.0,0.0,0.0,0.0,0.0,0.0,0.0,0.0,0.0,0.0,0.0
4.716666666666667,0.023404256,0.05419326363776136,0.00858344390322398,0.022391879338475765,0.023217940396061617,0.0,0.0,0.0,0.0,0.0,0.0,0.0,0.0,0.0,0.0,0.0
4.733333333333333,0.023404256,0.054505412297820674,0.008524677782148073,0.022678130864902064,0.02330260365077054,0.0,0.0,0.0,0.0,0.0,0.0,0.0,0.0,0.0,0.0,0.0
4.75,0.023404256,0.05465479364666744,0.008466245934687642,0.0229558118748159,0.023232735837163898,0.0,0.0,0.0,0.0,0.0,0.0,0.0,0.0,0.0,0.0,0.0
4.766666666666667,0.023404256,0.054652131589202554,0.008408147738681118,0.023225130855792354,0.023018852994729087,0.0,0.0,0.0,0.0,0.0,0.0,0.0,0.0,0.0,0.0,0.0
4.783333333333333,0.023404256,0.05450981317945093,0.008350382541350522,0.02348628861054165,0.02267314202755876,0.0,0.0,0.0,0.0,0.0,0.0,0.0,0.0,0.0,0.0,0.0
4.8,0.023404256,0.05424139911785865,0.00829294966028015,0.02373947874003692,0.02220897071754158,0.0,0.0,0.0,0.0,0.0,0.0,0.0,0.0,0.0,0.0,0.0
4.816666666666666,0.023404256,0.05386117215533347,0.008235848384369195,0.023984888082965564,0.021640435687998706,0.0,0.0,0.0,0.0,0.0,0.0,0.0,0.0,0.0,0.0,0.0
4.833333333333333,0.018723404,0.053383732047291146,0.008179077974759053,0.024222697116470977,0.020981956956061112,0.0,0.0,0.0,0.0,0.0,0.0,0.0,0.0,0.0,0.0,0.0
4.85,0.018723404,0.05282364224273084,0.008122637665736026,0.02445308032248326,0.02024792425451155,0.0,0.0,0.0,0.0,0.0,0.0,0.0,0.0,0.0,0.0,0.0
4.866666666666666,0.018723404,0.05219513056810795,0.008066526665610163,0.024676206523372886,0.0194523973791249,0.0,0.0,0.0,0.0,0.0,0.0,0.0,0.0,0.0,0.0,0.0
4.883333333333334,0.018723404,0.05151184378178679,0.008010744157570863,0.024892239190180968,0.018608860434034962,0.0,0.0,0.0,0.0,0.0,0.0,0.0,0.0,0.0,0.0,0.0
4.9,0.018723404,0.050786654011151414,0.007955289300519966,0.025101336726270254,0.01773002798436119,0.0,0.0,0.0,0.0,0.0,0.0,0.0,0.0,0.0,0.0,0.0
4.916666666666667,0.018723404,0.05003151370003489,0.007900161229882872,0.025303652728891273,0.01682769974126075,0.0,0.0,0.0,0.0,0.0,0.0,0.0,0.0,0.0,0.0,0.0
4.933333333333334,0.018723404,0.04925735473563507,0.00784535905839842,0.025499336230856397,0.01591265944638025,0.0,0.0,0.0,0.0,0.0,0.0,0.0,0.0,0.0,0.0,0.0
4.95,0.018723404,0.04847402683190956,0.007790881876888014,0.0256885319242561,0.014994613030765443,0.0,0.0,0.0,0.0,0.0,0.0,0.0,0.0,0.0,0.0,0.0
4.966666666666667,0.018723404,0.047690269959399845,0.0077367287550046395,0.02587138036792728,0.014082160836467924,0.0,0.0,0.0,0.0,0.0,0.0,0.0,0.0,0.0,0.0,0.0
4.983333333333333,0.018723404,0.04691371557015531,0.0076828987419623115,0.026048018180189498,0.01318279864800349,0.0,0.0,0.0,0.0,0.0,0.0,0.0,0.0,0.0,0.0,0.0
5.0,0.018723404,0.04615091151572398,0.0076293908672464715,0.026218578218196065,0.012302942430281448,0.0,0.0,0.0,0.0,0.0,0.0,0.0,0.0,0.0,0.0,0.0
5.016666666666667,0.018723404,0.04540736584648107,0.007576204141305902,0.02638318974509983,0.011447971960075343,0.0,0.0,0.0,0.0,0.0,0.0,0.0,0.0,0.0,0.0,0.0
5.033333333333333,0.018723404,0.044687605068708704,0.007523337556226601,0.02654197858610467,0.010622288926377435,0.0,0.0,0.0,0.0,0.0,0.0,0.0,0.0,0.0,0.0,0.0
5.05,0.018723404,0.04399524288530287,0.007470790086388193,0.02669506727436105,0.009829385524553626,0.0,0.0,0.0,0.0,0.0,0.0,0.0,0.0,0.0,0.0,0.0
5.066666666666666,0.018723404,0.043333055926736155,0.0074185606891032495,0.02684257518756498,0.00907192005006793,0.0,0.0,0.0,0.0,0.0,0.0,0.0,0.0,0.0,0.0,0.0
5.083333333333333,0.0140425535,0.04270306346702491,0.007366648305240088,0.026984618676032072,0.00835179648575275,0.0,0.0,0.0,0.0,0.0,0.0,0.0,0.0,0.0,0.0,0.0
5.1,0.0140425535,0.04210660859652672,0.0073150518598293955,0.027121311182941952,0.0076702455537553775,0.0,0.0,0.0,0.0,0.0,0.0,0.0,0.0,0.0,0.0,0.0
5.116666666666666,0.0140425535,0.041544438775882965,0.007263770262655193,0.02725276335737949,0.007027905155848279,0.0,0.0,0.0,0.0,0.0,0.0,0.0,0.0,0.0,0.0,0.0
5.133333333333334,0.0140425535,0.041016784113931705,0.007212802408830489,0.027379083160739365,0.0064248985443618525,0.0,0.0,0.0,0.0,0.0,0.0,0.0,0.0,0.0,0.0,0.0
5.15,0.0140425535,0.04052343209103412,0.007162147179358112,0.02750037596700634,0.005860908944669672,0.0,0.0,0.0,0.0,0.0,0.0,0.0,0.0,0.0,0.0,0.0
5.166666666666667,0.0140425535,0.04006379778488281,0.007111803441677013,0.0276167446573764,0.005335249685829403,0.0,0.0,0.0,0.0,0.0,0.0,0.0,0.0,0.0,0.0,0.0
5.183333333333334,0.0140425535,0.039636988947628744,0.007061770050194522,0.027728289709640547,0.004846929187793679,0.0,0.0,0.0,0.0,0.0,0.0,0.0,0.0,0.0,0.0,0.0
5.2,0.0140425535,0.03924186553189797,0.007012045846804869,0.027835109282715487,0.0043947104023776135,0.0,0.0,0.0,0.0,0.0,0.0,0.0,0.0,0.0,0.0,0.0
5.216666666666667,0.0140425535,0.03887709347104744,0.006962629661394336,0.027937299296671093,0.003977164512982009,0.0,0.0,0.0,0.0,0.0,0.0,0.0,0.0,0.0,0.0,0.0
5.233333333333333,0.009361702,0.03854119268875799,0.006913520312333427,0.028034953508573816,0.0035927188678507456,0.0,0.0,0.0,0.0,0.0,0.0,0.0,0.0,0.0,0.0,0.0
5.25,0.009361702,0.03823257944825536,0.006864716606956342,0.028128163584438114,0.0032396992568609045,0.0,0.0,0.0,0.0,0.0,0.0,0.0,0.0,0.0,0.0,0.0
5.266666666666667,0.009361702,0.037949603255841645,0.0068162173420281275,0.02821701916755251,0.0029163667462610105,0.0,0.0,0.0,0.0,0.0,0.0,0.0,0.0,0.0,0.0,0.0
5.283333333333333,0.009361702,0.03769057861085546,0.006768021304199806,0.028301607943425393,0.002620949363230264,0.0,0.0,0.0,0.0,0.0,0.0,0.0,0.0,0.0,0.0,0.0
5.3,0.009361702,0.03745381194843437,0.006720127270451788,0.028382015701574947,0.002351668976407637,0.0,0.0,0.0,0.0,0.0,0.0,0.0,0.0,0.0,0.0,0.0
5.316666666666666,0.009361702,0.03723762415613234,0.0066725340085258935,0.028458326394369484,0.0021067637532369643,0.0,0.0,0.0,0.0,0.0,0.0,0.0,0.0,0.0,0.0,0.0
5.333333333333333,0.009361702,0.037040369063900486,0.006625240277346241,0.02853062219310828,0.0018845065934459655,0.0,0.0,0.0,0.0,0.0,0.0,0.0,0.0,0.0,0.0,0.0
5.35,0.009361702,0.036860448312224806,0.0065782448274293226,0.028598983541517502,0.001683219943277986,0.0,0.0,0.0,0.0,0.0,0.0,0.0,0.0,0.0,0.0,0.0
5.366666666666666,0.009361702,0.03669632299806432,0.006531546401283512,0.0286634892068228,0.001501287389958013,0.0,0.0,0.0,0.0,0.0,0.0,0.0,0.0,0.0,0.0,0.0
5.383333333333334,0.009361702,0.03654652248504644,0.006485143733798304,0.02872421632854727,0.0013371624227008644,0.0,0.0,0.0,0.0,0.0,0.0,0.0,0.0,0.0,0.0,0.0
5.4,0.004680851,0.036409650745233585,0.006439035552623529,0.0287812404651727,0.001189374727437359,0.0,0.0,0.0,0.0,0.0,0.0,0.0,0.0,0.0,0.0,0.0
5.416666666666667,0.004680851,0.03628439057644055,0.006393220578538772,0.028834635638791305,0.0010565343591104669,0.0,0.0,0.0,0.0,0.0,0.0,0.0,0.0,0.0,0.0,0.0
5.433333333333334,0.004680851,0.036169506013037284,0.0063476975258133115,0.02888447437786623,0.000937334109357741,0.0,0.0,0.0,0.0,0.0,0.0,0.0,0.0,0.0,0.0,0.0
5.45,0.004680851,0.03606384322062942,0.006302465102556739,0.028930827758210063,0.0008305503598626184,0.0,0.0,0.0,0.0,0.0,0.0,0.0,0.0,0.0,0.0,0.0
5.466666666666667,0.004680851,0.035966330136949984,0.00625752201106055,0.028973765442283306,0.0007350426836061307,0.0,0.0,0.0,0.0,0.0,0.0,0.0,0.0,0.0,0.0,0.0
5.483333333333333,0.004680851,0.03587597509349001,0.006212866948130894,0.02901335571690707,0.0006497524284520504,0.0,0.0,0.0,0.0,0.0,0.0,0.0,0.0,0.0,0.0,0.0
5.5,0.004680851,0.03579186462543405,0.006168498605412743,0.029049665529477894,0.0005737004905434181,0.0,0.0,0.0,0.0,0.0,0.0,0.0,0.0,0.0,0.0,0.0
5.516666666666667,0.004680851,0.035713160651784565,0.006124415669705651,0.02908276052276673,0.0005059844593121849,0.0,0.0,0.0,0.0,0.0,0.0,0.0,0.0,0.0,0.0,0.0
5.533333333333333,0.004680851,0.03563909718346152,0.006080616823271341,0.029112705068378125,0.00044577529181205253,0.0,0.0,0.0,0.0,0.0,0.0,0.0,0.0,0.0,0.0,0.0
5.55,0.004680851,0.03556897669484932,0.0060371007441333115,0.02913956229894093,0.0003923136517750747,0.0,0.0,0.0,0.0,0.0,0.0,0.0,0.0,0.0,0.0,0.0
5.566666666666666,0.0,0.03550216627384074,0.005993866106368666,0.029163394139096917,0.0003449060283751617,0.0,0.0,0.0,0.0,0.0,0.0,0.0,0.0,0.0,0.0,0.0
5.583333333333333,0.0,0.03543809364693746,0.005950911580392351,0.029184261335349508,0.00030292073119560394,0.0,0.0,0.0,0.0,0.0,0.0,0.0,0.0,0.0,0.0,0.0
5.6,0.0,0.03537624315939252,0.005908235833233985,0.029202223484830547,0.00026578384132799004,0.0,0.0,0.0,0.0,0.0,0.0,0.0,0.0,0.0,0.0,0.0
5.616666666666666,0.0,0.03531615177566636,0.0058658375288074775,0.029217339063039624,0.00023297518381925947,0.0,0.0,0.0,0.0,0.0,0.0,0.0,0.0,0.0,0.0,0.0
5.633333333333334,0.0,0.03525740515252506,0.0058237153281735935,0.02922966545060693,0.0002040243737445395,0.0,0.0,0.0,0.0,0.0,0.0,0.0,0.0,0.0,0.0,0.0
5.65,0.0,0.03519963382583004,0.00578186788979566,0.029239258959127306,0.00017850697690707372,0.0,0.0,0.0,0.0,0.0,0.0,0.0,0.0,0.0,0.0,0.0
5.666666666666667,0.0,0.035142509542329364,0.005740293869788546,0.029246174856110432,0.0001560408164303856,0.0,0.0,0.0,0.0,0.0,0.0,0.0,0.0,0.0,0.0,0.0
5.683333333333334,0.0,0.035085741759432514,0.00569899192216112,0.02925046738908924,0.000136282448182156,0.0,0.0,0.0,0.0,0.0,0.0,0.0,0.0,0.0,0.0,0.0
5.7,0.0,0.03502907432889979,0.0056579606990523204,0.029252189808926098,0.00011892382092137047,0.0,0.0,0.0,0.0,0.0,0.0,0.0,0.0,0.0,0.0,0.0
5.716666666666667,0.0,0.03497228237447426,0.005617198850960986,0.029251394392354097,0.00010368913115917521,0.0,0.0,0.0,0.0,0.0,0.0,0.0,0.0,0.0,0.0,0.0
5.733333333333333,0.0,0.0349151693686002,0.005576705026969616,0.029248132463788372,9.033187784221548e-05,0.0,0.0,0.0,0.0,0.0,0.0,0.0,0.0,0.0,0.0,0.0
5.75,0.0,0.034857564409386824,0.005536477874962219,0.02924245441644052,7.863211798408732e-05,0.0,0.0,0.0,0.0,0.0,0.0,0.0,0.0,0.0,0.0,0.0
5.766666666666667,0.0,0.03479931969577602,0.005496516041836331,0.029234409732767277,6.83939211724135e-05,0.0,0.0,0.0,0.0,0.0,0.0,0.0,0.0,0.0,0.0,0.0
5.783333333333333,0.0,0.0347403081963531,0.0054568181737094205,0.02922404700428271,5.944301836097467e-05,0.0,0.0,0.0,0.0,0.0,0.0,0.0,0.0,0.0,0.0,0.0
5.8,0.0,0.03468042150530365,0.005417382916119763,0.029211413950761742,5.1624638422144434e-05,0.0,0.0,0.0,0.0,0.0,0.0,0.0,0.0,0.0,0.0,0.0
5.816666666666666,-0.004680851,0.03461956787758058,0.005378208914221933,0.029196557438861057,4.4801524497593286e-05,0.0,0.0,0.0,0.0,0.0,0.0,0.0,0.0,0.0,0.0,0.0
5.833333333333333,-0.004680851,0.03455767043432602,0.0053392948129770594,0.02917952350018224,3.885212116671268e-05,0.0,0.0,0.0,0.0,0.0,0.0,0.0,0.0,0.0,0.0,0.0
5.85,-0.004680851,0.034494665528921414,0.005300639257337926,0.029160357348800472,3.366892278302002e-05,0.0,0.0,0.0,0.0,0.0,0.0,0.0,0.0,0.0,0.0,0.0
5.866666666666666,-0.004680851,0.034430501263657654,0.005262240892429086,0.02913910339828089,2.9156972947676442e-05,0.0,0.0,0.0,0.0,0.0,0.0,0.0,0.0,0.0,0.0,0.0
5.883333333333334,-0.004680851,0.034365136146868376,0.005224098363722087,0.029115805278203687,2.523250494259838e-05,0.0,0.0,0.0,0.0,0.0,0.0,0.0,0.0,0.0,0.0,0.0
5.9,-0.004680851,0.03429853788041058,0.00518621031720592,0.02909050585021769,2.1821712986974213e-05,0.0,0.0,0.0,0.0,0.0,0.0,0.0,0.0,0.0,0.0,0.0
5.916666666666667,-0.004680851,0.03423068226756444,0.005148575399552813,0.029063247223641335,1.8859644370290904e-05,0.0,0.0,0.0,0.0,0.0,0.0,0.0,0.0,0.0,0.0,0.0
5.933333333333334,-0.004680851,0.034161552231726386,0.005111192258279481,0.02903407077062883,1.6289202818076115e-05,0.0,0.0,0.0,0.0,0.0,0.0,0.0,0.0,0.0,0.0,0.0
5.95,-0.004680851,0.03409113693665702,0.005074059541903925,0.029003017140918536,1.4060253834552326e-05,0.0,0.0,0.0,0.0,0.0,0.0,0.0,0.0,0.0,0.0,0.0
5.966666666666667,-0.004680851,0.03401943099949259,0.005037175900097913,0.028970126276179616,1.212882321505747e-05,0.0,0.0,0.0,0.0,0.0,0.0,0.0,0.0,0.0,0.0,0.0
5.983333333333333,-0.004680851,0.033946433788217725,0.005000539983835213,0.028935437423972237,1.0456380410279574e-05,0.0,0.0,0.0,0.0,0.0,0.0,0.0,0.0,0.0,0.0,0.0
6.0,-0.009361702,0.03387214879580922,0.0049641504455357035,0.02889898915133595,9.009198937566242e-06,0.0,0.0,0.0,0.0,0.0,0.0,0.0,0.0,0.0,0.0,0.0
6.016666666666667,-0.009361702,0.03379658308378388,0.004928005939205438,0.02886081935802003,7.757786558413944e-06,0.0,0.0,0.0,0.0,0.0,0.0,0.0,0.0,0.0,0.0,0.0
6.033333333333333,-0.009361702,0.03371974678840668,0.00489210512057278,0.02882096528936889,6.676378465014916e-06,0.0,0.0,0.0,0.0,0.0,0.0,0.0,0.0,0.0,0.0,0.0
6.05,-0.004680851,0.033641652683330005,0.004856446647220676,0.028779463548875273,5.7424872340539794e-06,0.0,0.0,0.0,0.0,0.0,0.0,0.0,0.0,0.0,0.0,0.0
6.066666666666666,-0.004680851,0.03356231579293458,0.004821029178715185,0.028736350110413037,4.936503806361669e-06,0.0,0.0,0.0,0.0,0.0,0.0,0.0,0.0,0.0,0.0,0.0
6.083333333333333,-0.004680851,0.033481753051122956,0.0047858513767303264,0.02869166033016088,4.241344231751498e-06,0.0,0.0,0.0,0.0,0.0,0.0,0.0,0.0,0.0,0.0,0.0
6.1,-0.004680851,0.033399983000773424,0.004750911905169345,0.0286454289582281,3.6421373759738723e-06,0.0,0.0,0.0,0.0,0.0,0.0,0.0,0.0,0.0,0.0,0.0
6.116666666666666,-0.004680851,0.03331702552949389,0.004716209430282481,0.028597690149992496,3.1259492189151425e-06,0.0,0.0,0.0,0.0,0.0,0.0,0.0,0.0,0.0,0.0,0.0
6.133333333333334,-0.009361702,0.03323290163772034,0.004681742620781313,0.02854847747716044,2.6815397785904706e-06,0.0,0.0,0.0,0.0,0.0,0.0,0.0,0.0,0.0,0.0,0.0
6.15,-0.009361702,0.03314763323558179,0.004647510147949774,0.02849782393855852,2.299149073498925e-06,0.0,0.0,0.0,0.0,0.0,0.0,0.0,0.0,0.0,0.0,0.0
6.166666666666667,-0.009361702,0.033061242965304306,0.004613510685751885,0.028445761970665926,1.970308886498864e-06,0.0,0.0,0.0,0.0,0.0,0.0,0.0,0.0,0.0,0.0,0.0
6.183333333333334,-0.009361702,0.03297375404624915,0.0045797429109363285,0.02839232345789587,1.6876774169521688e-06,0.0,0.0,0.0,0.0,0.0,0.0,0.0,0.0,0.0,0.0,0.0
6.2,-0.009361702,0.03288519013997794,0.0045462055031378875,0.02833753974263479,1.4448942052585273e-06,0.0,0.0,0.0,0.0,0.0,0.0,0.0,0.0,0.0,0.0,0.0
6.216666666666667,-0.009361702,0.03279557523300868,0.004512897144975867,0.02828144163504671,1.2364529861017416e-06,0.0,0.0,0.0,0.0,0.0,0.0,0.0,0.0,0.0,0.0,0.0
6.233333333333333,-0.009361702,0.03270493353517533,0.004479816522149525,0.028224059422650827,1.05759037498631e-06,0.0,0.0,0.0,0.0,0.0,0.0,0.0,0.0,0.0,0.0,0.0
6.25,-0.009361702,0.03261328939172799,0.004446962323530628,0.02816542287967905,9.041885183053407e-07,0.0,0.0,0.0,0.0,0.0,0.0,0.0,0.0,0.0,0.0,0.0
6.266666666666667,-0.009361702,0.032520667207515765,0.004414333241253147,0.028105561276220943,7.726900416739048e-07,0.0,0.0,0.0,0.0,0.0,0.0,0.0,0.0,0.0,0.0,0.0
6.283333333333333,-0.009361702,0.03242709138177855,0.004381927970800218,0.028044503387162297,6.600238160393449e-07,0.0,0.0,0.0,0.0,0.0,0.0,0.0,0.0,0.0,0.0,0.0
6.3,-0.009361702,0.032332586252239955,0.0043497452110883746,0.027982277500923986,5.635402275961857e-07,0.0,0.0,0.0,0.0,0.0,0.0,0.0,0.0,0.0,0.0,0.0
6.316666666666666,-0.009361702,0.03223717604734344,0.0043177836645491565,0.02791891142800707,4.809547872172254e-07,0.0,0.0,0.0,0.0,0.0,0.0,0.0,0.0,0.0,0.0,0.0
6.333333333333333,-0.009361702,0.03214088484560754,0.004286042037208128,0.027854432509350064,4.102990493492272e-07,0.0,0.0,0.0,0.0,0.0,0.0,0.0,0.0,0.0,0.0,0.0
6.35,-0.004680851,0.032043736541195904,0.004254519038761396,0.02778886762450407,3.498779304390546e-07,0.0,0.0,0.0,0.0,0.0,0.0,0.0,0.0,0.0,0.0,0.0
6.366666666666666,-0.004680851,0.0319457548149049,0.0042232133826496454,0.027722243199631038,2.9823262421470346e-07,0.0,0.0,0.0,0.0,0.0,0.0,0.0,0.0,0.0,0.0,0.0
6.383333333333334,-0.004680851,0.03184696310986706,0.004192123786129786,0.027654585215330537,2.5410840673247823e-07,0.0,0.0,0.0,0.0,0.0,0.0,0.0,0.0,0.0,0.0,0.0
6.4,-0.004680851,0.03174738461135321,0.00416124897034426,0.027585919214299825,2.1642670912707817e-07,0.0,0.0,0.0,0.0,0.0,0.0,0.0,0.0,0.0,0.0,0.0
6.416666666666667,-0.004680851,0.031647042230131775,0.004130587660388026,0.027516270308832257,1.8426091149750716e-07,0.0,0.0,0.0,0.0,0.0,0.0,0.0,0.0,0.0,0.0,0.0
6.433333333333334,-0.004680851,0.03154595858891003,0.004100138585373336,0.027445663188158415,1.5681537828295507e-07,0.0,0.0,0.0,0.0,0.0,0.0,0.0,0.0,0.0,0.0,0.0
6.45,-0.004680851,0.03144415601144167,0.0040699004784923104,0.027374122125634646,1.334073147067464e-07,0.0,0.0,0.0,0.0,0.0,0.0,0.0,0.0,0.0,0.0,0.0
6.466666666666667,-0.004680851,0.031341656513936625,0.004039872077077372,0.027301670985783056,1.1345107619768012e-07,0.0,0.0,0.0,0.0,0.0,0.0,0.0,0.0,0.0,0.0,0.0
6.483333333333333,-0.004680851,0.031238481798455675,0.004010052122659594,0.027228333231187212,9.644460887010977e-08,0.0,0.0,0.0,0.0,0.0,0.0,0.0,0.0,0.0,0.0,0.0
6.5,-0.004680851,0.03113465324801244,0.003980439361025024,0.02715413192924759,8.195773982421825e-08,0.0,0.0,0.0,0.0,0.0,0.0,0.0,0.0,0.0,0.0,0.0
6.516666666666667,0.0,0.031030191923141215,0.00395103254226899,0.027079089758800405,6.962207182051444e-08,0.0,0.0,0.0,0.0,0.0,0.0,0.0,0.0,0.0,0.0,0.0
6.533333333333333,0.0,0.030925118559720455,0.003921830420848486,0.027003229016603635,5.912226833367899e-08,0.0,0.0,0.0,0.0,0.0,0.0,0.0,0.0,0.0,0.0,0.0
6.55,0.0,0.03081945356786899,0.0038928317556326322,0.026926571623693767,5.01885425923559e-08,0.0,0.0,0.0,0.0,0.0,0.0,0.0,0.0,0.0,0.0,0.0
6.566666666666666,0.0,0.030713217031756463,0.0038640353099513025,0.026849139131616757,4.259018840518113e-08,0.0,0.0,0.0,0.0,0.0,0.0,0.0,0.0,0.0,0.0,0.0
6.583333333333333,0.0,0.03060642871019001,0.0038354398516419258,0.026770952728536326,3.6130011755254367e-08,0.0,0.0,0.0,0.0,0.0,0.0,0.0,0.0,0.0,0.0,0.0
6.6,0.0,0.03049910803785824,0.0038070441530945126,0.02669203324522306,3.063954066941217e-08,0.0,0.0,0.0,0.0,0.0,0.0,0.0,0.0,0.0,0.0,0.0
6.616666666666666,0.0,0.030391274127129116,0.0037788469912949665,0.0266124011609271,2.597490705092734e-08,0.0,0.0,0.0,0.0,0.0,0.0,0.0,0.0,0.0,0.0,0.0
6.633333333333334,0.004680851,0.03028294577031259,0.0037508471478666875,0.026532076609137617,2.2013308285834132e-08,0.0,0.0,0.0,0.0,0.0,0.0,0.0,0.0,0.0,0.0,0.0
6.65,0.004680851,0.030174141442311227,0.0037230434091105407,0.026451079383231945,1.8649968743847322e-08,0.0,0.0,0.0,0.0,0.0,0.0,0.0,0.0,0.0,0.0,0.0
6.666666666666667,0.004680851,0.0300648793035921,0.003695434566043204,0.026369428942016878,1.5795532016427418e-08,0.0,0.0,0.0,0.0,0.0,0.0,0.0,0.0,0.0,0.0,0.0
6.683333333333334,0.004680851,0.029955177203423285,0.0036680194144339423,0.02628714441516528,1.3373824063202007e-08,0.0,0.0,0.0,0.0,0.0,0.0,0.0,0.0,0.0,0.0,0.0
6.7,0.004680851,0.029845052683325483,0.003640796754839851,0.026204244608550083,1.13199355471108e-08,0.0,0.0,0.0,0.0,0.0,0.0,0.0,0.0,0.0,0.0,0.0
6.716666666666667,0.004680851,0.029734522980696974,0.003613765392639587,0.02612074800947871,9.578578681424474e-09,0.0,0.0,0.0,0.0,0.0,0.0,0.0,0.0,0.0,0.0,0.0
6.733333333333333,0.004680851,0.02962360503257549,0.0035869241380656453,0.026036672791829824,8.102680023075286e-09,0.0,0.0,0.0,0.0,0.0,0.0,0.0,0.0,0.0,0.0,0.0
6.75,0.004680851,0.029512315479506418,0.0035602718062351935,0.02595203682109528,6.852175945252201e-09,0.0,0.0,0.0,0.0,0.0,0.0,0.0,0.0,0.0,0.0,0.0
6.766666666666667,0.004680851,0.22216609193455736,0.0035338072171795095,0.02586685765932908,5.792982112267896e-09,0.19276542126506666,0.0,0.0,0.0,0.0,0.0,0.0,0.0,0.0,0.0,0.0
6.783333333333333,0.004680851,0.15623005131849566,0.0035075291958720648,0.025781152570005905,4.896112252844941e-09,0.12694136465650543,0.0,0.0,0.0,0.0,0.0,0.0,0.0,0.0,0.0,0.0
6.8,0.009361702,0.11075947528316707,0.0034814365722552506,0.025694938522791113,4.1369249644309865e-09,0.08158309605119574,0.0,0.0,0.0,0.0,0.0,0.0,0.0,0.0,0.0,0.0
6.816666666666666,0.009361702,0.08103750321476172,0.0034555281812658316,0.025608232198224456,3.494480251176176e-09,0.051973739340791185,0.0,0.0,0.0,0.0,0.0,0.0,0.0,0.0,0.0,0.0
6.833333333333333,0.0140425535,0.06191037990363815,0.003429802862859106,0.025521049992319356,2.950990063206218e-09,0.03295952409746963,0.0,0.0,0.0,0.0,0.0,0.0,0.0,0.0,0.0,0.0
6.85,0.018723404,0.049680453353027634,0.003404259462031829,0.025433408021079774,2.4913493184391527e-09,0.02084278337856671,0.0,0.0,0.0,0.0,0.0,0.0,0.0,0.0,0.0,0.0
6.866666666666666,0.023404256,0.041879558343766034,0.0033788968288439294,0.025345322124936582,2.102735797221709e-09,0.013155337287249725,0.0,0.0,0.0,0.0,0.0,0.0,0.0,0.0,0.0,0.0
6.883333333333334,0.028085107,0.036902333484877994,0.003353713818439043,0.025256807873105167,1.7742689452825317e-09,0.00829181001906484,0.0,0.0,0.0,0.0,0.0,0.0,0.0,0.0,0.0,0.0
6.9,0.037446808,0.03371746823128496,0.003328709291063881,0.02516788056786619,1.4967190374256775e-09,0.005220876875635847,0.0,0.0,0.0,0.0,0.0,0.0,0.0,0.0,0.0,0.0
6.916666666666667,0.04680851,0.031667039110877156,0.0033038821120864844,0.025078555248770965,1.2622593738994486e-09,0.003284600487760331,0.0,0.0,0.0,0.0,0.0,0.0,0.0,0.0,0.0,0.0
6.933333333333334,0.060851064,0.0303331549580019,0.0032792311520133633,0.024988846696773502,1.0642552303111864e-09,0.0020650760449598057,0.0,0.0,0.0,0.0,0.0,0.0,0.0,0.0,0.0,0.0
6.95,0.074893616,0.029451167307988885,0.0032547552865055756,0.024898769438290416,8.970841836140202e-10,0.0012976416861087091,0.0,0.0,0.0,0.0,0.0,0.0,0.0,0.0,0.0,0.0
6.966666666666667,0.08893617,0.028853828564388374,0.003230453396393745,0.02480833774919062,7.559832112768705e-10,0.0008150366628208004,0.0,0.0,0.0,0.0,0.0,0.0,0.0,0.0,0.0,0.0
6.983333333333333,0.09829787,0.028435611132428575,0.0032063243676920617,0.024717565658716144,6.369186257749049e-10,0.0005117204691017432,0.0,0.0,0.0,0.0,0.0,0.0,0.0,0.0,0.0,0.0
7.0,0.08893617,0.02813001209956685,0.0031823670916112847,0.024626466953335622,5.364754771698899e-10,0.0003211775181444665,0.0,0.0,0.0,0.0,0.0,0.0,0.0,0.0,0.0,0.0
7.016666666666667,0.023404256,0.027895162983433263,0.0031585804645707636,0.024535055180531836,4.5176354590751693e-10,0.0002015268865671151,0.0,0.0,0.0,0.0,0.0,0.0,0.0,0.0,0.0,0.0
7.033333333333333,-0.13574468,0.027704726229405858,0.0031349633882095124,0.02444334365252484,3.8033746738434804e-10,0.00012641880833404214,0.0,0.0,0.0,0.0,0.0,0.0,0.0,0.0,0.0,0.0
7.05,-0.4680851,0.02754214606149036,0.0031115147693963553,0.024351345449931897,3.201288891283349e-10,7.928552203322068e-05,0.0,0.0,0.0,0.0,0.0,0.0,0.0,0.0,0.0,0.0
7.066666666666666,-1.0438298,0.027397022526846553,0.0030882335202391644,0.024259073425365606,2.693888690513134e-10,4.971531185291361e-05,0.0,0.0,0.0,0.0,0.0,0.0,0.0,0.0,0.0,0.0
7.083333333333333,-1.9097872,0.027262827029048333,0.0030651185580932135,0.02416654020697155,2.2663898646452545e-10,3.1168037344584595e-05,0.0,0.0,0.0,0.0,0.0,0.0,0.0,0.0,0.0,0.0
7.1,-3.051915,0.0271354642647807,0.003042168805568675,0.02407375820190661,1.9062986268702996e-10,1.9537066675549508e-05,0.0,0.0,0.0,0.0,0.0,0.0,0.0,0.0,0.0,0.0
7.116666666666666,-4.3859572,0.027012367601537662,0.003019383190537261,0.023980739599759333,1.6030598053797877e-10,1.2244650935090333e-05,0.0,0.0,0.0,0.0,0.0,0.0,0.0,0.0,0.0,0.0
7.133333333333334,-5.7527657,0.026891930352216997,0.0029967606461380625,0.023887496375913315,1.3477585644921678e-10,7.673195389762613e-06,0.0,0.0,0.0,0.0,0.0,0.0,0.0,0.0,0.0,0.0
7.15,-6.969787,0.026773148401194723,0.0029743001107825754,0.02379404029485504,1.1328675937485799e-10,4.80788227035114e-06,0.0,0.0,0.0,0.0,0.0,0.0,0.0,0.0,0.0,0.0
7.166666666666667,-7.854468,0.026655395734149927,0.0029520005281589478,0.023700382913426927,9.520329055683212e-11,3.0121973607636674e-06,0.0,0.0,0.0,0.0,0.0,0.0,0.0,0.0,0.0,0.0
7.183333333333334,-8.299149,0.02653828349801681,0.002929860847235468,0.023606535584027116,7.998924049180885e-11,1.886986764986268e-06,0.0,0.0,0.0,0.0,0.0,0.0,0.0,0.0,0.0,0.0
7.2,-8.271064,0.026421571536339044,0.002907880022263307,0.02351250945775672,6.719222667813631e-11,1.1819891267891999e-06,0.0,0.0,0.0,0.0,0.0,0.0,0.0,0.0,0.0,0.0
7.216666666666667,-7.821702,0.026305112878120082,0.002886057012778542,0.023418315487515655,5.643069008374366e-11,7.403213951931878e-07,0.0,0.0,0.0,0.0,0.0,0.0,0.0,0.0,0.0,0.0
7.233333333333333,-7.0540423,0.026188818913875502,0.00286439078360347,0.023323964431048293,4.738289163847417e-11,4.636518408441944e-07,0.0,0.0,0.0,0.0,0.0,0.0,0.0,0.0,0.0,0.0
7.25,-6.094468,0.026072637554659387,0.00284288030484723,0.02322946685393948,3.977760402093577e-11,2.9035609507387883e-07,0.0,0.0,0.0,0.0,0.0,0.0,0.0,0.0,0.0,0.0
7.266666666666667,-5.06,0.025956539536886074,0.0028215245519057626,0.023134833132562385,3.3386239954518994e-11,1.8181903168632796e-07,0.0,0.0,0.0,0.0,0.0,0.0,0.0,0.0,0.0,0.0
7.283333333333333,-4.053617,0.02588437107930354,0.002800322505461106,0.023040073456978675,2.801619732595297e-11,1.138463535703842e-07,4.3861242493990815e-05,0.0,0.0,0.0,0.0,0.0,0.0,0.0,0.0,0.0
7.3,-3.1361701,0.026273074496062792,0.002779273151480065,0.022945197833792307,2.350523469909881e-11,7.128071948466275e-08,0.000548532206565702,0.0,0.0,0.0,0.0,0.0,0.0,0.0,0.0,0.0
7.316666666666666,-2.3451064,0.027899313816325752,0.0027583754812122484,0.022850216088957463,1.9716719077397167e-11,4.462721690625485e-08,0.002290677599222419,0.0,0.0,0.0,0.0,0.0,0.0,0.0,0.0,0.0
7.333333333333333,-1.6897873,0.031597916425746754,0.0027376284911875054,0.022755137870541838,1.653561180623244e-11,2.7938544992874812e-08,0.006105122108936803,0.0,0.0,0.0,0.0,0.0,0.0,0.0,0.0,0.0
7.35,-1.1655319,0.03809910961928242,0.002717031183212778,0.022659972651445908,1.3865078930101766e-11,1.7489821026239055e-08,0.01272208828093763,0.0,0.0,0.0,0.0,0.0,0.0,0.0,0.0,0.0
7.366666666666666,-0.75829786,0.04795094275197519,0.0026965825643683666,0.022564729732079045,1.1623629665667546e-11,1.0948277109443344e-08,0.022689619495627037,0.0,0.0,0.0,0.0,0.0,0.0,0.0,0.0,0.0
7.383333333333334,-0.44468084,0.06149108356061678,0.0026762816470036494,0.02246941824299342,9.742701378720887e-12,6.853085792536883e-09,0.036345376807791215,0.0,0.0,0.0,0.0,0.0,0.0,0.0,0.0,0.0
7.4,-0.20595744,0.07884831093373669,0.0026561274487322466,0.022374047147476213,8.164621951679626e-12,4.289508917730088e-09,0.05381813203985469,0.0,0.0,0.0,0.0,0.0,0.0,0.0,0.0,0.0
7.416666666666667,-0.028085107,0.09996135917491177,0.002636118992426655,0.02227862524410125,6.840891031812182e-12,2.6847939926169633e-09,0.07504661224674898,0.0,0.0,0.0,0.0,0.0,0.0,0.0,0.0,0.0
7.433333333333334,0.11234043,0.12460703623592202,0.0026162553062123698,0.022183161169240486,5.730730643039226e-12,1.6803402903739242e-09,0.09980761807439814,0.0,0.0,0.0,0.0,0.0,0.0,0.0,0.0,0.0
7.45,0.21531914,0.1524322872242041,0.002596535423461504,0.022087663399536293,4.799863267957859e-12,1.0516403118608886e-09,0.12774808734476611,0.0,0.0,0.0,0.0,0.0,0.0,0.0,0.0,0.0
7.466666666666667,0.29489362,0.18298673241040167,0.0025769583827859096,0.02199214025433519,4.019481967807274e-12,6.581451600240696e-10,0.15841763311111592,0.0,0.0,0.0,0.0,0.0,0.0,0.0,0.0,0.0
7.483333333333333,0.3557447,0.21575349301246152,0.0025575232280298328,0.021896599898083666,3.365382581907293e-12,4.1187113646531353e-10,0.1912993694711115,0.0,0.0,0.0,0.0,0.0,0.0,0.0,0.0,0.0
7.5,0.4025532,0.25017701193322733,0.0025382290082620936,0.021801050342686895,2.8172326839569233e-12,2.577430081226246e-10,0.2258377323217181,0.0,0.0,0.0,0.0,0.0,0.0,0.0,0.0,0.0
7.516666666666667,0.43531916,0.2856871968192066,0.0025190747777678276,0.021705499449830922,2.357955897461973e-12,1.6128683542137972e-10,0.2614626224279631,0.0,0.0,0.0,0.0,0.0,0.0,0.0,0.0,0.0
7.533333333333333,0.4587234,0.3217196375704791,0.002500059596039774,0.02160995493326897,1.973213494427332e-12,1.0092482984496696e-10,0.2976096229382723,0.0,0.0,0.0,0.0,0.0,0.0,0.0,0.0,0.0
7.55,0.4774468,0.3577319344795131,0.0024811825277691454,0.021514424361072617,1.650968012048065e-12,6.315165770977022e-11,0.33373632752586874,0.0,0.0,0.0,0.0,0.0,0.0,0.0,0.0,0.0
7.566666666666666,0.49148935,0.39321635573708713,0.0024624426428360834,0.0214189151578483,1.3811159994039105e-12,3.9514784835768334e-11,0.36933499789550683,0.0,0.0,0.0,0.0,0.0,0.0,0.0,0.0,0.0
7.583333333333333,0.50085104,0.4277091526998976,0.0024438390162997013,0.0213234346069199,1.1551790162887562e-12,2.4724248880579244e-11,0.4039418790507986,0.0,0.0,0.0,0.0,0.0,0.0,0.0,0.0,0.0
7.6,0.5102128,0.46079691909590625,0.002425370728387743,0.021227989852477914,9.660437054715965e-13,1.5469478158605687e-11,0.4371435584986051,0.0,0.0,0.0,0.0,0.0,0.0,0.0,0.0,0.0
7.616666666666666,0.51957446,0.49212040179378586,0.002407036864485855,0.021132587901695893,8.077431955604394e-13,9.678715379487115e-12,0.46858077701711764,0.0,0.0,0.0,0.0,0.0,0.0,0.0,0.0,0.0
7.633333333333334,0.533617,0.5213761673788799,0.0023888365151264876,0.021037235626814563,6.752733046626894e-13,6.055495339080474e-12,0.4979500952302081,0.0,0.0,0.0,0.0,0.0,0.0,0.0,0.0,0.0
7.65,0.5429787,0.5483165090389914,0.002370768775977441,0.020941939767194384,5.644380394918884e-13,3.788540280060418e-12,0.5250038004914667,0.0,0.0,0.0,0.0,0.0,0.0,0.0,0.0,0.0
7.666666666666667,0.55702126,0.5727479483826599,0.002352832747830051,0.02084670693133692,4.717197495247262e-13,2.3701988429253067e-12,0.5495484087006509,0.0,0.0,0.0,0.0,0.0,0.0,0.0,0.0,0.0
7.683333333333334,0.56638294,0.5945286512970803,0.0023350275365870447,0.02075154359887563,3.941700258892686e-13,1.482820669637233e-12,0.5714420801597406,0.0,0.0,0.0,0.0,0.0,0.0,0.0,0.0,0.0
7.7,0.5804255,0.6135650390226395,0.0023173522532500593,0.020656456122536665,3.293180507248019e-13,9.276492080877844e-13,0.5905912306455958,0.0,0.0,0.0,0.0,0.0,0.0,0.0,0.0,0.0
7.716666666666667,0.59446806,0.6298078375274436,0.002299806013906845,0.020561450730070038,2.7509362245798645e-13,5.803239932429692e-13,0.6069465807826113,0.0,0.0,0.0,0.0,0.0,0.0,0.0,0.0,0.0
7.733333333333333,0.6085106,0.6432477715336241,0.0022823879397181517,0.0204665335261518,2.2976252073987385e-13,3.630355582826213e-13,0.6204988500671613,0.0,0.0,0.0,0.0,0.0,0.0,0.0,0.0,0.0
7.75,0.62255317,0.65391117842512,0.0022650971569043187,0.02037171049425766,1.9187224433510538e-13,2.2710148130107091e-13,0.631274267510566,1.0326297303746751e-07,0.0,0.0,0.0,0.0,0.0,0.0,0.0,0.0
7.766666666666667,0.6365957,0.6618618879146159,0.0022479327967315694,0.020276987498508467,1.6020646675045774e-13,1.4206372326945302e-13,0.6393300394143595,6.928204714040962e-06,0.0,0.0,0.0,0.0,0.0,0.0,0.0,0.0
7.783333333333333,0.6459574,0.6672379688563256,0.00223089399549802,0.020182370285488214,1.3374681688482885e-13,8.886670740782817e-14,0.6447498865659497,7.48180091670641e-05,0.0,0.0,0.0,0.0,0.0,0.0,0.0,0.0
7.8,0.6506383,0.6703240565612119,0.002213979894519416,0.020087864486034786,1.1164081312803536e-13,5.558887600742743e-14,0.6476397382316995,0.000382473948790863,0.0,0.0,0.0,0.0,0.0,0.0,0.0,0.0
7.816666666666666,0.65999997,0.6716121832098239,0.002197189640114602,0.019993475617004066,9.317496559735728e-14,3.4772012492987696e-14,0.6481236486706169,0.0012978692819603259,0.0,0.0,0.0,0.0,0.0,0.0,0.0,0.0
7.833333333333333,0.65531915,0.6718182545796068,0.0021805223835907298,0.019899209083007793,7.775221804176081e-14,2.1750292703128146e-14,0.6463399833404753,0.003398539772433471,0.0,0.0,0.0,0.0,0.0,0.0,0.0,0.0
7.85,0.6506383,0.6718486484515753,0.0021639772812282188,0.019805070178125623,6.487303297838044e-14,1.3604855496106124e-14,0.642437906302801,0.007441694689342041,0.0,0.0,0.0,0.0,0.0,0.0,0.0,0.0
7.866666666666666,0.6459574,0.6727281001306711,0.002147553494265475,0.019711064087591747,5.4119534750298055e-14,8.509744172389316e-15,0.6365741873019408,0.014295295246810436,0.0,0.0,0.0,0.0,0.0,0.0,0.0,0.0
7.883333333333334,0.6319149,0.6755065808035912,0.0021312501888833667,0.019617195889456613,4.514221869779621e-14,5.322712444919602e-15,0.628910336328445,0.024847798396755823,0.0,0.0,0.0,0.0,0.0,0.0,0.0,0.0
7.9,0.61787236,0.6811627886935281,0.0021150665361894918,0.019523470556224016,3.7648813292529795e-14,3.3292285631725226e-15,0.6196100649080325,0.03991418669304119,0.0,0.0,0.0,0.0,0.0,0.0,0.0,0.0
7.916666666666667,0.6038298,0.6905183109784848,0.0020990017122022014,0.019429892956464086,3.1394948236950104e-14,2.0823249228097634e-15,0.6088370666215315,0.06015234968825358,0.0,0.0,0.0,0.0,0.0,0.0,0.0,0.0
7.933333333333334,0.58978724,0.7041716956912932,0.002083054897834431,0.01933646785640242,2.6176337154758346e-14,1.3024103014219945e-15,0.596753104209263,0.08599906872776593,0.0,0.0,0.0,0.0,0.0,0.0,0.0,0.0
7.95,0.5804255,0.7224569528034431,0.002067225278877315,0.01924319992148591,2.1822230257276352e-14,8.145950084747744e-16,0.5835163868138745,0.11763014078918281,0.0,0.0,0.0,0.0,0.0,0.0,0.0,0.0
7.966666666666667,0.56638294,0.745427086043174,0.00205151204598361,0.01915009371792555,1.8189931669176016e-14,5.094838389458796e-16,0.5692802182573568,0.15494526202188935,0.0,0.0,0.0,0.0,0.0,0.0,0.0,0.0
7.983333333333333,0.55702126,0.7728604065450662,0.0020359143946509185,0.019057153714216523,1.516020911789645e-14,3.1865003461471763e-16,0.5541918955403871,0.19757544289579623,0.0,0.0,0.0,0.0,0.0,0.0,0.0,0.0
8.0,0.55702126,0.804285594031314,0.002020431525204737,0.018964384282636106,1.2633451430971718e-14,1.99293233950374e-16,0.5383918358258919,0.24490894239756839,0.0,0.0,0.0,0.0,0.0,0.0,0.0,0.0
8.016666666666667,0.55702126,0.8390206062220702,0.002005062642781321,0.018871789700719604,1.0526452583862422e-14,1.246425422408424e-16,0.5220129098747023,0.29613084400385636,0.0,0.0,0.0,0.0,0.0,0.0,0.0,0.0
8.033333333333333,0.55702126,0.8762203886792526,0.001989806957310378,0.018779374152714714,8.769720604640602e-15,7.795344782501986e-17,0.5051799601095776,0.3502712474596411,0.0,0.0,0.0,0.0,0.0,0.0,0.0,0.0
8.05,0.56638294,0.9149286936956008,0.001974663683497593,0.01868714173101463,7.305226066137827e-15,4.875282283630809e-17,0.48800948208279143,0.40625740619828976,0.0,0.0,0.0,0.0,0.0,0.0,0.0,0.0
8.066666666666666,0.5804255,0.9541299874971477,0.0019596320408070047,0.01859509643757035,6.0845186818411666e-15,3.049016192716153e-17,0.47060944901648816,0.4629658100022761,0.0,0.0,0.0,0.0,0.0,0.0,0.0,0.0
8.083333333333334,0.5991489,0.992798253531426,0.001944711253443212,0.018503242185282244,5.067152090357421e-15,1.9068447408159553e-17,0.45307926019319383,0.5192710398995016,0.0,0.0,0.0,0.0,0.0,0.0,0.0,0.0
8.1,0.62255317,1.0299403673640808,0.0019299005503334488,0.01841158279937158,4.2193666192753386e-15,1.1925227779469385e-17,0.4355097952291875,0.5740890887851839,0.0,0.0,0.0,0.0,0.0,0.0,0.0,0.0
8.116666666666667,0.6506383,1.0646325427799235,0.0019151991651095055,0.018320122018731913,3.51298796090369e-15,7.457854131938269e-18,0.417983557609706,0.6264136639863725,0.0,0.0,0.0,0.0,0.0,0.0,0.0,0.0
8.133333333333333,0.68340427,1.0960490768129412,0.0019006063360895227,0.018228863497261084,2.9245065204372716e-15,4.663983863422671e-18,0.40057489225725457,0.675344714722333,0.0,0.0,0.0,0.0,0.0,0.0,0.0,0.0
8.15,0.7161702,1.1234832258930016,0.001886121306259643,0.01813781080517365,2.4343079223714487e-15,2.9167301006513365e-18,0.3833502633057037,0.7201090304758622,0.0,0.0,0.0,0.0,0.0,0.0,0.0,0.0
8.166666666666666,0.7489362,1.1463605168100173,0.0018717433232555542,0.018046967430294568,2.0260299606312196e-15,1.8240283822186673e-18,0.3663685796350191,0.7600732264214459,0.0,0.0,0.0,0.0,0.0,0.0,0.0,0.0
8.183333333333334,0.7817021,1.1642451384153072,0.0018574716393438898,0.017956336779333903,1.6860253007561087e-15,1.140678285352375e-18,0.3496815570618093,0.7947497729348184,0.0,0.0,0.0,0.0,0.0,0.0,0.0,0.0
8.2,0.8097872,1.1768402848865764,0.0018433055114035406,0.01786592217914335,1.402912613657823e-15,7.133309671713203e-19,0.33333410736320374,0.8237969498328244,0.0,0.0,0.0,0.0,0.0,0.0,0.0,0.0
8.216666666666667,0.8378723,1.1839834456373346,0.0018292442009068305,0.017775726877954413,1.167201644971657e-15,4.460827072740221e-19,0.31736474552349275,0.8470137290349794,0.0,0.0,0.0,0.0,0.0,0.0,0.0,0.0
8.233333333333333,0.85659575,1.185637679148372,0.0018152869739006103,0.017685754046598858,9.70980090064752e-16,2.7895630696837764e-19,0.30180600772692023,0.8643306304009515,0.0,0.0,0.0,0.0,0.0,0.0,0.0,0.0
8.25,0.8753191,1.1818798867295661,0.0018014331009872275,0.017596006779711442,8.076521263831597e-16,1.7444300043694927e-19,0.28668487367066814,0.8757975731781986,0.0,0.0,0.0,0.0,0.0,0.0,0.0,0.0
8.266666666666667,0.88468087,1.1728870347916733,0.0017876818573054258,0.01750648809691548,6.717201141759749e-16,1.0908563226458144e-19,0.272023187737585,0.8815696770998668,0.0,0.0,0.0,0.0,0.0,0.0,0.0,0.0
8.283333333333333,0.8893617,1.1589211758869815,0.0017740325225111316,0.017417200943991205,5.586023658763286e-16,6.821474720820503e-20,0.25783807444799844,0.8818918679724802,0.0,0.0,0.0,0.0,0.0,0.0,0.0,0.0
8.3,0.88468087,1.1403140024267306,0.0017604843807581632,0.017328148194027358,4.644810473116419e-16,4.2656555344913265e-20,0.24414234440572574,0.877083025446219,0.0,0.0,0.0,0.0,0.0,0.0,0.0,0.0
8.316666666666666,0.88,1.1174515429777805,0.0017470367206788657,0.017239332648556347,3.8617524716100213e-16,2.6674122753052216e-20,0.2309448876676571,0.8675202859408878,0.0,0.0,0.0,0.0,0.0,0.0,0.0,0.0
8.333333333333334,0.86127657,1.0907594873776205,0.0017336888353646465,0.017150757038672883,3.210350654610266e-16,1.6679822762441532e-20,0.2182510521025943,0.8536239894009884,0.0,0.0,0.0,0.0,0.0,0.0,0.0,0.0
8.35,0.8425532,1.0606895094292712,0.0017204400223464632,0.01706242402613686,2.6685325329614475e-16,1.043012960091442e-20,0.2060630048678208,0.8358436405129669,0.0,0.0,0.0,0.0,0.0,0.0,0.0,0.0
8.366666666666667,0.8191489,1.0277068486247007,0.0017072895835752182,0.016974336204460098,2.217915057307786e-16,6.522063575021194e-21,0.19438007562554532,0.8146451472111198,0.0,0.0,0.0,0.0,0.0,0.0,0.0,0.0
8.383333333333333,0.79106385,0.9922793176241511,0.0016942368254021052,0.016886496099977832,1.8431898668877328e-16,4.078283960258629e-21,0.18319908055118309,0.7904995041475879,0.0,0.0,0.0,0.0,0.0,0.0,0.0,0.0
8.4,0.76297873,0.9548678212705948,0.0016812810585588817,0.016798906172904565,1.5316106305522758e-16,2.550157853900751e-21,0.17251462655612268,0.7638730074830085,0.0,0.0,0.0,0.0,0.0,0.0,0.0,0.0
8.416666666666666,0.73021275,0.9159184059673602,0.0016684215981380929,0.01671156881837509,1.272565585032896e-16,1.5946078322089586e-21,0.1623193954645893,0.7352190200862576,0.0,0.0,0.0,0.0,0.0,0.0,0.0,0.0
8.433333333333334,0.6974468,0.875855804810488,0.0016556577635732323,0.01662448636747037,1.0572211609820911e-16,9.97098363393043e-22,0.15260440815207638,0.7049712525273679,0.0,0.0,0.0,0.0,0.0,0.0,0.0,0.0
8.45,0.66468084,0.8350784029772579,0.0016429888786188625,0.01653766108822898,8.782249153779295e-17,6.234755819419222e-22,0.14335926887671177,0.6735384841336982,0.0,0.0,0.0,0.0,0.0,0.0,0.0,0.0
8.466666666666667,0.6365957,0.7939545182502683,0.0016304142713306747,0.016451095186643908,7.294579343166397e-17,3.8985066782307036e-22,0.13457239021913717,0.6413006185731565,0.0,0.0,0.0,0.0,0.0,0.0,0.0,0.0
8.483333333333333,0.6038298,0.7528198717611025,0.0016179332740455241,0.016364790807645267,6.058284956483546e-17,2.437667986200059e-22,0.12623119919566567,0.608605948483746,0.0,0.0,0.0,0.0,0.0,0.0,0.0,0.0
8.5,0.5757447,0.7119761125713899,0.0016055452233614007,0.016278750036068913,5.031001387568305e-17,1.5242223035004538e-22,0.11832232522741248,0.5757694920845471,0.0,0.0,0.0,0.0,0.0,0.0,0.0,0.0
8.516666666666667,0.5476596,0.6716902551037137,0.0015932494601173881,0.016192974897611265,4.17748422919711e-17,9.530586022158651e-23,0.11083177073884443,0.5430722600071406,0.0,0.0,0.0,0.0,0.0,0.0,0.0,0.0
8.533333333333333,0.51957446,0.6321948893051473,0.0015810453293735724,0.016107467359770547,3.468416028187921e-17,5.959207121851208e-23,0.10374506522601912,0.510761311389984,0.0,0.0,0.0,0.0,0.0,0.0,0.0,0.0
8.55,0.49148935,0.5936890285108758,0.0015689321803909215,0.01602222933277447,2.8794124061332996e-17,3.7261040771153173e-23,0.09704740368107229,0.47905046331663803,0.0,0.0,0.0,0.0,0.0,0.0,0.0,0.0
8.566666666666666,0.4680851,0.5563394681555663,0.0015569093666111516,0.01593726267049496,2.3901943423179767e-17,2.329802745774467e-23,0.09072377028807857,0.4481215258303817,0.0,0.0,0.0,0.0,0.0,0.0,0.0,0.0
8.583333333333334,0.4493617,0.5202825387901946,0.0015449762456365462,0.015852569171349605,1.9838989266284117e-17,1.45673661741752e-23,0.08475904831891296,0.41812594505429546,0.0,0.0,0.0,0.0,0.0,0.0,0.0,0.0
8.6,0.42595744,0.4856261484893255,0.0015331321792097796,0.015768150579190444,1.646505489997993e-17,9.108370242098043e-24,0.0791381171586281,0.3891867485722972,0.0,0.0,0.0,0.0,0.0,0.0,0.0,0.0
8.616666666666667,0.40723404,0.45245202201042695,0.0015213765331936978,0.01568400858417996,1.3663578583297354e-17,5.695057446623288e-24,0.0738459373801268,0.36140069951292647,0.0,0.0,0.0,0.0,0.0,0.0,0.0,0.0
8.633333333333333,0.39787233,0.42081805646129145,0.0015097086775511046,0.015600144823654807,1.1337666784505822e-17,3.5608475175642486e-24,0.0688676247696156,0.3348405781904699,0.0,0.0,0.0,0.0,0.0,0.0,0.0,0.0
8.65,0.38382977,0.3907607253319582,0.001498127986324517,0.015516560882977036,9.4067843639267e-18,2.2264170366029683e-24,0.0641885141789584,0.30955752228369826,0.0,0.0,0.0,0.0,0.0,0.0,0.0,0.0
8.666666666666666,0.3744681,0.36229747424970127,0.0014866338376159267,0.015433258296373402,7.804000168501536e-18,1.3920587547323376e-24,0.05979421405026267,0.28558336806544926,0.0,0.0,0.0,0.0,0.0,0.0,0.0,0.0
8.683333333333334,0.36978722,0.3354290625048108,0.0014752256135665393,0.015350238547762617,6.473695112697357e-18,8.703753066272026e-25,0.05567065242293707,0.26293294592054456,0.0,0.0,0.0,0.0,0.0,0.0,0.0,0.0
8.7,0.36510637,0.31014181413409464,0.0014639027003365227,0.015267503071570914,5.369655318972283e-18,5.4419373486169735e-25,0.05180411519533158,0.2416062931668556,0.0,0.0,0.0,0.0,0.0,0.0,0.0,0.0
8.716666666666667,0.36510637,0.2864097510618712,0.0014526644880847382,0.015185053253535993,4.453485813219086e-18,3.4025031000322248e-25,0.048181277372716616,0.22159075594753389,0.0,0.0,0.0,0.0,0.0,0.0,0.0,0.0
8.733333333333333,0.36042553,0.2641965884596212,0.0014415103709484887,0.015102890431499594,3.693291043209358e-18,2.1273628490377166e-25,0.04478922799173567,0.20286295966543744,0.0,0.0,0.0,0.0,0.0,0.0,0.0,0.0
8.75,0.36042553,0.2434575791072017,0.00143043974702325,0.015021015896188726,3.0625774673786564e-18,1.3300951006437563e-25,0.041615489369148495,0.18539063409484122,0.0,0.0,0.0,0.0,0.0,0.0,0.0,0.0
8.766666666666667,0.36042553,0.224141199162524,0.0014194520183424258,0.014939430891985893,2.5393409448646282e-18,8.316142654398578e-26,0.03864803128035504,0.16913428497184066,0.0,0.0,0.0,0.0,0.0,0.0,0.0,0.0
8.783333333333333,0.36510637,0.20619067243389122,0.0014085465908570962,0.014858136617688337,2.105307893820396e-18,5.199472819892446e-26,0.03587528063124535,0.15404870859410041,0.0,0.0,0.0,0.0,0.0,0.0,0.0,0.0
8.8,0.36510637,0.1895453340754814,0.0013977228744157795,0.014777134227256477,1.7453043809458417e-18,3.25083456821311e-26,0.033286127145831255,0.14008434982797788,0.0,0.0,0.0,0.0,0.0,0.0,0.0,0.0
8.816666666666666,0.36978722,0.17414183767454156,0.0013869802827442105,0.014696424830551821,1.4467316338272959e-18,2.0324909993161434e-26,0.030869925552145384,0.12718850700910014,0.0,0.0,0.0,0.0,0.0,0.0,0.0,0.0
8.833333333333334,0.3744681,0.15991521205525017,0.001376318233425121,0.01461600949406426,1.1991300733417754e-18,1.270751487038253e-26,0.028616494710302608,0.11530638961745816,0.0,0.0,0.0,0.0,0.0,0.0,0.0,0.0
8.85,0.37914893,0.1467997758756225,0.001365736147878051,0.014535889241629168,9.938169664335544e-19,7.944944798651294e-27,0.02651611408963429,0.104382036396481,0.0,0.0,0.0,0.0,0.0,0.0,0.0,0.0
8.866666666666667,0.38851064,0.13472991932370823,0.0013552334513391607,0.014456065055134231,8.2358530039205625e-19,4.967289032028367e-27,0.02455951796650157,0.09435910285073326,0.0,0.0,0.0,0.0,0.0,0.0,0.0,0.0
8.883333333333333,0.4025532,0.12364076300735896,0.0013448095728410769,0.01437653787521633,6.82453562086789e-19,3.105605551606058e-27,0.022737887680939817,0.08518152787836174,0.0,0.0,0.0,0.0,0.0,0.0,0.0,0.0
8.9,0.4212766,0.11346870455112605,0.0013344639451927506,0.014297308601948408,5.654578392524015e-19,1.9416524734080626e-27,0.021042842258675823,0.07679408974530907,0.0,0.0,0.0,0.0,0.0,0.0,0.0,0.0
8.916666666666666,0.44468084,0.10442956087889883,0.001324196004959345,0.014218378095516716,4.684791040777744e-19,1.2139339977708599e-27,0.01946642767537666,0.06914286175581881,0.00027769734722730527,0.0,0.0,0.0,0.0,0.0,0.0,0.0
8.933333333333334,0.4680851,0.10179345578009406,0.0013140051924421408,0.014139747176888344,3.8809974055459875e-19,7.589567749028398e-28,0.018001105012185638,0.06217557787757275,0.00616302052100519,0.0,0.0,0.0,0.0,0.0,0.0,0.0
8.95,0.5055319,0.11893395457738412,0.0013038909516584775,0.014061416628469367,3.214843767290556e-19,4.74501322740089e-28,0.016639737725707555,0.055841918293168584,0.031086990978380136,0.0,0.0,0.0,0.0,0.0,0.0,0.0
8.966666666666667,0.55234045,0.1700942709172493,0.0012938527303217142,0.01398338719475352,2.6628091487731557e-19,2.9665812977910566e-28,0.015375578231533574,0.05009372441846367,0.08934772834217682,0.0,0.0,0.0,0.0,0.0,0.0,0.0
8.983333333333333,0.61787236,0.2647292006038859,0.001283889979821231,0.013905659582961789,2.2053834477859673e-19,1.8546994647878102e-28,0.014202253978145075,0.044885152392409,0.19045224467054878,0.0,0.0,0.0,0.0,0.0,0.0,0.0
9.0,0.70212764,0.4055067534631642,0.0012740021552024483,0.013828234463672826,1.8263850108637093e-19,1.1595495903003654e-28,0.013113753167496007,0.0401727734356976,0.33711799024109534,0.0,0.0,0.0,0.0,0.0,0.0,0.0
9.016666666666667,0.8097872,0.5886822374367751,0.0012641887151468953,0.013751112471444456,1.5123940479345473e-19,7.249425936481013e-29,0.012104410259717981,0.03591562882497009,0.5256468971654956,0.0,0.0,0.0,0.0,0.0,0.0,0.0
9.033333333333331,0.94085103,0.8056515861192687,0.0012544491219523045,0.013674294205426353,1.252282271852476e-19,4.532276948684917e-29,0.01116889138210464,0.03207524655818497,0.7474787048516004,0.0,0.0,0.0,0.0,0.0,0.0,0.0
9.05,1.1046809,1.0448693196630832,0.001244782841512734,0.013597780229963913,1.0368224600094378e-19,2.8335300072568953e-29,0.01030217974676262,0.028615626113616777,0.9911089507312272,0.0,0.0,0.0,0.0,0.0,0.0,0.0
9.066666666666666,1.2872341,1.2936540867346658,0.001235189343298757,0.013521571075193738,8.583643903459321e-20,1.7714861734361185e-29,0.00949956116696732,0.025503197044190424,1.2438945681050155,0.0,0.0,0.0,0.0,0.0,0.0,0.0
9.083333333333334,1.4885106,1.5396485045065806,0.0012256681003376532,0.013445667237630419,7.105658948231164e-20,1.107506573840308e-29,0.008756609749238128,0.022706756511539795,1.4935138029078348,0.0,0.0,0.0,0.0,0.0,0.0,0.0
9.1,1.6991489,1.7718574484195804,0.0012162185891936709,0.013370069180745176,5.881696778447798e-20,6.923942833549129e-30,0.008069173826398079,0.020197390258561376,1.729004596564682,0.0,0.0,0.0,0.0,0.0,0.0,0.0
9.116666666666667,1.9097872,1.9812806524639215,0.0012068402899483134,0.013294777335536107,4.8681813018814374e-20,4.328717749770921e-30,0.007433362186279222,0.017948380950841804,1.941397291701316,0.0,0.0,0.0,0.0,0.0,0.0,0.0
9.133333333333333,2.1017022,2.1612017335461733,0.0011975326861806814,0.013219792101090436,4.028996848033079e-20,2.706223856337898e-30,0.006845530641235966,0.015935107289987108,2.124003770827679,0.0,0.0,0.0,0.0,0.0,0.0,0.0
9.15,2.2655318,2.307212831239845,0.0011882952649478465,0.013145113845138667,3.3342135436831636e-20,1.6918694172167017e-30,0.006302268975123554,0.014134936817424915,2.27244221633721,0.0,0.0,0.0,0.0,0.0,0.0,0.0
9.166666666666666,2.3965957,2.4170538540319515,0.0011791275167652862,0.013070742904600943,2.759029991920474e-20,1.0577149746096259e-30,0.005800388296833827,0.012527114886407464,2.384476480427344,0.0,0.0,0.0,0.0,0.0,0.0,0.0
9.183333333333334,2.4855318,2.4903359979777147,0.0011700289355873507,0.012996679586125487,2.2828962909212e-20,6.612553135486803e-31,0.005336908822762124,0.011092651882217471,2.459739728751022,0.0,0.0,0.0,0.0,0.0,0.0,0.0
9.2,2.5323403,2.528206028044941,0.0011609990187877932,0.012922924166619528,1.8887867016144355e-20,4.13398049761106e-31,0.004909048104654723,0.009814210414786839,2.499398846340092,0.0,0.0,0.0,0.0,0.0,0.0,0.0
9.216666666666669,2.5370212,2.5329939844316423,0.0011520372671403327,0.012849476893772476,1.5625964843104584e-20,2.5844397738304154e-31,0.004514209714073284,0.008675993892177993,2.505802266664478,0.0,0.0,0.0,0.0,0.0,0.0,0.0
9.233333333333333,2.4995744,2.507874267611888,0.0011431431847992906,0.012776337986571872,1.2926417527121693e-20,1.6157090948997718e-31,0.004149972390161984,0.007663637605418661,2.482141176444936,0.0,0.0,0.0,0.0,0.0,0.0,0.0
9.25,2.4340425,2.4565593038165643,0.0011343162792802463,0.01270350763581164,1.0692447885704422e-20,1.0100868117164399e-31,0.003814079653440962,0.006764103212415703,2.4321432970356156,0.0,0.0,0.0,0.0,0.0,0.0,0.0
9.266666666666667,2.3451064,2.383036453001694,0.0011255560614407824,0.012630986004593458,8.843902455844098e-21,6.314704402938995e-32,0.0035044298849374778,0.0059655772984241245,2.359809903752298,0.0,0.0,0.0,0.0,0.0,0.0,0.0
9.283333333333331,2.2421277,2.2913524135666172,0.001116862045461258,0.01255877322882067,7.31440150056326e-21,3.947718349572453e-32,0.0032190668670318227,0.005257374509960861,2.2692003369153424,0.0,0.0,0.0,0.0,0.0,0.0,0.0
9.3,2.1297872,2.1854448479003707,0.0011082337488256381,0.012486869417685254,6.048976639975922e-21,2.467960022028285e-32,0.0029561707799098925,0.004629845605394653,2.1642637283485553,0.0,0.0,0.0,0.0,0.0,0.0,0.0
9.316666666666666,2.0174468,2.0690179758644485,0.0010996706923024008,0.012415274654147915,5.00211285069513e-21,1.5428685312791982e-32,0.002714049645420169,0.004074290635948878,2.048714690236629,0.0,0.0,0.0,0.0,0.0,0.0,0.0
9.333333333333334,1.9051063,1.9454571273637618,0.0010911723999254698,0.012343988995411092,4.136125761362371e-21,9.645363019507012e-33,0.002491131208391133,0.0035828773629155613,1.9259479573971185,0.0,0.0,0.0,0.0,0.0,0.0,0.0
9.35,1.792766,1.817776404699218,0.0010827383989752302,0.012273012473385402,3.419816945101575e-21,6.0298582759029084e-33,0.0022859552440445737,0.0031485649280333108,1.7989861336547794,0.0,0.0,0.0,0.0,0.0,0.0,0.0
9.366666666666667,1.6897873,1.6885934179509303,0.0010743682199595853,0.012202345095149262,2.8273596805876786e-21,3.769593472223938e-33,0.0020971662789935094,0.0027650327218807958,1.6704545056349471,0.0,0.0,0.0,0.0,0.0,0.0,0.0
9.383333333333333,1.5961702,1.560125307872063,0.001066061396595088,0.012131986843402035,2.337375761894188e-21,2.356572621780061e-33,0.0019235067124209043,0.0024266143376629502,1.542577138581982,0.0,0.0,0.0,0.0,0.0,0.0,0.0
9.4,1.507234,1.4342007929832732,0.0010578174657881149,0.012061937676910543,1.9321706654885606e-21,1.4732147281899532e-33,0.0017638103233574198,0.0021282364529291325,1.417188991064288,0.0,0.0,0.0,0.0,0.0,0.0,0.0
9.416666666666666,1.4229788,1.3122836447610422,0.0010496359676161193,0.011992197530949333,1.5970999651163955e-21,9.209800077984203e-34,0.0016169961494939297,0.0018653624477877437,1.295759452665195,0.0,0.0,0.0,0.0,0.0,0.0,0.0
9.433333333333334,1.348085,1.1955037162964033,0.001041516445308929,0.01192276631773443,1.3200445165243126e-21,5.757491345061337e-34,0.0014820627226473041,0.0016339405434453128,1.1794234302672673,0.0,0.0,0.0,0.0,0.0,0.0,0.0
9.45,1.2778723,1.0846923634496055,0.0010334584452301218,0.011853643926851072,1.090975775729212e-21,3.5992775533401108e-34,0.0013580826458286985,0.0014303562279668744,1.0690168222037288,0.0,0.0,0.0,0.0,0.0,0.0,0.0
9.466666666666669,1.2076596,0.9804197635512721,0.0010254615168584487,0.011784830225675069,9.015958011029539e-22,2.2500716527391634e-34,0.0012441974968181045,0.0012513887257372223,0.9651138855861833,0.0,0.0,0.0,0.0,0.0,0.0,0.0
9.483333333333333,1.1468085,0.8830322321535491,0.0010175252127693393,0.011716325059788342,7.450391324076825e-22,1.4066185401854276e-34,0.0011396130432134934,0.0010941712620769566,0.868064597575701,0.0,0.0,0.0,0.0,0.0,0.0,0.0
9.5,1.0859574,0.7926881524928414,0.0010096490886164471,0.011648128253388158,6.156259316393818e-22,8.793369399740571e-35,0.0010435947540767998,0.0009561548738339782,0.778030625522926,0.0,0.0,0.0,0.0,0.0,0.0,0.0
9.516666666666667,1.0297872,0.7093915629913112,0.0010018327031132877,0.011580239609690847,5.086575879642973e-22,5.497095748529687e-35,0.0009554635935329774,0.0008350755196777344,0.6950189515652964,0.0,0.0,0.0,0.0,0.0,0.0,0.0
9.533333333333331,0.973617,0.6330227987068411,0.0009940756180149225,0.01151265891132939,4.202474959399056e-22,3.43645214811088e-35,0.0008745920819738603,0.0007289242495157374,0.6189125478460071,0.0,0.0,0.0,0.0,0.0,0.0,0.0
9.55,0.92212766,0.5633658599792626,0.0009863773980997095,0.011445385920745356,3.471809655437272e-22,2.1482574535063668e-35,0.0008004006108693795,0.0006359202003008523,0.5494977758492473,0.0,0.0,0.0,0.0,0.0,0.0,0.0
9.566666666666666,0.8753191,0.5001323942553705,0.0009787376111511413,0.011378420380575321,2.8679925821938797e-22,1.3429547897649226e-35,0.000732353997581121,0.0005544861949543279,0.48648839607110855,0.0,0.0,0.0,0.0,0.0,0.0,0.0
9.583333333333334,0.82382977,0.4429823345238531,0.0009711558279397194,0.011311762014031413,2.3690360164733927e-22,8.395286234493819e-36,0.0006699582669990086,0.0004832267317369925,0.429546231683146,0.0,0.0,0.0,0.0,0.0,0.0,0.0
9.6,0.7817021,0.39154134917789785,0.000963631622204924,0.011245410525276646,1.9567574750935638e-22,5.248179548152019e-36,0.0006127576472750006,0.0004209081627789085,0.3782986412203624,0.0,0.0,0.0,0.0,0.0,0.0,0.0
9.616666666666667,0.73957443,0.34541533208447,0.0009561645706372353,0.011179365599794601,1.6161222623507915e-22,3.280808892222838e-36,0.000560331767397973,0.0003664408723042213,0.33235302927433596,0.0,0.0,0.0,0.0,0.0,0.0,0.0
9.633333333333333,0.70212764,0.3042022059570869,0.0009487542528602331,0.011113626904753877,1.3346994141745556e-22,2.0509367413687684e-36,0.0005122930448385074,0.0003188632771078446,0.29130866847752646,0.0,0.0,0.0,0.0,0.0,0.0,0.0
9.65,0.66468084,0.26750133358702516,0.0009414002514127576,0.011048194089367143,1.1022115153057053e-22,1.2821023340447627e-36,0.00046828425198346,0.0002773274838410327,0.25476612751042077,0.0,0.0,0.0,0.0,0.0,0.0,0.0
9.666666666666666,0.6319149,0.2349208358532925,0.0009341021517311507,0.010983066785245119,9.101622210215855e-23,8.01479134156671e-37,0.0004279762505752466,0.00024108644947934275,0.22233460421626164,0.0,0.0,0.0,0.0,0.0,0.0,0.0
9.683333333333334,0.6085106,0.206083107485263,0.0009268595421315553,0.010918244606745238,7.515280946333647e-23,5.010266928697014e-37,0.00039106588386427513,0.00020948250284752798,0.1936374549496744,0.0,0.0,0.0,0.0,0.0,0.0,0.0
9.7,0.5991489,0.180628805172958,0.0009196720137922985,0.0108537271513154,6.205036747083561e-23,3.1320496079871352e-37,0.00035727401667313567,0.00018193709616437918,0.1683161948950128,0.0,0.0,0.0,0.0,0.0,0.0,0.0
9.716666666666669,0.6038298,0.1582195692572071,0.0009125391607363303,0.010789513999832552,5.1229059340221123e-23,1.957922667452507e-37,0.0003263437140537641,0.00015794166617300447,0.14603322234132957,8.375081868769163e-09,0.0,0.0,0.0,0.0,0.0,0.0
9.733333333333333,0.6459574,0.13856083546982276,0.0009054605798137557,0.010725604716936525,4.229231471506628e-23,1.223944092426128e-37,0.00029803854969291687,0.0001370494944894862,0.12647349517431278,2.1186954577295315e-05,0.0,0.0,0.0,0.0,0.0,0.0
9.75,0.7442553,0.12224163861942806,0.0008984358706844081,0.010661998851358767,3.491240294069271e-23,7.651151121407685e-38,0.00027214103568365107,0.00011886846630231302,0.10934536193353367,0.0009448324618652631,0.0,0.0,0.0,0.0,0.0,0.0
9.766666666666667,0.93148935,0.11695184889598036,0.000891464635800528,0.010598695936246495,2.8818501866592556e-23,4.782898254852548e-38,0.00024845116573100516,0.00010305463547060426,0.09438072399522564,0.010729458527506083,0.0,0.0,0.0,0.0,0.0,0.0
9.783333333333331,1.2497872,0.1537565510034836,0.0008845464803894949,0.010535695489481968,2.37868312261519e-23,2.9898863246086876e-38,0.00022678506429597972,8.930651239489907e-05,0.08133468069124644,0.06068553676567481,0.0,0.0,0.0,0.0,0.0,0.0
9.8,1.7506382,0.30630563311569436,0.0008776810124366265,0.010472997013997055,1.9632493933537376e-23,1.869034820043761e-38,0.00020697373460365346,7.735999877608017e-05,0.0699847860693784,0.22468583528650257,0.0,0.0,0.0,0.0,0.0,0.0
9.816666666666666,2.5042553,0.697200346067184,0.000870867842668078,0.010410599998083386,1.620273014495484e-23,1.168367042974624e-38,0.00018886189884730666,6.698390054744226e-05,0.06013002490077376,0.625533007526264,0.0,0.0,0.0,0.0,0.0,0.0
9.833333333333334,3.5714893,1.4816970230366329,0.0008641065845337788,0.01034850391569769,1.337133985066448e-23,7.303657558264557e-39,0.00017230692431033763,5.797595688034237e-05,0.051589596626997934,1.4186645330282128,0.0,0.0,0.0,0.0,0.0,0.0
9.85,5.013191,2.8121641542528697,0.0008573968541904785,0.010286708226762859,1.103407191458387e-23,4.5656300142463396e-39,0.00015717782950189327,5.01593292480547e-05,0.044201579256797977,2.7566111327563685,0.0,0.0,0.0,0.0,0.0,0.0
9.866666666666667,6.87617,4.796314320421227,0.0008507382704848358,0.010225212377464427,9.104812367060821e-24,2.854041229684468e-39,0.00014335436475937233,4.337950011029872e-05,0.037821530719645176,4.747230105188763,0.0,0.0,0.0,0.0,0.0,0.0
9.883333333333333,9.183829,7.463771488557159,0.0008441304549366081,0.01016401580054282,7.512433632413651e-24,1.7840991864142113e-39,0.00013072616211226557,3.7501535880507793e-05,0.0323210727435188,7.420274041860168,0.0,0.0,0.0,0.0,0.0,0.0
9.9,11.926808,10.750696503100203,0.0008375730317218935,0.01010311791558116,6.198190270314697e-24,1.1152621937701162e-39,0.00011919194952652787,3.240767348753215e-05,0.027586491790621982,10.712017720739263,0.0,0.0,0.0,0.0,0.0,0.0
9.916666666666666,15.053617,14.504988798335475,0.0008310656276564664,0.010042518129288936,5.113566585934839e-24,6.9716280118897255e-40,0.0001086588249575864,2.7995194072594518e-05,0.023517382777040755,14.47046117778246,0.0,0.0,0.0,0.0,0.0,0.0
9.933333333333334,18.48,18.508407200718324,0.0008246078721791698,0.009982215835781388,4.2184978274942444e-24,4.358034669432862e-40,9.904158593309558e-05,2.4174551199872098e-05,0.020025354031485885,18.477451806841746,0.0,0.0,0.0,0.0,0.0,0.0
9.95,22.046808,22.50848340540509,0.0008181993973354033,0.00992221041685481,3.479900229208318e-24,2.724246565818965e-40,9.026211066429028e-05,2.086772443390197e-05,0.017032806025944213,22.480599059729858,0.0,0.0,0.0,0.0,0.0,0.0
9.966666666666669,25.562128,26.25245625659068,0.0008118398377606618,0.009862501242257746,2.870456359162631e-24,1.7029480815680728e-40,8.224878694744071e-05,1.8006772276795068e-05,0.01447179165620831,26.22720986829523,0.0,0.0,0.0,0.0,0.0,0.0
9.983333333333333,28.81532,29.516850179416306,0.0008055288306641788,0.00980308766995821,2.3676114983873114e-24,1.0645245343217886e-40,7.493598536518657e-05,1.5532561289934574e-05,0.012282962093859038,29.493868132275168,0.0,0.0,0.0,0.0,0.0,0.0
10.0,31.600426,32.12871204735484,0.0007992660158126115,0.009743969046406802,1.9527444429092864e-24,6.654404889154525e-41,6.82635735316166e-05,1.3393650773863451e-05,0.010414599318585587,32.10767255574973,0.0,0.0,0.0,0.0,0.0,0.0
10.016666666666667,33.734894,33.97701303594154,0.0007930510355138358,0.009685144706796081,1.6104824610768938e-24,4.1597004375555674e-41,6.217646834573288e-05,1.1545314670781635e-05,0.008821734231950549,33.95763938418426,0.0,0.0,0.0,0.0,0.0,0.0
10.033333333333331,35.09234,35.01474425394137,0.000786883534600792,0.009626613975315956,1.3281353825762133e-24,2.6002444836903183e-41,5.6624223425529324e-05,9.9486844091248e-06,0.007465347627833346,34.99679883589579,0.0,0.0,0.0,0.0,0.0,0.0
10.05,35.602554,35.25354257957627,0.0007807631604154157,0.009568376165405252,1.0952281325868675e-24,1.6254200507789292e-41,5.156064909024774e-05,8.569998250545761e-06,0.006311650143696107,35.23682165945941,0.0,0.0,0.0,0.0,0.0,0.0
10.066666666666666,35.274895,34.75327689919453,0.0007746895627926502,0.009510430579999663,9.031146110752945e-25,1.0160529712135568e-41,4.694346244172804e-05,7.379944346040045e-06,0.005331436547969743,34.73760601909698,0.0,0.0,0.0,0.0,0.0,0.0
10.083333333333334,34.174892,33.60904757820056,0.0007686623940445232,0.00945277651177575,7.446587829485859e-25,6.35135522082054e-42,4.273396526776924e-05,6.353086178390937e-06,0.004499509253482473,33.59427754298981,0.0,0.0,0.0,0.0,0.0,0.0
10.1,32.428936,31.93769923478089,0.000762681308944309,0.009395413243391534,6.139712969803453e-25,3.970231012985595e-42,3.8896747651719054e-05,5.467360379602017e-06,0.0037941657185442735,31.92370261040198,0.0,0.0,0.0,0.0,0.0,0.0
10.116666666666667,30.177446,29.865406861757553,0.0007567459647107636,0.009338340047723277,5.06191978839317e-25,2.4817868608533978e-42,3.539941532342579e-05,4.7036380801163826e-06,0.0031967443505967917,29.852074928341118,0.0,0.0,0.0,0.0,0.0,0.0
10.133333333333333,27.588936,27.51731635342986,0.0007508560209924368,0.009281556188098833,4.1731021966859695e-25,1.551359751543041e-42,3.2212338927981305e-05,4.0453419858100805e-06,0.002691223616573229,27.50455645992328,0.0,0.0,0.0,0.0,0.0,0.0
10.15,24.836596,25.009700767484496,0.00074501113985206,0.009225060918527388,3.44016667244648e-25,9.697502513931077e-43,2.930842352067571e-05,3.478112302061337e-06,0.002263869251942772,24.99743403963835,0.0,0.0,0.0,0.0,0.0,0.0
10.166666666666666,22.06085,22.444684924297544,0.000739210985751011,0.009168853483925819,2.8358077207576936e-25,6.061870164162962e-43,2.6662896719924138e-05,2.989515443630338e-06,0.0019029247167786196,22.432844282698923,0.0,0.0,0.0,0.0,0.0,0.0
10.183333333333334,19.378723,19.90730883723003,0.0007334552255338565,0.009112933120341555,2.337496874668015e-25,3.789245245496158e-43,2.425311406497724e-05,2.5687901954874094e-06,0.001598340348116912,19.895837286631778,0.0,0.0,0.0,0.0,0.0,0.0
10.2,16.860426,17.46453660602285,0.0007277435284129682,0.009057299055172134,1.9266480498801731e-25,2.3686350938928524e-43,2.2058380232563196e-05,2.2066266329818702e-06,0.0013415369845849337,17.453385761447816,0.0,0.0,0.0,0.0,0.0,0.0
10.216666666666669,14.566809,15.165750340090344,0.0007220755659532182,0.00900195050738135,1.5879285339401745e-25,1.4806178195725845e-43,2.00597848665885e-05,1.8949736787583229e-06,0.0011252001772535864,15.154879159081212,0.0,0.0,0.0,0.0,0.0,0.0
10.233333333333333,12.521276,13.044272240388,0.0007164510120567521,0.008946886687712222,1.3086902337956278e-25,9.255228759073634e-44,1.8240051868160918e-05,1.6268716766758516e-06,0.0009431014389564219,13.03364593432573,0.0,0.0,0.0,0.0,0.0,0.0
10.25,10.7331915,11.1195068254791,0.0007108695429478305,0.00889210679889658,1.0785002209376424e-25,5.785364448457784e-44,1.6583401079833588e-05,1.3963068069167035e-06,0.0007899433148232481,11.109095926114545,0.0,0.0,0.0,0.0,0.0,0.0
10.266666666666667,9.193192,9.399368043248783,0.0007053308371577603,0.008837610035861625,8.887532615782519e-26,3.616376784295125e-44,1.5075421378576228e-05,1.198084558031757e-06,0.000661225373758524,9.389147603496069,0.0,0.0,0.0,0.0,0.0,0.0
10.283333333333331,7.882553,7.8827364450630055,0.0006998345755098909,0.008783395585933218,7.323520334998256e-26,2.2605598701885615e-44,1.3702954266846639e-05,1.0277198167093484e-06,0.0005531285201448817,7.872685355707334,0.0,0.0,0.0,0.0,0.0,0.0
10.3,6.777872,6.56176868100706,0.0006943804411046906,0.008729462629036027,6.034432213868484e-26,1.413050722628788e-44,1.2453987120715557e-05,8.813414398432318e-07,0.00046241530474518057,6.551869087303614,0.0,0.0,0.0,0.0,0.0,0.0
10.316666666666666,5.8510637,5.423948766703988,0.0006889681193049051,0.008675810337890789,4.9719973956682497e-26,8.832810063915574e-45,1.1317555318565576e-05,7.556094407086702e-07,0.0003863441723018978,5.414185570909731,0.0,0.0,0.0,0.0,0.0,0.0
10.333333333333334,5.0787234,4.453824845562951,0.0006835972977207821,0.008622437878208317,4.096410303457346e-26,5.521275777340633e-45,1.0283652533776856e-05,6.476431559379042e-07,0.0003225958202517456,4.44418528327108,0.0,0.0,0.0,0.0,0.0,0.0
10.35,4.4468083,3.634415979737696,0.00067826766619538,0.008569344408880694,3.374847896882316e-26,3.4512736964117104e-45,9.343148530376861e-06,5.549589662714769e-07,0.0002692100584896509,3.6248892594966335,0.0,0.0,0.0,0.0,0.0,0.0
10.366666666666667,3.9178722,2.9483018770023084,0.0006729789167899505,0.008516529082169426,2.780246312378881e-26,2.1573409244563284e-45,8.487713852088083e-06,4.7541632508303995e-07,0.00022453175489062487,2.938878874118281,0.0,0.0,0.0,0.0,0.0,0.0
10.383333333333333,3.4778724,2.378426276006516,0.0006677307437693967,0.008463991043890727,2.2902915706809692e-26,1.3485206053248768e-45,7.709750842898015e-06,4.071710074117551e-07,0.0001871646263234401,2.3690992726706823,0.0,0.0,0.0,0.0,0.0,0.0
10.4,3.112766,1.9086541650808524,0.0006625228435878087,0.008411729433597932,1.8865869419335282e-26,8.429383662135123e-46,7.002330481406843e-06,3.4863463132383084e-07,0.00015593179136210534,1.8994166300471917,0.0,0.0,0.0,0.0,0.0,0.0
10.416666666666666,2.8131914,1.5241262649564364,0.0006573549148740741,0.008359743384761092,1.5539660875704997e-26,5.269064199566038e-46,6.359134552058417e-06,2.9843962521063145e-07,0.00012984214014526306,1.5149726669424788,0.0,0.0,0.0,0.0,0.0,0.0
10.433333333333334,2.5604255,1.211453191675634,0.000652226658417565,0.008308032024943736,1.2799264891177854e-26,3.2935980664429677e-46,5.7744027141290984e-06,2.5540892119012664e-07,0.00010806170022888901,1.2023788414804084,0.0,0.0,0.0,0.0,0.0,0.0
10.45,2.3451064,0.9587880266791475,0.0006471377771539017,0.008256594475976951,1.0541621252398191e-26,2.0587667843129443e-46,5.242884064276931e-06,2.1852974795323557e-07,8.988928621349562e-05,0.949788943725991,0.0,0.0,0.0,0.0,0.0,0.0
10.466666666666669,2.167234,0.7558108929697563,0.0006420879761507897,0.008205429854130667,8.681780332823964e-27,1.2868951274825064e-46,4.759792820717608e-06,1.869309778120059e-07,7.47358167619342e-05,0.7468836925989144,0.0,0.0,0.0,0.0,0.0,0.0
10.483333333333333,2.012766,0.5936534705475246,0.000637076962593937,0.008154537270282378,7.149724254482369e-27,8.044121378385761e-47,4.320767786904324e-06,1.5986355380199965e-07,6.210676666355137e-05,0.584795268916644,0.0,0.0,0.0,0.0,0.0,0.0
10.5,1.8863829,0.46478579365866235,0.0006321044457730394,0.008103915830083045,5.8877453423928404e-27,5.028211457684958e-47,3.921835280100875e-06,1.3668358473415785e-07,5.1587295077215774e-05,0.4559941275688642,0.0,0.0,0.0,0.0,0.0,0.0
10.516666666666667,1.7740425,0.36288253719528024,0.0006271701370678496,0.008053564634120604,4.848284291619312e-27,3.1430255834352646e-47,3.559375235638956e-06,1.1683775020236051e-07,4.282965515069497e-05,0.35415529655595523,0.0,0.0,0.0,0.0,0.0,0.0
10.533333333333331,1.6851064,0.28268152381811723,0.0006222737499343192,0.00800348277808073,3.99214753103594e-27,1.964634508369442e-47,3.2300902210717596e-06,9.985070471601738e-08,3.554254592836761e-05,0.27401689480324803,0.0,0.0,0.0,0.0,0.0,0.0
10.55,1.6055319,0.2198434448058472,0.0006174149998908057,0.00795366935290514,3.287037351916126e-27,1.2280472981681663e-47,2.9309771160426544e-06,8.531421121155115e-08,2.9482115795879318e-05,0.21123986204592812,0.0,0.0,0.0,0.0,0.0,0.0
10.566666666666666,1.5446808,0.1708187795178892,0.0006125936045043776,0.007904123444947434,2.706339993075837e-27,7.676228577076899e-48,2.6593012336005275e-06,7.287776996450033e-08,2.4444368551136646e-05,0.16227488592088268,0.0,0.0,0.0,0.0,0.0,0.0
10.583333333333334,1.4885106,0.1327255622627249,0.0006078092833771658,0.007854844136126369,2.2281264667757914e-27,4.7982203224799715e-48,2.4125726770393323e-06,6.224054004590325e-08,2.0258759332273513e-05,0.12424017527067201,0.0,0.0,0.0,0.0,0.0,0.0
10.6,1.446383,0.1032398955386536,0.0006030617581328153,0.00780583050407678,1.8343288253760295e-27,2.999245119656642e-48,2.1885247432443495e-06,5.314437753156223e-08,1.6782798789060216e-05,0.09481197880853418,0.0,0.0,0.0,0.0,0.0,0.0
10.616666666666667,1.4089361,0.08049984909807763,0.0005983507524029917,0.007757081622298053,1.5100611004939382e-27,1.874749419743854e-48,1.9850941990857867e-06,4.536783819630017e-08,1.3897510691364628e-05,0.07212848875064794,0.0,0.0,0.0,0.0,0.0,0.0
10.633333333333333,1.380851,0.06302252017027887,0.0005936759918139789,0.007708596560300285,1.2430595358420218e-27,1.1718553071608693e-48,1.8004032717270862e-06,3.872101286063515e-08,1.1503611192721826e-05,0.0547069048826873,0.0,0.0,0.0,0.0,0.0,0.0
10.65,1.3574468,0.04963347434305244,0.0005890372039733347,0.0076603743837480205,1.0232211815100174e-27,7.324943096922766e-49,1.6327432068932435e-06,3.3041081300287375e-08,9.518297708850381e-06,0.041372878673334036,0.0,0.0,0.0,0.0,0.0,0.0
10.666666666666666,1.3387234,0.03940746321322883,0.0005844341184566373,0.007612414154601794,8.422235859497395e-28,4.5786139196094955e-49,1.4805592612694676e-06,2.8188486026802518e-08,7.872552270924066e-06,0.031201233640152173,0.0,0.0,0.0,0.0,0.0,0.0
10.683333333333334,1.3246808,0.031619160635463994,0.0005798664667942886,0.007564714931257271,6.932113482885465e-28,2.861958305177354e-49,1.3424370063469365e-06,2.4043640603499584e-08,6.508878658351106e-06,0.023466703878107134,0.0,0.0,0.0,0.0,0.0,0.0
10.7,1.3199999,0.025702623176867632,0.000575333982458409,0.007517275768682289,5.705377900990942e-28,1.7889248373682294e-49,1.2170898312811447e-06,2.0504098740284023e-08,5.379404944361384e-06,0.017603396426852554,0.0,0.0,0.0,0.0,0.0,0.0
10.716666666666669,1.3153192,0.021218222379069975,0.0005708364008497871,0.0074700957185515485,4.695520650335793e-28,1.1182023552955616e-49,1.103347541744281e-06,1.748212044502465e-08,4.444293595179716e-06,0.01317172513641127,0.0,0.0,0.0,0.0,0.0,0.0
10.733333333333333,1.3199999,0.017825886509891267,0.0005663734592849235,0.00742317382937926,3.8642372327067663e-28,6.989534180000301e-50,1.0001459604053875e-06,1.4902580200466318e-08,3.6704102070389566e-06,0.009831653762479438,0.0,0.0,0.0,0.0,0.0,0.0
10.75,1.3246808,0.0152636056063532,0.0005619448969831238,0.007376509146649458,3.1799814863160094e-28,4.368935053768317e-50,9.065174426160262e-07,1.2701169660209943e-08,3.0302095677782398e-06,0.007321202134540566,0.0,0.0,0.0,0.0,0.0,0.0
10.766666666666667,1.3387234,0.013330280221323215,0.0005575504550536903,0.007330100712944423,2.616774415907731e-28,2.7308791014789993e-50,8.215822281754959e-07,1.082285386898003e-08,2.500804184457083e-06,0.005439295844058601,0.0,0.0,0.0,0.0,0.0,0.0
10.783333333333331,1.3574468,0.011872120905276794,0.0005531898764831659,0.00728394756807082,2.1532227421444565e-28,1.7069818070394556e-50,7.445405567438623e-07,9.220545644956582e-09,2.063185892096989e-06,0.004032166513728321,0.0,0.0,0.0,0.0,0.0,0.0
10.8,1.380851,0.01077192543332821,0.0005488629061226594,0.007238048749183818,1.7717102878027498e-28,1.0669764848639517e-50,6.746654806162096e-07,7.853967632099498e-09,1.7015757952224735e-06,0.0029826296827782624,0.0,0.0,0.0,0.0,0.0,0.0
10.816666666666666,1.4089361,0.009940670288080163,0.0005445692906752471,0.007192403290909271,1.4577317972521987e-28,6.669301402492237e-51,6.112963142075844e-07,6.688675739478382e-09,1.4028817170413644e-06,0.0022016768397886558,0.0,0.0,0.0,0.0,0.0,0.0
10.833333333333334,1.4417021,0.009310950087502127,0.0005403087786834351,0.0071470102254637315,1.1993441278531286e-28,4.168745534714358e-51,5.538326647668378e-07,5.6952213208893215e-09,1.1562456471756705e-06,0.0016219153098216983,0.0,0.0,0.0,0.0,0.0,0.0
10.85,1.4791489,0.008831883018885735,0.0005360811205167077,0.0071018685827726235,9.867141565162567e-29,2.605733376722888e-51,5.017289935779401e-07,4.848432588207207e-09,9.526664789550674e-07,0.001192474071691283,0.0,0.0,0.0,0.0,0.0,0.0
10.866666666666667,1.5212766,0.008465172297976074,0.0005318860683591331,0.007056977390586367,8.117463760432963e-29,1.628748833814043e-51,4.544896612509013e-07,4.126798462530714e-09,7.846856893835174e-07,0.0008750655368814765,0.0,0.0,0.0,0.0,0.0,0.0
10.883333333333333,1.5680851,0.008182074135562822,0.0005277233761970552,0.007012335674594625,6.677761496090904e-29,1.0180704110392545e-51,4.1166441468632723e-07,3.5119404061323236e-09,6.461256056423432e-07,0.000640953782810408,0.0,0.0,0.0,0.0,0.0,0.0
10.9,1.6148936,0.007961072856164783,0.0005235927998068425,0.006967942458538608,5.493170596682683e-29,6.363573612978043e-52,3.728442769446873e-07,2.98815979566458e-09,5.318715782475163e-07,0.0004686298938043453,0.0,0.0,0.0,0.0,0.0,0.0
10.916666666666666,1.6710638,0.007786104972530776,0.0005194940967427221,0.006923796764321571,4.5185282192670705e-29,3.9776255087062696e-52,3.376578045927341e-07,2.5420501365681676e-09,4.376907911884174e-07,0.00034203622082056576,0.0,0.0,0.0,0.0,0.0,0.0
10.933333333333334,1.727234,0.007645207464218252,0.0005154270263246709,0.006879897612117365,3.7166591188319033e-29,2.4862584848297033e-52,3.057676801585984e-07,2.162164917888791e-09,3.6008162475386773e-07,0.000249214814306386,0.0,0.0,0.0,0.0,0.0,0.0
10.95,1.7880851,0.007529492449637063,0.0005113913496263907,0.006836244020477269,3.056964335719765e-29,1.5540616170462218e-52,2.7686761012838307e-07,1.8387331984640188e-09,2.961484823294222e-07,0.00018128222470774734,0.0,0.0,0.0,0.0,0.0,0.0
10.966666666666669,1.8629787,0.00743237197438916,0.0005073868294633408,0.006792835006434906,2.514258992642808e-29,9.713813551144337e-53,2.506795014805387e-07,1.5634161279941336e-09,2.434978279502018e-07,0.00013165439774535356,0.0,0.0,0.0,0.0,0.0,0.0
10.983333333333333,1.9565958,0.007349113094349377,0.0005034132303808557,0.006749669585609531,2.067815276924779e-29,6.071707883031387e-53,2.269508921006753e-07,1.3290985643977881e-09,2.001518820166276e-07,9.546248047807427e-05,1.393660082331775e-07,0.0,0.0,0.0,0.0,0.0
11.0,2.073617,0.007334582059388196,0.0004994703186423142,0.006706746772307389,1.7005744202933153e-29,3.795172798236509e-53,2.0545261256559167e-07,1.1297107732780708e-09,1.6447700965858202e-07,6.911382880046985e-05,5.888008030502536e-05,0.0,0.0,0.0,0.0,0.0
11.016666666666667,2.2421277,0.008829664883945664,0.0004955578622173978,0.0066640655796215195,1.3984978640338458e-29,2.372202850112763e-53,1.8597665874898547e-07,9.6007590465258e-10,1.351243278134315e-07,4.9963068642192424e-05,0.0016197563124020855,0.0,0.0,0.0,0.0,0.0
11.033333333333331,2.480851,0.022055531136536265,0.0004916756307704048,0.006621625019529764,1.150033050796253e-29,1.4827627891208367e-53,1.6833425649641041e-07,8.157795521837314e-10,1.1098046840727478e-07,3.606629599338887e-05,0.01490588405973825,0.0,0.0,0.0,0.0,0.0
11.05,2.8412766,0.08277140997818101,0.0004878233956486365,0.006579424102991055,9.456736130811207e-30,9.268108801890032e-54,1.5235410125889635e-07,6.930582247070475e-10,9.112677896603718e-08,2.5997885675144927e-05,0.07567792041992773,0.0,0.0,0.0,0.0,0.0
11.066666666666666,3.365532,0.27128994816176366,0.00048400092987085995,0.006537461840040217,7.775972950011188e-30,5.793088473970468e-54,1.378807570752184e-07,5.887040107298187e-10,7.48055293808497e-08,1.8714306754737067e-05,0.2642495578101074,0.0,0.0,0.0,0.0,0.0
11.083333333333334,4.137872,0.7202283132861526,0.0004802080081158278,0.006495737239880912,6.39367882368033e-30,3.621002252382361e-54,1.2477320066409293e-07,4.999831039894838e-10,6.139193355011917e-08,1.3453129102792735e-05,0.7132387282439357,0.0,0.0,0.0,0.0,0.0
11.1,5.237872,1.6020568824002472,0.00047644440671087583,0.006454249310977162,5.256898369956239e-30,2.2633255588648993e-54,1.129034976409829e-07,4.245661909499166e-10,5.0370994910713254e-08,9.658302967481243e-06,1.595116366680533,0.0,0.0,0.0,0.0,0.0
11.116666666666667,6.7497873,3.0977777201011025,0.0004727099036205843,0.006412997061143154,4.3220632540427585e-30,1.4147016587302164e-54,1.0215559901880967e-07,3.6046898688354043e-10,4.1318351919349665e-08,6.92500166249934e-06,3.090884944300256,0.0,0.0,0.0,0.0,0.0
11.133333333333333,8.776596,5.356429849755095,0.0004690042784355084,0.006371979497631586,3.553329749461933e-30,8.842647298140098e-55,9.242424719768509e-08,3.060014525114049e-10,3.3884438787235096e-08,4.958994172080661e-06,5.3495837803701685,0.0,0.0,0.0,0.0,0.0
11.15,11.374468,8.457875659340969,0.00046532731236097695,0.006331195627220356,2.9212104360639734e-30,5.527125822842499e-55,8.361398160362337e-08,2.597244337094111e-10,2.77813927669718e-08,3.546783104413953e-06,8.451075477963185,0.0,0.0,0.0,0.0,0.0
11.166666666666666,14.594893,12.388891318509936,0.0004616787882059577,0.006290644456297839,2.4014480437342042e-30,3.4547451096254644e-55,7.563823500812638e-08,2.2041264741884988e-10,2.2772235867258773e-08,2.5337000751410724e-06,12.382136362934473,0.0,0.0,0.0,0.0,0.0
11.183333333333334,18.414469,17.037411753234117,0.0004580584903719906,0.006250324990946558,1.9740886313537413e-30,2.1593959590161545e-55,6.841851235639422e-08,1.8702309182468865e-10,1.8661939234452836e-08,1.8078696957914553e-06,17.03070147461563,0.0,0.0,0.0,0.0,0.0
11.2,22.758297,22.20441277324699,0.00045446620484218775,0.0062102362370254705,1.6227188517456374e-30,1.3497339593650482e-55,6.188364465840544e-08,1.5866809170659577e-10,1.5290045276630705e-08,1.2884922269778125e-06,22.19774670498054,0.0,0.0,0.0,0.0,0.0
11.216666666666669,27.509361,27.629003952447146,0.0004509017191702996,0.006170377200250706,1.3338382804276836e-30,8.436526700010267e-56,5.596911115994338e-08,1.345923037401787e-10,1.2524578162945003e-08,9.172976233938927e-07,27.62238168760182,0.0,0.0,0.0,0.0,0.0
11.233333333333333,32.47106,33.02045096497648,0.00044736482246985,0.006130746886274953,1.0963429141349276e-30,5.273255550062829e-56,5.0616423615519944e-08,1.1415310411180022e-10,1.0257019488811989e-08,6.523237463089171e-07,33.0138721399564,0.0,0.0,0.0,0.0,0.0
11.25,37.367233,38.090851196474325,0.00044385530540333175,0.006091344300765311,9.011001680055128e-31,3.296048374601202e-56,4.5772567036797844e-08,9.680386441508055e-11,8.398164226729115e-09,4.633945084810454e-07,38.08431547920611,0.0,0.0,0.0,0.0,0.0
11.266666666666667,41.902977,42.58345542864027,0.0004403729601714751,0.006052168449479858,7.405991776657367e-31,2.060193268739442e-56,4.138949179339028e-08,8.207969340549694e-11,6.874703895606685e-09,3.2883901567919723e-07,42.57696251004533,0.0,0.0,0.0,0.0,0.0
11.283333333333331,45.82085,46.293486053501915,0.00043691758050257954,0.006013218338342787,6.086630757004861e-31,1.2877216035437992e-56,3.742365240171234e-08,6.958528350527963e-11,5.626410273469737e-09,2.3311500450073358e-07,46.28703564134842,0.0,0.0,0.0,0.0,0.0
11.3,48.896168,49.08019138114492,0.0004334889616419037,0.005974492973518124,5.002122694970533e-31,8.048883349092796e-57,3.383558875599081e-08,5.898455344063465e-11,4.603814862925841e-09,1.6509005506412894e-07,49.07378319562132,0.0,0.0,0.0,0.0,0.0
11.316666666666666,50.97915,50.870436037910146,0.0004300869003411366,0.005935991361482249,4.1106968843831745e-31,5.0309374906024985e-57,3.0589545936920145e-08,4.999182331530956e-11,3.766297457376768e-09,1.168004364109162e-07,50.86406980844205,0.0,0.0,0.0,0.0,0.0
11.333333333333334,51.994892,51.655194042233106,0.00042671119484791404,0.005897712509094905,3.378005664113604e-31,3.1445742099085355e-57,2.7653129081052762e-08,4.236429686010316e-11,3.080512183080329e-09,8.255619713438243e-08,51.64886950519696,0.0,0.0,0.0,0.0,0.0
11.35,51.957447,51.48086925332387,0.000423361644895417,0.005859655423669073,2.775806411414145e-31,1.9655061946776686e-57,2.4996990110852134e-08,3.5895658475653384e-11,2.5190918361767416e-09,5.829684852222979e-08,51.47458615040647,0.0,0.0,0.0,0.0,0.0
11.366666666666667,50.94638,50.43749656044535,0.0004200380516920212,0.005821819113039439,2.280877348281966e-31,1.2285324431866886e-57,2.259454341394542e-08,3.0410620801930534e-11,2.059581634267879e-09,4.112812646973907e-08,50.43125463746795,0.0,0.0,0.0,0.0,0.0
11.383333333333333,49.088085,48.645697899862434,0.00041674021791101977,0.005784202585629664,1.8741257203156625e-31,7.67889076450843e-58,2.04217078231173e-08,2.5760282586477143e-11,1.683562024795258e-09,2.8989401090552747e-08,48.639496905938465,0.0,0.0,0.0,0.0,0.0
11.4,46.546383,46.243906226354135,0.00041346794768040474,0.005746804850518363,1.5398542455179002e-31,4.799654750156291e-58,1.845667248809822e-08,2.1818177170595157e-11,1.3759272412318243e-09,2.0415207970607214e-08,46.23774591328631,0.0,0.0,0.0,0.0,0.0
11.416666666666666,43.489788,43.37693623753758,0.000410221046572713,0.005709624917503864,1.265157770376094e-31,2.999999343829861e-58,1.6679684448378207e-08,1.8476909471514666e-11,1.1242921255637024e-09,1.436448877462064e-08,43.37081635938656,0.0,0.0,0.0,0.0,0.0
11.433333333333334,40.10085,40.18655309708674,0.0004069993215949368,0.005672661797167751,1.0394270417243382e-31,1.87513256029897e-58,1.507285591491877e-08,1.5645294340009443e-11,9.18504551396617e-10,1.0098472165569565e-08,40.18047340986249,0.0,0.0,0.0,0.0,0.0
11.45,36.557446,36.80432027127017,0.00040380258117849463,0.00563591450093721,8.539405942805451e-32,1.1720400364324205e-58,1.3619989449521739e-08,1.3245921986562455e-11,7.502447603676853e-10,7.093448581841162e-09,36.798280532711125,0.0,0.0,0.0,0.0,0.0
11.466666666666669,32.99064,33.34671992772063,0.00040063063516926757,0.0055993820411461715,7.015291209011029e-32,7.325758179928507e-59,1.2306419395263264e-08,1.1213087111490837e-11,6.126962097807654e-10,4.978543990732328e-09,33.340719897135436,0.0,0.0,0.0,0.0,0.0
11.483333333333333,29.522127,29.912339825620975,0.00039748329481769696,0.0055630634310953365,5.762994635892104e-32,4.578912787337745e-59,1.111886806128528e-08,9.491027716663341e-12,5.002752412720968e-10,3.491380379094803e-09,29.906379263775047,0.0,0.0,0.0,0.0,0.0
11.5,26.226809,26.58080213524995,0.0003943603727689412,0.005526957685110966,4.734076435723993e-32,2.86201449458065e-59,1.0045315301624374e-08,8.032427550702087e-12,4.084091180998061e-10,2.4465179878299147e-09,26.574880804283797,0.0,0.0,0.0,0.0,0.0
11.516666666666667,23.165531,23.413058000047307,0.00039126168305309955,0.0054910638186026475,3.888722251541381e-32,1.7888789447455867e-59,9.07488025189493e-09,6.797142944740869e-12,3.3335382457094547e-10,1.7130200287489562e-09,23.4071756634176,0.0,0.0,0.0,0.0,0.0
11.533333333333331,20.375744,20.452670112884455,0.00038818704107549534,0.005455380848119869,3.194208520075242e-32,1.118123421111115e-59,8.197714100552709e-09,5.7511206019505745e-12,2.720445432592795e-10,1.1985203930462996e-09,20.44682653532123,0.0,0.0,0.0,0.0,0.0
11.55,17.87617,17.727737733251427,0.00038513626360701486,0.005419907791407461,2.623640649592617e-32,6.988729122812657e-60,7.4049028742115025e-09,4.865477856819828e-12,2.2197298039467708e-10,8.379215985053337e-10,17.72193268072675,0.0,0.0,0.0,0.0,0.0
11.566666666666666,15.671489,15.253170208254227,0.00038210916877452024,0.005384643667460101,2.154915555381048e-32,4.3682385226332114e-60,6.688379309928266e-09,4.115721144063926e-12,1.810867437510334e-10,5.853857683065253e-10,15.247403447959025,0.0,0.0,0.0,0.0,0.0
11.583333333333334,13.738297,13.033074942907616,0.00037910557605130683,0.00534958749657555,1.769868695018467e-32,2.7303238115153804e-60,6.040842972351136e-09,3.4810820185541223e-12,1.4770682909334286e-10,4.08664999540789e-10,13.027346243234293,0.0,0.0,0.0,0.0,0.0
11.6,12.053191,11.063085773693842,0.0003761253062476352,0.005314738300407,1.4535728202764172e-32,1.7065603324197707e-60,5.45568785091862e-09,2.9439531378984858e-12,1.2045997265246316e-10,2.8509183386465775e-10,11.057394904223004,0.0,0.0,0.0,0.0,0.0
11.616666666666667,10.611489,9.332512544899398,0.00037316818150131225,0.005280095102014277,1.1937614825703527e-32,1.0666668950161942e-60,4.9269367425572395e-09,2.489409236061278e-12,9.822320452462297e-11,1.9874653065811894e-10,9.326859276389486,0.0,0.0,0.0,0.0,0.0
11.633333333333333,9.389787,7.826239418859435,0.0003702340252683416,0.005245656925914071,9.803551166198004e-33,6.66708003666365e-61,4.449181789213966e-09,2.104800346245787e-12,8.007841311056197e-11,1.384576749140724e-10,7.82062352323843,0.0,0.0,0.0,0.0,0.0
11.65,8.36,6.526336893914864,0.000367322662313624,0.00521142279812913,8.050714653297691e-33,4.167179474576435e-61,4.017530597625515e-09,1.7794064309885089e-12,6.527512168768844e-11,9.639229721759932e-11,6.520758144273444,0.0,0.0,0.0,0.0,0.0
11.666666666666666,7.4940424,5.413380722910706,0.00036443391870172645,0.005177391746236487,6.611053484224438e-33,2.6046443335462117e-61,3.627557421510299e-09,1.5041441955900052e-12,5.319999978507921e-11,6.706260703244029e-11,5.407838893496443,0.0,0.0,0.0,0.0,0.0
11.683333333333334,6.7685103,4.467490765562528,0.00036156762178770116,0.0051435627994146586,5.4286544191603785e-33,1.6279997734533537e-61,3.2752589343304693e-09,1.2713182390834207e-12,4.335189644627329e-11,4.662686339431406e-11,4.461985631774817,1.5542748860124488e-18,0.0,0.0,0.0,0.0
11.7,6.164681,3.66911555523906,0.0003587236002079719,0.005109934988489927,4.457579271232342e-33,1.0175598030555443e-61,2.9570141643603025e-09,1.074409870324123e-12,3.5321399816867545e-11,3.2397714631487456e-11,3.663646869834727,2.378982769224058e-08,0.0,0.0,0.0,0.0
11.716666666666669,5.654468,2.999601491990937,0.00035590168387126945,0.005076507345981618,3.6600867030577644e-33,6.360118946753292e-62,2.669548203393887e-09,9.078979156792105e-13,2.877410610837505e-11,2.2496739323643754e-11,2.9941627761333023,6.304106055072257e-06,0.0,0.0,0.0,0.0
11.733333333333333,5.2285104,2.4416939747590622,0.0003531017039496369,0.005043278906146512,3.0051707650414943e-33,3.975302923377832e-62,2.4098993364034175e-09,7.671066949963655e-13,2.3436927729931998e-11,1.5611919681670173e-11,2.436142116599131,0.0001554751001195916,0.0,0.0,0.0,0.0
11.75,4.8774467,1.9804525137832323,0.00035032349286947737,0.005010248705022209,2.4673598014747848e-33,2.4847054649006333e-62,2.1753892721341873e-09,6.480770660312168e-13,1.9086890899881552e-11,1.0827519331432342e-11,1.97368820348819,0.001403735891198823,0.0,0.0,0.0,0.0
11.766666666666667,4.587234,1.6050815747425917,0.00034756688430267574,0.00497741578046972,2.0257293756776608e-33,1.5530280551248228e-62,1.9635961843060753e-09,5.474570530856876e-13,1.5541972008486404e-11,7.504846999379836e-12,1.5925065069825028,0.007250083108125853,0.0,0.0,0.0,0.0
11.783333333333331,4.3531914,1.311437716028571,0.0003448317131577651,0.004944779172215057,1.6630911092892285e-33,9.706963313106525e-63,1.7723303000416137e-09,4.624090992536061e-13,1.2653603236477866e-11,5.198752207899029e-12,1.2799229637586884,0.026225139593864775,0.0,0.0,0.0,0.0
11.8,4.18,1.104185803257062,0.00034211781557115495,0.004912337921889957,1.36532610962664e-33,6.067184169447733e-63,1.5996117966181754e-09,3.9053142703933743e-13,1.0300544599690895e-11,3.5991908603818556e-12,1.0248378374444602,0.0740935084612386,0.0,0.0,0.0,0.0
11.816666666666666,4.0676594,0.9974384042892044,0.0003394250288984187,0.004880091073071789,1.1208372329089604e-33,3.792195102058266e-63,1.443650789863837e-09,3.2979137083876533e-13,8.383874285969946e-12,2.4903655988485176e-12,0.8176357027655676,0.17458318396681172,0.0,0.0,0.0,0.0
11.833333333333334,4.020851,1.013218431148911,0.0003367531917056312,0.0048480376713225075,9.200990140819152e-34,2.37024846822798e-63,1.3028292176891318e-09,2.7846886676699566e-13,6.8228940146273285e-12,1.72217668129862e-12,0.6500680440116728,0.3579655949625573,0.0,0.0,0.0,0.0
11.85,4.0582976,1.1778479564138422,0.000334102143760768,0.004816176764226825,7.5528786200752544e-34,1.481483384214773e-63,1.1756844405624166e-09,2.351085590350098e-13,5.551782939214326e-12,1.1902891292696501e-12,0.515121265414237,0.657576410908956,0.0,0.0,0.0,0.0
11.866666666666667,4.1893616,1.5170052324944752,0.0003314717260251572,0.004784507401429525,6.19978216667767e-34,9.25975307993738e-64,1.060894397356234e-09,1.984792147131879e-13,4.5168637766251126e-12,8.222258199282372e-13,0.40687970181621635,1.1050095504843722,0.0,0.0,0.0,0.0
11.883333333333333,4.432766,2.050506895636716,0.00032886178064498855,0.004753028634671955,5.088929118682818e-34,5.7876430650000736e-64,9.572641700789273e-10,1.67539336408413e-13,3.674369567871546e-12,5.676717242266177e-13,0.32039052328578194,1.7250344809739433,0.0,0.0,0.0,0.0
11.9,4.807234,2.7878456712591815,0.00032627215094287556,0.004721739517827687,4.176980806456759e-34,3.6174604149833534e-64,8.637138246937301e-10,1.4140803034262975e-13,2.988619734488491e-12,3.9171884762997423e-13,0.2515352337661039,2.5312624249570717,0.0,0.0,0.0,0.0
11.916666666666666,5.331489,3.725241173571609,0.00032370268140947695,0.004690639106937413,3.4283466173508767e-34,2.2610259749688317e-64,7.792674076496141e-10,1.1934033000221995e-13,2.4305306915476457e-12,2.701632003558481e-13,0.1969107308353487,3.523316100165826,0.0,0.0,0.0,0.0
11.933333333333334,6.019574,4.844575540040535,0.0003211532176951658,0.004659726460243016,2.8137998027929572e-34,1.4132110802375966e-64,7.030429890165438e-10,1.0070629671315085e-13,1.9763998723210616e-12,1.862326492723384e-13,0.1537215657639481,4.685873093893342,0.0,0.0,0.0,0.0
11.95,6.8668084,6.11420452051867,0.00031862360660176163,0.0046290006382209035,2.3093403893485607e-34,8.833000112553185e-65,6.342436533417559e-10,8.497332140905978e-14,1.6069131515752258e-12,1.283118203667621e-13,0.1196840591216363,5.989572836516147,0.0,0.0,0.0,0.0
11.966666666666669,7.8731914,7.491336363419858,0.00031611369607430716,0.004598460703614511,1.8952611144661265e-34,5.520890833490827e-65,5.721493486164455e-10,7.169113923889061e-14,1.3063347681717513e-12,8.836127311594109e-14,0.09294222635748792,7.393479562089066,0.0,0.0,0.0,0.0
11.983333333333333,9.015319,8.92549025896932,0.0003136233351929097,0.004568105721466152,1.5553801645575777e-34,3.450720683559469e-65,5.161095121535143e-10,6.047914284045943e-14,1.0618463073857855e-12,6.081978521535766e-14,0.07199499338319422,8.848613536012175,0.0,0.0,0.0,0.0
12.0,10.241702,10.362483284557047,0.00031115237416462277,0.00453793475914798,1.2764109506466212e-34,2.1568015128252654e-65,4.655363998045942e-10,5.1015643069947263e-14,8.63007407953239e-13,4.184258583578449e-14,0.05563388387561478,10.302000313081628,0.0,0.0,0.0,0.0
12.016666666666667,11.505531,11.748427851426321,0.00030870066431539574,0.004507946886392386,1.0474444640762356e-34,1.34806327943789e-65,4.198990518621767e-10,4.3028779412811315e-14,7.013158534415459e-13,2.87730496410752e-14,0.04289019466170362,11.700721008793238,0.0,0.0,0.0,0.0
12.033333333333331,12.750638,13.033318930057979,0.00030626805808206406,0.004478141175321543,8.595241164432621e-35,8.425779837652336e-66,3.787178352640228e-10,3.628882764327942e-14,5.698487930710734e-13,1.9776525070452277e-14,0.03299060737223389,12.995543913072998,0.0,0.0,0.0,0.0
12.05,13.9114895,14.17391969307061,0.0003038544090043982,0.004448516700476274,7.052965523678829e-35,5.266349353396479e-66,3.415595074040001e-10,3.060169076803385e-14,4.629701783660891e-13,1.358669055031966e-14,0.02532018467866667,14.143847136940396,0.0,0.0,0.0,0.0
12.066666666666666,14.936596,15.135788709886722,0.00030145957171720566,0.00441907253884428,5.787248692934603e-35,3.2916144187511624e-66,3.080327520085458e-10,2.5803391921485522e-14,3.760922340095774e-13,9.329961116760284e-15,0.019391745177359972,15.111676432290356,0.0,0.0,0.0,0.0
12.083333333333334,15.78851,15.894412245577815,0.00029908340194248115,0.00438980776988758,4.748530990196333e-35,2.0573490501054385e-66,2.7778414221058444e-10,2.1755415556694302e-14,3.054810146597634e-13,6.403998369147921e-15,0.014820685011571709,15.874902669116295,0.0,0.0,0.0,0.0
12.1,16.420425,16.435500345382174,0.00029672575648161163,0.004360721475569354,3.8961279462955194e-35,1.285898649399878e-66,2.504944901889034e-10,1.834076674659293e-14,2.4809792489916993e-13,4.393701431004994e-15,0.011304403734047777,16.41953849416531,0.0,0.0,0.0,0.0
12.116666666666667,16.822979,16.75457089094391,0.00029438649320763234,0.0043318127403800515,3.196642007551962e-35,8.037208539701625e-67,2.2587554657918801e-10,1.546063831074236e-14,2.014705711557202e-13,3.013148146522476e-15,0.008605587438021318,16.741339104046205,0.0,0.0,0.0,0.0
12.133333333333333,16.982128,16.855982479978696,0.00029206547105753336,0.004303080651362909,2.622658279337608e-35,5.02346606213212e-67,2.0366701634209576e-10,1.3031592354190097e-14,1.6358753314787153e-13,2.065492642085313e-15,0.006538697411920163,16.84484863624051,0.0,0.0,0.0,0.0
12.15,16.911915,16.751588861833955,0.0002897625500246178,0.0042745242981387455,2.1516735508471633e-35,3.1397961199962155e-67,1.8363386092577356e-10,1.0983177105986744e-14,1.3281263791674148e-13,1.415280747823629e-15,0.004959103300296628,16.742065471501718,0.0,0.0,0.0,0.0
12.166666666666666,16.626383,16.459180450361227,0.0002874775911509103,0.004246142772930169,1.765216905775338e-35,1.9624525566621132e-67,1.6556385941662643e-10,9.255912065520222e-15,1.0781513254500788e-13,9.693482462148976e-16,0.0037543834379509472,16.450892446393514,0.0,0.0,0.0,0.0
12.183333333333334,16.144255,16.000858209787697,0.0002852104565196164,0.004217935170585127,1.4481276705381086e-35,1.226582114088882e-67,1.492654039596352e-10,7.799584735945573e-15,8.751281554756983e-14,6.636480077163872e-16,0.0028373903355585,15.993517673675672,0.0,0.0,0.0,0.0
12.2,15.502978,15.401457579799576,0.00028296100924763204,0.004189900588599864,1.187962569560265e-35,7.666441639078097e-68,1.3456550707389272e-10,6.571810926681138e-15,7.102572891628477e-14,4.541704780342726e-16,0.002140745759817012,15.394843972307267,0.0,0.0,0.0,0.0
12.216666666666669,14.725957,14.687109731195465,0.00028072911347810193,0.004162038127141215,9.745089829851883e-36,4.791712877810147e-68,1.2130800061233084e-10,5.536817979636327e-15,5.763845520822944e-14,3.106887315665618e-16,0.00161248757612893,14.681054476257344,0.0,0.0,0.0,0.0
12.233333333333333,13.855319,13.883997830955817,0.00027851463437302985,0.004134346889068375,7.993853307423319e-36,2.9949356000157766e-68,1.0935190803808418e-10,4.664416518975999e-15,4.676942511962224e-14,2.1245155171259388e-16,0.001212639985504587,13.878372329337468,0.0,0.0,0.0,0.0
12.25,12.919148,13.017339508365076,0.00027631743810593455,0.004106825979953959,6.557129982860028e-36,1.8719055811039518e-68,9.856997343171626e-11,3.929131613500056e-15,3.794593559369219e-14,1.452193138557448e-16,0.0009105206849680992,13.012045844163437,0.0,0.0,0.0,0.0
12.266666666666667,11.9502125,12.110604702722314,0.0002741373918545589,0.004079474508104636,5.378470050436676e-36,1.1699845891173692e-68,8.884733222117059e-11,3.3094687198611032e-15,3.07838188578792e-14,9.92250073986784e-17,0.0006826336137868991,12.105568457119686,0.0,0.0,0.0,0.0
12.283333333333331,10.967234,11.184961073043032,0.0002719743637936258,0.004052291584581037,4.41154904750514e-36,7.312672034438137e-69,8.008031005464962e-11,2.7872935673934376e-15,2.497089883276387e-14,6.777232141583842e-17,0.0005110251473219185,11.180125781867227,0.0,0.0,0.0,0.0
12.3,10.002978,10.25892709403558,0.0002698282230876396,0.004025276323217171,3.618352862256216e-36,4.570585161346112e-69,7.217533753010567e-11,2.347308356145173e-15,2.0253531240839386e-14,4.627220334943801e-17,0.00038200567604758276,10.25424998374103,0.0,0.0,0.0,0.0
12.316666666666666,9.071489,9.348205383164833,0.00026769883988374455,0.003998427840639305,2.9676878672014532e-36,2.8567173349696814e-69,6.504796966606997e-11,1.976609357639588e-15,1.6425654115625544e-14,3.158105883281992e-17,0.00028515821647659716,9.343654098202768,0.0,0.0,0.0,0.0
12.333333333333334,8.177446,8.465665004950969,0.000265586085304619,0.003971745256284215,2.4339579770335393e-36,1.7855108439257974e-69,5.862200005862553e-11,1.6643133083119379e-15,1.3319881701114005e-14,2.154636116137908e-17,0.00021257173042017407,8.461215101820322,0.0,0.0,0.0,0.0
12.35,7.3395743,7.621440691558636,0.000263489831441429,0.003945227692416968,1.996160841021116e-36,1.1159827270073315e-69,5.282866062911e-11,1.401241932371138e-15,1.0800261372869354e-14,1.469480878798173e-17,0.00015824978855231173,7.617073724193384,0.0,0.0,0.0,0.0
12.366666666666667,6.5719147,6.8231183182294375,0.0002614099513468201,0.003918874274148137,1.6370639304213444e-36,6.975128507868331e-70,4.760589873572715e-11,1.1796555781505355e-15,8.75638382580294e-15,1.0018407087951747e-17,0.00011765563421755662,6.818820378322109,0.0,0.0,0.0,0.0
12.383333333333333,5.869787,6.075978861847899,0.0002593463190279639,0.003892684129450524,1.342528303023519e-36,4.3596007179795086e-70,4.2897724208550934e-11,9.930283457531774e-16,7.098594315687734e-15,6.8277888288090384e-18,8.73630389745291e-05,6.07173946831754,0.0,0.0,0.0,0.0
12.4,5.242553,5.38327683943453,0.00025729880943964415,0.0038666563891752944,1.1009535929762709e-36,2.724839839360107e-70,3.8653619578920956e-11,8.358582628369661e-16,5.754099624178419e-15,4.65168245052122e-18,6.478897800098847e-05,5.379088095219254,0.0,0.0,0.0,0.0
12.416666666666666,4.685532,4.74653337925768,0.00025526729847739676,0.0038407901870676987,9.028225088679718e-37,1.7030798461748515e-70,3.482800741821151e-11,7.035070626832994e-16,4.663803609207712e-15,3.1680387097449834e-18,4.798941418686427e-05,4.742389332323114,0.0,0.0,0.0,0.0
12.433333333333334,4.1940427,4.165828249069139,0.00025325166297068943,0.003815084659782217,7.4032701091075385e-37,1.0644586722057412e-70,3.1379769283610675e-11,5.920649621539251e-16,3.7797353103056404e-15,2.156866044146042e-18,3.550363255406021e-05,4.1617244090824475,0.0,0.0,0.0,0.0
12.45,3.7587233,3.6400790922526585,0.00025125178067615265,0.0037895389468972688,6.070615304204169e-37,6.653074191257624e-71,2.827181129581668e-11,4.982365504130731e-16,3.062958911980297e-15,1.4679455303999458e-18,2.6235832159525528e-05,3.63601206566465,0.0,0.0,0.0,0.0
12.466666666666669,3.3842552,3.16729963646931,0.0002492675302708532,0.003764152190929369,4.9777121592262625e-37,4.158298837222962e-71,2.547067185054461e-11,4.192445023934196e-16,2.481875496460568e-15,9.98740242596157e-19,1.9365241043156472e-05,3.163266851481593,0.0,0.0,0.0,0.0
12.483333333333333,3.0612767,2.7448316505202466,0.0002472987913456157,0.0037389235373468973,4.081453422893979e-37,2.5990150650518134e-71,2.2946167397321634e-11,3.5274834087462534e-16,2.01084331137124e-15,6.792861094565562e-19,1.4278017258036747e-05,2.7408311501513474,0.0,0.0,0.0,0.0
12.5,2.7804255,2.36954790239445,0.00024534544439838577,0.0037138521345832843,3.3464778619502927e-37,1.6244324932518234e-71,2.0671072609407028e-11,2.967759020740016e-16,1.6290569488297661e-15,4.618619644892252e-19,1.0515753437880313e-05,2.3655781890413574,0.0,0.0,0.0,0.0
12.516666666666667,2.541702,2.0380253262619545,0.0002434073708276427,0.0036889371340498686,2.7437792177898757e-37,1.01529982559871e-71,1.8620831621848068e-11,2.496655239771005e-16,1.319636959322462e-15,3.139298530152989e-19,7.736608224422641e-06,2.03408524513023,0.0,0.0,0.0,0.0
12.533333333333331,2.3357446,1.7466890784195586,0.00024148445292585463,0.003664177690148177,2.2495648128620392e-37,6.345805092261934e-72,1.6773297334047983e-11,2.1001728454506077e-16,1.068890478650546e-15,2.1331216941492603e-19,5.686020580424274e-06,1.7427777302391296,0.0,0.0,0.0,0.0
12.55,2.1578722,1.491929208837422,0.00023957657387297548,0.003639572960281814,1.844319030968354e-37,3.9662393702081846e-72,1.5108496062131592e-11,1.7665187713527026e-16,8.657108140375755e-16,1.4489815681096728e-19,4.17468239514388e-06,1.4880458846057627,0.0,0.0,0.0,0.0
12.566666666666666,2.008085,1.2701923609129695,0.00023768361772999404,0.0036151221048679382,1.5120349210928651e-37,2.478967823754131e-72,1.3608415087642443e-11,1.4857593032770826e-16,7.010899296638874e-16,9.839564767221812e-20,3.061998142043176e-06,1.2663364931786203,0.0,0.0,0.0,0.0
12.583333333333334,1.8817021,1.078051303683648,0.00023580546943251658,0.0035908242873482314,1.239583762417395e-37,1.5493967334328773e-72,1.2256810885343787e-11,1.2495276509596755e-16,5.677226478687994e-16,6.679689493764842e-20,2.2436848938932847e-06,1.0742224302297159,0.0,0.0,0.0,0.0
12.6,1.7693617,0.9122552613299191,0.00023394201478440282,0.0035666786741994964,1.0161978359793178e-37,9.683986182587117e-73,1.1039036026547724e-11,1.0507773917447723e-16,4.596853481035767e-16,4.533207002306801e-20,1.6424909174051358e-06,0.9084529981389782,0.0,0.0,0.0,0.0
12.616666666666667,1.6757447,0.7697639915540504,0.00023209314045143767,0.003542684434943815,8.330460873048067e-38,6.05264867819859e-73,9.941882947535572e-12,8.835746101169888e-17,3.721751708683799e-16,3.075567216974272e-20,1.2012591489835925e-06,0.7659880127095638,0.0,0.0,0.0,0.0
12.633333333333333,1.5914893,0.6477684270687226,0.00023025873395505285,0.00351884074215831,6.828860077952505e-38,3.783001843360977e-73,8.953442947285984e-12,7.429226763830915e-17,3.012983563230994e-16,2.0860118482076034e-20,8.777508353582999e-07,0.6440184498328201,0.0,0.0,0.0,0.0
12.65,1.5212766,0.5437004745584729,0.000228438683666085,0.0034951467714844603,5.597780530920929e-38,2.3644352322935807e-73,8.062978936599711e-12,6.246145530976549e-17,2.4389847936748344e-16,1.4144306180957564e-20,6.407882710849899e-07,0.539976248306988,0.0,0.0,0.0,0.0
12.666666666666666,1.4557446,0.45523429669466664,0.00022663287879858294,0.003471601701637058,4.588513710576558e-38,1.4778082106835603e-73,7.260810603444935e-12,5.2510831603635355e-17,1.9741707620607992e-16,9.587851244102894e-21,4.673845244818948e-07,0.4515355947224455,0.0,0.0,0.0,0.0
12.683333333333334,1.3948936,0.3802811112689003,0.00022484120940365092,0.0034482047144127506,3.7611162640050527e-38,9.236522941562254e-74,6.538210788354352e-12,4.414222504479521e-17,1.5978056619100117e-16,6.4973624160284866e-21,3.4061052371419613e-07,0.3766077247280218,0.0,0.0,0.0,0.0
12.7,1.3434043,0.3169792468623732,0.00022306356636334009,0.0034249549946982023,3.082833621824146e-38,5.772962516157707e-74,5.887311980326654e-12,3.7104645225493724e-17,1.2930851765997603e-16,4.401801409270681e-21,2.4801218851647924e-07,0.3133309802832357,0.0,0.0,0.0,0.0
12.716666666666669,1.2919148,0.26368091066097765,0.00022129984138457635,0.0034018517304778614,2.5268069518431014e-38,3.608184607331954e-74,5.301021949076455e-12,3.118683441250597e-17,1.0463923685823634e-16,2.981279585548861e-21,1.8043728232909248e-07,0.26005757864653173,0.0,0.0,0.0,0.0
12.733333333333333,1.2451063,0.21893686039038832,0.00021954992699313623,0.003378894112841395,2.071012555131162e-38,2.2551661799906724e-74,4.77294762473813e-12,2.6210992168661606e-17,8.46694149643243e-17,2.018622976225745e-21,1.311670285415583e-07,0.2153382851787522,0.0,0.0,0.0,0.0
12.75,1.1982979,0.1814799345003077,0.00021781371652765567,0.0033560813359906584,1.697391945128065e-38,1.409509931333662e-74,4.297326422203722e-12,2.2027488725307184e-17,6.850518236219827e-17,1.3664359441518864e-21,9.527410989167419e-08,0.17790594416938207,0.0,0.0,0.0,0.0
12.766666666666667,1.1561702,0.15020818543109563,0.00021609110413368964,0.0033334125972464476,1.3911383480703298e-38,8.809627015622618e-75,3.8689642850716996e-12,1.851041171020674e-17,5.5422418158338666e-17,9.247113665277317e-22,6.914860413162607e-08,0.14665861257724233,0.0,0.0,0.0,0.0
12.783333333333331,1.1140425,0.12416818067477142,0.0002143819847578052,0.0033108870970547464,1.140111515323114e-38,5.506132967593118e-75,3.4831797944627997e-12,1.5553815193249445e-17,4.483456811791249e-17,6.256151245629553e-22,5.0148336858544424e-08,0.12064286144113877,0.0,0.0,0.0,0.0
12.8,1.0719149,0.10253888451730815,0.00021268625414171818,0.003288504038992719,9.343577864736894e-39,3.4414040200879423e-75,3.135753751473229e-12,1.3068560562869224e-17,3.626655324279488e-17,4.231493320283156e-22,3.634129333615594e-08,0.09903765787974457,0.0,0.0,0.0,0.0
12.816666666666666,1.034468,0.08461640793162947,0.00021100380881647153,0.0032662626297743375,7.657164842280344e-39,2.1509208174513185e-75,2.822883699412348e-12,1.0979656082519732e-17,2.9333618407596214e-17,2.861321696368094e-22,2.6316062797164517e-08,0.08113911517415294,0.0,0.0,0.0,0.0
12.833333333333334,1.0017021,0.06979981258686417,0.00020933454609665082,0.0032441620792556325,6.274971207975525e-39,1.3443519441771837e-75,2.541142903805219e-12,9.224016600150778e-18,2.3724187410454702e-17,1.9343164987239343e-22,1.904249897472594e-08,0.06634629691647173,0.0,0.0,0.0,0.0
12.85,0.96893615,0.05757807455126823,0.00020767836407464225,0.0032222016004396503,5.142146839447835e-39,8.402360928657671e-76,2.287443354973514e-12,7.748577217751273e-18,1.918596691461914e-17,1.3073064277915235e-22,1.3769402862087765e-08,0.05414818081506361,0.0,0.0,0.0,0.0
12.866666666666667,0.9361702,0.04751825111426045,0.00020603516161492902,0.0032003804094810732,4.2137255864942824e-39,5.2515739356707594e-76,2.059002400303254e-12,6.508705129975578e-18,1.551468471941185e-17,8.833187366138357e-23,9.94946913074812e-09,0.044111825591636296,0.0,0.0,0.0,0.0
12.883333333333333,0.9080851,0.039254847437099394,0.0002044048383484278,0.0031786977256905184,3.452845173076776e-39,3.282293663062788e-76,1.8533126515193484e-12,5.466862612582444e-18,1.2544963834509035e-17,5.966900959647064e-23,7.184287463530538e-09,0.035871737686919654,0.0,0.0,0.0,0.0
12.9,0.88468087,0.03248034584139828,0.000202787294666864,0.003157152771538493,2.8292875121723065e-39,2.0514700660836623e-76,1.6681148467944207e-12,4.5914815375991934e-18,1.0142928000674994e-17,4.0296997982226703e-23,5.184080041533119e-09,0.02912040058944475,0.0,0.0,0.0,0.0
12.916666666666666,0.86127657,0.026936837084890797,0.00020118243171718639,0.003135744772659074,2.3182817934061117e-39,1.2821910335604622e-76,1.501373378688433e-12,3.8560160279335285e-18,8.200210715415667e-18,2.7207595006309863e-23,3.7382554924458075e-09,0.02359990614075766,0.0,0.0,0.0,0.0
12.933333333333334,0.847234,0.022408677854003023,0.00019959015139602002,0.003114472957853257,1.899523066316718e-39,8.013829325314303e-77,1.3512542270619546e-12,3.2381451211061724e-18,6.6291018237841865e-18,1.836548126302171e-23,2.693893961719155e-09,0.01909461204950852,0.0,0.0,0.0,0.0
12.95,0.83319145,0.018716090106539407,0.0001980103563441584,0.0030933365590920274,1.5563675430430536e-39,5.008725663629942e-77,1.2161050615257227e-12,2.7191017431353447e-18,5.35861603613658e-18,1.2393964715317597e-23,1.9400417387720824e-09,0.01542474124984537,0.0,0.0,0.0,0.0
12.966666666666669,0.8191489,0.015709614284399324,0.00019644294994109222,0.0030723348115190953,1.2751728175132515e-39,3.130503589282717e-77,1.0944373009407986e-12,2.2831080286541985e-18,4.3313085394992014e-18,8.362094060269066e-24,1.3962571632484225e-09,0.012440835125587529,0.0,0.0,0.0,0.0
12.983333333333333,0.8144681,0.013265328503436976,0.00019488783629958002,0.0030514669534533884,1.0447569182244104e-39,1.9565951476474497e-77,9.84909938210262e-13,1.9169001712251243e-18,3.500695966854675e-18,5.640501823266171e-24,1.0042644867875049e-09,0.010018972708434605,0.0,0.0,0.0,0.0
13.0,0.8144681,0.011280748566617075,0.00019334492026024984,0.0030307322263911983,8.559548035283222e-40,1.2228904250241956e-77,8.86314957314637e-13,1.6093286405740158e-18,2.8291678319709267e-18,3.803814922235114e-24,7.21877690363505e-10,0.008056670697201616,0.0,0.0,0.0,0.0
13.016666666666667,0.8144681,0.0096713281957355,0.00019181410738624676,0.003010129875008133,7.012547566991208e-40,7.643177129241664e-78,7.975641864397962e-13,1.3510218387929682e-18,2.2862953060284732e-18,2.5646078660871968e-24,5.185806677449322e-10,0.006469383693962885,0.0,0.0,0.0,0.0
13.033333333333331,0.8144681,0.008367484572824596,0.00019029530395791092,0.0029896591471606894,5.745002944819988e-40,4.777053582431316e-78,7.176774462967836e-13,1.1341031509515102e-18,1.8474618637561856e-18,1.7287154963725865e-24,3.723149457385692e-10,0.00518752974867337,0.0,0.0,0.0,0.0
13.05,0.8144681,0.0073120806134853635,0.00018878841696749567,0.002969319293887628,4.706457916572359e-40,2.985699602373603e-78,6.457718665033782e-13,9.519529322943621e-19,1.492754638344222e-18,1.1650056528132459e-24,2.671469488899553e-10,0.0041539726348375165,0.0,0.0,0.0,0.0
13.066666666666666,0.8191489,0.0064583019754009905,0.00018729335411392338,0.00294910956941107,3.855561473919054e-40,1.8660871331539236e-78,5.810522553263502e-13,7.990083108870772e-19,1.2060669268304193e-18,7.849382043854976e-25,1.9157534776375401e-10,0.0033218988597195956,0.0,0.0,0.0,0.0
13.083333333333334,0.8191489,0.005767873354382679,0.00018581002379757533,0.0029290292311372874,3.1584256048622706e-40,1.1663195030694093e-78,5.228024193019849e-13,6.705948105065449e-19,9.743716928508422e-19,5.287456287817678e-25,1.3730382701777655e-10,0.0026530339616211854,0.0,0.0,0.0,0.0
13.1,0.8191489,0.005209564938955413,0.00018433833511512002,0.002909077539657294,2.5872790870241595e-40,7.289587777286598e-79,4.703773393801662e-13,5.627847469112909e-19,7.871335369712864e-19,3.5609259811256143e-25,9.835198825782717e-11,0.002116148965360632,0.0,0.0,0.0,0.0
13.116666666666667,0.8097872,0.004757945849987172,0.00018287819785437682,0.0028892537587471424,2.119363985087813e-40,4.556047205992919e-79,4.231961193759916e-13,4.722781493019107e-19,6.3583278324031335e-19,2.3976449321227743e-25,7.041171190869708e-11,0.0016858138225507436,0.0,0.0,0.0,0.0
13.133333333333333,0.8051064,0.004392346902709615,0.0001814295224892159,0.002869557155367998,1.7360311198226893e-40,2.8475625653765834e-79,3.807356307623076e-13,3.963026313634082e-19,5.135803375189273e-19,1.6140369614180278e-25,5.038155981893904e-11,0.001341360174090104,0.0,0.0,0.0,0.0
13.15,0.79574466,0.004096000051940444,0.00017999222017449354,0.002849986999665946,1.4219986518451978e-40,1.7797465104400005e-79,3.4252478528008596e-13,3.3252920262216933e-19,4.1480603028252786e-19,1.086299733263109e-25,3.603021593996914e-11,0.0010660207957272623,0.0,0.0,0.0,0.0
13.166666666666666,0.7817021,0.003855326403504365,0.00017856620274102328,0.002830542564971575,1.164744381473418e-40,1.112353540620718e-79,3.081393735615506e-13,2.790014876954545e-19,3.3500644381676993e-19,7.309612457830025e-26,2.5753377401235562e-11,0.0008462176097302491,0.0,0.0,0.0,0.0
13.183333333333334,0.76765954,0.0036593487025014123,0.00017715138269058214,0.002811223127799314,9.540076617019158e-41,6.952281526965309e-80,2.7719741402230863e-13,2.3407622246670956e-19,2.705408868911519e-19,4.917545564664812e-26,1.8398271889714335e-11,0.0006709741733360457,0.0,0.0,0.0,0.0
13.2,0.7489362,0.003499207763195249,0.00017574767319095187,0.0027920279678465606,7.813811636094475e-41,4.3452190723251595e-80,2.4935496174861464e-13,1.9637323417851257e-19,2.184663373706103e-19,3.307597548370144e-26,1.3137077147287013e-11,0.000531432108771304,0.0,0.0,0.0,0.0
13.216666666666669,0.73021275,0.00336776541611102,0.00017435498807099516,0.0027729563679925353,6.399762939470782e-41,2.715787738314848e-80,2.2430233204068217e-13,1.6473339691435014e-19,1.7640392071106483e-19,2.2242726024683282e-26,9.375676946868087e-12,0.00042045405044751055,0.0,0.0,0.0,0.0
13.233333333333333,0.7114894,0.0032592792510880496,0.00017297324181576686,0.0027540076142969798,5.24148983940796e-41,1.697382769749731e-80,2.0176069772567687e-13,1.3818329338489676e-19,1.424309076297201e-19,1.4954616767660983e-26,6.687932820352594e-12,0.0003322983880856097,0.0,0.0,0.0,0.0
13.25,0.6880851,0.0031691367687098617,0.0001716023495616579,0.0027351809959985473,4.2927496186245027e-41,1.060873439768231e-80,1.8147902337075044e-13,1.1590551545557958e-19,1.149933604690072e-19,1.0052528629651462e-26,4.768367266583545e-12,0.00026235341819981083,0.0,0.0,0.0,0.0
13.266666666666667,0.66468084,0.003093638555403131,0.00017024222709157577,0.0027164758055130914,3.5156558432208497e-41,6.630513834579072e-81,1.6323130315064777e-13,9.721370544365897e-20,9.283548597327165e-20,6.755988826013977e-27,3.3981230387193157e-12,0.0002069205192371095,0.0,0.0,0.0,0.0
13.283333333333331,0.6459574,0.0030298218072290907,0.00016889279083015805,0.002697891338431624,2.879169101136282e-41,4.144103728905237e-81,1.468140723930959e-13,8.153158292119851e-20,7.494250377313229e-20,4.5395928895859644e-27,2.420489022534996e-12,0.0001630376754000054,0.0,0.0,0.0,0.0
13.3,0.62723404,0.0029753169797096988,0.00016755395783901722,0.0026794268935181552,2.357860194629768e-41,2.5900841434706243e-81,1.3204416577426217e-13,6.837532183792342e-20,6.049444838115444e-20,3.0497207032250053e-27,1.7233151127159198e-12,0.00012833612649716712,0.0,0.0,0.0,0.0
13.316666666666666,0.6038298,0.0029282315690799155,0.00016622564581202475,0.0026610817727073005,1.930896628688255e-41,1.6188140066689512e-81,1.1875669779636844e-13,5.733874380527729e-20,4.8828815133959263e-20,2.0484208615053903e-27,1.2263846896030174e-12,0.00010092414921544848,0.0,0.0,0.0,0.0
13.333333333333334,0.5851064,0.002887056064391892,0.00016490777307062113,0.0026428552811016645,1.581212101999748e-41,1.0117654833780558e-81,1.0680324357847144e-13,4.8080878375473543e-20,3.9410359302184134e-20,1.3756091231477935e-27,8.723524985527133e-13,7.92930092404502e-05,0.0,0.0,0.0,0.0
13.35,0.56638294,0.002850587977147338,0.00016360025855916612,0.0026247467269690647,1.294825974142639e-41,6.323573801386053e-82,9.605020015541773e-14,4.0315512646975494e-20,3.180668038092132e-20,9.236095254460499e-28,6.202450776819401e-13,6.224099090281186e-05,0.0,0.0,0.0,0.0
13.366666666666667,0.55234045,0.002817870579827061,0.0001623030218403157,0.0026067554217395423,1.0602856397339669e-41,3.95225676067472e-82,8.637731043120043e-14,3.380241266786883e-20,2.5668484828663323e-20,6.200118792119884e-28,4.408018165785571e-13,4.8812135720023774e-05,0.0,0.0,0.0,0.0
13.383333333333333,0.5382979,0.0027881435881679613,0.0001610159830904372,0.0025888806800022065,8.682096234519248e-42,2.4701739573480154e-82,7.767633369296446e-14,2.8339949691930504e-20,2.071363195617311e-20,4.161315190199689e-28,3.131373018920547e-13,3.82469246845044e-05,0.0,0.0,0.0,0.0
13.4,0.52425534,0.002760803522947606,0.0001597390630950518,0.00257112181950185,7.10913212585814e-42,1.5438665417734787e-82,6.98498481788265e-14,2.375890688375384e-20,1.6714238764609288e-20,2.792421284322813e-28,2.2235157431065377e-13,2.9942640058502356e-05,0.0,0.0,0.0,0.0
13.416666666666666,0.5148936,0.002735371901534682,0.00015847218324431387,0.002553478161135437,5.82101724733625e-42,9.649210971669835e-83,6.281017262385182e-14,1.99172778451078e-20,1.3486257978354994e-20,1.8734914553101223e-28,1.57820031802297e-13,2.3421556934300762e-05,0.0,0.0,0.0,0.0
13.433333333333334,0.5055319,0.0027114697514604193,0.00015721526552851816,0.002535949028948364,4.766191975342777e-42,6.030782685300547e-83,5.647839499888112e-14,1.6695898418341013e-20,1.0881055534161285e-20,1.2567348426021661e-28,1.1197035302397705e-13,1.8305456815088407e-05,0.0,0.0,0.0,0.0
13.45,0.4961702,0.0026887972196667103,0.0001559682325336431,0.0025185337501306007,3.902424915460501e-42,3.769253859068615e-83,5.0783497820492076e-14,1.3994778517971527e-20,8.778604412798653e-21,8.428639144075438e-29,7.940821064310586e-14,1.429523687227451e-05,0.0,0.0,0.0,0.0
13.466666666666669,0.49148935,0.0026671172820206712,0.00015473100743692097,0.0025012316550125945,3.195126039966941e-42,2.3557919283289593e-83,4.5661570459382735e-14,1.1730022009086275e-20,7.081985011543027e-21,5.651891618702068e-29,5.629263828082239e-14,1.1154619469201799e-05,0.0,0.0,0.0,0.0
13.483333333333333,0.49148935,0.0026462427467316505,0.00015350351400244497,0.002484042077061074,2.6159647182138224e-42,1.4723745563616444e-83,4.105509982033256e-14,9.831240530937088e-21,5.712941558141925e-21,3.789251524636347e-29,3.988999387405612e-14,8.697155587185943e-06,0.0,0.0,0.0,0.0
13.5,0.4868085,0.0026260258996935477,0.00015228567657680128,0.0024669643528746153,2.1417375593645228e-42,9.202366218488613e-84,3.691233161953146e-14,8.239382194593109e-21,4.6082920328087865e-21,2.540018987190519e-29,2.8255617590696516e-14,6.7758701769632035e-06,0.0,0.0,0.0,0.0
13.516666666666667,0.4868085,0.002606350265571425,0.00015107742008473797,0.002449997822179135,1.7534409325069692e-42,5.751492475652822e-84,3.318669525382288e-14,6.904908717934199e-21,3.71702785841236e-21,1.702335199491879e-29,2.0006741345674448e-14,5.275023254358849e-06,0.0,0.0,0.0,0.0
13.533333333333331,0.4868085,0.0025871240607267887,0.00014987867002486165,0.00243314182782314,1.4355111798033806e-42,3.5946899305189586e-84,2.9836285949311404e-14,5.7862651807190576e-21,2.9979709918332283e-21,1.1407183836526763e-29,1.4160573273896513e-14,4.103562834789996e-06,0.0,0.0,0.0,0.0
13.55,0.4868085,0.002568274997056086,0.00014868935246536356,0.0024163957157728724,1.175202217889521e-42,2.2466848190466385e-84,2.6823398501453508e-14,4.8485955077558575e-21,2.417881419083444e-21,7.64253958535471e-30,1.001890831025793e-14,3.1899287810072085e-06,0.0,0.0,0.0,0.0
13.566666666666666,0.4868085,0.0025497461630059675,0.00014750939403978088,0.0023997588351073046,9.620756965331544e-43,1.404179743661685e-84,2.411410748179409e-14,4.062664288996798e-21,1.949928570332765e-21,5.1194521616791875e-30,7.0859352360585884e-15,2.47793382768197e-06,0.0,0.0,0.0,0.0
13.583333333333334,0.4868085,0.0025314927623274887,0.00014633872194278174,0.0023832305380129403,7.875833691689268e-43,8.776130949688403e-85,2.16778892939774e-14,3.4039518486136294e-21,1.5724567567284418e-21,3.428754970824056e-30,5.009717612499599e-15,1.923502345078671e-06,0.0,0.0,0.0,0.0
13.6,0.4868085,0.00251347953493139,0.0001451772639259867,0.0023668101797785297,6.447250056409223e-43,5.485084528594744e-85,1.9487281919101122e-14,2.8518947716187704e-21,1.2679881399118604e-21,2.2960281319513318e-30,3.5405493020272515e-15,1.492091203845145e-06,0.0,0.0,0.0,0.0
13.616666666666667,0.48212767,0.002495678719474158,0.0001440249482938144,0.002350497118789596,5.2776818945857235e-43,3.4281782429306413e-85,1.751757860269294e-14,2.389248546825686e-21,1.0224175850498223e-21,1.5372566128482897e-30,2.501332243690757e-15,1.1566523707285444e-06,0.0,0.0,0.0,0.0
13.633333333333333,0.4774468,0.0024780684456536003,0.0001428817038993618,0.002334290716522856,4.320188099016314e-43,2.1426108725240983e-85,1.5746552107138508e-14,2.0015527238822904e-21,8.24362510608301e-22,1.029069138696456e-30,1.766515354989706e-15,8.960252138699388e-07,0.0,0.0,0.0,0.0
13.65,0.47276595,0.002460631466941873,0.00014174746014030936,0.002318190337540467,3.5363308157523986e-43,1.3391309749184926e-85,1.4154206488183708e-14,1.6766821232074924e-21,6.646379306346209e-22,6.8876704346932295e-31,1.2471269967075888e-15,6.93669245695551e-07,0.0,0.0,0.0,0.0
13.666666666666666,0.4680851,0.002443354162710627,0.0001406221469548596,0.002302195349484174,2.894635809893466e-43,8.369560420514108e-86,1.2722553655868381e-14,1.4044702763418598e-21,5.358326096255436e-22,4.609251193626494e-31,8.801426472906249e-16,5.366662579906975e-07,0.0,0.0,0.0,0.0
13.683333333333334,0.4587234,0.0024262257532830507,0.00013950569481770085,0.0022863051230693062,2.3693314736684115e-43,5.2309682608077994e-86,1.1435412252115648e-14,1.1763934906853266e-21,4.319668762748173e-22,3.0840342672054943e-31,6.209354118918494e-16,4.1493538398695725e-07,0.0,0.0,0.0,0.0
13.7,0.4493617,0.002409237683093529,0.00013839803473600351,0.0022705190320786634,1.939316072246861e-43,3.2693496086521495e-86,1.0278226622200591e-14,9.853057942818998e-22,3.482163809007663e-22,2.0631907951713604e-31,4.37917794948759e-16,3.2061626814589897e-07,0.0,0.0,0.0,0.0
13.716666666666669,0.44,0.0023923831364240223,0.00013729909824544123,0.002254836453356235,1.5873119361533798e-43,2.0433393011609117e-86,9.237903878052294e-15,8.252165798965139e-22,2.806891022731163e-22,1.380039566888656e-31,3.087403201705864e-16,2.4758481279945694e-07,0.0,0.0,0.0,0.0
13.733333333333333,0.43063828,0.002375656657584272,0.00013620881740624514,0.002239256766800868,1.2991727756496181e-43,1.2770839797794218e-86,8.30266725024373e-15,6.911040807638593e-22,2.2624535045961415e-22,9.229458027489446e-32,2.1759577414291448e-16,1.9107336863868528e-07,0.0,0.0,0.0,0.0
13.75,0.41659573,0.002359053853286614,0.00013512712479928036,0.002223779355359724,1.0633164094644317e-43,7.981752766991121e-87,7.461924104705383e-15,5.78758913111279e-22,1.8235248441970812e-22,6.171545451391846e-32,1.533082898559933e-16,1.4737311999454473e-07,0.0,0.0,0.0,0.0
13.766666666666667,0.40723404,0.002342571159640193,0.00013405395352215717,0.002208403605021712,8.702602115857127e-44,4.98857989924086e-87,6.706147161650097e-15,4.846528465275736e-22,1.4696765631349652e-22,4.1261526085600004e-32,1.0797932101868019e-16,1.136010895099098e-07,0.0,0.0,0.0,0.0
13.783333333333331,0.3931915,0.0023262056598965177,0.0001329892371853653,0.00219312890481073,7.122406852205812e-44,3.117851602510911e-87,6.026767599625651e-15,4.058287407410689e-22,1.1844318156306302e-22,2.7582320930985074e-32,7.602859784626404e-17,8.751789431943345e-08,0.0,0.0,0.0,0.0
13.8,0.38382977,0.002309954942016011,0.00013193290990843736,0.002177954646778835,5.829019361931028e-44,1.9486497976676732e-87,5.416078858640776e-15,3.398082401545389e-22,9.545017336933872e-23,1.843533488119387e-32,5.3515112295011804e-17,6.738532326907464e-08,0.0,0.0,0.0,0.0
13.816666666666666,0.36978722,0.002293816987449491,0.0001308849063161413,0.002162880225999302,4.77040573090863e-44,1.2179010404179293e-87,4.867150074334039e-15,2.845143655258271e-22,7.69169201482894e-23,1.2319880300024462e-32,3.765655436294836e-17,5.1855129142595345e-08,0.0,0.0,0.0,0.0
13.833333333333334,0.36042553,0.0022777900843657015,0.00012984516153469785,0.0021479050405595486,3.9039681830686325e-44,7.611847092898432e-88,4.37374818146947e-15,2.3820660225792367e-22,6.19791625987361e-23,8.231854830568985e-33,2.648932994947359e-17,3.988226705471188e-08,0.0,0.0,0.0,0.0
13.85,0.34638298,0.0022618727600065432,0.00012881361118802657,0.002133028491553988,3.194834627979329e-44,4.757381284657872e-88,3.930267820813737e-15,1.994264709684415e-22,4.993997487804704e-23,5.4995251577106246e-33,1.8628126323939882e-17,3.065726057976142e-08,0.0,0.0,0.0,0.0
13.866666666666667,0.33702126,0.002246063727995264,0.0001277901913940187,0.002118249983076748,2.6144581167570535e-44,2.973347813532127e-88,3.5316682697008974e-15,1.6695189018183333e-22,4.0237396714860586e-23,3.6735797294222584e-33,1.3095940929487514e-17,2.3553520952771418e-08,0.0,0.0,0.0,0.0
13.883333333333333,0.32765958,0.002230361847324,0.00012677483876083676,0.0021035689222143315,2.1394700811480653e-44,1.8583320670781337e-88,3.173416694286343e-15,1.3975891307808627e-22,3.241832049236369e-23,2.4535281158752396e-33,9.203967368418384e-18,1.808634564958984e-08,0.0,0.0,0.0,0.0
13.9,0.31361702,0.00221476609045583,0.0001257674903832406,0.0020889847190381236,1.7507413903138482e-44,1.1614506988498207e-88,2.8514370914594268e-15,1.1698964859030227e-22,2.6117425762651374e-23,1.63843946306267e-33,6.466744987632618e-18,1.3881031607775131e-08,0.0,0.0,0.0,0.0
13.916666666666666,0.30893618,0.00219927551853399,0.00012476808383894003,0.002074496786596851,1.4326135813194863e-44,7.259021639301132e-89,2.562064351405326e-15,9.792536878879109e-23,2.1040186530255726e-23,1.0939766320674728e-33,4.542240753229382e-18,1.0648095632641665e-08,0.0,0.0,0.0,0.0
13.933333333333334,0.29957446,0.002183889262128345,0.00012377655718497394,0.0020601045409089193,1.172269435000174e-44,4.536858726857007e-89,2.3020029285560854e-15,8.196396531261727e-23,1.6949164657410817e-23,7.303389510670625e-34,3.1895523619861377e-18,8.164032147114436e-09,0.0,0.0,0.0,0.0
13.95,0.29021275,0.002168606506292618,0.0001227928489541152,0.0020458074009546854,9.592176511188975e-45,2.8355171289937195e-89,2.0682896597817813e-15,6.860105256037746e-23,1.3652954528305516e-23,4.8750619156599465e-34,2.239060839718989e-18,6.256381746927603e-09,0.0,0.0,0.0,0.0
13.966666666666669,0.28085107,0.002153426478974841,0.00012181689815130156,0.0020316047886686003,7.848709486317903e-45,1.77218537899977e-89,1.858260314693883e-15,5.741412858504315e-23,1.0997266638010617e-23,3.2536852509437536e-34,1.5713755793903157e-18,4.792153079154107e-09,0.0,0.0,0.0,0.0
13.983333333333333,0.27617022,0.0021383484420343132,0.00012084864425009306,0.0020174961289313184,6.422006612274973e-45,1.1076074769133213e-89,1.6695195043786737e-15,4.804929964280732e-23,8.857736676997203e-24,2.1712565543797924e-34,1.1024868152999176e-18,3.668851230514195e-09,0.0,0.0,0.0,0.0
14.0,0.2668085,0.0021233716842829252,0.00011988802718915317,0.00200348084956166,5.254539648178052e-45,6.922492033332752e-90,1.4999136121934361e-15,4.0210154052032184e-23,7.134126513674354e-24,1.448729862715815e-34,7.732989837266967e-19,2.8075306110454985e-09,0.0,0.0,0.0,0.0
14.016666666666667,0.26212767,0.0021084955160977814,0.0001189349873687575,0.0019895583813085566,4.299223849907143e-45,4.3265219094855995e-90,1.3475064438624958e-15,3.3648437885679945e-23,5.745647909641612e-24,9.665065641430756e-35,5.422548099924576e-19,2.147419119677892e-09,0.0,0.0,0.0,0.0
14.033333333333331,0.2574468,0.0020937192652523582,0.00011798946564732696,0.001975728157842865,3.517522890475872e-45,2.7040530495140666e-90,1.210557324360986e-15,2.815624111322641e-23,4.6271918025735665e-24,6.447090752480963e-35,3.80139161467519e-19,1.6417609556486076e-09,0.0,0.0,0.0,0.0
14.05,0.2480851,0.0020790422736921073,0.00011705140333798428,0.0019619896157491244,2.877897514413349e-45,1.6900181392852553e-90,1.0875013963154226e-15,2.3559449859906915e-23,3.726287956139221e-24,4.299963691332862e-35,2.664196807887679e-19,1.2546039104322067e-09,0.0,0.0,0.0,0.0
14.066666666666666,0.24340425,0.0020644638950415095,0.00011612074220513926,0.001948342194517247,2.3545356061014373e-45,1.0562516084019991e-90,9.769318991735981e-16,1.971225991665583e-23,3.000653639833565e-24,2.867531955822396e-35,1.8667051790991694e-19,9.58318146317751e-10,0.0,0.0,0.0,0.0
14.083333333333334,0.2387234,0.0020499834926771877,0.00011519742446109464,0.0019347853365341008,1.926312645815223e-45,6.601509613031802e-91,8.775842304734832e-16,1.6492579734691964e-23,2.416217326327102e-24,1.9120297982909132e-35,1.3075916072842573e-19,7.316811143603775e-10,0.0,0.0,0.0,0.0
14.1,0.23404256,0.0020356004382388695,0.0001142813927626792,0.0019213184870750556,1.5759407752501827e-45,4.1259028424409976e-91,7.883216104188771e-16,1.3798178899303684e-23,1.9455254412096876e-24,1.2747481550603834e-35,9.157073195645264e-20,5.584003465422756e-10,0.0,0.0,0.0,0.0
14.116666666666667,0.2293617,0.0020213141104787422,0.00011337259020790425,0.0019079410942954354,1.2892722669819694e-45,2.578663033919255e-91,7.081221888608504e-16,1.1543461357992582e-23,1.5664579880202945e-24,8.497631669533706e-36,6.411071242648398e-20,4.259746942065061e-10,0.0,0.0,0.0,0.0
14.133333333333333,0.22468086,0.002007123894372198,0.00011247096033264465,0.001894652609221924,1.0547293929810782e-45,1.611647480334936e-91,6.360674498919438e-16,9.656762200755205e-24,1.2611932222487602e-24,5.663900457201752e-36,4.487402694683946e-20,3.248169930159159e-10,0.0,0.0,0.0,0.0
14.15,0.22,0.0019930291804303216,0.00011157644710734367,0.0018814524857438727,8.62837764438759e-46,1.0072687828573243e-91,5.713317837586275e-16,8.078083160485076e-24,1.0153731250619257e-24,3.77466087498123e-36,3.1401555344093953e-20,2.475785339373935e-10,0.0,0.0,0.0,0.0
14.166666666666666,0.21531914,0.0019790293641680397,0.00011068899493374193,0.0018683401806045647,7.058443722522878e-46,6.295359825124856e-92,5.13173108848526e-16,6.757195727600523e-24,8.174307664293113e-25,2.5152739903300757e-36,2.196848358987316e-20,1.8862921968893208e-10,0.0,0.0,0.0,0.0
14.183333333333334,0.2106383,0.0019651238456922637,0.00010980854864163016,0.0018553151533924198,5.774049612057004e-46,3.934554859917674e-92,4.60924438255676e-16,5.6520522814017085e-24,6.580481803572455e-25,1.675861419136147e-36,1.5365366368311363e-20,1.436577529523799e-10,0.0,0.0,0.0,0.0
14.2,0.20595744,0.0019513120293824819,0.00010893505348562533,0.0018423768665321305,4.723281576549151e-46,2.459067872672255e-92,4.139862960005509e-16,4.727455289160392e-24,5.297194509575695e-25,1.1164435116214732e-36,1.0744365553793801e-20,1.0936431210986115e-10,0.0,0.0,0.0,0.0
14.216666666666669,0.20595744,0.0019375933236425132,0.00010806845514197017,0.0018295247852757224,3.8636605214251695e-46,1.5368988692714766e-92,3.718198974972955e-16,3.953942712637323e-24,4.2639860860946985e-25,7.436723836080463e-37,7.511293421037265e-21,8.322444885830069e-11,0.0,0.0,0.0,0.0
14.233333333333333,0.2012766,0.0019239671407070857,0.00010720869970535679,0.0018167583776935953,3.160428063604934e-46,9.605499005418916e-93,3.3394101742566635e-16,3.306854542429771e-24,3.4321588771788847e-25,4.9530555611056595e-37,5.249837229500165e-21,6.330779980997035e-11,0.0,0.0,0.0,0.0
14.25,0.2012766,0.0019104328964904868,0.00010635573368577145,0.0018040771146654554,2.585143831942266e-46,6.0033606927723365e-93,2.9991447587255925e-16,2.76555106443158e-24,2.762490848503838e-25,3.2984642604287266e-37,3.6683870798869285e-21,4.813896010166146e-11,0.0,0.0,0.0,0.0
14.266666666666667,0.19659574,0.0018969900104676605,0.00010550950400536473,0.0017914804698712574,2.1145375060083304e-46,3.752051662229603e-93,2.6934918054533134e-16,2.312758226941699e-24,2.2233932626984406e-25,2.1963309982149353e-37,2.5627350523466007e-21,3.6590769113461364e-11,0.0,0.0,0.0,0.0
14.283333333333331,0.19659574,0.0018836379055801157,0.00010466995799534315,0.0017789679197820314,1.7295693505025927e-46,2.3450010886865104e-93,2.4189366910093513e-16,1.9340194701164784e-24,1.7894262641306287e-25,1.4622835964993322e-37,1.7899154451301843e-21,2.780249928872215e-11,0.0,0.0,0.0,0.0
14.3,0.19191489,0.001870376008160965,0.00010383704339288235,0.001766538943650697,1.4146613934859295e-46,1.4656057332502203e-93,2.172321012528033e-16,1.6172367261792725e-24,1.4401028998448383e-25,9.734499194491977e-38,1.2498634694262158e-21,2.1117168289281527e-11,0.0,0.0,0.0,0.0
14.316666666666666,0.19191489,0.0018572037478746107,0.00010301070833806624,0.001754193023502821,1.1570682656185016e-46,9.159908381338814e-94,1.950806553722714e-16,1.3522861035611192e-24,1.1589255771166037e-25,6.479540103974052e-38,8.725591400865344e-22,1.603352830109585e-11,0.0,0.0,0.0,0.0
14.333333333333334,0.18723404,0.0018441205576676467,0.0001021909013708438,0.0017419296441273135,9.463623405956042e-47,5.724861350390927e-94,1.751842888496475e-16,1.1306961185850157e-24,9.32609821053859e-26,4.312446153989626e-38,6.090183495626977e-22,1.2169314123911459e-11,0.0,0.0,0.0,0.0
14.35,0.18255319,0.0018311258737283868,0.00010137757142801248,0.0017297482930670937,7.740124199112011e-47,3.577986399596205e-94,1.5731382557322128e-16,9.453783079241118e-25,7.504589532679343e-26,2.869805677089023e-38,4.249815231047234e-22,9.233123362087616e-12,0.0,0.0,0.0,0.0
14.366666666666667,0.18255319,0.001818219135452972,0.00010057066784022008,0.0017176484606096993,6.330389729135499e-47,2.236208364397775e-94,1.4126333756671056e-16,7.904017054574085e-25,6.038603725211068e-26,1.9095496735985394e-38,2.964932606320007e-22,7.002911471308188e-12,0.0,0.0,0.0,0.0
14.383333333333333,0.17787234,0.0018053997854165402,9.977014032899142e-05,0.0017056296397778687,5.177320272961861e-47,1.3976091011937054e-94,1.2684779113925587e-16,6.608040499959154e-25,4.858798092589089e-26,1.2704554903797402e-38,2.0680719246205998e-22,5.30955328797892e-12,0.0,0.0,0.0,0.0
14.4,0.17787234,0.001792667269348224,9.897593900377405e-05,0.0016936913263200528,4.2342032968285335e-47,8.73492224698396e-95,1.1390093088296557e-16,5.524337489578691e-25,3.909345132291472e-26,8.4515882045452e-39,1.4421930598598602e-22,4.0242831892768305e-12,0.0,0.0,0.0,0.0
14.416666666666666,0.17787234,0.0017800210361091275,9.818801435900815e-05,0.0016818330187009138,3.4628246233263276e-47,5.4592406427665445e-95,1.022733775351619e-16,4.6181759375335055e-25,3.1453003084226634e-26,5.621703466125183e-39,1.0055160682093799e-22,3.0491030849800393e-12,0.0,0.0,0.0,0.0
14.433333333333334,0.17319149,0.0017674605376725404,9.740631727121525e-05,0.0016700542180917732,2.8319229331701856e-47,3.411970796149447e-95,9.183091813527422e-17,3.860500358310342e-25,2.5304820899513436e-26,3.7389410552949685e-39,7.009117950202874e-23,2.309460234165185e-12,0.0,0.0,0.0,0.0
14.45,0.17319149,0.0017549852291058761,9.66307989961108e-05,0.0016583544283610228,2.315925218483436e-47,2.1324469939982776e-95,8.245296907708634e-17,3.2270051356320535e-25,2.0357646383144876e-26,2.4864557063284316e-39,4.884806186560745e-23,1.74866022691766e-12,0.0,0.0,0.0,0.0
14.466666666666669,0.16851063,0.0017425945685539109,9.586141116573527e-05,0.001646733156064496,1.893912134661524e-47,1.3327572612702648e-95,7.403119460978349e-17,2.6973589078422907e-25,1.637702884760914e-26,1.6533492404101465e-39,3.4036256184465235e-23,1.323605795452255e-12,0.0,0.0,0.0,0.0
14.483333333333333,0.16851063,0.001730288017223046,9.50981057856093e-05,0.001635189910435822,1.5487714711708475e-47,8.32959227506552e-96,6.646826509792298e-17,2.2545554578195203e-25,1.317425335698315e-26,1.0992603790230143e-39,2.3710873839659732e-23,1.0015482206462157e-12,0.0,0.0,0.0,0.0
14.5,0.16382979,0.0017180650393662812,9.43408352319057e-05,0.0016237242033767042,1.2665055512055127e-47,5.205905785776436e-96,5.967674093058054e-17,1.8843704989306824e-25,1.0597425133496526e-26,7.307839233773326e-40,1.651450281438795e-23,7.576117548370397e-13,0.0,0.0,0.0,0.0
14.516666666666667,0.16382979,0.001705925102268838,9.358955224864663e-05,0.00161233554944723,1.0356645815728861e-47,3.2536343124861492e-96,5.357806939143413e-17,1.5749071016644685e-25,8.524290668830198e-27,4.8576940664110305e-40,1.1499962959200293e-23,5.729079040822765e-13,0.0,0.0,0.0,0.0
14.533333333333331,0.15914893,0.0016938676762341541,9.28442099449176e-05,0.0016010234658560888,8.468830576203304e-48,2.033485359780518e-96,4.8101683079966353e-17,1.3162153138220706e-25,6.856457495699704e-27,3.228675714047833e-40,8.006472004776981e-24,4.3309961302235074e-13,0.0,0.0,0.0,0.0
14.55,0.15914893,0.001681892234570248,9.210476179210386e-05,0.0015897874724507925,6.925004882327014e-48,1.2709054334554987e-96,4.318418962405215e-17,1.0999738789428114e-25,5.514740323532239e-27,2.145715356846898e-40,5.5731476748659015e-24,3.273084553708865e-13,0.0,0.0,0.0,0.0
14.566666666666666,0.15446809,0.0016699982535763403,9.137116162114702e-05,0.001578627091707871,5.662511105069211e-48,7.943013472904659e-97,3.876864345853276e-17,9.192239270750592e-26,4.435414212727356e-27,1.4258489733377339e-40,3.8786029074318735e-24,2.472832207088572e-13,0.0,0.0,0.0,0.0
14.583333333333334,0.15446809,0.0016581852125296399,9.064336361982031e-05,0.001567541848723017,4.630100498511224e-48,4.964291086141505e-97,3.480389137463334e-17,7.681461611638269e-26,3.567198136302002e-27,9.473904380010825e-41,2.6987724882097137e-24,1.8676762166072926e-13,0.0,0.0,0.0,0.0
14.6,0.14978723,0.0016464525936722987,8.992132233002627e-05,0.0015565312712012215,3.78585661249227e-48,3.1026233451422804e-97,3.1243984381859356e-17,6.418744432324235e-26,2.8688266554377454e-27,6.29417527192517e-41,1.877475111177009e-24,1.4101961972424735e-13,0.0,0.0,0.0,0.0
14.616666666666667,0.14510638,0.0016347998821984726,8.920499264511138e-05,0.0015455948894468872,3.095496531875919e-48,1.9391024315817653e-97,2.804764917642656e-17,5.363398407585111e-26,2.307095128202048e-27,4.181223123225724e-41,1.305869629591808e-24,1.0644615293121019e-13,0.0,0.0,0.0,0.0
14.633333333333333,0.14510638,0.0016232265662414693,8.84943298072034e-05,0.001534732236353915,2.5309812249185272e-48,1.2119154565419068e-97,2.517781318706794e-17,4.48140161703014e-26,1.8552861774406754e-27,2.777300276818827e-41,9.081214286547965e-25,8.032566428699841e-14,0.0,0.0,0.0,0.0
14.65,0.14042553,0.0016117321368609393,8.77892894045654e-05,0.001523942847395754,2.0693787763725722e-48,7.574322225369747e-98,2.2601177777619283e-17,3.744308171212606e-26,1.4919031112048114e-27,1.8445805216497504e-41,6.314038624332157e-25,6.059740492410553e-14,0.0,0.0,0.0,0.0
14.666666666666666,0.13574468,0.0016003160880301457,8.708982736897205e-05,0.0015132262606154519,1.69193450371486e-48,4.7338567177138714e-98,2.0287834733106416e-17,3.1283352879410704e-26,1.199650460571653e-27,1.2249771477812836e-41,4.38925166866114e-25,4.5701501281966837e-14,0.0,0.0,0.0,0.0
14.683333333333334,0.13574468,0.0015889779166232488,8.639589997310234e-05,0.0015025820166156706,1.3833103196635595e-48,2.958600461435478e-98,1.8210921648188326e-17,2.613599673191306e-26,9.646134549766188e-28,8.134188665562332e-42,3.050664087399157e-25,3.445759966742073e-14,0.0,0.0,0.0,0.0
14.7,0.13106383,0.0015777171224026405,8.570746382795438e-05,0.0014920096585486972,1.130962548510881e-48,1.8490872883508845e-98,1.6346312279391034e-17,2.1834788157598557e-26,7.755976418341134e-28,5.4007823572100836e-42,2.1199209378097863e-25,2.5972815990298137e-14,0.0,0.0,0.0,0.0
14.716666666666669,0.13106383,0.001566533208006276,8.502447588027635e-05,0.001481508732106413,9.246330039788666e-49,1.1556554889884618e-98,1.4672338320496755e-17,1.8240767847805064e-26,6.235974164944426e-28,3.585548355503113e-42,1.472878788428353e-25,1.957193872703214e-14,0.0,0.0,0.0,0.0
14.733333333333333,0.12638298,0.0015554256789350577,8.434689341001942e-05,0.0014710787855102805,7.559327183954276e-49,7.222694424375226e-99,1.3169539418297165e-17,1.5237774505492686e-26,5.013683159528071e-28,2.380187955183903e-42,1.0231448234690864e-25,1.474452388113711e-14,0.0,0.0,0.0,0.0
14.75,0.12170213,0.0015443940435401868,8.367467402780583e-05,0.0014607193695012643,6.180014619852432e-49,4.514087551913211e-99,1.1820438567640881e-17,1.272870837345429e-26,4.030828315684821e-28,1.5798795233013395e-42,7.10608923926565e-26,1.1104807651201893e-14,0.0,0.0,0.0,0.0
14.766666666666667,0.12170213,0.0015334378130105965,8.300777567241952e-05,0.001450430037329805,5.052292583982323e-49,2.8212436681778317e-99,1.0609340314007476e-17,1.0632406505372625e-26,3.240534430806081e-28,1.048561767833761e-42,4.934558686107805e-26,8.361341716216951e-15,0.0,0.0,0.0,0.0
14.783333333333331,0.11702128,0.0015225565013603302,8.234615660831213e-05,0.0014402103447457145,4.130286121380578e-49,1.7632386609001255e-99,9.522149451919479e-18,8.881029732506984e-27,2.6050975426000473e-28,6.95859689206999e-43,3.426026827151466e-26,6.294000795896047e-15,0.0,0.0,0.0,0.0
14.8,0.11702128,0.0015117496254159692,8.168977542312877e-05,0.0014300598499880953,3.3764821671275018e-49,1.1019997230216359e-99,8.546208141357042e-18,7.417877622708026e-27,2.094191693217528e-28,4.617503449033572e-43,2.37825618975778e-26,4.7365783520145634e-15,0.0,0.0,0.0,0.0
14.816666666666666,0.11234043,0.0015010167048040688,8.103859102525233e-05,0.0014199781137752454,2.760205920601591e-49,6.887343681268834e-100,7.67014957458103e-18,6.195561405465455e-27,1.683426093161124e-28,3.0637332008372254e-43,1.65064087217461e-26,3.563616599592215e-15,0.0,0.0,0.0,0.0
14.833333333333334,0.11234043,0.0014903572619385877,8.039256264136499e-05,0.0014099646992945354,2.256374740030819e-49,4.304492040010758e-100,6.8837665147677655e-18,5.1744762814301115e-27,1.3531842623657997e-28,2.032605490802022e-43,1.1454424521182528e-26,2.680443889629114e-15,0.0,0.0,0.0,0.0
14.85,0.10765957,0.0014797708220083414,7.975164981402827e-05,0.0014000191721922914,1.844479027111821e-49,2.6902457128165575e-100,6.177893197794672e-18,4.321524111289071e-27,1.087690077554711e-28,1.348385124681231e-43,7.947331096172319e-27,2.015640765465484e-15,0.0,0.0,0.0,0.0
14.866666666666667,0.10765957,0.001469256912964466,7.911581239928094e-05,0.001390141100563664,1.5077487684437457e-49,1.6813644949416884e-100,5.5442992412558965e-18,3.609045491562075e-27,8.742564031177237e-29,8.944041075544133e-44,5.5131183128272345e-27,1.515344436529245e-15,0.0,0.0,0.0,0.0
14.883333333333333,0.10297872,0.0014588150655078954,7.848501056425455e-05,0.0013803300549424969,1.2324719242091292e-49,1.0508281114226942e-100,4.9755943421157255e-18,3.013926928948509e-27,7.02680634677502e-29,5.932159995795992e-44,3.823859328391805e-27,1.1389444085346943e-15,0.0,0.0,0.0,0.0
14.9,0.10297872,0.0014484448130768312,7.785920478480663e-05,0.001370585608291164,1.007437009232925e-49,6.567519618576818e-101,4.4651426678404924e-18,2.5168544337139568e-27,5.647584487217686e-29,3.934154643341996e-44,2.6517690455489256e-27,8.558304789069697e-16,0.0,0.0,0.0,0.0
14.916666666666666,0.09829787,0.0014381456918342542,7.723835584317132e-05,0.0013609073359904362,8.234772462757678e-50,4.104601145045085e-101,4.0069859568155094e-18,2.1016895450052457e-27,4.5389265717641234e-29,2.6088538987287683e-44,1.8386509069703798e-27,6.429365568909334e-16,0.0,0.0,0.0,0.0
14.933333333333334,0.09829787,0.0014279172406554245,7.662242482562749e-05,0.0013512948158293104,6.730977898816756e-50,2.5653134156195736e-101,3.595774443589218e-18,1.7549477264758998e-27,3.6477857746507815e-29,1.7298486485446126e-44,1.2746567473047464e-27,4.828861149669099e-16,0.0,0.0,0.0,0.0
14.95,0.09829787,0.0014177590011154129,7.601137312018407e-05,0.001341747627994863,5.501708879985635e-50,1.603281533541681e-101,3.2267048141432404e-18,1.465362354402634e-27,2.931509597423736e-29,1.1469030992953486e-44,8.835236667257396e-28,3.62592321711377e-16,0.0,0.0,0.0,0.0
14.966666666666669,0.09361702,0.001407670517476625,7.540516241428233e-05,0.0013322653550620679,4.496866042847654e-50,1.0020261064602462e-101,2.8954644769656754e-18,1.2235202673428757e-27,2.3558043532630917e-29,7.603365531715213e-45,6.123146794689541e-28,2.722016926252762e-16,0.0,0.0,0.0,0.0
14.983333333333333,0.09361702,0.0013976513366763695,7.48037546925157e-05,0.0013228475819836469,3.675489780842094e-50,6.2625062377029644e-102,2.5981815081369935e-18,1.0215571440283264e-27,1.8930980215605432e-29,5.0401769790526816e-45,4.242904632394551e-28,2.0429719397771853e-16,0.0,0.0,0.0,0.0
15.0,0.08893617,0.001387701008314399,7.420711223436547e-05,0.0013134938960798778,3.0040934276853373e-50,3.913967321246759e-102,2.331379693731905e-18,8.529028979847168e-28,1.5212235567250966e-29,3.340771128615537e-45,2.9395750103785946e-28,1.5329724762843107e-16,0.0,0.0,0.0,0.0
15.016666666666667,0.08893617,0.0013778190846405233,7.361519761195449e-05,0.0013042038870284516,2.4553003119008814e-50,2.446167031576801e-102,2.0919381513518405e-18,7.120688847353987e-28,1.2223599647395759e-29,2.2141596235134674e-45,2.0362873158504727e-28,1.1500260741436964e-16,0.0,0.0,0.0,0.0
15.033333333333331,0.08893617,0.001368005120542186,7.30279736878169e-05,0.001294977146854281,2.0067293044744545e-50,1.5288149181571082e-102,1.8770550651820657e-18,5.944700617641987e-28,9.821807157126581e-30,1.467346358010396e-45,1.4103514409951735e-28,8.625482017896344e-17,0.0,0.0,0.0,0.0
15.05,0.08893617,0.001358258673532084,7.244540361268352e-05,0.001285813269919334,1.6400835702108823e-50,9.554844104468805e-103,1.6842151162274241e-18,4.962763656906373e-28,7.891689212740429e-30,9.723398810438277e-46,9.766747504759969e-29,6.467886456636573e-17,0.0,0.0,0.0,0.0
15.066666666666666,0.084255315,0.0013485793037358118,7.18674508232862e-05,0.0012767118529124755,1.3404054846785997e-50,5.971620359330116e-103,1.5111602318496106e-18,4.14288511319907e-28,6.340666395364884e-30,6.442664950291662e-46,6.762502397839653e-29,4.848927392461277e-17,0.0,0.0,0.0,0.0
15.083333333333334,0.084255315,0.0013389665738795004,7.129407904017496e-05,0.0012676724948392877,1.0954674271857207e-50,3.7321635389339495e-103,1.3558633168946699e-18,3.458342034755137e-28,5.094320537235468e-30,4.2684993261562035e-46,4.681664532172172e-29,3.6344123186166283e-17,0.0,0.0,0.0,0.0
15.1,0.084255315,0.001329420049277496,7.072525226555478e-05,0.0012586947970119125,8.952736796091415e-51,2.332539640735281e-103,1.2165046629995362e-18,2.886814099911139e-28,4.092834062516209e-30,2.8277912399039116e-46,3.2406270931875525e-29,2.7235092721030058e-17,0.0,0.0,0.0,0.0
15.116666666666667,0.079574466,0.0013199392978200447,7.016093478113567e-05,0.0012497783630388876,7.316531748915914e-51,1.457797807459677e-103,1.0914507634859255e-18,2.4096589399567893e-28,3.2881270175912656e-30,1.8731914242399502e-46,2.242819128060141e-29,2.040471725158579e-17,0.0,0.0,0.0,0.0
15.133333333333333,0.079574466,0.0013105238899610145,6.960109114600056e-05,0.0012409227988149976,5.979265307087226e-51,9.110987374175412e-104,9.7923528894777e-19,2.011306633031415e-28,2.641555164438959e-30,1.240737461206999e-46,1.5520166599408138e-29,1.5284113867758158e-17,0.0,0.0,0.0,0.0
15.15,0.079574466,0.0013011733987056118,6.904568619448814e-05,0.0012321277125111113,4.8863382292458285e-51,5.694210133388077e-104,8.785420035245493e-19,1.67875379056104e-28,2.122059249435566e-30,8.217520088784698e-47,1.0738310181361327e-29,1.1446133192148441e-17,0.0,0.0,0.0,0.0
15.166666666666666,0.074893616,0.0012918873995981443,6.849468503409165e-05,0.0012233927145640431,3.9931202249281137e-51,3.5587823529099066e-104,7.881894242167675e-19,1.4011408710925843e-28,1.704677069013383e-30,5.442081289480388e-47,7.42871071007559e-30,8.570122845936639e-18,0.0,0.0,0.0,0.0
15.183333333333334,0.074893616,0.0012826654707097879,6.794805304337321e-05,0.0012147174176664075,3.263130386038986e-51,2.2241765657464788e-104,7.071170456927728e-19,1.1693990428731264e-28,1.3693472551751445e-30,3.603735174687323e-47,5.1384173524626484e-30,6.4154316458113886e-18,0.0,0.0,0.0,0.0
15.2,0.074893616,0.0012735071926263967,6.740575586989391e-05,0.0012061014367564973,2.6665496207866987e-51,1.3900710131764124e-104,6.343729710916568e-19,9.759551624515134e-29,1.099947620481172e-30,2.3861872895906423e-47,3.5537282804105305e-30,4.801491330437045e-18,0.0,0.0,0.0,0.0
15.216666666666669,0.074893616,0.0012644121484363053,6.686775942815882e-05,0.0011975443890081421,2.1790045328634087e-51,8.687695854518916e-105,5.691028055482479e-19,8.144853141114266e-29,8.835220955935178e-31,1.5798658865659078e-47,2.4574147165637773e-30,3.592846685618366e-18,0.0,0.0,0.0,0.0
15.233333333333333,0.074893616,0.001255379923718191,6.633402989757808e-05,0.0011890458938206099,1.7805732304626244e-51,5.4296536155756265e-105,5.105396837420505e-19,6.797089244519642e-29,7.096592953086474e-31,1.0459240921405438e-47,1.699075037141297e-30,2.687907483152169e-18,0.0,0.0,0.0,0.0
15.25,0.07021277,0.0012464101065289184,6.580453372044202e-05,0.001180605572808474,1.4549725788980575e-51,3.3934350124915836e-105,4.579953158661563e-19,5.67216778388946e-29,5.699929896761766e-31,6.923801025324509e-48,1.1745918978320275e-30,2.0104989747363793e-18,0.0,0.0,0.0,0.0
15.266666666666667,0.07021277,0.001237502287391456,6.527923759991238e-05,0.0011722230497915418,1.1888937938809593e-51,2.120834815446809e-105,4.108519481780905e-19,4.733273594848002e-29,4.57800579999564e-31,4.583040243217389e-48,8.118994419675496e-31,1.5035161815928878e-18,0.0,0.0,0.0,0.0
15.283333333333331,0.07021277,0.0012286560592827743,6.47581084980284e-05,0.0011638979507847444,9.714593097995714e-52,1.325482652209877e-105,3.6855514486332043e-19,3.94966854122267e-29,3.6768036255532086e-31,3.033385834123738e-48,5.611238697758012e-31,1.1241593044566757e-18,0.0,0.0,0.0,0.0
15.3,0.07021277,0.0012198710176217938,6.424111363372649e-05,0.0011556299039880659,7.937787939568098e-52,8.284020191780272e-106,3.306073074385413e-19,3.2956892514902567e-29,2.9529212885844982e-31,2.0075517019800777e-48,3.8775459751686136e-31,8.403571408950353e-19,0.0,0.0,0.0,0.0
15.316666666666666,0.07021277,0.0012111467602573603,6.372822048087707e-05,0.0011474185397764823,6.485862142266671e-52,5.177357407562029e-106,2.965618564524289e-19,2.7499100091573124e-29,2.3714867970789315e-31,1.3285292846062868e-48,2.679151835672494e-31,6.2808291845448745e-19,0.0,0.0,0.0,0.0
15.333333333333334,0.07021277,0.0012024828874562246,6.321939676633317e-05,0.0011392634906898908,5.2994316806616016e-52,3.235750611357828e-106,2.66018007904559e-19,2.2944436075284284e-29,1.9044826543887685e-31,8.791055857086775e-49,1.8508886823508238e-31,4.693403371644227e-19,0.0,0.0,0.0,0.0
15.35,0.07021277,0.001193879001891077,6.27146104679962e-05,0.0011311643914230802,4.329963794239891e-52,2.022282553338623e-106,2.386160836881903e-19,1.9143574514112022e-29,1.5293992292142593e-31,5.816700000928636e-49,1.2785164242988402e-31,3.506528227719881e-19,0.0,0.0,0.0,0.0
15.366666666666667,0.06553192,0.0011853347086285865,6.221382981289405e-05,0.0011231208788156921,3.537794765360352e-52,1.2638878143335134e-106,2.140333015461484e-19,1.5971859255268138e-29,1.228152542814336e-31,3.848382329810734e-49,8.83030683117109e-32,2.6193051440285285e-19,0.0,0.0,0.0,0.0
15.383333333333333,0.06553192,0.001176849615117488,6.171702327527532e-05,0.0011151325918422122,2.89050967620836e-52,7.899054620149778e-107,1.9197999558465647e-19,1.332523172408142e-29,9.86214582183269e-32,2.545926603477227e-49,6.09802466032071e-32,1.9562073167092166e-19,0.0,0.0,0.0,0.0
15.4,0.06553192,0.0011684233311766738,6.122415957471601e-05,0.0011071991716019574,2.361618064528534e-52,4.936755358096877e-107,1.721962233796715e-19,1.1116830321970508e-29,7.919144257774139e-32,1.6841464960920145e-49,4.2106280536163497e-32,1.4607113615085018e-19,0.0,0.0,0.0,0.0
15.416666666666666,0.06553192,0.001160055468983334,6.073520767424217e-05,0.0010993202613090915,1.9294714570082408e-52,3.0853752754844396e-107,1.5444872019266253e-19,9.274150773242949e-30,6.358766511059519e-32,1.113987632415129e-49,2.907028720212242e-32,1.0905244064506358e-19,0.0,0.0,0.0,0.0
15.433333333333334,0.06553192,0.001151745643061115,6.0250136778464817e-05,0.00109149550628265,1.5763786183280501e-52,1.9282985898935567e-107,1.3852816483865895e-19,7.736674970347665e-30,5.105700719720302e-32,7.3679655066727635e-50,2.0067668483333894e-32,8.14007724096268e-20,0.0,0.0,0.0,0.0
15.45,0.06553192,0.0011434934702683182,5.976891633173028e-05,0.0010837245539365877,1.2878824143111273e-52,1.205148244782698e-107,1.242467253657525e-19,6.453891090276948e-30,4.0994514170865123e-32,4.872834975763586e-50,1.3851285298843705e-32,6.07497515301165e-20,0.0,0.0,0.0,0.0
15.466666666666669,0.06553192,0.0011352985697861077,5.929151601628306e-05,0.0010760070537698244,1.052168777326394e-52,7.53193497731211e-108,1.1143585595305735e-19,5.383640473518549e-30,3.2914261017379674e-32,3.2224257566976556e-50,9.559368354759338e-33,4.5329821720459085e-20,0.0,0.0,0.0,0.0
15.483333333333333,0.06553192,0.0011271605631067742,5.881790575044397e-05,0.0010683426573563303,8.595836493923476e-53,4.707307322366667e-108,9.994431935147726e-20,4.4907373829522546e-30,2.6425943983044887e-32,2.1308428590842634e-50,6.596516966881235e-33,3.381798390194501e-20,0.0,0.0,0.0,0.0
15.5,0.06553192,0.0011190790740220023,5.8348055686799746e-05,0.0010607310183352026,7.022381826095589e-53,2.941971387510892e-108,8.963641181160607e-20,3.74581663732928e-30,2.1216073339341098e-32,1.4089234645449876e-50,4.5514201826545814e-33,2.522529625387146e-20,0.0,0.0,0.0,0.0
15.516666666666667,0.06553192,0.001111053728611201,5.788193621040872e-05,0.0010531717924007922,5.736860769794656e-53,1.8386718976356233e-108,8.039036979634994e-20,3.1243715300323022e-30,1.7032863371311946e-32,9.315175526184048e-51,3.139976003581714e-33,1.8812666328887655e-20,0.0,0.0,0.0,0.0
15.533333333333331,0.06553192,0.0011030841552298286,5.7419517937017805e-05,0.0010456646372928107,4.686598789625759e-53,1.1491320410903798e-108,7.209693988913122e-20,2.6059506389326436e-30,1.3674093146566282e-32,6.158323952586854e-51,2.165974127479837e-33,1.4027833126896635e-20,0.0,0.0,0.0,0.0
15.55,0.06553192,0.0010951699844977767,5.6960771711293816e-05,0.0010382092127864829,3.828554702004764e-53,7.1818368091151e-109,6.465809520651848e-20,2.1734873081953736e-30,1.0977354280187386e-32,4.0710088816897267e-51,1.4939226781561777e-33,1.045821649430936e-20,0.0,0.0,0.0,0.0
15.566666666666666,0.060851064,0.0010873108492877803,5.650566860506824e-05,0.001030805180682712,3.127559426873918e-53,4.488497977065857e-109,5.79858833287389e-20,1.8127399056244456e-30,8.812216569236694e-33,2.6909757372462235e-51,1.030270520256686e-33,7.795645701542425e-21,0.0,0.0,0.0,0.0
15.583333333333334,0.060851064,0.0010795063847138465,5.605417991559438e-05,0.0010234522047982521,2.554876644809059e-53,2.805216845943133e-109,5.200139229206098e-20,1.5118245698237773e-30,7.073934521548344e-33,1.778631206309406e-51,7.104329542386015e-34,5.809979601980876e-21,0.0,0.0,0.0,0.0
15.6,0.060851064,0.0010717562281197315,5.560627716381812e-05,0.0010161499509559135,2.0870265431225354e-53,1.753201148007255e-109,4.663382256184656e-20,1.2608251772792653e-30,5.678391862979564e-33,1.1755215798107512e-51,4.898284044386297e-34,4.3293807855352056e-21,0.0,0.0,0.0,0.0
15.616666666666667,0.060851064,0.0010640600190674446,5.516193209266147e-05,0.001008898086974783,1.7048245776457714e-53,1.0957133635461854e-109,4.1819654139339653e-20,1.051467778329892e-30,4.558040624939507e-33,7.76862314871142e-52,3.376869213750317e-34,3.2255682211947867e-21,0.0,0.0,0.0,0.0
15.633333333333333,0.060851064,0.0010564173993257843,5.472111666531909e-05,0.0010016962826604652,1.3925959583319032e-53,6.847973559417121e-110,3.75018990638419e-20,8.768488547310199e-31,3.658639243749241e-33,5.133652043657724e-52,2.3277390151752546e-34,2.402794032641162e-21,0.0,0.0,0.0,0.0
15.65,0.060851064,0.0010488280128589079,5.428380306356715e-05,0.0009945442097953408,1.1375337447024116e-53,4.279835688734688e-110,3.36294305672476e-20,7.312085084616569e-31,2.936632539112323e-33,3.392172305079573e-52,1.6043697290789352e-34,1.789605536742265e-21,0.0,0.0,0.0,0.0
15.666666666666666,0.060851064,0.0010412915058149368,5.3849963686085825e-05,0.0009874415421288509,9.291743042058067e-54,2.6748043576639e-110,3.0156381031753513e-20,6.097411587116497e-31,2.357047324781401e-33,2.2412930925755174e-52,1.1056689538677134e-34,1.3326899564723458e-21,0.0,0.0,0.0,0.0
15.683333333333334,0.060851064,0.0010338075265145898,5.341957114679302e-05,0.000980387955367797,7.589686820693781e-54,1.6716942690669518e-110,2.704160170409553e-20,5.084375493122737e-31,1.8918022225854186e-33,1.4807742254257265e-52,7.618975980322952e-35,9.922761444669548e-22,0.0,0.0,0.0,0.0
15.7,0.060851064,0.0010263757254398665,5.299259827319204e-05,0.0009733831271666744,6.199323508460924e-54,1.0447721586808725e-110,2.4248177840330617e-20,4.239528921127019e-31,1.5183501927758557e-33,9.782472944548e-53,5.249516121474547e-35,7.387001045059939e-22,0.0,0.0,0.0,0.0
15.716666666666669,0.060851064,0.0010189957552227367,5.256901810473024e-05,0.0009664267371180064,5.0635901150974877e-54,6.5295948413885824e-111,2.1742993602207362e-20,3.5349682625163043e-31,1.2185883167254891e-33,6.462168061059841e-53,3.616541613030791e-35,5.498402344309326e-22,0.0,0.0,0.0,0.0
15.733333333333333,0.056170214,0.0010116672706339013,5.214880389117159e-05,0.0009595184667427298,4.135867363776681e-54,4.080851433024466e-111,1.9496341607155955e-20,2.9474158675034405e-31,9.779822420366494e-34,4.268524641526234e-53,2.491262681453612e-35,4.0920239963758346e-22,0.0,0.0,0.0,0.0
15.75,0.056170214,0.0010043899285715457,5.1731929090979536e-05,0.0009526579994805661,3.378068842063292e-54,2.550440762292927e-111,1.7481572555536858e-20,2.4574537159493647e-31,7.848630436438844e-34,2.8193400098783602e-53,1.715922928584694e-35,3.0449044957607925e-22,0.0,0.0,0.0,0.0
15.766666666666667,0.056170214,0.0009971633880501746,5.131836736971405e-05,0.0009458450206804606,2.7590796688067886e-54,1.5939680231005763e-111,1.5674780827141775e-20,2.0488839389600434e-31,6.298625646665161e-34,1.862033105305127e-53,1.1817580358443043e-35,2.265393070816456e-22,0.0,0.0,0.0,0.0
15.783333333333331,0.060851064,0.0009899873101894396,5.0908092598439104e-05,0.0009390792175910006,2.253480766074594e-54,9.961938952021641e-112,1.405452235939979e-20,1.7081952102302972e-31,5.054599770869717e-34,1.2296960745723267e-53,8.137897430146762e-36,1.6851880985097272e-22,0.0,0.0,0.0,0.0
15.8,0.060851064,0.0009828613582030306,5.0501078852142836e-05,0.0009323602793508877,1.8405065080722916e-54,6.22598478668219e-112,1.2601561497246295e-20,1.4241174935416073e-31,4.056176658715995e-34,8.120425423526697e-54,5.603366712892771e-36,1.253396996813965e-22,0.0,0.0,0.0,0.0
15.816666666666666,0.056170214,0.0009757851973875969,5.009730040816981e-05,0.0009256878969794271,1.5031930668879856e-54,3.891097762657557e-112,1.1298643843549206e-20,1.187250527677156e-31,3.254888489098079e-34,5.362046121763767e-54,3.857797158574328e-36,9.32105109585082e-23,0.0,0.0,0.0,0.0
15.833333333333334,0.056170214,0.0009687584951116923,4.9696731744664394e-05,0.0009190617633670279,1.2276825778737917e-54,2.4318463869939112e-112,1.0130292443215694e-20,9.897538467762555e-32,2.611828064498817e-34,3.540407360780177e-54,2.6557278004833074e-36,6.930708212919372e-23,0.0,0.0,0.0,0.0
15.85,0.056170214,0.000961780920804771,4.9299347539026336e-05,0.0009124815732657447,1.0026546243281802e-54,1.5198476032700642e-112,9.082624907292797e-21,8.250881517044595e-32,2.095763741547939e-34,2.337475187098067e-54,1.8280239211089803e-36,5.1526107848219286e-23,0.0,0.0,0.0,0.0
15.866666666666667,0.056170214,0.0009548521459462136,4.890512266637789e-05,0.0009059470232798358,8.18861752425412e-55,9.498693118362612e-113,8.143189328560701e-21,6.87799532243913e-32,1.6816258734459384e-34,1.5431637936112207e-54,1.2581564413666208e-36,3.830139223568155e-23,0.0,0.0,0.0,0.0
15.883333333333333,0.056170214,0.0009479718440543939,4.8514032198042304e-05,0.0008994578118563516,6.687499860392472e-55,5.936460469032332e-113,7.300817060270739e-21,5.733394458423884e-32,1.3492915799635685e-34,1.0187049995454423e-54,8.65849044158217e-37,2.846687401795698e-23,0.0,0.0,0.0,0.0
15.9,0.056170214,0.0009411396906757733,4.8126051400033934e-05,0.0008930136392757393,5.461487912883789e-55,3.710147821931669e-113,6.545490627277057e-21,4.779145322376246e-32,1.0826090705370917e-34,6.724444303676533e-55,5.9580588703082805e-37,2.115453508978543e-23,0.0,0.0,0.0,0.0
15.916666666666666,0.056170214,0.0009343553633740399,4.7741155731559724e-05,0.0008866142076424802,4.460177845715441e-55,2.318754430382288e-113,5.868225216208035e-21,3.9836132287013114e-32,8.686143199077861e-35,4.438498401239088e-55,4.099423375210604e-37,1.571832136359789e-23,0.0,0.0,0.0,0.0
15.933333333333334,0.056170214,0.0009276185417192864,4.7359320843531754e-05,0.0008802592208757546,3.6423980183678315e-55,1.449166248461153e-113,5.2609623505528434e-21,3.3204172164555967e-32,6.969021916186267e-35,2.929460119771354e-55,2.8203072977918154e-37,1.167745746415435e-23,0.0,0.0,0.0,0.0
15.95,0.056170214,0.0009209289072772229,4.6980522577091315e-05,0.0008739483847001315,2.9745184587978396e-55,9.056941765480183e-114,4.716474499478639e-21,2.767558160615198e-32,5.591215706586843e-35,1.9333528290898477e-55,1.940108690952629e-37,8.674218346663938e-24,0.0,0.0,0.0,0.0
15.966666666666669,0.056170214,0.0009142861435984177,4.660473696214386e-05,0.0008676814066362738,2.429069802618659e-55,5.6603703990128314e-114,4.228279497489258e-21,2.3066914730616217e-32,4.485700626647308e-35,1.2758711034684355e-55,1.3344796551412126e-37,6.4424758595088665e-24,0.0,0.0,0.0,0.0
15.983333333333333,0.05148936,0.0009076899362075993,4.6231940215905184e-05,0.0008614579959916941,1.983615064570879e-55,3.5375944057100564e-114,3.790563767204374e-21,1.922520433184318e-32,3.598686325923145e-35,8.419276794081681e-56,9.178134341443254e-38,4.7842746877573945e-24,0.0,0.0,0.0,0.0
16.0,0.056170214,0.0009011399725929625,4.5862108741458243e-05,0.0008552778638515042,1.6198279695806442e-55,2.210910374254026e-114,3.3981134409028015e-21,1.6022901554025707e-32,2.8870042299904686e-35,5.555398586302308e-56,6.311806970413489e-38,3.5523907253681116e-24,0.0,0.0,0.0,0.0
16.016666666666666,0.056170214,0.0008946359421955512,4.549521912632131e-05,0.0008491407230692299,1.3227400368933927e-55,1.3817648755253067e-114,3.0462525692581727e-21,1.3353655119001948e-32,2.316010976888606e-35,3.6654580700100047e-56,4.3402039497674687e-38,2.6373460313727188e-24,0.0,0.0,0.0,0.0
16.033333333333335,0.056170214,0.0008881775363986443,4.5131248141026605e-05,0.0008430462882576177,1.0801255284244406e-55,8.635690566363674e-115,2.7307876889669657e-21,1.1128790919437791e-32,1.8579055036970954e-35,2.418321450139674e-56,2.9841728873269754e-38,1.957743161306153e-24,0.0,0.0,0.0,0.0
16.05,0.056170214,0.0008817644485172077,4.4770172737709804e-05,0.0008369942757794978,8.819990247524253e-56,5.397093086798414e-115,2.4479580957136084e-21,9.274375849337926e-33,1.4903782060979277e-35,1.5954113735816351e-56,2.0516133468173163e-38,1.4530714556088907e-24,0.0,0.0,0.0,0.0
16.066666666666666,0.056170214,0.0008753963737873594,4.441197004871004e-05,0.0008309844037386494,7.202050104674423e-56,3.373049060936e-115,2.194391235997595e-21,7.728768984278119e-33,1.1955266746542171e-35,1.0524570108265339e-56,1.4103438893196341e-38,1.078353915027398e-24,0.0,0.0,0.0,0.0
16.083333333333332,0.056170214,0.0008690730093558959,4.4056617385180536e-05,0.0008250163919707154,5.880826239860087e-56,2.1080714219012703e-115,1.9670626915567583e-21,6.440579279200821e-33,9.589854239321436e-36,6.942393309174794e-57,9.69421775949403e-39,8.001643369313411e-25,0.0,0.0,0.0,0.0
16.1,0.056170214,0.0008627940542698431,4.370409223570992e-05,0.0008190899620341332,4.801918099693356e-56,1.3174917281441584e-115,1.763260284152346e-21,5.3669623484877544e-33,7.692273984957641e-36,4.5791763609649906e-57,6.662834666864042e-39,5.936644095249778e-25,0.0,0.0,0.0,0.0
16.116666666666667,0.056170214,0.0008565592094660537,4.335437226495376e-05,0.0008132048372010999,3.9208963140542866e-56,8.233990992255567e-116,1.5805518769774048e-21,4.472200071259064e-33,6.170033644081454e-36,3.0202227329824445e-57,4.5789308756056006e-39,4.403998970594358e-25,0.0,0.0,0.0,0.0
16.133333333333333,0.056170214,0.0008503681777608338,4.300743531227636e-05,0.0008073607424485575,3.201475564211667e-56,5.146035669913811e-116,1.4167564924692162e-21,3.726516091544132e-33,4.9489197867294376e-36,1.9918845275982706e-57,3.146503284014141e-39,3.266616821939029e-25,0.0,0.0,0.0,0.0
16.15,0.056170214,0.0008442206638396196,4.266325939040292e-05,0.0008015574044492167,2.6140221629199656e-56,3.216141228784776e-116,1.2699184053653084e-21,3.1050880646019504e-33,3.969386953144346e-36,1.313599773675882e-57,2.1619796732194574e-39,2.4226706749247656e-25,0.0,0.0,0.0,0.0
16.166666666666668,0.056170214,0.0008381163742466856,4.232182268408202e-05,0.0007957945515626036,2.1343350481013185e-56,2.010005961833934e-116,1.1382839048911606e-21,2.5872239929675826e-33,3.183659751143576e-36,8.662352014687923e-58,1.4853698345786594e-39,1.7965370644517487e-25,0.0,0.0,0.0,0.0
16.183333333333334,0.056170214,0.0008320550173748994,4.198310354875816e-05,0.0007900719138261412,1.7426501145318192e-56,1.2562020415829726e-116,1.0202804514231612e-21,2.1556754122560002e-33,2.5534072488094206e-36,5.711926138989123e-58,1.020416396436e-39,1.3320606377339833e-25,0.0,0.0,0.0,0.0
16.2,0.056170214,0.0008260363034555039,4.16470805092539e-05,0.00078438922294625,1.4228269766348027e-56,7.850938216881058e-117,9.144979811958275e-22,1.7960647054877773e-33,2.04787668928132e-36,3.7662007236776024e-58,7.009391996079501e-40,9.875480189365093e-26,0.0,0.0,0.0,0.0
16.216666666666665,0.056170214,0.0008200599445479487,4.1313732258462764e-05,0.0007787462122894859,1.1616847459033957e-56,4.906632603094124e-117,8.196721379529266e-22,1.4964075944022761e-33,1.6423958462709743e-36,2.483125098325534e-58,4.814415997155481e-40,7.320474922106982e-26,0.0,0.0,0.0,0.0
16.233333333333334,0.056170214,0.0008141256545297589,4.098303765605118e-05,0.0007731426168737077,9.484595257230431e-57,3.0665174256441352e-117,7.346692331704106e-22,1.2467150009455637e-33,1.3171712340473115e-36,1.637073301876071e-58,3.3064919919177643e-40,5.425846343428257e-26,0.0,0.0,0.0,0.0
16.25,0.056170214,0.0008082331490864466,4.065497572717134e-05,0.0007675781733592753,7.743613253829083e-57,1.9164930557850693e-117,6.584727568757584e-22,1.0386610954118772e-33,1.0563237508651034e-36,1.0792254345565963e-58,2.270660382410169e-40,4.021085508528007e-26,0.0,0.0,0.0,0.0
16.266666666666666,0.056170214,0.000802382145701449,4.032952566118221e-05,0.0007620526200402668,6.322121788592508e-57,1.1977577226228374e-117,5.901712793894021e-22,8.653065359634563e-34,8.471148661035228e-37,7.114278584250029e-59,1.5591862002972172e-40,2.9796626183532945e-26,0.0,0.0,0.0,0.0
16.283333333333335,0.056170214,0.0007965723636461201,4.000666681038186e-05,0.0007565656968357383,5.1615059004255e-57,7.485669115606671e-118,5.289476007364331e-22,7.208677295547896e-34,6.793257175781942e-37,4.689476253617954e-59,1.0705454717130998e-40,2.207695743616266e-26,0.0,0.0,0.0,0.0
16.3,0.05148936,0.0007908035239697609,3.9686378688748476e-05,0.0007511171452810124,4.2139015131475143e-57,4.678344407491645e-118,4.740690192117835e-22,6.005244667909563e-34,5.447589152548622e-37,3.0909552697228894e-59,7.349771443107483e-41,1.6355358405011893e-26,0.0,0.0,0.0,0.0
16.316666666666666,0.05148936,0.0007850753494896777,3.936864097069102e-05,0.0007457067085189867,3.4402240858634313e-57,2.923840461206841e-118,4.248786038035491e-22,5.002595531541079e-34,4.368388111682522e-37,2.0372115601501657e-59,5.04550182609548e-41,1.2115183530883927e-26,0.0,0.0,0.0,0.0
16.333333333333332,0.05148936,0.0007793875647812935,3.905343348980943e-05,0.0007403341312914841,2.8085586442700295e-57,1.8273219499134065e-118,3.8078736704257817e-22,4.1672511821365424e-34,3.50290781944536e-37,1.342624913640828e-59,3.4633545830742375e-41,8.973242032777734e-27,0.0,0.0,0.0,0.0
16.35,0.05148936,0.0007737398961682919,3.8740736237664386e-05,0.0007349991599306275,2.2928449640235432e-57,1.142027044000093e-118,3.4126724549005726e-22,3.4713116783341086e-34,2.8088391212980653e-37,8.848070091204111e-60,2.3771240106480076e-41,6.645361031745056e-27,0.0,0.0,0.0,0.0
16.366666666666667,0.05148936,0.0007681320717128054,3.843052936255618e-05,0.0007297015423502493,1.871803811422875e-57,7.137360355292076e-119,3.058448046251862e-22,2.89152681157851e-34,2.2522454994894186e-37,5.830661292751985e-60,1.631433006735185e-41,4.920825341667708e-27,0.0,0.0,0.0,0.0
16.383333333333333,0.04680851,0.0007625638212056381,3.812279316831292e-05,0.0007244410280373251,1.5280600582550536e-57,4.4606564765896084e-119,2.7409559346313997e-22,2.40852168617428e-34,1.805906817984396e-37,3.842046375510102e-60,1.1195652397902919e-41,3.643408325421739e-27,0.0,0.0,0.0,0.0
16.4,0.04680851,0.0007570348761565327,3.781750811308773e-05,0.000719217368043445,1.2474265836952039e-57,2.78778869201138e-119,2.456390819213458e-22,2.0061511963141184e-34,1.4479905784581675e-37,2.531529796189629e-60,7.682322806225708e-42,2.6972960599599102e-27,0.0,0.0,0.0,0.0
16.416666666666668,0.04680851,0.0007515449697844765,3.751465480816552e-05,0.000714030314976311,1.0183194891019395e-57,1.7422916081740284e-119,2.2013412084878052e-22,1.6709619603077028e-34,1.160985949971383e-37,1.6679355177981632e-60,5.271071522948694e-42,1.996643882604355e-27,0.0,0.0,0.0,0.0
16.433333333333334,0.04680851,0.0007460938370080501,3.7214214016778535e-05,0.0007088796229912716,8.312805530235849e-58,1.0888843527049665e-119,1.9727487082098857e-22,1.3917438359483777e-34,9.308486261425408e-38,1.0988827682891921e-60,3.6163353971210856e-42,1.4778289531488996e-27,0.0,0.0,0.0,0.0
16.45,0.04680851,0.0007406812144358081,3.69161666529307e-05,0.0007037650477828773,6.785872655954264e-58,6.805226570788558e-120,1.7678715135461537e-22,1.1591561127163315e-34,7.463148284966882e-38,7.239348464447697e-61,2.4808594129238827e-42,1.093703581142857e-27,0.0,0.0,0.0,0.0
16.466666666666665,0.04680851,0.0007353068403567085,3.6620493780231145e-05,0.0006986863465764774,5.539343850277352e-58,4.2530779362879816e-120,1.5842516717575905e-22,9.65415954591332e-35,5.983510119606036e-38,4.768960562750171e-61,1.70176459910535e-42,8.093331650266437e-28,0.0,0.0,0.0,0.0
16.483333333333334,0.042127658,0.0007299704547305785,3.632717661073667e-05,0.0006936432781198419,4.5217390211492644e-58,2.6580553088601094e-120,1.419685726440011e-22,8.040387335833052e-35,4.797124385192243e-38,3.14140715383272e-61,1.167242020796049e-42,5.9883560279582725e-28,0.0,0.0,0.0,0.0
16.5,0.042127658,0.0007246717991786249,3.603619650380284e-05,0.0006886356026748221,3.69102702598235e-58,1.6612102668679834e-120,1.2721983944231154e-22,6.696216170564628e-35,3.8458908917736483e-38,2.0691934292681222e-61,8.00546673118381e-43,4.430378071834594e-28,0.0,0.0,0.0,0.0
16.516666666666666,0.042127658,0.0007194106169739725,3.57475349649437e-05,0.0006836630820090288,3.0128918058356417e-58,1.0382097915199485e-120,1.1400189623848687e-22,5.576632085343689e-35,3.0832164047654756e-38,1.3628700054143802e-61,5.4900579597589635e-43,3.277382958239093e-28,0.0,0.0,0.0,0.0
16.533333333333335,0.042127658,0.0007141866530322569,3.5461173644700254e-05,0.0006787254793875566,2.459316597646615e-58,6.488518624225934e-121,1.0215601224942343e-22,4.6441323949268196e-35,2.4717364689502664e-38,8.976031582716257e-62,3.7647136067273414e-43,2.424192713128981e-28,0.0,0.0,0.0,0.0
16.55,0.042127658,0.000708999653902254,3.5177094337517946e-05,0.0006738225595647362,2.0074278885121453e-58,4.055140556752595e-121,9.153989953286317e-23,3.8674730833350404e-35,1.981488106294054e-38,5.911409160291232e-62,2.581379820327621e-43,1.7929201926001937e-28,0.0,0.0,0.0,0.0
16.566666666666666,0.042127658,0.0007038493677565408,3.489527898063174e-05,0.0006689540887759091,1.638551472051796e-58,2.5343476565946905e-121,8.202601142688234e-23,3.2206249537525064e-35,1.5884441884742017e-38,3.892911148192022e-62,1.769852360261248e-43,1.3258944645461179e-28,0.0,0.0,0.0,0.0
16.583333333333332,0.042127658,0.0006987355443822074,3.461570965296069e-05,0.0006641198347292467,1.3374417023170658e-58,1.5838950094215253e-121,7.350001688565165e-23,2.681903768727167e-35,1.2733379250920493e-38,2.563509305388794e-62,1.2133540296668223e-43,9.804183941752736e-29,0.0,0.0,0.0,0.0
16.6,0.037446808,0.0006936579351716024,3.433836857401009e-05,0.0006593195665975923,1.0916521748100535e-58,9.898890332086735e-122,6.585943254847336e-23,2.2332453981085813e-35,1.0207200614578695e-38,1.6879996495819179e-62,8.317706817415809e-44,7.248843891490594e-29,0.0,0.0,0.0,0.0
16.616666666666667,0.037446808,0.0006886162931131262,3.406323810278283e-05,0.0006545530550103434,8.910218904243054e-59,6.186521943387596e-122,5.901239625245316e-23,1.8596018168283977e-35,8.182027346825052e-39,1.1114424089587108e-62,5.701451800786491e-44,5.358967859266843e-29,0.0,0.0,0.0,0.0
16.633333333333333,0.037446808,0.0006836103727820514,3.379030073669797e-05,0.0006498200720453535,7.272557162018588e-59,3.8663977137082343e-122,5.2876567379551073e-23,1.54843781667088e-35,6.558530465433018e-39,7.317771492084278e-63,3.907808608209351e-44,3.9614024818293317e-29,0.0,0.0,0.0,0.0
16.65,0.037446808,0.0006786399303313983,3.351953911051855e-05,0.0006451203912208797,5.935818425039321e-59,2.4163865847857265e-122,4.73781409359887e-23,1.2893116490413714e-35,5.257067199580384e-39,4.8177926091407255e-63,2.6782264339824306e-44,2.9280096093071466e-29,0.0,0.0,0.0,0.0
16.666666666666668,0.03276596,0.0006737047234828367,3.325093599528681e-05,0.0006404537874875499,4.8447210941405145e-59,1.510171360494342e-122,4.2450963613901347e-23,1.073525610670195e-35,4.2137806895612344e-39,3.171720023268157e-63,1.835387105314096e-44,2.1639739781334692e-29,0.0,0.0,0.0,0.0
16.683333333333334,0.03276596,0.0006688045115176445,3.298447429726827e-05,0.0006358200372203762,3.954136665439476e-59,9.438130267879681e-123,3.803574129770103e-23,8.93834913978816e-36,3.3774721550210994e-39,2.0879456047497992e-63,1.2576929706585065e-44,1.599145101805295e-29,0.0,0.0,0.0,0.0
16.7,0.03276596,0.0006639390552676868,3.272013705690288e-05,0.0006312189182107839,3.2272254655669663e-59,5.8985549356221474e-123,3.4079328565220484e-23,7.442051258341923e-36,2.7070925965326373e-39,1.374425540218942e-63,8.617640228568876e-45,1.1816267191271942e-29,0.0,0.0,0.0,0.0
16.716666666666665,0.03276596,0.0006591081171064506,3.245790744776497e-05,0.0006266502096586856,2.633914607832512e-59,3.6864233969584754e-123,3.0534091709181023e-23,6.196100771365602e-36,2.1697313627126457e-39,9.046926456442722e-64,5.904308558438131e-45,8.730308966389978e-30,0.0,0.0,0.0,0.0
16.733333333333334,0.03276596,0.0006543114609401115,3.219776877553089e-05,0.0006221136921645806,2.149655364359007e-59,2.3039058279502732e-123,2.7357337679418185e-23,5.15863494899646e-36,1.739003194479281e-39,5.9546853067865114e-64,4.0449847104051837e-45,6.449649144464098e-30,0.0,0.0,0.0,0.0
16.75,0.03276596,0.0006495488521986477,3.1939704476954365e-05,0.0006176091477216934,1.754408672300283e-59,1.4398728985490355e-123,2.4510802130971008e-23,4.2947873303684885e-36,1.3937548336696869e-39,3.919174369420118e-64,2.770971538693245e-45,4.764310020756792e-30,0.0,0.0,0.0,0.0
16.766666666666666,0.03276596,0.0006448200578269827,3.1683698118849786e-05,0.000613136359708133,1.4318169016964217e-59,8.998777553411862e-124,2.1960190466893894e-23,3.575519153421002e-36,1.1170279051534215e-39,2.5793393166111118e-64,1.8980811477038877e-45,3.5190194304095224e-30,0.0,0.0,0.0,0.0
16.783333333333335,0.03276596,0.0006401248462761791,3.1429733397083054e-05,0.0006086951128790961,1.1685276959363672e-59,5.623967473922707e-124,1.9674766395817446e-23,2.976645853213007e-36,8.952273120542203e-40,1.697464082132947e-64,1.3000654072274428e-45,2.5989703167778083e-30,0.0,0.0,0.0,0.0
16.8,0.03276596,0.0006354629874946679,3.1177794135570715e-05,0.0006042851933590972,9.536419697008827e-60,3.5148112640251115e-124,1.762698309031113e-23,2.4780260857050278e-36,7.174544342608235e-40,1.1170459412532223e-64,8.903966767938666e-46,1.9192840387021466e-30,0.0,0.0,0.0,0.0
16.816666666666666,0.03276596,0.0006308342529195162,3.0927864285285766e-05,0.0005999063886342305,7.782632721666068e-60,2.196651413976625e-124,1.579215253975878e-23,2.0628861597482445e-36,5.7497248169057346e-40,7.350551149996914e-65,6.097754600641572e-46,1.4172149753511115e-30,0.0,0.0,0.0,0.0
16.833333333333332,0.03276596,0.0006262384154677376,3.067992792327195e-05,0.0005955584875444657,6.351299062632818e-60,1.372840886052562e-124,1.4148149146715067e-23,1.717257281749191e-36,4.607778193514059e-40,4.836679409233886e-65,4.1756551076737434e-46,1.0463838582980394e-30,0.0,0.0,0.0,0.0
16.85,0.028085107,0.0006216752495276407,3.0433969251664916e-05,0.0005912412802759758,5.183146102839374e-60,8.579840048564e-125,1.2675144023983878e-23,1.429506785686221e-36,3.692562668733005e-40,3.1823894700240144e-65,2.8592211280698656e-46,7.7251231944336885e-31,0.0,0.0,0.0,0.0
16.866666666666667,0.028085107,0.0006171445309502212,3.0189972596721532e-05,0.0005869545583534997,4.2297939694385983e-60,5.362139451928547e-125,1.1355366815791268e-23,1.1899476613439101e-36,2.9590753414647076e-40,2.0938139274049644e-65,1.9576700320412365e-46,5.702681854634562e-31,0.0,0.0,0.0,0.0
16.883333333333333,0.028085107,0.0006126460370405853,2.994792240785565e-05,0.0005826981146327297,3.4517542202810023e-60,3.3511737368748465e-125,1.017289219476548e-23,9.90513310392673e-37,2.3712429019113187e-40,1.377531908011782e-65,1.340293904711938e-46,4.209325217869279e-31,0.0,0.0,0.0,0.0
16.9,0.028085107,0.0006081795465494227,2.9707803256682227e-05,0.0005784717432927405,2.816796139466898e-60,2.0943810994849663e-125,9.113448480873786e-24,8.244866404756563e-37,1.9001503738627877e-40,9.062419795965055e-66,9.175496405523747e-47,3.1067455533334244e-31,0.0,0.0,0.0,0.0
16.916666666666668,0.028085107,0.0006037448396645121,2.946959983606793e-05,0.0005742752398284442,2.2986131349090944e-60,1.3089239165216978e-125,8.164246092498652e-24,6.8627442443937026e-37,1.522621084396726e-40,5.961639462551276e-66,6.280992103430164e-47,2.2927621951868376e-31,0.0,0.0,0.0,0.0
16.933333333333334,0.028085107,0.0005993416980022739,2.923329695918982e-05,0.0005701084010430841,1.875734124595527e-60,8.180371435943572e-126,7.313823776600795e-24,5.712193658457986e-37,1.2200782386164188e-40,3.9216276872197796e-66,4.299285134638912e-47,1.6918923039253098e-31,0.0,0.0,0.0,0.0
16.95,0.028085107,0.0005949699045993496,2.899887955860018e-05,0.0005659710250407495,1.5306349171740073e-60,5.11247940474837e-126,6.551910777230348e-24,4.7544357341258344e-37,9.776322732762307e-41,2.5795635315126714e-66,2.942617040765851e-47,1.2483806971634232e-31,0.0,0.0,0.0,0.0
16.966666666666665,0.028085107,0.0005906292439042366,2.876633268529954e-05,0.0005618629112189371,1.2490128540359974e-60,3.195141139798557e-126,5.86930329202701e-24,3.957181981319071e-37,7.833492264950216e-41,1.6967013628825394e-66,2.0139139343236947e-47,9.210479721380295e-32,0.0,0.0,0.0,0.0
16.983333333333334,0.028085107,0.0005863195017689498,2.853564150781595e-05,0.0005577838602611339,1.0191947250788062e-60,1.996863830919295e-126,5.257753737060251e-24,3.2935486258495325e-37,6.276642323882817e-41,1.1159480960700666e-66,1.3782179467908656e-47,6.794829738519141e-32,0.0,0.0,0.0,0.0
17.0,0.028085107,0.0005820404654407319,2.8306791311292028e-05,0.0005537336741294398,8.316534771087299e-61,1.2479775776521172e-126,4.709871493431809e-24,2.7411524163132093e-37,5.029113634057807e-41,7.339425785398081e-67,9.431155267111832e-48,5.012290958345401e-32,0.0,0.0,0.0,0.0
17.016666666666666,0.028085107,0.0005777919235537937,2.8079767496578163e-05,0.0005497121560572155,6.786137296490687e-61,7.799469115112492e-127,4.219033946317353e-24,2.281357615683824e-37,4.0294674755080283e-41,4.826805129482181e-67,6.453302958358391e-48,3.6970521448142166e-32,0.0,0.0,0.0,0.0
17.033333333333335,0.028085107,0.0005735736661211007,2.7854555579333388e-05,0.0005457191105417673,5.537297833019378e-61,4.874423192657044e-127,3.779306750192012e-24,1.898648913277146e-37,3.2284646167817293e-41,3.1742208150566784e-67,4.4153948109397563e-48,2.726696033983897e-32,0.0,0.0,0.0,0.0
17.05,0.028085107,0.0005693854845262008,2.7631141189132797e-05,0.000541754343337068,4.51822802279694e-61,3.046360876596381e-127,3.385372364330938e-24,1.580109212203331e-37,2.5866436963068636e-41,2.0873452335419117e-67,3.020838614585392e-48,2.0108513256490303e-32,0.0,0.0,0.0,0.0
17.066666666666666,0.028085107,0.0005652271715150802,2.74095100685817e-05,0.0005378176614464985,3.686662989823781e-61,1.9038792302104117e-127,3.0324660016133794e-24,1.3149847625944211e-37,2.0723801465550143e-41,1.3725598955360594e-67,2.0665987348760226e-48,1.4828100372249273e-32,0.0,0.0,0.0,0.0
17.083333333333332,0.028085107,0.0005610985211880708,2.7189648072436685e-05,0.0005339088731156341,3.008110455524704e-61,1.1898641298093329e-127,2.716318222371277e-24,1.0943230392648363e-37,1.6603303335390866e-41,9.02502239551025e-68,1.41369462987023e-48,1.0933359425298699e-32,0.0,0.0,0.0,0.0
17.1,0.028085107,0.0005569993289917867,2.6971541166733516e-05,0.0005300277878250532,2.4544216765221395e-61,7.43627219285882e-128,2.4331034845575694e-24,9.106712019270032e-38,1.3301844884945666e-41,5.933969697072146e-68,9.669990117041891e-49,8.060918261360448e-33,0.0,0.0,0.0,0.0
17.116666666666667,0.028085107,0.0005529293917111112,2.675517542792151e-05,0.0005261742162831897,2.002625066165996e-61,4.647432744829305e-128,2.179394032820305e-24,7.578250082265208e-38,1.0656671652757843e-41,3.901418174170413e-68,6.614051658536172e-49,5.942626313364703e-33,0.0,0.0,0.0,0.0
17.133333333333333,0.028085107,0.0005488885074612083,2.6540537042004563e-05,0.0005223479704192038,1.633974226060537e-61,2.904496645296385e-128,1.9521185730041093e-24,6.306197426454318e-38,8.537361087150542e-42,2.5649559625280694e-68,4.52356069367005e-49,4.3806198292915755e-33,0.0,0.0,0.0,0.0
17.15,0.028085107,0.0005448764756795842,2.632761230368877e-05,0.0005185488633758954,1.3331709830140309e-61,1.8152171039015946e-128,1.748525235921704e-24,5.24756134390972e-38,6.83940161519431e-42,1.6862332319946844e-68,3.093603871503675e-49,3.228911717546514e-33,0.0,0.0,0.0,0.0
17.166666666666668,0.028085107,0.0005408930971181817,2.6116387615536722e-05,0.000514776709502645,1.087731266906946e-61,1.1344521991885567e-128,1.5661483856287781e-24,4.366554119246822e-38,5.4790464776810405e-42,1.1085002194971682e-68,2.1155367735638303e-49,2.379800015437917e-33,0.0,0.0,0.0,0.0
17.183333333333334,0.028085107,0.0005369381738355194,2.5906849487128084e-05,0.0005110313243483913,8.874675751107934e-62,7.089959565175709e-129,1.4027788735086648e-24,3.6333862011619277e-38,4.3891893267226985e-42,7.286759213566863e-69,1.4465991423357064e-49,1.753834710365005e-33,0.0,0.0,0.0,0.0
17.2,0.028085107,0.0005330115091888587,2.5698984534226653e-05,0.0005073125246546321,7.240665935161626e-62,4.430994860402322e-129,1.2564373807791898e-24,3.023261408816013e-38,3.516058780201316e-42,4.789758721290536e-69,9.891171384820255e-50,1.2924120048181377e-33,0.0,0.0,0.0,0.0
17.216666666666665,0.028085107,0.0005291129078264213,2.549277947795378e-05,0.0005036201283484676,5.907444823526303e-62,2.769227688712275e-129,1.12535052906465e-24,2.515540368836527e-38,2.816569368614077e-42,3.148281258180563e-69,6.7626871994111435e-50,9.52308468965856e-34,0.0,0.0,0.0,0.0
17.233333333333334,0.028085107,0.0005252421756796365,2.5288221143968225e-05,0.0004999539545356683,4.819655495807571e-62,1.730676974684069e-129,1.0079294718732923e-24,2.0930440316513634e-38,2.256198568953733e-42,2.0692557271713943e-69,4.6234170634027285e-50,7.0164731070384476e-34,0.0,0.0,0.0,0.0
17.25,0.028085107,0.0005213991199554321,2.50852964616523e-05,0.0004963138234937797,3.932126586106171e-62,1.0816164849836932e-129,9.027507095814323e-25,1.7414738240372847e-38,1.807285479985956e-42,1.3599897889746462e-69,3.1606702520851416e-50,5.169218037889725e-34,0.0,0.0,0.0,0.0
17.266666666666666,0.028085107,0.000517583549128559,2.4883992463303918e-05,0.0004926995566652551,3.2079985893643428e-62,6.759748086805358e-130,8.085388972052362e-25,1.448928915951711e-38,1.4476674226651404e-42,8.937952736332202e-70,2.160567300435978e-50,3.8079901436612764e-34,0.0,0.0,0.0,0.0
17.283333333333335,0.028085107,0.0005137952729339574,2.468429628333537e-05,0.000489110976650622,2.617194765452455e-62,4.224620064287519e-130,7.241514381582433e-25,1.2055043454041914e-38,1.159587365963208e-42,5.873831289423657e-70,1.476825038012587e-50,2.8049941974542994e-34,0.0,0.0,0.0,0.0
17.3,0.028085107,0.0005100341023591619,2.448619515747788e-05,0.00048554790720168397,2.1351732795673317e-62,2.64024807922966e-130,6.4856467863289215e-25,1.0029564648174404e-38,9.288183978100465e-43,3.859988180592361e-70,1.0093994801684712e-50,2.0660152016127075e-34,0.0,0.0,0.0,0.0
17.316666666666666,0.028085107,0.0005062998496367382,2.4289676421992306e-05,0.00048201017321474593,1.7419088650741722e-62,1.650067634327381e-130,5.80861536463596e-25,8.344244372688397e-39,7.439621371810637e-43,2.536481248780151e-70,6.898744040945236e-51,1.521600552168667e-34,0.0,0.0,0.0,0.0
17.333333333333332,0.03276596,0.0005025923282367653,2.409472751288591e-05,0.0004784976007238794,1.4210618018579887e-62,1.0312374799306208e-130,5.20220415558367e-25,6.941983971840591e-39,5.958865409325896e-43,1.6667044481329606e-70,4.714656476668787e-51,1.1205560993231884e-34,0.0,0.0,0.0,0.0
17.35,0.03276596,0.0004989113528595802,2.3901335965135297e-05,0.00047501001689421513,1.1592997628659605e-62,6.444890824410849e-131,4.6590527242927415e-25,5.775264607751781e-39,4.772754181229646e-43,1.095133014900075e-70,3.221834922408943e-51,8.251493352188751e-35,2.297138702719713e-16,0.0,0.0,0.0
17.366666666666667,0.03276596,0.0004952579298484832,2.3709489411915138e-05,0.0004715472500152709,9.457444149014642e-63,4.027841515259869e-131,4.17256715196349e-25,4.804540795118067e-39,3.822674622525238e-43,7.195426965023919e-71,2.2015566380074293e-51,6.075719390753317e-35,1.1904212970900331e-09,0.0,0.0,0.0
17.383333333333333,0.03276596,0.0004918273005501012,2.3519175583832795e-05,0.00046810912949430517,7.71519828948016e-63,2.5172660362719495e-131,3.736840278483739e-25,3.9969031910049983e-39,3.0616701824406337e-43,4.727458966387983e-71,1.504284315183149e-51,4.4733127443721336e-35,1.9899547196330514e-07,0.0,0.0,0.0
17.4,0.03276596,0.0004922573267689862,2.3330382308168882e-05,0.0004646954858497073,6.293839742966397e-63,1.573206717038923e-131,3.346580236677556e-25,3.324965534118504e-39,2.452123326301304e-43,3.105850503912626e-71,1.027788172650312e-51,3.293270577419349e-35,4.231458611109977e-06,0.0,0.0,0.0
17.416666666666668,0.037446808,0.0005203498608999787,2.314309750812374e-05,0.0004613061507044187,5.134280141543698e-63,9.83201203623478e-132,2.9970464169682383e-25,2.76593818002111e-39,1.9638986590749904e-43,2.040398466163754e-71,7.021842186616242e-52,2.424333472190041e-35,3.5900612687436286e-05,0.0,0.0,0.0
17.433333333333334,0.037446808,0.0006614970455822531,2.2957309202069622e-05,0.00045794095677938564,4.188309307701336e-63,6.144675389589065e-132,2.6839920905983626e-25,2.3008569670821163e-39,1.5728551452341633e-43,1.3403899693700197e-71,4.797029723514151e-52,1.7845317769949445e-35,0.00018059877960079773,0.0,0.0,0.0
17.45,0.042127658,0.0011254234118813816,2.2773005502808536e-05,0.00045459973788703904,3.4165930178028917e-63,3.8402139639545685e-132,2.403612999654625e-25,1.9139413838544362e-39,1.259654080184098e-43,8.804996117157651e-72,3.27693468039153e-52,1.3134797735689827e-35,0.000648050668491534,0.0,0.0,0.0
17.466666666666665,0.04680851,0.0023096051284316062,2.2590174616835838e-05,0.000451282328924812,2.7870392142222715e-63,2.4000032749663935e-132,2.1525012939442103e-25,1.59206036810767e-39,1.008804038814201e-43,5.783744044914079e-72,2.238398073883651e-52,9.666958585057135e-36,0.0018357326248899584,0.0,0.0,0.0
17.483333333333334,0.05148936,0.004836428346086603,2.2408804843609632e-05,0.0004479885658686842,2.2734648801080152e-63,1.4999202923311684e-132,1.9276042591230385e-25,1.3242876975093566e-39,8.078957034506343e-44,3.799014372075328e-72,1.5289073141491019e-52,7.114164110601598e-36,0.004366030975374309,0.0,0.0,0.0
17.5,0.060851064,0.00954391224395672,2.2228884574825628e-05,0.0004447182857667613,1.854508258940103e-63,9.373989480251481e-133,1.7261873381560295e-25,1.1015319540386845e-39,6.469888310974762e-44,2.4952545692660085e-72,1.0442378251077284e-52,5.235107927777634e-36,0.009076965073615132,0.0,0.0,0.0
17.516666666666666,0.07021277,0.01742410285204228,2.205040229369755e-05,0.0004414713267328809,1.5127412764427026e-63,5.858422348110679e-133,1.5458009998876792e-25,9.162285603087246e-40,5.181211188053334e-44,1.6388564360385127e-72,7.1316864416627375e-53,3.85208022493143e-36,0.0169605811230157,0.0,0.0,0.0
17.533333333333335,0.084255315,0.02951802100700715,2.187334657424308e-05,0.00043824752794025136,1.2339453265511073e-63,3.6613127585242944e-133,1.3842510548363227e-25,7.620834807466721e-40,4.149147353661643e-44,1.076339223982053e-72,4.870345233363121e-53,2.8342170972627253e-36,0.029057900132492657,0.0,0.0,0.0
17.55,0.10297872,0.046786398358542466,2.169770608057562e-05,0.00043504672961512783,1.0065203600317813e-63,2.2881943846052097e-133,1.2395720598538616e-25,6.338599245416874e-40,3.3226110309984915e-44,7.06870249515338e-73,3.3258454913990685e-53,2.0851590711019094e-36,0.04632965392284676,0.0,0.0,0.0
17.566666666666666,0.12638298,0.06997944552573326,2.152346956620082e-05,0.00043186877303050725,8.210027448449213e-64,1.4300424765127601e-133,1.1100034905111406e-25,5.272008391412114e-40,2.6606837235703517e-44,4.642079733083655e-73,2.27101150437754e-53,1.5339589499300547e-36,0.06952605328313656,0.0,0.0,0.0
17.583333333333332,0.15446809,0.09952707068505884,2.1350625873319253e-05,0.00042871350049986453,6.696718805987979e-64,8.937270346192202e-134,9.939683934291253e-26,4.384811917521811e-40,2.1305912352364995e-44,3.048371678513311e-73,1.5506424476006554e-53,1.1283840269640741e-36,0.09907700655868565,0.0,0.0,0.0
17.6,0.18723404,0.13546514633155998,2.1179163932133864e-05,0.0004255807553709148,5.462292325336324e-64,5.585483701945361e-134,8.900542606692525e-26,3.6468504249624572e-40,1.7060830906022026e-44,2.0017311386000437e-73,1.058715318324649e-53,8.299825181018317e-37,0.13501838641225694,0.0,0.0,0.0
17.616666666666667,0.22,0.17740580381063556,2.1009072760163324e-05,0.00042247038201940996,4.455364560587909e-64,3.490732895794702e-134,7.969958950914598e-26,3.0330325048399364e-40,1.3661343349324956e-44,1.3143957627332888e-73,7.228064918381484e-54,6.104498037685778e-37,0.176962324355856,0.0,0.0,0.0
17.633333333333333,0.26212767,0.2245522213670354,2.0840341461559918e-05,0.0004193822258429594,3.63401735543816e-64,2.1815862355479332e-134,7.136600595988604e-26,2.522483513378678e-40,1.0939056010469901e-44,8.630365872448892e-74,4.9344679758838214e-54,4.489522415381341e-37,0.22411199879973087,0.0,0.0,0.0
17.65,0.3042553,0.2757522607392754,2.0672959226433487e-05,0.00041631613325488886,2.9640546252594745e-64,1.3634150619586956e-134,6.39031724708436e-26,2.0978372511394787e-40,8.75910077274581e-45,5.666501251670105e-74,3.368481685296654e-54,3.3015636530174346e-37,0.2753152716467941,0.0,0.0,0.0
17.666666666666668,0.35106382,0.3295812471893341,2.050691533017989e-05,0.00041327195167812584,2.4175801173037622e-64,8.52086582678595e-135,5.722017481713759e-26,1.7446465671703033e-40,7.013462236577876e-45,3.720348017982683e-74,2.2993428512312772e-54,2.42777659842212e-37,0.32914746832232583,0.0,0.0,0.0
17.683333333333334,0.39787233,0.38444228010447956,2.034219913281525e-05,0.0004102495295391161,1.9718370603889283e-64,5.3252414407753404e-135,5.123558376499641e-26,1.4508929306784582e-40,5.615632666186891e-45,2.442502490157023e-74,1.5694557789836568e-54,1.7851201502519793e-37,0.3840116883758076,0.0,0.0,0.0
17.7,0.44468084,0.43867243232018804,2.0178800078314763e-05,0.0004072487162617704,1.608261490596785e-64,3.3280881158537603e-135,4.587646629452737e-26,1.2065783603043088e-40,4.496330586351262e-45,1.6035016203698077e-74,1.0711995012133769e-54,1.312490102462856e-37,0.438245004803848,0.0,0.0,0.0
17.716666666666665,0.49148935,0.49064457043456033,2.0016707693956848e-05,0.00040426936226144297,1.3117099135800037e-64,2.0799374132770184e-135,4.107749981499246e-26,1.0033858873767897e-40,3.6000714239989856e-45,1.0526568056018035e-74,7.310846860120041e-55,9.649274070926046e-38,0.4902202843646049,0.0,0.0,0.0
17.733333333333334,0.5382979,0.5388567707244692,1.9855911589672504e-05,0.0004013113189389374,1.0698292051650314e-64,1.2998871633570345e-135,3.678017865376333e-26,8.343970486625339e-41,2.8824206749136827e-45,6.910146966957768e-75,4.98931790599744e-55,7.093546702082244e-38,0.5384356034939406,0.0,0.0,0.0
17.75,0.5804255,0.5820039211386925,1.9696401457399512e-05,0.0003983744386745484,8.725425604792577e-65,8.123832881447047e-136,3.2932103214708527e-26,6.938568343801595e-41,2.3077937935006867e-45,4.535977775651318e-75,3.404794848616818e-55,5.214378738208207e-38,0.5815858502985606,0.0,0.0,0.0
17.766666666666666,0.6131915,0.6190286915590949,1.953816707044149e-05,0.0003954585748221253,7.116301229908987e-65,5.077106159837092e-136,2.948634320056025e-26,5.769781238052537e-41,1.847694016629901e-45,2.977404044110629e-75,2.3233632745228414e-55,3.8327652856829613e-38,0.6186136948172023,0.0,0.0,0.0
17.783333333333335,0.6459574,0.6491513434055408,1.9381198282831987e-05,0.00039256358170317246,5.803868587031792e-65,3.173010038113231e-136,2.6400867188816393e-26,4.797789779027181e-41,1.479300973852613e-45,1.954285101275127e-75,1.58533046467627e-55,2.8170369916615707e-38,0.6487393986255549,0.0,0.0,0.0
17.8,0.6693617,0.6718796734084546,1.9225485028703812e-05,0.0003896893146009789,4.7334345055215685e-65,1.9830176783780883e-136,2.363803165274388e-26,3.9894727125365325e-41,1.184340273690168e-45,1.2826891719360858e-75,1.081680796374176e-55,2.0703497058482444e-38,0.6714707586088249,0.0,0.0,0.0
17.816666666666666,0.68340427,0.6870016816811685,1.90710173216626e-05,0.00038683562975477364,3.86038607060067e-65,1.239314880160547e-136,2.116412323768606e-26,3.3172807169782584e-41,9.481781449108534e-46,8.418570722805395e-76,7.379979857970279e-56,1.5214786418878882e-38,0.6865957750340921,0.0,0.0,0.0
17.833333333333332,0.69276595,0.6945643327097965,1.8917785254165584e-05,0.0003840023843539137,3.148333162106656e-65,7.7452721263732e-137,1.894894874688946e-26,2.7582994688809546e-41,7.590963383448056e-46,5.525082884423096e-76,5.034868003650348e-56,1.118044684174208e-38,0.6941614125401884,0.0,0.0,0.0
17.85,0.6974468,0.6948421010387885,1.8765778996905245e-05,0.0003811894365321032,2.5675931906038357e-65,4.84051574109574e-137,1.6965467868044188e-26,2.2934701840314078e-41,6.07711408159738e-46,3.625958211055392e-76,3.434772446447015e-56,8.215306437887544e-39,0.6944421458232595,0.0,0.0,0.0
17.866666666666667,0.6880851,0.6882989502392532,1.8614988798197538e-05,0.0003783966453616413,2.0939550017475846e-65,3.0251473369564615e-137,1.5189464188817046e-26,1.9069411787959676e-41,4.8650963176829835e-46,2.379525828435152e-76,2.3430682053885807e-56,6.036147375797734e-39,0.6879019386050934,0.0,0.0,0.0
17.883333333333333,0.6787234,0.675547082712684,1.846540498337475e-05,0.0003756238708476957,1.7076705265848295e-65,1.890607451266728e-137,1.3599250512909253e-26,1.585528438547094e-41,3.894745472798067e-46,1.5614991425976764e-76,1.5982660761076312e-56,4.434733393395496e-39,0.675152993436853,0.0,0.0,0.0
17.9,0.65999997,0.6573053140961963,1.831701795418316e-05,0.0003728709739226111,1.392632225347304e-65,1.1815609745066084e-137,1.2175404903321662e-26,1.318266876838325e-41,3.117886691728651e-46,1.024653060783741e-76,1.0901607257027462e-56,3.257969122963063e-39,0.6569141261043195,0.0,0.0,0.0
17.916666666666668,0.6365957,0.6343593529200602,1.8169818188185485e-05,0.00037013781644024385,1.1357020985774634e-65,7.384325821344291e-138,1.0900534251425941e-26,1.0960370451923901e-41,2.4959461299097294e-46,6.723505491650352e-77,7.435486535300859e-57,2.3933065514268515e-39,0.6339710452854318,0.0,0.0,0.0
17.933333333333334,0.6085106,0.6075256711753048,1.802379623816778e-05,0.0003674242611703294,9.261643430944461e-66,4.6149340948704833e-138,9.759062503731137e-27,9.112546131929775e-42,1.9980379969360607e-46,4.411624931664492e-77,5.0711419595620595e-57,1.758011707543878e-39,0.6071402231178963,0.0,0.0,0.0
17.95,0.5804255,0.5776200847715098,1.7878942731550817e-05,0.00036473017179287204,7.552788732310212e-66,2.884164955173186e-138,8.737040976819618e-27,7.576120686354254e-42,1.5994326510533676e-46,2.894578701971801e-77,3.4584362089421467e-57,1.2912710449559074e-39,0.5772374756569855,0.0,0.0,0.0
17.966666666666665,0.5476596,0.5454316582467791,1.773524836980611e-05,0.0003620554128925719,6.159171236514557e-66,1.8024973205360847e-138,7.821978458481584e-27,6.298638599176144e-42,1.2803298608211582e-46,1.8991364460973015e-77,2.358476222349813e-57,9.483866376559403e-40,0.5450518675855167,0.0,0.0,0.0
17.983333333333334,0.5102128,0.5117021249190578,1.7592703927876608e-05,0.00035939984995327377,5.022649732420641e-66,1.1264945639058678e-138,7.002689032775697e-27,5.236476776524949e-42,1.0248764579417787e-46,1.2459799820299736e-77,1.6082778180169768e-57,6.965077455276211e-40,0.5113251323651766,0.0,0.0,0.0
18.0,0.47276595,0.4771106796935765,1.7451300253601678e-05,0.0003567633493524535,4.095804223242461e-66,7.040175948839415e-139,6.2691557815194764e-27,4.353357996155539e-42,8.203797060252442e-47,8.174291412476071e-78,1.096651367069737e-57,5.114923350370884e-40,0.47673646504397044,0.0,0.0,0.0
18.016666666666666,0.43531916,0.44226375596087625,1.7311028267146484e-05,0.0003541457783557223,3.339959338441693e-66,4.39984995916005e-139,5.6124087071270486e-27,3.619114441729956e-42,6.566774021535968e-47,5.362575079014703e-78,7.47746077514647e-58,3.755995897693693e-40,0.4418922991542534,0.0,0.0,0.0
18.03333333333333,0.4025532,0.4076892333838653,1.71718789604358e-05,0.0003515470051113693,2.7235720795812295e-66,2.7497433534686917e-139,5.024415394115887e-27,3.008659268694751e-42,5.256334908480309e-47,3.517879315255711e-78,5.098211557997128e-58,2.7579350303772832e-40,0.4073205144997935,0.0,0.0,0.0
18.05,0.36510637,0.3738344291343481,1.703384339659242e-05,0.00034896689864492695,2.22091675827349e-66,1.718487573855958e-139,4.497983081054817e-27,2.5011312167822615e-42,4.2073418738557095e-47,2.3076653629003306e-78,3.475840317167166e-58,2.0249580819221063e-40,0.3734684283923066,0.0,0.0,0.0
18.066666666666663,0.33234042,0.34106718876729364,1.6896912709379716e-05,0.00034640532885377065,1.8110123551247734e-66,1.0739908280261478e-139,4.02667095310445e-27,2.0791831649513385e-42,3.3676458693862185e-47,1.51373249306377e-78,2.36962779482658e-58,1.4866929051260623e-40,0.34070388652573047,0.0,0.0,0.0
18.08333333333333,0.3042553,0.3096794015387249,1.6761078102648343e-05,0.0003438621665017375,1.476747620521644e-66,6.712042381259523e-140,3.6047115892751555e-27,1.7283904172932317e-42,2.6954972408723924e-47,9.929100444251942e-79,1.61539565888252e-58,1.0914399972715358e-40,0.3093187782941205,0.0,0.0,0.0
18.1,0.27617022,0.2798923063819821,1.662633084978744e-05,0.0003413372832137835,1.2041674709442612e-66,4.194775754056715e-140,3.226940609597651e-27,1.4367585790146157e-42,2.1574724123599266e-47,6.512612004639935e-79,1.1011747529612676e-58,8.012203373800407e-41,0.2795343427679185,0.0,0.0,0.0
18.116666666666667,0.2480851,0.2518630180785178,1.649266229318036e-05,0.0003388305514706674,9.818909506071877e-67,2.6215777944048727e-140,2.8887336669001797e-27,1.1943142681295827e-42,1.7268138242609144e-47,4.2715461089526983e-79,7.506063564375321e-59,5.881359201703472e-41,0.25150769486475394,0.0,0.0,0.0
18.133333333333333,0.22468086,0.2256917791869535,1.636006384366382e-05,0.00033634184460365214,8.006365070056474e-67,1.6383877503956776e-140,2.5859500170308468e-27,9.927647258672713e-43,1.382100775922375e-47,2.801558173736396e-79,5.116193806722592e-59,4.316952019668808e-41,0.22533907727850616,0.0,0.0,0.0
18.15,0.2012766,0.20142952460750024,1.6228526979991966e-05,0.0003338710367892498,6.528347982862309e-67,1.0239307289299761e-140,2.3148819812258346e-27,8.2521473263042e-43,1.1061852288718956e-47,1.8373796616433276e-79,3.4870694223162947e-59,3.168477674145842e-41,0.201079425043731,0.0,0.0,0.0
18.166666666666668,0.18255319,0.1790854265808099,1.6098043248304115e-05,0.00033141800304398324,5.323128962053814e-67,6.39918113226116e-141,2.0722096858607348e-27,6.859311861751186e-43,8.853397651724339e-48,1.204988600767934e-79,2.3765839169337898e-59,2.325402459962405e-41,0.1787379105345176,0.0,0.0,0.0
18.183333333333334,0.16382979,0.15863416436762626,1.5968604261597096e-05,0.00032898261921918305,4.340367224989766e-67,3.9992464887320195e-141,1.854960528918271e-27,5.701473207323563e-43,7.085754166249604e-48,7.902268939476123e-80,1.6196633891723181e-59,1.7065530120861637e-41,0.15828921314414549,0.0,0.0,0.0
18.2,0.14510638,0.14002273212261526,1.5840201699201074e-05,0.0003265647619958054,3.5390098250906935e-67,2.4993776592079553e-141,1.6604728799155227e-27,4.7389989512662806e-43,5.670955060626941e-48,5.1820973456941886e-80,1.1037622216906664e-59,1.2523212556140868e-41,0.13968032715892026,0.0,0.0,0.0
18.216666666666665,0.13574468,0.12317665900028427,1.5712827306259948e-05,0.00032416430887928337,2.8855783887261072e-67,1.562016213789684e-141,1.486363571471115e-27,3.938938004022076e-43,4.538583890566537e-48,3.398163575889989e-80,7.521518526550224e-60,9.189378996691929e-42,0.12283678186409873,0.0,0.0,0.0
18.23333333333333,0.12170213,0.10800556665158473,1.5586472893215363e-05,0.0003217811381944033,2.3527718233441464e-67,9.762007441574374e-142,1.3304987867631862e-27,3.2738947116985333e-43,3.6322738726719866e-48,2.2282709863081518e-80,5.125247862868459e-60,6.742658256246995e-42,0.10766819904049711,0.0,0.0,0.0
18.25,0.11234043,0.09440803100537155,1.546113033529508e-05,0.00031941512908020895,1.9183267350270825e-67,6.1008826883801365e-142,1.1909679884053059e-27,2.7210926156532523e-43,2.906905311498127e-48,1.4610894353008108e-80,3.492236531282303e-60,4.947101675527409e-42,0.09407315474595605,0.0,0.0,0.0
18.266666666666666,0.10297872,0.08227574807819027,1.5336791572005124e-05,0.0003170661614849342,1.5640880343519113e-67,3.812818718607167e-142,1.0660605712381877e-27,2.2615959275919286e-43,2.326361941615809e-48,9.580115029642e-81,2.3794246538847595e-60,3.62948791802701e-42,0.08194334512513334,0.0,0.0,0.0
18.28333333333333,0.09361702,0.07149702833226866,1.5213448606625768e-05,0.0003147341161609609,1.275250970464943e-67,2.3828657959428322e-142,9.542449546549733e-28,1.8796621633642916e-43,1.8617347473332926e-48,6.2813042934991015e-81,1.6211376225322482e-60,2.6626545916625467e-42,0.07116708076750107,0.0,0.0,0.0
18.3,0.08893617,0.06195966179748724,1.5091093505711483e-05,0.00031241887465980565,1.0397429794545065e-67,1.4891997447145232e-142,8.54149859744989e-28,1.5622038484531673e-43,1.4898840358853708e-48,4.1182640224414425e-81,1.1044537314026146e-60,1.953257018048362e-42,0.061632151829321725,0.0,0.0,0.0
18.316666666666663,0.079574466,0.05355320785420131,1.4969718398595078e-05,0.0003101203193271357,8.477195620074477e-68,9.306926120636768e-143,7.645475431156385e-28,1.2983409259694029e-43,1.1922883263255744e-48,2.7000004679334294e-81,7.524107212588514e-61,1.4327788586261634e-42,0.05322811781647558,0.0,0.0,0.0
18.33333333333333,0.074893616,0.04617077030293385,1.4849315476895048e-05,0.0003078383332978047,6.911531597391153e-68,5.816470417256687e-143,6.84338783055874e-28,1.079028590256866e-43,9.54122858020532e-49,1.7701042735135626e-81,5.125571801412489e-61,1.0509311626893331e-42,0.04584808265415915,0.0,0.0,0.0
18.35,0.07021277,0.039710321128942114,1.4729876994027228e-05,0.000305572800490924,5.634978775231369e-68,3.635069550418897e-143,6.125394350284822e-28,8.967478411737013e-44,7.635219258187696e-49,1.160430876361067e-81,3.491480790170703e-61,7.70805550444586e-43,0.03939001845145716,0.0,0.0,0.0
18.366666666666667,0.06553192,0.03407563611679783,1.4611395264720324e-05,0.00030332360560495907,4.594160621514744e-68,2.2717778976306104e-143,5.482683925764152e-28,7.4524819325605e-44,6.109883792412857e-49,7.607205903172873e-82,2.3782476223393873e-61,5.653156085589033e-43,0.03375770111592815,0.0,0.0,0.0
18.383333333333333,0.06553192,0.02917690298379955,1.4493862664534569e-05,0.000301090634112845,3.745553275153012e-68,1.4197731521804925e-143,4.907368068365925e-28,6.193337531033177e-44,4.8892093335189455e-49,4.9867384805057085e-82,1.6198867543181683e-61,4.145842715431048e-43,0.02886131848702217,0.0,0.0,0.0
18.4,0.060851064,0.02493105866309669,1.4377271629384766e-05,0.0002988737722571384,3.053667206939248e-68,8.873030888574374e-144,4.392384331786321e-28,5.146853580055544e-44,3.9123579199843486e-49,3.2688394945689395e-82,1.1032971466060786e-61,3.040258347712614e-43,0.024617807619210168,0.0,0.0,0.0
18.416666666666668,0.060851064,0.02126190734171046,1.4261614655066591e-05,0.0002966729070451901,2.4895643955725434e-68,5.545299049007824e-144,3.9314098721019405e-28,4.27712699440272e-44,3.1306377029498677e-49,2.1426746764711639e-82,7.514164214954501e-62,2.229379994919355e-43,0.0209509728200102,0.0,0.0,0.0
18.433333333333334,0.056170214,0.018100065298248185,1.4146884296786985e-05,0.00029448792624434854,2.0296491225134604e-68,3.465595693002853e-144,3.5187840468533007e-28,3.5543137851266217e-44,2.505078551168354e-49,1.4044444591108092e-82,5.117399270649209e-62,1.6346838467395252e-43,0.01779143048770705,0.0,0.0,0.0
18.45,0.056170214,0.015382772841840623,1.4033073168697686e-05,0.00029231871837718425,1.6546819058279279e-68,2.165861908941589e-144,3.149439108625853e-28,2.953606915520847e-44,2.0044914621568423e-49,9.205314857451036e-83,3.4849651956730724e-62,1.1985595643748562e-43,0.01507642105029474,0.0,0.0,0.0
18.466666666666665,0.05148936,0.013053607991647087,1.3920173943432804e-05,0.0002901651727167445,1.3489754043602559e-68,1.353578902685201e-144,2.818838147228789e-28,2.454386519095602e-44,1.6039152545266025e-49,6.033350098799097e-83,2.373166424885766e-62,8.787427787690751e-44,0.01274952264498691,0.0,0.0,0.0
18.48333333333333,0.05148936,0.011062131143663929,1.3808179351649643e-05,0.0002880271792818333,1.0997387176110239e-68,8.459337168051324e-145,2.5229195228986657e-28,2.0395134264145411e-44,1.283373269858468e-49,3.954251253557362e-83,1.615989891087266e-62,6.442290868323508e-44,0.010760295785030446,0.0,0.0,0.0
18.5,0.05148936,0.009363484975006301,1.3697082181573424e-05,0.00028590462883231653,8.965427002076691e-69,5.286753227397561e-145,2.2580471120775463e-28,1.6947418427746455e-44,1.0268782264125343e-49,2.591527987002905e-83,1.10034750640382e-62,4.722755012573683e-44,0.009063883263992411,0.0,0.0,0.0
18.516666666666666,0.04680851,0.007917969311442823,1.3586875278545326e-05,0.0002837974128644553,7.308839610733012e-69,3.304012551701146e-145,2.020965758172726e-28,1.4082310894110376e-44,8.216357068786605e-50,1.6983746831932127e-83,7.492072167172658e-63,3.46200068076521e-44,0.007620585023299823,0.0,0.0,0.0
18.53333333333333,0.04680851,0.0066906066686889185,1.3477551544573998e-05,0.00028170542360626095,5.958293369609448e-69,2.0648774601581867e-145,1.8087613831718553e-28,1.1701397059735144e-44,6.574066411959996e-50,1.1130050279375989e-83,5.100996076265585e-63,2.5376728712594325e-44,0.006395423693538084,0.0,0.0,0.0
18.55,0.04680851,0.0056507106790082496,1.336910393789057e-05,0.00027962855401288014,4.857259897310049e-69,1.2904667664160142e-145,1.618825272828262e-28,9.72288026886065e-45,5.259970539240063e-50,7.2936818016395025e-84,3.4728742623309817e-63,1.8600344782935173e-44,0.005357713021057479,0.0,0.0,0.0
18.566666666666663,0.042127658,0.0047714666175218716,1.3261525472507441e-05,0.0002775666977620044,3.959650167301393e-69,8.064906030903692e-146,1.4488220990390658e-28,8.07877684866831e-45,4.2084967663313054e-50,4.779501684091884e-84,2.364309057516086e-63,1.3632745709008636e-44,0.00448063839428736,0.0,0.0,0.0
18.58333333333333,0.042127658,0.004029530717901791,1.3154809217779863e-05,0.00027551974924930204,3.2278869817685087e-69,5.0402461276051444e-146,1.296661288630954e-28,6.712584412076809e-45,3.3671709388429193e-50,3.131876279283355e-84,1.6095357637412996e-63,9.991317645709006e-45,0.003740856159434709,0.0,0.0,0.0
18.6,0.042127658,0.0034046528758740605,1.3048948297971537e-05,0.00027348760358388024,2.6313332778861296e-69,3.1499533644126404e-146,1.160471388604039e-28,5.57734360799733e-45,2.694001484356862e-50,2.0521674743826636e-84,1.0956662829661735e-63,7.322163165568874e-45,0.0031181163239922087,0.0,0.0,0.0
18.616666666666667,0.037446808,0.0028793256369114987,1.2943935891823278e-05,0.00027147015658377253,2.1450105902370566e-69,1.9685953271687177e-146,1.0385771144515517e-28,4.6340269556845404e-45,2.155385789948958e-50,1.3446438756927737e-84,7.458256686120749e-64,5.365786045553856e-45,0.0025949115444359027,0.0,0.0,0.0
18.633333333333333,0.037446808,0.002438461005417295,1.2839765232124978e-05,0.0002694673047714442,1.7485541127109738e-69,1.2302934797221427e-146,9.294788009252007e-29,3.8501995888994285e-45,1.724434635631299e-50,8.810246978601093e-85,5.076656732658887e-64,3.9319204549753673e-45,0.0021561539354137257,0.0,0.0,0.0
18.65,0.037446808,0.002069095550625142,1.2736429605291089e-05,0.00026747894536933184,1.425360686755026e-69,7.688842088446466e-147,8.318340039478101e-29,3.1989060389398923e-45,1.3796312243957683e-50,5.772384689993954e-85,3.4554116716743754e-64,2.8810687716284034e-45,0.0017888801756505187,0.0,0.0,0.0
18.666666666666668,0.037446808,0.0017601234754372006,1.2633922350939265e-05,0.0002655049762954022,1.1618941027853293e-69,4.8052181375753463e-147,7.444410286402974e-29,2.6577449208566372e-45,1.103758007354157e-50,3.781889868441717e-85,2.3518163075615297e-64,2.110960780682957e-45,0.0014819845767908592,0.0,0.0,0.0
18.683333333333334,0.037446808,0.001502056717713728,1.2532236861472313e-05,0.0002635452961587407,9.471186743305086e-70,3.0030683773804984e-147,6.662241819558837e-29,2.2080998185838508e-45,8.830378362913366e-51,2.477701411900189e-85,1.6006216360543152e-64,1.5466229438196164e-45,0.001225979184693515,0.0,0.0,0.0
18.7,0.037446808,0.0012868107320777396,1.2431366581663408e-05,0.00026159980425515856,7.720374043994263e-70,1.8767969162991856e-147,5.962205694793762e-29,1.8345000119263184e-45,7.064466488798782e-51,1.623213283726914e-85,1.0893206381233373e-64,1.1330956768761659e-45,0.0010127795612409176,0.0,0.0,0.0
18.716666666666665,0.037446808,0.0011075143211998493,1.2331305008244509e-05,0.0002596684005628297,6.293154344133376e-70,1.1729224231121887e-147,5.335682748167191e-29,1.5240891340756385e-45,5.651634347473341e-51,1.0633807325298958e-85,7.413181310009312e-65,8.300928475827964e-46,0.0008355146156287749,0.0,0.0,0.0
18.73333333333333,0.037446808,0.0009583417200092918,1.2232045689497986e-05,0.00025775098573795123,5.129730302882368e-70,7.330291478830459e-148,4.7749577689330904e-29,1.2661835444814551e-45,4.5213006851670155e-51,6.966082517387787e-86,5.044701017004648e-65,6.0808574219395174e-46,0.0006883586885818426,0.0,0.0,0.0
18.75,0.037446808,0.0008343650596177969,1.2133582224851319e-05,0.0002558474611104267,4.181352667264645e-70,4.581135600041006e-148,4.273124756100951e-29,1.0519052748194192e-45,3.616990690726961e-51,4.5632590127420146e-86,3.4327979270344533e-65,4.454317116574918e-46,0.0005663840162825189,0.0,0.0,0.0
18.766666666666666,0.037446808,0.0007314253290033124,1.2035908264475245e-05,0.0002539577286795767,3.408279408392949e-70,2.8630240588988017e-148,3.824002098543773e-29,8.738769605175904e-46,2.893517249791698e-51,2.9891544309374814e-86,2.33584015805267e-65,3.262689238740018e-46,0.0004654316920592604,0.0,0.0,0.0
18.78333333333333,0.037446808,0.0006460199942189981,1.193901750888461e-05,0.0002520816911098702,2.7781117885638653e-70,1.789273772848962e-148,3.42205663995085e-29,7.259682941764547e-46,2.3147253219840592e-51,1.957980496278069e-86,1.5893522192901031e-65,2.389729015159859e-46,0.00038199928560024327,0.0,0.0,0.0
18.8,0.037446808,0.0005752055127213286,1.1842903708542642e-05,0.00025021925172668234,2.2644377560042605e-70,1.1182233140704417e-148,3.062335698568985e-29,6.0308530287852896e-46,1.8516869655432687e-51,1.282493563858558e-86,1.0813826852522268e-65,1.7502499436155166e-46,0.00031314335728610364,0.0,0.0,0.0
18.816666666666663,0.03276596,0.0005165130827367596,1.1747560663468195e-05,0.0002483703145120782,1.8457259144322455e-70,6.98843994701682e-149,2.740406208965946e-29,5.009952192199543e-46,1.4812569943100587e-51,8.400185948082835e-87,7.357342480096147e-66,1.2818288981883992e-46,0.0002563952075612132,0.0,0.0,0.0
18.83333333333333,0.03276596,0.00046787608517440734,1.1652982222845953e-05,0.0002465347841006143,1.504423792939994e-70,4.367489612425858e-149,2.4523002401667954e-29,4.161809361265835e-46,1.1849172282808223e-51,5.5018598823754605e-87,5.005470558257634e-66,9.387257143329347e-47,0.00020968831885094709,0.0,0.0,0.0
18.85,0.03276596,0.0004275678012274264,1.1559162284639868e-05,0.0002447125657751713,1.2262226857908365e-70,2.729502349212704e-149,2.1944662225330089e-29,3.457200498917254e-46,9.47851686105726e-52,3.6034385492742237e-87,3.405268035602862e-66,6.874262949268141e-47,0.00017129607316761523,0.0,0.0,0.0
18.866666666666667,0.03276596,0.00039414811697251965,1.1466094795209487e-05,0.00024290356546280783,9.994582985219718e-71,1.7058271122491786e-149,1.9637252856028953e-29,2.871843391044993e-46,7.582065823658153e-52,2.359998519135013e-87,2.316542212933889e-66,5.033759178464344e-47,0.00013977845671450233,0.0,0.0,0.0
18.883333333333333,0.03276596,0.0003664180528731028,1.1373773748929167e-05,0.00024110768973063402,8.146221173931723e-71,1.0660719140131205e-149,1.7572321716684015e-29,2.3855622809201213e-46,6.064982077039634e-52,1.5455868127831295e-87,1.575838602563524e-66,3.6858503190032557e-47,0.00011393658939353959,0.0,0.0,0.0
18.9,0.03276596,0.0003433810781623834,1.128219318781044e-05,0.00023932484578171502,6.639630511071831e-71,6.662511013143878e-150,1.572440245875221e-29,1.9815936617163962e-46,4.851391449109328e-52,1.01219033639331e-87,1.0719287629193117e-66,2.698746041333972e-47,9.277403919285796e-05,0.0,0.0,0.0
18.916666666666668,0.03276596,0.000324210285601056,1.1191347201127202e-05,0.00023755494145099364,5.411626704315286e-71,4.1637948820065724e-150,1.4070701737835544e-29,1.6460093835092744e-46,3.880591762683984e-52,6.628543739258272e-88,7.291264609350517e-67,1.9759024596479732e-47,7.546399694893515e-05,0.0,0.0,0.0
18.933333333333334,0.03276596,0.00030822060978001045,1.1101229925043842e-05,0.00023579788520123953,4.41070450745091e-71,2.602199944951203e-150,1.2590818822384135e-29,1.3672372571263946e-46,3.1040196090479815e-52,4.340714969735855e-88,4.9593254899696004e-67,1.4465992689115962e-47,6.132149465372707e-05,0.0,0.0,0.0
18.95,0.03276596,0.0002948453712492702,1.1011835542246277e-05,0.0002340535861190177,3.5948793333159247e-71,1.6262673728078326e-150,1.1266494596078009e-29,1.1356626836896098e-46,2.482823409764196e-52,2.842442323296276e-88,3.373069237019576e-67,1.0590350451117048e-47,4.977994958800624e-05,0.0,0.0,0.0
18.966666666666665,0.03276596,0.0002836165190163183,1.0923158281575836e-05,0.00023232195391068413,2.929927684199804e-71,1.016349748736792e-150,1.0081386874536011e-29,9.43297620281668e-47,1.9859216053134758e-52,1.861269874738815e-88,2.2940921560230174e-67,7.752680173293428e-48,4.037140682405833e-05,0.0,0.0,0.0
18.98333333333333,0.03276596,0.00027414802540825904,1.0835192417666041e-05,0.0002306028988984022,2.38795272116512e-71,6.351764225237645e-151,9.02086927937074e-30,7.835055041955367e-47,1.5884490171503089e-52,1.2187492913745072e-88,1.560197207551955e-67,5.675092492115178e-48,3.270993409219081e-05,0.0,0.0,0.0
19.0,0.03276596,0.0002661219602054373,1.0747932270582076e-05,0.00022889633201618234,1.946214902830138e-71,3.969588633799628e-151,8.071851201279721e-30,6.507726799243956e-47,1.2705138020494471e-52,7.980071645290695e-89,1.0610387260154488e-67,4.154068492272788e-48,2.6477695918672905e-05,0.0,0.0,0.0
19.016666666666666,0.03276596,0.00025927683576138487,1.0661372205463352e-05,0.0002272021648059469,1.5861787199898332e-71,2.4808276165135295e-151,7.222616642308558e-30,5.4051847029291685e-47,1.0162029199332128e-52,5.2250041082190464e-89,7.21549527634086e-68,3.040563567597114e-48,2.141329874997457e-05,0.0,0.0,0.0
19.03333333333333,0.03276596,0.0002533978720611866,1.0575506632168494e-05,0.00022552030941361322,1.2927355990686434e-71,1.5504137890522998e-151,6.462679958837943e-30,4.48937360675459e-47,8.127864416523819e-53,3.421006965702797e-89,4.906641192443654e-68,2.2254320565921622e-48,1.7302056015404888e-05,0.0,0.0,0.0
19.05,0.03276596,0.0002483088809324702,1.0490330004923352e-05,0.0002238506785852035,1.0535704231972757e-71,9.68943841744262e-152,5.7826567340410226e-30,3.728678686180148e-47,6.5008095003342285e-53,2.2397977387912052e-89,3.3364587955005225e-68,1.6287502706704787e-48,1.39678723423433e-05,0.0,0.0,0.0
19.066666666666663,0.03276596,0.00024386551253014326,1.0405836821971673e-05,0.00022219318566297664,8.586451332001923e-72,6.055493492399773e-152,5.174148194069207e-30,3.0968358821428547e-47,5.199402309573349e-53,1.4663958095333007e-89,2.268666255038389e-68,1.1919956267139982e-48,1.126649004519495e-05,0.0,0.0,0.0
19.08333333333333,0.03276596,0.00023994964538854514,1.032202162522842e-05,0.00022054774458157874,6.997777735506462e-72,3.7844295687433026e-152,4.629637748313485e-30,2.5720266074241645e-47,4.1584780750636154e-53,9.600220978810837e-90,1.5425487750960867e-68,8.723181589323361e-49,9.079879181737987e-06,0.0,0.0,0.0
19.1,0.03276596,0.00023646473437595556,1.0238878999935933e-05,0.00021891426986422118,5.702993455094133e-72,2.3651095569040533e-152,4.1423983828104624e-30,2.1361255649324415e-47,3.325909563682574e-53,6.284907678744734e-90,1.0487952594078602e-68,6.383448280476715e-49,7.311585511798449e-06,0.0,0.0,0.0
19.116666666666667,0.03276596,0.00023333195936979994,1.015640357432278e-05,0.00021729267661888031,4.647740884614005e-72,1.478093984729937e-152,3.706409768990433e-30,1.7740757914795636e-47,2.659999154652814e-53,4.114378794649356e-90,7.130600577744539e-69,4.671066426919795e-49,5.882879176596849e-06,0.0,0.0,0.0
19.133333333333333,0.03276596,0.00023048704193243824,1.0074590019264939e-05,0.00021568288053451366,3.787714672684519e-72,9.237464598563335e-153,3.31628406917742e-30,1.473369415610201e-47,2.1273924824229426e-53,2.6933784724347286e-90,4.847805146433346e-69,3.4178822739104985e-49,4.729571378659633e-06,0.0,0.0,0.0
19.15,0.03276596,0.000227877618200809,9.99343304795008e-06,0.0002140847978773042,3.086803094525728e-72,5.773025494802292e-153,2.967199526974347e-30,1.2236162538987583e-47,1.7014093570347193e-53,1.7631054206351337e-90,3.2957018702774936e-69,2.500797927640766e-49,3.7993872755547156e-06,0.0,0.0,0.0
19.166666666666668,0.03276596,0.00022546107405797112,9.912927415544152e-06,0.0002124983454869253,2.51557301861557e-72,3.607896869895193e-153,2.6548410262121617e-30,1.016185391673756e-47,1.3607085216645687e-53,1.1541094691626808e-90,2.240445920510244e-69,1.8297031415375113e-49,3.049801155501675e-06,0.0,0.0,0.0
19.183333333333334,0.03276596,0.00022320276383626795,9.833067918860766e-06,0.00021092344077282678,2.0500349606797913e-72,2.254782760573622e-153,2.3753468876875433e-30,8.439074051338036e-48,1.0882194887366676e-53,7.55446299828041e-91,1.523017390207848e-69,1.3386384193181347e-49,2.4462551445804125e-06,0.0,0.0,0.0
19.2,0.03276596,0.0002210745466726907,9.753849396032862e-06,0.00020936000171054134,1.6706364536971763e-72,1.4091435845645863e-153,2.125261249498683e-30,7.00826968502039e-48,8.70288043302669e-54,4.944792882398663e-91,1.0352832184293811e-69,9.793245490680921e-50,1.9606955661165313e-06,0.0,0.0,0.0
19.216666666666665,0.03276596,0.0002190535855185829,9.675266726187328e-06,0.00020780794683801547,1.3614415303301887e-72,8.806548705470317e-154,1.9014914453542363e-30,5.819973239114787e-48,6.959926816496814e-54,3.2365369385013366e-91,7.037160668171123e-70,7.164250906068505e-50,1.5703719543800899e-06,0.0,0.0,0.0
19.23333333333333,0.03276596,0.00021712136298134466,9.59731482912185e-06,0.00020626719525196,1.1094619140371722e-72,5.503718166963467e-154,1.7012698566115462e-30,4.833095326890506e-48,5.56597797535613e-54,2.1183661500046787e-91,4.783213917403341e-70,5.240778541694697e-50,1.256852900262793e-06,0.0,0.0,0.0
19.25,0.03276596,0.00021526287589349315,9.519988664984419e-06,0.00020473766660422253,9.041118737037424e-73,3.4395892544368375e-154,1.5221197687554183e-30,4.0135062412757527e-48,4.451162647391321e-54,1.386466970005787e-91,3.251069476924677e-70,3.8335557936613844e-50,1.005220624286187e-06,0.0,0.0,0.0
19.266666666666666,0.03276596,0.00021346597698047425,9.443283233955282e-06,0.00020321928109818282,7.367638802078686e-73,2.149596430890417e-154,1.3618248122250714e-30,3.3328575285105856e-48,3.5595953415925467e-54,9.074153231797204e-92,2.2096163279037165e-70,2.8040697449320286e-50,8.034126483361456e-07,0.0,0.0,0.0
19.28333333333333,0.03276596,0.0002117208374204695,9.367193575931441e-06,0.00020171195948516572,6.003864290019528e-73,1.343405843908815e-154,1.2184016115385458e-30,2.767603026902078e-48,2.8465773969876237e-54,5.938692145246015e-92,1.501729550994154e-70,2.0509589163266112e-50,6.416843593723307e-07,0.0,0.0,0.0
19.3,0.03276596,0.00021001950861890357,9.291714770213511e-06,0.00020021562306087826,4.892488375425587e-73,8.395711104662668e-155,1.090075306093521e-30,2.2981856201768488e-48,2.2763580820956786e-54,3.8865448205213676e-92,1.0205889998474261e-70,1.5000520167572629e-50,5.12170787811807e-07,0.0,0.0,0.0
19.316666666666663,0.03276596,0.00020835556529644197,9.216841935195196e-06,0.000198730193661869,3.986806345121482e-73,5.246959250943508e-155,9.752576413197065e-31,1.908361663657547e-48,1.820343697717529e-54,2.5434590718149558e-92,6.935765511328882e-71,1.0970766419068604e-50,4.085296993777914e-07,0.0,0.0,0.0
19.33333333333333,0.03276596,0.00020672381513105875,9.142570228054855e-06,0.00019725559366200277,3.2487544689915264e-73,3.2791240693762345e-155,8.725273604553721e-31,1.5846397849735333e-48,1.4556650547448004e-54,1.6644627210931036e-92,4.713270286213543e-71,8.023225348986987e-51,3.256512410011263e-07,0.0,0.0,0.0
19.35,0.03276596,0.00020512006280384485,9.0688948444499e-06,0.00019579174596896247,2.647311570330884e-73,2.0493114149330785e-155,7.80612655509382e-31,1.3158147023884966e-48,1.1640316264160634e-54,1.0892101472070621e-92,3.2028365500563713e-71,5.867356356259907e-51,2.59421990432469e-07,0.0,0.0,0.0
19.366666666666667,0.028085107,0.0002035409184609161,8.995811018213363e-06,0.0001943385740207698,2.1571962279448863e-73,1.2807312954734954e-155,6.983754612903711e-31,1.0925799786729624e-48,9.308150169217064e-55,7.127506330309861e-93,2.176365109853643e-71,4.290594541594244e-51,2.06533421932923e-07,0.0,0.0,0.0
19.383333333333333,0.03276596,0.00020198364239334827,8.923314021052695e-06,0.00019289600178232276,1.7578049417648685e-73,8.004017646364001e-156,6.247973990534729e-31,9.072063494474395e-49,7.443158623301096e-55,4.663928804049733e-93,1.4788132860402804e-71,3.137430397881646e-51,1.643265899728178e-07,0.0,0.0,0.0
19.4,0.03276596,0.00020044601921536415,8.851399162251125e-06,0.0001914639537419589,1.4323467012717846e-73,5.002164916262011e-156,5.589671966077462e-31,7.532745257095942e-49,5.951774590210607e-55,3.051789821047794e-93,1.0047999463060664e-71,2.2941003852699315e-51,1.3066631115414047e-07,0.0,0.0,0.0
19.416666666666668,0.028085107,0.00019892625604013708,8.78006178837133e-06,0.0001900423549080362,1.1671376350941423e-73,3.1261364289606873e-156,5.000694298912334e-31,6.254532486330207e-49,4.759167580477967e-55,1.9968515298782626e-93,6.827010862222943e-72,1.6773840473741572e-51,1.0383934372954133e-07,0.0,0.0,0.0
19.433333333333334,0.03276596,0.00019742290015645797,8.709297282961393e-06,0.0001886311308055367,9.510261361232566e-74,1.9536996643507721e-156,4.473744472815789e-31,5.193149353619284e-49,3.80549238273827e-55,1.306548144395927e-93,4.638380539155945e-72,1.2264065182473052e-51,8.247206795984023e-08,0.0,0.0,0.0
19.45,0.03276596,0.00019593477253483798,8.639101066262894e-06,0.0001872302074726855,7.749243308727118e-74,1.2209774123516365e-156,4.002293524657138e-31,4.311825511430766e-49,3.042888704691206e-55,8.54857223690111e-94,3.151280115862655e-72,8.9664043702181e-52,6.546399588959515e-08,0.0,0.0,0.0
19.466666666666665,0.03276596,0.00019446091416919713,8.569468594921584e-06,0.00018583951145759617,6.314262240989702e-74,7.630577558324189e-157,3.580499347215941e-31,3.580024203893515e-49,2.4330814382121667e-55,5.59307083836827e-94,2.1408811240717828e-72,6.5551736127553086e-52,5.1934116679371654e-08,0.0,0.0,0.0
19.48333333333333,0.03276596,0.00019300054281571293,8.500395361700084e-06,0.0001844589698149317,5.144964869765608e-74,4.7687784434770874e-157,3.2031344712810345e-31,2.972385842528293e-49,1.9454613353401964e-55,3.659280137862377e-94,1.454397323892491e-72,4.792169375168015e-52,4.117763908114856e-08,0.0,0.0,0.0
19.5,0.03276596,0.00019155301814513924,8.431876895192909e-06,0.00018308851010258689,4.192168218911129e-74,2.980278391883211e-157,2.865521436591752e-31,2.467850558318232e-49,1.5555499377405478e-55,2.3940302861623917e-94,9.880037866136004e-73,3.503178610355497e-52,3.263114735944341e-08,0.0,0.0,0.0
19.516666666666666,0.028085107,0.00019011781369665084,8.363908759543729e-06,0.00018172806037839175,3.4157925349786224e-74,1.8625437210925777e-157,2.5634749546362667e-31,2.0489294185875857e-49,1.243771845195849e-55,1.5662183361805525e-94,6.71149449588272e-73,2.5607939645817606e-52,2.584455871538531e-08,0.0,0.0,0.0
19.53333333333333,0.028085107,0.00018869449432480306,8.29648655416481e-06,0.000180377549196832,2.783176654322961e-74,1.1640082865866515e-157,2.29325014996801e-31,1.7010991289933508e-49,9.944728014770899e-56,1.0246220278170429e-94,4.558951927446744e-73,1.871842510806958e-52,2.045857380624933e-08,0.0,0.0,0.0
19.55,0.028085107,0.00018728269807872602,8.229605913458655e-06,0.00017903690560579135,2.267705075666769e-74,7.274541436802596e-158,2.0514962415801806e-31,1.4122993042370408e-49,7.951343887811436e-56,6.702916837479918e-95,3.096677581061059e-73,1.3681898407277074e-52,1.6186559476025647e-08,0.0,0.0,0.0
19.566666666666663,0.028085107,0.00018588212165426867,8.1632625065419e-06,0.000177706059143314,1.8476890731853545e-74,4.546268968496222e-158,1.835215092897167e-31,1.1725149328093576e-49,6.357459709438257e-56,4.3848301036837646e-95,2.1033533011910748e-73,1.0000135336344209e-52,1.280000441278942e-08,0.0,0.0,0.0
19.58333333333333,0.028085107,0.00018449250872380507,8.097452036971103e-06,0.00017638493983438265,1.5054548513014503e-74,2.841218176443889e-158,1.6417241189320304e-31,9.734296032863617e-50,5.083024037747054e-56,2.868339440927597e-95,1.42861031740603e-73,7.308831151248155e-53,1.0116852451326793e-08,0.0,0.0,0.0
19.6,0.028085107,0.00018311364058169394,8.032170242471067e-06,0.0001750734781877204,1.2266004359599265e-74,1.7756362268698812e-158,1.4686230928567901e-31,8.081375038465319e-50,4.064023324254822e-56,1.8762780194201605e-95,9.702881136732507e-74,5.341615077064263e-53,7.992151502477057e-09,0.0,0.0,0.0
19.616666666666667,0.028085107,0.00018174532865153077,7.967412894665068e-06,0.00017377160519261168,9.993900829021537e-75,1.1096943225748356e-158,1.3137644422925245e-31,6.709042370436633e-50,3.249269361395901e-56,1.2273056868921469e-95,6.58981269420315e-74,3.9037314278901993e-53,6.310564254004484e-09,0.0,0.0,0.0
19.633333333333333,0.028085107,0.00018038740848902766,7.903175798807078e-06,0.00017247925231573738,8.14260758707199e-75,6.935099330263174e-159,1.1752266686455252e-31,5.569681784924555e-50,2.5978301238374543e-56,8.02781303192534e-96,4.475390303641283e-74,2.8527914726105027e-53,4.980374483216119e-09,0.0,0.0,0.0
19.65,0.028085107,0.00017903973498539742,7.83945479351628e-06,0.00017119635149803465,6.634199574375365e-75,4.3341302848435444e-159,1.0512905613218591e-31,4.62375509170248e-50,2.076975170878471e-56,5.2508635861101606e-96,3.0393051430780953e-74,2.0846970461921416e-53,3.928693846477758e-09,0.0,0.0,0.0
19.666666666666668,0.028085107,0.000177702178533561,7.776245750513634e-06,0.00016992283515157274,5.405179521503316e-75,2.708639411941595e-159,9.404179131143202e-32,3.838432148456434e-50,1.6605325699114956e-56,3.4344187236979168e-96,2.0639695756380266e-74,1.5233467592240155e-53,3.09763147461874e-09,0.0,0.0,0.0
19.683333333333334,0.028085107,0.00017637462196595866,7.713544574360455e-06,0.0001686586361564499,4.403807073359145e-75,1.6927794552584727e-159,8.412324739031752e-32,3.186453128757862e-50,1.3275749308210502e-56,2.246284746935525e-96,1.4015801249351487e-74,1.113108668250049e-53,2.441235148339652e-09,0.0,0.0,0.0
19.7,0.028085107,0.00017505695811023458,7.651347202198993e-06,0.0001674036878577056,3.58792226749371e-75,1.0579119446195556e-159,7.525029074207863e-32,2.645183696248106e-50,1.061368641468433e-56,1.4691477256434524e-96,9.517399013119817e-75,8.133161522522855e-54,1.923050329973749e-09,0.0,0.0,0.0
19.716666666666665,0.028085107,0.00017374908783933057,7.5896496034950965e-06,0.00016615792406225532,2.9231718808960744e-75,6.611478911520617e-160,6.731275405409376e-32,2.1958303876742446e-50,8.485335915836336e-57,9.608492524322511e-97,6.462556998906614e-75,5.942433646994794e-54,1.5141735801748167e-09,0.0,0.0,0.0
19.73333333333333,0.028085107,0.00017245091851689288,7.528447779782941e-06,0.00016492127903584093,2.3815640873843737e-75,4.131879701216659e-160,6.021207166702333e-32,1.8227890477609112e-50,6.783712275531313e-57,6.283971585643546e-97,4.38809794003452e-75,4.3416265664729196e-54,1.1917012690000571e-09,0.0,0.0,0.0
19.75,0.03276596,0.00017116236275853525,7.467737764411643e-06,0.00016369368750000164,1.9402906637203448e-75,2.5822404246247817e-160,5.386005846134542e-32,1.513103760795747e-50,5.423272225813466e-57,4.109626670647765e-97,2.979436324625149e-75,3.1719318055027996e-54,9.374941219634858e-10,0.0,0.0,0.0
19.766666666666666,0.03276596,0.00016988333744529118,7.4075156222939805e-06,0.00016247508462906304,1.5807672262069437e-75,1.6137848654012012e-160,4.817781720017748e-32,1.2560175461382316e-50,4.3356179849654814e-57,2.687569898123261e-97,2.022915901515656e-75,2.317280127438131e-54,7.371939341448821e-10,0.0,0.0,0.0
19.78333333333333,0.03276596,0.00016861376293827838,7.347777449656891e-06,0.00016126540604714264,1.2878511429352666e-75,1.0085433179862236e-160,4.3094760822803946e-32,1.04259925965126e-50,3.466061354096402e-57,1.757544941956779e-97,1.3734331495970407e-75,1.692842763323937e-54,5.794414788469363e-10,0.0,0.0,0.0
19.8,0.03276596,0.00016735356245380073,7.2885193737941515e-06,0.00016006458782517552,1.0492042348381787e-75,6.3029437342841965e-161,3.8547737602555447e-32,8.654337799671781e-51,2.770876241378264e-57,1.1493238514022194e-97,9.32445060768385e-76,1.2366253991321685e-54,4.552548310536942e-10,0.0,0.0,0.0
19.816666666666663,0.03276596,0.0001661026615662853,7.229737552820886e-06,0.00015887256647795895,8.547734649062982e-76,3.939056951789546e-161,3.4480248352679576e-32,7.183647486285358e-51,2.2151017022939347e-57,7.515670724896512e-98,6.330311235240529e-76,9.033233322253903e-55,3.5753550546335574e-10,0.0,0.0,0.0
19.83333333333333,0.03276596,0.0001648609878130076,7.1714281754299e-06,0.0001576892789612109,6.963677749660846e-76,2.4617335566085017e-161,3.0841746000592376e-32,5.962809521665043e-51,1.770785207068211e-57,4.91453519455631e-98,4.29747153183275e-76,6.598297391381793e-55,2.8067636679798433e-10,0.0,0.0,0.0
19.85,0.03276596,0.0001636284703798252,7.113587460650057e-06,0.00015651466266865144,5.673132716505881e-76,1.5384726763209549e-161,2.758700886822125e-32,4.9493894495997717e-51,1.4155779375693022e-57,3.2135611558498527e-98,2.9173406343473644e-76,4.819524614709901e-55,2.202505237131176e-10,0.0,0.0,0.0
19.866666666666667,0.03276596,0.00016240503985133048,7.056211657606622e-06,0.0001553486554291008,4.6217225740978436e-76,9.614760828400942e-162,2.467557990657918e-32,4.1081576646474393e-51,1.1316115829505891e-57,2.1012616694768647e-98,1.9803753544700676e-76,3.520142506535339e-55,1.7276462306330245e-10,0.0,0.0,0.0
19.883333333333333,0.03276596,0.00016119062801219907,6.999297045283181e-06,0.0001541911955035908,3.7651428701572013e-76,6.008791570221512e-162,2.2071264947535197e-32,3.4098664849918753e-51,9.046002320221184e-58,1.373925523586186e-98,1.3442937371646732e-76,2.5709881813852566e-55,1.3546332508503312e-10,0.0,0.0,0.0
19.9,0.03276596,0.0001599851676892147,6.942839932285736e-06,0.0001530422215825003,3.06729617805304e-76,3.755223156846851e-162,1.9741683764997605e-32,2.830234737429603e-51,7.23122259289949e-58,8.983297102779718e-99,9.124880371480986e-77,1.877689478884847e-55,1.0617442865194993e-10,0.0,0.0,0.0
19.916666666666668,0.03276596,0.00015878859262557558,6.886836656608425e-06,0.00015190167278270405,2.4987720479642206e-76,2.346844516252435e-162,1.7657868390298212e-32,2.34910465374847e-51,5.780461374339258e-58,5.8735123692323565e-99,6.1936488080458526e-77,1.3712965666462478e-55,8.31862630953184e-11,0.0,0.0,0.0
19.933333333333334,0.037446808,0.009121791486138682,6.8312835854013075e-06,0.0001507694886447414,2.0356084473829043e-76,1.4666714608954996e-162,1.579390371062637e-32,1.9497418470666586e-51,4.620713349320792e-58,3.840162469923127e-99,4.203900385886326e-77,1.0014355231257453e-55,6.51506768974684e-11,0.008964190648757862,0.0,0.0
19.95,0.037446808,0.019492620074594954,6.776177114739717e-06,0.00014964560912999995,1.6582825716848168e-76,9.166031004735297e-163,1.4126605902033707e-32,1.6182540940502065e-51,3.693612360347102e-58,2.510677501806044e-99,2.8532823538519057e-77,7.313051799988468e-56,5.1006320414837315e-11,0.019336198237343893,0.0,0.0
19.966666666666665,0.037446808,0.02550616334450226,6.721513669395554e-06,0.00014852997461791857,1.3508885541348918e-76,5.728352822829728e-163,1.263523471628286e-32,1.3431087658352597e-51,2.952496412377434e-58,1.6414283016625474e-99,1.9365273196164792e-77,5.340211081572056e-56,3.9918009162661284e-11,0.025350911816296937,0.0,0.0
19.98333333333333,0.037446808,0.029806048627220548,6.667289702610411e-06,0.0001474225259032071,1.1004674674004651e-76,3.5799598314311185e-163,1.1301236059407951e-32,1.1147321693751004e-51,2.360061016399163e-58,1.0731059225016107e-99,1.3142836325430452e-77,3.8994412235238697e-56,3.122882183406178e-11,0.029651958780385908,0.0,0.0
20.0,0.037446808,0.033070562462831486,6.613501695870373e-06,0.00014632320419308243,8.964614159428945e-77,2.2373117585511527e-163,1.0108011674453833e-32,9.251769001279192e-52,1.8864829550884073e-58,7.015408872469668e-100,8.919514457453838e-78,2.847282624857424e-56,2.4422277806367654e-11,0.03291762573252026,0.0,0.0
20.016666666666666,0.037446808,0.035611577905923786,6.5601461586826756e-06,0.00014523195110452338,7.302687398980995e-77,1.3982177585888033e-163,9.040713076103986e-33,7.678456647554317e-52,1.507920183082606e-58,4.586201566272606e-100,6.053130269075114e-78,2.078945405819276e-56,1.9092488181387726e-11,0.03545978578956809,0.0,0.0
20.03333333333333,0.037446808,0.03760781472454256,6.507219628353975e-06,0.0001441487086615396,5.948816057564494e-77,8.738222112571857e-164,8.086057184884936e-33,6.3726199042672576e-52,1.2053124694145123e-58,2.998079029987111e-100,4.1077647939293055e-78,1.517888818028792e-56,1.4920611040612286e-11,0.03745715878133206,0.0,0.0
20.05,0.037446808,0.03917503102824884,6.454718669770536e-06,0.00014307341929246006,4.84590726209654e-77,5.460989014598205e-164,7.232161377115989e-33,5.288798632015975e-52,9.634224988024143e-59,1.9598500120933873e-100,2.787519450207849e-78,1.1082079747242718e-56,1.1656288459547095e-11,0.03902550287863032,0.0,0.0
20.066666666666663,0.042127658,0.040394319157346016,6.4026398751800625e-06,0.0001420060258272383,3.947447767288993e-77,3.412867939793161e-164,6.46839590699379e-33,4.389256880907487e-52,7.700692301706169e-59,1.28112778029993e-100,1.891546764766363e-78,8.090718199057388e-57,9.103018204418416e-12,0.04024591048254058,0.0,0.0
20.08333333333333,0.042127658,0.04132565468229575,6.350979863975139e-06,0.00014094647149477083,3.2155437858839066e-77,2.1328858941489652e-164,5.785251872192303e-33,3.6426708451661726e-52,6.155149715177699e-59,8.374366188177554e-101,1.2835214942258347e-78,5.906598282245499e-57,7.1066315292151654e-12,0.04117835722383038,0.0,0.0
20.1,0.042127658,0.0420151823482591,6.2997352824785015e-06,0.00013989469992023662,2.6193239397055074e-77,1.332955706079472e-164,5.174223086739285e-33,3.0230396185420837e-52,4.919753550781185e-59,5.4739567904433173e-101,8.709157477681835e-79,4.3119370489786556e-57,5.546221748863373e-12,0.04186898790751016,0.0,0.0
20.116666666666667,0.042127658,0.04249947909352346,6.2489028037300565e-06,0.0001388506551224514,2.1336380738065523e-77,8.330360037771375e-165,4.6277003970760605e-33,2.5087809276283086e-52,3.932275735018932e-59,3.578003270849404e-101,5.909301151998915e-79,3.147690816797113e-57,4.327005570848796e-12,0.042354379531270275,0.0,0.0
20.133333333333333,0.042127658,0.04280821453403409,6.198479127275308e-06,0.00013781428151123632,1.7379971316358187e-77,5.206091344084386e-165,4.138877131257655e-33,2.0819804391010423e-52,3.1429717669585707e-59,2.3386761387660137e-101,4.0094345876435907e-79,2.2977165943868184e-57,3.3747079204756422e-12,0.04266420177002087,0.0,0.0
20.15,0.042127658,0.042965898318449575,6.148460978955695e-06,0.00013678552388480598,1.4157094384536978e-77,3.25356699354348e-165,3.7016645091051475e-33,1.7277685667907004e-52,2.512076780447157e-59,1.5285844984370702e-101,2.7203026119273475e-79,1.6772030876285104e-57,2.631147083504372e-12,0.042822964330954665,0.0,0.0
20.166666666666668,0.042127658,0.042993076397876584,6.098845110700417e-06,0.00013576432742717088,1.1531770101716615e-77,2.033329125673093e-165,3.310615964467218e-33,1.4338031300615283e-52,2.00780376321554e-59,9.99076777437182e-102,1.8456035974912547e-79,1.2242206594161691e-57,2.0507650996914876e-12,0.04285121322328795,0.0,0.0
20.183333333333334,0.042127658,0.042907178712739566,6.04962830032006e-06,0.0001347506377055574,9.39322243343817e-78,1.2707366849613012e-165,2.9608594411299127e-33,1.189839889633905e-52,1.60474324302604e-59,6.529777095915602e-102,1.2521224656588922e-79,8.935496171040455e-58,1.5979021971813957e-12,0.04276637844513578,0.0,0.0
20.2,0.042127658,0.042723137576134274,6.000807351301632e-06,0.00013374440066784177,7.651208327148665e-78,7.941515946433228e-166,2.648036822682104e-33,9.873760380814066e-53,1.2825839375309553e-59,4.267641779968165e-102,8.494589646805398e-80,6.521727055027497e-58,1.2446566207538983e-12,0.042583392366870476,0.0,0.0
20.216666666666665,0.042127658,0.0424538501208659,5.9523790926053684e-06,0.00013274556264000184,6.232212365906341e-78,4.9630793096814276e-166,2.368249745024004e-33,8.193542555642096e-53,1.0250900046598257e-59,2.7891232225612476e-102,5.762690069444752e-80,4.759831737961269e-58,9.692048270899428e-13,0.04231515217816409,0.0,0.0
20.23333333333333,0.042127658,0.04211053162981013,5.904340378463032e-06,0.00013175407032358432,5.076346556096446e-78,3.101694191493986e-166,2.118011119288324e-33,6.799170447529893e-53,8.192834350841129e-60,1.822794115567304e-102,3.909267871470416e-80,3.473806921879014e-58,7.544835627152526e-13,0.04197287321835359,0.0,0.0
20.25,0.042127658,0.041702990591002624,5.856688088177887e-06,0.00013076987079318708,4.134824606860313e-78,1.9384147101257457e-166,1.894201763705834e-33,5.642028053006289e-53,6.547904460838576e-60,1.1912358033965219e-102,2.6518744054853006e-80,2.535157257420056e-58,5.871562844389456e-13,0.0415663640315341,0.0,0.0
20.266666666666666,0.042127658,0.04123984636322898,5.809419125926191e-06,0.0001297929114939587,3.367904259752706e-78,1.2114189857290812e-166,1.6940316062672518e-33,4.681765582001516e-53,5.233189854657406e-60,7.784811350776779e-103,1.7988621039205793e-80,1.8500750307855525e-58,4.568029004431722e-13,0.04110424403215229,0.0,0.0
20.28333333333333,0.042127658,0.04072870394437293,5.762530420560214e-06,0.00012882314023911134,2.7432109455649816e-78,7.570804184766828e-167,1.515004976686185e-33,3.8848943422365054e-53,4.1824104966268663e-60,5.087315981115153e-103,1.220197802012416e-80,1.350078579607109e-58,3.55284831524617e-13,0.040594118273357974,0.0,0.0
20.3,0.042127658,0.040176296117978516,5.716018925412827e-06,0.0001278605052074512,2.234372111381236e-78,4.731399397019527e-167,1.3548895568661613e-33,3.2236204013600713e-53,3.3425879329343416e-60,3.324448654905221e-103,8.27656430099348e-81,9.85176573158605e-59,2.7624765169230563e-13,0.040042719593569406,0.0,0.0
20.316666666666663,0.037446808,0.03958860040565923,5.66988161810373e-06,0.00012690495494092443,1.8199046511284852e-78,2.9569035992652027e-167,1.2116886044313818e-33,2.6748764619497627e-53,2.671376233452248e-60,2.172405397413547e-103,5.613807064505124e-81,7.188768302586228e-59,2.1473164723129035e-13,0.03945602556888547,0.0,0.0
20.33333333333333,0.037446808,0.03897093628851267,5.624115500346979e-06,0.00012595643834217572,1.4823085383097793e-78,1.847926446127354e-167,1.0836161044689778e-33,2.21951827386337e-53,2.1349284171424797e-60,1.4195558166893517e-103,3.807609927824782e-81,5.245420798869081e-59,1.6686699358684757e-13,0.03883935573450328,0.0,0.0
20.35,0.037446808,0.0383280467794615,5.57871759776024e-06,0.00012501490467212582,1.2073284493487534e-78,1.1548674873031795e-167,9.690745409458073e-34,1.8416576280837035e-53,1.7061909455787716e-60,9.275865897095019e-104,2.582468548626652e-81,3.8272926822017384e-59,1.2963525369079523e-13,0.03819745315706198,0.0,0.0
20.366666666666667,0.037446808,0.03766416744033007,5.533684959675451e-06,0.00012408030354756313,9.833522459399644e-79,7.217380276084644e-168,8.666350117546892e-34,1.5281087246751305e-53,1.3635404127614052e-60,6.06103604101952e-104,1.7514804666264147e-81,2.792470316060024e-59,1.0068283693422552e-13,0.03753455345172215,0.0,0.0
20.383333333333333,0.037446808,0.03698308521938684,5.48901465895092e-06,0.00012315258493874787,8.009209531707729e-79,4.510523827065211e-168,7.750194404179303e-34,1.2679286496324718e-53,1.0896937828618835e-60,3.960314892922174e-104,1.1878545505025473e-81,2.037375409617209e-59,7.81751517261753e-14,0.036854443619710964,0.0,0.0
20.4,0.037446808,0.03628818895567748,5.4447037917849976e-06,0.00012223169916703426,6.523295698923043e-79,2.8188653668361277e-168,6.930846634896423e-34,1.0520359681195705e-53,8.708372970062485e-61,2.5876351897807834e-104,8.055805779441664e-82,1.4864120403166428e-59,6.068261546634994e-14,0.03616051255265798,0.0,0.0
20.416666666666668,0.037446808,0.0355825130009549,5.4007494775311435e-06,0.0001213175969025071,5.31301876816801e-79,1.7616581848782255e-168,6.198081959708647e-34,8.728941585117704e-54,6.95930178229791e-61,1.69070129365646e-104,5.463142207621369e-82,1.0844089254975508e-59,4.7091594988519677e-14,0.03545579465452777,0.0,0.0
20.433333333333334,0.037446808,0.034868775110921506,5.357148858514486e-06,0.00012041022916163304,4.3272552740710337e-79,1.1009533513749326e-168,5.542754978766861e-34,7.242488671447825e-54,5.561480640428725e-61,1.104641252184936e-104,3.704792288355692e-82,7.911024351314564e-60,3.6534849403999683e-14,0.034743007732864824,0.0,0.0
20.45,0.03276596,0.03414940952874112,5.313899099849796e-06,0.00011950954730492539,3.524362482082336e-79,6.880439010434959e-169,4.956685837252157e-34,6.009098360672393e-54,4.444381313243946e-61,7.21715771687973e-105,2.512309296010694e-82,5.771094452696882e-60,2.8337223492582868e-14,0.034024586082308,0.0,0.0
20.466666666666665,0.03276596,0.033426596006990945,5.270997389260913e-06,0.00011861550303462528,2.870420459340771e-79,4.299949362120696e-169,4.432558333887124e-34,4.98569910451398e-54,3.5516350245846675e-61,4.715217489636227e-105,1.7036103585031586e-82,4.209878093884321e-60,2.197326242393818e-14,0.03330270950654508,0.0,0.0
20.48333333333333,0.03276596,0.032702285376246955,5.2284409369015396e-06,0.00011772804839239699,2.3378000560197553e-79,2.6872649822855664e-169,3.963828776613248e-34,4.1365482263424873e-54,2.8381901772505697e-61,3.080547337238048e-105,1.1551952821092429e-82,3.0709078767358807e-60,1.7034142018602968e-14,0.03257932888690062,0.0,0.0
20.5,0.03276596,0.031978222159839566,5.186226975177535e-06,0.00011684713575703719,1.9039963839190987e-79,1.679413363741249e-169,3.5446444524186265e-34,3.4319852088456455e-54,2.2680405318906794e-61,2.0125408168684254e-105,7.833007653375949e-83,2.2400104290978569e-60,1.3201875757197325e-14,0.03185618879709415,0.0,0.0
20.516666666666666,0.03276596,0.03125596464801143,5.144352758570547e-06,0.00011597271784220023,1.5506785760756367e-79,1.049553730890543e-169,3.169770697689684e-34,2.8473970014171655e-54,1.8124093657614636e-61,1.3147772763201486e-105,5.311164428407504e-83,1.633876885849774e-60,1.0229203966121096e-14,0.031134847577400437,0.0,0.0
20.53333333333333,0.03276596,0.030536902775608395,5.102815563462998e-06,0.00011510474769413526,1.2629157332273147e-79,6.559212622600717e-170,2.8345256622713885e-34,2.3623593005687086e-54,1.448298104839468e-61,8.589154054245114e-106,3.601131964009323e-83,1.1917213139829078e-60,7.923918498169878e-15,0.030416695212342873,0.0,0.0
20.55,0.03276596,0.029822274091700157,5.0616126879644825e-06,0.0001142431786894399,1.0285463945324487e-79,4.099196167062082e-170,2.5347219559874555e-34,1.9599238834517476e-54,1.1573262836097532e-61,5.610987927228416e-106,2.441610932174101e-83,8.691930122960048e-61,6.136648570745933e-15,0.029702969300316615,0.0,0.0
20.566666666666663,0.03276596,0.029113178064243867,5.020741451739614e-06,0.00011338796453282816,8.376649242537639e-80,2.5618025600551854e-170,2.2666144518668913e-34,1.626027160292612e-54,9.24804364132858e-62,3.6653803209874363e-106,1.6553966091562426e-83,6.33933845661363e-61,4.751346546232194e-15,0.028994769358254548,0.0,0.0
20.58333333333333,0.03276596,0.028410588925871925,4.980199195837026e-06,0.00011253905925490966,6.822031383712992e-80,1.6010045614000517e-170,2.0268535968167843e-34,1.3489993330505288e-54,7.389926786158235e-62,2.3943605553406156e-106,1.1223178722777671e-83,4.6233619855966185e-61,3.677879153941335e-15,0.0282930696674175,0.0,0.0
20.6,0.03276596,0.027715367236419014,4.939983282519915e-06,0.00011169641720998667,5.555895132071344e-80,1.0005514920234512e-170,1.8124436489164664e-34,1.1191570517210273e-54,5.9050913835556545e-62,1.564050887047753e-106,7.608831285928966e-84,3.371771637280546e-61,2.8462600174265277e-15,0.027598730835923662,0.0,0.0
20.616666666666667,0.03276596,0.027028270312566268,4.90009109509783e-06,0.0001108599930738638,4.524715915279316e-80,6.252969054407882e-171,1.620705321730237e-34,9.284653682868091e-55,4.718558488015027e-62,1.0216521672683347e-106,5.158320570898063e-84,2.4589220219327504e-61,2.2021612532488618e-15,0.026912510228395106,0.0,0.0
20.633333333333333,0.03276596,0.026349961653978914,4.860520037759744e-06,0.00011002974184166934,3.6848986825180705e-80,3.9078067232710856e-171,1.4492423708112997e-34,7.702572025672064e-55,3.770407631116763e-62,6.673384102322663e-107,3.496930825942951e-84,1.7931546994688647e-61,1.7034215328042383e-15,0.026235071392097783,0.0,0.0
20.65,0.03276596,0.025681019477739476,4.821267535408525e-06,0.00010920561882569374,3.0009361026378595e-80,2.4421921621493373e-171,1.2959117065742688e-34,6.39000538115128e-55,3.012752967310072e-62,4.3589319804580615e-107,2.3705773663324245e-84,1.3076069207484264e-61,1.3173301951837618e-15,0.025566992591377055,0.0,0.0
20.666666666666668,0.03276596,0.025021944458078645,4.782331033496651e-06,0.00010838757965323985,2.443908345410726e-80,1.5262530736046102e-171,1.1587966615500365e-34,5.301052295838994e-55,2.407326544491806e-62,2.8471149202280576e-107,1.6069769400257153e-84,9.535054113109472e-62,1.0185155641936274e-15,0.02490877454739089,0.0,0.0
20.683333333333334,0.03276596,0.024373166755910707,4.743707997863239e-06,0.00010757558026448849,1.9902611044119884e-80,9.538349490126963e-172,1.0361830792598833e-34,4.3976268352585564e-55,1.923546819606203e-62,1.8596056864157327e-107,1.0893153280028459e-84,6.952734788007615e-62,7.87303530905321e-16,0.02426084746764757,0.0,0.0
20.7,0.03276596,0.02373505241205657,4.705395914572354e-06,0.00010676957691037447,1.6208102641019738e-80,5.961010297449461e-172,9.265379270305896e-35,3.648128204301576e-55,1.5369750031275553e-62,1.214584471344477e-107,7.383904704937726e-85,5.069612496304988e-62,6.084420427644791e-16,0.023623577439231012,0.0,0.0
20.716666666666665,0.03276596,0.023107909168986127,4.667392289752579e-06,0.00010596952615048017,1.3199311805928105e-80,3.7253447928240983e-172,8.28490166463119e-35,3.0263367685118745e-55,1.228081370339958e-62,7.932783483565133e-108,5.0050346598952163e-85,3.696413220245579e-62,4.701102133747982e-16,0.022997272250545424,0.0,0.0
20.73333333333333,0.03276596,0.022491991778148698,4.6296946494378765e-06,0.00010517538485093974,1.074898338909907e-80,2.328161150750272e-172,7.408136433473051e-35,2.510497958252033e-55,9.812593069343863e-63,5.18101109600133e-108,3.3924751288120263e-85,2.6950880808466185e-62,3.6314875879665074e-16,0.022382186698647957,0.0,0.0
20.75,0.028085107,0.02188750684329183,4.592300539409624e-06,0.0001043871101823574,8.75347498047883e-81,1.454988508553667e-172,6.624117839369859e-35,2.0825620890936962e-55,7.840373491192461e-63,3.383720760461982e-108,2.2994018231770232e-85,1.9649529650853837e-62,2.8046249099789265e-16,0.02177852743256978,0.0,0.0
20.766666666666666,0.028085107,0.021294617244409692,4.555207525040046e-06,0.0001036046596177399,7.128376066015692e-81,9.092976112732124e-173,5.923039069727882e-35,1.7275535691451448e-55,6.264494636798715e-63,2.2098643124001746e-108,1.5584817642305365e-85,1.4325775826085167e-62,2.1655652804923723e-16,0.021186457377266696,0.0,0.0
20.78333333333333,0.028085107,0.02071344618197014,4.518413191136697e-06,0.00010282799093044044,5.80493984406358e-81,5.682670812514328e-173,5.296129809442813e-35,1.4330474767871069e-55,5.005317944279391e-63,1.4432043415569847e-108,1.0562756585386015e-85,1.0444099171596866e-62,1.6717639440702223e-16,0.020606099777848396,0.0,0.0
20.8,0.028085107,0.02014408087673638,4.4819151417882844e-06,0.0001020570621921172,4.727176972008682e-81,3.551394430631536e-173,4.735546740683394e-35,1.1887352376174095e-55,3.9992048048197824e-63,9.424996494304766e-109,7.158821769749637e-86,7.613962185500239e-63,1.2902881480311988e-16,0.020037541899402347,0.0,0.0
20.816666666666663,0.03276596,0.019586575956711687,4.44571100021169e-06,0.00010129183177070519,3.849488466242437e-81,2.2194495707989117e-173,4.234275605489011e-35,9.860642377717085e-56,3.19530250329608e-63,6.154967257888841e-109,4.8517073654135034e-86,5.550567449730762e-63,9.956516696233027e-17,0.01948083841394067,0.0,0.0
20.83333333333333,0.028085107,0.019040956559424293,4.4097984086001345e-06,0.00010053225832839868,3.1347377484259905e-81,1.3870484010036139e-173,3.786043610761263e-35,8.179387904920582e-56,2.552975706473015e-63,4.0194025349461035e-109,3.2880351675118324e-86,4.046234431633207e-63,7.681357559071324e-17,0.018936014502687216,0.0,0.0
20.85,0.03276596,0.018507221174869463,4.374175027972625e-06,9.977830081964956e-05,2.5526803786061365e-81,8.6683794221425e-174,3.38524108398178e-35,6.784720137487739e-56,2.039753858173962e-63,2.6247532909443553e-109,2.2282666235692153e-86,2.9495226370256527e-63,5.924875562472933e-17,0.018403068699021783,0.0,0.0
20.866666666666667,0.03276596,0.017985344251860623,4.338838538024573e-06,9.902991848917781e-05,2.078685123933508e-81,5.417316022191642e-174,3.02685140315777e-35,5.627799534822195e-56,1.629690871852845e-63,1.7139838825714056e-109,1.5100340469487113e-86,2.1500051900786167e-63,4.569114378401141e-17,0.017881975494833374,0.0,0.0
20.883333333333333,0.03276596,0.017475278588286413,4.303786636979457e-06,9.828707086999211e-05,1.6926923182309274e-81,3.3855590423115086e-174,2.706388327528001e-35,4.668107615598804e-56,1.3020543159300947e-63,1.1192220626262594e-109,1.0232817868679702e-86,1.5671638754033272e-63,3.522874778142289e-17,0.017372687730779407,0.0,0.0
20.9,0.03276596,0.016976957523776443,4.269017041441853e-06,9.754971778142675e-05,1.3783654919352213e-81,2.1158095611623076e-174,2.419839947728449e-35,3.8720296123023796e-56,1.0402779151349586e-63,7.308312368145004e-110,6.934141612433763e-87,1.1422903080323803e-63,2.7156611956073694e-17,0.016875138788953546,0.0,0.0
20.916666666666668,0.03276596,0.01649029695149866,4.2345274862514865e-06,9.681781932718899e-05,1.122400417149506e-81,1.3222778442469498e-174,2.1636185565546297e-35,3.2116784835910926e-56,8.311244804292436e-64,4.772097147977099e-110,4.698715651815982e-87,8.325796543721335e-64,2.0929939992371065e-17,0.0163892446046852,0.0,0.0
20.933333333333334,0.03276596,0.01601519716424002,4.200315724338509e-06,9.60913358934201e-05,9.139623634435094e-82,8.263591292248204e-175,1.934515815211829e-35,2.663919194681351e-56,6.640170011062146e-64,3.11596673491376e-110,3.1838650582058933e-87,6.0682346232549405e-64,1.6127802514723076e-17,0.015914905512622243,0.0,0.0
20.95,0.03276596,0.015551544548512427,4.166379526579808e-06,9.537022814676764e-05,7.442277774092137e-82,5.164340873275504e-175,1.7296626559094495e-35,2.209559169408184e-56,5.305041210317166e-64,2.0345470438111094e-110,2.1573430488509977e-87,4.422687443453267e-64,1.242504634867634e-17,0.015452007940839067,0.0,0.0
20.966666666666665,0.03276596,0.015099213139173976,4.132716681656596e-06,9.465445703247143e-05,6.060110115796011e-82,3.227460485684991e-175,1.5464934206713965e-35,1.8326766211169935e-56,4.238330048918321e-64,1.3284159232440761e-110,1.461749222048843e-87,3.223275983583404e-64,9.570557212686747e-18,0.015000425965459838,0.0,0.0
20.98333333333333,0.03276596,0.01465806604592718,4.099324995913012e-06,9.394398377246057e-05,4.934603224729821e-82,2.0170047930690284e-175,1.382713789016366e-35,1.5200632854940186e-56,3.3860802193995137e-64,8.673449361306873e-111,9.90411499003982e-88,2.349070988436351e-64,7.370442867781747e-18,0.014560022737158798,0.0,0.0
21.0,0.03276596,0.014227956762049304,4.066202293215868e-06,9.323876986346417e-05,4.018102850195805e-82,1.260529139134408e-175,1.2362720943825312e-35,1.2607620748547113e-56,2.7051800761563625e-64,5.662928591561205e-111,6.710388333355431e-88,1.7119151697109716e-64,5.6750260039562105e-18,0.014130651789892618,0.0,0.0
21.016666666666666,0.03276596,0.013808730364802593,4.033346414815518e-06,9.25387770751336e-05,3.271801550991615e-82,7.877688643101545e-176,1.1053336714053632e-35,1.0456834897008727e-56,2.1611832614228663e-64,3.697275491532079e-111,4.5464125979627654e-88,1.247543892446911e-64,4.368786147000285e-18,0.013712158241312639,0.0,0.0
21.03333333333333,0.03276596,0.013400224616153736,4.000755219207795e-06,9.184396744817589e-05,2.6640965407800897e-82,4.923168465739576e-176,9.88257913937961e-36,8.672873752425675e-57,1.7265672452250914e-64,2.4138709727622523e-111,3.0802026342994076e-88,9.091111159002232e-65,3.362583772710475e-18,0.013304379893486349,0.0,0.0
21.05,0.03276596,0.013002270971697953,3.968426581997059e-06,9.115430329250059e-05,2.1692523111899568e-82,3.0767382138871677e-176,8.835777574968471e-36,7.193188940961954e-57,1.379341798812488e-64,1.5759332959204197e-111,2.0867912824004638e-88,6.624691909262579e-65,2.5876501664077315e-18,0.012907148241823452,0.0,0.0
21.066666666666663,0.03276596,0.01261469550501467,3.936358395760317e-06,9.046974718537864e-05,1.7663114746934655e-82,1.92280993455043e-176,7.89981330043931e-36,5.965894812028439e-57,1.1019370946176378e-64,1.0288526339943331e-111,1.4137351606186534e-88,4.8272748986705e-65,1.9909431158911648e-18,0.012520289399433528,0.0,0.0
21.08333333333333,0.03276596,0.012237319754078189,3.904548569912393e-06,8.97902619696112e-05,1.438207763399635e-82,1.2016614593488836e-176,7.06295542052763e-36,4.947951193092755e-57,8.80315249582336e-65,6.716764236012254e-112,9.577374281524426e-89,3.5174347430301163e-65,1.5315588507690912e-18,0.012143624943538664,0.0,0.0
21.1,0.03276596,0.011869961495804339,3.872995030572195e-06,8.911581075171283e-05,1.1710436671311764e-82,7.509791348897271e-177,6.314714109931334e-36,4.1036557800105197e-57,7.032604155777598e-65,4.384889444307529e-112,6.488050930905985e-89,2.5629361235021707e-65,1.1779606235845233e-18,0.011776972690022052,0.0,0.0
21.116666666666667,0.03276596,0.011512435454312759,3.841695720430066e-06,8.844635690010566e-05,9.535021556367736e-83,4.693248745222753e-177,5.6457093699902434e-36,3.4033934182227505e-57,5.618115403731496e-65,2.8625219723452107e-112,4.3951273745759e-89,1.8673996574217961e-65,9.058385358591291e-19,0.011420147401692223,0.0,0.0
21.133333333333333,0.03276596,0.011164553948034835,3.8106485986160266e-06,8.778186404332347e-05,7.763675997071093e-83,2.9330484581702752e-177,5.0475536583465457e-36,2.8225985126213887e-57,4.488091305136044e-65,1.8686616451142268e-112,2.9772694479586207e-89,1.3605815253511097e-65,6.964571903654534e-19,0.011072961435392895,0.0,0.0
21.15,0.03276596,0.010826127480389327,3.7798516405692645e-06,8.712229606822989e-05,6.321356238913883e-83,1.8330101396927051e-177,4.512746925807687e-36,2.3408942570236176e-57,3.5853310744373384e-65,1.2198437361073642e-112,2.0167604220348503e-89,9.912876823460828e-66,5.353802505476907e-19,0.010735225332680527,0.0,0.0
21.166666666666668,0.03276596,0.010496965278368285,3.7493028379085113e-06,8.646761711824676e-05,5.146953846105199e-83,1.145540532188519e-177,4.034582749422668e-36,1.941378558302483e-57,2.864134510778776e-65,7.962866587967598e-113,1.3660921870365072e-89,7.222087367130583e-66,4.114861430881447e-19,0.01040674835841213,0.0,0.0
21.183333333333334,0.03276596,0.01017687578303757,3.7190001983035118e-06,8.581779159159488e-05,4.190708306951786e-83,7.159060242861942e-178,3.607064389253243e-36,1.610031661347367e-57,2.2879900319331013e-65,5.197881961934459e-113,9.253270707725216e-90,5.261549937282006e-66,3.1620860521204143e-19,0.010087338991247672,0.0,0.0
21.2,0.03276596,0.009865667095641033,3.6889417453474284e-06,8.517278413954476e-05,3.412099982081215e-83,4.474057256087948e-178,3.2248297201559065e-36,1.3352247383942137e-57,1.8277274224409122e-65,3.3929319139497035e-113,6.267583445182532e-90,3.8331218778696644e-66,2.429508376251369e-19,0.00977680536975614,0.0,0.0
21.216666666666665,0.028085107,0.00956314738271424,3.6591255184303587e-06,8.453255966468033e-05,2.7781342329918507e-83,2.7960634485639416e-178,2.88308410066763e-36,1.1073122386368706e-57,1.4600418989968168e-65,2.214703840579148e-113,4.245165365097965e-90,2.7924125097085126e-66,1.866336716395656e-19,0.009474955697531129,0.0,0.0
21.23333333333333,0.028085107,0.009269125243349026,3.6295495726137685e-06,8.389708331917285e-05,2.261944116771602e-83,1.7474005615518945e-178,2.5775403401545476e-36,9.182937248275367e-58,1.1663148642579905e-65,1.445599465044054e-113,2.8752708678398893e-90,2.0342043487343956e-66,1.433471658335075e-19,0.00918159861045724,0.0,0.0
21.25,0.028085107,0.008983410041511555,3.600211978505942e-06,8.326632050306655e-05,1.8416525102769645e-83,1.0920383341397024e-178,2.3043650140018614e-36,7.615333552259567e-58,9.316717174417714e-66,9.435656638118893e-114,1.9473885568985131e-90,1.481827602896748e-66,1.1008201065135365e-19,0.008896543509029983,0.0,0.0
21.266666666666666,0.028085107,0.008705812206095929,3.5711108221384197e-06,8.26402368625758e-05,1.4994455033816997e-83,6.824695214580477e-179,2.060130455876541e-36,6.315271867477286e-58,7.442290738836988e-66,6.158686984783658e-114,1.3189131382613975e-90,1.0794161765304341e-66,8.452250118154374e-20,0.008619600858411215,0.0,0.0
21.28333333333333,0.028085107,0.008436143501191769,3.542244204843407e-06,8.201879828839161e-05,1.2208178401900297e-83,4.265093952253095e-179,1.8417718269832837e-36,5.237101490141479e-58,5.944933215473667e-66,4.019721932184019e-114,8.932428315942106e-91,7.862639164340165e-67,6.488699707841719e-20,0.008350582458698535,0.0,0.0
21.3,0.028085107,0.008174217268860043,3.513610243132136e-06,8.140197091400162e-05,9.939584673582778e-84,2.6654706706488774e-179,1.6465487256358068e-36,4.3429592773912284e-58,4.748800940981767e-66,2.6235889393615612e-114,6.049405295637827e-91,5.7271161424589635e-67,4.9805001464399e-20,0.008089301687702909,0.0,0.0
21.316666666666663,0.03276596,0.0079198486465383,3.485207068574244e-06,8.078972111401993e-05,8.092501777281414e-84,1.665785887637575e-179,1.4720108571714551e-36,3.6014414805200795e-58,3.793303541730062e-66,1.712330114423299e-114,4.0968084164461134e-91,4.1714966435617165e-67,3.8222472229246805e-20,0.007835573718355707,0.0,0.0
21.33333333333333,0.03276596,0.007672910492134598,3.4570328276779714e-06,8.01820155025264e-05,6.588621660958693e-84,1.0410328005547655e-179,1.3159673349531192e-36,2.9865020424222505e-58,3.0300366584321453e-66,1.1175607602437478e-114,2.7743962637884945e-91,3.0383381727564867e-67,2.9328895460951387e-20,0.007589215712708349,5.573109604426948e-08,0.0
21.35,0.03276596,0.007435909843717848,3.429085681771477e-06,7.957882093141932e-05,5.364182463374905e-84,6.505933395499979e-180,1.1764592285652134e-36,2.476538754484093e-58,2.4203313884929867e-66,7.293680983703422e-115,1.8788029025730767e-91,2.2129350391994176e-67,2.2501130230881746e-20,0.00735004699434468,2.85494275997682e-06,0.0
21.366666666666667,0.03276596,0.007226741591767265,3.4013638068850033e-06,7.898010448877816e-05,4.367266815977532e-84,4.065882063136013e-180,1.0517350158771888e-36,2.0536352473791798e-58,1.9332964625781423e-66,4.760081361789001e-115,1.2722834620822908e-91,1.6117200356231693e-67,1.7260175942565102e-20,0.007117889200889131,2.647092258247006e-05,0.0
21.383333333333333,0.03276596,0.007096229606312613,3.37386539363392e-06,7.83858334972348e-05,3.555601873013567e-84,2.5409721567760226e-180,9.40228631932976e-37,1.702932248474665e-58,1.5442540940051992e-66,3.1065189236800424e-115,8.615420947016664e-92,1.173813143350079e-67,1.3237894740909946e-20,0.00689256641817065,0.00012190348925109373,0.0
21.4,0.03276596,0.007137634230112401,3.346588647102769e-06,7.779597551235843e-05,2.8947679067778126e-84,1.587979896926652e-180,8.405398400767045e-37,1.4121060667676834e-58,1.2334903526889444e-66,2.0273357056658507e-115,5.8339017930946665e-92,8.548635405413005e-68,1.0151401435963808e-20,0.0066739052974901505,0.0003825863684627884,0.0
21.416666666666668,0.037446808,0.007484386263627216,3.3195317867302216e-06,7.721049832104928e-05,2.356739601558849e-84,9.924075487869994e-181,7.514166797457436e-37,1.1709360228610701e-58,9.852568261228238e-67,1.323029098178323e-115,3.95031520636485e-92,6.225627405835568e-68,7.783357905768964e-21,0.006461735157330181,0.0009421210761892559,0.0
21.433333333333334,0.037446808,0.008298232429010665,3.292693046194922e-06,7.662936993994379e-05,1.9186982656502645e-84,6.202047428532324e-181,6.7173977132071706e-37,9.709456579304872e-59,7.869730426092603e-67,8.633864055759238e-116,2.674819269488622e-92,4.533754483213119e-68,5.966813459558374e-21,0.006255888070750294,0.001962422295274232,0.0
21.45,0.037446808,0.009751886159025381,3.2660706733022097e-06,7.605255861382892e-05,1.5620646516750614e-84,3.875967012161961e-181,6.0050828163469e-37,8.051051409728014e-59,6.285892893525554e-67,5.634211197369776e-116,1.8111199882825332e-92,3.301577167807135e-68,4.5735445521859915e-21,0.00605619893961933,0.00361636859011892,0.0
21.466666666666665,0.042127658,0.012010212328559653,3.2396629298717652e-06,7.548003281406841e-05,1.2717114168310216e-84,2.422283810135097e-181,5.368273745067189e-37,6.675844383554406e-59,5.0207757367602526e-67,3.676657432666684e-116,1.2262813501793343e-92,2.404216246504463e-68,3.505087695022669e-21,0.00586250555675387,0.006068987076061842,0.0
21.48333333333333,0.04680851,0.015213074877867817,3.213468091626163e-06,7.491176123703822e-05,1.0353218617687565e-84,1.5138050374105515e-181,4.798969892311562e-37,5.53548588875422e-59,4.0102495987626e-67,2.3991939755957693e-116,8.302773178701462e-93,1.750710199835011e-68,2.6858447397061938e-21,0.005674648656952861,0.00946030099158629,0.0
21.5,0.04680851,0.019461855779634926,3.1874844480802533e-06,7.434771280257277e-05,8.428677816052373e-85,9.460516141601917e-182,4.290018065607905e-37,4.589879034746424e-59,3.203086949834357e-67,1.5655600496559528e-116,5.621424807023435e-93,1.2748048125325404e-68,2.0577825272787377e-21,0.005492471957847486,0.013891848624536787,0.0
21.516666666666666,0.05148936,0.024810619525930923,3.1617103024314778e-06,7.378785665242161e-05,6.861843072159152e-85,5.91234381786391e-182,3.835022765720701e-37,3.8057713311695557e-59,2.55836675954876e-67,1.021565678345206e-116,3.80592171443708e-93,9.28243384763542e-69,1.5763589274788919e-21,0.005315822191418645,0.019417847767557426,0.0
21.53333333333333,0.056170214,0.031262078815052344,3.1361439714509653e-06,7.323216214871521e-05,5.586237229541004e-85,3.6949153854030063e-182,3.4282659608226146e-37,3.155586639850428e-59,2.0434011793822454e-67,6.665842892664343e-117,2.5766981142922987e-93,6.75878771122783e-69,1.2073920502749677e-21,0.005144549126971812,0.026041161381960363,0.0
21.55,0.060851064,0.03876794527611226,3.110783785375584e-06,7.268059887244177e-05,4.5477359220113006e-85,2.309134760161239e-182,3.0646353516605258e-37,2.616456416694932e-59,1.6320792547236294e-67,4.3494675249209155e-117,1.7444458902527795e-93,4.921126863504575e-69,9.246546871906295e-22,0.004978505586303023,0.03371364830715142,0.0
21.566666666666663,0.06553192,0.04723290409871303,3.085628087800815e-06,7.213313662193456e-05,3.702272462545289e-85,1.4430920232261206e-182,2.7395602294141945e-37,2.1694162490517634e-59,1.3035437949982679e-67,2.8379802728015872e-117,1.1809779019666183e-93,3.5830194553327286e-69,7.08026301878339e-22,0.004817547451735422,0.04234013788226787,0.0
21.58333333333333,0.074893616,0.05652129152206023,3.0606752355743864e-06,7.158974541136652e-05,3.013969103390629e-85,9.018591981764164e-183,2.448954122937857e-37,1.7987394914198272e-59,1.0411343963635893e-67,1.8517183677852985e-117,7.994961474264488e-94,2.6086911167532504e-69,5.420735835185591e-22,0.004661533667656186,0.051785107433757104,0.0
21.6,0.079574466,0.06646553179014829,3.0359235986908984e-06,7.105039546925861e-05,2.4536154688871896e-85,5.636161355279487e-183,2.1891635170358443e-37,1.4913846112769666e-59,8.315430860438115e-68,1.2081832231484563e-117,5.412293569634568e-94,1.8992628670055706e-69,4.149603596562905e-22,0.004510326236139394,0.06188111923494094,0.0
21.616666666666667,0.08893617,0.07687546090835513,3.0113715601871975e-06,7.05150572369957e-05,1.9974296717223672e-85,3.5223139480376015e-183,1.956921999389077e-37,1.2365368457581104e-59,6.641398226250185e-68,7.882845102805221e-118,3.663841784245535e-94,1.382727045562134e-69,3.176105849114989e-22,0.004363790207195748,0.0724381442723622,0.0
21.633333333333333,0.09829787,0.08754779085237217,2.9870175160385387e-06,6.998370136735154e-05,1.6260496010707033e-85,2.2012667478283767e-183,1.7493092616956852e-37,1.0252280787053266e-59,5.304336872318522e-68,5.14310667073724e-118,2.4801760157626817e-94,1.0066461502763557e-69,2.4306575691135606e-22,0.004221793664151078,0.0832530264693377,0.0
21.65,0.10297872,0.09827512053814226,2.962859875055631e-06,6.945629872302542e-05,1.323711624426579e-85,1.3756794504671346e-183,1.5637144413486678e-37,8.50021592181128e-60,4.236424716637803e-68,3.355524696266881e-118,1.6788765055024012e-94,7.328350836226815e-70,1.85991676897089e-22,0.004084207704619951,0.09411849367492423,0.0
21.666666666666668,0.11234043,0.10885405758800946,2.938897058782501e-06,6.89328203751873e-05,1.0775818869566909e-85,8.597294284008656e-184,1.3978033443053987e-37,7.047506230690324e-60,3.383488589937218e-68,2.1892115810157266e-118,1.1364373153460843e-94,5.334881051460834e-70,1.4229990662848728e-22,0.003950906417504471,0.10483127945307102,0.0
21.683333333333334,0.12170213,0.119092163399032,2.9151275013951366e-06,6.841323760203312e-05,8.772118592470558e-86,5.372869619456479e-184,1.2494891383972106e-37,5.843015436870563e-60,2.702257776523693e-68,1.4282605650301895e-118,7.692415510153355e-95,3.8835807343620856e-70,1.0885729705201114e-22,0.003821766856417985,0.11519906817751059,0.0
21.7,0.12638298,0.12881356455654985,2.8915496496009192e-06,6.789752188734881e-05,7.140950502692014e-86,3.357768706419916e-184,1.1169061497779672e-37,4.844340515925057e-60,2.158170135949258e-68,9.317933050781658e-119,5.206795599053407e-95,2.8270213000663276e-70,8.326313340000126e-23,0.0036966690099028334,0.12504610647511008,0.0
21.716666666666665,0.13574468,0.13786318188778549,2.868161962538869e-06,6.73856449190848e-05,5.8130609030100615e-86,2.0984335394457718e-184,9.9838643406969e-38,4.0163205287907646e-60,1.7236196411698498e-68,6.07888852396699e-119,3.524267764715681e-95,2.057856111087321e-70,6.367818379436691e-23,0.0035754957687846147,0.13421743231211924,0.0
21.73333333333333,0.14510638,0.14610961319805416,2.844962911680706e-06,6.687757858793917e-05,4.732068800272423e-86,1.3114134308128564e-184,8.924388285104651e-38,3.3298000080346934e-60,1.3765565293605737e-68,3.9657126883498965e-119,2.3853816248382672e-95,1.4979252666949078e-70,4.869358338153924e-23,0.0034581328909790124,0.14258175776557552,0.0
21.75,0.14978723,0.15344676788286724,2.8219509807326364e-06,6.637329498595066e-05,3.852073450255774e-86,8.195661294828895e-185,7.977302224850803e-38,2.7606034531914325e-60,1.0993691248447907e-68,2.5870856633682253e-119,1.6144978605818928e-95,1.0903214124155112e-70,3.7230287004153535e-23,0.003344468964043751,0.1500331036728568,0.0
21.766666666666666,0.15446809,0.1597943933912982,2.799124665537982e-06,6.587276640510101e-05,3.135706497499392e-86,5.121867544850972e-185,7.13068811605372e-38,2.2886849037928072e-60,8.779906640477404e-69,1.687690817052051e-119,1.0927171006693228e-95,7.936119971295384e-71,2.8461975465856994e-23,0.003234395365746181,0.15649132613448138,0.0
21.78333333333333,0.15914893,0.1650976578657188,2.7764824739804854e-06,6.537596533592582e-05,2.552546100314611e-86,3.2009040136438505e-185,6.373891253563167e-38,1.8974227070053535e-60,7.011858525415888e-69,1.100949761486276e-119,7.39551965768415e-96,5.7763198318238774e-71,2.1755953629235076e-23,0.003127806222895755,0.16190169919501315,0.0
21.8,0.16382979,0.16932596339902325,2.7540229258884904e-06,6.488286446613552e-05,2.0778257789155823e-86,2.000400367644665e-185,5.697386405442418e-38,1.573034696206613e-60,5.599809913539976e-69,7.181822594176456e-120,5.005187724670371e-96,4.204202232963479e-71,1.6627848330387073e-23,0.003024598368672302,0.16623372814295892,0.0
21.816666666666663,0.16851063,0.17247116338756446,2.7317445529398198e-06,6.439343667924544e-05,1.6913832213111182e-86,1.2501472421473272e-185,5.092658126535833e-38,1.304093226252626e-60,4.472087849326362e-69,4.684836315495105e-120,3.387371219200024e-96,3.059886795390038e-71,1.2706889168491994e-23,0.002924671298662464,0.16947936690766982,0.0
21.83333333333333,0.17319149,0.17454534833048135,2.7096458985673784e-06,6.390765505321367e-05,1.376804456815591e-86,7.81277604794834e-186,4.552093749861746e-38,1.0811230190129707e-60,3.57144754936918e-69,3.0559536854985942e-120,2.292429515890937e-96,2.226981193650921e-71,9.709303893794285e-24,0.002827927125799856,0.17165080390372972,0.0
21.85,0.17319149,0.17557834969614777,2.687725517865556e-06,6.342549285908984e-05,1.1207270919732083e-86,4.882582056970857e-186,4.068887713468644e-38,8.962676820655692e-61,2.852168267010681e-69,1.993387509028125e-120,1.5513864500553952e-96,1.620754378014015e-71,7.417934849690845e-24,0.0027342705343901034,0.1727779659433807,0.0
21.866666666666667,0.17319149,0.1756150933039029,2.6659819774973906e-06,6.294692355967182e-05,9.122730494540702e-87,3.0513617165990346e-186,3.636956022455027e-38,7.430131763323527e-61,2.2777336393085334e-69,1.3002574041340388e-120,1.049868314385473e-96,1.1795255579015212e-71,5.666624060454283e-24,0.002643608733386189,0.17290587166497953,0.0
21.883333333333333,0.17319149,0.17471291380371068,2.644413855602363e-06,6.247192080817102e-05,7.425867429964082e-87,1.9069433982950345e-186,3.2508597729074416e-38,6.159585096012964e-61,1.818978898181998e-69,8.481244765238333e-121,7.104614594984383e-97,8.583947256160136e-72,4.328253095280717e-24,0.002555851409066582,0.17209194605998032,0.0
21.9,0.17319149,0.17293892163926347,2.623019741705027e-06,6.20004584468874e-05,6.044590935339083e-87,1.1917409953870077e-186,2.9057367781148245e-38,5.1062559254987415e-61,1.4526109936067517e-69,5.532004657000425e-121,4.80769719863494e-97,6.246781164892892e-72,3.3055836012679817e-24,0.002470910677256924,0.17040338748381795,0.0
21.916666666666668,0.16851063,0.17036749436196313,2.6017982366242914e-06,6.153251050589272e-05,4.920214328215123e-87,7.447764282024676e-187,2.597240438997654e-38,4.233015703210185e-61,1.1600265814604012e-69,3.6082629232071176e-121,3.253303691492345e-97,4.545850455872599e-72,2.5242436820893825e-24,0.0023887010352231044,0.16791465901799751,0.0
21.933333333333334,0.16382979,0.16707794603144563,2.5807479523834904e-06,6.106805120172312e-05,4.004963055222942e-87,4.654466770955229e-187,2.3214850915276227e-38,3.509080842353365e-61,9.26367929879879e-70,2.3534584375253747e-121,2.20142071438267e-97,3.307985764460732e-72,1.927358161868117e-24,0.002309139313353853,0.16470515791893767,0.0
21.95,0.16382979,0.16315241214664908,2.5598675121210848e-06,6.060705493607942e-05,3.259945945163707e-87,2.908800342595701e-187,2.0749971451360739e-38,2.9089286492639786e-61,7.397688608907922e-70,1.5349973449282247e-121,1.4896095997945265e-97,2.407142426829579e-72,1.4714380100827298e-24,0.002232144626740141,0.16085710059746075,0.0
21.966666666666665,0.15446809,0.1586739733489232,2.5391555500021316e-06,6.014949629453712e-05,2.653503594840772e-87,1.8178492221519743e-187,1.854671398738419e-38,2.4113984330810408e-61,5.907524798585425e-70,1.0011553727593565e-121,1.0079358090571476e-97,1.7515786585115474e-72,1.1232341024629767e-24,0.0021576383267500727,0.15645364637032858,0.0
21.98333333333333,0.14978723,0.1537250291147157,2.518610711130412e-06,5.9695350045264344e-05,2.159863789225513e-87,1.1360613167654612e-187,1.6577319859414419e-38,1.9989461689302237e-61,4.717501422718698e-70,6.529623101209113e-122,6.819999026810539e-98,1.2745217105677916e-72,8.573294186146305e-25,0.0020855439526886767,0.15157727120127062,0.0
22.0,0.14510638,0.14838592277995818,2.4982316514612956e-06,5.924459113774855e-05,1.7580468852952406e-87,7.099792454962112e-188,1.481697459070949e-38,1.6570264895012955e-61,3.767172555724223e-70,4.25860679661153e-122,4.6145228783757766e-98,9.273733233473107e-73,6.542966145432049e-25,0.00201578718362419,0.1463083927735448,0.0
22.016666666666666,0.14042553,0.1427338113961379,2.478017037715276e-06,5.879719470153198e-05,1.430974695720993e-87,4.4370007505330637e-188,1.3243495735797412e-38,1.3735802578456036e-61,3.0082642478401196e-70,2.7774086820259285e-122,3.122197518581977e-98,6.747637784833512e-73,4.9928840645492965e-25,0.0019482957904550396,0.1407242403939436,0.0
22.03333333333333,0.13574468,0.13684176793734804,2.457965547292166e-06,5.8353136044954824e-05,1.1647450443348894e-87,2.772894323725082e-188,1.1837053808220938e-38,1.1386096877244597e-61,2.4022237349067168e-70,1.8113604083904194e-122,2.1124432552521187e-98,4.909516889286024e-73,3.8095923813889325e-25,0.0018829995882843748,0.13489795724747142,0.0
22.05,0.12638298,0.13077809905308727,2.438075868185996e-06,5.791239065390736e-05,9.480411962218489e-88,1.7329143700901592e-188,1.0579922786952389e-38,9.438260573779341e-62,1.9182620510302744e-70,1.1813070855384327e-122,1.4292258504567834e-98,3.572034314951079e-73,2.90640485171337e-25,0.001819830389163072,0.1288979181974021,0.0
22.066666666666663,0.12170213,0.12460585867222575,2.418346698900624e-06,5.747493419059081e-05,7.716510895483369e-88,1.0829810448589135e-188,9.456257067662893e-39,7.823576163566202e-62,1.5317907217318764e-70,7.70395295040228e-123,9.669584966212268e-99,2.598857014085903e-73,2.2170966836722766e-25,0.0017587219552557601,0.1227872434360805,0.0
22.08333333333333,0.11234043,0.11838253608670463,2.3987767483659175e-06,5.704074249228493e-05,6.28075956671921e-88,6.768065850350214e-189,8.451892056915069e-39,6.485074028134008e-62,1.2231732065381546e-70,5.024089054619113e-123,6.5419314911983485e-99,1.890771647211354e-73,1.6910810504638778e-25,0.0016996099524787043,0.11662348661498527,0.0
22.1,0.10765957,0.11215989646445952,2.3793647358546818e-06,5.660979157012565e-05,5.112117163537799e-88,4.2296873245732916e-189,7.554165904124794e-39,5.375524448142905e-62,9.767277279867173e-71,3.276377609211395e-123,4.425836466000066e-99,1.3755796456080037e-73,1.2897211572079533e-25,0.001642431904653924,0.11045847540349962,0.0
22.116666666666667,0.09829787,0.10598395185950771,2.360109390900253e-06,5.618205760789036e-05,4.1608960797438146e-88,2.6433332572167256e-189,6.751760131458005e-39,4.45577275519775e-62,7.799308783137569e-71,2.1366013676773413e-123,2.994166680610176e-99,1.0007426219882266e-73,9.835108938628823e-26,0.0015871271482183222,0.10433828254429059,0.0
22.133333333333333,0.09361702,0.09989504152221736,2.341009453214651e-06,5.575751696079005e-05,3.386650535882004e-88,1.6519448508349401e-189,6.034557159081875e-39,3.6933589970627397e-62,6.227815823894967e-71,1.393304392117446e-123,2.0255727656080995e-99,7.280296738568852e-74,7.499197815417376e-26,0.0015336367875224439,0.09830330620828091,0.0
22.15,0.08893617,0.09392800150459467,2.3220636726074816e-06,5.5336146154271343e-05,2.756457811419853e-88,1.0323789416730527e-189,5.3935129353236397e-39,3.061373504943351e-62,4.972931323488028e-71,9.085764595936312e-124,1.3702853568296591e-99,5.296217662909938e-74,5.717459023097409e-26,0.0014819036507498454,0.09238843964401794,0.0
22.166666666666668,0.079574466,0.08811240506583683,2.303270808905408e-06,5.491792188282517e-05,2.2435190909397918e-88,6.451826771784333e-190,4.8205430709463745e-39,2.5375080553100436e-62,3.970875084702461e-71,5.9247488287150674e-124,9.269696219876936e-100,3.852766252864437e-74,4.3585723168664774e-26,0.0014318722464834685,0.08662331162666163,0.0
22.183333333333334,0.074893616,0.08247285709643812,2.2846296318723378e-06,5.450282100880488e-05,1.8260204974317262e-88,4.0320529585575705e-190,4.3084210463383425e-39,2.1032692044195394e-62,3.1707139180286042e-71,3.863415473510866e-124,6.270632233380852e-100,2.802654868859422e-74,3.3222990406972e-26,0.0013834887209425379,0.08103258092485491,0.0
22.2,0.07021277,0.07702932759866186,2.266138921130152e-06,5.409082056125054e-05,1.4862059339021288e-88,2.519821200120143e-190,3.850687212036306e-39,1.7433260833447699e-62,2.53177420099734e-71,2.5192189381940796e-124,4.2417837913851006e-100,2.0387160103862945e-74,2.5321345331677148e-26,0.0013367008159097863,0.0756362698232697,0.0
22.216666666666665,0.06553192,0.07179751111045111,2.2477974660801283e-06,5.368189773472236e-05,1.2096223489275067e-88,1.5747557101457518e-190,3.4415674385709606e-39,1.4449696757849668e-62,2.021575500952637e-71,1.6426818363395932e-124,2.869307679168416e-100,1.4829756923837614e-74,1.9296953061649373e-26,0.001291457827366257,0.07045012358788405,0.0
22.23333333333333,0.060851064,0.06678920077851742,2.2296040658249513e-06,5.3276029888141545e-05,9.84505364174927e-89,9.84139417138936e-191,3.0759003928322696e-39,1.197664526705734e-62,1.614180340342965e-71,1.0711099684996409e-124,1.940873065769566e-100,1.0787021594814463e-74,1.470431943082776e-26,0.0012477105648477946,0.06548598457971566,0.0
22.25,0.056170214,0.062012667529345256,2.2115575290913687e-06,5.287319454363882e-05,8.01279163085798e-89,6.150352821007057e-191,2.749072526524212e-39,9.926770850616872e-63,1.28887630801365e-71,6.984056584080917e-125,1.312830299021114e-100,7.846198865491607e-75,1.1203549885542662e-26,0.00120541131153496,0.06075217146573757,0.0
22.266666666666666,0.05148936,0.05747303642151036,2.1936566741534485e-06,5.247336938541117e-05,6.52149392883283e-89,3.8436461784296246e-191,2.4569599591756073e-39,8.227675829949835e-63,1.0291235917538747e-71,4.553806134739893e-125,8.879970442767516e-101,5.706993169453142e-75,8.535347750839502e-27,0.0011645137850858024,0.05625385561036499,0.0
22.28333333333333,0.05148936,0.05317265376727563,2.175900328756422e-06,5.207653225858541e-05,5.307717828140339e-89,2.4020759967259353e-191,2.1958765248014545e-39,6.819345919489929e-63,8.217144825152279e-72,2.9691657689957917e-125,6.006285128821441e-101,4.1509328043291577e-75,6.501924726039119e-27,0.0011249730992185345,0.051993428235469756,0.0
22.3,0.04680851,0.049111439972981986,2.1582873300411507e-06,5.168266116809009e-05,4.3198239778647926e-89,1.5011706104630864e-191,1.9625273287674925e-39,5.652032518429522e-63,6.561021629957366e-72,1.9359203678361862e-125,4.06248612676751e-101,3.0190784112113557e-75,4.95242727033075e-27,0.0010867457260495073,0.04797085329843435,0.0
22.316666666666663,0.042127658,0.045287224260394096,2.1408165244692263e-06,5.1291734277535185e-05,3.51578064852326e-89,9.381522663967115e-192,1.7539672306585407e-39,4.6844970811764e-63,5.238646887767373e-72,1.2622160207282943e-125,2.7477004357322392e-101,2.1958033929509632e-75,3.771811901274331e-27,0.00104978945918981,0.04418400225040228,0.0
22.33333333333333,0.042127658,0.04169605849474759,2.1234867677485756e-06,5.090372990809802e-05,2.861376414605449e-89,5.8629552559559245e-192,1.5675637308655535e-39,3.8825556724350846e-63,4.182769351098641e-72,8.229492625656227e-126,1.8583967831371655e-101,1.596992625851369e-75,2.8723542052527193e-27,0.001014063377602095,0.04062896790046965,0.0
22.35,0.037446808,0.03833250826389967,2.1062969247597487e-06,5.0518626537418294e-05,2.3287652958882035e-89,3.664036544405181e-192,1.4009637939626224e-39,3.2178723908296675e-63,3.3396876516122396e-72,5.365443472951728e-126,1.2568953018014818e-101,1.1614561007442588e-75,2.1871688007810232e-27,0.0009795278102181077,0.03730035553021938,0.0
22.366666666666667,0.037446808,0.03518992013377196,2.0892458694827424e-06,5.01364027985001e-05,1.8952825240335094e-89,2.2898286372086715e-192,1.2520641914336464e-39,2.666959115531387e-63,2.666520542939044e-72,3.4980933607396897e-126,8.500635232058429e-102,8.446818218354638e-76,1.6652645671886727e-27,0.000946144301315521,0.03419155018378846,0.0
22.383333333333333,0.037446808,0.03226066465777559,2.0723324849243994e-06,4.975703747862017e-05,1.5424805999550267e-89,1.4310214300696326e-192,1.1189849905555251e-39,2.2103463022349148e-63,2.1290270206180102e-72,2.2806066984355912e-126,5.7490396386504085e-102,6.142907641826642e-76,1.2677718348386947e-27,0.0009138755766515728,0.031294959711160475,0.0
22.4,0.03276596,0.029536355252834427,2.0555556630464077e-06,4.938050951824497e-05,1.2553446682411604e-89,8.943124192764025e-193,1.000045855804878e-39,1.8318955840671314e-63,1.6998655650503977e-72,1.4868345339228687e-126,3.888041521614901e-102,4.4673023069848894e-76,9.650640993089638e-28,0.0008826855103501355,0.028602233677303,0.0
22.416666666666668,0.03276596,0.027008043483455684,2.0389143046938537e-06,4.9006798009954386e-05,1.0216538550749672e-89,5.588977425054686e-193,8.937448645203615e-40,1.518229931894696e-63,1.3572040585597516e-72,9.693221707798742e-127,2.6294092027042898e-102,3.24868234260788e-76,7.345624195100158e-28,0.0008525390925373142,0.026104458678603722,0.0
22.433333333333334,0.03276596,0.024666391629951726,2.0224073195243514e-06,4.863588219737317e-05,8.314614192471462e-90,3.4928136724244705e-193,7.987395701729294e-40,1.2582612730909145e-63,1.0836097412215707e-72,6.319270309769049e-127,1.7781859738439252e-102,2.3624342541392546e-76,5.590607667738429e-28,0.0008234023977201103,0.02379233094271472,0.0
22.45,0.028085107,0.022501823668911496,2.006033625937727e-06,4.82677414741083e-05,6.7667161547137046e-90,2.1828226460490336e-193,7.1383007486488525e-40,1.0427989040711958e-63,8.651627964460722e-73,4.119637637875071e-127,1.2025078586984456e-102,1.717919546695735e-76,4.2544886177852625e-28,0.0007952425539015503,0.0216563073399099,0.0
22.466666666666665,0.028085107,0.020504655974634467,1.989792151006262e-06,4.790235538269544e-05,5.50695279773574e-90,1.3641478808606463e-193,6.379438979515349e-40,8.642248808573912e-64,6.907485186849425e-73,2.685619099823392e-127,8.1318700835346425e-103,1.249213150247765e-76,3.237382616218995e-28,0.0007680277124251738,0.019686736114675592,0.0
22.48333333333333,0.028085107,0.01866520916995613,1.9736818304054986e-06,4.753970361355098e-05,4.4816949284721925e-90,8.525197014109392e-194,5.701224502736242e-40,7.162249339328417e-64,5.5149208896445e-73,1.7507460258592591e-127,5.49901278224734e-103,9.08366142580901e-77,2.463197751842706e-28,0.0007417270185408537,0.01787396876597132,0.0
22.5,0.028085107,0.016973902623537183,1.957701608345563e-06,4.71797660039317e-05,3.647294010938834e-90,5.327793274208148e-194,5.095089436883753e-40,5.935654119197213e-64,4.4030722996506556e-73,1.1412879490008329e-127,3.718526147525606e-103,6.605048688405209e-77,1.873973226844678e-28,0.0007163105826834175,0.01620845457324149,0.0
22.516666666666666,0.023404256,0.015421333117127085,1.941850437503095e-06,4.682252253690185e-05,2.9682249231671906e-90,3.3295863010388853e-194,4.553375836463461e-40,4.9190838213969344e-64,3.515357990365677e-73,7.439790071361059e-128,2.514483480191946e-103,4.8026598712312475e-77,1.4255636182491987e-28,0.0006917494524550066,0.014680819291697672,0.0
22.53333333333333,0.023404256,0.01399833919854001,1.926127278953644e-06,4.646795334030621e-05,2.4155742790888364e-90,2.0808134988508747e-194,4.069239087052025e-40,4.076583621160424e-64,2.806599987403286e-73,4.849751829538687e-128,1.700272747575379e-103,3.492033399043469e-77,1.0843493079496208e-28,0.0006680155853014948,0.013281929532619256,0.0
22.55,0.023404256,0.012696052701221502,1.910531102104654e-06,4.611603868575107e-05,1.965810025648714e-90,1.3003971438648151e-194,3.636561553059175e-40,3.3783527197362915e-64,2.24072574951931e-73,3.161343968863863e-128,1.1496887577562838e-103,2.539017687618341e-77,8.247293546885715e-29,0.0006450818218730657,0.01200294430956058,0.0
22.566666666666663,0.023404256,0.011505938855491669,1.8950608846289584e-06,4.576675898759203e-05,1.5997799846754655e-90,8.126786064410626e-195,3.249875390394022e-40,2.7996912281785877e-64,1.7889331968021945e-73,2.0607125057309071e-128,7.773809292236804e-104,1.846051750277253e-77,6.272109036243515e-29,0.0006229218600585058,0.010835355175560942,0.0
22.58333333333333,0.018723404,0.010419826345231219,1.8797156123987989e-06,4.542009480192751e-05,1.3018967438653006e-90,5.078805923110899e-195,2.9042935516757007e-40,2.3201272313403235e-64,1.4282254926697926e-73,1.3432489125701724e-128,5.2562911130680514e-104,1.342186456555249e-77,4.7695334946599544e-29,0.0006015102296824419,0.009771016305134451,0.0
22.6,0.018723404,0.00942992858149921,1.8644942794203865e-06,4.5076026825600674e-05,1.059474225346739e-90,3.1739814016320067e-195,2.595448114755139e-40,1.9226932107985985e-64,1.1402410807652452e-73,8.755663082036868e-129,3.553995643864211e-104,9.758266997170434e-78,3.626591305816122e-29,0.0005808222678546984,0.008802165792539491,0.0
22.616666666666667,0.018723404,0.00852885737515559,1.849395887768974e-06,4.473453589520751e-05,8.6218771043641e-91,1.983568066243695e-195,2.3194351575048964e-40,1.5933262765844406e-64,9.103194864581874e-74,5.7070943884710056e-129,2.402958932286917e-104,7.094526786778317e-78,2.757287103783649e-29,0.0005608340949604385,0.007921439348412175,0.0
22.633333333333333,0.018723404,0.007709630097246709,1.8344194475244236e-06,4.439560298611072e-05,7.016343495230081e-91,1.2396235216916851e-195,2.0727654842529284e-40,1.320371027449176e-64,7.267553779556401e-74,3.7199281855544476e-129,1.6246798913849253e-104,5.157807011647298e-78,2.096168893875953e-29,0.0005415225912796578,0.007121877483533416,0.0
22.65,0.018723404,0.006965671321288353,1.8195639767073135e-06,4.405920921146163e-05,5.709754596807878e-91,7.7469807880048765e-196,1.852320582918698e-40,1.0941674820267215e-64,5.802029529487071e-74,2.4246416420580947e-129,1.0984525061689224e-104,3.74971008273418e-78,1.59342530314871e-29,0.0005228653742246155,0.006396927173875569,0.0
22.666666666666668,0.018723404,0.006290809847714171,1.804828501215539e-06,4.372533582122803e-05,4.646453912696262e-91,4.841446307690553e-196,1.655313257773809e-40,9.06709526394002e-65,4.63200359575331e-74,1.5803529221707914e-129,7.426544842455064e-105,2.725971226203304e-78,1.2111517066480011e-29,0.0005048407761833834,0.0057404389072083445,0.0
22.683333333333334,0.018723404,0.0056792719193252345,1.7902120547614171e-06,4.339396420122903e-05,3.781145763056704e-91,3.0256433299675093e-196,1.4792524416339622e-40,7.513618131145727e-65,3.697899636412399e-74,1.0300401295053677e-129,5.0209326852164854e-105,1.9816905845160387e-78,9.205068439555196e-30,0.0004874278229578301,0.005146659920111414,0.0
22.7,0.018723404,0.005125671348782904,1.7757136788092924e-06,4.306507587217575e-05,3.0769667615174063e-91,1.8908640836131256e-196,1.3219117439276792e-40,6.226251106656995e-65,2.952151476495937e-74,6.7134809235413755e-130,3.394486455751925e-105,1.4405935089163763e-78,6.995477717866011e-30,0.00047060621278413085,0.0046102243464477876,0.0
22.716666666666665,0.018723404,0.0046249971959679064,1.7613324225136362e-06,4.2738652488719315e-05,2.5039162206618043e-91,1.181688107120746e-196,1.1813013381440807e-40,5.159418130051332e-65,2.356782189296828e-74,4.375573098525018e-130,2.2948582972500882e-105,1.047220457012007e-78,5.315814896108241e-30,0.00045435629592402736,0.004126140915132646,0.0
22.73333333333333,0.018723404,0.004172599554987724,1.7470673426576407e-06,4.241467583850494e-05,2.0375786912196564e-91,7.38491306590112e-197,1.0556428342280828e-40,4.275347372751022e-65,1.8814711181638075e-74,2.8517780003924845e-130,1.5514214887610848e-105,7.612474736504815e-79,4.0391006292964235e-30,0.00043865905481489214,0.0036897787569916693,0.0
22.75,0.018723404,0.0037641739381625437,1.732917503592285e-06,4.2093127841232214e-05,1.6580842688965747e-91,4.6151718856075104e-197,9.4334681909594e-41,3.5427351331035705e-65,1.5020105036985568e-74,1.8586177826964547e-130,1.048807751275324e-105,5.533561248965042e-79,3.0687540346631787e-30,0.00042349608476675897,0.0032968518080509603,0.0
22.766666666666666,0.018723404,0.003395744677645011,1.7188819771759253e-06,4.177399054772266e-05,1.3492624191739939e-91,2.884233017143314e-197,8.429927820616227e-41,2.9356384319107896e-65,1.1990731967415736e-74,1.2113177490319658e-130,7.090129270296594e-106,4.0223023726608276e-79,2.331322214517905e-30,0.00040884957519450566,0.0029434022299256067,0.0
22.78333333333333,0.018723404,0.003063647704478593,1.7049598427143075e-06,4.1457246138992434e-05,1.0979533045636328e-91,1.802489645460819e-197,7.533111720138624e-41,2.432557169512277e-65,9.57228760431999e-75,7.894410566176156e-131,4.792968999556105e-106,2.923720631383026e-79,1.770947008385968e-30,0.00039470229137334687,0.0026257832071235397,0.0
22.8,0.018723404,0.002764513009800404,1.6911501869011013e-06,4.1142876925332154e-05,8.934473008863361e-92,1.1264584670858567e-197,6.731673600490635e-41,2.0156734022829486e-65,7.641578993080464e-75,5.144876911875922e-131,3.2400171569313686e-106,2.1251432968687114e-79,1.3451542839515851e-30,0.00038103755670599714,0.0023406414259821737,0.0
22.816666666666663,0.018723404,0.002495247043365497,1.6774521037588905e-06,4.083086534539308e-05,7.270288441816474e-92,7.039755240730361e-198,6.015473052775266e-41,1.6702208475527292e-65,6.100252422094613e-75,3.3529257541149514e-131,2.1901922865962745e-106,1.5446560260257153e-79,1.0216499664715137e-30,0.00036783923548983007,0.002084899490426515,0.0
22.83333333333333,0.018723404,0.0022530152603754327,1.6638646945806213e-06,4.052119396527853e-05,5.9160518986081676e-92,4.399465401881589e-198,5.375447429878137e-41,1.3839623274431332e-65,4.869785616031683e-75,2.1850761073751067e-131,1.4805035306035934e-106,1.1227074102116491e-79,7.7588233877734995e-31,0.00035509171617245975,0.001855738485543114,0.0
22.85,0.018723404,0.0020352249884411132,1.6503870678715364e-06,4.021384547764272e-05,4.8140427953820634e-92,2.749427198133667e-198,4.803497335435081e-41,1.1467566763756021e-65,3.887489444729758e-75,1.4239767545318653e-131,1.0007576956935046e-106,8.160047071452558e-80,5.891875247165433e-31,0.00034277989508440924,0.00165058086081119,0.0
22.866666666666667,0.018723404,0.001839508752062762,1.6370183392915753e-06,3.990880270079537e-05,3.9172885232533476e-92,1.718242723257185e-198,4.292384275396366e-41,9.50199798675833e-66,3.1033156617955254e-75,9.279678865395586e-132,6.764578483936625e-107,5.930755683022958e-80,4.473787712877118e-31,0.00033088916063747685,0.0014670737703851983,0.0
22.883333333333333,0.018723404,0.0016637081619320265,1.623757631598175e-06,3.9606048577811587e-05,3.187563313780216e-92,1.073808341341539e-198,3.8356391807979276e-41,7.873271834272961e-66,2.4773081989954643e-75,6.047233335211743e-132,4.5724069194231074e-107,4.310411414273168e-80,3.396734260264868e-31,0.00031940537797761154,0.0013030729777450051,0.0
22.9,0.018723404,0.0015058584502925033,1.6106040745896057e-06,3.9305566175648937e-05,2.593759649876073e-92,6.7107182334640495e-199,3.4274806474231e-41,6.523673560370705e-66,1.9775682895465121e-75,3.940707978698432e-132,3.0905897508812195e-107,3.1326996678814956e-80,2.5787684879241246e-31,0.00030831487408132833,0.0011566274059609364,0.0
22.916666666666668,0.018723404,0.0013641737111747768,1.5975568050486988e-06,3.900733868426994e-05,2.1105628739619742e-92,4.193833711870673e-199,3.062741860556583e-41,5.405375465786535e-66,1.578629840862653e-75,2.5679439689617402e-132,2.0889604686634523e-107,2.2767228705596182e-80,1.9576179269363242e-31,0.0002976044232846928,0.0010259643924007654,0.0
22.933333333333334,0.018723404,0.0012370328852116428,1.5846149666870567e-06,3.8711349415770964e-05,1.7173725527149123e-92,2.6209176761733686e-199,2.736805282559528e-41,4.4787434746787206e-66,1.2601623551016282e-75,1.6733647371250203e-132,1.4119245151641457e-107,1.6545998370665273e-80,1.4859647887820617e-31,0.00028726123323417473,0.0009094756875950101,0.0
22.95,0.018723404,0.0011229665125932317,1.5717777100896645e-06,3.841758180351641e-05,1.3974246631310774e-92,1.6379307056937265e-199,2.4455442788965244e-41,3.710933701139607e-66,1.0059353658779426e-75,1.0904091246295064e-132,9.543005046247023e-108,1.202450500644719e-80,1.1278577249375315e-31,0.00027727293124874116,0.0008057042218308846,0.0
22.966666666666665,0.018723404,0.00102064426422668,1.559044192659993e-06,3.812601940127945e-05,1.1370772148358657e-92,1.023617355128564e-199,2.1852709457587375e-41,3.0747293557160457e-66,8.029916697338165e-76,7.105295619457354e-133,6.449874528493405e-108,8.738419432395842e-81,8.559837887207296e-32,0.00026762755108281875,0.0007133316495499219,0.0
22.98333333333333,0.018723404,0.0009288632500143528,1.5464135785654979e-06,3.78366458823884e-05,9.252288824488594e-93,6.397049747629954e-200,1.9526894806535276e-41,2.5475768411842415e-66,6.409872584685678e-76,4.629868459017255e-133,4.3592305472359735e-108,6.350238537185469e-81,6.495945718678074e-32,0.0002583135200798299,0.000631166670473569,0.0
23.0,0.018723404,0.0008465370940820727,1.5338850386835704e-06,3.754944503887881e-05,7.52845885507233e-93,3.997806658947394e-200,1.7448545072547547e-41,2.1107869312622624e-66,5.116643438787175e-76,3.0168171921300605e-133,2.9461909443673614e-108,4.614649188711685e-81,4.929297882315253e-32,0.0002493196467062419,0.0005581341172982684,0.0
23.016666666666666,0.018723404,0.0007726857595122053,1.5214577505479143e-06,3.7264400780651783e-05,6.125769629883039e-93,2.4984106213202226e-200,1.5591338283134292e-41,1.7488727646993716e-66,4.0843064155491694e-76,1.9657269565362967e-133,1.9911521327980894e-108,3.3533498635193356e-81,3.7401909125450915e-32,0.00024063510845622716,0.0004932647925247783,0.0
23.03333333333333,0.018723404,0.0007064260994292331,1.509130898295344e-06,3.6981497134637415e-05,4.984400410374552e-93,1.5613699602991498e-200,1.3931751362951907e-41,1.4490012265788673e-66,3.26023489830843e-76,1.2808293314383842e-133,1.3456760343770895e-108,2.436747850260575e-81,2.8377145521409695e-32,0.00023224944011718198,0.0004356860312791183,0.0
23.05,0.018723404,0.000646963106932466,1.496903672613012e-06,3.6700718243964186e-05,4.055672457802577e-93,9.757707451926026e-201,1.2448762613544306e-41,1.2005382997282868e-66,2.6024169902579397e-76,8.345516561467112e-134,9.09429703615926e-109,1.770654755182965e-81,2.152831658357918e-32,0.0002241525223865966,0.0003846129626292922,0.0
23.066666666666663,0.018723404,0.0005935818331750076,1.4847752706860628e-06,3.642204836713486e-05,3.299973980343365e-93,6.098032556979079e-201,1.112358580890818e-41,9.946722935977113e-67,2.077314745383316e-76,5.437622888229918e-134,6.145968284095781e-109,1.2866155233918895e-81,1.6331198539501067e-32,0.000216334570830892,0.0003393404387062947,0.0
23.08333333333333,0.018723404,0.0005456399406765291,1.4727448961456623e-06,3.6145471877206404e-05,2.6850714911958694e-93,3.8109360043155434e-201,9.939432548362954e-42,8.241016133522138e-67,1.6581551061981905e-76,3.5428997577850116e-134,4.15340305440999e-109,9.348787900581842e-82,1.2387762299861096e-32,0.00020878612517702226,0.0002992355987261547,0.0
23.1,0.018723404,0.0005025608575740706,1.4608117590175036e-06,3.587097326097702e-05,2.1847356288572842e-93,2.381625901616855e-201,8.881299864860408e-42,6.827760156237867e-67,1.3235654989722512e-76,2.3083548836884945e-134,2.8067933884023027e-109,6.792872674756767e-82,9.395819784138427e-33,0.0002014980389279007,0.00026373103362617526,0.0
23.116666666666667,0.018723404,0.0004638274978199735,1.4489750756706887e-06,3.559853711817834e-05,1.7776228860151135e-93,1.4883854154274175e-201,7.935780405650372e-42,5.656821901084893e-67,1.0564845880127734e-76,1.5039736891412025e-134,1.8967471308095896e-109,4.9356381619340984e-82,7.125965148157252e-33,0.00019446146929279627,0.0002323185163333282,0.0
23.133333333333333,0.018723404,0.00042897651221001693,1.4372340687669944e-06,3.5328148160672334e-05,1.4463655951418245e-93,9.301590985355386e-202,7.090892787168873e-42,4.686660748979213e-67,8.43292703185809e-77,9.79877675187196e-135,1.2817433443572482e-109,3.586120254652701e-82,5.404059222815299e-33,0.00018766786742406338,0.00020454326255651422,0.0
23.15,0.018723404,0.0003975930354603726,1.4255879672105728e-06,3.505979121165489e-05,1.1768313910435848e-93,5.812982872729169e-202,6.33592998072179e-42,3.882856135638649e-67,6.73117642473013e-77,6.384067435767907e-135,8.661345653088506e-110,2.605542157422618e-82,4.097925731963426e-33,0.00018110896895181112,0.00017999868732969601,0.0
23.166666666666668,0.018723404,0.0003693058952559768,1.414036006098055e-06,3.479345120486419e-05,9.575205910664856e-94,3.6327944065726354e-202,5.661323813177487e-42,3.216887395404017e-67,5.372804834321211e-77,4.159269504084596e-135,5.852782087393437e-110,1.893054443525229e-82,3.107247379203382e-33,0.00017477678480820879,0.00015832162323680578,0.0
23.183333333333334,0.018723404,0.0003437832501872112,1.4025774266690379e-06,3.452911318379491e-05,7.790758098855008e-94,2.2702964453371493e-202,5.058523870377668e-42,2.6651226638071314e-67,4.288531686657063e-77,2.7097589903410857e-135,3.9548684581006163e-110,1.375371030126321e-82,2.3558928031382323e-33,0.00016866359233337462,0.00013918796724337264,0.0
23.2,0.018723404,0.0003207286247063691,1.3912114762569464e-06,3.426676230091724e-05,6.338829080030544e-94,1.4188101616751672e-202,4.519889272846302e-42,2.2079810258436467e-67,3.423053238345502e-77,1.765380368268024e-135,2.672356882305893e-110,9.992368293093724e-83,1.7860900509573114e-33,0.0001627619266549305,0.0001223087242742644,0.0
23.216666666666665,0.018723404,0.00029987731061300297,1.3799374082403328e-06,3.400638381690193e-05,5.157462649368788e-94,8.866781033080822e-203,4.038591955948779e-42,1.8292382307611685e-67,2.7322231224540902e-77,1.1501115299106855e-135,1.8057166928477102e-110,7.259535087987854e-83,1.3540025715697401e-33,0.00015706457233353633,0.00010742641705432438,0.0
23.23333333333333,0.018723404,0.00028099310606779756,1.3687544819945229e-06,3.3747963099850224e-05,4.1962453531992233e-94,5.54124878670263e-203,3.608530231953634e-42,1.515451377646647e-67,2.1808015902550272e-77,7.492653934434666e-136,1.2201059181797158e-110,5.274010914174862e-83,1.0263703999545351e-33,0.00015156455526684227,9.431183321911053e-05,0.0
23.25,0.018723404,0.0002638653646975631,1.3576619628436626e-06,3.349148562452926e-05,3.4141562367244716e-94,3.462974448705666e-203,3.224251541322804e-42,1.2554821890375766e-67,1.740658751480073e-77,4.881187135713227e-136,8.24400483920399e-111,3.831467117504895e-83,7.779602694105225e-34,0.00014625513484451202,8.27610822656782e-05,0.0
23.266666666666666,0.018723404,0.00024830632895461046,1.3466591220131478e-06,3.323693697161284e-05,2.7778171121933123e-94,2.164167632874393e-203,2.8808834166400965e-42,1.0401019812315787e-67,1.3893402462056617e-77,3.1798696926023407e-136,5.570212268219265e-111,2.7834348954881862e-83,5.896299889286116e-34,0.00014112979634713213,7.259293651385236e-05,0.0
23.28333333333333,0.018723404,0.0002341487235041623,1.3357452365824253e-06,3.2984302826927e-05,2.260068751648671e-94,1.3524850718239973e-203,2.5740717863384593e-42,8.61664333464808e-68,1.1089222478107102e-77,2.0715111965667495e-136,3.763553339298124e-111,2.0220362740374545e-83,4.468592284946075e-34,0.0001361822435819815,6.364643185867138e-05,0.0
23.3,0.0140425535,0.00022124358601113465,1.324919589438173e-06,3.2733568980701265e-05,1.838812300207968e-94,8.452283112829628e-204,2.2999258381242513e-42,7.138338560637795e-68,8.850974390285198e-78,1.3494579529922563e-136,2.5428295372523068e-111,1.4688882267496851e-83,3.3863441606437053e-34,0.000131406391748841,5.577870569215421e-05,0.0
23.316666666666663,0.018723404,0.00020945831426403053,1.3141814692278657e-06,3.248472132682502e-05,1.4960665108826752e-94,5.282208786825608e-204,2.0549687448789515e-42,5.9136144489736235e-68,7.064453727622231e-78,8.7907424096831e-137,1.7180242153084898e-111,1.0670395420866105e-83,2.566024653366164e-34,0.00012679636052915743,4.886305093882022e-05,0.0
23.33333333333333,0.0140425535,0.0001986749100951021,1.3035301703136631e-06,3.223774586210817e-05,1.217200601856899e-94,3.301087710305504e-204,1.836093629902006e-42,4.898980563054591e-68,5.638500255129006e-78,5.726455509945643e-137,1.1607379793606902e-111,7.751116360285972e-84,1.9442857508215522e-34,0.00012234646739204435,4.278716667063592e-05,0.0
23.35,0.0140425535,0.00018878840202156126,1.292964992726734e-06,3.19926286855483e-05,9.903100238785799e-95,2.0629967168992773e-204,1.6405242145724278e-42,4.058404014432363e-68,4.50034852559985e-78,3.730270976909895e-137,7.842093364186577e-112,5.630409750193229e-84,1.4730892826239357e-34,0.00011805122111080389,3.745158723248234e-05,0.0
23.366666666666667,0.0140425535,0.00017970542993426536,1.2824852421219025e-06,3.1749355997602054e-05,8.057085179475063e-95,1.2892584384521159e-204,1.4657796506841002e-42,3.3620308996317027e-68,3.591916425322666e-78,2.429903572924002e-137,5.298131594534476e-112,4.0898536857219556e-84,1.1160095783375663e-34,0.00011390531548376589,3.276827321077551e-05,0.0
23.383333333333333,0.0140425535,0.00017134297649295486,1.2720902297326419e-06,3.150791409946114e-05,6.555148014367574e-95,8.057149113693825e-205,1.309643092604113e-42,2.78512690201937e-68,2.866842497749793e-78,1.5828212790937244e-137,3.579368497745177e-112,2.9707601452238465e-84,8.454283682952087e-35,0.00010990362325341155,2.8659348910349544e-05,0.0
23.4,0.0140425535,0.00016362723114714386,1.261779272326456e-06,3.1268289392334247e-05,5.3331625540804436e-95,5.035270341646242e-205,1.170133611679217e-42,2.3071994972623263e-68,2.288120994969668e-78,1.0310243379043078e-137,2.4181488963271335e-112,2.1578411791602505e-84,6.404067758569654e-35,0.00010604119021794152,2.5055972264541653e-05,0.0
23.416666666666668,0.0140425535,0.0001564925738871592,1.2515516921606103e-06,3.103046837673332e-05,4.33895269115315e-95,3.146763882922843e-205,1.045481097564699e-42,1.9112706371853722e-68,1.8262140751044428e-78,6.715837275677485e-138,1.6336260188130435e-112,1.5673408659470682e-84,4.850710898284092e-35,0.00010231322952954733,2.1897324288717936e-05,0.0
23.433333333333334,0.0140425535,0.00014988066694054865,1.2414068169382089e-06,3.079443765176512e-05,3.530065694592793e-95,1.966552269476316e-205,9.341038289160246e-43,1.583274120451765e-68,1.4575448868990817e-78,4.374471956617426e-138,1.1036090147537307e-112,1.1384122310273868e-84,3.673883650918505e-35,9.87151161738319e-05,1.912970629801343e-05,0.0
23.45,0.0140425535,0.00014373964366542788,1.2313439797646168e-06,3.0560183914427245e-05,2.8719603731972216e-95,1.228985628393944e-205,8.345884296328863e-43,1.311556278293376e-68,1.1632947000308443e-78,2.8493470367238676e-138,7.45539829545022e-113,8.268520102325955e-85,2.782377804425412e-35,9.52423816249506e-05,1.6705734146285434e-05,0.0
23.466666666666665,0.0140425535,0.0001380233848560463,1.2213625191042314e-06,3.032769395890942e-05,2.336532819233712e-95,7.680475136577588e-206,7.456719570119158e-43,1.086462266058624e-68,9.284427404691376e-79,1.8559202512562973e-138,5.0363916201300344e-113,6.005486290810123e-85,2.1070636587976448e-35,9.189070867120974e-05,1.458361970682292e-05,0.0
23.48333333333333,0.0140425535,0.00013269087356890835,1.2114617787376147e-06,3.0096954675899404e-05,1.90091684109313e-95,4.7998685506633853e-206,6.662258951234338e-43,8.999932863386368e-69,7.409997644202975e-79,1.2088364322468078e-138,3.402210540054633e-113,4.3617498545114673e-85,1.595549295464895e-35,8.865592640598098e-05,1.2726530708290348e-05,0.0
23.5,0.0140425535,0.00012770562040301174,1.2016411077189393e-06,2.98679530518937e-05,1.5465079090361538e-95,2.999649926555136e-206,5.952418508236991e-43,7.455225843871212e-69,5.913962825977816e-79,7.873540223171283e-139,2.2982430087065754e-113,3.167856750435511e-85,1.2081308290638953e-35,8.553400537893959e-05,1.1102020864459535e-05,0.0
23.516666666666666,0.0140425535,0.00012303515192810442,1.1918998603338018e-06,2.9640676168513302e-05,1.2581689714856304e-95,1.8746136548841697e-206,5.3181877134873415e-43,6.175601405542882e-69,4.71994232179258e-79,5.128222439891308e-139,1.552472074698269e-113,2.300713496641129e-85,9.147218084390438e-36,8.252105290277154e-05,9.681522996485775e-06,0.0
23.53333333333333,0.0140425535,0.00011865055565360384,1.1822373960573352e-06,2.94151112018236e-05,1.023584256914429e-95,1.1715287532647664e-206,4.751515216826013e-43,5.115577113420066e-69,3.7669718874852257e-79,3.3400884438679355e-139,1.0486842658411867e-113,1.670905134801523e-85,6.925251999094626e-36,7.961330851061461e-05,8.439898545108302e-06,0.0
23.55,0.0140425535,0.00011452607557147729,1.1726530795126963e-06,2.9191245421659556e-05,8.327334889630613e-96,7.321399435055149e-207,4.2452067709453526e-43,4.237473016440602e-69,3.006392356117524e-79,2.1754214210086858e-139,7.083678320175656e-114,1.2134819389317885e-85,5.2426849911430406e-36,7.680713955964902e-05,7.355037510656033e-06,0.0
23.566666666666663,0.0140425535,0.00011063875289234562,1.1631462804298625e-06,2.8969066190955474e-05,6.77464079121354e-96,4.5754648574075e-207,3.79283401612178e-43,3.5100733646049614e-69,2.3993661925935765e-79,1.4168477006711576e-139,4.784824930712124e-114,8.812662362775015e-86,3.968658528670433e-36,7.409903697636679e-05,6.407503444593495e-06,0.0
23.58333333333333,0.0140425535,0.00010696810712895112,1.1537163736047414e-06,2.8748560965078808e-05,5.511430411482243e-96,2.8594092653510694e-207,3.3886529693785755e-43,2.9075178289194846e-69,1.914895218931564e-79,9.22778118488213e-140,3.2319633981799546e-114,6.3999010462419905e-86,3.004039507268094e-36,7.148561113916449e-05,5.580218651103084e-06,0.0
23.6,0.0140425535,0.0001034958531684378,1.144362738858633e-06,2.852971729116945e-05,4.483737726058042e-96,1.7869705269522133e-207,3.0275311859425203e-43,2.408382873459229e-69,1.5282383808853817e-79,6.0098795527288915e-140,2.1830314561255757e-114,4.647631871739908e-86,2.273733887431688e-36,6.896358789406001e-05,4.8581852443497075e-06,0.0
23.616666666666667,0.0140425535,0.00010020565041788315,1.1350847609980207e-06,2.831252280748336e-05,3.647656164776989e-96,1.1167563553080403e-207,2.7048826705944007e-43,1.9949206747643445e-69,1.2196488312215923e-79,3.9140703263224395e-140,1.4745066988245915e-114,3.375068094339657e-86,1.7208612891073844e-36,6.652980469941217e-05,4.228238149989601e-06,0.0
23.633333333333333,0.0140425535,9.708288050967292e-05,1.125881829774635e-06,2.809696524273988e-05,2.9674636785408406e-96,6.9791004519899574e-208,2.4166097145922454e-43,1.652428573442491e-69,9.733658929703714e-80,2.549094116073083e-140,9.959251976464188e-115,2.4509008076476177e-86,1.3023402993220938e-36,6.418120689565693e-05,3.6788265415014823e-06,0.0
23.65,0.009361702,9.411445041770579e-05,1.1167533398458891e-06,2.788303241547494e-05,2.4140972313477586e-96,4.361545822373938e-208,2.1590509215004485e-43,1.3687266744052844e-69,7.768104678141928e-80,1.660112498681875e-140,6.726666914175112e-115,1.7797595376105726e-86,9.855431041425999e-37,6.191484409620167e-05,3.1998205661832917e-06,0.0
23.666666666666668,0.009361702,9.128861816500616e-05,1.1076986907355894e-06,2.7670712233397732e-05,1.9639116027594906e-96,2.725721020720263e-208,1.9289347635870674e-43,1.13372504981007e-69,6.199428333873272e-80,1.0811441042609003e-140,4.5432472851709165e-115,1.2923773639426857e-86,7.457606127562637e-37,5.9727866695699264e-05,2.782340545173571e-06,0.0
23.683333333333334,0.009361702,8.859483860111921e-05,1.098717286794998e-06,2.7459992692752472e-05,1.597669518862845e-96,1.7034223497732222e-208,1.7233380804641473e-43,9.390651785839272e-70,4.947500578537074e-80,7.040833574839004e-141,3.0684997761773705e-115,9.384471014384414e-87,5.6428184818931325e-37,5.761752249205792e-05,2.4186061295138145e-06,0.0
23.7,0.009361702,8.602362699620749e-05,1.0898085371641648e-06,2.725086187768399e-05,1.299720002102269e-96,1.0645431078518397e-208,1.5396489942068654e-43,7.778228911081655e-70,3.948368731560508e-80,4.585207735613664e-141,2.072426330295576e-115,6.814322971802244e-87,4.269388533816547e-37,5.558115341862866e-05,2.1018031627306775e-06,0.0
23.716666666666665,0.009361702,8.356643844070748e-05,1.0809718557335896e-06,2.7043307959608262e-05,1.0573298633282756e-96,6.652794947453912e-209,1.3755337711051906e-43,6.44262270676459e-70,3.150991270288168e-80,2.9859904195485873e-141,1.3996692118486567e-115,4.947982016399488e-87,3.2300435798837173e-37,5.361619238313411e-05,1.8259662422315135e-06,0.0
23.73333333333333,0.004680851,8.121556125699523e-05,1.0722066611061936e-06,2.683731919658708e-05,8.601397956697696e-97,4.157621953019596e-209,1.2289072101674156e-43,5.336317721151545e-70,2.5146314744369108e-80,1.9445193660715274e-141,9.452899447224763e-116,3.5927418668830443e-87,2.4435674320463378e-37,5.1720160209986085e-05,1.5858751893158628e-06,0.0
23.75,0.004680851,7.896402282502752e-05,1.0635123765595793e-06,2.6632883932706986e-05,6.997218482478512e-97,2.5982792801150406e-209,1.0979061831544151e-43,4.4199531662909353e-70,2.006777165093902e-80,1.266282537924641e-141,6.384075354070368e-116,2.6086537683975955e-87,1.8484753257174766e-37,4.989066268274501e-05,1.3769638330159453e-06,0.0
23.766666666666666,0.004680851,7.680550639935914e-05,1.0548884300086074e-06,2.6429990597462857e-05,5.692193851863755e-97,1.6237779407055984e-209,9.808659908305884e-44,3.660923636609393e-70,1.6014803551945246e-80,8.246002434187456e-142,4.311459649808491e-116,1.894084774059369e-87,1.398223216528499e-37,4.812538768357237e-05,1.1952396883153016e-06,0.0
23.78333333333333,0.004680851,7.47342776521597e-05,1.0463342539682452e-06,2.622862770514525e-05,4.6305415647273317e-97,1.014769529696687e-209,8.762992357834578e-44,3.032219893743328e-70,1.278032057702025e-80,5.369709707364801e-142,2.9116825238537514e-116,1.3752287714002695e-87,1.0575794884653164e-37,4.642210242660857e-05,1.0372132664376366e-06,0.0
23.8,0.004680851,7.274511981764404e-05,1.037849285516744e-06,2.6028783854232433e-05,3.7668797221035243e-97,6.341736213727312e-210,7.828769440368982e-44,2.511468537897796e-70,1.019904602645653e-80,3.496654147903958e-142,1.9663331603947223e-116,9.984885116273276e-88,7.998772125767135e-38,4.477865078231546e-05,8.998358955793984e-07,0.0
23.816666666666663,0.004680851,7.083327643920824e-05,1.0294329662590953e-06,2.5830447726786698e-05,3.0642880292826754e-97,3.963226588180714e-210,6.994116961667576e-44,2.080136448554096e-70,8.139074673172432e-81,2.276926878273051e-142,1.327894565407407e-116,7.249429006542116e-88,6.049333950411973e-38,4.3192950689898274e-05,7.804450562641768e-07,0.0
23.83333333333333,0.004680851,6.899440083303608e-05,1.0210847422907614e-06,2.563360808785424e-05,2.492730253429553e-97,2.4767923998138127e-210,6.248425540819927e-44,1.722871728841594e-70,6.4951352179076595e-81,1.4826547606100446e-142,8.967337338729758e-117,5.263288264849741e-88,4.574734141641083e-38,4.16629916550069e-05,6.767163478841914e-07,0.0
23.85,0.004680851,6.722451148234121e-05,1.0128040641617193e-06,2.543825378487002e-05,2.0277707624392087e-97,1.5478550346341626e-210,5.582215923835167e-44,1.4269577359517244e-70,5.183212904952547e-81,9.654405795213626e-143,6.055595570712029e-117,3.8212298233131656e-88,3.459380699418839e-38,4.018683233001484e-05,5.866213032946361e-07,0.0
23.866666666666667,0.004680851,6.551995266589579e-05,1.0045903868407968e-06,2.524437374706651e-05,1.6495303285376514e-97,9.67321712789376e-211,4.987018635405198e-44,1.1818607966527488e-70,4.1362577363411855e-81,6.286452451207991e-143,4.0892501242328714e-117,2.7742259355257255e-88,2.6158039152092445e-38,3.876259817423842e-05,5.083903577500537e-07,0.0
23.883333333333333,0.004680851,6.387735970423481e-05,9.964431696802535e-07,2.505195698488603e-05,1.3418365968804122e-97,6.045212373328529e-211,4.4552664429131057e-44,9.788555348034468e-71,3.300759140647774e-81,4.0933634433448515e-143,2.761365936517999e-117,2.014063612908547e-88,1.9778186764850573e-38,3.738847919154074e-05,4.404803581277945e-07,0.0
23.9,0.004680851,6.229362827790916e-05,9.883618763806853e-07,2.486099258939796e-05,1.091532932130206e-97,3.777914834381953e-211,3.980198269108439e-44,8.107144948841957e-71,2.634012185996874e-81,2.665321342237107e-143,1.864651790166979e-117,1.4621679024857199e-88,1.495348269745257e-38,3.6062727742857514e-05,3.8154606927300587e-07,0.0
23.916666666666668,0.004680851,6.076588733524105e-05,9.803459749561815e-07,2.4671469731719367e-05,8.879161195006194e-98,2.360982340143159e-211,3.5557733349405063e-44,6.714510298116741e-71,2.101935732770502e-81,1.7354554047074874e-143,1.2591139339438807e-117,1.0614854253214374e-88,1.1305062074578687e-38,3.4783656431235034e-05,3.304151973304664e-07,0.0
23.933333333333334,0.004680851,5.9291475163127464e-05,9.723949376997864e-07,2.44833776624404e-05,7.22278899746086e-98,1.4754798685005314e-211,3.1765944436988906e-44,5.561063137801364e-71,1.6773311014876792e-81,1.1299831397045834e-143,8.50209283451049e-118,7.705903595430659e-89,8.546305202338964e-39,3.3549636057059195e-05,2.8606650592808304e-07,0.0
23.95,0.004680851,5.7867918244202646e-05,9.645082411492033e-07,2.4296705711052796e-05,5.87537794947188e-98,9.22091062565133e-212,2.8378394334605866e-44,4.605729087501285e-71,1.338492323521545e-81,7.357412488410248e-144,5.7409028429515785e-118,5.594043945288855e-89,6.460391245984855e-39,3.235909364121487e-05,2.476106507857745e-07,0.0
23.966666666666665,0.004680851,5.6492912567845035e-05,9.566853660528012e-07,2.4111443285383115e-05,4.77930324820602e-98,5.762544756212516e-212,2.5351999283849113e-44,3.814486121540395e-71,1.0680969946365251e-81,4.790412322240052e-144,3.8763957584818204e-118,4.060887534323352e-89,4.8833105426909045e-39,3.1210510513993954e-05,2.142734024151642e-07,0.0
23.98333333333333,0.004680851,5.516430710164708e-05,9.489257973358672e-07,2.3927579871029506e-05,3.887686771901691e-98,3.601262551632785e-212,2.264826611911145e-44,3.159153895261608e-71,8.52321080018888e-82,3.118999807067447e-144,2.6173969806271736e-118,2.947873585417685e-89,3.6910089024958967e-39,3.0102420467628428e-05,1.853809656532808e-07,0.0
24.0,0.0,5.3880089164646755e-05,9.412290240671537e-07,2.3745105030802595e-05,3.162393077266831e-98,2.2505840316285663e-212,2.0232803275974772e-44,2.616390873053586e-71,6.801324559000049e-82,2.0307313523940377e-144,1.7672772045353219e-118,2.1398807613652372e-89,2.7896594715996103e-39,2.903340797039436e-05,1.6034713938264433e-07,0.0
24.016666666666666,0.0,5.263837147431138e-05,9.335945394256769e-07,2.3564008404170294e-05,2.572399060565093e-98,1.406486785161047e-212,1.8074883872197916e-44,2.1668635966122835e-71,5.427271007817692e-82,1.3221608287342812e-144,1.1932552721510941e-118,1.5533278797757488e-89,2.1083017410621192e-39,2.8002106440296647e-05,1.38662090418766e-07,0.0
24.03333333333333,0.0,5.143738066640747e-05,9.260218406677762e-07,2.3384279706706288e-05,2.092467616226479e-98,8.789740503689685e-213,1.6147055317728412e-44,1.7945585508986398e-71,4.3307913461984786e-82,8.608169251519783e-145,8.056671792467468e-119,1.1275337852821094e-89,1.5932720525375398e-39,2.700719657640049e-05,1.198825426329159e-07,0.0
24.05,0.0,5.0275447110897665e-05,9.185104290944413e-07,2.3205908729542514e-05,1.702068614184126e-98,5.493086352477152e-213,1.4424790500148624e-44,1.4862121544785066e-71,3.455817190081121e-82,5.604437360400323e-145,5.439658332022262e-119,8.184438195726857e-90,1.2039898539743549e-39,2.604740474594416e-05,1.0362320631654232e-07,0.0
24.066666666666663,0.0,4.915099586819739e-05,9.110598100189172e-07,2.3028885338825682e-05,1.3845010835939043e-98,3.432865386404536e-213,1.288617611918059e-44,1.2308386004562773e-71,2.757604722856403e-82,3.6487824046015156e-145,3.672664261640677e-119,5.940747380905756e-90,9.097698802982636e-40,2.5121501425417706e-05,8.95492939350855e-08,0.0
24.08333333333333,0.0,4.806253864883917e-05,9.036694927345282e-07,2.285319947517697e-05,1.1261790873670092e-98,2.145344770628141e-213,1.1511634214984049e-44,1.0193387532487213e-71,2.20044757492544e-82,2.375519752610149e-145,2.4796164455865974e-119,4.3120741280933105e-90,6.8741062456046556e-40,2.4228299693849353e-05,7.73699870783224e-08,0.0
24.1,0.0,4.70086666561164e-05,8.96338990482799e-07,2.267884115315619e-05,9.160507661738279e-99,1.3407178556766902e-213,1.0283673355994283e-44,8.441761885636747e-72,1.75585157346491e-82,1.5465503895952139e-145,1.6741003059730645e-119,3.1298555277487605e-90,5.193701708725549e-40,2.336665377660476e-05,6.683273587264808e-08,0.0
24.116666666666667,0.0,4.598804420582465e-05,8.89067820421809e-07,2.250580046072952e-05,7.451257209549723e-99,8.37871977397273e-214,9.186666328219505e-45,6.991088515558649e-72,1.401078098398651e-82,1.006848815313818e-145,1.1302438382315829e-119,2.2717227303091374e-90,3.923864130184392e-40,2.2535457638045176e-05,5.7718286628146365e-08,0.0
24.133333333333333,0.0,4.499940303005705e-05,8.818555035947967e-07,2.2334067558740442e-05,6.060905325485549e-99,5.23622033705899e-214,8.206651504091064e-45,5.789667860583456e-72,1.1179816114734083e-82,6.554796665452984e-146,7.630562271210465e-120,1.648843109832042e-90,2.9643346515837413e-40,2.1733643621447835e-05,4.983634627397527e-08,0.0
24.15,0.0,4.4041537183319576e-05,8.747015648990253e-07,2.2163632680385097e-05,4.929959835462538e-99,3.272337849606495e-214,7.331155369359844e-45,4.79468026322511e-72,8.920819544216811e-83,4.267258664732277e-146,5.1515114577850096e-120,1.1967304481524164e-90,2.2393239700558435e-40,2.0960181134647316e-05,4.302180338814436e-08,0.0
24.166666666666668,0.0,4.3113298479169276e-05,8.676055330548908e-07,2.1994486130690874e-05,4.010026118017356e-99,2.0450236430933853e-214,6.549033954938259e-45,3.9706610006063137e-72,7.118240069537508e-83,2.778008113716525e-146,3.477815602925822e-120,8.68573076817751e-91,1.6915434999675987e-40,2.0214075379894448e-05,3.7131435529063806e-08,0.0
24.183333333333334,0.0,4.2213592394344086e-05,8.605669405752774e-07,2.1826618285998934e-05,3.2617371803972947e-99,1.2780225191789259e-214,5.850331160463209e-45,3.288237160216936e-72,5.679868683330217e-83,1.80847645479347e-146,2.3478600224355914e-120,6.303901522181001e-91,1.2776916910312538e-40,1.949436612648582e-05,3.204104128405514e-08,0.0
24.2,0.004680851,4.134137438504461e-05,8.535853237351569e-07,2.1660019593450024e-05,2.653069782406902e-99,7.98690749623564e-215,5.22615217067198e-45,2.7230814080213866e-72,4.5321236645299945e-83,1.1772996855344855e-146,1.58500864116616e-120,4.5751520245800687e-91,9.650409497363949e-41,1.8800126524755767e-05,2.7642943103660825e-08,0.0
24.216666666666665,0.004680851,4.0495646566803736e-05,8.466602225414337e-07,2.1494680570474062e-05,2.1579746155801348e-99,4.991358663076544e-215,4.6685503572169425e-45,2.255045412096184e-72,3.616287958761246e-83,7.664009406431147e-147,1.0700026833716488e-120,3.3204329134815725e-91,7.288569486396084e-41,1.8130461960073904e-05,2.3843813714340344e-08,0.0
24.23333333333333,0.004680851,3.96754547153208e-05,8.397911807030195e-07,2.1330591804283514e-05,1.7552619695369256e-99,3.119312437466682e-215,4.170426229668042e-45,1.867442076884431e-72,2.8855065265411438e-83,4.9890731775149793e-147,7.223237826790027e-121,2.4097776955542295e-91,5.504474339514511e-41,1.7484508945528568e-05,2.056278480569363e-08,0.0
24.25,0.004680851,3.887988555086152e-05,8.329777456011654e-07,2.116774395136993e-05,1.4276952387203626e-99,1.9493909751447322e-215,3.7254371523820915e-45,1.5464510380335598e-72,2.302390175013616e-83,3.2477199613390487e-147,4.876102118930259e-121,1.7488491829561896e-91,4.156870665258594e-41,1.6861434052021152e-05,1.772980186927588e-08,0.0
24.266666666666666,0.004680851,3.81080642734126e-05,8.262194682600176e-07,2.1006127737004353e-05,1.161253507708088e-99,1.2182572394926608e-215,3.327916680556078e-45,1.2806262538860767e-72,1.8371033842460207e-83,2.114132208245594e-147,3.291603506757497e-121,1.2691731120288611e-91,3.139022230394423e-41,1.6260432874537786e-05,1.5284193610442714e-08,0.0
24.28333333333333,0.004680851,3.73591523197974e-05,8.195159033174067e-07,2.0845733954740918e-05,9.44531681607837e-100,7.613406631973803e-216,2.972802490882525e-45,1.0604881629658619e-72,1.465838375638427e-83,1.3761969462976986e-147,2.2219593105182223e-121,9.210485253732546e-92,2.3702797066338177e-41,1.5680729033400294e-05,1.3173428338783874e-08,0.0
24.3,0.009361702,3.663234531749605e-05,8.128666089958706e-07,2.0686553465924165e-05,7.682525085544494e-100,4.757940720638832e-216,2.655571991326233e-45,8.78185886449503e-73,1.1695974114203164e-83,8.958265464080344e-148,1.4998870787621146e-121,6.684013568842035e-92,1.789708257447044e-41,1.5121573209342022e-05,1.1352033233993072e-08,0.0
24.316666666666663,0.009361702,3.592687121300282e-05,8.062711470739284e-07,2.0528577199199878e-05,6.248696253092875e-100,2.9734387933212e-216,2.3721847920291258e-45,7.27217447641557e-73,9.332210691247733e-84,5.8312568139979445e-148,1.012453107995611e-121,4.8504866624069975e-92,1.3512709185218824e-41,1.458224221128705e-05,9.780655441958885e-09,0.0
24.33333333333333,0.009361702,3.524198855526615e-05,7.997290828575469e-07,2.0371796150028894e-05,5.082446488762544e-100,1.858227809212978e-216,2.119031306456334e-45,6.021980455640211e-73,7.446128082905942e-84,3.7957300963112656e-148,6.834160583852444e-122,3.519869037568142e-92,1.0201881400146919e-41,1.4062038075746662e-05,8.42524663305232e-09,0.0
24.35,0.009361702,3.457698491714146e-05,7.932399851518676e-07,2.021620138020491e-05,4.1338450321811605e-100,1.1612851777411493e-216,1.8928868297380302e-45,4.986681303591726e-73,5.941201808786701e-84,2.4707192785868975e-148,4.6130627600437126e-122,2.5542353553291752e-92,7.701864418287831e-42,1.356028719678729e-05,7.256354997386806e-09,0.0
24.366666666666667,0.0140425535,3.3931175439861204e-05,7.868034262331474e-07,2.0061784017375554e-05,3.3622774589963803e-100,7.257361998317883e-217,1.690870510703695e-45,4.1293444514103803e-73,4.740410447144456e-84,1.6082235663900273e-148,3.113776843860934e-122,1.8534827702435484e-92,5.81419150233283e-42,1.3076339485551451e-05,6.248510701051798e-09,0.0
24.383333333333333,0.0140425535,3.330390148735413e-05,7.804189818209144e-07,1.990853525456627e-05,2.734707548962852e-100,4.535432058073907e-217,1.5104086962534433e-45,3.419383726146011e-73,3.7822952988887943e-84,1.0468016258861843e-148,2.101742753581229e-122,1.344960242102565e-92,4.388951322343342e-42,1.2609567558347902e-05,5.379692619047307e-09,0.0
24.4,0.0140425535,0.00738086014563543,7.740862310503606e-07,1.975644634970825e-05,2.2242634045256327e-100,2.8343829084194644e-217,1.3492021822391027e-45,2.831468969691718e-73,3.0178160803382004e-84,6.813610687532711e-149,1.4186184392257764e-122,9.759411036467952e-93,3.312914819677275e-42,1.2159365952362694e-05,4.630865726542178e-09,0.007348165616236583
24.416666666666668,0.0140425535,0.013731772736147866,7.678047564449461e-07,1.960550862516934e-05,1.8090873361653324e-100,1.7713254045638636e-217,1.2051969546400309e-45,2.344622968270146e-73,2.4078418436568734e-84,4.434914117393211e-149,9.575150855200788e-123,7.0815945819570296e-93,2.5005638708086327e-42,1.1725150368067912e-05,3.985579898019574e-09,0.013699670286818287
24.433333333333334,0.0140425535,0.015907606597407867,7.615741438892259e-07,1.945571346728838e-05,1.471400311995851e-100,1.1069758801888011e-217,1.0765580491536391e-45,1.9414735204564426e-73,1.9211488037264776e-84,2.886609893656564e-149,6.462784086278861e-123,5.138446218709763e-93,1.887312924873322e-42,1.1306356937438732e-05,3.4296220584421042e-09,0.01587607952323719
24.45,0.018723404,0.01717315148191196,7.553939826018909e-07,1.9307052325912595e-05,1.1967409463938936e-100,6.91795831713868e-218,9.616461969306285e-46,1.6076339966366216e-73,1.5328226700303038e-84,1.8788234494768704e-149,4.362020289058845e-123,3.7284291366295545e-93,1.4243878414248524e-42,1.0902441517115313e-05,2.9507146732849418e-09,0.017142183643371656
24.466666666666665,0.018723404,0.017988075176844545,7.492638651090253e-07,1.9159516713938476e-05,9.73346468126375e-101,4.3233231626726787e-218,8.589969595797228e-46,1.3311903190718866e-73,1.222983766803175e-84,1.2228659537858262e-149,2.944080920892284e-123,2.705286784170062e-93,1.0749569816522762e-42,1.0512879005677562e-05,2.5382544741221407e-09,0.017957650979005348
24.48333333333333,0.018723404,0.018526606633505176,7.431833872175797e-07,1.9013098206855838e-05,7.916491817299795e-101,2.701826359926435e-218,7.673020881898991e-46,1.1022760822247768e-73,9.757697314947778e-85,7.959151156928546e-150,1.9870365070452976e-123,1.9628815180727002e-93,8.112085047950357e-43,1.0137162684224243e-05,2.1830861100172736e-09,0.018496711006140767
24.5,0.018723404,0.018876584083337773,7.371521479890468e-07,1.8867788442294997e-05,6.438668764429235e-101,1.6884847610747627e-218,6.853928693759994e-46,9.127206726066654e-74,7.785237542922424e-85,5.180237600437164e-150,1.3410840780126733e-123,1.4241909944694159e-93,6.121425794909019e-43,9.774803579476642e-06,1.877306106879241e-09,0.018847202461861903
24.516666666666666,0.018723404,0.019089537819175162,7.311697497133671e-07,1.8723579119577238e-05,5.2366965605390143e-101,1.0552049806128335e-218,6.122252466001691e-46,7.557578478768239e-74,6.211468334180947e-85,3.3715347979745577e-150,9.051076544539966e-124,1.0333222393438557e-93,4.619037265880872e-43,9.425329848651765e-06,1.6140931199864382e-09,0.0190606561263641
24.53333333333333,0.018723404,0.019198726710766105,7.252357978830176e-07,1.8580461999268386e-05,4.259089324573694e-101,6.594418354959034e-219,5.4686652758050656e-46,6.25784388823408e-74,4.9558090955818904e-85,2.1943235475925458e-150,6.108555933202828e-124,7.497159086701181e-94,3.4852121890072554e-43,9.088286185373466e-06,1.3875609902824164e-09,0.01917033133922259
24.55,0.018723404,0.019227077072443633,7.193499011673254e-07,1.8438428902735524e-05,3.463969853126251e-101,4.121128298192434e-219,4.884835087542343e-46,5.1816022186822396e-74,3.9539643693829576e-85,1.428133289210274e-150,4.122597849206133e-124,5.439401322326469e-94,2.6295774181676973e-43,8.763233245916534e-06,1.1926315726413695e-09,0.01919915486776224
24.566666666666663,0.018723404,0.019191169875890188,7.135116713869829e-07,1.8297471711707006e-05,2.8172765371570182e-101,2.57546558439426e-219,4.36331865771891e-46,4.29042887361913e-74,3.154632905073773e-85,9.2946254651175e-151,2.7822586714253367e-124,3.946380181878261e-94,1.983909125679646e-43,8.449747095099235e-06,1.0249247026952033e-09,0.019163708120487292
24.58333333333333,0.018723404,0.019103441686657834,7.07720723488757e-07,1.8157582367835114e-05,2.291304857474328e-101,1.6095161651735066e-219,3.897466750895088e-46,3.5525045279342915e-74,2.5168817152864623e-85,6.04909116476203e-151,1.877665238420231e-124,2.8631242834132374e-94,1.4967069023349595e-43,8.147418671162567e-06,8.806630155515835e-10,0.019076428084232332
24.6,0.018723404,0.01897348948264823,7.019766755204149e-07,1.8018752872262376e-05,1.8635210341924887e-101,1.005853916531023e-219,3.4813394610385532e-46,2.941479836969193e-74,2.0080507559092965e-85,3.9368009798727684e-151,1.267164423438948e-124,2.0771839401712836e-94,1.1290963838022338e-43,7.855853268998855e-06,7.565896314091714e-10,0.018946912143241817
24.616666666666667,0.018723404,0.01880888879537954,6.962791486058479e-07,1.7880975285190703e-05,1.515597051365152e-101,6.286001149461495e-220,3.109630561201749e-46,2.4355352459876678e-74,1.6020810157267867e-85,2.562075339679117e-151,8.551492797977623e-125,1.5069651382109982e-94,8.517352771767238e-44,7.574670041109732e-06,6.498969854551272e-10,0.018782736221007647
24.633333333333333,0.018723404,0.01861573043927364,6.906277669203708e-07,1.7744241725453278e-05,1.2326257515006273e-101,3.928384396477133e-220,2.777599919198389e-46,2.0166023770371216e-74,1.2781804623230035e-85,1.667383307277752e-151,5.770920207011532e-125,1.093263793218666e-94,6.424771882723519e-44,7.303501515694858e-06,5.581653075630465e-10,0.018589991510100264
24.65,0.018723404,0.018398986021519154,6.850221576662546e-07,1.7608544370089917e-05,1.0024824009183196e-101,2.4550111850583042e-220,2.4810131194989092e-46,1.669719229382202e-74,1.0197595763251537e-85,1.0851109098418668e-151,3.8944164500469167e-125,7.931224666313866e-95,4.846077346051685e-44,7.041993131295294e-06,4.793094555982854e-10,0.018373649982550647
24.666666666666668,0.018723404,0.018162764783093574,6.794619510484282e-07,1.7473875453925167e-05,8.153053955404425e-102,1.5342387569195292e-220,2.2160875231834723e-46,1.3824961996046143e-74,8.135819993178695e-86,7.061678625878347e-152,2.628051751482408e-125,5.753724760699176e-95,3.6551282164481576e-44,6.789802787430245e-06,4.115329784309103e-10,0.01813782123136819
24.683333333333334,0.018723404,0.017910498967612917,6.73946780250389e-07,1.7340227269149555e-05,6.630738759153818e-102,9.588096586402766e-221,1.9794440796539167e-46,1.1446738780281892e-74,6.490868273727164e-86,4.595543883659043e-152,1.773452863064452e-125,4.1739906675555013e-95,2.756732513456947e-44,6.5466004106873754e-06,3.5328843441948644e-10,0.017885937839864394
24.7,0.018723404,0.0176450807260993,6.684762814102889e-07,1.720759216490353e-05,5.392641681573233e-102,5.99200031856181e-221,1.7680642769451752e-46,9.477568500492852e-75,5.178478650374269e-86,2.990618711521068e-152,1.1967394707585952e-125,3.0279412284959066e-95,2.0790573569354135e-44,6.3120675357429755e-06,3.03243121090431e-10,0.01762089228687412
24.716666666666665,0.018723404,0.01736896527891484,6.630500935972333e-07,1.7075962546864623e-05,4.385703415439235e-102,3.7446500006754486e-221,1.5792516828248765e-46,7.847104407988613e-75,4.131421630522647e-86,1.9461680825194094e-152,8.075581847881646e-126,2.1965293074033524e-95,1.5678995460428574e-44,6.08589690080734e-06,2.602494845598332e-10,0.017345140109124087
24.73333333333333,0.0140425535,0.017084250034768815,6.576678587877534e-07,1.6945330876837357e-05,3.566769180747402e-102,2.3401872713834066e-221,1.4105975872528655e-46,6.49709585874503e-75,3.296057554852636e-86,1.2664697672311687e-152,5.449319700552513e-126,1.593382975849525e-95,1.1823607651262476e-44,5.867792057005652e-06,2.2331957515660755e-10,0.01706077902065661
24.75,0.0140425535,0.01679273622499023,6.523292218424719e-07,1.681568967234611e-05,2.9007400180615055e-102,1.4624801172421256e-221,1.259950308937864e-46,5.379308696218218e-75,2.6295897447557812e-86,8.241466550957454e-153,3.6770964625458996e-126,1.1558380016654777e-95,8.915832223394673e-45,5.6574669912220444e-06,1.9160300065501754e-10,0.01676961054750182
24.766666666666666,0.0140425535,0.016495977589398216,6.470338304829548e-07,1.668703150623093e-05,2.3590691175800377e-102,9.139644528514273e-222,1.125387775334011e-46,4.453803118457997e-75,2.0978728162121963e-86,5.363019507595769e-153,2.48120154302581e-126,8.384311547790869e-96,6.722858282481256e-45,5.454645761949965e-06,1.6436790220488924e-10,0.01647318871393165
24.78333333333333,0.0140425535,0.01619531931601431,6.417813352687477e-07,1.655934900624602e-05,1.918538793444018e-102,5.711742448204512e-222,1.0051930270588623e-46,3.6875075874779096e-75,1.673663964102589e-86,3.489871744389042e-153,1.6742232176420806e-126,6.0817911808847265e-96,5.0690468585003014e-45,5.259062147706487e-06,1.4098454193621162e-10,0.016172858982540547
24.8,0.0140425535,0.015891929536730638,6.36571389574596e-07,1.6432634854661128e-05,1.5602657282768124e-102,3.569504257667997e-222,8.978323349182363e-47,3.0530378975110905e-75,1.3352276933544943e-86,2.270935401720072e-153,1.1296892340725736e-126,4.411530395172307e-96,3.821897399039369e-45,5.070459307584297e-06,1.2091114659761419e-10,0.015869789750267673
24.816666666666663,0.009361702,0.015586825061410474,6.314036495678486e-07,1.6306881787866093e-05,1.268891886481689e-102,2.230730829358946e-222,8.019356509608912e-47,2.5277192632185997e-75,1.0652225644830938e-86,1.4777308134856318e-153,7.622526541040198e-127,3.1999319132607666e-96,2.8814573683069374e-45,4.888589453528055e-06,1.0368169958380536e-10,0.015564998082837813
24.83333333333333,0.009361702,0.015280892598548442,6.262777741860356e-07,1.61820825959775e-05,1.031926444717363e-102,1.394075874392709e-222,7.162791446814536e-47,2.0927765308513522e-75,8.498129566281928e-87,9.615704822320662e-154,5.143197951213629e-127,2.3210575354209736e-96,2.172330583306506e-45,4.7132135339354995e-06,8.889541529016633e-11,0.015259370935748928
24.85,0.009361702,0.014974906401098302,6.211934251146354e-07,1.6058230122448797e-05,8.392105544633164e-103,8.712155743359793e-223,6.397696020230733e-47,1.732663612891378e-75,6.779603697310681e-87,6.256942625274104e-154,3.470258983476393e-127,1.6835452622822188e-96,1.6376468889039212e-45,4.54410092819873e-06,7.62076657504009e-11,0.014953682800414874
24.866666666666667,0.004680851,0.01466954305216237,6.161502667650173e-07,1.593531726368293e-05,6.824820114428391e-103,5.444585555234192e-223,5.714304885334894e-47,1.4345082136268716e-75,5.408579784248792e-87,4.071350462987073e-154,2.3414500690363526e-127,1.2211174182273765e-96,1.2345120359882773e-45,4.38102915181186e-06,6.532216070155293e-11,0.01464861049015795
24.883333333333333,0.004680851,0.014365393941012982,6.111479662525445e-07,1.581333696864744e-05,5.55021185029787e-103,3.4025459574085385e-223,5.103894992063101e-47,1.1876520265072876e-75,4.314794838542012e-87,2.6491715365764787e-154,1.579800673768365e-127,8.856942179861725e-97,9.305745989616959e-46,4.223783571684356e-06,5.598420922107991e-11,0.014344745616522188
24.9,0.004680851,0.014062975857933315,6.061861933748776e-07,1.5692282238492717e-05,4.513630407600103e-103,2.1263911211183563e-223,4.558674364603355e-47,9.832699906440708e-76,3.4421916127631766e-87,1.723760636876036e-154,1.065894157781658e-127,6.423976785069928e-97,7.014358284708063e-46,4.072157131312752e-06,4.7974914449040524e-11,0.01404260518439522
24.916666666666668,0.004680851,0.01376274004468389,6.01264620590432e-07,1.557214612617271e-05,3.670629196597215e-103,1.3288693287264972e-223,4.0716827461269815e-47,8.140550149079436e-76,2.7460467039265947e-87,1.1216029300855631e-154,7.191513097084323e-128,4.6592702538331116e-97,5.286955649573251e-46,3.925950085473109e-06,4.110617312816243e-11,0.01374264064274548
24.933333333333334,0.0,0.013465079967753918,5.963829229970213e-07,1.54529217360685e-05,2.9850604047028884e-103,8.304650930263781e-224,3.6367028430411433e-47,6.73956914336858e-76,2.190679208752147e-87,7.297878333084451e-155,4.852001089942916e-128,3.3792913914720164e-97,3.984780865975531e-46,3.784969744109328e-06,3.521636918590676e-11,0.013445245658134375
24.95,0.0,0.013170338028103579,5.915407783106527e-07,1.5334602223614268e-05,2.427525635555047e-103,5.189917621845008e-224,3.248181038268017e-47,5.579662383064017e-76,1.7476225815958676e-87,4.748423219855046e-155,3.2735270746767e-128,2.4509090703319234e-97,3.003200701288056e-46,3.649030225102274e-06,3.0166665709749405e-11,0.013150762824709885
24.966666666666665,0.0,0.012878811379699703,5.867378668445152e-07,1.5217180794926202e-05,1.97411578496291e-103,3.2433926169992893e-224,2.901156563597773e-47,4.619352721293789e-76,1.3941660642295261e-87,3.089566513310539e-155,2.2085408239773128e-128,1.7775531223032805e-97,2.263317544347484e-46,3.517952215616495e-06,2.5837812746383244e-11,0.012859489482984503
24.98333333333333,0.0,0.012590756996787475,5.819738714881187e-07,1.5100650706433876e-05,1.6053861632708987e-103,2.0269291125170646e-224,2.591198228853751e-47,3.8242982058433386e-76,1.1121909815449015e-87,2.010208091384422e-155,1.490010694446217e-128,1.2891748540983314e-97,1.7056421707245356e-46,3.391562741730209e-06,2.212739966173952e-11,0.012571682787340423
25.0,0.0,0.012306396104347486,5.772484776866063e-07,1.4985005264514273e-05,1.305522950941322e-103,1.2667110949576158e-224,2.3143479018190226e-47,3.16606480648369e-76,8.87242297300556e-88,1.3079159395638163e-155,1.0052354893590769e-128,9.349640803803098e-98,1.2853214157354376e-46,3.2696949460650355e-06,1.894749056986866e-11,0.01228756413671173
