time,signal,fit_total,peak_1,peak_2,peak_3
0.0,-0.079574466,0.0,0.0,0.0,0.0
0.0166666666666666,-0.03276596,0.0,0.0,0.0,0.0
0.0333333333333333,-0.0140425535,0.0,0.0,0.0,0.0
0.05,-0.004680851,0.0,0.0,0.0,0.0
0.0666666666666666,-0.004680851,0.0,0.0,0.0,0.0
0.0833333333333333,0.0,0.0,0.0,0.0,0.0
0.1,0.0,0.0,0.0,0.0,0.0
0.1166666666666666,0.0,0.0,0.0,0.0,0.0
0.1333333333333333,0.0,0.0,0.0,0.0,0.0
0.15,0.0,0.0,0.0,0.0,0.0
0.1666666666666666,0.0,2.4711667261457738e-17,2.4711667261457738e-17,0.0,0.0
0.1833333333333333,0.0,4.957838855685903e-10,4.957838855685903e-10,0.0,0.0
0.2,0.0,5.740483966429561e-10,5.740483966429561e-10,0.0,0.0
0.2166666666666666,0.0,5.756191600369939e-10,5.756191600369939e-10,0.0,0.0
0.2333333333333333,0.0,5.441839307759012e-10,5.441839307759012e-10,0.0,0.0
0.25,0.0,4.981289969047144e-10,4.981289969047144e-10,0.0,0.0
0.2666666666666666,0.0,4.467592468238955e-10,4.467592468238955e-10,0.0,0.0
0.2833333333333333,0.0,3.950827322570988e-10,3.950827322570988e-10,0.0,0.0
0.3,0.0,3.458001088526748e-10,3.458001088526748e-10,0.0,0.0
0.3166666666666666,0.0,3.002911205224749e-10,3.002911205224749e-10,0.0,0.0
0.3333333333333333,0.0,2.5915663926330197e-10,2.5915663926330197e-10,0.0,0.0
0.35,0.0,2.2253574793855794e-10,2.2253574793855794e-10,0.0,0.0
0.3666666666666666,-0.004680851,1.9029841438631576e-10,1.9029841438631576e-10,0.0,0.0
0.3833333333333333,-0.004680851,1.621650746789791e-10,1.621650746789791e-10,0.0,0.0
0.4,-0.004680851,1.3778145659538201e-10,1.3778145659538201e-10,0.0,0.0
0.4166666666666667,-0.004680851,1.167652159911387e-10,1.167652159911387e-10,0.0,0.0
0.4333333333333333,-0.004680851,9.873450482595324e-11,9.873450482595324e-11,0.0,0.0
0.45,-0.004680851,8.332484710114696e-11,8.332484710114696e-11,0.0,0.0
0.4666666666666667,-0.004680851,7.01984335122418e-11,7.01984335122418e-11,0.0,0.0
0.4833333333333333,-0.004680851,5.904852755547858e-11,5.904852755547858e-11,0.0,0.0
0.5,-0.004680851,4.9600764849820394e-11,4.9600764849820394e-11,0.0,0.0
0.5166666666666667,-0.004680851,4.161253050841709e-11,4.161253050841709e-11,0.0,0.0
0.5333333333333333,-0.004680851,3.487120244942341e-11,3.487120244942341e-11,0.0,0.0
0.55,-0.004680851,2.919178182052844e-11,2.919178182052844e-11,0.0,0.0
0.5666666666666667,-0.004680851,2.4414251321954822e-11,2.4414251321954822e-11,0.0,0.0
0.5833333333333334,-0.004680851,2.0400879846048514e-11,2.0400879846048514e-11,0.0,0.0
0.6,-0.004680851,1.7033608895096623e-11,1.7033608895096623e-11,0.0,0.0
0.6166666666666667,-0.004680851,1.421160025102123e-11,1.421160025102123e-11,0.0,0.0
0.6333333333333333,-0.004680851,1.1848986924010906e-11,1.1848986924010906e-11,0.0,0.0
0.65,-0.004680851,9.872844734060937e-12,9.872844734060937e-12,0.0,0.0
0.6666666666666666,-0.004680851,8.221386000264485e-12,8.221386000264485e-12,0.0,0.0
0.6833333333333333,-0.004680851,6.842366966015357e-12,6.842366966015357e-12,0.0,0.0
0.7,-0.004680851,5.691694850762102e-12,5.691694850762102e-12,0.0,0.0
0.7166666666666667,-0.004680851,4.732217448967434e-12,4.732217448967434e-12,0.0,0.0
0.7333333333333333,-0.004680851,3.932677059104326e-12,3.932677059104326e-12,0.0,0.0
0.75,-0.004680851,3.266810569542647e-12,3.266810569542647e-12,0.0,0.0
0.7666666666666667,-0.004680851,2.7125783043751674e-12,2.7125783043751674e-12,0.0,0.0
0.7833333333333333,-0.004680851,2.2515054323286843e-12,2.2515054323286843e-12,0.0,0.0
0.8,-0.004680851,1.8681211572734215e-12,1.8681211572734215e-12,0.0,0.0
0.8166666666666667,-0.004680851,1.549482400899737e-12,1.549482400899737e-12,0.0,0.0
0.8333333333333334,-0.004680851,1.2847701673428659e-12,1.2847701673428659e-12,0.0,0.0
0.85,-0.004680851,1.0649481904852944e-12,1.0649481904852944e-12,0.0,0.0
0.8666666666666667,-0.004680851,8.824747754311341e-13,8.824747754311341e-13,0.0,0.0
0.8833333333333333,-0.009361702,7.310599402711992e-13,7.310599402711992e-13,0.0,0.0
0.9,-0.009361702,6.054610374148422e-13,6.054610374148422e-13,0.0,0.0
0.9166666666666666,-0.009361702,5.013109870082775e-13,5.013109870082775e-13,0.0,0.0
0.9333333333333332,-0.009361702,4.1497409409755817e-13,4.1497409409755817e-13,0.0,0.0
0.95,-0.009361702,3.4342515447952063e-13,3.4342515447952063e-13,0.0,0.0
0.9666666666666668,-0.009361702,2.8414819107480705e-13,2.8414819107480705e-13,0.0,0.0
0.9833333333333332,-0.009361702,2.350517129945979e-13,2.350517129945979e-13,0.0,0.0
1.0,-0.009361702,1.9439786294613203e-13,1.9439786294613203e-13,0.0,0.0
1.0166666666666666,-0.004680851,1.6074322443719533e-13,1.6074322443719533e-13,0.0,0.0
1.0333333333333334,-0.004680851,1.328894069296898e-13,1.328894069296898e-13,0.0,0.0
1.05,-0.004680851,1.0984182242467993e-13,1.0984182242467993e-13,0.0,0.0
1.0666666666666669,-0.004680851,9.077531790896009e-14,9.077531790896009e-14,0.0,0.0
1.0833333333333333,-0.009361702,7.500554084888656e-14,7.500554084888656e-14,0.0,0.0
1.1,-0.009361702,6.196509493213319e-14,6.196509493213319e-14,0.0,0.0
1.1166666666666667,-0.009361702,5.1183695296745384e-14,5.1183695296745384e-14,0.0,0.0
1.1333333333333333,-0.009361702,4.227166068865415e-14,4.227166068865415e-14,0.0,0.0
1.15,-0.009361702,3.4906187931847723e-14,3.4906187931847723e-14,0.0,0.0
1.1666666666666667,-0.009361702,2.881994485920943e-14,2.881994485920943e-14,0.0,0.0
1.1833333333333331,-0.009361702,2.379159407733115e-14,2.379159407733115e-14,0.0,0.0
1.2,-0.009361702,1.96379238823135e-14,1.96379238823135e-14,0.0,0.0
1.2166666666666666,-0.009361702,1.620731622914481e-14,1.620731622914481e-14,0.0,0.0
1.2333333333333334,-0.009361702,1.3374326519823331e-14,1.3374326519823331e-14,0.0,0.0
1.25,-0.009361702,1.1035187501862967e-14,1.1035187501862967e-14,0.0,0.0
1.2666666666666666,-0.009361702,9.104080933150057e-15,9.104080933150057e-15,0.0,0.0
1.2833333333333334,-0.009361702,7.510046863265777e-15,7.510046863265777e-15,0.0,0.0
1.3,-0.009361702,6.194422242111277e-15,6.194422242111277e-15,0.0,0.0
1.3166666666666669,-0.009361702,5.108718798806468e-15,5.108718798806468e-15,0.0,0.0
1.3333333333333333,-0.0140425535,4.212865330254613e-15,4.212865330254613e-15,0.0,0.0
1.35,-0.009361702,3.4737521975729413e-15,3.4737521975729413e-15,0.0,0.0
1.3666666666666667,-0.0140425535,2.8640263677836803e-15,2.8640263677836803e-15,0.0,0.0
1.3833333333333333,-0.0140425535,2.3610941081415178e-15,2.3610941081415178e-15,0.0,0.0
1.4,-0.0140425535,1.9462957347117053e-15,1.9462957347117053e-15,0.0,0.0
1.4166666666666667,-0.0140425535,1.6042228808578883e-15,1.6042228808578883e-15,0.0,0.0
1.4333333333333331,-0.0140425535,1.3221537904492917e-15,1.3221537904492917e-15,0.0,0.0
1.45,-0.0140425535,1.0895863263577305e-15,1.0895863263577305e-15,0.0,0.0
1.4666666666666666,-0.0140425535,8.978518603609489e-16,8.978518603609489e-16,0.0,0.0
1.4833333333333334,-0.0140425535,7.397960953412136e-16,7.397960953412136e-16,0.0,0.0
1.5,-0.0140425535,6.095152642495595e-16,6.095152642495595e-16,0.0,0.0
1.5166666666666666,-0.0140425535,5.021381356690584e-16,5.021381356690584e-16,0.0,0.0
1.5333333333333334,-0.0140425535,4.136459020536311e-16,4.136459020536311e-16,0.0,0.0
1.55,-0.0140425535,3.4072339135358224e-16,3.4072339135358224e-16,0.0,0.0
1.5666666666666669,-0.0140425535,2.806361736109138e-16,2.806361736109138e-16,0.0,0.0
1.5833333333333333,-0.0140425535,2.311290710014258e-16,2.311290710014258e-16,0.0,0.0
1.6,-0.0140425535,1.9034235578443633e-16,1.9034235578443633e-16,0.0,0.0
1.6166666666666667,-0.0140425535,1.567425631684017e-16,1.567425631684017e-16,0.0,0.0
1.6333333333333333,-0.0140425535,1.290653780280416e-16,1.290653780280416e-16,0.0,0.0
1.65,-0.0140425535,1.0626849465785092e-16,1.0626849465785092e-16,0.0,0.0
1.6666666666666667,-0.0140425535,8.749271303744964e-17,8.749271303744964e-17,0.0,0.0
1.6833333333333331,-0.0140425535,7.202983645719793e-17,7.202983645719793e-17,0.0,0.0
1.7,-0.0140425535,5.929618462313093e-17,5.929618462313093e-17,0.0,0.0
1.7166666666666666,-0.0140425535,4.881074249536572e-17,4.881074249536572e-17,0.0,0.0
1.7333333333333334,-0.0140425535,4.0177135545620525e-17,4.0177135545620525e-17,0.0,0.0
1.75,-0.0140425535,3.306876300556025e-17,3.306876300556025e-17,0.0,0.0
1.7666666666666666,-0.018723404,2.7216537119562013e-17,2.7216537119562013e-17,0.0,0.0
1.7833333333333334,-0.018723404,2.2398772637928416e-17,2.2398772637928416e-17,0.0,0.0
1.8,-0.0140425535,1.843285028740847e-17,1.843285028740847e-17,0.0,0.0
1.8166666666666669,-0.0140425535,1.5168343630580915e-17,1.5168343630580915e-17,0.0,0.0
1.8333333333333333,-0.0140425535,1.2481352970369627e-17,1.2481352970369627e-17,0.0,0.0
1.85,-0.0140425535,1.0269834753318368e-17,1.0269834753318368e-17,0.0,0.0
1.8666666666666667,-0.0140425535,8.449751915288358e-18,8.449751915288358e-18,0.0,0.0
1.8833333333333333,-0.0140425535,6.951901152371328e-18,6.951901152371328e-18,0.0,0.0
1.9,-0.0140425535,5.719298309653094e-18,5.719298309653094e-18,0.0,0.0
1.9166666666666667,-0.0140425535,4.705023888286173e-18,4.705023888286173e-18,0.0,0.0
1.9333333333333331,-0.0140425535,3.8704478436294995e-18,3.8704478436294995e-18,0.0,0.0
1.95,-0.0140425535,3.1837670174372637e-18,3.1837670174372637e-18,0.0,0.0
1.9666666666666663,-0.0140425535,2.6188002386664282e-18,2.6188002386664282e-18,0.0,0.0
1.9833333333333332,-0.0140425535,2.1539957728628434e-18,2.1539957728628434e-18,0.0,0.0
2.0,-0.0140425535,1.7716137565057606e-18,1.7716137565057606e-18,0.0,0.0
2.0166666666666666,-0.0140425535,1.4570528151697312e-18,1.4570528151697312e-18,0.0,0.0
2.033333333333333,-0.0140425535,1.1982954765454996e-18,1.1982954765454996e-18,0.0,0.0
2.05,-0.0140425535,9.854514524147162e-19,9.854514524147162e-19,0.0,0.0
2.066666666666667,-0.0140425535,8.103815436770716e-19,8.103815436770716e-19,0.0,0.0
2.083333333333333,-0.0140425535,6.66387956574574e-19,6.66387956574574e-19,0.0,0.0
2.1,-0.0140425535,5.4795931949471e-19,5.4795931949471e-19,0.0,0.0
2.1166666666666667,-0.0140425535,4.505607515391513e-19,4.505607515391513e-19,0.0,0.0
2.1333333333333333,-0.0140425535,3.7046103346587405e-19,3.7046103346587405e-19,0.0,0.0
2.15,-0.0140425535,3.0459033222110395e-19,3.0459033222110395e-19,0.0,0.0
2.1666666666666665,-0.0140425535,2.5042308451496675e-19,2.5042308451496675e-19,0.0,0.0
2.183333333333333,-0.0140425535,2.058815960197401e-19,2.058815960197401e-19,0.0,0.0
2.2,-0.0140425535,1.692566964604592e-19,1.692566964604592e-19,0.0,0.0
2.216666666666667,-0.0140425535,1.391424365479734e-19,1.391424365479734e-19,0.0,0.0
2.2333333333333334,-0.0140425535,1.143823446374224e-19,1.143823446374224e-19,0.0,0.0
2.25,-0.0140425535,9.402519918609524e-20,9.402519918609524e-20,0.0,0.0
2.2666666666666666,-0.0140425535,7.728863402706756e-20,7.728863402706756e-20,0.0,0.0
2.283333333333333,-0.0140425535,6.352919076582441e-20,6.352919076582441e-20,0.0,0.0
2.3,-0.0140425535,5.221767745380329e-20,5.221767745380329e-20,0.0,0.0
2.316666666666667,-0.0140425535,4.291889433319148e-20,4.291889433319148e-20,0.0,0.0
2.333333333333333,-0.0140425535,3.5274953494511895e-20,3.5274953494511895e-20,0.0,0.0
2.35,-0.0140425535,2.8991556016450114e-20,2.8991556016450114e-20,0.0,0.0
2.3666666666666667,-0.018723404,2.382670273575612e-20,2.382670273575612e-20,0.0,0.0
2.3833333333333333,-0.018723404,1.9581407483484772e-20,1.9581407483484772e-20,0.0,0.0
2.4,-0.018723404,1.6092057931763127e-20,1.6092057931763127e-20,0.0,0.0
2.4166666666666665,-0.018723404,1.3224132013749493e-20,1.3224132013749493e-20,0.0,0.0
2.433333333333333,-0.018723404,1.0867029590097876e-20,1.0867029590097876e-20,0.0,0.0
2.45,-0.018723404,8.929821599726642e-21,8.929821599726642e-21,0.0,0.0
2.466666666666667,-0.018723404,7.337753966753108e-21,7.337753966753108e-21,0.0,0.0
2.4833333333333334,-0.018723404,6.029372369765667e-21,6.029372369765667e-21,0.0,0.0
2.5,-0.018723404,4.954157710019286e-21,4.954157710019286e-21,0.0,0.0
2.5166666666666666,-0.018723404,4.070581644049403e-21,4.070581644049403e-21,0.0,0.0
2.533333333333333,-0.018723404,3.3445076166555685e-21,3.3445076166555685e-21,0.0,0.0
2.55,-0.018723404,2.7478760540092153e-21,2.7478760540092153e-21,0.0,0.0
2.566666666666667,-0.018723404,2.25762325749096e-21,2.25762325749096e-21,0.0,0.0
2.583333333333333,-0.018723404,1.8547924914429807e-21,1.8547924914429807e-21,0.0,0.0
2.6,-0.023404256,1.5238031236987008e-21,1.5238031236987008e-21,0.0,0.0
2.6166666666666667,-0.023404256,1.2518497375325835e-21,1.2518497375325835e-21,0.0,0.0
2.6333333333333333,-0.023404256,1.0284081188521072e-21,1.0284081188521072e-21,0.0,0.0
2.65,-0.023404256,8.448291234135762e-22,8.448291234135762e-22,0.0,0.0
2.6666666666666665,-0.023404256,6.940048022634637e-22,6.940048022634637e-22,0.0,0.0
2.683333333333333,-0.023404256,5.700939384397847e-22,5.700939384397847e-22,0.0,0.0
2.7,-0.023404256,4.682964303295886e-22,4.682964303295886e-22,0.0,0.0
2.716666666666667,-0.023404256,3.8466783429294793e-22,3.8466783429294793e-22,0.0,0.0
2.7333333333333334,-0.023404256,3.159669230859321e-22,3.159669230859321e-22,0.0,0.0
2.75,-0.023404256,2.5953038636829553e-22,2.5953038636829553e-22,0.0,0.0
2.7666666666666666,-0.023404256,2.1316984381090613e-22,2.1316984381090613e-22,0.0,0.0
2.783333333333333,-0.023404256,1.750872000459034e-22,1.750872000459034e-22,0.0,0.0
2.8,-0.018723404,1.4380507685503999e-22,1.4380507685503999e-22,0.0,0.0
2.816666666666667,-0.018723404,1.1810963865589028e-22,1.1810963865589028e-22,0.0,0.0
2.833333333333333,-0.018723404,9.700360480389718e-23,9.700360480389718e-23,0.0,0.0
2.85,-0.018723404,7.966763480988868e-23,7.966763480988868e-23,0.0,0.0
2.8666666666666667,-0.018723404,6.542859535449808e-23,6.542859535449808e-23,0.0,0.0
2.8833333333333333,-0.018723404,5.373348336354743e-23,5.373348336354743e-23,0.0,0.0
2.9,-0.018723404,4.4127997591666974e-23,4.4127997591666974e-23,0.0,0.0
2.9166666666666665,-0.018723404,3.62389305334523e-23,3.62389305334523e-23,0.0,0.0
2.933333333333333,-0.018723404,2.975969994143475e-23,2.975969994143475e-23,0.0,0.0
2.95,-0.018723404,2.4438460451369172e-23,2.4438460451369172e-23,0.0,0.0
2.966666666666667,-0.018723404,2.0068335463552134e-23,2.0068335463552134e-23,0.0,0.0
2.9833333333333334,-0.018723404,1.6479391340616268e-23,1.6479391340616268e-23,0.0,0.0
3.0,-0.018723404,1.3532043312339214e-23,1.3532043312339214e-23,0.0,0.0
3.0166666666666666,-0.018723404,1.111163782050772e-23,1.111163782050772e-23,0.0,0.0
3.033333333333333,-0.018723404,9.124001524687061e-24,9.124001524687061e-24,0.0,0.0
3.05,-0.018723404,7.491784576554002e-24,7.491784576554002e-24,0.0,0.0
3.066666666666667,-0.018723404,6.1514564980491954e-24,6.1514564980491954e-24,0.0,0.0
3.083333333333333,-0.018723404,5.050838252389131e-24,5.050838252389131e-24,0.0,0.0
3.1,-0.018723404,4.147074851444145e-24,4.147074851444145e-24,0.0,0.0
3.1166666666666667,-0.018723404,3.404969899279762e-24,3.404969899279762e-24,0.0,0.0
3.1333333333333333,-0.018723404,2.795617488343998e-24,2.795617488343998e-24,0.0,0.0
3.15,-0.018723404,2.295278383240222e-24,2.295278383240222e-24,0.0,0.0
3.1666666666666665,-0.018723404,1.884456892259214e-24,1.884456892259214e-24,0.0,0.0
3.183333333333333,-0.018723404,1.5471426046461156e-24,1.5471426046461156e-24,0.0,0.0
3.2,-0.018723404,1.2701875626109752e-24,1.2701875626109752e-24,0.0,0.0
3.216666666666667,-0.018723404,1.042794688476479e-24,1.042794688476479e-24,0.0,0.0
3.2333333333333334,-0.018723404,8.56097602204991e-25,8.56097602204991e-25,0.0,0.0
3.25,-0.018723404,7.028155097942034e-25,7.028155097942034e-25,0.0,0.0
3.2666666666666666,-0.018723404,5.769697558682423e-25,5.769697558682423e-25,0.0,0.0
3.283333333333333,-0.018723404,4.736510269740545e-25,4.736510269740545e-25,0.0,0.0
3.3,-0.018723404,3.8882815827856665e-25,3.8882815827856665e-25,0.0,0.0
3.316666666666667,-0.018723404,3.1919111169938237e-25,3.1919111169938237e-25,0.0,0.0
3.333333333333333,-0.018723404,2.620220205644213e-25,2.620220205644213e-25,0.0,0.0
3.35,-0.018723404,2.1508928610452615e-25,2.1508928610452615e-25,0.0,0.0
3.3666666666666667,-0.018723404,1.7656060669125864e-25,1.7656060669125864e-25,0.0,0.0
3.3833333333333333,-0.018723404,1.4493155645841758e-25,1.4493155645841758e-25,0.0,0.0
3.4,-0.018723404,1.1896693431918368e-25,1.1896693431918368e-25,0.0,0.0
3.4166666666666665,-0.018723404,9.765260085098643e-26,9.765260085098643e-26,0.0,0.0
3.433333333333333,-0.023404256,8.015592832679619e-26,8.015592832679619e-26,0.0,0.0
3.45,-0.023404256,6.57933241484574e-26,6.57933241484574e-26,0.0,0.0
3.466666666666667,-0.023404256,5.400356308548841e-26,5.400356308548841e-26,0.0,0.0
3.4833333333333334,-0.023404256,4.432588972279301e-26,4.432588972279301e-26,0.0,0.0
3.5,-0.023404256,3.638203814795919e-26,3.638203814795919e-26,0.0,0.0
3.5166666666666666,-0.023404256,2.98614683724387e-26,2.98614683724387e-26,0.0,0.0
3.533333333333333,-0.023404256,2.4509244203288268e-26,2.4509244203288268e-26,0.0,0.0
3.55,-0.023404256,2.0116080128544154e-26,2.0116080128544154e-26,0.0,0.0
3.566666666666667,-0.023404256,1.6510169246444094e-26,1.6510169246444094e-26,0.0,0.0
3.583333333333333,-0.023404256,1.3550473639697513e-26,1.3550473639697513e-26,0.0,0.0
3.6,-0.023404256,1.1121215567804322e-26,1.1121215567804322e-26,0.0,0.0
3.6166666666666663,-0.023404256,9.127354638325384e-27,9.127354638325384e-27,0.0,0.0
3.633333333333333,-0.023404256,7.490874541705682e-27,7.490874541705682e-27,0.0,0.0
3.65,-0.023404256,6.1477344884354926e-27,6.1477344884354926e-27,0.0,0.0
3.6666666666666665,-0.023404256,5.045366399658972e-27,5.045366399658972e-27,0.0,0.0
3.683333333333333,-0.023404256,4.140620181210899e-27,4.140620181210899e-27,0.0,0.0
3.7,-0.023404256,3.398076884667072e-27,3.398076884667072e-27,0.0,0.0
3.716666666666667,-0.023404256,2.7886639075824855e-27,2.7886639075824855e-27,0.0,0.0
3.733333333333333,-0.023404256,2.2885181673389343e-27,2.2885181673389343e-27,0.0,0.0
3.75,-0.023404256,1.8780528577723098e-27,1.8780528577723098e-27,0.0,0.0
3.7666666666666666,-0.023404256,1.5411913418355565e-27,1.5411913418355565e-27,0.0,0.0
3.783333333333333,-0.023404256,1.2647382564525398e-27,1.2647382564525398e-27,0.0,0.0
3.8,-0.023404256,1.03786326159561e-27,1.03786326159561e-27,0.0,0.0
3.816666666666667,-0.023404256,8.51677263190968e-28,8.51677263190968e-28,0.0,0.0
3.8333333333333335,-0.023404256,6.98884550133636e-28,6.98884550133636e-28,0.0,0.0
3.85,-0.023404256,5.734972502326034e-28,5.734972502326034e-28,0.0,0.0
3.8666666666666663,-0.023404256,4.706009438974014e-28,4.706009438974014e-28,0.0,0.0
3.883333333333333,-0.023404256,3.8616227273776165e-28,3.8616227273776165e-28,0.0,0.0
3.9,-0.023404256,3.168710209207267e-28,3.168710209207267e-28,0.0,0.0
3.9166666666666665,-0.023404256,2.600104941169171e-28,2.600104941169171e-28,0.0,0.0
3.933333333333333,-0.023404256,2.133511267233294e-28,2.133511267233294e-28,0.0,0.0
3.95,-0.023404256,1.7506315592668277e-28,1.7506315592668277e-28,0.0,0.0
3.966666666666667,-0.023404256,1.4364494650183811e-28,1.4364494650183811e-28,0.0,0.0
3.983333333333333,-0.028085107,1.1786416211721187e-28,1.1786416211721187e-28,0.0,0.0
4.0,-0.028085107,9.670948123151102e-29,9.670948123151102e-29,0.0,0.0
4.016666666666667,-0.028085107,7.935096802634368e-29,7.935096802634368e-29,0.0,0.0
4.033333333333333,-0.028085107,6.510754733109609e-29,6.510754733109609e-29,0.0,0.0
4.05,-0.028085107,5.342031038114311e-29,5.342031038114311e-29,0.0,0.0
4.066666666666666,-0.028085107,4.383060636310024e-29,4.383060636310024e-29,0.0,0.0
4.083333333333333,-0.028085107,3.5962061953573437e-29,3.5962061953573437e-29,0.0,0.0
4.1,-0.028085107,2.9505824767465716e-29,2.9505824767465716e-29,0.0,0.0
4.116666666666666,-0.028085107,2.4208452805397257e-29,2.4208452805397257e-29,0.0,0.0
4.133333333333334,-0.028085107,1.9861975558661958e-29,1.9861975558661958e-29,0.0,0.0
4.15,-0.028085107,1.6295737443051915e-29,1.6295737443051915e-29,0.0,0.0
4.166666666666667,-0.028085107,1.3369704013457612e-29,1.3369704013457612e-29,0.0,0.0
4.183333333333334,-0.028085107,1.096896868797083e-29,1.096896868797083e-29,0.0,0.0
4.2,-0.028085107,8.999244723154557e-30,8.999244723154557e-30,0.0,0.0
4.216666666666667,-0.028085107,7.383165769998711e-30,7.383165769998711e-30,0.0,0.0
4.233333333333333,-0.028085107,6.0572500122848645e-30,6.0572500122848645e-30,0.0,0.0
4.25,-0.028085107,4.96940888472169e-30,4.96940888472169e-30,0.0,0.0
4.266666666666667,-0.028085107,4.076902704436573e-30,4.076902704436573e-30,0.0,0.0
4.283333333333333,-0.03276596,3.344663061141228e-30,3.344663061141228e-30,0.0,0.0
4.3,-0.03276596,2.7439161838951797e-30,2.7439161838951797e-30,0.0,0.0
4.316666666666666,-0.03276596,2.251053298446417e-30,2.251053298446417e-30,0.0,0.0
4.333333333333333,-0.03276596,1.84670367040921e-30,1.84670367040921e-30,0.0,0.0
4.35,-0.03276596,1.5149739750861352e-30,1.5149739750861352e-30,0.0,0.0
4.366666666666666,-0.03276596,1.2428241556756965e-30,1.2428241556756965e-30,0.0,0.0
4.383333333333334,-0.03276596,1.0195552832932974e-30,1.0195552832932974e-30,0.0,0.0
4.4,-0.028085107,8.36389324278477e-31,8.36389324278477e-31,0.0,0.0
4.416666666666667,-0.03276596,6.861243247011585e-31,6.861243247011585e-31,0.0,0.0
4.433333333333334,-0.028085107,5.6285148002053395e-31,5.6285148002053395e-31,0.0,0.0
4.45,-0.03276596,4.61722985384954e-31,4.61722985384954e-31,0.0,0.0
4.466666666666667,-0.028085107,3.7876155421248785e-31,3.7876155421248785e-31,0.0,0.0
4.483333333333333,-0.028085107,3.1070412752772513e-31,3.1070412752772513e-31,0.0,0.0
4.5,-0.03276596,2.548736381255136e-31,2.548736381255136e-31,0.0,0.0
4.516666666666667,-0.03276596,2.090737945737864e-31,2.090737945737864e-31,0.0,0.0
4.533333333333333,-0.03276596,1.7150275351353305e-31,1.7150275351353305e-31,0.0,0.0
4.55,-0.03276596,1.4068229008535634e-31,1.4068229008535634e-31,0.0,0.0
4.566666666666666,-0.03276596,1.1539968467780277e-31,1.1539968467780277e-31,0.0,0.0
4.583333333333333,-0.03276596,9.466004340957728e-32,9.466004340957728e-32,0.0,0.0
4.6,-0.03276596,7.764717940451263e-32,7.764717940451263e-32,0.0,0.0
4.616666666666666,-0.03276596,6.369151806197462e-32,6.369151806197462e-32,0.0,0.0
4.633333333333334,-0.03276596,5.224376535230589e-32,5.224376535230589e-32,0.0,0.0
4.65,-0.03276596,4.2853304497712726e-32,4.2853304497712726e-32,0.0,0.0
4.666666666666667,-0.03276596,3.5150472113771607e-32,3.5150472113771607e-32,0.0,0.0
4.683333333333334,-0.03276596,2.883201727276525e-32,2.883201727276525e-32,0.0,0.0
4.7,-0.03276596,2.36491719872958e-32,2.36491719872958e-32,0.0,0.0
4.716666666666667,-0.03276596,1.9397864208465276e-32,1.9397864208465276e-32,0.0,0.0
4.733333333333333,-0.03276596,1.5910688614233717e-32,1.5910688614233717e-32,0.0,0.0
4.75,-0.03276596,1.3050319534905678e-32,1.3050319534905678e-32,0.0,0.0
4.766666666666667,-0.037446808,1.0704107035629997e-32,1.0704107035629997e-32,0.0,0.0
4.783333333333333,-0.03276596,8.77964367545838e-33,8.77964367545838e-33,0.0,0.0
4.8,-0.037446808,7.201127614715374e-33,7.201127614715374e-33,0.0,0.0
4.816666666666666,-0.037446808,5.906379045411103e-33,5.906379045411103e-33,0.0,0.0
4.833333333333333,-0.037446808,4.844392602553101e-33,4.844392602553101e-33,0.0,0.0
4.85,-0.037446808,3.9733294862220354e-33,3.9733294862220354e-33,0.0,0.0
4.866666666666666,-0.037446808,3.258870312900252e-33,3.258870312900252e-33,0.0,0.0
4.883333333333334,-0.037446808,2.672863898939671e-33,2.672863898939671e-33,0.0,0.0
4.9,-0.037446808,2.192218816500941e-33,2.192218816500941e-33,0.0,0.0
4.916666666666667,-0.037446808,1.797994110038411e-33,1.797994110038411e-33,0.0,0.0
4.933333333333334,-0.037446808,1.4746533946187866e-33,1.4746533946187866e-33,0.0,0.0
4.95,-0.037446808,1.2094529838762847e-33,1.2094529838762847e-33,0.0,0.0
4.966666666666667,-0.037446808,9.919399677961311e-34,9.919399677961311e-34,0.0,0.0
4.983333333333333,-0.037446808,8.135404860130966e-34,8.135404860130966e-34,0.0,0.0
5.0,-0.037446808,6.672219909387292e-34,6.672219909387292e-34,0.0,0.0
5.016666666666667,-0.037446808,5.472162062949787e-34,5.472162062949787e-34,0.0,0.0
5.033333333333333,-0.037446808,4.487918749879467e-34,4.487918749879467e-34,0.0,0.0
5.05,-0.037446808,3.680683496103942e-34,3.680683496103942e-34,0.0,0.0
5.066666666666666,-0.037446808,3.018626862608394e-34,3.018626862608394e-34,0.0,0.0
5.083333333333333,-0.042127658,2.4756422102061052e-34,2.4756422102061052e-34,0.0,0.0
5.1,-0.037446808,2.0303169019910686e-34,2.0303169019910686e-34,0.0,0.0
5.116666666666666,-0.037446808,1.665088428886481e-34,1.665088428886481e-34,0.0,0.0
5.133333333333334,-0.037446808,1.3655522237051706e-34,1.3655522237051706e-34,0.0,0.0
5.15,-0.042127658,1.1198939012113178e-34,1.1198939012113178e-34,0.0,0.0
5.166666666666667,-0.042127658,9.184235607594763e-35,9.184235607594763e-35,0.0,0.0
5.183333333333334,-0.042127658,7.531938069413819e-35,7.531938069413819e-35,0.0,0.0
5.2,-0.042127658,6.176864404174449e-35,6.176864404174449e-35,0.0,0.0
5.216666666666667,-0.037446808,5.065554754806078e-35,5.065554754806078e-35,0.0,0.0
5.233333333333333,-0.037446808,4.154163593167614e-35,4.154163593167614e-35,0.0,0.0
5.25,-0.037446808,3.406730876988258e-35,3.406730876988258e-35,0.0,0.0
5.266666666666667,-0.037446808,2.7937640460424466e-35,2.7937640460424466e-35,0.0,0.0
5.283333333333333,-0.037446808,2.2910749773619542e-35,2.2910749773619542e-35,0.0,0.0
5.3,-0.037446808,1.878826063595534e-35,1.878826063595534e-35,0.0,0.0
5.316666666666666,-0.042127658,1.5407478177537638e-35,1.5407478177537638e-35,0.0,0.0
5.333333333333333,-0.042127658,1.2634971659102527e-35,1.2634971659102527e-35,0.0,0.0
5.35,-0.037446808,1.0361311330670416e-35,1.0361311330670416e-35,0.0,0.0
5.366666666666666,-0.042127658,8.496751746221026e-36,8.496751746221026e-36,0.0,0.0
5.383333333333334,-0.042127658,6.967691357680216e-36,6.967691357680216e-36,0.0,0.0
5.4,-0.042127658,5.713768805933174e-36,5.713768805933174e-36,0.0,0.0
5.416666666666667,-0.042127658,4.685481421477488e-36,4.685481421477488e-36,0.0,0.0
5.433333333333334,-0.042127658,3.842232031142505e-36,3.842232031142505e-36,0.0,0.0
5.45,-0.042127658,3.1507270508218705e-36,3.1507270508218705e-36,0.0,0.0
5.466666666666667,-0.042127658,2.583662692499415e-36,2.583662692499415e-36,0.0,0.0
5.483333333333333,-0.042127658,2.118647472559905e-36,2.118647472559905e-36,0.0,0.0
5.5,-0.042127658,1.7373185249813353e-36,1.7373185249813353e-36,0.0,0.0
5.516666666666667,-0.042127658,1.4246168645916016e-36,1.4246168645916016e-36,0.0,0.0
5.533333333333333,-0.042127658,1.1681930132494852e-36,1.1681930132494852e-36,0.0,0.0
5.55,-0.042127658,9.579195425622366e-37,9.579195425622366e-37,0.0,0.0
5.566666666666666,-0.04680851,7.854913031757758e-37,7.854913031757758e-37,0.0,0.0
5.583333333333333,-0.04680851,6.4409756894273086e-37,6.4409756894273086e-37,0.0,0.0
5.6,-0.04680851,5.2815316069538565e-37,5.2815316069538565e-37,0.0,0.0
5.616666666666666,-0.04680851,4.33077940726476e-37,4.33077940726476e-37,0.0,0.0
5.633333333333334,-0.04680851,3.551159771167369e-37,3.551159771167369e-37,0.0,0.0
5.65,-0.04680851,2.9118724196109174e-37,2.9118724196109174e-37,0.0,0.0
5.666666666666667,-0.04680851,2.3876599103226907e-37,2.3876599103226907e-37,0.0,0.0
5.683333333333334,-0.04680851,1.95781025084937e-37,1.95781025084937e-37,0.0,0.0
5.7,-0.04680851,1.605338963512098e-37,1.605338963512098e-37,0.0,0.0
5.716666666666667,-0.04680851,1.3163183185298562e-37,1.3163183185298562e-37,0.0,0.0
5.733333333333333,-0.04680851,1.0793272588043572e-37,1.0793272588043572e-37,0.0,0.0
5.75,-0.04680851,8.850003026098005e-38,8.850003026098005e-38,0.0,0.0
5.766666666666667,-0.05148936,7.256576165295259e-38,7.256576165295259e-38,0.0,0.0
5.783333333333333,-0.05148936,5.950016544937278e-38,5.950016544937278e-38,0.0,0.0
5.8,-0.05148936,4.878683860542327e-38,4.878683860542327e-38,0.0,0.0
5.816666666666666,-0.04680851,4.000232917219288e-38,4.000232917219288e-38,0.0,0.0
5.833333333333333,-0.04680851,3.279940702886349e-38,3.279940702886349e-38,0.0,0.0
5.85,-0.04680851,2.6893345227104225e-38,2.6893345227104225e-38,0.0,0.0
5.866666666666666,-0.04680851,2.2050670212696652e-38,2.2050670212696652e-38,0.0,0.0
5.883333333333334,-0.04680851,1.807993665958275e-38,1.807993665958275e-38,0.0,0.0
5.9,-0.04680851,1.48241625866234e-38,1.48241625866234e-38,0.0,0.0
5.916666666666667,-0.04680851,1.2154625981585753e-38,1.2154625981585753e-38,0.0,0.0
5.933333333333334,-0.04680851,9.965777917169616e-39,9.965777917169616e-39,0.0,0.0
5.95,-0.04680851,8.171071231853779e-39,8.171071231853779e-39,0.0,0.0
5.966666666666667,-0.04680851,6.69954000399947e-39,6.69954000399947e-39,0.0,0.0
5.983333333333333,-0.04680851,5.49299469801608e-39,5.49299469801608e-39,0.0,0.0
6.0,-0.04680851,4.5037221767958634e-39,4.5037221767958634e-39,0.0,0.0
6.016666666666667,-0.04680851,3.692599714882107e-39,3.692599714882107e-39,0.0,0.0
6.033333333333333,-0.04680851,3.027548499083175e-39,3.027548499083175e-39,0.0,0.0
6.05,-0.04680851,2.4822655130394963e-39,2.4822655130394963e-39,0.0,0.0
6.066666666666666,-0.04680851,2.0351836990016063e-39,2.0351836990016063e-39,0.0,0.0
6.083333333333333,-0.04680851,1.6686193079580715e-39,1.6686193079580715e-39,0.0,0.0
6.1,-0.04680851,1.3680727443202336e-39,1.3680727443202336e-39,0.0,0.0
6.116666666666666,-0.04680851,1.1216552756324923e-39,1.1216552756324923e-39,0.0,0.0
6.133333333333334,-0.04680851,9.196189506929018e-40,9.196189506929018e-40,0.0,0.0
6.15,-0.04680851,7.539711474237309e-40,7.539711474237309e-40,0.0,0.0
6.166666666666667,-0.04680851,6.181585158707893e-40,6.181585158707893e-40,0.0,0.0
6.183333333333334,-0.04680851,5.068078239044118e-40,5.068078239044118e-40,0.0,0.0
6.2,-0.04680851,4.155134618499876e-40,4.155134618499876e-40,0.0,0.0
6.216666666666667,-0.04680851,3.4066320621004892e-40,3.4066320621004892e-40,0.0,0.0
6.233333333333333,-0.04680851,2.792953546882469e-40,2.792953546882469e-40,0.0,0.0
6.25,-0.04680851,2.289815846182863e-40,2.289815846182863e-40,0.0,0.0
6.266666666666667,-0.04680851,1.877309036179624e-40,1.877309036179624e-40,0.0,0.0
6.283333333333333,-0.04680851,1.5391089499707236e-40,1.5391089499707236e-40,0.0,0.0
6.3,-0.05148936,1.261831440860645e-40,1.261831440860645e-40,0.0,0.0
6.316666666666666,-0.05148936,1.034502922305342e-40,1.034502922305342e-40,0.0,0.0
6.333333333333333,-0.04680851,8.481262486439824e-41,8.481262486439824e-41,0.0,0.0
6.35,-0.04680851,6.95324769953141e-41,6.95324769953141e-41,0.0,0.0
6.366666666666666,-0.04680851,5.700504850365279e-41,5.700504850365279e-41,0.0,0.0
6.383333333333334,-0.05148936,4.673447508490252e-41,4.673447508490252e-41,0.0,0.0
6.4,-0.05148936,3.8314208470095703e-41,3.8314208470095703e-41,0.0,0.0
6.416666666666667,-0.04680851,3.1410929952361196e-41,3.1410929952361196e-41,0.0,0.0
6.433333333333334,-0.04680851,2.575136096467915e-41,2.575136096467915e-41,0.0,0.0
6.45,-0.04680851,2.1111449016467707e-41,2.1111449016467707e-41,0.0,0.0
6.466666666666667,-0.05148936,1.730750123324805e-41,1.730750123324805e-41,0.0,0.0
6.483333333333333,-0.05148936,1.4188914767378594e-41,1.4188914767378594e-41,0.0,0.0
6.5,-0.05148936,1.1632216503596774e-41,1.1632216503596774e-41,0.0,0.0
6.516666666666667,-0.05148936,9.536176267491747e-42,9.536176267491747e-42,0.0,0.0
6.533333333333333,-0.05148936,7.817800205337656e-42,7.817800205337656e-42,0.0,0.0
6.55,-0.05148936,6.409045818640595e-42,6.409045818640595e-42,0.0,0.0
6.566666666666666,-0.04680851,5.254128682784915e-42,5.254128682784915e-42,0.0,0.0
6.583333333333333,-0.04680851,4.307314285018178e-42,4.307314285018178e-42,0.0,0.0
6.6,-0.04680851,3.531107608163906e-42,3.531107608163906e-42,0.0,0.0
6.616666666666666,-0.04680851,2.8947688217836394e-42,2.8947688217836394e-42,0.0,0.0
6.633333333333334,-0.04680851,2.3730963442687442e-42,2.3730963442687442e-42,0.0,0.0
6.65,-0.04680851,1.945429117742178e-42,1.945429117742178e-42,0.0,0.0
6.666666666666667,-0.04680851,1.5948286110518065e-42,1.5948286110518065e-42,0.0,0.0
6.683333333333334,-0.04680851,1.3074081775661983e-42,1.3074081775661983e-42,0.0,0.0
6.7,-0.04680851,1.0717832252093864e-42,1.0717832252093864e-42,0.0,0.0
6.716666666666667,-0.04680851,8.78620436816728e-43,8.78620436816728e-43,0.0,0.0
6.733333333333333,-0.04680851,7.202681985574881e-43,7.202681985574881e-43,0.0,0.0
6.75,-0.04680851,5.904536078971587e-43,5.904536078971587e-43,0.0,0.0
6.766666666666667,-0.04680851,4.8403406749442875e-43,4.8403406749442875e-43,0.0,0.0
6.783333333333333,-0.04680851,3.967936317802744e-43,3.967936317802744e-43,0.0,0.0
6.8,-0.04680851,3.2527604421580093e-43,3.2527604421580093e-43,0.0,0.0
6.816666666666666,-0.04680851,2.6664785544821692e-43,2.6664785544821692e-43,0.0,0.0
6.833333333333333,-0.04680851,2.1858620323606348e-43,2.1858620323606348e-43,0.0,0.0
6.85,-0.04680851,1.7918681120586307e-43,1.7918681120586307e-43,0.0,0.0
6.866666666666666,-0.04680851,1.4688856385815601e-43,1.4688856385815601e-43,0.0,0.0
6.883333333333334,-0.04680851,1.2041167143084108e-43,1.2041167143084108e-43,0.0,0.0
6.9,-0.05148936,9.87069762182943e-44,9.87069762182943e-44,0.0,0.0
6.916666666666667,-0.05148936,8.09143930250317e-44,8.09143930250317e-44,0.0,0.0
6.933333333333334,-0.05148936,6.632883805854192e-44,6.632883805854192e-44,0.0,0.0
6.95,-0.056170214,5.437229704841086e-44,5.437229704841086e-44,0.0,0.0
6.966666666666667,-0.060851064,4.4570926452394325e-44,4.4570926452394325e-44,0.0,0.0
6.983333333333333,-0.079574466,3.653628089482374e-44,3.653628089482374e-44,0.0,0.0
7.0,-0.12170213,2.994992336658996e-44,2.994992336658996e-44,0.0,0.0
7.016666666666667,-0.20595744,2.455080866589278e-44,2.455080866589278e-44,0.0,0.0
7.033333333333333,-0.36510637,2.0124940377111637e-44,2.0124940377111637e-44,0.0,0.0
7.05,-0.62723404,1.6496891718735947e-44,1.6496891718735947e-44,0.0,0.0
7.066666666666666,-1.0251064,1.3522854404307906e-44,1.3522854404307906e-44,0.0,0.0
7.083333333333333,-1.5587233,1.1084940174910404e-44,1.1084940174910404e-44,0.0,0.0
7.1,-2.1906383,9.086509273586112e-45,9.086509273586112e-45,0.0,0.0
7.116666666666666,-2.86,7.448340805352967e-45,7.448340805352967e-45,0.0,0.0
7.133333333333334,-3.4825532,6.105493271552935e-45,6.105493271552935e-45,0.0,0.0
7.15,-3.9693615,5.004730904357034e-45,5.004730904357034e-45,0.0,0.0
7.166666666666667,-4.273617,4.1024138387806255e-45,4.1024138387806255e-45,0.0,0.0
7.183333333333334,-4.3531914,3.362768532946838e-45,3.362768532946838e-45,0.0,0.0
7.2,-4.2268085,2.756469910121671e-45,2.756469910121671e-45,0.0,0.0
7.216666666666667,-3.927234,2.2594790447065583e-45,2.2594790447065583e-45,0.0,0.0
7.233333333333333,-3.515319,1.8520903379285e-45,1.8520903379285e-45,0.0,0.0
7.25,-3.0378723,1.5181504283290777e-45,1.5181504283290777e-45,0.0,0.0
7.266666666666667,-2.5604255,1.2444178860027432e-45,1.2444178860027432e-45,0.0,0.0
7.283333333333333,-2.1063828,1.0200383173416093e-45,1.0200383173416093e-45,0.0,0.0
7.3,-1.7085106,8.361140797202335e-46,8.361140797202335e-46,0.0,0.0
7.316666666666666,-1.3761702,6.853515542153489e-46,6.853515542153489e-46,0.0,0.0
7.333333333333333,-1.1046809,5.617719975821086e-46,5.617719975821086e-46,0.0,0.0
7.35,-0.8893617,4.604745140270588e-46,4.604745140270588e-46,0.0,0.0
7.366666666666666,-0.72085106,3.774417526249289e-46,3.774417526249289e-46,0.0,0.0
7.383333333333334,-0.58978724,3.0938062933287492e-46,3.0938062933287492e-46,0.0,0.0
7.4,-0.49148935,2.535917605346159e-46,2.535917605346159e-46,0.0,0.0
7.416666666666667,-0.41659573,2.0786243288326855e-46,2.0786243288326855e-46,0.0,0.0
7.433333333333334,-0.3557447,1.7037886698348301e-46,1.7037886698348301e-46,0.0,0.0
7.45,-0.31361702,1.3965429711563338e-46,1.3965429711563338e-46,0.0,0.0
7.466666666666667,-0.27617022,1.1447001605298088e-46,1.1447001605298088e-46,0.0,0.0
7.483333333333333,-0.2480851,9.382704789334567e-47,9.382704789334567e-47,0.0,0.0
7.5,-0.22468086,7.69065330804622e-47,7.69065330804622e-47,0.0,0.0
7.516666666666667,-0.2012766,6.303725511871027e-47,6.303725511871027e-47,0.0,0.0
7.533333333333333,-0.18723404,5.166902157164329e-47,5.166902157164329e-47,0.0,0.0
7.55,-0.17319149,4.2350843997498844e-47,4.2350843997498844e-47,0.0,0.0
7.566666666666666,-0.16382979,3.4713051709682774e-47,3.4713051709682774e-47,0.0,0.0
7.583333333333333,-0.15446809,2.8452630195774207e-47,2.8452630195774207e-47,0.0,0.0
7.6,-0.14510638,2.3321202865132354e-47,2.3321202865132354e-47,0.0,0.0
7.616666666666666,-0.13574468,1.9115179588906746e-47,1.9115179588906746e-47,0.0,0.0
7.633333333333334,-0.13106383,1.5667681400467916e-47,1.5667681400467916e-47,0.0,0.0
7.65,-0.12170213,1.2841921143669573e-47,1.2841921143669573e-47,0.0,0.0
7.666666666666667,-0.11702128,1.0525777581971968e-47,1.0525777581971968e-47,0.0,0.0
7.683333333333334,-0.11234043,8.627347801379703e-48,8.627347801379703e-48,0.0,0.0
7.7,-0.10765957,7.071301529945558e-48,7.071301529945558e-48,0.0,0.0
7.716666666666667,-0.10297872,5.795892793901913e-48,5.795892793901913e-48,0.0,0.0
7.733333333333333,-0.09829787,4.750510395699603e-48,4.750510395699603e-48,0.0,0.0
7.75,-0.09829787,3.89367006564294e-48,3.89367006564294e-48,0.0,0.0
7.766666666666667,-0.09361702,3.19136865340167e-48,3.19136865340167e-48,0.0,0.0
7.783333333333333,-0.08893617,2.615735082806562e-48,2.615735082806562e-48,0.0,0.0
7.8,-0.08893617,2.1439245621746914e-48,2.1439245621746914e-48,0.0,0.0
7.816666666666666,-0.084255315,1.7572121895460368e-48,1.7572121895460368e-48,0.0,0.0
7.833333333333333,-0.084255315,1.4402500001307702e-48,1.4402500001307702e-48,0.0,0.0
7.85,-0.084255315,1.1804579854948369e-48,1.1804579854948369e-48,0.0,0.0
7.866666666666666,-0.079574466,9.675249275703266e-49,9.675249275703266e-49,0.0,0.0
7.883333333333334,-0.079574466,7.929992461507523e-49,7.929992461507523e-49,0.0,0.0
7.9,-0.079574466,6.499536288244938e-49,6.499536288244938e-49,0.0,0.0
7.916666666666667,-0.074893616,5.327101388863283e-49,5.327101388863283e-49,0.0,0.0
7.933333333333334,-0.074893616,4.366148956964327e-49,4.366148956964327e-49,0.0,0.0
7.95,-0.074893616,3.578533883586866e-49,3.578533883586866e-49,0.0,0.0
7.966666666666667,-0.074893616,2.9329909544575466e-49,2.9329909544575466e-49,0.0,0.0
7.983333333333333,-0.07021277,2.4038940472941252e-49,2.4038940472941252e-49,0.0,0.0
8.0,-0.07021277,1.9702390987828204e-49,1.9702390987828204e-49,0.0,0.0
8.016666666666667,-0.07021277,1.6148104881361142e-49,1.6148104881361142e-49,0.0,0.0
8.033333333333333,-0.07021277,1.3234977607476016e-49,1.3234977607476016e-49,0.0,0.0
8.05,-0.07021277,1.08473557999694e-49,1.08473557999694e-49,0.0,0.0
8.066666666666666,-0.06553192,8.890446842982233e-50,8.890446842982233e-50,0.0,0.0
8.083333333333334,-0.06553192,7.286556339387466e-50,7.286556339387466e-50,0.0,0.0
8.1,-0.06553192,5.972004170884695e-50,5.972004170884695e-50,0.0,0.0
8.116666666666667,-0.06553192,4.894596768610913e-50,4.894596768610913e-50,0.0,0.0
8.133333333333333,-0.060851064,4.0115552828697235e-50,4.0115552828697235e-50,0.0,0.0
8.15,-0.060851064,3.287817430580424e-50,3.287817430580424e-50,0.0,0.0
8.166666666666666,-0.060851064,2.6946456269137094e-50,2.6946456269137094e-50,0.0,0.0
8.183333333333334,-0.056170214,2.2084861615074413e-50,2.2084861615074413e-50,0.0,0.0
8.2,-0.056170214,1.8100341418365497e-50,1.8100341418365497e-50,0.0,0.0
8.216666666666667,-0.056170214,1.483467091951551e-50,1.483467091951551e-50,0.0,0.0
8.233333333333333,-0.056170214,1.2158167878743918e-50,1.2158167878743918e-50,0.0,0.0
8.25,-0.056170214,9.964543969839957e-51,9.964543969839957e-51,0.0,0.0
8.266666666666667,-0.056170214,8.166684854093268e-51,8.166684854093268e-51,0.0,0.0
8.283333333333333,-0.056170214,6.693191431803884e-51,6.693191431803884e-51,0.0,0.0
8.3,-0.056170214,5.485544979160678e-51,5.485544979160678e-51,0.0,0.0
8.316666666666666,-0.056170214,4.495783640186476e-51,4.495783640186476e-51,0.0,0.0
8.333333333333334,-0.056170214,3.6845980395455e-51,3.6845980395455e-51,0.0,0.0
8.35,-0.056170214,3.019770417672892e-51,3.019770417672892e-51,0.0,0.0
8.366666666666667,-0.056170214,2.4748953250268513e-51,2.4748953250268513e-51,0.0,0.0
8.383333333333333,-0.056170214,2.028331088398894e-51,2.028331088398894e-51,0.0,0.0
8.4,-0.056170214,1.6623404226345324e-51,1.6623404226345324e-51,0.0,0.0
8.416666666666666,-0.056170214,1.3623860693673166e-51,1.3623860693673166e-51,0.0,0.0
8.433333333333334,-0.056170214,1.1165534984082765e-51,1.1165534984082765e-51,0.0,0.0
8.45,-0.056170214,9.150777515089568e-52,9.150777515089568e-52,0.0,0.0
8.466666666666667,-0.056170214,7.499556425061187e-52,7.499556425061187e-52,0.0,0.0
8.483333333333333,-0.056170214,6.146279164563157e-52,6.146279164563157e-52,0.0,0.0
8.5,-0.056170214,5.0371874776233265e-52,5.0371874776233265e-52,0.0,0.0
8.516666666666667,-0.056170214,4.1282223372557915e-52,4.1282223372557915e-52,0.0,0.0
8.533333333333333,-0.056170214,3.38327405779138e-52,3.38327405779138e-52,0.0,0.0
8.55,-0.056170214,2.7727480992884823e-52,2.7727480992884823e-52,0.0,0.0
8.566666666666666,-0.056170214,2.2723896135436382e-52,2.2723896135436382e-52,0.0,0.0
8.583333333333334,-0.056170214,1.8623200545426483e-52,1.8623200545426483e-52,0.0,0.0
8.6,-0.056170214,1.5262475963972674e-52,1.5262475963972674e-52,0.0,0.0
8.616666666666667,-0.056170214,1.2508200031408646e-52,1.2508200031408646e-52,0.0,0.0
8.633333333333333,-0.056170214,1.0250942511915074e-52,1.0250942511915074e-52,0.0,0.0
8.65,-0.056170214,8.401018413687407e-53,8.401018413687407e-53,0.0,0.0
8.666666666666666,-0.056170214,6.884925371330554e-53,6.884925371330554e-53,0.0,0.0
8.683333333333334,-0.05148936,5.642423800482119e-53,5.642423800482119e-53,0.0,0.0
8.7,-0.05148936,4.624143859961617e-53,4.624143859961617e-53,0.0,0.0
8.716666666666667,-0.05148936,3.7896241773754927e-53,3.7896241773754927e-53,0.0,0.0
8.733333333333333,-0.05148936,3.1057044407386e-53,3.1057044407386e-53,0.0,0.0
8.75,-0.05148936,2.5452080120607265e-53,2.5452080120607265e-53,0.0,0.0
8.766666666666667,-0.056170214,2.085862236998783e-53,2.085862236998783e-53,0.0,0.0
8.783333333333333,-0.056170214,1.7094135649192244e-53,1.7094135649192244e-53,0.0,0.0
8.8,-0.056170214,1.4009023309027903e-53,1.4009023309027903e-53,0.0,0.0
8.816666666666666,-0.05148936,1.148068392570531e-53,1.148068392570531e-53,0.0,0.0
8.833333333333334,-0.05148936,9.408640119283926e-54,9.408640119283926e-54,0.0,0.0
8.85,-0.05148936,7.710546321005822e-54,7.710546321005822e-54,0.0,0.0
8.866666666666667,-0.05148936,6.31891689997011e-54,6.31891689997011e-54,0.0,0.0
8.883333333333333,-0.05148936,5.17844467283632e-54,5.17844467283632e-54,0.0,0.0
8.9,-0.05148936,4.2438032711920976e-54,4.2438032711920976e-54,0.0,0.0
8.916666666666666,-0.056170214,3.477846061240374e-54,3.477846061240374e-54,0.0,0.0
8.933333333333334,-0.056170214,2.8501300628091495e-54,2.8501300628091495e-54,0.0,0.0
8.95,-0.056170214,2.3357062250066127e-54,2.3357062250066127e-54,0.0,0.0
8.966666666666667,-0.056170214,1.914127996840068e-54,1.914127996840068e-54,0.0,0.0
8.983333333333333,-0.056170214,1.5686388030581683e-54,1.5686388030581683e-54,0.0,0.0
9.0,-0.056170214,1.2855061427675259e-54,1.2855061427675259e-54,0.0,0.0
9.016666666666667,-0.056170214,1.053475853322067e-54,1.053475853322067e-54,0.0,0.0
9.033333333333331,-0.056170214,8.633248559348382e-55,8.633248559348382e-55,0.0,0.0
9.05,-0.056170214,7.074946120482122e-55,7.074946120482122e-55,0.0,0.0
9.066666666666666,-0.056170214,5.797907261258957e-55,5.797907261258957e-55,0.0,0.0
9.083333333333334,-0.05148936,4.751367585696518e-55,4.751367585696518e-55,0.0,0.0
9.1,-0.05148936,3.8937246631381934e-55,3.8937246631381934e-55,0.0,0.0
9.116666666666667,-0.05148936,3.190884538613564e-55,3.190884538613564e-55,0.0,0.0
9.133333333333333,-0.05148936,2.6149066422488337e-55,2.6149066422488337e-55,0.0,0.0
9.15,-0.05148936,2.1428932489015424e-55,2.1428932489015424e-55,0.0,0.0
9.166666666666666,-0.04680851,1.756079356318202e-55,1.756079356318202e-55,0.0,0.0
9.183333333333334,-0.04680851,1.4390868138275532e-55,1.4390868138275532e-55,0.0,0.0
9.2,-0.04680851,1.1793130602819102e-55,1.1793130602819102e-55,0.0,0.0
9.216666666666669,-0.04680851,9.664301789266355e-56,9.664301789266355e-56,0.0,0.0
9.233333333333333,-0.04680851,7.919743606295646e-56,7.919743606295646e-56,0.0,0.0
9.25,-0.04680851,6.490094595992667e-56,6.490094595992667e-56,0.0,0.0
9.266666666666667,-0.04680851,5.318512701096983e-56,5.318512701096983e-56,0.0,0.0
9.283333333333331,-0.04680851,4.358415658059063e-56,4.358415658059063e-56,0.0,0.0
9.3,-0.04680851,3.571629207753295e-56,3.571629207753295e-56,0.0,0.0
9.316666666666666,-0.04680851,2.9268695230345566e-56,2.9268695230345566e-56,0.0,0.0
9.333333333333334,-0.04680851,2.3984995348952506e-56,2.3984995348952506e-56,0.0,0.0
9.35,-0.04680851,1.9655097245879778e-56,1.9655097245879778e-56,0.0,0.0
9.366666666666667,-0.04680851,1.610682870225569e-56,1.610682870225569e-56,0.0,0.0
9.383333333333333,-0.04680851,1.319909547584325e-56,1.319909547584325e-56,0.0,0.0
9.4,-0.04680851,1.0816271766218767e-56,1.0816271766218767e-56,0.0,0.0
9.416666666666666,-0.04680851,8.863603156915527e-57,8.863603156915527e-57,0.0,0.0
9.433333333333334,-0.04680851,7.263439297153246e-57,7.263439297153246e-57,0.0,0.0
9.45,-0.05148936,5.952146565987924e-57,5.952146565987924e-57,0.0,0.0
9.466666666666669,-0.05148936,4.877577989904397e-57,4.877577989904397e-57,0.0,0.0
9.483333333333333,-0.04680851,3.9969998352207766e-57,3.9969998352207766e-57,0.0,0.0
9.5,-0.04680851,3.2753924494153733e-57,3.2753924494153733e-57,0.0,0.0
9.516666666666667,-0.05148936,2.6840578021132244e-57,2.6840578021132244e-57,0.0,0.0
9.533333333333331,-0.05148936,2.1994783681693463e-57,2.1994783681693463e-57,0.0,0.0
9.55,-0.05148936,1.8023819866518026e-57,1.8023819866518026e-57,0.0,0.0
9.566666666666666,-0.05148936,1.476975517636564e-57,1.476975517636564e-57,0.0,0.0
9.583333333333334,-0.05148936,1.2103168290198209e-57,1.2103168290198209e-57,0.0,0.0
9.6,-0.05148936,9.91800144757783e-58,9.91800144757783e-58,0.0,0.0
9.616666666666667,-0.05148936,8.127342926103389e-58,8.127342926103389e-58,0.0,0.0
9.633333333333333,-0.05148936,6.659970827453857e-58,6.659970827453857e-58,0.0,0.0
9.65,-0.05148936,5.4575207524077584e-58,5.4575207524077584e-58,0.0,0.0
9.666666666666666,-0.05148936,4.4721647491956784e-58,4.4721647491956784e-58,0.0,0.0
9.683333333333334,-0.05148936,3.664709246593882e-58,3.664709246593882e-58,0.0,0.0
9.7,-0.05148936,3.003036341350681e-58,3.003036341350681e-58,0.0,0.0
9.716666666666669,-0.056170214,2.4608264609969477e-58,2.4608264609969477e-58,0.0,0.0
9.733333333333333,-0.056170214,2.0165116105331823e-58,2.0165116105331823e-58,0.0,0.0
9.75,-0.056170214,1.6524175796105146e-58,1.6524175796105146e-58,0.0,0.0
9.766666666666667,-0.056170214,1.3540610001271618e-58,1.3540610001271618e-58,0.0,0.0
9.783333333333331,-0.056170214,1.109573301298584e-58,1.109573301298584e-58,0.0,0.0
9.8,-0.056170214,9.0922865503502e-59,9.0922865503502e-59,0.0,0.0
9.816666666666666,-0.056170214,7.450571394513252e-59,7.450571394513252e-59,0.0,0.0
9.833333333333334,-0.056170214,6.1052773694026664e-59,6.1052773694026664e-59,0.0,0.0
9.85,-0.056170214,5.002885601878778e-59,5.002885601878778e-59,0.0,0.0
9.866666666666667,-0.056170214,4.099539751919341e-59,4.099539751919341e-59,0.0,0.0
9.883333333333333,-0.056170214,3.359301552507105e-59,3.359301552507105e-59,0.0,0.0
9.9,-0.056170214,2.7527212815803663e-59,2.7527212815803663e-59,0.0,0.0
9.916666666666666,-0.056170214,2.2556663124095857e-59,2.2556663124095857e-59,0.0,0.0
9.933333333333334,-0.056170214,1.8483611520096654e-59,1.8483611520096654e-59,0.0,0.0
9.95,-0.056170214,1.5146007877897728e-59,1.5146007877897728e-59,0.0,0.0
9.966666666666669,-0.056170214,1.2411060549816559e-59,1.2411060549816559e-59,0.0,0.0
9.983333333333333,-0.056170214,1.0169953855492742e-59,1.0169953855492742e-59,0.0,0.0
10.0,-0.056170214,8.33351927838957e-60,8.33351927838957e-60,0.0,0.0
10.016666666666667,-0.056170214,6.828688192466362e-60,6.828688192466362e-60,0.0,0.0
10.033333333333331,-0.056170214,5.595585024683087e-60,5.595585024683087e-60,0.0,0.0
10.05,-0.056170214,4.585145230792418e-60,4.585145230792418e-60,0.0,0.0
10.066666666666666,-0.056170214,3.75716333535904e-60,3.75716333535904e-60,0.0,0.0
10.083333333333334,-0.056170214,3.07869339224676e-60,3.07869339224676e-60,0.0,0.0
10.1,-0.056170214,2.522738239164161e-60,2.522738239164161e-60,0.0,0.0
10.116666666666667,-0.056170214,2.067175406664103e-60,2.067175406664103e-60,0.0,0.0
10.133333333333333,-0.056170214,1.69387695510993e-60,1.69387695510993e-60,0.0,0.0
10.15,-0.056170214,1.3879882268689212e-60,1.3879882268689212e-60,0.0,0.0
10.166666666666666,-0.056170214,1.1373368221709723e-60,1.1373368221709723e-60,0.0,0.0
10.183333333333334,-0.056170214,9.319482870587812e-61,9.319482870587812e-61,0.0,0.0
10.2,-0.056170214,7.636492466811189e-61,7.636492466811189e-61,0.0,0.0
10.216666666666669,-0.056170214,6.257421956582746e-61,6.257421956582746e-61,0.0,0.0
10.233333333333333,-0.056170214,5.1273900773465366e-61,5.1273900773465366e-61,0.0,0.0
10.25,-0.056170214,4.2014256279376445e-61,4.2014256279376445e-61,0.0,0.0
10.266666666666667,-0.056170214,3.442678034578949e-61,3.442678034578949e-61,0.0,0.0
10.283333333333331,-0.056170214,2.8209510205643465e-61,2.8209510205643465e-61,0.0,0.0
10.3,-0.056170214,2.311501041189936e-61,2.311501041189936e-61,0.0,0.0
10.316666666666666,-0.056170214,1.8940526785415265e-61,1.8940526785415265e-61,0.0,0.0
10.333333333333334,-0.056170214,1.5519918221062793e-61,1.5519918221062793e-61,0.0,0.0
10.35,-0.056170214,1.2717045341823188e-61,1.2717045341823188e-61,0.0,0.0
10.366666666666667,-0.056170214,1.0420352950415159e-61,1.0420352950415159e-61,0.0,0.0
10.383333333333333,-0.056170214,8.538430723323932e-62,8.538430723323932e-62,0.0,0.0
10.4,-0.056170214,6.996375512075325e-62,6.996375512075325e-62,0.0,0.0
10.416666666666666,-0.056170214,5.732810509555164e-62,5.732810509555164e-62,0.0,0.0
10.433333333333334,-0.056170214,4.697442673738529e-62,4.697442673738529e-62,0.0,0.0
10.45,-0.056170214,3.8490612170889368e-62,3.8490612170889368e-62,0.0,0.0
10.466666666666669,-0.056170214,3.1538975190081184e-62,3.1538975190081184e-62,0.0,0.0
10.483333333333333,-0.056170214,2.5842811992492097e-62,2.5842811992492097e-62,0.0,0.0
10.5,-0.056170214,2.1175388742086744e-62,2.1175388742086744e-62,0.0,0.0
10.516666666666667,-0.056170214,1.7350917743221842e-62,1.7350917743221842e-62,0.0,0.0
10.533333333333331,-0.056170214,1.4217163135411968e-62,1.4217163135411968e-62,0.0,0.0
10.55,-0.056170214,1.1649381858920008e-62,1.1649381858920008e-62,0.0,0.0
10.566666666666666,-0.056170214,9.545358773675669e-63,9.545358773675669e-63,0.0,0.0
10.583333333333334,-0.056170214,7.821338352685666e-63,7.821338352685666e-63,0.0,0.0
10.6,-0.056170214,6.408691048258968e-63,6.408691048258968e-63,0.0,0.0
10.616666666666667,-0.056170214,5.251181664379924e-63,5.251181664379924e-63,0.0,0.0
10.633333333333333,-0.056170214,4.302731024726212e-63,4.302731024726212e-63,0.0,0.0
10.65,-0.056170214,3.525581856232749e-63,3.525581856232749e-63,0.0,0.0
10.666666666666666,-0.056170214,2.8887958938678494e-63,2.8887958938678494e-63,0.0,0.0
10.683333333333334,-0.056170214,2.3670223934144915e-63,2.3670223934144915e-63,0.0,0.0
10.7,-0.056170214,1.9394890400438488e-63,1.9394890400438488e-63,0.0,0.0
10.716666666666669,-0.056170214,1.589175091080584e-63,1.589175091080584e-63,0.0,0.0
10.733333333333333,-0.056170214,1.3021338437847227e-63,1.3021338437847227e-63,0.0,0.0
10.75,-0.056170214,1.0669374617797774e-63,1.0669374617797774e-63,0.0,0.0
10.766666666666667,-0.056170214,8.742220634368838e-64,8.742220634368838e-64,0.0,0.0
10.783333333333331,-0.056170214,7.16314965839432e-64,7.16314965839432e-64,0.0,0.0
10.8,-0.056170214,5.8692924770491726e-64,5.8692924770491726e-64,0.0,0.0
10.816666666666666,-0.056170214,4.809134739379131e-64,4.809134739379131e-64,0.0,0.0
10.833333333333334,-0.056170214,3.940466199518917e-64,3.940466199518917e-64,0.0,0.0
10.85,-0.05148936,3.228700329022762e-64,3.228700329022762e-64,0.0,0.0
10.866666666666667,-0.05148936,2.645497411027882e-64,2.645497411027882e-64,0.0,0.0
10.883333333333333,-0.05148936,2.1676363082395174e-64,2.1676363082395174e-64,0.0,0.0
10.9,-0.05148936,1.7760899946266825e-64,1.7760899946266825e-64,0.0,0.0
10.916666666666666,-0.05148936,1.4552680511964297e-64,1.4552680511964297e-64,0.0,0.0
10.933333333333334,-0.05148936,1.1923959720243829e-64,1.1923959720243829e-64,0.0,0.0
10.95,-0.04680851,9.770065723733887e-65,9.770065723733887e-65,0.0,0.0
10.966666666666669,-0.042127658,1.2889239666470048e-12,8.005232529460336e-65,1.2889239666470048e-12,0.0
10.983333333333333,-0.028085107,5.790009581711374e-07,6.559185306952155e-65,5.790009581711374e-07,0.0
11.0,-0.009361702,6.682222877281859e-05,5.374342426764356e-65,6.682222877281859e-05,0.0
11.016666666666667,0.03276596,0.001148738420671188,4.40352284418028e-65,0.001148738420671188,0.0
11.033333333333331,0.09829787,0.008253500460788212,3.608067559137865e-65,0.008253500460788212,0.0
11.05,0.20595744,0.03586671172358115,2.956300366823872e-65,0.03586671172358115,0.0
11.066666666666666,0.37914893,0.11233526290343153,2.4222666198986256e-65,0.11233526290343153,0.0
11.083333333333334,0.6319149,0.27943378010016845,1.9846997905739757e-65,0.27943378010016845,0.0
11.1,0.99702126,0.5858594817108246,1.6261746893024638e-65,0.5858594817108246,0.0
11.116666666666667,1.5025532,1.0765051549494622,1.3324136275679112e-65,1.0765051549494622,0.0
11.133333333333333,2.1719148,1.7810880436784704,1.0917179010101557e-65,1.7810880436784704,0.0
11.15,3.014468,2.7056091619900027,8.94501958208275e-66,2.7056091619900027,0.0
11.166666666666666,4.01617,3.8287700109282516,7.329117084925987e-66,3.8287700109282516,0.0
11.183333333333334,5.1629786,5.103757758015937,6.005117718766927e-66,5.103757758015937,0.0
11.2,6.412766,6.464400957650468,4.92029218945167e-66,6.464400957650468,0.0
11.216666666666669,7.7,7.833911972267061,4.0314359755401605e-66,7.833911972267061,0.0
11.233333333333333,8.968511,9.134278351926605,3.3031488603218824e-66,9.134278351926605,0.0
11.25,10.138723,10.29467516324798,2.706425225702838e-66,10.29467516324798,0.0
11.266666666666667,11.145106,11.257820834387653,2.2174989776015218e-66,11.257820834387653,0.0
11.283333333333331,11.93617,11.98379441878826,1.816897110593177e-66,11.98379441878826,0.0
11.3,12.474468,12.4513396155388,1.488664226581276e-66,12.4513396155388,0.0
11.316666666666666,12.741277,12.657035374200111,1.2197271289536203e-66,12.657035374200111,0.0
11.333333333333334,12.736595,12.61290340172925,9.993741909649345e-67,12.61290340172925,0.0
11.35,12.479149,12.343072671602616,8.18828767039784e-67,12.343072671602616,0.0
11.366666666666667,12.001702,11.880069432420584,6.708996602208241e-67,11.880069432420584,0.0
11.383333333333333,11.346383,11.261189956752464,5.496947271985072e-67,11.261189956752464,0.0
11.4,10.564681,10.525278251438362,4.503862163877796e-67,10.525278251438362,0.0
11.416666666666666,9.703404,9.710098533900222,3.690184944667558e-67,9.710098533900222,0.0
11.433333333333334,8.795319,8.8503788360441,3.0235050466992766e-67,8.8503788360441,0.0
11.45,7.882553,7.976515402900789,2.4772668313992475e-67,7.976515402900789,0.0
11.466666666666669,6.9978724,7.113868986291915,2.029711928490608e-67,7.113868986291915,0.0
11.483333333333333,6.155319,6.282550959864341,1.6630126312561085e-67,6.282550959864341,0.0
11.5,5.373617,5.497584512026628,1.3625618362803178e-67,5.497584512026628,0.0
11.516666666666667,4.6621275,4.769328435588506,1.116391249982442e-67,4.769328435588506,0.0
11.533333333333331,4.030213,4.104062941335431,9.146946921099392e-68,4.104062941335431,0.0
11.55,3.4778724,3.5046540179973324,7.49437511611898e-68,3.5046540179973324,0.0
11.566666666666666,2.9957447,2.9712317262157115,6.1403655957710246e-68,2.9712317262157115,0.0
11.583333333333334,2.5838296,2.5018360734433065,5.030979737598964e-68,2.5018360734433065,0.0
11.6,2.232766,2.0930003076297803,4.1220233151490375e-68,2.0930003076297803,0.0
11.616666666666667,1.9378723,1.7402548550191304,3.377286143873554e-68,1.7402548550191304,0.0
11.633333333333333,1.6851064,1.4385455079322305,2.7670997328397516e-68,1.4385455079322305,0.0
11.65,1.4744681,1.1825669914768053,2.26715549623681e-68,1.1825669914768053,0.0
11.666666666666666,1.2965957,0.9670180591283614,1.8575364557385307e-68,0.9670180591283614,0.0
11.683333333333334,1.1468085,0.7867872358971301,1.52192386736185e-68,0.7867872358971301,0.0
11.7,1.0157447,0.6370797108030513,1.2469471731751237e-68,0.6370797108030513,0.0
11.716666666666669,0.9080851,0.5134961113770541,1.0216513864637046e-68,0.5134961113770541,0.0
11.733333333333333,0.8144681,0.4120733459663934,8.370606960891696e-69,0.4120733459663934,0.0
11.75,0.7348936,0.3292966782752566,6.85820908026259e-69,0.3292966782752566,0.0
11.766666666666667,0.6693617,0.26209093579248904,5.619064820548153e-69,0.26209093579248904,0.0
11.783333333333331,0.6085106,0.2077974183928003,4.603804943586591e-69,0.2077974183928003,0.0
11.8,0.55702126,0.16414177993175844,3.771979648094279e-69,0.16414177993175844,0.0
11.816666666666666,0.5148936,0.12919697498524957,3.090447149360375e-69,0.12919697498524957,0.0
11.833333333333334,0.47276595,0.1013443327614208,2.532053377892893e-69,0.1013443327614208,0.0
11.85,0.44,0.07923495448745392,2.0745502047124604e-69,0.07923495448745392,0.0
11.866666666666667,0.40723404,0.06175292690206533,1.6997091018602298e-69,0.06175292690206533,0.0
11.883333333333333,0.38382977,0.04798129043769962,1.3925949312702372e-69,0.04798129043769962,0.0
11.9,0.36042553,0.037171278321113964,1.1409709334561971e-69,0.037171278321113964,0.0
11.916666666666666,0.33702126,0.028715032013679465,9.348112135335006e-70,0.028715032013679465,0.0
11.933333333333334,0.31361702,0.02212177901104155,7.659013040741867e-70,0.02212177901104155,0.0
11.95,0.29957446,0.016997312270138815,6.275108927282612e-70,0.016997312270138815,0.0
11.966666666666669,0.28085107,0.0130265198201227,5.141256771713028e-70,0.0130265198201227,0.0
11.983333333333333,0.2668085,0.0099586643003736,4.21227665258271e-70,0.0099586643003736,0.0
12.0,0.25276595,0.0075950936032646126,3.4511516808231935e-70,0.0075950936032646126,0.0
12.016666666666667,0.2387234,0.005779066165864928,2.8275531482871357e-70,0.005779066165864928,0.0
12.033333333333331,0.2293617,0.004387390511920527,2.316632138503399e-70,0.004387390511920527,0.0
12.05,0.21531914,0.003323602924045531,1.8980294588356807e-70,0.003323602924045531,0.0
12.066666666666666,0.20595744,0.0025124356207804456,1.5550644504673727e-70,0.0025124356207804456,0.0
12.083333333333334,0.19659574,0.0018953576940295605,1.2740703586506095e-70,0.0018953576940295605,0.0
12.1,0.18723404,0.0014270004171779284,1.0438497842903785e-70,0.0014270004171779284,0.0
12.116666666666667,0.17787234,0.0010723061484696236,8.552285217543428e-71,0.0010723061484696236,0.0
12.133333333333333,0.16851063,0.0008042652294476258,7.006900073732358e-71,0.0008042652294476258,0.0
12.15,0.15914893,0.0006021276851791732,5.740758145476094e-71,0.0006021276851791732,0.0
12.166666666666666,0.15446809,0.00044999609720937887,4.7034026264116315e-71,0.00044999609720937887,0.0
12.183333333333334,0.14510638,0.00033572283450502877,3.85349362727577e-71,0.00033572283450502877,0.0
12.2,0.14042553,0.00025004908706485453,3.157160896541851e-71,0.00025004908706485453,0.0
12.216666666666669,0.13574468,0.00018593510150057897,2.586654171531296e-71,0.00018593510150057897,0.0
12.233333333333333,0.12638298,0.00013804094012851375,2.1192373852632018e-71,0.00013804094012851375,0.0
12.25,0.12170213,0.00010232524755612815,1.7362826699056856e-71,0.00010232524755612815,0.0
12.266666666666667,0.11702128,7.573617026578801e-05,1.422528058003063e-71,7.573617026578801e-05,0.0
12.283333333333331,0.11234043,5.597397231349288e-05,1.1654693047653572e-71,5.597397231349288e-05,0.0
12.3,0.10765957,4.1309235230876614e-05,9.548615984820043e-72,4.1309235230876614e-05,0.0
12.316666666666666,0.10297872,3.0444006899741424e-05,7.823113044245069e-72,3.0444006899741424e-05,0.0
12.333333333333334,0.09829787,2.2406030728260924e-05,6.409414748689608e-72,2.2406030728260924e-05,0.0
12.35,0.09361702,1.6468376684926397e-05,5.251177970200056e-72,1.6468376684926397e-05,0.0
12.366666666666667,0.08893617,1.2088521449915669e-05,4.3022405873508417e-72,1.2088521449915669e-05,0.0
12.383333333333333,0.084255315,8.86227859793433e-06,3.5247818498429264e-72,8.86227859793433e-06,0.0
12.4,0.084255315,6.489037114428545e-06,2.88781514536305e-72,6.489037114428545e-06,0.0
12.416666666666666,0.079574466,4.745589270634877e-06,2.3659531084425814e-72,4.745589270634877e-06,0.0
12.433333333333334,0.074893616,3.466466651873273e-06,1.938395862839898e-72,3.466466651873273e-06,0.0
12.45,0.07021277,2.529195796826892e-06,1.5881020800894443e-72,2.529195796826892e-06,0.0
12.466666666666669,0.07021277,1.8432642151414698e-06,1.3011098215327412e-72,1.8432642151414698e-06,0.0
12.483333333333333,0.06553192,1.341878666998688e-06,1.0659800996360724e-72,1.341878666998688e-06,0.0
12.5,0.060851064,9.75820346905945e-07,8.733409844923067e-73,9.75820346905945e-07,0.0
12.516666666666667,0.060851064,7.088715785258047e-07,7.155140879545647e-73,7.088715785258047e-07,0.0
12.533333333333331,0.056170214,5.144179558643083e-07,5.862085404835786e-73,5.144179558643083e-07,0.0
12.55,0.056170214,3.729280169203289e-07,4.8027026531051277e-73,3.729280169203289e-07,0.0
12.566666666666666,0.056170214,2.7008683862467777e-07,3.934765580843952e-73,2.7008683862467777e-07,0.0
12.583333333333334,0.05148936,1.9541605597511203e-07,3.223677855883333e-73,1.9541605597511203e-07,0.0
12.6,0.05148936,1.4125508841529798e-07,2.6410949631337647e-73,1.4125508841529798e-07,0.0
12.616666666666667,0.04680851,1.0201014260165741e-07,2.163794476097315e-73,1.0201014260165741e-07,0.0
12.633333333333333,0.04680851,7.360140642347305e-08,1.7727504708703967e-73,7.360140642347305e-08,0.0
12.65,0.042127658,5.305670127218981e-08,1.452375194717345e-73,5.305670127218981e-08,0.0
12.666666666666666,0.042127658,3.821319808598155e-08,1.1898977666986451e-73,3.821319808598155e-08,0.0
12.683333333333334,0.037446808,2.7498749741997635e-08,9.748551488654193e-74,2.7498749741997635e-08,0.0
12.7,0.037446808,1.97717965477928e-08,7.986751008071716e-74,1.97717965477928e-08,0.0
12.716666666666669,0.03276596,1.420430310631284e-08,6.543344961528764e-74,1.420430310631284e-08,0.0
12.733333333333333,0.03276596,1.0196265555298676e-08,5.3607938305359804e-74,1.0196265555298676e-08,0.0
12.75,0.028085107,7.313349972958385e-09,4.391956314055301e-74,7.313349972958385e-09,0.0
12.766666666666667,0.028085107,5.241456758805066e-09,3.598210256661754e-74,5.241456758805066e-09,0.0
12.783333333333331,0.023404256,3.753654815293853e-09,2.947913139096989e-74,3.753654815293853e-09,0.0
12.8,0.023404256,2.6861447041211195e-09,2.415140770929585e-74,2.6861447041211195e-09,0.0
12.816666666666666,0.023404256,1.920804353159832e-09,1.9786539128662198e-74,1.920804353159832e-09,0.0
12.833333333333334,0.018723404,1.3725281541118119e-09,1.6210516405513635e-74,1.3725281541118119e-09,0.0
12.85,0.018723404,9.80052615866225e-10,1.3280777044843644e-74,9.80052615866225e-10,0.0
12.866666666666667,0.018723404,6.993152055963544e-10,1.08805223856473e-74,6.993152055963544e-10,0.0
12.883333333333333,0.0140425535,4.986517021282885e-10,8.914061657784702e-75,4.986517021282885e-10,0.0
12.9,0.0140425535,3.5532647226370475e-10,7.302997427619851e-75,3.5532647226370475e-10,0.0
12.916666666666666,0.0140425535,2.5302811642578494e-10,5.983100385554324e-75,2.5302811642578494e-10,0.0
12.933333333333334,0.0140425535,1.8006357515350823e-10,4.9017489043387e-75,1.8006357515350823e-10,0.0
12.95,0.009361702,1.2805708355192029e-10,4.0158313078999324e-75,1.2805708355192029e-10,0.0
12.966666666666669,0.009361702,9.101367699018787e-11,3.290027233466415e-75,9.101367699018787e-11,0.0
12.983333333333333,0.009361702,6.464569040861074e-11,2.695399580106477e-75,6.464569040861074e-11,0.0
13.0,0.009361702,4.588881001888924e-11,2.2082409166016617e-75,4.588881001888924e-11,0.0
13.016666666666667,0.004680851,3.255462083379965e-11,1.8091283642964643e-75,3.255462083379965e-11,0.0
13.033333333333331,0.004680851,2.308135698026309e-11,1.482149280422338e-75,2.308135698026309e-11,0.0
13.05,0.004680851,1.635524320639199e-11,1.2142668756041482e-75,1.635524320639199e-11,0.0
13.066666666666666,0.004680851,1.1582536313883833e-11,9.948004771721631e-76,1.1582536313883833e-11,0.0
13.083333333333334,0.004680851,8.19794985600728e-12,8.149997198327901e-76,8.19794985600728e-12,0.0
13.1,0.0,5.79916684048636e-12,6.676956893617309e-76,5.79916684048636e-12,0.0
13.116666666666667,0.0,4.100043406286708e-12,5.4701511248547326e-76,4.100043406286708e-12,0.0
13.133333333333333,0.0,2.8971932886181676e-12,4.481461992947376e-76,2.8971932886181676e-12,0.0
13.15,0.0,2.0461441537430654e-12,3.671468035467029e-76,2.0461441537430654e-12,0.0
13.166666666666666,0.0,1.444335942326234e-12,3.007872531381985e-76,1.444335942326234e-12,0.0
13.183333333333334,0.0,1.0190062811570435e-12,2.464215851076658e-76,1.0190062811570435e-12,0.0
13.2,0.0,7.18564061661732e-13,2.018820518382573e-76,7.18564061661732e-13,0.0
13.216666666666669,-0.004680851,5.064509358829579e-13,1.653926928235662e-76,5.064509358829579e-13,0.0
13.233333333333333,-0.004680851,3.567760638208239e-13,1.3549852639892099e-76,3.567760638208239e-13,0.0
13.25,-0.004680851,2.512138678536402e-13,1.1100753853010721e-76,2.512138678536402e-13,0.0
13.266666666666667,-0.004680851,1.768007625641964e-13,9.094315591087913e-77,1.768007625641964e-13,0.0
13.283333333333331,-0.004680851,1.2437132724066268e-13,7.450530858410571e-77,1.2437132724066268e-13,0.0
13.3,-0.004680851,8.744901858228225e-14,6.1038529732176556e-77,8.744901858228225e-14,0.0
13.316666666666666,-0.004680851,6.145978101312588e-14,5.000582082856869e-77,6.145978101312588e-14,0.0
13.333333333333334,-0.004680851,4.317489362648932e-14,4.096724018874776e-77,4.317489362648932e-14,0.0
13.35,-0.004680851,3.031645982654091e-14,3.356236126685485e-77,3.031645982654091e-14,0.0
13.366666666666667,-0.004680851,2.127822133023018e-14,2.7495901321442252e-77,2.127822133023018e-14,0.0
13.383333333333333,-0.004680851,1.4928095852472817e-14,2.2525947469262727e-77,1.4928095852472817e-14,0.0
13.4,-0.004680851,1.0468593594161006e-14,1.8454310699102863e-77,1.0468593594161006e-14,0.0
13.416666666666666,-0.004680851,7.338201290993964e-15,1.5118623256295241e-77,7.338201290993964e-15,0.0
13.433333333333334,-0.004680851,5.141747288225241e-15,1.2385864314676955e-77,5.141747288225241e-15,0.0
13.45,-0.004680851,3.6012567354953315e-15,1.0147055797479925e-77,3.6012567354953315e-15,0.0
13.466666666666669,-0.004680851,2.5212857050348897e-15,8.312916861908319e-78,2.5212857050348897e-15,0.0
13.483333333333333,-0.004680851,1.7644810058436592e-15,6.8103037840031275e-78,1.7644810058436592e-15,0.0
13.5,-0.004680851,1.234358017378855e-15,5.579293294462976e-78,1.234358017378855e-15,0.0
13.516666666666667,-0.004680851,8.631708402941712e-16,4.5707930708755035e-78,8.631708402941712e-16,0.0
13.533333333333331,-0.004680851,6.033732253538198e-16,3.744584110003532e-78,6.033732253538198e-16,0.0
13.55,-0.004680851,4.216102039807401e-16,3.0677169233895727e-78,4.216102039807401e-16,0.0
13.566666666666666,-0.004680851,2.944924092019024e-16,2.5131976070414215e-78,2.944924092019024e-16,0.0
13.583333333333334,-0.004680851,2.0562555003706918e-16,2.0589113937975366e-78,2.0562555003706918e-16,0.0
13.6,-0.004680851,1.4352318311458697e-16,1.6867407659606112e-78,1.4352318311458697e-16,0.0
13.616666666666667,-0.004680851,1.0014079553214515e-16,1.381842963404326e-78,1.0014079553214515e-16,0.0
13.633333333333333,-0.004680851,6.984671217705348e-17,1.1320580779350475e-78,6.984671217705348e-17,0.0
13.65,-0.004680851,4.8699978099206934e-17,9.274241315908978e-79,4.8699978099206934e-17,0.0
13.666666666666666,-0.004680851,3.394386660500393e-17,7.597798024006142e-79,3.394386660500393e-17,0.0
13.683333333333334,-0.009361702,2.365077912391358e-17,6.224389559755411e-79,2.365077912391358e-17,0.0
13.7,-0.009361702,1.6473390693811633e-17,5.0992400451672805e-79,1.6473390693811633e-17,0.0
13.716666666666669,-0.009361702,1.1470325183069645e-17,4.177474605393896e-79,1.1470325183069645e-17,0.0
13.733333333333333,-0.009361702,7.984089458234812e-18,3.422329743811553e-79,7.984089458234812e-18,0.0
13.75,-0.009361702,5.555635014329394e-18,2.803687189870394e-79,5.555635014329394e-18,0.0
13.766666666666667,-0.0140425535,3.864580437744037e-18,2.2968727533305038e-79,3.864580437744037e-18,0.0
13.783333333333331,-0.0140425535,2.687404151314785e-18,1.8816722858796806e-79,2.687404151314785e-18,0.0
13.8,-0.0140425535,1.868216612777615e-18,1.5415255085707792e-79,1.868216612777615e-18,0.0
13.816666666666666,-0.0140425535,1.2983347649334108e-18,1.262865556199853e-79,1.2983347649334108e-18,0.0
13.833333333333334,-0.0140425535,9.020132612003696e-19,1.0345779004936479e-79,9.020132612003696e-19,0.0
13.85,-0.0140425535,6.264803890163245e-19,8.475570744773077e-80,6.264803890163245e-19,0.0
13.866666666666667,-0.0140425535,4.349825911413331e-19,6.943435204668039e-80,4.349825911413331e-19,0.0
13.883333333333333,-0.0140425535,3.019309252681642e-19,5.688260792965112e-80,3.019309252681642e-19,0.0
13.9,-0.0140425535,2.0951547716597006e-19,4.659982560476198e-80,2.0951547716597006e-19,0.0
13.916666666666666,-0.0140425535,1.4534458374286267e-19,3.817585420745627e-80,1.4534458374286267e-19,0.0
13.933333333333334,-0.0140425535,1.0079923567503342e-19,3.127468300415866e-80,1.0079923567503342e-19,0.0
13.95,-0.018723404,6.98863986411362e-20,2.5621039804343946e-80,6.98863986411362e-20,0.0
13.966666666666669,-0.018723404,4.84402623653782e-20,2.0989411808470004e-80,4.84402623653782e-20,0.0
13.983333333333333,-0.018723404,3.356603637923194e-20,1.719505102565747e-80,3.356603637923194e-20,0.0
14.0,-0.018723404,2.325277058013609e-20,1.408660553993938e-80,2.325277058013609e-20,0.0
14.016666666666667,-0.018723404,1.6103924485729344e-20,1.1540082743603127e-80,1.6103924485729344e-20,0.0
14.033333333333331,-0.018723404,1.1149936574964846e-20,9.453903775998414e-81,1.1149936574964846e-20,0.0
14.05,-0.018723404,7.717879269964661e-21,7.7448519247400665e-81,7.717879269964661e-21,0.0
14.066666666666666,-0.023404256,5.340841817265327e-21,6.344753398726624e-81,5.340841817265327e-21,0.0
14.083333333333334,-0.023404256,3.694952163781285e-21,5.197758090651683e-81,3.694952163781285e-21,0.0
14.1,-0.023404256,2.5556212736187074e-21,4.258111875539454e-81,2.5556212736187074e-21,0.0
14.116666666666667,-0.023404256,1.7671520512009776e-21,3.488331595437971e-81,1.7671520512009776e-21,0.0
14.133333333333333,-0.023404256,1.2216372186239337e-21,2.8577099406273003e-81,1.2216372186239337e-21,0.0
14.15,-0.023404256,8.443113886793829e-22,2.3410905949592466e-81,8.443113886793829e-22,0.0
14.166666666666666,-0.028085107,5.833862922427427e-22,1.91786479198067e-81,5.833862922427427e-22,0.0
14.183333333333334,-0.028085107,4.0299910583931877e-22,1.5711492591528784e-81,4.0299910583931877e-22,0.0
14.2,-0.028085107,2.7832186441540796e-22,1.2871127619567716e-81,2.7832186441540796e-22,0.0
14.216666666666669,-0.028085107,1.921706335211469e-22,1.0544243864637516e-81,1.921706335211469e-22,0.0
14.233333333333333,-0.03276596,1.3265518539159527e-22,8.6380155444085e-82,1.3265518539159527e-22,0.0
14.25,-0.03276596,9.155034677937934e-23,7.076397428741714e-82,9.155034677937934e-23,0.0
14.266666666666667,-0.03276596,6.31677395559975e-23,5.797091385917193e-82,6.31677395559975e-23,0.0
14.283333333333331,-0.03276596,4.3574385200131836e-23,4.749061284036418e-82,4.3574385200131836e-23,0.0
14.3,-0.037446808,3.005168206676671e-23,3.890497123357263e-82,3.005168206676671e-23,0.0
14.316666666666666,-0.037446808,2.072091208747155e-23,3.1871471933918944e-82,2.072091208747155e-23,0.0
14.333333333333334,-0.037446808,1.4284086838695785e-23,2.6109517277612508e-82,1.4284086838695785e-23,0.0
14.35,-0.037446808,9.84465673886764e-24,2.1389235555664e-82,9.84465673886764e-24,0.0
14.366666666666667,-0.037446808,6.783504131064687e-24,1.7522310999710007e-82,6.783504131064687e-24,0.0
14.383333333333333,-0.037446808,4.6731955376968784e-24,1.4354471457821947e-82,4.6731955376968784e-24,0.0
14.4,-0.037446808,3.2187041992604067e-24,1.1759334099383137e-82,3.2187041992604067e-24,0.0
14.416666666666666,-0.037446808,2.216441793541616e-24,9.633363657081624e-83,2.216441793541616e-24,0.0
14.433333333333334,-0.042127658,1.5259511456365102e-24,7.891742091139647e-83,1.5259511456365102e-24,0.0
14.45,-0.042127658,1.0503519226524883e-24,6.464984916176637e-83,1.0503519226524883e-24,0.0
14.466666666666669,-0.042127658,7.228360516594438e-25,5.2961692145643014e-83,7.228360516594438e-25,0.0
14.483333333333333,-0.042127658,4.973434320899819e-25,4.338662759761447e-83,4.973434320899819e-25,0.0
14.5,-0.042127658,3.4212547669402814e-25,3.554263662069077e-83,3.4212547669402814e-25,0.0
14.516666666666667,-0.04680851,2.3530313500025404e-25,2.9116763248754955e-83,2.3530313500025404e-25,0.0
14.533333333333331,-0.04680851,1.6180207694721863e-25,2.3852629148587552e-83,1.6180207694721863e-25,0.0
14.55,-0.04680851,1.1123855827673798e-25,1.954020539954089e-83,1.1123855827673798e-25,0.0
14.566666666666666,-0.04680851,7.646140615797867e-26,1.600743332499752e-83,7.646140615797867e-26,0.0
14.583333333333334,-0.04680851,5.254672546472917e-26,1.3113360109974788e-83,5.254672546472917e-26,0.0
14.6,-0.05148936,3.610490854290464e-26,1.0742515365858638e-83,3.610490854290464e-26,0.0
14.616666666666667,-0.05148936,2.480303423625588e-26,8.800304306366215e-84,2.480303423625588e-26,0.0
14.633333333333333,-0.05148936,1.7035782802757502e-26,7.20923375325472e-84,1.7035782802757502e-26,0.0
14.65,-0.05148936,1.1698733035939454e-26,5.905820413530432e-84,1.1698733035939454e-26,0.0
14.666666666666666,-0.05148936,8.03222281585787e-27,4.838058087318581e-84,8.03222281585787e-27,0.0
14.683333333333334,-0.05148936,5.513832407181674e-27,3.9633427627350235e-84,5.513832407181674e-27,0.0
14.7,-0.056170214,3.784364676052438e-27,3.246772820548682e-84,3.784364676052438e-27,0.0
14.716666666666669,-0.056170214,2.5968968539948125e-27,2.6597565357328166e-84,2.5968968539948125e-27,0.0
14.733333333333333,-0.056170214,1.7817198171477248e-27,2.1788713221488063e-84,1.7817198171477248e-27,0.0
14.75,-0.056170214,1.2222155075921204e-27,1.7849292095748647e-84,1.2222155075921204e-27,0.0
14.766666666666667,-0.056170214,8.382634075365563e-28,1.462211269739373e-84,8.382634075365563e-28,0.0
14.783333333333331,-0.056170214,5.748284146305118e-28,1.1978404481164452e-84,5.748284146305118e-28,0.0
14.8,-0.056170214,3.9411376244400688e-28,9.812677798890106e-85,3.9411376244400688e-28,0.0
14.816666666666666,-0.056170214,2.7016635988913833e-28,8.03851491931426e-85,2.7016635988913833e-28,0.0
14.833333333333334,-0.056170214,1.8516882710101312e-28,6.585121983644002e-85,1.8516882710101312e-28,0.0
14.85,-0.056170214,1.2689135689326055e-28,5.394504330262697e-85,1.2689135689326055e-28,0.0
14.866666666666667,-0.056170214,8.69409514068111e-29,4.4191524917761336e-85,8.69409514068111e-29,0.0
14.883333333333333,-0.060851064,5.955874368665195e-29,3.620146541374164e-85,5.955874368665195e-29,0.0
14.9,-0.060851064,4.0793978728571354e-29,2.9656031560625065e-85,4.0793978728571354e-29,0.0
14.916666666666666,-0.060851064,2.793679591269946e-29,2.4294034375521157e-85,2.793679591269946e-29,0.0
14.933333333333334,-0.060851064,1.912879915507181e-29,1.9901507329352446e-85,1.912879915507181e-29,0.0
14.95,-0.060851064,1.3095738153310798e-29,1.630316873611226e-85,1.3095738153310798e-29,0.0
14.966666666666669,-0.060851064,8.964044340110625e-30,1.3355427683189192e-85,8.964044340110625e-30,0.0
14.983333333333333,-0.060851064,6.134939918809971e-30,1.0940654445080199e-85,6.134939918809971e-30,0.0
15.0,-0.060851064,4.198068264344108e-30,8.962486773065475e-86,4.198068264344108e-30,0.0
15.016666666666667,-0.060851064,2.8722490623126927e-30,7.341984783087421e-86,2.8722490623126927e-30,0.0
15.033333333333331,-0.060851064,1.9648466474318584e-30,6.014481021822511e-86,1.9648466474318584e-30,0.0
15.05,-0.060851064,1.3439085822915699e-30,4.927000027736014e-86,1.3439085822915699e-30,0.0
15.066666666666666,-0.060851064,9.190641606484984e-31,4.0361444261960854e-86,9.190641606484984e-31,0.0
15.083333333333334,-0.060851064,6.284308508613138e-31,3.306363212123694e-86,6.284308508613138e-31,0.0
15.1,-0.060851064,4.296405327549953e-31,2.7085331227865716e-86,4.296405327549953e-31,0.0
15.116666666666667,-0.06553192,2.936902928809083e-31,2.2187964955932432e-86,2.936902928809083e-31,0.0
15.133333333333333,-0.06553192,2.007294259737191e-31,1.8176092395374804e-86,2.007294259737191e-31,0.0
15.15,-0.06553192,1.3717346179067072e-31,1.4889609325577011e-86,1.3717346179067072e-31,0.0
15.166666666666666,-0.06553192,9.37275482280312e-32,1.2197359250216288e-86,9.37275482280312e-32,0.0
15.183333333333334,-0.06553192,6.403287561785604e-32,9.991899558202133e-87,6.403287561785604e-32,0.0
15.2,-0.06553192,4.37399044565309e-32,8.18521396651531e-87,4.37399044565309e-32,0.0
15.216666666666669,-0.06553192,2.987391959678241e-32,6.705200158782442e-87,2.987391959678241e-32,0.0
15.233333333333333,-0.06553192,2.0400772443225053e-32,5.492792465101998e-87,2.0400772443225053e-32,0.0
15.25,-0.06553192,1.3929691833205998e-32,4.499604768050631e-87,1.3929691833205998e-32,0.0
15.266666666666667,-0.06553192,9.509930881776221e-33,3.6859995780298752e-87,9.509930881776221e-33,0.0
15.283333333333331,-0.06553192,6.491642928608482e-33,3.019506226332517e-87,6.491642928608482e-33,0.0
15.3,-0.06553192,4.430714319600711e-33,2.473525055103818e-87,4.430714319600711e-33,0.0
15.316666666666666,-0.06553192,3.023675508318463e-33,2.0262658955234834e-87,3.023675508318463e-33,0.0
15.333333333333334,-0.06553192,2.063190665983632e-33,1.6598784744109981e-87,2.063190665983632e-33,0.0
15.35,-0.07021277,1.407624220901442e-33,1.359740048102404e-87,1.407624220901442e-33,0.0
15.366666666666667,-0.07021277,9.602354012462995e-34,1.1138718364139452e-87,9.602354012462995e-34,0.0
15.383333333333333,-0.07021277,6.549569220749047e-34,9.124609691673815e-88,6.549569220749047e-34,0.0
15.4,-0.07021277,4.466755923443252e-34,7.474688681638538e-88,4.466755923443252e-34,0.0
15.416666666666666,-0.07021277,3.0459066296670824e-34,6.123104366708048e-88,3.0459066296670824e-34,0.0
15.433333333333334,-0.07021277,2.076759666734438e-34,5.015912540519858e-88,2.076759666734438e-34,0.0
15.45,-0.07021277,1.415798971568029e-34,4.108922878771293e-88,1.415798971568029e-34,0.0
15.466666666666669,-0.07021277,9.650793973107486e-35,3.365935320516875e-88,9.650793973107486e-35,0.0
15.483333333333333,-0.07021277,6.577653535315418e-35,2.7572953287761363e-88,6.577653535315418e-35,0.0
15.5,-0.07021277,4.4825571547636623e-35,2.258710374731078e-88,4.4825571547636623e-35,0.0
15.516666666666667,-0.07021277,3.0544143992001116e-35,1.8502804142399293e-88,3.0544143992001116e-35,0.0
15.533333333333331,-0.07021277,2.081027155124349e-35,1.5157036650638838e-88,2.081027155124349e-35,0.0
15.55,-0.07021277,1.417671417329465e-35,1.2416259888790595e-88,1.417671417329465e-35,0.0
15.566666666666666,-0.07021277,9.656546657701454e-36,1.0171079129797557e-88,9.656546657701454e-36,0.0
15.583333333333334,-0.07021277,6.576834292350157e-36,8.331880212468287e-89,6.576834292350157e-36,0.0
15.6,-0.07021277,4.47879434616874e-36,6.825252898147706e-89,4.47879434616874e-36,0.0
15.616666666666667,-0.07021277,3.049684221654767e-36,5.591060933697297e-89,3.049684221654767e-36,0.0
15.633333333333333,-0.074893616,2.0763402123754927e-36,4.5800418888811005e-89,2.0763402123754927e-36,0.0
15.65,-0.074893616,1.4134889077666334e-36,3.7518409785946125e-89,1.4134889077666334e-36,0.0
15.666666666666666,-0.074893616,9.62136953399377e-37,3.0734004000634457e-89,9.62136953399377e-37,0.0
15.683333333333334,-0.074893616,6.5483568139529685e-37,2.5176399032831735e-89,6.5483568139529685e-37,0.0
15.7,-0.074893616,4.456347733432032e-37,2.0623759357996063e-89,4.456347733432032e-37,0.0
15.716666666666669,-0.074893616,3.0323368661088037e-37,1.6894362242454575e-89,3.0323368661088037e-37,0.0
15.733333333333333,-0.074893616,2.0631357102356507e-37,1.383934454833313e-89,2.0631357102356507e-37,0.0
15.75,-0.074893616,1.4035583026823038e-37,1.1336761045064209e-89,1.4035583026823038e-37,0.0
15.766666666666667,-0.074893616,9.547414141509225e-38,9.2867170867575e-90,9.547414141509225e-38,0.0
15.783333333333331,-0.074893616,6.493727138750366e-38,7.6073813928436954e-90,6.493727138750366e-38,0.0
15.8,-0.074893616,4.41626988071338e-38,6.2317197947882536e-90,4.41626988071338e-38,0.0
15.816666666666666,-0.074893616,3.0031068969370907e-38,5.104819585936481e-90,3.0031068969370907e-38,0.0
15.833333333333334,-0.074893616,2.0419255882610105e-38,4.181697683085132e-90,2.0419255882610105e-38,0.0
15.85,-0.074893616,1.3882359300834165e-38,3.4255051179097843e-90,1.3882359300834165e-38,0.0
15.866666666666667,-0.079574466,9.437157646994123e-39,2.806056194464371e-90,9.437157646994123e-39,0.0
15.883333333333333,-0.079574466,6.414665404298567e-39,2.298623606957752e-90,6.414665404298567e-39,0.0
15.9,-0.079574466,4.3597539511825716e-39,1.8829514269973352e-90,4.3597539511825716e-39,0.0
15.916666666666666,-0.079574466,2.9628210923433253e-39,1.5424465651447728e-90,2.9628210923433253e-39,0.0
15.933333333333334,-0.079574466,2.013282184338553e-39,1.2635164349680675e-90,2.013282184338553e-39,0.0
15.95,-0.079574466,1.3679176213770633e-39,1.035026383112246e-90,1.3679176213770633e-39,0.0
15.966666666666669,-0.079574466,9.293335197365124e-40,8.478552291187962e-91,9.293335197365124e-40,0.0
15.983333333333333,-0.079574466,6.313059952636595e-40,6.945311745974246e-91,6.313059952636595e-40,0.0
16.0,-0.079574466,4.288102589317778e-40,5.689335491655236e-91,4.288102589317778e-40,0.0
16.016666666666666,-0.079574466,2.912377358307612e-40,4.660484883584616e-91,2.912377358307612e-40,0.0
16.033333333333335,-0.079574466,1.9778239547020117e-40,3.817687913458449e-91,1.9778239547020117e-40,0.0
16.05,-0.079574466,1.3430290462244111e-40,3.127299696892884e-91,1.3430290462244111e-40,0.0
16.066666666666666,-0.079574466,9.118874540314394e-41,2.5617594291776523e-91,9.118874540314394e-41,0.0
16.083333333333332,-0.079574466,6.190923129666361e-41,2.0984902003888638e-91,6.190923129666361e-41,0.0
16.1,-0.079574466,4.2026980551485697e-41,1.718997754726409e-91,4.2026980551485697e-41,0.0
16.116666666666667,-0.079574466,2.8527245598311857e-41,1.408132219820744e-91,2.8527245598311857e-41,0.0
16.133333333333333,-0.079574466,1.9362018611386984e-41,1.1534833367480942e-91,1.9362018611386984e-41,0.0
16.15,-0.079574466,1.3140165296343764e-41,9.4488505024917e-92,1.3140165296343764e-41,0.0
16.166666666666668,-0.079574466,8.916834111632949e-42,7.740096838427804e-92,8.916834111632949e-42,0.0
16.183333333333334,-0.079574466,6.050349564897125e-42,6.340355003994222e-92,6.050349564897125e-42,0.0
16.2,-0.079574466,4.104974125718356e-42,5.193743780116554e-92,4.104974125718356e-42,0.0
16.216666666666665,-0.079574466,2.7848436066103116e-42,4.2544873059048555e-92,2.7848436066103116e-42,0.0
16.233333333333334,-0.079574466,1.8890866456518205e-42,3.485087683040829e-92,1.8890866456518205e-42,0.0
16.25,-0.079574466,1.2813384950026073e-42,2.854828032195122e-92,1.2813384950026073e-42,0.0
16.266666666666666,-0.079574466,8.690345525401028e-43,2.338546245790648e-92,8.690345525401028e-43,0.0
16.283333333333335,-0.079574466,5.893477540373546e-43,1.9156304869352477e-92,5.893477540373546e-43,0.0
16.3,-0.079574466,3.99639015903403e-43,1.5691963359257964e-92,3.99639015903403e-43,0.0
16.316666666666666,-0.079574466,2.709730049286824e-43,1.285412736715799e-92,2.709730049286824e-43,0.0
16.333333333333332,-0.079574466,1.8371571582497024e-43,1.0529498355526744e-92,1.8371571582497024e-43,0.0
16.35,-0.079574466,1.245457640017845e-43,8.625266697226225e-93,1.245457640017845e-43,0.0
16.366666666666667,-0.079574466,8.442561155488992e-44,7.065406502156265e-93,8.442561155488992e-44,0.0
16.383333333333333,-0.079574466,5.722453890989393e-44,5.787640472385401e-93,5.722453890989393e-44,0.0
16.4,-0.079574466,3.8784076037650485e-44,4.7409536219279785e-93,3.8784076037650485e-44,0.0
16.416666666666668,-0.079574466,2.6283783671808387e-44,3.883556607600155e-93,2.6283783671808387e-44,0.0
16.433333333333334,-0.079574466,1.7810898530114247e-44,3.181217365635848e-93,1.7810898530114247e-44,0.0
16.45,-0.074893616,1.2068339184659362e-44,2.6058944513976746e-93,1.2068339184659362e-44,0.0
16.466666666666665,-0.074893616,8.176607269685346e-45,2.1346175234962936e-93,8.176607269685346e-45,0.0
16.483333333333334,-0.074893616,5.5394027262079424e-45,1.7485702796688066e-93,5.5394027262079424e-45,0.0
16.5,-0.074893616,3.7524691360646497e-45,1.4323392337263686e-93,3.7524691360646497e-45,0.0
16.516666666666666,-0.074893616,2.541768060251255e-45,1.173298343356135e-93,2.541768060251255e-45,0.0
16.533333333333335,-0.074893616,1.7215495220247277e-45,9.611049218454452e-94,1.7215495220247277e-45,0.0
16.55,-0.074893616,1.1659183705286565e-45,7.872867093674849e-94,1.1659183705286565e-45,0.0
16.566666666666666,-0.074893616,7.895542974537559e-46,6.449036186750798e-94,7.895542974537559e-46,0.0
16.583333333333332,-0.074893616,5.346398127667433e-46,5.282706511664152e-94,5.346398127667433e-46,0.0
16.6,-0.074893616,3.619980514539962e-46,4.3273092131190526e-94,3.619980514539962e-46,0.0
16.616666666666667,-0.074893616,2.450851597837366e-46,3.544697278568532e-94,2.450851597837366e-46,0.0
16.633333333333333,-0.074893616,1.6591812967114552e-46,2.903622488906553e-94,1.6591812967114552e-46,0.0
16.65,-0.074893616,1.123147817516226e-46,2.3784878021947776e-94,1.123147817516226e-46,0.0
16.666666666666668,-0.074893616,7.6023250518187e-47,1.9483253607962732e-94,7.6023250518187e-47,0.0
16.683333333333334,-0.074893616,5.14544085941582e-47,1.5959593198233389e-94,5.14544085941582e-47,0.0
16.7,-0.074893616,3.482295166244058e-47,1.307320073434543e-94,3.482295166244058e-47,0.0
16.716666666666665,-0.074893616,2.3565442249096433e-47,1.070882499819888e-94,2.3565442249096433e-47,0.0
16.733333333333334,-0.074893616,1.5946039117124577e-47,8.772057969707498e-95,1.5946039117124577e-47,0.0
16.75,-0.074893616,1.078940414221791e-47,7.185565372154478e-95,1.078940414221791e-47,0.0
16.766666666666666,-0.074893616,7.299778616987188e-48,5.885998909208621e-95,7.299778616987188e-48,0.0
16.783333333333335,-0.074893616,4.938439028029961e-48,4.8214669135915873e-95,4.938439028029961e-48,0.0
16.8,-0.074893616,3.340701450833945e-48,3.9494624216053946e-95,3.340701450833945e-48,0.0
16.816666666666666,-0.074893616,2.2597155831591278e-48,3.235165950280212e-95,2.2597155831591278e-48,0.0
16.833333333333332,-0.074893616,1.5284041978885655e-48,2.6500552138347436e-95,1.5284041978885655e-48,0.0
16.85,-0.074893616,1.0336920332388866e-48,2.1707662706968218e-95,1.0336920332388866e-48,0.0
16.866666666666667,-0.074893616,6.990573405918677e-49,1.7781606307620832e-95,6.990573405918677e-49,0.0
16.883333333333333,-0.074893616,4.727192548237774e-49,1.4565610756214798e-95,4.727192548237774e-49,0.0
16.9,-0.074893616,3.196412496422457e-49,1.1931256804719492e-95,3.196412496422457e-49,0.0
16.916666666666668,-0.074893616,2.161183069079802e-49,9.773350442444094e-96,2.161183069079802e-49,0.0
16.933333333333334,-0.074893616,1.461132747923319e-49,8.005722544491017e-96,1.461132747923319e-49,0.0
16.95,-0.074893616,9.877734404727893e-50,6.5577881579223555e-96,9.877734404727893e-50,0.0
16.966666666666665,-0.074893616,6.6772053974075e-50,5.371728045881624e-96,6.6772053974075e-50,0.0
16.983333333333334,-0.074893616,4.51338120514516e-50,4.4001799546420005e-96,4.51338120514516e-50,0.0
17.0,-0.074893616,3.050558458542558e-50,3.6043474202335057e-96,3.050558458542558e-50,0.0
17.016666666666666,-0.074893616,2.061706823760145e-50,2.9524506024729955e-96,2.061706823760145e-50,0.0
17.033333333333335,-0.074893616,1.3933006801774706e-50,2.4184572904800572e-96,1.3933006801774706e-50,0.0
17.05,-0.074893616,9.415282094904079e-51,1.981043410329237e-96,9.415282094904079e-51,0.0
17.066666666666666,-0.074893616,6.361983403751061e-51,1.622741529003372e-96,6.361983403751061e-51,0.0
17.083333333333332,-0.074893616,4.2985560555154035e-51,1.3292433551344014e-96,4.2985560555154035e-51,0.0
17.1,-0.079574466,2.9041810222200325e-51,1.0888283858296344e-96,2.9041810222200325e-51,0.0
17.116666666666667,-0.079574466,1.9619862288326147e-51,8.91895885699417e-97,1.9619862288326147e-51,0.0
17.133333333333333,-0.074893616,1.3253774133919502e-51,7.305815101138717e-97,1.3253774133919502e-51,0.0
17.15,-0.074893616,8.952713139776184e-52,5.984432644637047e-97,8.952713139776184e-52,0.0
17.166666666666668,-0.079574466,6.047020208131959e-52,4.902042597195545e-97,6.047020208131959e-52,0.0
17.183333333333334,-0.079574466,4.0841338762838995e-52,4.015419924192722e-97,4.0841338762838995e-52,0.0
17.2,-0.079574466,2.758229945330303e-52,3.289157349070879e-97,2.758229945330303e-52,0.0
17.216666666666665,-0.079574466,1.862657769196905e-52,2.6942514337951555e-97,1.862657769196905e-52,0.0
17.233333333333334,-0.079574466,1.2577893560978405e-52,2.206944378148894e-97,1.2577893560978405e-52,0.0
17.25,-0.079574466,8.492883320679745e-53,1.8077752895160263e-97,8.492883320679745e-53,0.0
17.266666666666666,-0.079574466,5.7342277930187215e-53,1.4808030390128237e-97,5.7342277930187215e-53,0.0
17.283333333333335,-0.079574466,3.871394347050427e-53,1.2129696713638147e-97,3.871394347050427e-53,0.0
17.3,-0.079574466,2.6135614281428757e-53,9.935789483208942e-98,2.6135614281428757e-53,0.0
17.316666666666666,-0.084255315,1.764294114966328e-53,8.138692028130575e-98,1.764294114966328e-53,0.0
17.333333333333332,-0.084255315,1.1909194096234398e-53,6.666634469460505e-98,1.1909194096234398e-53,0.0
17.35,-0.084255315,8.038351933190688e-54,5.460827618172779e-98,8.038351933190688e-54,0.0
17.366666666666667,-0.084255315,5.425316186049031e-54,4.473115240508272e-98,5.425316186049031e-54,0.0
17.383333333333333,-0.084255315,3.6614796428849886e-54,3.664050938855285e-98,3.6614796428849886e-54,0.0
17.4,-0.084255315,2.4709380880252135e-54,3.001322852213181e-98,2.4709380880252135e-54,0.0
17.416666666666668,-0.084255315,1.6674042718156954e-54,2.4584632694516984e-98,1.6674042718156954e-54,0.0
17.433333333333334,-0.084255315,1.1251071818510806e-54,2.0137916258149257e-98,1.1251071818510806e-54,0.0
17.45,-0.084255315,7.59138398259293e-55,1.649548672695563e-98,7.59138398259293e-55,0.0
17.466666666666665,-0.084255315,5.121795446262734e-55,1.3511872447766907e-98,5.121795446262734e-55,0.0
17.483333333333334,-0.08893617,3.45539611279541e-55,1.1067913020254537e-98,3.45539611279541e-55,0.0
17.5,-0.08893617,2.3310303185431797e-55,9.066000464401537e-99,2.3310303185431797e-55,0.0
17.516666666666666,-0.08893617,1.5724346497130804e-55,7.426181094337807e-99,1.5724346497130804e-55,0.0
17.533333333333335,-0.09361702,1.0606498098523152e-55,6.082962428427317e-99,1.0606498098523152e-55,0.0
17.55,-0.09361702,7.1539564136372815e-56,4.982697620187853e-99,7.1539564136372815e-56,0.0
17.566666666666666,-0.09361702,4.824980321687965e-56,4.081442957303509e-99,4.824980321687965e-56,0.0
17.583333333333332,-0.09361702,3.254017725934889e-56,3.343202867541961e-99,3.254017725934889e-56,0.0
17.6,-0.09361702,2.1944188175661997e-56,2.738492345208303e-99,2.1944188175661997e-56,0.0
17.616666666666667,-0.09361702,1.4797709041834708e-56,2.243159387798271e-99,1.4797709041834708e-56,0.0
17.633333333333333,-0.09361702,9.978032926880561e-57,1.83742041594391e-99,9.978032926880561e-57,0.0
17.65,-0.09361702,6.727767706908824e-57,1.505070155212644e-99,6.727767706908824e-57,0.0
17.666666666666668,-0.09361702,4.535997126898029e-57,1.2328344254682608e-99,4.535997126898029e-57,0.0
17.683333333333334,-0.09361702,3.058090980528339e-57,1.0098399905594711e-99,3.058090980528339e-57,0.0
17.7,-0.08893617,2.061598078373766e-57,8.271802959603145e-100,2.061598078373766e-57,0.0
17.716666666666665,-0.08893617,1.3897404110484408e-57,6.77559751339876e-100,1.3897404110484408e-57,0.0
17.733333333333334,-0.08893617,9.367842405524448e-58,5.550023517962908e-100,9.367842405524448e-58,0.0
17.75,-0.08893617,6.314250209062781e-58,4.546130009250062e-100,6.314250209062781e-58,0.0
17.766666666666666,-0.08893617,4.255792414027652e-58,3.723820036044767e-100,4.255792414027652e-58,0.0
17.783333333333335,-0.08893617,2.8682409881709737e-58,3.0502492042853365e-100,2.8682409881709737e-58,0.0
17.8,-0.09361702,1.932980650249274e-58,2.498513879397171e-100,1.932980650249274e-58,0.0
17.816666666666666,-0.09361702,1.3026152443767954e-58,2.0465766562035792e-100,1.3026152443767954e-58,0.0
17.833333333333332,-0.09361702,8.77771952617144e-59,1.676386181749571e-100,8.77771952617144e-59,0.0
17.85,-0.09361702,5.914584607515807e-59,1.3731561782826734e-100,5.914584607515807e-59,0.0
17.866666666666667,-0.09361702,3.98514304102448e-59,1.1247748716819732e-100,3.98514304102448e-59,0.0
17.883333333333333,-0.09361702,2.6849784672546164e-59,9.213212387044251e-101,2.6849784672546164e-59,0.0
17.9,-0.09361702,1.8089019897481788e-59,7.54668752528576e-101,1.8089019897481788e-59,0.0
17.916666666666668,-0.09361702,1.2186155376041452e-59,6.181608005783353e-101,1.2186155376041452e-59,0.0
17.933333333333334,-0.09361702,8.20910743017279e-60,5.0634481107140654e-101,8.20910743017279e-60,0.0
17.95,-0.09361702,5.52971600923715e-60,4.14754469466292e-101,5.52971600923715e-60,0.0
17.966666666666665,-0.09361702,3.72466727485471e-60,3.3973132662344985e-101,3.72466727485471e-60,0.0
17.983333333333334,-0.09361702,2.5087074027264566e-60,2.782786737509284e-101,2.5087074027264566e-60,0.0
18.0,-0.09361702,1.6896257399864086e-60,2.2794184790613213e-101,1.6896257399864086e-60,0.0
18.016666666666666,-0.09361702,1.1379131189063752e-60,1.867101874379395e-101,1.1379131189063752e-60,0.0
18.03333333333333,-0.09361702,7.66312442084117e-61,1.5293672143756487e-101,7.66312442084117e-61,0.0
18.05,-0.09361702,5.16037113593595e-61,1.2527238555321406e-101,5.16037113593595e-61,0.0
18.066666666666663,-0.09361702,3.4748366034980006e-61,1.0261213670228655e-101,3.4748366034980006e-61,0.0
18.08333333333333,-0.09361702,2.3397331541610356e-61,8.405081445499686e-102,2.3397331541610356e-61,0.0
18.1,-0.09361702,1.575349292278896e-61,6.884698614604964e-102,1.575349292278896e-61,0.0
18.116666666666667,-0.08893617,1.0606353235350185e-61,5.639333164277714e-102,1.0606353235350185e-61,0.0
18.133333333333333,-0.08893617,7.14059007870368e-62,4.6192384894851015e-102,7.14059007870368e-62,0.0
18.15,-0.08893617,4.807076202229723e-62,3.7836663343910216e-102,4.807076202229723e-62,0.0
18.166666666666668,-0.08893617,3.2359879676520837e-62,3.0992391525837493e-102,3.2359879676520837e-62,0.0
18.183333333333334,-0.08893617,2.1782708194041478e-62,2.5386168754128594e-102,2.1782708194041478e-62,0.0
18.2,-0.08893617,1.4662095016854944e-62,2.0794048362721787e-102,1.4662095016854944e-62,0.0
18.216666666666665,-0.08893617,9.8686889756288e-63,1.7032592307652929e-102,9.8686889756288e-63,0.0
18.23333333333333,-0.08893617,6.642051910105225e-63,1.3951543825677829e-102,6.642051910105225e-63,0.0
18.25,-0.08893617,4.470175097728682e-63,1.1427825476006536e-102,4.470175097728682e-63,0.0
18.266666666666666,-0.08893617,3.008336160011264e-63,9.360622829590085e-103,3.008336160011264e-63,0.0
18.28333333333333,-0.08893617,2.0244536861685892e-63,7.66735743340981e-103,2.0244536861685892e-63,0.0
18.3,-0.08893617,1.362288445072852e-63,6.28038819688054e-103,1.362288445072852e-63,0.0
18.316666666666663,-0.09361702,9.166639190514612e-64,5.144309442423528e-103,9.166639190514612e-64,0.0
18.33333333333333,-0.09361702,6.16781203797869e-64,4.2137376945918064e-103,6.16781203797869e-64,0.0
18.35,-0.09361702,4.149847547152901e-64,3.451498803733608e-103,4.149847547152901e-64,0.0
18.366666666666667,-0.09361702,2.79198617598787e-64,2.827142990710897e-103,2.79198617598787e-64,0.0
18.383333333333333,-0.09361702,1.8783416283185904e-64,2.3157284974067616e-103,1.8783416283185904e-64,0.0
18.4,-0.09361702,1.263619126796007e-64,1.8968252567686957e-103,1.263619126796007e-64,0.0
18.416666666666668,-0.09361702,8.500376738114468e-65,1.5536987844804945e-103,8.500376738114468e-65,0.0
18.433333333333334,-0.08893617,5.717953519038549e-65,1.2726416930811675e-103,5.717953519038549e-65,0.0
18.45,-0.08893617,3.846126973521923e-65,1.0424261259576677e-103,3.846126973521923e-65,0.0
18.466666666666665,-0.08893617,2.5869453341670387e-65,8.538552386720808e-104,2.5869453341670387e-65,0.0
18.48333333333333,-0.08893617,1.739929326824698e-65,6.993958114502388e-104,1.739929326824698e-65,0.0
18.5,-0.08893617,1.170191052764194e-65,5.728773173973064e-104,1.170191052764194e-65,0.0
18.516666666666666,-0.08893617,7.869784334896005e-66,4.692454255520303e-104,7.869784334896005e-66,0.0
18.53333333333333,-0.09361702,5.292365942847134e-66,3.8436009227759023e-104,5.292365942847134e-66,0.0
18.55,-0.09361702,3.5589178374458345e-66,3.1483017556675494e-104,3.5589178374458345e-66,0.0
18.566666666666663,-0.09361702,2.393135017069149e-66,2.5787796574997944e-104,2.393135017069149e-66,0.0
18.58333333333333,-0.09361702,1.609154217097083e-66,2.1122822111515442e-104,1.609154217097083e-66,0.0
18.6,-0.09361702,1.0819556082960185e-66,1.7301727580815964e-104,1.0819556082960185e-66,0.0
18.616666666666667,-0.09361702,7.274490935549575e-67,1.417185891831151e-104,7.274490935549575e-67,0.0
18.633333333333333,-0.09361702,4.8907700343474566e-67,1.1608176253860277e-104,4.8907700343474566e-67,0.0
18.65,-0.09361702,3.2880122700060686e-67,9.508258714459253e-105,3.2880122700060686e-67,0.0
18.666666666666668,-0.09361702,2.2104019126791777e-67,7.788212812210987e-105,2.2104019126791777e-67,0.0
18.683333333333334,-0.09361702,1.485904084473077e-67,6.3793209687336015e-105,1.485904084473077e-67,0.0
18.7,-0.09361702,9.988311886212442e-68,5.225296293039772e-105,9.988311886212442e-68,0.0
18.716666666666665,-0.09361702,6.713906377927671e-68,4.2800339477412504e-105,6.713906377927671e-68,0.0
18.73333333333333,-0.09361702,4.512741042061562e-68,3.505769275573518e-105,4.512741042061562e-68,0.0
18.75,-0.09361702,3.0331058572990604e-68,2.871569107110325e-105,3.0331058572990604e-68,0.0
18.766666666666666,-0.09361702,2.0385286643959496e-68,2.3520959801962468e-105,2.0385286643959496e-68,0.0
18.78333333333333,-0.09361702,1.3700242478497548e-68,1.9265959037308686e-105,1.3700242478497548e-68,0.0
18.8,-0.09361702,9.207080430914918e-69,1.5780692284945104e-105,9.207080430914918e-69,0.0
18.816666666666663,-0.09361702,6.187254040738708e-69,1.2925915024096592e-105,6.187254040738708e-69,0.0
18.83333333333333,-0.09361702,4.1577307487302995e-69,1.0587571791965397e-105,4.1577307487302995e-69,0.0
18.85,-0.09361702,2.793812471272629e-69,8.672239571406702e-106,2.793812471272629e-69,0.0
18.866666666666667,-0.09361702,1.8772438614781733e-69,7.103395446804039e-106,1.8772438614781733e-69,0.0
18.883333333333333,-0.09361702,1.2613242877737288e-69,5.818359423462204e-106,1.2613242877737288e-69,0.0
18.9,-0.09361702,8.474528050649875e-70,4.765790277661465e-106,8.474528050649875e-70,0.0
18.916666666666668,-0.09361702,5.693601334529551e-70,3.903634397377962e-106,5.693601334529551e-70,0.0
18.933333333333334,-0.09361702,3.825087989809109e-70,3.1974456701808496e-106,3.825087989809109e-70,0.0
18.95,-0.09361702,2.5696780738865295e-70,2.6190092978018457e-106,2.5696780738865295e-70,0.0
18.966666666666665,-0.09361702,1.7262313236990147e-70,2.1452145585266618e-106,1.7262313236990147e-70,0.0
18.98333333333333,-0.09361702,1.1595842897232306e-70,1.7571314838713704e-106,1.1595842897232306e-70,0.0
19.0,-0.09361702,7.789126890333893e-71,1.4392545623047255e-106,7.789126890333893e-71,0.0
19.016666666666666,-0.09361702,5.2318879104486785e-71,1.1788832554664194e-106,5.2318879104486785e-71,0.0
19.03333333333333,-0.09361702,3.5140776078142436e-71,9.656145779800134e-107,3.5140776078142436e-71,0.0
19.05,-0.09829787,2.3601934499961756e-71,7.909274689120867e-107,2.3601934499961756e-71,0.0
19.066666666666663,-0.09829787,1.5851386527670988e-71,6.478423500282402e-107,1.5851386527670988e-71,0.0
19.08333333333333,-0.09829787,1.0645605858498051e-71,5.306422697412281e-107,1.0645605858498051e-71,0.0
19.1,-0.09829787,7.149193449005382e-72,4.346444920333092e-107,7.149193449005382e-72,0.0
19.116666666666667,-0.09829787,4.800951526670507e-72,3.560134049478816e-107,4.800951526670507e-72,0.0
19.133333333333333,-0.09829787,3.2238978072990676e-72,2.9160727400154336e-107,3.2238978072990676e-72,0.0
19.15,-0.09829787,2.1648058487747036e-72,2.3885271800987098e-107,2.1648058487747036e-72,0.0
19.166666666666668,-0.09829787,1.453585039288715e-72,1.9564189236423762e-107,1.453585039288715e-72,0.0
19.183333333333334,-0.09829787,9.759909892019262e-73,1.6024827199288135e-107,9.759909892019262e-73,0.0
19.2,-0.09829787,6.552923664415583e-73,1.3125766932590144e-107,6.552923664415583e-73,0.0
19.216666666666665,-0.09829787,4.3995515595854815e-73,1.0751173124920495e-107,4.3995515595854815e-73,0.0
19.23333333333333,-0.09829787,2.953695906513107e-73,8.806165759171347e-108,2.953695906513107e-73,0.0
19.25,-0.09829787,1.9829295341675588e-73,7.213029206177265e-108,1.9829295341675588e-73,0.0
19.266666666666666,-0.09829787,1.3311683277217368e-73,5.908107104680649e-108,1.3311683277217368e-73,0.0
19.28333333333333,-0.09829787,8.935995234950545e-74,4.839258967830511e-108,8.935995234950545e-74,0.0
19.3,-0.09829787,5.998424569525921e-74,3.9637768988563966e-108,5.998424569525921e-74,0.0
19.316666666666663,-0.09829787,4.026390186309116e-74,3.2466791811618832e-108,4.026390186309116e-74,0.0
19.33333333333333,-0.09829787,2.702582507835329e-74,2.659312565311926e-108,2.702582507835329e-74,0.0
19.35,-0.09829787,1.8139552620811204e-74,2.178207408774952e-108,1.8139552620811204e-74,0.0
19.366666666666667,-0.09829787,1.2174713531096177e-74,1.78413992655516e-108,1.2174713531096177e-74,0.0
19.383333333333333,-0.09829787,8.171006589630001e-75,1.4613640856322189e-108,8.171006589630001e-75,0.0
19.4,-0.09829787,5.483742600197995e-75,1.1969824539998594e-108,5.483742600197995e-75,0.0
19.416666666666668,-0.09829787,3.680131297462534e-75,9.804308668386031e-109,3.680131297462534e-75,0.0
19.433333333333334,-0.09829787,2.46964413037899e-75,8.030563197964245e-109,2.46964413037899e-75,0.0
19.45,-0.09829787,1.657258715980709e-75,6.577712241460809e-109,1.657258715980709e-75,0.0
19.466666666666665,-0.09829787,1.1120675725732967e-75,5.387702095662995e-109,1.1120675725732967e-75,0.0
19.48333333333333,-0.09829787,7.462030708547121e-76,4.412981593407998e-109,7.462030708547121e-76,0.0
19.5,-0.09829787,5.006888672838411e-76,3.614602097360138e-109,5.006888672838411e-76,0.0
19.516666666666666,-0.09829787,3.3594172250326885e-76,2.960661219823663e-109,3.3594172250326885e-76,0.0
19.53333333333333,-0.09829787,2.253954365083612e-76,2.4250280863485894e-109,2.253954365083612e-76,0.0
19.55,-0.09829787,1.512207943649608e-76,1.9862992099659759e-109,1.512207943649608e-76,0.0
19.566666666666663,-0.09829787,1.01452602175889e-76,1.6269432569641572e-109,1.01452602175889e-76,0.0
19.58333333333333,-0.09829787,6.806129418517202e-77,1.3326005323331624e-109,6.806129418517202e-77,0.0
19.6,-0.09829787,4.565860181546098e-77,1.0915091949036936e-109,4.565860181546098e-77,0.0
19.616666666666667,-0.09829787,3.06288339013331e-77,8.94035275761501e-110,3.06288339013331e-77,0.0
19.633333333333333,-0.09829787,2.0545836256288522e-77,7.322877210613479e-110,2.0545836256288522e-77,0.0
19.65,-0.09829787,1.3781698463167763e-77,5.998030775931652e-110,1.3781698463167763e-77,0.0
19.666666666666668,-0.09829787,9.244156319331224e-78,4.912872221013164e-110,9.244156319331224e-78,0.0
19.683333333333334,-0.09829787,6.200368332400014e-78,4.024038146136645e-110,6.200368332400014e-78,0.0
19.7,-0.09829787,4.158660087250508e-78,3.296010229584101e-110,4.158660087250508e-78,0.0
19.716666666666665,-0.09829787,2.78917099035035e-78,2.6996959483223196e-110,2.78917099035035e-78,0.0
19.73333333333333,-0.09829787,1.870607578077282e-78,2.2112660632684055e-110,1.870607578077282e-78,0.0
19.75,-0.09829787,1.2545157775045297e-78,1.8112024177222567e-110,1.2545157775045297e-78,0.0
19.766666666666666,-0.09829787,8.413089473601489e-79,1.4835180010323484e-110,8.413089473601489e-79,0.0
19.78333333333333,-0.09829787,5.641841521941134e-79,1.2151181127893523e-110,5.641841521941134e-79,0.0
19.8,-0.09829787,3.7833132874949364e-79,9.952771008446838e-111,3.7833132874949364e-79,0.0
19.816666666666663,-0.09829787,2.5369378566017188e-79,8.152097644851232e-111,2.5369378566017188e-79,0.0
19.83333333333333,-0.09829787,1.701114338665156e-79,6.677202966912464e-111,1.701114338665156e-79,0.0
19.85,-0.09361702,1.1406263130880747e-79,5.469147376976863e-111,1.1406263130880747e-79,0.0
19.866666666666667,-0.09361702,7.647852851988482e-80,4.479654498520298e-111,7.647852851988482e-80,0.0
19.883333333333333,-0.09361702,5.127692441671595e-80,3.669182024412132e-111,5.127692441671595e-80,0.0
19.9,-0.09361702,3.437880465735679e-80,3.0053415777449417e-111,3.437880465735679e-80,0.0
19.916666666666668,-0.09361702,2.304867615820997e-80,2.4616044440851458e-111,2.304867615820997e-80,0.0
19.933333333333334,-0.09361702,1.5452105330960223e-80,2.0162414570165797e-111,1.5452105330960223e-80,0.0
19.95,-0.09829787,1.0358952564523794e-80,1.6514546753036511e-111,1.0358952564523794e-80,0.0
19.966666666666665,-0.09361702,6.944333816214577e-81,1.3526661537757674e-111,6.944333816214577e-81,0.0
19.98333333333333,-0.09361702,4.65513140257516e-81,1.1079353873396439e-111,4.65513140257516e-81,0.0
20.0,-0.09361702,3.120469624187007e-81,9.074821491966584e-112,3.120469624187007e-81,0.0
20.016666666666666,-0.09361702,2.091677298762966e-81,7.432956558199696e-112,2.091677298762966e-81,0.0
20.03333333333333,-0.09361702,1.4020263123845943e-81,6.088144408166994e-112,1.4020263123845943e-81,0.0
20.05,-0.09829787,9.397329435686147e-82,4.986641452990155e-112,9.397329435686147e-82,0.0
20.066666666666663,-0.09829787,6.298535683327818e-82,4.084427467171907e-112,6.298535683327818e-82,0.0
20.08333333333333,-0.09829787,4.221449896500641e-82,3.3454464374351163e-112,4.221449896500641e-82,0.0
20.1,-0.09829787,2.829245505181557e-82,2.740165674870476e-112,2.829245505181557e-82,0.0
20.116666666666667,-0.09829787,1.8961235324237558e-82,2.244395611040259e-112,1.8961235324237558e-82,0.0
20.133333333333333,-0.09829787,1.2707194201477062e-82,1.838323115718101e-112,1.2707194201477062e-82,0.0
20.15,-0.09829787,8.515689125215045e-83,1.505719706376513e-112,8.515689125215045e-83,0.0
20.166666666666668,-0.09829787,5.706595233528813e-83,1.233293008314057e-112,5.706595233528813e-83,0.0
20.183333333333334,-0.09829787,3.824032069326969e-83,1.0101555487293003e-112,3.824032069326969e-83,0.0
20.2,-0.09829787,2.562437103414525e-83,8.273896568202777e-113,2.562437103414525e-83,0.0
20.216666666666665,-0.09829787,1.7170074544688463e-83,6.776910824926418e-113,1.7170074544688463e-83,0.0
20.23333333333333,-0.09829787,1.150478404576124e-83,5.550770919499803e-113,1.150478404576124e-83,0.0
20.25,-0.09829787,7.708540007250791e-84,4.546473750269459e-113,7.708540007250791e-84,0.0
20.266666666666666,-0.09829787,5.164796389451732e-84,3.723882095634991e-113,5.164796389451732e-84,0.0
20.28333333333333,-0.09829787,3.460363633552825e-84,3.050120567423354e-113,3.460363633552825e-84,0.0
20.3,-0.09829787,2.3183434660357175e-84,2.498261771980578e-113,2.3183434660357175e-84,0.0
20.316666666666663,-0.09829787,1.5531784830751245e-84,2.0462501743327377e-113,1.5531784830751245e-84,0.0
20.33333333333333,-0.09829787,1.0405250654218508e-84,1.6760206598902716e-113,1.0405250654218508e-84,0.0
20.35,-0.09829787,6.97061930982423e-85,1.3727765687236986e-113,6.97061930982423e-85,0.0
20.366666666666667,-0.10297872,4.669580480702929e-85,1.1243983503448935e-113,4.669580480702929e-85,0.0
20.383333333333333,-0.10297872,3.1280385002392556e-85,9.209592068577904e-114,3.1280385002392556e-85,0.0
20.4,-0.10297872,2.095337969906964e-85,7.543283678889686e-114,2.095337969906964e-85,0.0
20.416666666666668,-0.10297872,1.4035370701824348e-85,6.178461427196446e-114,1.4035370701824348e-85,0.0
20.433333333333334,-0.10297872,9.401162225083396e-86,5.060577634749557e-114,9.401162225083396e-86,0.0
20.45,-0.10297872,6.2969044483480026e-86,4.144953826998762e-114,6.2969044483480026e-86,0.0
20.466666666666665,-0.10297872,4.217553488476681e-86,3.394995130589995e-114,4.217553488476681e-86,0.0
20.48333333333333,-0.10297872,2.8247633969218867e-86,2.780727731389053e-114,2.8247633969218867e-86,0.0
20.5,-0.10297872,1.8918712559959666e-86,2.2776009439924556e-114,1.8918712559959666e-86,0.0
20.516666666666666,-0.10297872,1.2670365596199956e-86,1.8655060180423825e-114,1.2670365596199956e-86,0.0
20.53333333333333,-0.10297872,8.485448877188816e-87,1.5279724682970657e-114,8.485448877188816e-87,0.0
20.55,-0.10765957,5.682620384839774e-87,1.2515098099711509e-114,5.682620384839774e-87,0.0
20.566666666666663,-0.10765957,3.8054906430339997e-87,1.0250683918516989e-114,3.8054906430339997e-87,0.0
20.58333333333333,-0.10765957,2.5483607228173195e-87,8.395977793542533e-115,2.5483607228173195e-87,0.0
20.6,-0.10765957,1.7064729903230606e-87,6.876850382111224e-115,1.7064729903230606e-87,0.0
20.616666666666667,-0.10765957,1.1426842642611322e-87,5.632584626758594e-115,1.1426842642611322e-87,0.0
20.633333333333333,-0.10765957,7.651409173659502e-88,4.613449075993491e-115,7.651409173659502e-88,0.0
20.65,-0.10765957,5.123243530843451e-88,3.7787102600458147e-115,5.123243530843451e-88,0.0
20.666666666666668,-0.10765957,3.4303387228276347e-88,3.0950046846781946e-115,3.4303387228276347e-88,0.0
20.683333333333334,-0.10765957,2.2967698761222202e-88,2.5350053783355333e-115,2.2967698761222202e-88,0.0
20.7,-0.10765957,1.537752609472748e-88,2.0763296998007026e-115,1.537752609472748e-88,0.0
20.716666666666665,-0.10765957,1.0295418685368324e-88,1.700644755606795e-115,1.0295418685368324e-88,0.0
20.73333333333333,-0.10765957,6.892712164712091e-89,1.392934674031807e-115,6.892712164712091e-89,0.0
20.75,-0.10765957,4.6145026750892574e-89,1.1409004512156708e-115,4.6145026750892574e-89,0.0
20.766666666666666,-0.10765957,3.0892163787306207e-89,9.344683832930219e-116,3.0892163787306207e-89,0.0
20.78333333333333,-0.10765957,2.068047270848216e-89,7.653874381798402e-116,2.068047270848216e-89,0.0
20.8,-0.10765957,1.3843991968183253e-89,6.268994752250648e-116,1.3843991968183253e-89,0.0
20.816666666666663,-0.10765957,9.267252545046354e-90,5.13469132393008e-116,9.267252545046354e-90,0.0
20.83333333333333,-0.10765957,6.203395609244107e-90,4.20562585337716e-116,6.203395609244107e-90,0.0
20.85,-0.10765957,4.152377379006818e-90,3.4446633597176705e-116,4.152377379006818e-90,0.0
20.866666666666667,-0.10765957,2.7794127809044496e-90,2.8213878797502443e-116,2.7794127809044496e-90,0.0
20.883333333333333,-0.10765957,1.8603652429455105e-90,2.3108867707929898e-116,1.8603652429455105e-90,0.0
20.9,-0.10765957,1.2451806235393565e-90,1.8927549726816878e-116,1.2451806235393565e-90,0.0
20.916666666666668,-0.10765957,8.334038414527138e-91,1.550279431427796e-116,8.334038414527138e-91,0.0
20.933333333333334,-0.10765957,5.577860978907245e-91,1.2697710876099038e-116,5.577860978907245e-91,0.0
20.95,-0.10765957,3.7330942450089183e-91,1.0400177303424058e-116,3.7330942450089183e-91,0.0
20.966666666666665,-0.10765957,2.498384859880327e-91,8.518358483585313e-117,2.498384859880327e-91,0.0
20.98333333333333,-0.10765957,1.6720100278038033e-91,6.977035664239659e-117,1.6720100278038033e-91,0.0
21.0,-0.10297872,1.1189420764869185e-91,5.7145999609699575e-117,1.1189420764869185e-91,0.0
21.016666666666666,-0.10297872,7.487995208423102e-92,4.680589842928372e-117,7.487995208423102e-92,0.0
21.03333333333333,-0.10297872,5.010865792804174e-92,3.833674172824028e-117,5.010865792804174e-92,0.0
21.05,-0.10297872,3.3531214247734465e-92,3.140000185561449e-117,3.3531214247734465e-92,0.0
21.066666666666663,-0.10297872,2.2437533878026744e-92,2.5718403758034213e-117,2.2437533878026744e-92,0.0
21.08333333333333,-0.10297872,1.5013789738303412e-92,2.1064842116609042e-117,1.5013789738303412e-92,0.0
21.1,-0.10297872,1.004604083173975e-92,1.7253303770663787e-117,1.004604083173975e-92,0.0
21.116666666666667,-0.10297872,6.721852604013333e-93,1.4131432602551767e-117,6.721852604013333e-93,0.0
21.133333333333333,-0.10297872,4.497513776786074e-93,1.1574439705083452e-117,4.497513776786074e-93,0.0
21.15,-0.10297872,3.0091616980456626e-93,9.48011542271188e-118,3.0091616980456626e-93,0.0
21.166666666666668,-0.10297872,2.0132981209439268e-93,7.764743898483086e-118,2.0132981209439268e-93,0.0
21.183333333333334,-0.10297872,1.3469771399847515e-93,6.359756831273778e-118,1.3469771399847515e-93,0.0
21.2,-0.09829787,9.011601327667241e-94,5.208992693599648e-118,9.011601327667241e-94,0.0
21.216666666666665,-0.09829787,6.028834434751405e-94,4.2664518602552445e-118,6.028834434751405e-94,0.0
21.23333333333333,-0.09829787,4.033243289193692e-94,3.4944579194163667e-118,4.033243289193692e-94,0.0
21.25,-0.09829787,2.6981444171984e-94,2.862151672871798e-118,2.6981444171984e-94,0.0
21.266666666666666,-0.09829787,1.8049522007423557e-94,2.344257629600597e-118,1.8049522007423557e-94,0.0
21.28333333333333,-0.09829787,1.2074134090265426e-94,1.9200736884855206e-118,1.2074134090265426e-94,0.0
21.3,-0.09829787,8.076739810677254e-95,1.572643626865158e-118,8.076739810677254e-95,0.0
21.316666666666663,-0.09361702,5.402640023793391e-95,1.2880793184317916e-118,5.402640023793391e-95,0.0
21.33333333333333,-0.09361702,3.613814405179943e-95,1.0550055887301451e-118,3.613814405179943e-95,0.0
21.35,-0.09361702,1.0078465150855076e-20,8.641055184122464e-119,2.4172165792778217e-95,1.0078465150855076e-20
21.366666666666667,-0.08893617,1.5262500275843404e-10,7.077480193660417e-119,1.6167959879851972e-95,1.5262500275843404e-10
21.383333333333333,-0.08893617,4.147571059450966e-08,5.796827973547568e-119,1.0813962329630564e-95,4.147571059450966e-08
21.4,-0.084255315,1.0499187181921194e-06,4.747905083086607e-119,7.23276717183016e-96,1.0499187181921194e-06
21.416666666666668,-0.079574466,9.732118291195953e-06,3.888781215598839e-119,4.837423975605033e-96,9.732118291195953e-06
21.433333333333334,-0.074893616,5.161002694003428e-05,3.1851131029010934e-119,3.235295004965003e-96,5.161002694003428e-05
21.45,-0.07021277,0.00019168992746576127,2.60877169488097e-119,2.163733255689429e-96,0.00019168992746576127
21.466666666666665,-0.060851064,0.0005561145706277167,2.136717739508638e-119,1.4470504835095917e-96,0.0005561145706277167
21.48333333333333,-0.056170214,0.001345540737676883,1.7500808175839826e-119,9.677291128702975e-97,0.001345540737676883
21.5,-0.04680851,0.002833030233707931,1.4334050189662377e-119,6.47163659915891e-97,0.002833030233707931
21.516666666666666,-0.03276596,0.0053441082539521225,1.174031108005994e-119,4.327774878716697e-97,0.0053441082539521225
21.53333333333333,-0.023404256,0.009221823198146278,9.615904816473345e-120,2.8940461676372343e-97,0.009221823198146278
21.55,-0.009361702,0.014783329689166097,7.875906922621339e-120,1.9352475802600344e-97,0.014783329689166097
21.566666666666663,0.004680851,0.02227598437743391,6.45075967327907e-120,1.2940704689728267e-97,0.02227598437743391
21.58333333333333,0.018723404,0.03184034711525225,5.2834915586434804e-120,8.65305901925148e-98,0.03184034711525225
21.6,0.037446808,0.04348546557185171,4.3274398692892936e-120,5.785911429738559e-98,0.04348546557185171
21.616666666666667,0.05148936,0.057079170359579275,3.544385365760071e-120,3.8686933124493804e-98,0.057079170359579275
21.633333333333333,0.07021277,0.0723534966150097,2.903024469025335e-120,2.5867071315963563e-98,0.0723534966150097
21.65,0.08893617,0.0889232361812114,2.3777178997344674e-120,1.7295004691869563e-98,0.0889232361812114
21.666666666666668,0.10765957,0.10631423762683842,1.947465744682432e-120,1.15633748296611e-98,0.10631423762683842
21.683333333333334,0.12638298,0.12399744012094992,1.595067979928714e-120,7.73106008208273e-99,0.12399744012094992
21.7,0.14042553,0.14142464988885325,1.306436893318831e-120,5.1687323981711426e-99,0.14142464988885325
21.716666666666665,0.15914893,0.15806257300060444,1.0700339211023873e-120,3.45556949502417e-99,0.15806257300060444
21.73333333333333,0.17319149,0.1734224152917605,8.764083866110153e-121,2.3101800455449364e-99,0.1734224152917605
21.75,0.18723404,0.1870832753968273,7.17819702362755e-121,1.5444102213954956e-99,0.1870832753968273
21.766666666666666,0.19659574,0.19870845228876705,5.879279333095506e-121,1.0324527309698841e-99,0.19870845228876705
21.78333333333333,0.20595744,0.2080545695068864,4.8154035160857815e-121,6.90189562580392e-100,0.2080545695068864
21.8,0.2106383,0.2149740309733048,3.944038515067294e-121,4.613784714309644e-100,0.2149740309733048
21.816666666666663,0.21531914,0.21941174918990808,3.2303492614849904e-121,3.084160859808933e-100,0.21941174918990808
21.83333333333333,0.22468086,0.22139733270911172,2.6458040962915233e-121,2.0616146999575167e-100,0.22139733270911172
21.85,0.22468086,0.22103400986814942,2.167034174393181e-121,1.3780621250757016e-100,0.22103400986814942
21.866666666666667,0.22,0.21848553245666658,1.774899257411042e-121,9.211300123940496e-101,0.21848553245666658
21.883333333333333,0.21531914,0.21396218139278517,1.4537225494700354e-121,6.156926067113689e-101,0.21396218139278517
21.9,0.2106383,0.2077068198953682,1.1906639881952998e-121,4.1152653345492596e-101,0.2077068198953682
21.916666666666668,0.2012766,0.19998173675713737,9.752069378293042e-122,2.750569800598703e-101,0.19998173675713737
21.933333333333334,0.19191489,0.19105681592636065,7.987377646437943e-122,1.8383933982443727e-101,0.19105681592636065
21.95,0.18255319,0.18119937527127317,6.542014878057291e-122,1.2286981755807185e-101,0.18119937527127317
21.966666666666665,0.16851063,0.17066584792073514,5.35819739998861e-122,8.211887341723158e-102,0.17066584792073514
21.98333333333333,0.15446809,0.1596953397793607,4.3885976296021755e-122,5.488223471214214e-102,0.1596953397793607
22.0,0.14042553,0.1485049885996705,3.594452032415267e-122,3.667850729261278e-102,0.1485049885996705
22.016666666666666,0.12638298,0.13728697235441578,2.944011444979828e-122,2.4512217855014713e-102,0.13728697235441578
22.03333333333333,0.10765957,0.12620696464632017,2.4112718123928274e-122,1.6381160991810624e-102,0.12620696464632017
22.05,0.09361702,0.11540380845266276,1.9749345996227292e-122,1.0947069913888739e-102,0.11540380845266276
22.066666666666663,0.079574466,0.10499017208259653,1.617555317290887e-122,7.315470680122511e-103,0.10499017208259653
22.08333333333333,0.06553192,0.09505395828176262,1.3248461226489567e-122,4.88852512824852e-103,0.09505395828176262
22.1,0.05148936,0.08566025473580312,1.0851046158482512e-122,3.2666653937296477e-103,0.08566025473580312
22.116666666666667,0.037446808,0.07685363811231428,8.887459964343576e-123,2.1828440020840778e-103,0.07685363811231428
22.133333333333333,0.023404256,0.06866067117416158,7.279198769839012e-123,1.4585859375070167e-103,0.06866067117416158
22.15,0.009361702,0.06109246097384788,5.961964351133423e-123,9.746139983537308e-104,0.06109246097384788
22.166666666666668,0.0,0.054147173888626596,4.8830935701291976e-123,6.512152974010762e-104,0.054147173888626596
22.183333333333334,-0.009361702,0.047812429017068975,3.9994529601044866e-123,4.351188468198703e-104,0.047812429017068975
22.2,-0.018723404,0.04206751443202059,3.275714292015709e-123,2.9072513008498294e-104,0.04206751443202059
22.216666666666665,-0.028085107,0.036885390552520055,2.6829421823656805e-123,1.94244466368501e-104,0.036885390552520055
22.23333333333333,-0.037446808,0.032234461329919764,2.1974372781001927e-123,1.29779520774057e-104,0.032234461329919764
22.25,-0.04680851,0.02808010712717446,1.7997887713074252e-123,8.670719378713014e-105,0.02808010712717446
22.266666666666666,-0.05148936,0.02438598333727265,1.4740983649795422e-123,5.7928939073130814e-105,0.02438598333727265
22.28333333333333,-0.060851064,0.02111509626009676,1.2073446653029121e-123,3.870147551742972e-105,0.02111509626009676
22.3,-0.06553192,0.018230672905982112,9.888625898855805e-124,2.585538450573983e-105,0.018230672905982112
22.316666666666663,-0.07021277,0.01569684460088648,8.099169794206443e-124,1.7272930779179638e-105,0.01569684460088648
22.33333333333333,-0.074893616,0.013479165903200183,6.633533663502614e-124,1.1539118770050604e-105,0.013479165903200183
22.35,-0.079574466,0.011544990749019279,5.433119386893472e-124,7.708517417769725e-106,0.011544990749019279
22.366666666666667,-0.079574466,0.009863727227069328,4.449932635957884e-124,5.149448283659152e-106,0.009863727227069328
22.383333333333333,-0.084255315,0.008406991210495757,3.644664045463713e-124,3.4398713176501627e-106,0.008406991210495757
22.4,-0.08893617,0.007148677461364536,2.985117608091958e-124,2.2978166331727836e-106,0.007148677461364536
22.416666666666668,-0.08893617,0.006064964954442984,2.4449234605139337e-124,1.5349005531653113e-106,0.006064964954442984
22.433333333333334,-0.09361702,0.0051342711811311606,2.0024835988198334e-124,1.0252666758681208e-106,0.0051342711811311606
22.45,-0.09361702,0.004337168199699897,1.6401083735362693e-124,6.84833805596604e-107,0.004337168199699897
22.466666666666665,-0.09829787,0.003656271272634559,1.3433092416452028e-124,4.574307040249874e-107,0.003656271272634559
22.48333333333333,-0.09829787,0.0030761091297519354,1.1002195000216672e-124,3.055323717810038e-107,0.0030761091297519354
22.5,-0.09829787,0.0025829832509322173,9.011198413050622e-125,2.0407084904569012e-107,0.0025829832509322173
22.516666666666666,-0.09829787,0.0021648220931267583,7.380497639468254e-125,1.363002196959409e-107,0.0021648220931267583
22.53333333333333,-0.10297872,0.0018110348991031311,6.04489300577384e-125,9.103408016362086e-108,0.0018110348991031311
22.55,-0.10297872,0.0015123686176511547,4.950983401318799e-125,6.079996821057622e-108,0.0015123686176511547
22.566666666666663,-0.10297872,0.0012607705279203316,4.0550312175159623e-125,4.060641144427614e-108,0.0012607705279203316
22.58333333333333,-0.10297872,0.0010492583813451932,3.3212136439584144e-125,2.711925828260622e-108,0.0010492583813451932
22.6,-0.10765957,0.0008717992379829406,2.7201904075205167e-125,1.8111439307448364e-108,0.0008717992379829406
22.616666666666667,-0.10765957,0.0007231976636752735,2.2279306916977265e-125,1.209539641313994e-108,0.0007231976636752735
22.633333333333333,-0.10765957,0.0005989935537811124,1.824752335511666e-125,8.077542560429936e-109,0.0005989935537811124
22.65,-0.10765957,0.0004953695423770954,1.4945348983012622e-125,5.394242088522384e-109,0.0004953695423770954
22.666666666666668,-0.10765957,0.000409067727882875,1.2240751279329044e-125,3.6022484574261467e-109,0.000409067727882875
22.683333333333334,-0.10765957,0.00033731528344922354,1.0025590633275303e-125,2.4055199880850883e-109,0.00033731528344922354
22.7,-0.10765957,0.00027775841100016193,8.211296653099991e-126,1.606335929142599e-109,0.00027775841100016193
22.716666666666665,-0.11234043,0.00022840403090784088,6.725326890772762e-126,1.0726447140270662e-109,0.00022840403090784088
22.73333333333333,-0.11234043,0.0001875685657254559,5.508266397470019e-126,7.162548286395577e-110,0.0001875685657254559
22.75,-0.11234043,0.0001538331684308397,4.511452145505389e-126,4.7826807624915096e-110,0.0001538331684308397
22.766666666666666,-0.11234043,0.0001260047567399518,3.6950273370579305e-126,3.193503603086968e-110,0.0001260047567399518
22.78333333333333,-0.11234043,0.00010308223988730657,3.026347807443926e-126,2.132335987136113e-110,0.00010308223988730657
22.8,-0.11234043,8.422735850818687e-05,2.4786768078613005e-126,1.4237577242534013e-110,8.422735850818687e-05
22.816666666666663,-0.11234043,6.873959844415155e-05,2.0301159823620412e-126,9.50624061429381e-111,6.873959844415155e-05
22.83333333333333,-0.11702128,5.60346827321098e-05,1.6627297972067372e-126,6.347077282328554e-111,5.60346827321098e-05
22.85,-0.11702128,4.5626190663644866e-05,1.3618284153067172e-126,4.2377083692751325e-111,4.5626190663644866e-05
22.866666666666667,-0.11702128,3.710989707549021e-05,1.1153803433628435e-126,2.82931084018067e-111,3.710989707549021e-05
22.883333333333333,-0.11702128,3.015046784452531e-05,9.135313678692733e-127,1.8889592976760693e-111,3.015046784452531e-05
22.9,-0.11702128,2.4470188145931958e-05,7.482105457919042e-127,1.2611214053445222e-111,2.4470188145931958e-05
22.916666666666668,-0.11702128,1.98394378996897e-05,6.128074963545347e-127,8.419447167782704e-112,1.98394378996897e-05
22.933333333333334,-0.11702128,1.6068663700094872e-05,5.019080911454544e-127,5.620858572769835e-112,1.6068663700094872e-05
22.95,-0.11702128,1.3001628278617139e-05,4.110779746556292e-127,3.7524435212020187e-112,1.3001628278617139e-05
22.966666666666665,-0.11702128,1.0509747196419738e-05,3.366852597383506e-127,2.5050599045853423e-112,1.0509747196419738e-05
22.98333333333333,-0.11702128,8.487348089902219e-06,2.75755308792092e-127,1.672301323669956e-112,8.487348089902219e-06
23.0,-0.11702128,6.847710551359755e-06,2.2585179434180833e-127,1.1163578699166518e-112,6.847710551359755e-06
23.016666666666666,-0.11702128,5.519764806265325e-06,1.8497928341692373e-127,7.452205992187034e-113,5.519764806265325e-06
23.03333333333333,-0.11702128,4.445344959958974e-06,1.5150345070784358e-127,4.974607180133959e-113,4.445344959958974e-06
23.05,-0.11702128,3.576907950477831e-06,1.2408573033436214e-127,3.3206666683298724e-113,3.576907950477831e-06
23.066666666666663,-0.11702128,2.8756426820862924e-06,1.0162979335980066e-127,2.2165847611140625e-113,2.8756426820862924e-06
23.08333333333333,-0.11702128,2.3099053409059094e-06,8.323771101650353e-128,1.4795716240733858e-113,2.3099053409059094e-06
23.1,-0.11702128,1.8539268143397504e-06,6.817405087504506e-128,9.875981202110005e-114,1.8539268143397504e-06
23.116666666666667,-0.11702128,1.4867466406278489e-06,5.583647037619294e-128,6.591999207349148e-114,1.4867466406278489e-06
23.133333333333333,-0.11702128,1.1913351796094423e-06,4.573163193222023e-128,4.3999393423473716e-114,1.1913351796094423e-06
23.15,-0.11702128,9.538718804008418e-07,3.7455476580205086e-128,2.9367630233037468e-114,9.538718804008418e-07
23.166666666666668,-0.11702128,7.631527701012385e-07,3.0677067441207316e-128,1.9601251836546037e-114,7.631527701012385e-07
23.183333333333334,-0.11702128,6.101047282374899e-07,2.512535697406303e-128,1.3082520526144288e-114,6.101047282374899e-07
23.2,-0.11702128,4.87387858156341e-07,2.0578348917491962e-128,8.731558581095033e-115,4.87387858156341e-07
23.216666666666665,-0.11702128,3.890704190097764e-07,1.685422156378318e-128,5.827534725858081e-115,3.890704190097764e-07
23.23333333333333,-0.11702128,3.103634278068131e-07,1.3804057429586083e-128,3.889293686706406e-115,3.103634278068131e-07
23.25,-0.11702128,2.474042562720443e-07,1.1305888620102164e-128,2.5956695192888925e-115,2.474042562720443e-07
23.266666666666666,-0.11702128,1.9708039774570385e-07,9.259819790239695e-129,1.7322910657270328e-115,1.9708039774570385e-07
23.28333333333333,-0.11702128,1.5688612174513804e-07,7.584033693521318e-129,1.1560727457768149e-115,1.5688612174513804e-07
23.3,-0.11702128,1.2480601667787003e-07,6.211519599539448e-129,7.715113308619763e-116,1.2480601667787003e-07
23.316666666666663,-0.11702128,9.922048606336688e-08,5.0873937644687036e-129,5.148637581386324e-116,9.922048606336688e-08
23.33333333333333,-0.11702128,7.882914582152752e-08,4.166704812336433e-129,3.435858130169372e-116,7.882914582152752e-08
23.35,-0.11702128,6.258879969655019e-08,3.412636273903253e-129,2.2928256416183298e-116,6.258879969655019e-08
23.366666666666667,-0.11702128,4.96632720537956e-08,2.7950344103978967e-129,1.5300293510493115e-116,4.96632720537956e-08
23.383333333333333,-0.11702128,3.9382873488688736e-08,2.289202455932188e-129,1.0209898825772097e-116,3.9382873488688736e-08
23.4,-0.11702128,3.121168288961464e-08,1.874913065267554e-129,6.812963748264252e-117,3.121168288961464e-08
23.416666666666668,-0.11702128,2.472116486969504e-08,1.5355994786328465e-129,4.546149356303986e-117,2.472116486969504e-08
23.433333333333334,-0.11702128,1.9568916429911573e-08,1.2576930613973516e-129,3.0335022544625594e-117,1.9568916429911573e-08
23.45,-0.11702128,1.5481561855304828e-08,1.0300807292935555e-129,2.024127959692582e-117,1.5481561855304828e-08
23.466666666666665,-0.11702128,1.2240998933827293e-08,8.43660563602887e-130,1.3505934646532225e-117,1.2240998933827293e-08
23.48333333333333,-0.11702128,9.673349898282904e-09,6.909778469253883e-130,9.011651339299084e-118,9.673349898282904e-09
23.5,-0.11702128,7.640093056917245e-09,5.659269658520955e-130,6.012806006858321e-118,7.640093056917245e-09
23.516666666666666,-0.11702128,6.030950887718199e-09,4.635072606181098e-130,4.011835320075563e-118,6.030950887718199e-09
23.53333333333333,-0.11702128,4.758191546547646e-09,3.796230589481986e-130,2.6767148892236045e-118,4.758191546547646e-09
23.55,-0.11702128,3.752066677176473e-09,3.1091989807045505e-130,1.7858881760629416e-118,3.752066677176473e-09
23.566666666666663,-0.11702128,2.9571619077632017e-09,2.546503859073443e-130,1.1915151189904013e-118,2.9571619077632017e-09
23.58333333333333,-0.11234043,2.3294797701047183e-09,2.0856433762122426e-130,7.949467155384086e-119,2.3294797701047183e-09
23.6,-0.11234043,1.8341098688895994e-09,1.7081879438163596e-130,5.303586611941402e-119,1.8341098688895994e-09
23.616666666666667,-0.11702128,1.4433695008969959e-09,1.3990432624558094e-130,3.538298874842026e-119,1.4433695008969959e-09
23.633333333333333,-0.11702128,1.135320840118498e-09,1.1458467219297756e-130,2.36054662700661e-119,1.135320840118498e-09
23.65,-0.11702128,8.92589294127632e-10,9.384730367150196e-131,1.5747945038168598e-119,8.92589294127632e-10
23.666666666666668,-0.11702128,7.014225395207945e-10,7.686293480356955e-131,1.0505783659102897e-119,7.014225395207945e-10
23.683333333333334,-0.11702128,5.509417437709385e-10,6.295236016027714e-131,7.008519560881568e-120,5.509417437709385e-10
23.7,-0.11702128,4.3254613345363405e-10,5.155929401614715e-131,4.6753854119064965e-120,4.3254613345363405e-10
23.716666666666665,-0.11702128,3.394398261750258e-10,4.222812498212393e-131,3.118902896813318e-120,3.394398261750258e-10
23.73333333333333,-0.11702128,2.662560719930757e-10,3.4585696467791785e-131,2.0805569894213734e-120,2.662560719930757e-10
23.75,-0.11702128,2.087590464893508e-10,2.8326384406969194e-131,1.3878761807576573e-120,2.087590464893508e-10
23.766666666666666,-0.11702128,1.6360734210228282e-10,2.3199875530785855e-131,9.25795763926626e-121,1.6360734210228282e-10
23.78333333333333,-0.11702128,1.2816651102256039e-10,1.9001157461248994e-131,6.175512917319679e-121,1.2816651102256039e-10
23.8,-0.11702128,1.0036057863859332e-10,1.5562320344421102e-131,4.119308092355206e-121,1.0036057863859332e-10
23.816666666666663,-0.11702128,7.855449764104359e-11,1.2745842182129277e-131,2.74769756036361e-121,7.855449764104359e-11
23.83333333333333,-0.11702128,6.146115132597824e-11,1.0439089351439583e-131,1.8327659631184245e-121,6.146115132597824e-11
23.85,-0.11702128,4.8067822375265624e-11,8.549812394354707e-132,1.2224709289210329e-121,4.8067822375265624e-11
23.866666666666667,-0.11702128,3.757808637669746e-11,7.002456959322934e-132,8.153865304867315e-122,3.757808637669746e-11
23.883333333333333,-0.11702128,2.936592054569742e-11,5.735142372811076e-132,5.438535982399048e-122,2.936592054569742e-11
23.9,-0.11702128,2.2939480037330426e-11,4.697187016749784e-132,3.627387705956597e-122,2.2939480037330426e-11
23.916666666666668,-0.11702128,1.7912520980234856e-11,3.847081553647908e-132,2.4193542350758313e-122,1.7912520980234856e-11
23.933333333333334,-0.11702128,1.3981868233079099e-11,3.150828950057696e-132,1.6136096271230876e-122,1.3981868233079099e-11
23.95,-0.11702128,1.0909658718084992e-11,2.580584916905381e-132,1.0761951701867854e-122,1.0909658718084992e-11
23.966666666666665,-0.11702128,8.509355507353225e-12,2.1135443985573686e-132,7.177565506978284e-123,8.509355507353225e-12
23.98333333333333,-0.11702128,6.634737595551015e-12,1.731029581743726e-132,4.786927735148057e-123,6.634737595551015e-12
24.0,-0.11702128,5.171236640824233e-12,1.417742954074585e-132,3.192494623062066e-123,5.171236640824233e-12
24.016666666666666,-0.11702128,4.0291237928505e-12,1.1611555420895584e-132,2.129105053391403e-123,4.0291237928505e-12
24.03333333333333,-0.11702128,3.138154146327128e-12,9.510058645267298e-133,1.4198995984775659e-123,3.138154146327128e-12
24.05,-0.11702128,2.4433590103522955e-12,7.788895639385342e-133,9.469168127398534e-124,2.4433590103522955e-12
24.066666666666663,-0.11702128,1.9017415666628014e-12,6.379233059700323e-133,6.314801168502024e-124,1.9017415666628014e-12
24.08333333333333,-0.11702128,1.479683179901488e-12,5.22469505552966e-133,4.211154852554338e-124,1.479683179901488e-12
24.1,-0.11702128,1.1509084643149101e-12,4.27910871725842e-133,2.8082543253106553e-124,1.1509084643149101e-12
24.116666666666667,-0.11702128,8.948894618549976e-13,3.504657550280264e-133,1.8726877572016153e-124,8.948894618549976e-13
24.133333333333333,-0.11702128,6.955947390846799e-13,2.870369131111886e-133,1.2487860307478557e-124,6.955947390846799e-13
24.15,-0.11702128,5.405092863111047e-13,2.3508764660914623e-133,8.327304285187636e-125,5.405092863111047e-13
24.166666666666668,-0.11702128,4.1986692895769436e-13,1.92540351847143e-133,5.552832768901009e-125,4.1986692895769436e-13
24.183333333333334,-0.11702128,3.260494310709872e-13,1.5769343342853681e-133,3.7027000123627135e-125,3.260494310709872e-13
24.2,-0.12170213,2.53116290741088e-13,1.2915325395475746e-133,2.468972483303338e-125,2.53116290741088e-13
24.216666666666665,-0.12170213,1.96436956217257e-13,1.0577839947713296e-133,1.646295444961243e-125,1.96436956217257e-13
24.23333333333333,-0.12170213,1.5240327168837816e-13,8.663403179209079e-134,1.0977239092215395e-125,1.5240327168837816e-13
24.25,-0.12170213,1.1820474239437316e-13,7.095450207131236e-134,7.319346482582904e-126,1.1820474239437316e-13
24.266666666666666,-0.12170213,9.165296580174571e-14,5.811273069566019e-134,4.880286745038483e-126,9.165296580174571e-14
24.28333333333333,-0.12170213,7.104452674558046e-14,4.759512874813647e-134,3.253960228119864e-126,7.104452674558046e-14
24.3,-0.12170213,5.505397146142073e-14,3.8981058237722074e-134,2.169566781272408e-126,5.505397146142073e-14
24.316666666666663,-0.12170213,4.265029370574471e-14,3.1926009634593787e-134,1.4465308560438303e-126,4.265029370574471e-14
24.33333333333333,-0.12170213,3.303179238395408e-14,2.614782395702955e-134,9.64442397118609e-127,3.303179238395408e-14
24.35,-0.12170213,2.5575278289994304e-14,2.1415408405837524e-134,6.4301160801174525e-127,2.5575278289994304e-14
24.366666666666667,-0.12170213,1.9796483843975326e-14,1.7539494262599364e-134,4.2870176850627115e-127,1.9796483843975326e-14
24.383333333333333,-0.12170213,1.5319216119819765e-14,1.4365067441171443e-134,2.858154457310679e-127,1.5319216119819765e-14
24.4,-0.12170213,1.1851330890812665e-14,1.1765168974005018e-134,1.905504975663634e-127,1.1851330890812665e-14
24.416666666666668,-0.12170213,9.166026035542083e-15,9.635817500811705e-135,1.270364845620092e-127,9.166026035542083e-15
24.433333333333334,-0.12170213,7.087281693102591e-15,7.891850698020837e-135,8.469169985476833e-128,7.087281693102591e-15
24.45,-0.12170213,5.4785318607110855e-15,6.4635193376351e-135,5.646082888831858e-128,5.4785318607110855e-15
24.466666666666665,-0.12170213,4.2338532478118254e-15,5.293697763263166e-135,3.7639832462823606e-128,4.2338532478118254e-15
24.48333333333333,-0.12170213,3.2711143419177063e-15,4.335599222899073e-135,2.509239760556601e-128,3.2711143419177063e-15
24.5,-0.12170213,2.5266503706893588e-15,3.5509046883590974e-135,1.6727487000293098e-128,2.5266503706893588e-15
24.516666666666666,-0.12170213,1.951125659806629e-15,2.9082303275624647e-135,1.1150987208252696e-128,1.951125659806629e-15
24.53333333333333,-0.12170213,1.5063196599993124e-15,2.3818723393748733e-135,7.43344315932348e-129,1.5063196599993124e-15
24.55,-0.12170213,1.1626312473847394e-15,1.950778953160685e-135,4.9551959992598105e-129,1.1626312473847394e-15
24.566666666666663,-0.12170213,8.97141387568121e-16,1.5977084800869594e-135,3.3031307842710696e-129,8.97141387568121e-16
24.58333333333333,-0.12170213,6.921097108591179e-16,1.3085397439336158e-135,2.2018353283860992e-129,6.921097108591179e-16
24.6,-0.12170213,5.338081746274348e-16,1.0717073132492422e-135,1.467702555030355e-129,5.338081746274348e-16
24.616666666666667,-0.12170213,4.116165097207846e-16,8.777389478505116e-136,9.783301270279998e-130,4.116165097207846e-16
24.633333333333333,-0.12170213,3.173209051934232e-16,7.188767605243408e-136,6.521191919686857e-130,3.173209051934232e-16
24.65,-0.12170213,2.445704290991854e-16,5.887669428198517e-136,4.346730625920245e-130,2.445704290991854e-16
24.666666666666668,-0.12170213,1.8845583229647487e-16,4.8220564591140515e-136,2.8972947380370533e-130,1.8845583229647487e-16
24.683333333333334,-0.12170213,1.4518327660325058e-16,3.949308533407304e-136,1.9311537314047136e-130,1.4518327660325058e-16
24.7,-0.12170213,1.1182166706491312e-16,3.234519218153725e-136,1.2871680491485719e-130,1.1182166706491312e-16
24.716666666666665,-0.12170213,8.610703953250583e-17,2.649099727180805e-136,8.579221913096271e-131,8.610703953250583e-17
24.73333333333333,-0.12170213,6.629116237674062e-17,2.1696355081064185e-136,5.718140386489789e-131,6.629116237674062e-17
24.75,-0.12170213,5.1024391217872444e-17,1.776949771440178e-136,3.811149636129082e-131,5.1024391217872444e-17
24.766666666666666,-0.12170213,3.926505202665398e-17,1.455336508256193e-136,2.5401038739720975e-131,3.926505202665398e-17
24.78333333333333,-0.12170213,3.020936410574541e-17,1.191932321445607e-136,1.6929387891084019e-131,3.020936410574541e-17
24.8,-0.12170213,2.3237261794076864e-17,9.762019472651401e-137,1.1283019825567726e-131,2.3237261794076864e-17
24.816666666666663,-0.12170213,1.787051900004607e-17,7.995168908298776e-137,7.519756485179246e-132,1.787051900004607e-17
24.83333333333333,-0.12170213,1.374039133640573e-17,6.548103232123305e-137,5.0116016830635344e-132,1.374039133640573e-17
24.85,-0.12170213,1.0562619160604222e-17,5.362944378373644e-137,3.339978516481208e-132,1.0562619160604222e-17
24.866666666666667,-0.12170213,8.11812199346824e-18,4.392289618773616e-137,2.2258975487514747e-132,8.11812199346824e-18
24.883333333333333,-0.12170213,6.238092277647811e-18,3.597315642700423e-137,1.4834094916376902e-132,6.238092277647811e-18
24.9,-0.12170213,4.792488852337133e-18,2.9462257761626437e-137,9.885788931321845e-133,4.792488852337133e-18
24.916666666666668,-0.12170213,3.681156969304415e-18,2.4129782358621603e-137,6.588036932973945e-133,3.681156969304415e-18
24.933333333333334,-0.12170213,2.826976988459077e-18,1.976244554541901e-137,4.390309538843261e-133,2.826976988459077e-18
24.95,-0.12170213,2.1705795775215047e-18,1.6185565194839738e-137,2.925692613456526e-133,2.1705795775215047e-18
24.966666666666665,-0.12170213,1.6662702274622594e-18,1.325607505588601e-137,1.9496502077988556e-133,1.6662702274622594e-18
24.98333333333333,-0.12170213,1.2788871064207404e-18,1.0856802594774837e-137,1.299209447071957e-133,1.2788871064207404e-18
25.0,-0.12170213,9.813790770767362e-19,8.89178248487333e-138,8.657572095725074e-134,9.813790770767362e-19
