time,signal,fit_total,peak_1,peak_2,peak_3,peak_4,peak_5,peak_6
0.0,-0.03276596,0.0,0.0,0.0,0.0,0.0,0.0,0.0
0.0166666666666666,-0.0140425535,0.0,0.0,0.0,0.0,0.0,0.0,0.0
0.0333333333333333,-0.004680851,0.0,0.0,0.0,0.0,0.0,0.0,0.0
0.05,-0.004680851,0.0,0.0,0.0,0.0,0.0,0.0,0.0
0.0666666666666666,0.0,0.0,0.0,0.0,0.0,0.0,0.0,0.0
0.0833333333333333,0.0,0.0,0.0,0.0,0.0,0.0,0.0,0.0
0.1,0.0,0.0,0.0,0.0,0.0,0.0,0.0,0.0
0.1166666666666666,0.0,0.0,0.0,0.0,0.0,0.0,0.0,0.0
0.1333333333333333,0.0,0.0,0.0,0.0,0.0,0.0,0.0,0.0
0.15,0.0,0.0,0.0,0.0,0.0,0.0,0.0,0.0
0.1666666666666666,0.0,0.0,0.0,0.0,0.0,0.0,0.0,0.0
0.1833333333333333,0.0,0.0,0.0,0.0,0.0,0.0,0.0,0.0
0.2,0.0,0.0,0.0,0.0,0.0,0.0,0.0,0.0
0.2166666666666666,0.0,0.0,0.0,0.0,0.0,0.0,0.0,0.0
0.2333333333333333,0.0,0.0,0.0,0.0,0.0,0.0,0.0,0.0
0.25,0.0,0.0,0.0,0.0,0.0,0.0,0.0,0.0
0.2666666666666666,0.0,0.0,0.0,0.0,0.0,0.0,0.0,0.0
0.2833333333333333,0.0,0.0,0.0,0.0,0.0,0.0,0.0,0.0
0.3,0.0,0.0,0.0,0.0,0.0,0.0,0.0,0.0
0.3166666666666666,0.0,0.0,0.0,0.0,0.0,0.0,0.0,0.0
0.3333333333333333,0.0,0.0,0.0,0.0,0.0,0.0,0.0,0.0
0.35,0.0,0.0,0.0,0.0,0.0,0.0,0.0,0.0
0.3666666666666666,0.0,0.0,0.0,0.0,0.0,0.0,0.0,0.0
0.3833333333333333,0.0,0.0,0.0,0.0,0.0,0.0,0.0,0.0
0.4,0.0,0.0,0.0,0.0,0.0,0.0,0.0,0.0
0.4166666666666667,0.0,0.0,0.0,0.0,0.0,0.0,0.0,0.0
0.4333333333333333,0.0,0.0,0.0,0.0,0.0,0.0,0.0,0.0
0.45,0.0,0.0,0.0,0.0,0.0,0.0,0.0,0.0
0.4666666666666667,0.0,0.0,0.0,0.0,0.0,0.0,0.0,0.0
0.4833333333333333,0.0,0.0,0.0,0.0,0.0,0.0,0.0,0.0
0.5,0.0,0.0,0.0,0.0,0.0,0.0,0.0,0.0
0.5166666666666667,0.0,0.0,0.0,0.0,0.0,0.0,0.0,0.0
0.5333333333333333,0.0,0.0,0.0,0.0,0.0,0.0,0.0,0.0
0.55,0.0,0.0,0.0,0.0,0.0,0.0,0.0,0.0
0.5666666666666667,0.0,0.0,0.0,0.0,0.0,0.0,0.0,0.0
0.5833333333333334,0.0,0.0,0.0,0.0,0.0,0.0,0.0,0.0
0.6,0.0,0.0,0.0,0.0,0.0,0.0,0.0,0.0
0.6166666666666667,0.0,0.0,0.0,0.0,0.0,0.0,0.0,0.0
0.6333333333333333,0.0,0.0,0.0,0.0,0.0,0.0,0.0,0.0
0.65,0.0,0.0,0.0,0.0,0.0,0.0,0.0,0.0
0.6666666666666666,0.004680851,0.0,0.0,0.0,0.0,0.0,0.0,0.0
0.6833333333333333,0.004680851,0.0,0.0,0.0,0.0,0.0,0.0,0.0
0.7,0.004680851,0.0,0.0,0.0,0.0,0.0,0.0,0.0
0.7166666666666667,0.004680851,0.0,0.0,0.0,0.0,0.0,0.0,0.0
0.7333333333333333,0.004680851,0.0,0.0,0.0,0.0,0.0,0.0,0.0
0.75,0.004680851,0.0,0.0,0.0,0.0,0.0,0.0,0.0
0.7666666666666667,0.004680851,0.0,0.0,0.0,0.0,0.0,0.0,0.0
0.7833333333333333,0.004680851,0.0,0.0,0.0,0.0,0.0,0.0,0.0
0.8,0.004680851,0.0,0.0,0.0,0.0,0.0,0.0,0.0
0.8166666666666667,0.004680851,0.0,0.0,0.0,0.0,0.0,0.0,0.0
0.8333333333333334,0.004680851,0.0,0.0,0.0,0.0,0.0,0.0,0.0
0.85,0.004680851,0.0,0.0,0.0,0.0,0.0,0.0,0.0
0.8666666666666667,0.004680851,0.0,0.0,0.0,0.0,0.0,0.0,0.0
0.8833333333333333,0.004680851,0.0,0.0,0.0,0.0,0.0,0.0,0.0
0.9,0.004680851,0.0,0.0,0.0,0.0,0.0,0.0,0.0
0.9166666666666666,0.004680851,0.0,0.0,0.0,0.0,0.0,0.0,0.0
0.9333333333333332,0.004680851,0.0,0.0,0.0,0.0,0.0,0.0,0.0
0.95,0.004680851,0.0,0.0,0.0,0.0,0.0,0.0,0.0
0.9666666666666668,0.004680851,0.0,0.0,0.0,0.0,0.0,0.0,0.0
0.9833333333333332,0.004680851,0.0,0.0,0.0,0.0,0.0,0.0,0.0
1.0,0.004680851,0.0,0.0,0.0,0.0,0.0,0.0,0.0
1.0166666666666666,0.004680851,0.0,0.0,0.0,0.0,0.0,0.0,0.0
1.0333333333333334,0.004680851,0.0,0.0,0.0,0.0,0.0,0.0,0.0
1.05,0.004680851,0.0,0.0,0.0,0.0,0.0,0.0,0.0
1.0666666666666669,0.004680851,0.0,0.0,0.0,0.0,0.0,0.0,0.0
1.0833333333333333,0.004680851,0.0,0.0,0.0,0.0,0.0,0.0,0.0
1.1,0.004680851,0.0,0.0,0.0,0.0,0.0,0.0,0.0
1.1166666666666667,0.0,0.0,0.0,0.0,0.0,0.0,0.0,0.0
1.1333333333333333,0.0,0.0,0.0,0.0,0.0,0.0,0.0,0.0
1.15,0.0,0.0,0.0,0.0,0.0,0.0,0.0,0.0
1.1666666666666667,0.0,0.0,0.0,0.0,0.0,0.0,0.0,0.0
1.1833333333333331,0.0,0.0,0.0,0.0,0.0,0.0,0.0,0.0
1.2,0.0,0.0,0.0,0.0,0.0,0.0,0.0,0.0
1.2166666666666666,0.0,0.0,0.0,0.0,0.0,0.0,0.0,0.0
1.2333333333333334,0.0,0.0,0.0,0.0,0.0,0.0,0.0,0.0
1.25,0.0,0.0,0.0,0.0,0.0,0.0,0.0,0.0
1.2666666666666666,0.0,0.0,0.0,0.0,0.0,0.0,0.0,0.0
1.2833333333333334,0.0,0.0,0.0,0.0,0.0,0.0,0.0,0.0
1.3,0.0,0.0,0.0,0.0,0.0,0.0,0.0,0.0
1.3166666666666669,0.0,0.0,0.0,0.0,0.0,0.0,0.0,0.0
1.3333333333333333,0.004680851,0.0,0.0,0.0,0.0,0.0,0.0,0.0
1.35,0.004680851,0.0,0.0,0.0,0.0,0.0,0.0,0.0
1.3666666666666667,0.004680851,0.0,0.0,0.0,0.0,0.0,0.0,0.0
1.3833333333333333,0.004680851,0.0,0.0,0.0,0.0,0.0,0.0,0.0
1.4,0.004680851,0.0,0.0,0.0,0.0,0.0,0.0,0.0
1.4166666666666667,0.004680851,0.0,0.0,0.0,0.0,0.0,0.0,0.0
1.4333333333333331,0.004680851,0.0,0.0,0.0,0.0,0.0,0.0,0.0
1.45,0.004680851,0.0,0.0,0.0,0.0,0.0,0.0,0.0
1.4666666666666666,0.004680851,0.0,0.0,0.0,0.0,0.0,0.0,0.0
1.4833333333333334,0.009361702,0.0,0.0,0.0,0.0,0.0,0.0,0.0
1.5,0.009361702,0.0,0.0,0.0,0.0,0.0,0.0,0.0
1.5166666666666666,0.009361702,0.0,0.0,0.0,0.0,0.0,0.0,0.0
1.5333333333333334,0.009361702,0.0,0.0,0.0,0.0,0.0,0.0,0.0
1.55,0.009361702,0.0,0.0,0.0,0.0,0.0,0.0,0.0
1.5666666666666669,0.009361702,0.0,0.0,0.0,0.0,0.0,0.0,0.0
1.5833333333333333,0.009361702,0.0,0.0,0.0,0.0,0.0,0.0,0.0
1.6,0.009361702,0.0,0.0,0.0,0.0,0.0,0.0,0.0
1.6166666666666667,0.009361702,0.0,0.0,0.0,0.0,0.0,0.0,0.0
1.6333333333333333,0.009361702,0.0,0.0,0.0,0.0,0.0,0.0,0.0
1.65,0.009361702,0.0,0.0,0.0,0.0,0.0,0.0,0.0
1.6666666666666667,0.009361702,0.0,0.0,0.0,0.0,0.0,0.0,0.0
1.6833333333333331,0.009361702,0.0,0.0,0.0,0.0,0.0,0.0,0.0
1.7,0.009361702,0.0,0.0,0.0,0.0,0.0,0.0,0.0
1.7166666666666666,0.0140425535,0.0,0.0,0.0,0.0,0.0,0.0,0.0
1.7333333333333334,0.0140425535,0.0,0.0,0.0,0.0,0.0,0.0,0.0
1.75,0.0140425535,4.0150396860804815e-06,4.0150396860804815e-06,0.0,0.0,0.0,0.0,0.0
1.7666666666666666,0.0140425535,4.2500650016211703e-05,4.2500650016211703e-05,0.0,0.0,0.0,0.0,0.0
1.7833333333333334,0.0140425535,0.00016144967534701847,0.00016144967534701847,0.0,0.0,0.0,0.0,0.0
1.8,0.0140425535,0.000403144047295937,0.000403144047295937,0.0,0.0,0.0,0.0,0.0
1.8166666666666669,0.0140425535,0.0007999037944747739,0.0007999037944747739,0.0,0.0,0.0,0.0,0.0
1.8333333333333333,0.0140425535,0.0013723371006568793,0.0013723371006568793,0.0,0.0,0.0,0.0,0.0
1.85,0.018723404,0.0021296172248476235,0.0021296172248476235,0.0,0.0,0.0,0.0,0.0
1.8666666666666667,0.018723404,0.003070738465647639,0.003070738465647639,0.0,0.0,0.0,0.0,0.0
1.8833333333333333,0.018723404,0.004186203213315635,0.004186203213315635,0.0,0.0,0.0,0.0,0.0
1.9,0.018723404,0.00545983205399629,0.00545983205399629,0.0,0.0,0.0,0.0,0.0
1.9166666666666667,0.018723404,0.006870521360294264,0.006870521360294264,0.0,0.0,0.0,0.0,0.0
1.9333333333333331,0.018723404,0.00839385148222432,0.00839385148222432,0.0,0.0,0.0,0.0,0.0
1.95,0.018723404,0.010003497139477718,0.010003497139477718,0.0,0.0,0.0,0.0,0.0
1.9666666666666663,0.018723404,0.011672421886790055,0.011672421886790055,0.0,0.0,0.0,0.0,0.0
1.9833333333333332,0.018723404,0.013373857289928896,0.013373857289928896,0.0,0.0,0.0,0.0,0.0
2.0,0.018723404,0.0150820787435253,0.0150820787435253,0.0,0.0,0.0,0.0,0.0
2.0166666666666666,0.023404256,0.016772996231536382,0.016772996231536382,0.0,0.0,0.0,0.0,0.0
2.033333333333333,0.023404256,0.018424581444026464,0.018424581444026464,0.0,0.0,0.0,0.0,0.0
2.05,0.023404256,0.020017153638392442,0.020017153638392442,0.0,0.0,0.0,0.0,0.0
2.066666666666667,0.023404256,0.02153354623084336,0.02153354623084336,0.0,0.0,0.0,0.0,0.0
2.083333333333333,0.023404256,0.022959174848191762,0.022959174848191762,0.0,0.0,0.0,0.0,0.0
2.1,0.028085107,0.02428202582109593,0.02428202582109593,0.0,0.0,0.0,0.0,0.0
2.1166666666666667,0.028085107,0.025492582104727813,0.025492582104727813,0.0,0.0,0.0,0.0,0.0
2.1333333333333333,0.028085107,0.026583701538692685,0.026583701538692685,0.0,0.0,0.0,0.0,0.0
2.15,0.028085107,0.02755046031576154,0.02755046031576154,0.0,0.0,0.0,0.0,0.0
2.1666666666666665,0.028085107,0.028389972589513656,0.028389972589513656,0.0,0.0,0.0,0.0,0.0
2.183333333333333,0.028085107,0.029101195356921843,0.029101195356921843,0.0,0.0,0.0,0.0,0.0
2.2,0.028085107,0.029684726125957808,0.029684726125957808,0.0,0.0,0.0,0.0,0.0
2.216666666666667,0.028085107,0.030142599429324794,0.030142599429324794,0.0,0.0,0.0,0.0,0.0
2.2333333333333334,0.028085107,0.030478086972891442,0.030478086972891442,0.0,0.0,0.0,0.0,0.0
2.25,0.03276596,0.030695505104522586,0.030695505104522586,0.0,0.0,0.0,0.0,0.0
2.2666666666666666,0.03276596,0.03080003234507883,0.03080003234507883,0.0,0.0,0.0,0.0,0.0
2.283333333333333,0.03276596,0.030797538925419834,0.030797538925419834,0.0,0.0,0.0,0.0,0.0
2.3,0.03276596,0.03069442960724778,0.03069442960724778,0.0,0.0,0.0,0.0,0.0
2.316666666666667,0.03276596,0.030497500517261692,0.030497500517261692,0.0,0.0,0.0,0.0,0.0
2.333333333333333,0.028085107,0.030213810279357496,0.030213810279357496,0.0,0.0,0.0,0.0,0.0
2.35,0.028085107,0.029850565375180844,0.029850565375180844,0.0,0.0,0.0,0.0,0.0
2.3666666666666667,0.028085107,0.029415019386802264,0.029415019386802264,0.0,0.0,0.0,0.0,0.0
2.3833333333333333,0.028085107,0.0375971363001516,0.028914385565255385,0.008682750734896213,0.0,0.0,0.0,0.0
2.4,0.028085107,0.04384282270718902,0.028355762014868165,0.015487060692320852,0.0,0.0,0.0,0.0
2.4166666666666665,0.028085107,0.04778002328780484,0.027746068676526403,0.020033954611278437,0.0,0.0,0.0,0.0
2.433333333333333,0.028085107,0.050511082414482836,0.027091995225098347,0.023419087189384492,0.0,0.0,0.0,0.0
2.45,0.028085107,0.05243027126366995,0.026399958960091303,0.026030312303578648,0.0,0.0,0.0,0.0
2.466666666666667,0.028085107,0.05374612201296759,0.02567607175800623,0.028070050254961367,0.0,0.0,0.0,0.0
2.4833333333333334,0.028085107,0.054590108076401876,0.024926115164469465,0.02966399291193241,0.0,0.0,0.0,0.0
2.5,0.03276596,0.055053970474978384,0.02415552272949256,0.03089844774548583,0.0,0.0,0.0,0.0
2.5166666666666666,0.03276596,0.05520603841586674,0.02336936872627976,0.03183666968958698,0.0,0.0,0.0,0.0
2.533333333333333,0.03276596,0.05509952018777091,0.02257236243962731,0.0325271577481436,0.0,0.0,0.0,0.0
2.55,0.03276596,0.054777178386924724,0.021768847261444693,0.03300833112548003,0.0,0.0,0.0,0.0
2.566666666666667,0.03276596,0.05427417954153117,0.02096280388605991,0.03331137565547126,0.0,0.0,0.0,0.0
2.583333333333333,0.03276596,0.05361993980492577,0.020157856954944296,0.03346208284998147,0.0,0.0,0.0,0.0
2.6,0.03276596,0.052839380582395956,0.019357284557867484,0.03348209602452847,0.0,0.0,0.0,0.0
2.6166666666666667,0.03276596,0.051953818245059666,0.018564030054128516,0.03338978819093115,0.0,0.0,0.0,0.0
2.6333333333333333,0.03276596,0.05098161664572706,0.017780715732528353,0.03320090091319871,0.0,0.0,0.0,0.0
2.65,0.03276596,0.04993867999952761,0.01700965788149411,0.0329290221180335,0.0,0.0,0.0,0.0
2.6666666666666665,0.03276596,0.04883883480060314,0.016252882890759015,0.03258595190984412,0.0,0.0,0.0,0.0
2.683333333333333,0.03276596,0.047694132391432165,0.015512144052921405,0.032181988338510756,0.0,0.0,0.0,0.0
2.7,0.03276596,0.04651509334719796,0.014788938776852573,0.03172615457034538,0.0,0.0,0.0,0.0
2.716666666666667,0.03276596,0.04531090821736834,0.01408452596519633,0.031226382252172016,0.0,0.0,0.0,0.0
2.7333333333333334,0.03276596,0.044089604853470375,0.013399943345087924,0.03068966150838245,0.0,0.0,0.0,0.0
2.75,0.028085107,0.06608099167151202,0.012736024574760058,0.030122165096004357,0.023222802000747604,0.0,0.0,0.0
2.7666666666666666,0.028085107,0.06935776817094187,0.012093415978995775,0.02952935224457844,0.02773499994736766,0.0,0.0,0.0
2.783333333333333,0.028085107,0.07026895034843278,0.011472592793562112,0.028916056309368412,0.02988030124550226,0.0,0.0,0.0
2.8,0.03276596,0.07033906854712504,0.010873874822974507,0.028286559369682173,0.03117863435446836,0.0,0.0,0.0
2.816666666666667,0.03276596,0.0699645722779311,0.010297441437374278,0.027644656181499014,0.032022474659057804,0.0,0.0,0.0
2.833333333333333,0.03276596,0.06931593058184696,0.009743345853139018,0.0269937093616504,0.032578875367057544,0.0,0.0,0.0
2.85,0.03276596,0.06848439537178305,0.00921152865828001,0.026336697283636672,0.03293616942986637,0.0,0.0,0.0
2.8666666666666667,0.03276596,0.06752545568064044,0.008701830557907395,0.025676255864754426,0.033147369257978614,0.0,0.0,0.0
2.8833333333333333,0.03276596,0.06647579279671709,0.008214004327250883,0.02501471519424064,0.03324707327522556,0.0,0.0,0.0
2.9,0.03276596,0.06536111178526191,0.007747725970102177,0.024354131774129983,0.03325925404102975,0.0,0.0,0.0
2.9166666666666665,0.03276596,0.06420020507801978,0.007302605089269082,0.023696317005291494,0.03320128298345921,0.0,0.0,0.0
2.933333333333333,0.03276596,0.06300725048815557,0.006878194482873881,0.023042862441161178,0.033086193564120514,0.0,0.0,0.0
2.95,0.03276596,0.06179320051960137,0.006473998986248888,0.022395162244070614,0.032924039289281865,0.0,0.0,0.0
2.966666666666667,0.03276596,0.060566668567400186,0.006089483583930315,0.02175443320866122,0.03272275177480865,0.0,0.0,0.0
2.9833333333333334,0.03276596,0.059334519722406866,0.005724080819967019,0.02112173265983853,0.03248870624260132,0.0,0.0,0.0
3.0,0.03276596,0.05810227952058267,0.0053771975375720114,0.02049797448617669,0.03222710749683397,0.0,0.0,0.0
3.0166666666666666,0.03276596,0.05687442580790286,0.005048220981168554,0.01988394353143038,0.03194226129530393,0.0,0.0,0.0
3.033333333333333,0.03276596,0.05565460288492782,0.004736524295228284,0.019280308535166404,0.03163777005453313,0.0,0.0,0.0
3.05,0.03276596,0.05444578237255743,0.004441471455061431,0.018687633787183727,0.03131667713031227,0.0,0.0,0.0
3.066666666666667,0.028085107,0.05325038656110309,0.004162421664988214,0.018106389638331062,0.030981575257783812,0.0,0.0,0.0
3.083333333333333,0.028085107,0.05207038470485584,0.003898733259173828,0.017536961991756368,0.03063468945392564,0.0,0.0,0.0
3.1,0.028085107,0.050907369386577875,0.0036497671399172075,0.016979660882897783,0.03027794136376288,0.0,0.0,0.0
3.1166666666666667,0.028085107,0.04976261791610853,0.00341488978740951,0.01643472824315039,0.029912999885548634,0.0,0.0,0.0
3.1333333333333333,0.028085107,0.048637142294581256,0.0031934758739750307,0.01590234493070775,0.029541321489898475,0.0,0.0,0.0
3.15,0.028085107,0.04753173030445355,0.0029849105146261237,0.015382637102262066,0.029164182687565356,0.0,0.0,0.0
3.1666666666666665,0.028085107,0.046446979613787624,0.002788591184444254,0.01487568199078235,0.02878270643856102,0.0,0.0,0.0
3.183333333333333,0.028085107,0.04538332631007697,0.002603929331880317,0.014381513147263136,0.02839788383093352,0.0,0.0,0.0
3.2,0.028085107,0.04434106894003703,0.0024303517155790546,0.013900125197969893,0.028010592026488087,0.0,0.0,0.0
3.216666666666667,0.028085107,0.043320388885280184,0.0022673014908028313,0.013431478163155304,0.027621609231322054,0.0,0.0,0.0
3.2333333333333334,0.028085107,0.04232136772189361,0.0021142390699811506,0.012975501378361641,0.027231627273550826,0.0,0.0,0.0
3.25,0.028085107,0.041344002075894934,0.0019706427803645346,0.012532097055160531,0.02684126224036987,0.0,0.0,0.0
3.2666666666666666,0.028085107,0.04038821638350022,0.001836009340229698,0.012101143514425046,0.02645106352884548,0.0,0.0,0.0
3.283333333333333,0.028085107,0.03945387388617148,0.0017098541735813503,0.01168249812191331,0.026061521590676814,0.0,0.0,0.0
3.3,0.028085107,0.03854078612920887,0.0015917115818345202,0.01127599995300591,0.025673074594368444,0.0,0.0,0.0
3.316666666666667,0.023404256,0.03764872118472043,0.0014811347895488847,0.010881472210832488,0.025286114184339053,0.0,0.0,0.0
3.333333333333333,0.023404256,0.03677741078188269,0.00137769587992923,0.01049872441970264,0.024900990482250817,0.0,0.0,0.0
3.35,0.023404256,0.035926556497125256,0.0012809856345090062,0.01012755441368626,0.02451801644892999,0.0,0.0,0.0
3.3666666666666667,0.023404256,0.03509583513247585,0.0011906132902004417,0.009767750138339136,0.02413747170393627,0.0,0.0,0.0
3.3833333333333333,0.023404256,0.034284903390475,0.001106206225726287,0.009419091281910869,0.02375960588283784,0.0,0.0,0.0
3.4,0.023404256,0.033493401937834795,0.0010274095883471503,0.009081350750885607,0.023384641598602037,0.0,0.0,0.0
3.4166666666666665,0.023404256,0.032720958936614336,0.0009538858707637435,0.00875429600336772,0.023012777062482875,0.0,0.0,0.0
3.433333333333333,0.023404256,0.0319671931105491,0.0008853144471052635,0.008437690252619525,0.022644188410824315,0.0,0.0,0.0
3.45,0.023404256,0.031231716404855326,0.0008213910760123201,0.008131293551970982,0.022279031776872023,0.0,0.0,0.0
3.466666666666667,0.023404256,0.03051413628998799,0.0007618273779836075,0.007834863771338641,0.02191744514066574,0.0,0.0,0.0
3.4833333333333334,0.023404256,0.029814057753192125,0.0007063502933779552,0.007548157474701655,0.021559549985112517,0.0,0.0,0.0
3.5,0.023404256,0.029131085016036506,0.0006547015267453071,0.007270930707077171,0.021205452782214026,0.0,0.0,0.0
3.5166666666666666,0.023404256,0.02846482301128507,0.0006066369824987554,0.007002939698805663,0.02085524632998065,0.0,0.0,0.0
3.533333333333333,0.018723404,0.027814878648309133,0.0005619261963327061,0.0067439414942926145,0.020509010957683812,0.0,0.0,0.0
3.55,0.018723404,0.027180861892659832,0.0005203517662364396,0.006493694511748429,0.020166815614674965,0.0,0.0,0.0
3.566666666666667,0.018723404,0.026562386682317606,0.0004817087864451571,0.006251959039918202,0.019828718855954247,0.0,0.0,0.0
3.583333333333333,0.018723404,0.025959071700438287,0.00044580428720907635,0.006018497677291247,0.019494769735937965,0.0,0.0,0.0
3.6,0.018723404,0.0253705410220641,0.00041245668284249534,0.005793075718822504,0.0191650086203991,0.0,0.0,0.0
3.6166666666666663,0.018723404,0.024796424650213256,0.0003814952301361374,0.005575461494780274,0.018839467925296845,0.0,0.0,0.0
3.633333333333333,0.018723404,0.02423635895495889,0.0003527594988747434,0.005365426665952134,0.01851817279013201,0.0,0.0,0.0
3.65,0.018723404,0.02368998702752698,0.00032609885589531256,0.005162746479092059,0.01820114169253961,0.0,0.0,0.0
3.6666666666666665,0.018723404,0.02315695896004901,0.0003013719638467369,0.004967199986171401,0.017888387010030874,0.0,0.0,0.0
3.683333333333333,0.018723404,0.022636932060376758,0.0002784462955667102,0.004778570230703512,0.017579915534106535,0.0,0.0,0.0
3.7,0.018723404,0.02212957101028283,0.00025719766477412407,0.0045966444041433885,0.01727572894136532,0.0,0.0,0.0
3.716666666666667,0.018723404,0.02163454797441022,0.00023750977358256238,0.004421213975117097,0.016975824225710562,0.0,0.0,0.0
3.733333333333333,0.018723404,0.021151542666485265,0.0002192737771708542,0.004252074794009812,0.0166801940953046,0.0,0.0,0.0
3.75,0.018723404,0.02068024237855628,0.00020238786579796403,0.004089027175233891,0.016388827337524427,0.0,0.0,0.0
3.7666666666666666,0.018723404,0.020220341978351895,0.0001867568642198705,0.0039318759593075835,0.01610170915482444,0.0,0.0,0.0
3.783333333333333,0.018723404,0.019771543879260847,0.00017229184845381402,0.0037804305566998216,0.015818821474107212,0.0,0.0,0.0
3.8,0.018723404,0.01933355798690948,0.00015890977973872594,0.003634504975235659,0.015540143231935095,0.0,0.0,0.0
3.816666666666667,0.018723404,0.018906101625845106,0.00014653315545826726,0.0034939178327086278,0.015265650637678211,0.0,0.0,0.0
3.8333333333333335,0.0140425535,0.01848889944941874,0.0001350896767232908,0.003358492356210182,0.01499531741648527,0.0,0.0,0.0
3.85,0.0140425535,0.0180816833355914,0.00012451193225239721,0.0032280563695609088,0.014729115033778094,0.0,0.0,0.0
3.8666666666666663,0.0140425535,0.01768419227106048,0.0001147370981413963,0.0031024422701129957,0.01446701290280609,0.0,0.0,0.0
3.883333333333333,0.0140425535,0.01729617222581106,0.00010570665307375403,0.0029814869960869683,0.014208978576650336,0.0,0.0,0.0
3.9,0.0140425535,0.016917376019938386,9.736610849354628e-05,0.002865031985508151,0.013954977925936689,0.0,0.0,0.0
3.9166666666666665,0.0140425535,0.016547563184357558,8.966475323907009e-05,0.002752923127718071,0.013704975303400417,0.0,0.0,0.0
3.933333333333333,0.0140425535,0.016186499816812267,8.255541211825852e-05,0.0026450107083530864,0.013458933696340922,0.0,0.0,0.0
3.95,0.0140425535,0.015833958434413542,7.599421789562796e-05,0.002541149348606232,0.013216814867911682,0.0,0.0,0.0
3.966666666666667,0.0140425535,0.015489717823778379,6.994039615393497e-05,0.0024411979395177153,0.01297857948810673,0.0,0.0,0.0
3.983333333333333,0.0140425535,0.015153562889695769,6.435606249141201e-05,0.002345019571974797,0.01274418725522956,0.0,0.0,0.0
4.0,0.0140425535,0.014825284503121488,5.920603151680451e-05,0.0022524814630419717,0.012513597008562713,0.0,0.0,0.0
4.016666666666667,0.0140425535,0.01450467934919153,5.4457637108920576e-05,0.0021634548791874546,0.012286766832895153,0.0,0.0,0.0
4.033333333333333,0.0140425535,0.014191549775844687,5.0080563414550516e-05,0.002077815056921174,0.012063654155508962,0.0,0.0,0.0
4.05,0.0140425535,0.013885703643558569,4.604668606802811e-05,0.0019954411213129256,0.011844215836177615,0.0,0.0,0.0
4.066666666666666,0.0140425535,0.013586954176625449,4.232992312696757e-05,0.0019162160028163133,0.011628408250682168,0.0,0.0,0.0
4.083333333333333,0.0140425535,0.013295119816327285,3.890609523151849e-05,0.0018400263527845624,0.011416187368311204,0.0,0.0,0.0
4.1,0.0140425535,0.013010024076309237,3.5752794508524115e-05,0.0017667624580278362,0.011207508823772876,0.0,0.0,0.0
4.116666666666666,0.0140425535,0.01273149540039884,3.2849261756976876e-05,0.0016963181547282363,0.011002327983913627,0.0,0.0,0.0
4.133333333333334,0.0140425535,0.01245936702307206,3.0176271466917217e-05,0.0016285907419977955,0.010800600009607348,0.0,0.0,0.0
4.15,0.0140425535,0.012193476832727255,2.7716024240203327e-05,0.001563480895336421,0.01060227991315063,0.0,0.0,0.0
4.166666666666667,0.0140425535,0.011933667237892884,2.5452046198214338e-05,0.0015008925802206601,0.01040732261147401,0.0,0.0,0.0
4.183333333333334,0.0140425535,0.011679785036464711,2.336909497838565e-05,0.0014407329660302874,0.010215682975456039,0.0,0.0,0.0
4.2,0.0140425535,0.011431681288041052,2.145307193836692e-05,0.0013829123404975644,0.01002731587560512,0.0,0.0,0.0
4.216666666666667,0.0140425535,0.011189211189402224,1.9690940203436525e-05,0.001327344024843952,0.009842176224354836,0.0,0.0,0.0
4.233333333333333,0.0140425535,0.010952233953160164,1.8070648209495647e-05,0.0012739442897504308,0.009660219015200238,0.0,0.0,0.0
4.25,0.0140425535,0.010720612689587298,1.658105841041347e-05,0.0012226322722905995,0.009481399358886285,0.0,0.0,0.0
4.266666666666667,0.0140425535,0.010494214291619092,1.5211880834641268e-05,0.001173329893940161,0.009305672516844289,0.0,0.0,0.0
4.283333333333333,0.0140425535,0.010272909323012322,1.395361119179028e-05,0.001125961779762105,0.009132993932058426,0.0,0.0,0.0
4.3,0.0140425535,0.01005657190963054,1.2797473245231537e-05,0.0010804551788538255,0.008963319257531483,0.0,0.0,0.0
4.316666666666666,0.0140425535,0.009845079633819396,1.1735365181691935e-05,0.0010367398861305113,0.008796604382507192,0.0,0.0,0.0
4.333333333333333,0.0140425535,0.009638313431827139,1.075980972325085e-05,0.0009947481655081943,0.008632805456595694,0.0,0.0,0.0
4.35,0.0140425535,0.00943615749421949,9.863907741073296e-06,0.00095441467453989,0.008471878911938527,0.0,0.0,0.0
4.366666666666666,0.0140425535,0.009238499169233185,9.04129514362681e-06,0.0009156763905492179,0.00831378148354034,0.0,0.0,0.0
4.383333333333334,0.0140425535,0.009045228869008458,8.286102825010916e-06,0.0008784725382975869,0.00815847022788586,0.0,0.0,0.0
4.4,0.0140425535,0.008856239978637801,7.592919471378964e-06,0.0008427445192135418,0.00800590253995288,0.0,0.0,0.0
4.416666666666667,0.0140425535,0.008671428767965627,6.956757035245071e-06,0.0008084358422060212,0.007856036168724361,0.0,0.0,0.0
4.433333333333334,0.0140425535,0.008490694306072301,6.373018698753427e-06,0.000775492056077131,0.007708829231296416,0.0,0.0,0.0
4.45,0.0140425535,0.008313938378374245,5.837469157741979e-06,0.0007438606835443974,0.007564240225672105,0.0,0.0,0.0
4.466666666666667,0.0140425535,0.008141065406271618,5.346207068672648e-06,0.0007134911568774255,0.007422228042325519,0.0,0.0,0.0
4.483333333333333,0.0140425535,0.00797198236927457,4.895639510231384e-06,0.0006843347551493498,0.007282751974614989,0.0,0.0,0.0
4.5,0.0140425535,0.007806598729539186,4.482458320637063e-06,0.0006563445430993401,0.007145771728119209,0.0,0.0,0.0
4.516666666666667,0.0140425535,0.007644826358744708,4.10361818045426e-06,0.000629475311598765,0.007011247428965489,0.0,0.0,0.0
4.533333333333333,0.0140425535,0.007486579467244105,3.7563163189920514e-06,0.0006036835197103419,0.006879139631214771,0.0,0.0,0.0
4.55,0.0140425535,0.007331774535421042,3.437973730208936e-06,0.0005789272383266511,0.006749409323364182,0.0,0.0,0.0
4.566666666666666,0.0140425535,0.007180330247187253,3.1462177914462956e-06,0.000555166095371824,0.006622017934023982,0.0,0.0,0.0
4.583333333333333,0.0140425535,0.007032167425555374,2.878866185296799e-06,0.0005323612225478988,0.006496927336822178,0.0,0.0,0.0
4.6,0.0140425535,0.006887208970223793,2.6339120314981507e-06,0.0005104752036053219,0.0063740998545869735,0.0,0.0,0.0
4.616666666666666,0.0140425535,0.0067453797971111455,2.4095101419412055e-06,0.0004894720241153246,0.00625349826285388,0.0,0.0,0.0
4.633333333333334,0.0140425535,0.0066066067797797366,2.2039643177141784e-06,0.00046931702272035437,0.006135085792741668,0.0,0.0,0.0
4.65,0.0140425535,0.006470818692688554,2.0157156125869188e-06,0.00044997684383743774,0.006018826133238529,0.0,0.0,0.0
4.666666666666667,0.0140425535,0.006337946156217961,1.8433314924874775e-06,0.00043141939178820723,0.005904683432937266,0.0,0.0,0.0
4.683333333333334,0.0140425535,0.006207921583409899,1.6854958253559607e-06,0.00041361378632841553,0.0057926223012561276,0.0,0.0,0.0
4.7,0.0140425535,0.0060806791283688055,1.540999640290452e-06,0.00039653031954894056,0.005682607809179574,0.0,0.0,0.0
4.716666666666667,0.0140425535,0.005956154636270037,1.408732599146012e-06,0.0003801404141196692,0.0055746054895512214,0.0,0.0,0.0
4.733333333333333,0.0140425535,0.005834285594924201,1.2876751277223832e-06,0.0003644165828471492,0.00546858133694933,0.0,0.0,0.0
4.75,0.0140425535,0.00571501108784726,1.176891157395876e-06,0.0003493323895165143,0.00536450180717335,0.0,0.0,0.0
4.766666666666667,0.0140425535,0.0055982717487877915,1.0755214315289257e-06,0.00033486241098792203,0.00526233381636834,0.0,0.0,0.0
4.783333333333333,0.0140425535,0.0054840097176643565,9.827773342408944e-07,0.00032098220051758494,0.005162044739812531,0.0,0.0,0.0
4.8,0.0140425535,0.005372168597867297,8.979352021593247e-07,0.0003076682522733939,0.005063602410391744,0.0,0.0,0.0
4.816666666666666,0.0140425535,0.005262693414880762,8.203310826037383e-07,0.00029489796701513975,0.004966975116783019,0.0,0.0,0.0
4.833333333333333,0.0140425535,0.0051555305761822046,7.493559042969936e-07,0.00028264961890942815,0.004872131601368479,0.0,0.0,0.0
4.85,0.0140425535,0.0050506278323779056,6.844510291630712e-07,0.0002709023234495215,0.004779041057899221,0.0,0.0,0.0
4.866666666666666,0.0140425535,0.004947934239534452,6.251041560658922e-07,0.0002596360064505493,0.004687673128927837,0.0,0.0,0.0
4.883333333333334,0.0140425535,0.004847400122667412,5.708455494820673e-07,0.00024883137409079445,0.004597997903027135,0.0,0.0,0.0
4.9,0.0140425535,0.004748977040349691,5.212445680906259e-07,0.00023846988397006278,0.004509985911811538,0.0,0.0,0.0
4.916666666666667,0.0140425535,0.004652617750403253,4.7590647011458427e-07,0.00022853371715648638,0.004423608126776652,0.0,0.0,0.0
4.933333333333334,0.0140425535,0.004558276176639216,4.344694739712395e-07,0.00021900575119351165,0.004338835955971733,0.0,0.0,0.0
4.95,0.0140425535,0.00446590737661234,3.966020543886828e-07,0.00020986953403922108,0.00425564124051873,0.0,0.0,0.0
4.966666666666667,0.0140425535,0.004375467510357096,3.620004556332618e-07,0.00020110925891058976,0.004173996250990873,0.0,0.0,0.0
4.983333333333333,0.0140425535,0.004286913810073677,3.303864048737875e-07,0.00019270974000574624,0.004093873683663057,0.0,0.0,0.0
5.0,0.0140425535,0.004200204550733218,3.015050099904859e-07,0.0001846563890777924,0.004015246656645435,0.0,0.0,0.0
5.016666666666667,0.0140425535,0.004115299021572634,2.7512282732631915e-07,0.00017693519283423924,0.0039380887059110685,0.0,0.0,0.0
5.033333333333333,0.0140425535,0.004032157498450422,2.510260859818752e-07,0.00016953269113664264,0.003862373781227798,0.0,0.0,0.0
5.05,0.0140425535,0.003950741217035703,2.2901905627818252e-07,0.00016243595597554444,0.0037880762420038796,0.0,0.0,0.0
5.066666666666666,0.0140425535,0.0038710123468037355,2.0892255096008565e-07,0.00015563257119636804,0.0037151708530564075,0.0,0.0,0.0
5.083333333333333,0.0140425535,0.003792933965812048,1.9057254859147516e-07,0.00014911061295246527,0.003643632780310991,0.0,0.0,0.0
5.1,0.0140425535,0.0037164700362320893,1.7381892940733895e-07,0.00014285863086205923,0.0035734375864406227,0.0,0.0,0.0
5.116666666666666,0.0140425535,0.0036415853806122736,1.585243146410099e-07,0.000136865629846381,0.0035045612264512516,0.0,0.0,0.0
5.133333333333334,0.018723404,0.00356824565884897,1.4456300104223253e-07,0.00013112105262685857,0.003436980043221069,0.0,0.0,0.0
5.15,0.018723404,0.0034964173458428825,1.3181998294676365e-07,0.00012561476285976662,0.003370670763000169,0.0,0.0,0.0
5.166666666666667,0.018723404,0.003426067709818846,1.2019005485488685e-07,0.0001203370288872963,0.003305610490876695,0.0,0.0,0.0
5.183333333333334,0.018723404,0.0033571647912880205,1.095769880278882e-07,0.00011527850808456622,0.0032417767062154264,0.0,0.0,0.0
5.2,0.018723404,0.0032896773826319357,9.989277512144975e-08,0.00011043023178263002,0.003179147258074184,0.0,0.0,0.0
5.216666666666667,0.018723404,0.0032235750082886734,9.105693734608599e-08,0.00010578359074808398,0.003117700360603243,0.0,0.0,0.0
5.233333333333333,0.018723404,0.0031588279055220305,8.299588908000352e-08,0.00010133032120041542,0.003057414588432535,0.0,0.0,0.0
5.25,0.018723404,0.003095407005755208,7.564235526170655e-08,9.706249134875952e-05,0.002998268872051187,0.0,0.0,0.0
5.266666666666667,0.018723404,0.003033283916451126,6.893483726073746e-08,9.297248843025585e-05,0.0029402424931836094,0.0,0.0,0.0
5.283333333333333,0.0140425535,0.0029724309035220648,6.281712326745034e-08,8.905300623271343e-05,0.002883315080166084,0.0,0.0,0.0
5.3,0.0140425535,0.0029128208742519347,5.723783955871336e-08,8.529703308479519e-05,0.002827466603327581,0.0,0.0,0.0
5.316666666666666,0.0140425535,0.0028544273607149897,5.2150039287957813e-08,8.169784029743789e-05,0.002772677370378264,0.0,0.0,0.0
5.333333333333333,0.0140425535,0.0027972245036753138,4.751082571682356e-08,7.824897104070546e-05,0.0027189280218088913,0.0,0.0,0.0
5.35,0.0140425535,0.0027411870369520026,4.328100705350097e-08,7.49442296407588e-05,0.0026661995263041905,0.0,0.0,0.0
5.366666666666666,0.0140425535,0.0026862902722353528,3.942478029134039e-08,7.177767128209564e-05,0.002614473176172966,0.0,0.0,0.0
5.383333333333334,0.0140425535,0.0026325100843399324,3.590944165181687e-08,6.874359210067035e-05,0.0025637305827976103,0.0,0.0,0.0
5.4,0.0140425535,0.002579822896880838,3.2705121429902284e-08,6.583651965396023e-05,0.002513953672105448,0.0,0.0,0.0
5.416666666666667,0.0140425535,0.0025282056683598683,2.978454121853649e-08,6.305120375447923e-05,0.0024651246800641703,0.0,0.0,0.0
5.433333333333334,0.0140425535,0.0024776358786488227,2.712279165340211e-08,6.038260765367834e-05,0.002417226148203491,0.0,0.0,0.0
5.45,0.0140425535,0.002428091515857538,2.4697128970650124e-08,5.78258995635836e-05,0.0023702409191649837,0.0,0.0,0.0
5.466666666666667,0.0140425535,0.0023795510635746314,2.2486788809628614e-08,5.5376444503939014e-05,0.002324152132281883,0.0,0.0,0.0
5.483333333333333,0.0140425535,0.002331993488469391,2.0472815820943953e-08,5.302979646302002e-05,0.00227894321919055,0.0,0.0,0.0
5.5,0.0140425535,0.002285398228243569,1.8637907758201516e-08,5.078169086067047e-05,0.0022345978994751403,0.0,0.0,0.0
5.516666666666667,0.0140425535,0.002239745179922224,1.6966272840332985e-08,4.8628037302498515e-05,0.002191100176346885,0.0,0.0,0.0
5.533333333333333,0.0140425535,0.002195014688473108,1.5443499271250378e-08,4.656491261453538e-05,0.0021484343323593014,0.0,0.0,0.0
5.55,0.0140425535,0.0021511875357444416,1.4056435895356102e-08,4.4588554148018746e-05,0.0021065849251605275,0.0,0.0,0.0
5.566666666666666,0.0140425535,0.0021082449297112303,1.2793083051821731e-08,4.2695353344313895e-05,0.0020655367832838646,0.0,0.0,0.0
5.583333333333333,0.009361702,0.002066168494020633,1.1642492768096283e-08,4.088184955032565e-05,0.0020252750019775392,0.0,0.0,0.0
5.6,0.009361702,0.0020249402578271457,1.059467750436876e-08,3.9144724075081573e-05,0.00198578493907456,0.0,0.0,0.0
5.616666666666666,0.009361702,0.001984542645908728,9.640526726178552e-09,3.748079447849048e-05,0.0019470522109035116,0.0,0.0,0.0
5.633333333333334,0.009361702,0.001944958469055241,8.771730642502627e-09,3.588700908359021e-05,0.0019090626882410082,0.0,0.0,0.0
5.65,0.009361702,0.001906170914720858,7.980710501878591e-09,3.436044170389993e-05,0.0018718024923064563,0.0,0.0,0.0
5.666666666666667,0.009361702,0.0018681635379323804,7.260554889829576e-09,3.289828657778585e-05,0.0018352579907997047,0.0,0.0,0.0
5.683333333333334,0.009361702,0.0018309202524456655,6.604961517415127e-09,3.149785350203406e-05,0.001799415793982114,0.0,0.0,0.0
5.7,0.009361702,0.0017944253221426117,6.008184033458989e-09,3.0156563157097545e-05,0.0017642627508014808,0.0,0.0,0.0
5.716666666666667,0.009361702,0.0017586633526613764,5.464983432222568e-09,2.8871942616753693e-05,0.0017297859450611905,0.0,0.0,0.0
5.733333333333333,0.009361702,0.001723619283252779,4.970583664272516e-09,2.7641621035164675e-05,0.0016959726916339502,0.0,0.0,0.0
5.75,0.009361702,0.0016892783788560325,4.520631091301757e-09,2.6463325504585204e-05,0.001662810532720356,0.0,0.0,0.0
5.766666666666667,0.009361702,0.0016556262223871832,4.1111574559411934e-09,2.5334877077204455e-05,0.001630287234152523,0.0,0.0,0.0
5.783333333333333,0.009361702,0.001622648707233869,3.73854606536689e-09,2.4254186944842018e-05,0.0015983907817429617,0.0,0.0,0.0
5.8,0.009361702,0.001590332029950161,3.3995009129700183e-09,2.3219252770446493e-05,0.0015671093776788016,0.0,0.0,0.0
5.816666666666666,0.009361702,0.0015586626831455308,3.091018485700272e-09,2.222815516556459e-05,0.0015364314369614804,0.0,0.0,0.0
5.833333333333333,0.0140425535,0.0015276274485621012,2.8103620260912043e-09,2.1279054308159987e-05,0.0015063455838919151,0.0,0.0,0.0
5.85,0.0140425535,0.001497213390334588,2.555038037588371e-09,2.0370186695367743e-05,0.0014768406486011826,0.0,0.0,0.0
5.866666666666666,0.0140425535,0.0014674078484274763,2.322774839772315e-09,1.9499862025968586e-05,0.001447905663626668,0.0,0.0,0.0
5.883333333333334,0.0140425535,0.0014381984322441757,2.111502996535374e-09,1.866646020755813e-05,0.001419529860533621,0.0,0.0,0.0
5.9,0.0140425535,0.0014095730144030715,1.91933745535628e-09,1.786842848357322e-05,0.001391702666582043,0.0,0.0,0.0
5.916666666666667,0.0140425535,0.0013815197246755107,1.7445612496337079e-09,1.7104278675514808e-05,0.0013644137014387461,0.0,0.0,0.0
5.933333333333334,0.0140425535,0.0013540269440809952,1.5856106286949815e-09,1.6372584535882132e-05,0.0013376527739344844,0.0,0.0,0.0
5.95,0.0140425535,0.001327083299134925,1.4410614916837092e-09,1.567197920749755e-05,0.0013114098788659357,0.0,0.0,0.0
5.966666666666667,0.0140425535,0.0013006776562444415,1.3096170121401005e-09,1.5001152785064528e-05,0.0012856751938423647,0.0,0.0,0.0
5.983333333333333,0.0140425535,0.0012747991162480434,1.1900963498001649e-09,1.4358849974956528e-05,0.0012604390761767371,0.0,0.0,0.0
6.0,0.0140425535,0.001249437009094777,1.0814243550306483e-09,1.3743867849384254e-05,0.0012356920598210377,0.0,0.0,0.0
6.016666666666667,0.0140425535,0.0012245808886589484,9.826221794527775e-10,1.3155053691234506e-05,0.0012114248523455344,0.0,0.0,0.0
6.033333333333333,0.0140425535,0.0012002205276864478,8.927987137536951e-10,1.2591302926013735e-05,0.0011876283319617203,0.0,0.0,0.0
6.05,0.0140425535,0.001176345912868862,8.111427804969145e-10,1.2051557137463743e-05,0.0011642935445886177,0.0,0.0,0.0
6.066666666666666,0.0140425535,0.0011529472400417101,7.369160159754413e-10,1.1534802163547899e-05,0.0011414117009621463,0.0,0.0,0.0
6.083333333333333,0.0140425535,0.0011300149095032368,6.694463808522788e-10,1.1040066269631639e-05,0.0011189741737872242,0.0,0.0,0.0
6.1,0.0140425535,0.0011075395214503205,6.081222445472376e-10,1.0566418395801639e-05,0.0010969724949322743,0.0,0.0,0.0
6.116666666666666,0.0140425535,0.0010855118715281439,5.523869930972953e-10,1.0112966475385224e-05,0.0010753983526657655,0.0,0.0,0.0
6.133333333333334,0.0140425535,0.0010639229464903992,5.017341145780958e-10,9.67885582184411e-06,0.0010542435889344406,0.0,0.0,0.0
6.15,0.0140425535,0.0010427639199669097,4.557027201604987e-10,9.263267581324556e-06,0.001033500196682865,0.0,0.0,0.0
6.166666666666667,0.0140425535,0.0010220261483356043,4.138734625204667e-10,8.865417248250764e-06,0.001013160317213891,0.0,0.0,0.0
6.183333333333334,0.0140425535,0.0010017011666959392,3.758648166516938e-10,8.484553241449272e-06,0.0009932162375896733,0.0,0.0,0.0
6.2,0.0140425535,0.0009817806849409002,3.41329691174881e-10,8.119955538388523e-06,0.0009736603880728205,0.0,0.0,0.0
6.216666666666667,0.0140425535,0.000962256583924849,3.0995234101978603e-10,7.770934365211779e-06,0.0009544853396072962,0.0,0.0,0.0
6.233333333333333,0.0140425535,0.0009431209117245196,2.8144555489846523e-10,7.436828940331061e-06,0.0009356838013386337,0.0,0.0,0.0
6.25,0.0140425535,0.0009243658799905999,2.5554809331085506e-10,7.117006269436728e-06,0.0009172486181730699,0.0,0.0,0.0
6.266666666666667,0.0140425535,0.0009059838603873912,2.3202235494572564e-10,6.810859989860867e-06,0.0008991727683751754,0.0,0.0,0.0
6.283333333333333,0.0140425535,0.0008879673811181041,2.106522512783512e-10,6.517809262312557e-06,0.0008814493612035402,0.0,0.0,0.0
6.3,0.0140425535,0.0008703091235334521,1.912412709364931e-10,6.237297708080869e-06,0.0008640716345841003,0.0,0.0,0.0
6.316666666666666,0.009361702,0.0008530019188212652,1.736107170230444e-10,5.968792389875798e-06,0.0008470329528206724,0.0,0.0,0.0
6.333333333333333,0.009361702,0.0008360387447749058,1.575981020600021e-10,5.711782834548807e-06,0.000830326804342255,0.0,0.0,0.0
6.35,0.009361702,0.0008194127226383531,1.4305568656637072e-10,5.465780096003813e-06,0.0008139467994866627,0.0,0.0,0.0
6.366666666666666,0.009361702,0.0008031171140258796,1.2984914851326096e-10,5.23031585667591e-06,0.0007978866683200552,0.0,0.0,0.0
6.383333333333334,0.009361702,0.0007871453179143135,1.1785637202285406e-10,5.004941566018641e-06,0.0007821402584919228,0.0,0.0,0.0
6.4,0.009361702,0.0007714908677059325,1.0696634470331449e-10,4.789227614502518e-06,0.0007667015331250853,0.0,0.0,0.0
6.416666666666667,0.009361702,0.0007561474283601,9.707815394763675e-11,4.5827625416861195e-06,0.0007515645687402599,0.0,0.0,0.0
6.433333333333334,0.009361702,0.0007411087935918149,8.810007337849966e-11,4.385152276978561e-06,0.000736723553214763,0.0,0.0,0.0
6.45,0.009361702,0.0007263688831354006,7.994873140056561e-11,4.196019411766157e-06,0.000722172783774903,0.0,0.0,0.0
6.466666666666667,0.009361702,0.0007119217400716051,7.254835453276009e-11,4.01500250162921e-06,0.0007079066650216214,0.0,0.0,0.0
6.483333333333333,0.009361702,0.0006977615282164426,6.58300788418496e-11,3.841755397425295e-06,0.0006939197069889384,0.0,0.0,0.0
6.5,0.009361702,0.000683882529570164,5.973132339045204e-11,3.6759466040639026e-06,0.0006802065232347767,0.0,0.0,0.0
6.516666666666667,0.009361702,0.0006702791418247762,5.4195220152473257e-11,3.5172586658442946e-06,0.0006667618289637118,0.0,0.0,0.0
6.533333333333333,0.009361702,0.0006569458759285879,4.917009534134498e-11,3.3653875772733677e-06,0.0006535804391812192,0.0,0.0,0.0
6.55,0.009361702,0.0006438773537063098,4.460899754548238e-11,3.2200422183233838e-06,0.000640657266878989,0.0,0.0,0.0
6.566666666666666,0.009361702,0.0006310683055332651,4.046926847488533e-11,3.0809438131311694e-06,0.0006279873212508654,0.0,0.0,0.0
6.583333333333333,0.009361702,0.0006185135680623229,3.671215249618558e-11,2.9478254111803434e-06,0.0006155657059389901,0.0,0.0,0.0
6.6,0.009361702,0.0006062080820022022,3.33024414738866e-11,2.8204313900463567e-06,0.0006033876173097145,0.0,0.0,0.0
6.616666666666666,0.009361702,0.0005941468899458398,3.02081517459076e-11,2.698516978821203e-06,0.0005914483427588669,0.0,0.0,0.0
6.633333333333334,0.009361702,0.0005823251342475388,2.740023034446902e-11,2.58184780137011e-06,0.0005797432590459384,0.0,0.0,0.0
6.65,0.009361702,0.0005707380549476763,2.485228783125087e-11,2.4701994386064963e-06,0.000568267830656782,0.0,0.0,0.0
6.666666666666667,0.009361702,0.0005593809877437528,2.2540355350804834e-11,2.3633570090043054e-06,0.0005570176081943932,0.0,0.0,0.0
6.683333333333334,0.009361702,0.0005482493620066415,2.044266372042143e-11,2.261114766598328e-06,0.0005459882267973795,0.0,0.0,0.0
6.7,0.009361702,0.0005373386988408845,1.853944256986368e-11,2.1632757157533043e-06,0.0005351754045856887,0.0,0.0,0.0
6.716666666666667,0.009361702,0.0005266446091879502,1.6812737722255978e-11,2.0696512420116046e-06,0.0005245749411332009,0.0,0.0,0.0
6.733333333333333,0.009361702,0.0005161627919713845,1.5246245169493162e-11,1.9800607583572654e-06,0.0005141827159667821,0.0,0.0,0.0
6.75,0.009361702,0.0005058890322828145,1.3825160143189082e-11,1.8943313662609544e-06,0.0005039946870913933,0.0,0.0,0.0
6.766666666666667,0.009361702,0.0004958191996078003,1.2536039916699545e-11,1.812297530896088e-06,0.0004940068895408643,0.0,0.0,0.0
6.783333333333333,0.009361702,0.0004859492460905592,1.1366679096285073e-11,1.7338007699411425e-06,0.00048421543395393894,0.0,0.0,0.0
6.8,0.004680851,0.00047627520483661237,1.0305996271088177e-11,1.6586893554069417e-06,0.00047461650517520914,0.0,0.0,0.0
6.816666666666666,0.004680851,0.0004667931882524184,9.343930993245608e-12,1.5868180279504252e-06,0.00046520636088053695,0.0,0.0,0.0
6.833333333333333,0.004680851,0.0004574993864211219,8.471350152031917e-12,1.518047723158379e-06,0.0004559813302266134,0.0,0.0,0.0
6.85,0.004680851,0.0004483900655135102,7.679962890228484e-12,1.452245309305634e-06,0.0004469378125242417,0.0,0.0,0.0
6.866666666666666,0.004680851,0.0004394615662333663,6.962243287673289e-12,1.3892833361123588e-06,0.00043807227593501064,0.0,0.0,0.0
6.883333333333334,0.004680851,0.00043071030229635906,6.311360106838492e-12,1.3290397940445383e-06,0.0004293812561909544,0.0,0.0,0.0
6.9,0.004680851,0.0004221327589416991,5.721112958912063e-12,1.2713978837203054e-06,0.00042086135533686586,0.0,0.0,0.0
6.916666666666667,0.004680851,0.0004137254914757576,5.185874306788291e-12,1.2162457950026198e-06,0.00041250924049488066,0.0,0.0,0.0
6.933333333333334,0.0,0.0004054851238468986,4.70053677410355e-12,1.1634764953760595e-06,0.0004043216426509857,0.0,0.0,0.0
6.95,-0.004680851,0.00039740834725079716,4.260465277451326e-12,1.112987527221799e-06,0.0003962953554631101,0.0,0.0,0.0
6.966666666666667,-0.0140425535,0.0003894919187654997,3.861453542596662e-12,1.0646808136207658e-06,0.00038842723409042543,0.0,0.0,0.0
6.983333333333333,-0.03276596,0.00038173266001556116,3.499684605270491e-12,1.0184624723301215e-06,0.00038071419404354646,0.0,0.0,0.0
7.0,-0.074893616,0.00037412745586454737,3.1716949333065047e-12,9.742426375927074e-07,0.00037315321005525974,0.0,0.0,0.0
7.016666666666667,-0.16382979,0.00036667325313526896,2.87434183980897e-12,9.319352894531416e-07,0.00036574131497147397,0.0,0.0,0.0
7.033333333333333,-0.33234042,0.0003593670593570797,2.604773887000097e-12,8.914580902676484e-07,0.0003584755986620382,0.0,0.0,0.0
7.05,-0.6085106,0.0003522059415396373,2.3604040076538855e-12,8.527322281075285e-07,0.0003513532069511258,0.0,0.0,0.0
7.066666666666666,-1.0157447,0.0003451870249724891,2.1388850958244278e-12,8.156822667685719e-07,0.0003443713405668354,0.0,0.0,0.0
7.083333333333333,-1.5493617,0.0003383074920499171,1.9380878411378695e-12,7.802360021105733e-07,0.00033752725410971874,0.0,0.0,0.0
7.1,-2.1859574,0.0003315645811204388,1.7560806014411282e-12,7.463243244624217e-07,0.00033081825503989575,0.0,0.0,0.0
7.116666666666666,-2.855319,0.0003249555853604243,1.5911111272696098e-12,7.138810868392084e-07,0.00032424170268247396,0.0,0.0,0.0
7.133333333333334,-3.4685106,0.0003184778516712582,1.4415899685760214e-12,6.828429787282458e-07,0.00031779500725094,0.0,0.0,0.0
7.15,-3.9553192,0.0003121287795995349,1.306075409606666e-12,6.531494052109063e-07,0.0003114756288882486,0.0,0.0,0.0
7.166666666666667,-4.245532,0.0003059058202797482,1.1832597918561355e-12,6.247423711968605e-07,0.00030528107672529156,0.0,0.0,0.0
7.183333333333334,-4.3204255,0.0002998064753989771,1.0719570978044009e-12,5.975663705565173e-07,0.00029920890795646346,0.0,0.0,0.0
7.2,-4.18,0.0002938282961830783,9.710916797539415e-13,5.715682799463523e-07,0.00029325672693204026,0.0,0.0,0.0
7.216666666666667,-3.8710637,0.00028796888240388926,8.796880286456665e-13,5.466972571302848e-07,0.00028742218426707096,0.0,0.0,0.0
7.233333333333333,-3.4497871,0.00028222588140699306,7.968614873339908e-13,5.229046436084505e-07,0.00028170297596652314,0.0,0.0,0.0
7.25,-2.9723403,0.0002765969871595662,7.218098215310767e-13,5.001438713725452e-07,0.00027609684256638383,0.0,0.0,0.0
7.266666666666667,-2.4948936,0.0002710799393178817,6.538055695665304e-13,4.783703736143886e-07,0.00027060156829046176,0.0,0.0,0.0
7.283333333333333,-2.045532,0.000265672522314021,5.921890993230172e-13,4.5754149922158577e-07,0.0002652149802226103,0.0,0.0,0.0
7.3,-1.6523404,0.0002603725644613789,5.363623072663178e-13,4.376164309010688e-07,0.0002599349474941155,0.0,0.0,0.0
7.316666666666666,-1.3246808,0.0002551779370785393,4.857829004489497e-13,4.1855610677789147e-07,0.0002547593804859785,0.0,0.0,0.0
7.333333333333333,-1.0531914,0.00025008655363113205,4.3995920778415177e-13,4.0032314532303555e-07,0.0002496862300458498,0.0,0.0,0.0
7.35,-0.8425532,0.00024509636889126154,3.984454718108648e-13,3.828817734700621e-07,0.000244713486719346,0.0,0.0,0.0
7.366666666666666,-0.6787234,0.00024020537811413978,3.608375766448789e-13,3.66197757786271e-07,0.00023983917999551593,0.0,0.0,0.0
7.383333333333334,-0.5476596,0.00023541161623153505,3.267691718777236e-13,3.502383385696442e-07,0.00023506137756619625,0.0,0.0,0.0
7.4,-0.4493617,0.000230713157061686,2.9590815587977876e-13,3.34972166748229e-07,0.0002303781845990296,0.0,0.0,0.0
7.416666666666667,-0.3744681,0.00022610811253531165,2.6795348532141965e-13,3.2036924346371455e-07,0.00022578774302389444,0.0,0.0,0.0
7.433333333333334,-0.31361702,0.00022159463193737695,2.4263228077657123e-13,3.0640086222597155e-07,0.0002212882308325187,0.0,0.0,0.0
7.45,-0.2668085,0.00021717090116427787,2.1969720104432624e-13,2.9303955352998e-07,0.0002168778613910507,0.0,0.0,0.0
7.466666666666667,-0.23404256,0.00021283514199610376,1.9892406134220218e-13,2.8025903183115254e-07,0.00021255488276534856,0.0,0.0,0.0
7.483333333333333,-0.2012766,0.0002085856113836679,1.8010967281180728e-13,2.6803414477940446e-07,0.00020831757705877882,0.0,0.0,0.0
7.5,-0.17787234,0.000204420600749977,1.630698828554017e-13,2.563408246164756e-07,0.00020416425976229065,0.0,0.0,0.0
7.516666666666667,-0.15914893,0.00020033843530584572,1.4763779770912737e-13,2.451560416450247e-07,0.0002000932791165629,0.0,0.0,0.0
7.533333333333333,-0.14510638,0.00019633747337934136,1.336621703728098e-13,2.3445775968184582e-07,0.00019610301548599735,0.0,0.0,0.0
7.55,-0.13106383,0.00019241610575877776,1.210059385731709e-13,2.242248934112218e-07,0.0001921918807443606,0.0,0.0,0.0
7.566666666666666,-0.11702128,0.00018857275504896053,1.0954489885122186e-13,2.1443726755795923e-07,0.00018835831767185767,0.0,0.0,0.0
7.583333333333333,-0.10765957,0.0001848058750404153,9.916650414868827e-14,2.050755778030298e-07,0.00018460079936344578,0.0,0.0,0.0
7.6,-0.09829787,0.0001811139500913115,8.976877343441427e-14,1.9612135336796395e-07,0.00018091782864817477,0.0,0.0,0.0
7.616666666666666,-0.08893617,0.00017749549452182982,8.125930297052352e-14,1.8755692119725748e-07,0.00017730793751937325,0.0,0.0,0.0
7.633333333333334,-0.084255315,0.00017394905202069695,7.355436977960045e-14,1.7936537167102288e-07,0.00017376968657547155,0.0,0.0,0.0
7.65,-0.079574466,0.0001704731950636462,6.657811874710473e-14,1.7153052578295821e-07,0.00017030166447128513,0.0,0.0,0.0
7.666666666666667,-0.07021277,0.00016706652434354463,6.026182558582324e-14,1.6403690372144487e-07,0.00016690248737956137,0.0,0.0,0.0
7.683333333333334,-0.06553192,0.00016372766821194686,5.454322860872735e-14,1.5686969479420038e-07,0.00016357079846260943,0.0,0.0,0.0
7.7,-0.060851064,0.0001604552821318416,4.93659229098497e-14,1.50014728639423e-07,0.00016030526735383624,0.0,0.0,0.0
7.716666666666667,-0.060851064,0.000157248048141349,4.4678811145800123e-14,1.4345844766876078e-07,0.00015710458964900142,0.0,0.0,0.0
7.733333333333333,-0.056170214,0.000154104674328151,4.043560564883487e-14,1.371878806897496e-07,0.00015396748640702566,0.0,0.0,0.0
7.75,-0.05148936,0.0001510238943144252,3.6594377091012226e-14,1.3119061765757101e-07,0.00015089270366017325,0.0,0.0,0.0
7.766666666666667,-0.05148936,0.0001480044667520706,3.3117145362447114e-14,1.2545478550808945e-07,0.00014787901193344535,0.0,0.0,0.0
7.783333333333333,-0.04680851,0.00014504517482800616,2.9969508729207935e-14,1.1996902502616248e-07,0.0001449252057730105,0.0,0.0,0.0
7.8,-0.04680851,0.00014214482577934364,2.7120307701706477e-14,1.1472246870515921e-07,0.00014203010328351818,0.0,0.0,0.0
7.816666666666666,-0.04680851,0.00013930225041822059,2.4541320375966208e-14,1.0970471955547726e-07,0.00013919254567412378,0.0,0.0,0.0
7.833333333333333,-0.04680851,0.00013651630266610568,2.220698631102111e-14,1.0490583082163834e-07,0.00013641139681307707,0.0,0.0,0.0
7.85,-0.042127658,0.00013378585909737254,2.0094156278706296e-14,1.0031628656925062e-07,0.00013368554279070914,0.0,0.0,0.0
7.866666666666666,-0.042127658,0.00013110981849196146,1.8181865469845912e-14,9.592698310475754e-08,0.00013101389149067485,0.0,0.0,0.0
7.883333333333334,-0.042127658,0.0001284871013969332,1.645112796562676e-14,9.172921119246678e-08,0.00012839537216928961,0.0,0.0,0.0
7.9,-0.042127658,0.00012591664969674349,1.488475048690252e-14,8.771463903485698e-08,0.00012582893504282388,0.0,0.0,0.0
7.916666666666667,-0.037446808,0.0001233974261920514,1.3467163619218483e-14,8.387529598359067e-08,0.00012331355088260063,0.0,0.0,0.0
7.933333333333334,-0.037446808,0.00012092841418689312,1.2184268879227478e-14,8.020355695005347e-08,0.0001208482106177588,0.0,0.0,0.0
7.95,-0.037446808,0.00011850861708405063,1.1023300140470135e-14,7.669212748555049e-08,0.00011843192494554178,0.0,0.0,0.0
7.966666666666667,-0.037446808,0.0001161370579884448,9.972698074656096e-15,7.333402950256464e-08,0.00011606372394896954,0.0,0.0,0.0
7.983333333333333,-0.037446808,0.00011381277931839664,9.021996389913692e-15,7.012258760968793e-08,0.00011374265672176495,0.0,0.0,0.0
8.0,-0.037446808,0.00011153484242458992,8.161718761163843e-15,6.7051416034003e-08,0.0001114677910003942,0.0,0.0,0.0
8.016666666666667,-0.037446808,0.00010930232721658616,7.38328545089065e-15,6.411440610580456e-08,0.00010923821280309707,0.0,0.0,0.0
8.033333333333333,-0.037446808,0.0001071143317967341,6.678928712114361e-15,6.130571428161417e-08,0.00010705302607577355,0.0,0.0,0.0
8.05,-0.03276596,0.00010496997210132597,6.041616150198955e-15,5.861975068246297e-08,0.00010491135234460189,0.0,0.0,0.0
8.066666666666666,-0.03276596,0.00010286838154885788,5.464981297064558e-15,5.6051168125402914e-08,0.00010281233037526749,0.0,0.0,0.0
8.083333333333334,-0.03276596,0.00010080871069524354,4.943260721143197e-15,5.359485162712727e-08,0.00010075511583867316,0.0,0.0,0.0
8.1,-0.03276596,9.879012689585055e-05,4.471237059693407e-15,5.124590835950097e-08,9.873888098301981e-05,0.0,0.0,0.0
8.116666666666667,-0.03276596,9.681181397421322e-05,4.044187417463624e-15,4.899965803763847e-08,9.676281431213139e-05,0.0,0.0,0.0
8.133333333333333,-0.03276596,9.487297189729572e-05,3.657836627727186e-15,4.685162372200917e-08,9.482612026991588e-05,0.0,0.0,0.0
8.15,-0.03276596,9.297281645716687e-05,3.3083149188863077e-15,4.479752301682343e-08,9.292801893084173e-05,0.0,0.0,0.0
8.166666666666666,-0.03276596,9.111057895896536e-05,2.992119572621781e-15,4.283325964772243e-08,9.106774569632552e-05,0.0,0.0,0.0
8.183333333333334,-0.03276596,8.928550591502195e-05,2.706080198347618e-15,4.0954915402502726e-08,8.924455099691337e-05,0.0,0.0,0.0
8.2,-0.03276596,8.74968587450219e-05,2.4473272838961863e-15,3.9158742419314334e-08,8.745770000015525e-05,0.0,0.0,0.0
8.216666666666667,-0.03276596,8.574391348208215e-05,2.2132637142367575e-15,3.744115580742209e-08,8.570647232406146e-05,0.0,0.0,0.0
8.233333333333333,-0.03276596,8.40259604846287e-05,2.0015389789341854e-15,3.579872658626576e-08,8.39901617560409e-05,0.0,0.0,0.0
8.25,-0.03276596,8.234230415395446e-05,1.810025815252743e-15,3.422817492915307e-08,8.230807597721528e-05,0.0,0.0,0.0
8.266666666666667,-0.03276596,8.069226265734912e-05,1.6367990575622311e-15,3.272636369851368e-08,8.065953629201381e-05,0.0,0.0,0.0
8.283333333333333,-0.03276596,7.907516765668535e-05,1.480116485231439e-15,3.12902922601885e-08,7.904387736294505e-05,0.0,0.0,0.0
8.3,-0.03276596,7.749036404235493e-05,1.338401480709805e-15,2.991709056477237e-08,7.746044695045175e-05,0.0,0.0,0.0
8.316666666666666,-0.028085107,7.59372096724495e-05,1.210227327185831e-15,2.8604013484536562e-08,7.590860565775474e-05,0.0,0.0,0.0
8.333333333333334,-0.028085107,7.441507511707773e-05,1.0943029912426134e-15,2.7348435394945368e-08,7.438772668058848e-05,0.0,0.0,0.0
8.35,-0.028085107,7.29233434077222e-05,9.894602504619726e-16,2.614784499025573e-08,7.289719556174249e-05,0.0,0.0,0.0
8.366666666666667,-0.028085107,7.146140979152982e-05,8.946420390964988e-16,2.4999840323131645e-08,7.143640995031204e-05,0.0,0.0,0.0
8.383333333333333,-0.028085107,7.0028681490444e-05,8.088918968643005e-16,2.3902124058643215e-08,7.000477936557647e-05,0.0,0.0,0.0
8.4,-0.028085107,6.862457746507692e-05,7.313444167358787e-16,2.2852498933423308e-08,6.860172496541215e-05,0.0,0.0,0.0
8.416666666666666,-0.028085107,6.72485281832326e-05,6.61216597384153e-16,2.1848863411158176e-08,6.722667931916023e-05,0.0,0.0,0.0
8.433333333333334,-0.028085107,6.589997539298458e-05,5.978000148494586e-16,2.0889207525958798e-08,6.587908618486081e-05,0.0,0.0,0.0
8.45,-0.028085107,6.457837190022198e-05,5.404537360195766e-16,1.9971608905527262e-08,6.4558400290776e-05,0.0,0.0,0.0
8.466666666666667,-0.028085107,6.328318135057152e-05,4.885979038164263e-16,1.909422896637347e-08,6.326408712111655e-05,0.0,0.0,0.0
8.483333333333333,-0.028085107,6.20138780156126e-05,4.4170793058861193e-16,1.8255309273675074e-08,6.199562270589721e-05,0.0,0.0,0.0
8.5,-0.028085107,6.0769946583296806e-05,3.993092421949981e-16,1.745316805868418e-08,6.075249341483881e-05,0.0,0.0,0.0
8.516666666666667,-0.028085107,5.955088195249317e-05,3.6097252068855553e-16,1.6686196886894937e-08,5.95341957552453e-05,0.0,0.0,0.0
8.533333333333333,-0.03276596,5.835618903157332e-05,3.2630939842309725e-16,1.595285747047217e-08,5.834023617377654e-05,0.0,0.0,0.0
8.55,-0.03276596,5.71853825409589e-05,2.949685608574229e-16,1.525167861872248e-08,5.717013086204521e-05,0.0,0.0,0.0
8.566666666666666,-0.03276596,5.603798681955415e-05,2.6663221936403666e-16,1.4581253320655831e-08,5.6023405565966866e-05,0.0,0.0,0.0
8.583333333333334,-0.028085107,5.4913535634983884e-05,2.4101291900280533e-16,1.3940235953938913e-08,5.489959539878893e-05,0.0,0.0,0.0
8.6,-0.028085107,5.381157199756511e-05,2.1785064952941384e-16,1.3327339614789978e-08,5.3798244657732464e-05,0.0,0.0,0.0
8.616666666666667,-0.028085107,5.2731647977935564e-05,1.96910230905911e-16,1.2741333563593904e-08,5.271890664417506e-05,0.0,0.0,0.0
8.633333333333333,-0.03276596,5.167332452827057e-05,1.7797894729613103e-16,1.2181040781245398e-08,5.1661143487311346e-05,0.0,0.0,0.0
8.65,-0.03276596,5.063617130701367e-05,1.6086440598799628e-16,1.1645335631438429e-08,5.0624525971221365e-05,0.0,0.0,0.0
8.666666666666666,-0.03276596,4.961976650705522e-05,1.4539259991241581e-16,1.1133141624328844e-08,4.96086333652855e-05,0.0,0.0,0.0
8.683333333333334,-0.028085107,4.8623696687288675e-05,1.3140615444590324e-16,1.0643429277190433e-08,4.861305325788008e-05,0.0,0.0,0.0
8.7,-0.028085107,4.7647556607479914e-05,1.1876274101138075e-16,1.0175214067876524e-08,4.7637381393293275e-05,0.0,0.0,0.0
8.716666666666667,-0.028085107,4.669094906638212e-05,1.0733364164635698e-16,9.727554477075223e-09,4.668122151179771e-05,0.0,0.0,0.0
8.733333333333333,-0.028085107,4.575348474303557e-05,9.700245020639927e-17,9.299550115522856e-09,4.574418519282304e-05,0.0,0.0,0.0
8.75,-0.028085107,4.483478204118601e-05,8.76638972289033e-17,8.890339932501896e-09,4.4825891701165846e-05,0.0,0.0,0.0
8.766666666666667,-0.028085107,4.393446693676372e-05,7.922278671123508e-17,8.499100502110308e-09,4.392596783618238e-05,0.0,0.0,0.0
8.783333333333333,-0.028085107,4.305217282836053e-05,7.159303417013572e-17,8.125044383938405e-09,4.3044047783904996e-05,0.0,0.0,0.0
8.8,-0.028085107,4.2187540390646945e-05,6.469679635707542e-17,7.767418554935212e-09,4.217977297202731e-05,0.0,0.0,0.0
8.816666666666666,-0.028085107,4.134021743067243e-05,5.846368391669483e-17,7.425502909385286e-09,4.133279192770458e-05,0.0,0.0,0.0
8.833333333333334,-0.023404256,4.050985874698993e-05,5.28300491016661e-17,7.098608824047736e-09,4.050276013811305e-05,0.0,0.0,0.0
8.85,-0.023404256,3.969612599155199e-05,4.773834140540806e-17,6.7860777856385484e-09,3.968933991371861e-05,0.0,0.0,0.0
8.866666666666667,-0.023404256,3.8898687534321196e-05,4.313652465134123e-17,6.487280077956699e-09,3.8892200254200103e-05,0.0,0.0,0.0
8.883333333333333,-0.023404256,3.8117218330544366e-05,3.8977549690604246e-17,6.201613526072562e-09,3.811101671697932e-05,0.0,0.0,0.0
8.9,-0.023404256,3.7351399790635535e-05,3.5218877415276826e-17,5.928502295106768e-09,3.734547128830521e-05,0.0,0.0,0.0
8.916666666666666,-0.023404256,3.660091965261926e-05,3.182204729677511e-17,5.667395741236162e-09,3.65952522568462e-05,0.0,0.0,0.0
8.933333333333334,-0.023404256,3.5865471857081257e-05,2.875228711403874e-17,5.417767312663243e-09,3.586005408973984e-05,0.0,0.0,0.0
8.95,-0.023404256,3.5144756424579665e-05,2.5978159948041295e-17,5.179113498385243e-09,3.51395773110553e-05,0.0,0.0,0.0
8.966666666666667,-0.023404256,3.4438479335466364e-05,2.347124489197853e-17,4.95095282269062e-09,3.44335283826202e-05,0.0,0.0,0.0
8.983333333333333,-0.023404256,3.374635241207355e-05,2.12058482640139e-17,4.732824883401548e-09,3.374161958716894e-05,0.0,0.0,0.0
9.0,-0.023404256,3.306809320321621e-05,1.9158742414946223e-17,4.5242894319652195e-09,3.306356891376509e-05,0.0,0.0,0.0
9.016666666666667,-0.023404256,3.240342487096831e-05,1.7308929499708506e-17,4.324925493580222e-09,3.239909994545742e-05,0.0,0.0,0.0
9.033333333333331,-0.023404256,3.175207607966534e-05,1.5637427831885675e-17,4.1343305256207774e-09,3.174794174912408e-05,0.0,0.0,0.0
9.05,-0.023404256,3.1113780887090544e-05,1.4127078666984405e-17,3.952119612698125e-09,3.110982876746372e-05,0.0,0.0,0.0
9.066666666666666,-0.018723404,3.0488278637803884e-05,1.2762371465233328e-17,3.777924696769904e-09,3.048450071309435e-05,0.0,0.0,0.0
9.083333333333334,-0.018723404,2.987531385856732e-05,1.1529285870239561e-17,3.611393840775677e-09,2.9871702464715017e-05,0.0,0.0,0.0
9.1,-0.018723404,2.9274636155830448e-05,1.0415148807797826e-17,3.452190524344667e-09,2.927118396529569e-05,0.0,0.0,0.0
9.116666666666667,-0.018723404,2.868600011523185e-05,9.408505261116705e-18,3.2999929701827326e-09,2.8682700122252257e-05,0.0,0.0,0.0
9.133333333333333,-0.018723404,2.810916520307966e-05,8.49900141628728e-18,3.154493499807137e-09,2.8106010709571354e-05,0.0,0.0,0.0
9.15,-0.018723404,2.7543895669770285e-05,7.677278996284389e-18,3.015397917354274e-09,2.7540880271845254e-05,0.0,0.0,0.0
9.166666666666666,-0.018723404,2.698996045510918e-05,6.934879714437244e-18,2.8824249202416712e-09,2.6987078030182004e-05,0.0,0.0,0.0
9.183333333333334,-0.018723404,2.6447133095494528e-05,6.264158880226108e-18,2.7553055355171704e-09,2.6444377789952746e-05,0.0,0.0,0.0
9.2,-0.018723404,2.5915191632929504e-05,5.6582072825003925e-18,2.6337825807798103e-09,2.5912557850343066e-05,0.0,0.0,0.0
9.216666666666669,-0.018723404,2.539391852582456e-05,5.110780558663987e-18,2.517610148604299e-09,2.5391400915670845e-05,0.0,0.0,0.0
9.233333333333333,-0.023404256,2.488310056155786e-05,4.616235333891668e-18,2.4065531134479797e-09,2.4880694008439796e-05,0.0,0.0,0.0
9.25,-0.023404256,2.4382528770755668e-05,4.169471482760796e-18,2.300386660062518e-09,2.4380228384091434e-05,0.0,0.0,0.0
9.266666666666667,-0.023404256,2.3891998343262943e-05,3.76587992750685e-18,2.1988958324760743e-09,2.3889799447426703e-05,0.0,0.0,0.0
9.283333333333331,-0.023404256,2.3411308545767776e-05,3.401295443037371e-18,2.1018751026508656e-09,2.3409206670661723e-05,0.0,0.0,0.0
9.3,-0.023404256,2.2940262641048545e-05,3.0719539894443986e-18,2.0091279579607745e-09,2.2938253513087513e-05,0.0,0.0,0.0
9.316666666666666,-0.023404256,2.247866780881314e-05,2.7744541385373427e-18,1.9204665066705166e-09,2.2476747342303693e-05,0.0,0.0,0.0
9.333333333333334,-0.023404256,2.202633506809594e-05,2.505722202331012e-18,1.8357111006328354e-09,2.20244993569928e-05,0.0,0.0,0.0
9.35,-0.023404256,2.1583079201185798e-05,2.262980708897831e-18,1.7546899744550227e-09,2.1581324511209078e-05,0.0,0.0,0.0
9.366666666666667,-0.023404256,2.11487186790516e-05,2.0437199048840705e-18,1.6772389004176728e-09,2.114704144014914e-05,0.0,0.0,0.0
9.383333333333333,-0.023404256,2.0723075588238866e-05,1.845671994655387e-18,1.603200858460414e-09,2.072147238737856e-05,0.0,0.0,0.0
9.4,-0.023404256,2.0305975559206036e-05,1.6667878537722149e-18,1.5324257205784048e-09,2.030444313348379e-05,0.0,0.0,0.0
9.416666666666666,-0.023404256,1.9897247696074473e-05,1.5052159795871894e-18,1.464769949002472e-09,1.9895782926123965e-05,0.0,0.0,0.0
9.433333333333334,-0.023404256,1.949672450776261e-05,1.3592834644506415e-18,1.400096307562464e-09,1.9495324411453686e-05,0.0,0.0,0.0
9.45,-0.023404256,1.9104241840478628e-05,1.227478797539761e-18,1.3382735856598586e-09,1.910290356689174e-05,0.0,0.0,0.0
9.466666666666669,-0.023404256,1.871963881154341e-05,1.1084363198940251e-18,1.2791763343001937e-09,1.8718359635208e-05,0.0,0.0,0.0
9.483333333333333,-0.023404256,1.8342757744519767e-05,1.0009221740349639e-18,1.2226846136602238e-09,1.8341535059905107e-05,0.0,0.0,0.0
9.5,-0.023404256,1.7973444105619605e-05,9.03821604736922e-19,1.168683751686802e-09,1.7972275421867015e-05,0.0,0.0,0.0
9.516666666666667,-0.023404256,1.761154644136694e-05,8.161274812550757e-19,1.1170641132472534e-09,1.7610429377252875e-05,0.0,0.0,0.0
9.533333333333331,-0.023404256,1.7256916317489905e-05,7.369299237408196e-19,1.0677208793709408e-09,1.7255848596609797e-05,0.0,0.0,0.0
9.55,-0.023404256,1.6909408259018118e-05,6.654069278124108e-19,1.020553836142316e-09,1.690838770518131e-05,0.0,0.0,0.0
9.566666666666666,-0.023404256,1.6568879691563163e-05,6.008158914114637e-19,9.754671728248069e-10,1.6567904224389736e-05,0.0,0.0,0.0
9.583333333333334,-0.023404256,1.6235190883756426e-05,5.424859572655239e-19,9.32369288812699e-10,1.623425851446707e-05,0.0,0.0,0.0
9.6,-0.023404256,1.59082048908242e-05,4.8981109258924165e-19,8.911726090264293e-10,1.5907313718214684e-05,0.0,0.0,0.0
9.616666666666667,-0.023404256,1.5587787499275783e-05,4.422438351715862e-19,8.517934073826994e-10,1.5586935705867958e-05,0.0,0.0,0.0
9.633333333333333,-0.018723404,1.5273807172684057e-05,3.9928964179373936e-19,8.141516379873754e-10,1.527299302104567e-05,0.0,0.0,0.0
9.65,-0.018723404,1.496613499853588e-05,3.6050178106760396e-19,7.78170773714108e-10,1.4965356827761805e-05,0.0,0.0,0.0
9.666666666666666,-0.018723404,1.4664644636132727e-05,3.2547671834260127e-19,7.437776518465045e-10,1.4663900858480554e-05,0.0,0.0,0.0
9.683333333333334,-0.018723404,1.4369212265519383e-05,2.9384994535314797e-19,7.109023264754895e-10,1.4368501363192614e-05,0.0,0.0,0.0
9.7,-0.018723404,1.407971653742202e-05,2.6529221182310646e-19,6.794779273571314e-10,1.4079037059494398e-05,0.0,0.0,0.0
9.716666666666669,-0.018723404,1.3796038524174608e-05,2.3950612035156995e-19,6.494405249487858e-10,1.379538908364942e-05,0.0,0.0,0.0
9.733333333333333,-0.0140425535,1.3518061671615187e-05,2.1622304961912023e-19,6.207290013539473e-10,1.3517440942613617e-05,0.0,0.0,0.0
9.75,-0.0140425535,1.324567175193194e-05,1.9520037431188672e-19,5.932849269176723e-10,1.3245078467004827e-05,0.0,0.0,0.0
9.766666666666667,-0.009361702,1.2978756817441882e-05,1.7621895319748523e-19,5.670524422259527e-10,1.2978189764999479e-05,0.0,0.0,0.0
9.783333333333331,-0.009361702,1.2717207155282171e-05,1.5908085953190305e-19,5.419781452728913e-10,1.271666517713674e-05,0.0,0.0,0.0
9.8,-0.009361702,1.246091524299717e-05,1.4360733045845796e-19,5.180109835699778e-10,1.2460397232013456e-05,0.0,0.0,0.0
9.816666666666666,-0.009361702,1.220977570500388e-05,1.296369143038001e-19,4.951021509816204e-10,1.2209280602852768e-05,0.0,0.0,0.0
9.833333333333334,-0.009361702,1.1963685269917095e-05,1.170237967042241e-19,4.732049890802836e-10,1.1963212064927898e-05,0.0,0.0,0.0
9.85,-0.009361702,1.172254272871926e-05,1.0563628832958183e-19,4.5227489282386485e-10,1.172209045382633e-05,0.0,0.0,0.0
9.866666666666667,-0.004680851,1.1486248893756665e-05,9.535545862962008e-20,4.322692203663065e-10,1.1485816624536203e-05,0.0,0.0,0.0
9.883333333333333,-0.004680851,1.1254706558547182e-05,8.607390152628091e-20,4.1314720682083967e-10,1.1254293411340274e-05,0.0,0.0,0.0
9.9,-0.009361702,1.1027820458382473e-05,7.769462033002945e-20,3.9486988180300184e-10,1.1027425588500593e-05,0.0,0.0,0.0
9.916666666666666,-0.009361702,1.0805497231709971e-05,7.013002038287651e-20,3.773999905882358e-10,1.0805119831719313e-05,0.0,0.0,0.0
9.933333333333334,-0.009361702,1.05876453822783e-05,6.330099903755434e-20,3.6070191872593943e-10,1.058728468035951e-05,0.0,0.0,0.0
9.95,-0.009361702,1.0374175242032354e-05,5.713612358285186e-20,3.447416199588637e-10,1.0373830500412338e-05,0.0,0.0,0.0
9.966666666666669,-0.009361702,1.0164998934741923e-05,5.157088862939702e-20,3.294865473032375e-10,1.0164669448194568e-05,0.0,0.0,0.0
9.983333333333333,-0.009361702,9.960030340350869e-06,4.654704528761434e-20,3.1490558715140266e-10,9.959715434763672e-06,0.0,0.0,0.0
10.0,-0.009361702,9.759185060031107e-06,4.2011995208315075e-20,3.009689962646571e-10,9.7588840910348e-06,0.0,0.0,0.0
10.016666666666667,-0.009361702,9.562380381929149e-06,3.79182432241902e-20,2.876483415299319e-10,9.562092733587581e-06,0.0,0.0,0.0
10.033333333333331,-0.009361702,9.3695352475904e-06,3.4222902933907266e-20,2.74916442359269e-10,9.369260331148006e-06,0.0,0.0,0.0
10.05,-0.009361702,9.18057021904802e-06,3.0887250116006763e-20,2.6274731561647825e-10,9.180307471732372e-06,0.0,0.0,0.0
10.066666666666666,-0.004680851,8.995407446564302e-06,2.787631935273604e-20,2.511161229603672e-10,8.995156330441315e-06,0.0,0.0,0.0
10.083333333333334,-0.009361702,8.813970637009964e-06,2.5158539689435063e-20,2.3999912049870244e-10,8.81373063788944e-06,0.0,0.0,0.0
10.1,-0.009361702,8.636185022870595e-06,2.2705405557754428e-20,2.2937361065179357e-10,8.635955649259921e-06,0.0,0.0,0.0
10.116666666666667,-0.009361702,8.461977331866455e-06,2.0491179554794026e-20,2.1921789612889446e-10,8.461758113970305e-06,0.0,0.0,0.0
10.133333333333333,-0.009361702,8.291275757174703e-06,1.8492623999092428e-20,2.095112359249413e-10,8.29106624593876e-06,0.0,0.0,0.0
10.15,-0.009361702,8.124009928241176e-06,1.6688758481515446e-20,2.002338032490987e-10,8.12380969443791e-06,0.0,0.0,0.0
10.166666666666666,-0.009361702,7.960110882170997e-06,1.5060640897618717e-20,1.913666453005313e-10,7.959919515525682e-06,0.0,0.0,0.0
10.183333333333334,-0.009361702,7.799511035685946e-06,1.359116969068545e-20,1.8289164481045008e-10,7.799328144041122e-06,0.0,0.0,0.0
10.2,-0.009361702,7.642144157637812e-06,1.226490525390687e-20,1.7479148327307045e-10,7.641969366154526e-06,0.0,0.0,0.0
10.216666666666669,-0.009361702,7.487945342066516e-06,1.1067908638278169e-20,1.6704960579145182e-10,7.487778292460713e-06,0.0,0.0,0.0
10.233333333333333,-0.009361702,7.336850981792708e-06,9.987595891814057e-21,1.5965018746748634e-10,7.33669133160523e-06,0.0,0.0,0.0
10.25,-0.009361702,7.1887987425334635e-06,9.012606517428461e-21,1.5257810126830463e-10,7.188646164432186e-06,0.0,0.0,0.0
10.266666666666667,-0.009361702,7.043727537531862e-06,8.132684682993013e-21,1.4581888730444946e-10,7.0435817186445495e-06,0.0,0.0,0.0
10.283333333333331,-0.009361702,6.901577502689456e-06,7.338571949127874e-21,1.3935872345787152e-10,6.901438143965991e-06,0.0,0.0,0.0
10.3,-0.009361702,6.762289972191887e-06,6.621910399604028e-21,1.3318439730059102e-10,6.76215678779458e-06,0.0,0.0,0.0
10.316666666666666,-0.009361702,6.62580745461852e-06,5.975155167034124e-21,1.2728327924744887e-10,6.6256801713392665e-06,0.0,0.0,0.0
10.333333333333334,-0.009361702,6.492073609525491e-06,5.3914954439182735e-21,1.2164329688878525e-10,6.491951966228597e-06,0.0,0.0,0.0
10.35,-0.009361702,6.3610332244938964e-06,4.864783157114997e-21,1.1625291045134512e-10,6.36091697158344e-06,0.0,0.0,0.0
10.366666666666667,-0.009361702,6.2326321926331674e-06,4.389468563295934e-21,1.1110108933788746e-10,6.232521091543825e-06,0.0,0.0,0.0
10.383333333333333,-0.009361702,6.106817490531192e-06,3.960542094770229e-21,1.06177289698205e-10,6.10671131324149e-06,0.0,0.0,0.0
10.4,-0.0140425535,5.983537156641835e-06,3.573481849943999e-21,1.014714329862829e-10,5.983435685208845e-06,0.0,0.0,0.0
10.416666666666666,-0.0140425535,5.862740270101856e-06,3.2242061812992254e-21,9.697388546034647e-11,5.862643296216392e-06,0.0,0.0,0.0
10.433333333333334,-0.009361702,5.744376929968074e-06,2.909030886726339e-21,9.267543858440831e-11,5.744284254529487e-06,0.0,0.0,0.0
10.45,-0.009361702,5.628398234867101e-06,2.6246305578827896e-21,8.85672902917645e-11,5.628309667576807e-06,0.0,0.0,0.0
10.466666666666669,-0.009361702,5.514756263049025e-06,2.368003682459035e-21,8.464102707259485e-11,5.51467162202195e-06,0.0,0.0,0.0
10.483333333333333,-0.009361702,5.403404052837404e-06,2.1364411362709216e-21,8.088860684951233e-11,5.403323164230552e-06,0.0,0.0,0.0
10.5,-0.009361702,5.294295583467376e-06,1.9274977363550265e-21,7.730234260644283e-11,5.294218281124768e-06,0.0,0.0,0.0
10.516666666666667,-0.009361702,5.187385756304779e-06,1.7389665580977585e-21,7.387488673779472e-11,5.187311881418039e-06,0.0,0.0,0.0
10.533333333333331,-0.009361702,5.082630376438095e-06,1.5688557481957606e-21,7.059921608626292e-11,5.082559777222007e-06,0.0,0.0,0.0
10.55,-0.009361702,4.979986134636277e-06,1.4153675912351158e-21,6.74686176390391e-11,4.9799186660186365e-06,0.0,0.0,0.0
10.566666666666666,-0.009361702,4.879410589665325e-06,1.2768796111486218e-21,6.447667485352064e-11,4.879346112990471e-06,0.0,0.0,0.0
10.583333333333334,-0.009361702,4.780862150955937e-06,1.151927510011378e-21,6.161725458484647e-11,4.780800533701351e-06,0.0,0.0,0.0
10.6,-0.009361702,4.684300061616066e-06,1.0391897657860189e-21,5.888449458885043e-11,4.684241177121476e-06,0.0,0.0,0.0
10.616666666666667,-0.009361702,4.589684381780882e-06,9.374737279231984e-22,5.6272791575132236e-11,4.589628108989306e-06,0.0,0.0,0.0
10.633333333333333,-0.009361702,4.496975972293982e-06,8.457030653456564e-22,5.3776789786089454e-11,4.496922195504195e-06,0.0,0.0,0.0
10.65,-0.009361702,4.406136478712961e-06,7.629064354520645e-22,5.1391370078792196e-11,4.406085087342881e-06,0.0,0.0,0.0
10.666666666666666,-0.009361702,4.317128315633097e-06,6.8820725551992245e-22,4.9111639487609634e-11,4.317079203993608e-06,0.0,0.0,0.0
10.683333333333334,-0.009361702,4.229914651322772e-06,6.208144693943598e-22,4.693292124645348e-11,4.229867718401525e-06,0.0,0.0,0.0
10.7,-0.009361702,4.1444593926646184e-06,5.600142127435293e-22,4.4850745250445076e-11,4.144414541919368e-06,0.0,0.0,0.0
10.716666666666669,-0.009361702,4.060727170396032e-06,5.051622895469871e-22,4.286083893768154e-11,4.060684309557094e-06,0.0,0.0,0.0
10.733333333333333,-0.009361702,3.9786833246435915e-06,4.556773809605746e-22,4.0959118572641404e-11,3.978642365525019e-06,0.0,0.0,0.0
10.75,-0.009361702,3.898293890744978e-06,4.1103491535578805e-22,3.914168091356299e-11,3.898254749064064e-06,0.0,0.0,0.0
10.766666666666667,-0.009361702,3.8195255853533444e-06,3.707615352453649e-22,3.740479524692151e-11,3.819488180558097e-06,0.0,0.0,0.0
10.783333333333331,-0.009361702,3.7423457928180575e-06,3.344301030486764e-22,3.5744895772854523e-11,3.7423100479222845e-06,0.0,0.0,0.0
10.8,-0.009361702,3.6667225518364647e-06,3.0165519328856497e-22,3.415857432610402e-11,3.666688393262138e-06,0.0,0.0,0.0
10.816666666666666,-0.009361702,3.5926245423715802e-06,2.7208902390162e-22,3.264257341772348e-11,3.592591899798162e-06,0.0,0.0,0.0
10.833333333333334,-0.009361702,3.520021072829956e-06,2.4541778394062083e-22,3.1193779583430644e-11,3.519989879050372e-06,0.0,0.0,0.0
10.85,-0.009361702,3.448882067495077e-06,2.213583190990806e-22,2.980921702512673e-11,3.4488522582780516e-06,0.0,0.0,0.0
10.866666666666667,-0.009361702,3.3791780542107697e-06,1.9965514023559546e-22,2.8486041532677123e-11,3.379149568169237e-06,0.0,0.0,0.0
10.883333333333333,-0.009361702,3.310880152310098e-06,1.8007772346037348e-22,2.7221534673627338e-11,3.310852930775424e-06,0.0,0.0,0.0
10.9,-0.009361702,3.2439600607844696e-06,1.6241807340202012e-22,2.60130982390602e-11,3.2439340476862304e-06,0.0,0.0,0.0
10.916666666666666,-0.009361702,3.1783900466885624e-06,1.4648852403205341e-22,2.485824893432713e-11,3.178365188439628e-06,0.0,0.0,0.0
10.933333333333334,-0.009361702,3.114142933776132e-06,1.3211975391586235e-22,2.3754613303871492e-11,3.114119179162828e-06,0.0,0.0,0.0
10.95,-0.009361702,3.0511920913622573e-06,1.191589950083813e-22,2.2699922879845005e-11,3.0511693914393773e-06,0.0,0.0,0.0
10.966666666666669,-0.009361702,2.9895114234074757e-06,1.074684161436221e-22,2.1692009544662646e-11,2.989489731397931e-06,0.0,0.0,0.0
10.983333333333333,-0.009361702,2.9290753578195373e-06,9.692366420101609e-23,2.0728801098081463e-11,2.929054629018439e-06,0.0,0.0,0.0
11.0,-0.009361702,2.8698588359681567e-06,8.741254758696504e-23,1.9808317019794346e-11,2.869839027651137e-06,0.0,0.0,0.0
11.016666666666667,-0.009361702,2.8118373024089783e-06,7.883384816487466e-23,1.892866441893615e-11,2.8118183737445593e-06,0.0,0.0,0.0
11.033333333333331,-0.009361702,2.75498669481224e-06,7.109624911622402e-23,1.8088034162265967e-11,2.7549686067780774e-06,0.0,0.0,0.0
11.05,-0.009361702,2.699283434092164e-06,6.411736743367526e-23,1.728469717316e-11,2.6992661493949906e-06,0.0,0.0,0.0
11.066666666666666,-0.009361702,2.6447044147333293e-06,5.782288084705411e-23,1.6517000893893112e-11,2.644687897732435e-06,0.0,0.0,0.0
11.083333333333334,-0.009361702,2.591226995309681e-06,5.2145739975964386e-23,1.5783365904013533e-11,2.5912112119437768e-06,0.0,0.0,0.0
11.1,-0.009361702,2.53882898919279e-06,4.702545739927615e-23,1.5082282687938825e-11,2.538813906910102e-06,0.0,0.0,0.0
11.116666666666667,-0.009361702,2.487488655445326e-06,4.240746614089516e-23,1.4412308545196182e-11,2.4874742431367807e-06,0.0,0.0,0.0
11.133333333333333,-0.009361702,2.437184689896181e-06,3.8242540801802446e-23,1.3772064637025511e-11,2.437170917831544e-06,0.0,0.0,0.0
11.15,-0.004680851,2.3880997442190855e-06,3.4486275227785194e-23,1.3160233163334289e-11,2.3878830561604306e-06,2.0352782549146396e-10,0.0,0.0
11.166666666666666,-0.004680851,3.3156058413895996e-06,3.109861119762599e-23,1.2575554664262797e-11,2.3395902026781696e-06,9.760030631567657e-07,0.0,0.0
11.183333333333334,-0.004680851,3.816658485120673e-05,2.804341315386919e-23,1.201682544086651e-11,2.292272312929351e-06,3.587430052145194e-05,0.0,0.0
11.2,0.0,0.00029441375999619124,2.528808448340589e-23,1.1482895089667577e-11,2.2459097452172314e-06,0.00029216783876807894,0.0,0.0
11.216666666666669,0.0,0.0011312741494025674,2.2803221292970986e-23,1.0972664146054827e-11,2.2004832525366493e-06,0.0011290736551773665,0.0,0.0
11.233333333333333,0.004680851,0.002794812365344569,2.0562300019921497e-23,1.0485081831736872e-11,2.155973974667931e-06,0.0027926563808848195,0.0,0.0
11.25,0.004680851,0.005132624907925987,1.8541395575413334e-23,1.0019143901657709e-11,2.1123634304284483e-06,0.005130512534476414,0.0,0.0
11.266666666666667,0.009361702,0.007623352773680799,1.6718927039162708e-23,9.573890585994352e-12,2.069633510078923e-06,0.00762128313059683,0.0,0.0
11.283333333333331,0.009361702,0.00965491828355955,1.5075428215616816e-23,9.148404623040607e-12,2.027766467881138e-06,0.009652890507943263,0.0,0.0
11.3,0.009361702,0.010801609652519138,1.3593340623744778e-23,8.741809378971099e-12,1.9867449148042206e-06,0.010799622898862524,0.0,0.0
11.316666666666666,0.009361702,0.010942442337761782,1.225682672946672e-23,8.353267050655492e-12,1.9465518113765844e-06,0.01094049577759714,0.0,0.0
11.333333333333334,0.009361702,0.010219948857724823,1.1051601443457134e-23,7.981976947857349e-12,1.9071704606804126e-06,0.010218041679282166,0.0,0.0
11.35,0.009361702,0.008919957499772275,9.96478009999553e-24,7.62717385131998e-12,1.868584501486142e-06,0.008918088907643614,0.0,0.0
11.366666666666667,0.009361702,0.007351495636769116,8.984741306627923e-24,7.288126443389309e-12,1.8307779015239118e-06,0.0073496648515794655,0.0,0.0
11.383333333333333,0.009361702,0.005768213317268323,8.101003211559345e-24,6.964135807975816e-12,1.7937349508894467e-06,0.005766419575353298,0.0,0.0
11.4,0.004680851,0.0043371660444964655,7.304111877514583e-24,6.6545339967956835e-12,1.757440255581575e-06,0.00433540859758635,0.0,0.0
11.416666666666666,0.004680851,0.003141861353021845,6.585540578810632e-24,6.358682658967859e-12,1.7218787311688368e-06,0.0031401394679319936,0.0,0.0
11.433333333333334,0.0,0.0022024127592647886,5.9375989538964105e-24,6.075971731170805e-12,1.687035596582568e-06,0.002200725717592234,0.0,0.0
11.45,0.0,0.0014994992113142136,5.3533510498762904e-24,5.805818185687969e-12,1.652896368034025e-06,0.0014978463091403615,0.0,0.0
11.466666666666669,-0.004680851,0.000994710617460873,4.8265413896154705e-24,5.5476648337858195e-12,1.6194468530529458e-06,0.0009930911650601552,0.0,0.0
11.483333333333333,-0.004680851,0.0006446704492041228,4.35152827693962e-24,5.300979181984582e-12,1.5866731446453292e-06,0.0006430837707584983,0.0,0.0
11.5,-0.004680851,0.0004091943130473015,3.923223632062371e-24,5.06525233888493e-12,1.5545616155678141e-06,0.0004076397463664814,0.0,0.0
11.516666666666667,-0.009361702,0.00025495272917083045,3.537038718532187e-24,4.8399979703215844e-12,1.5230989127166082e-06,0.0002534296254181159,0.0,0.0
11.533333333333331,-0.009361702,0.0001562819126326233,3.188835185384756e-24,4.624751300708705e-12,1.4922719516284814e-06,0.00015478963605624352,0.0,0.0
11.55,-0.009361702,9.448080542976443e-05,2.8748809045072592e-24,4.4190681585387005e-12,1.4620679110916487e-06,9.301873309960462e-05,0.0,0.0
11.566666666666666,-0.009361702,5.650141140825951e-05,2.5918101340336314e-24,4.222524064085776e-12,1.4324742278644639e-06,5.506893295787098e-05,0.0,0.0
11.583333333333334,-0.0140425535,3.355854120341554e-05,2.3365875844473278e-24,4.034713357449239e-12,1.4034785914995956e-06,3.2155058577202584e-05,0.0,0.0
11.6,-0.0140425535,1.9912169300242183e-05,2.1064760054486796e-24,3.855248365157183e-12,1.375068939271742e-06,1.8537096505722076e-05,0.0,0.0
11.616666666666667,-0.0140425535,1.1907623165775837e-05,1.899006948981188e-24,3.683758603626392e-12,1.3472334512067268e-06,1.0560386030810506e-05,0.0,0.0
11.633333333333333,-0.018723404,7.269985925646554e-06,1.7119543975062657e-24,3.519890017851708e-12,1.3199605452100402e-06,5.950021860546496e-06,0.0,0.0
11.65,-0.018723404,4.611251245315885e-06,1.543310977016306e-24,3.3633042537684738e-12,1.2932388722927362e-06,3.3180090097188953e-06,0.0,0.0
11.666666666666666,-0.018723404,3.099566723129606e-06,1.3912665017106118e-24,3.213677962801175e-12,1.2670573118928737e-06,1.8325061975587692e-06,0.0,0.0
11.683333333333334,-0.018723404,2.2443686144596957e-06,1.2541886220099733e-24,3.070702137176177e-12,1.2414049672904965e-06,1.0029605764670623e-06,0.0,0.0
11.7,-0.018723404,1.7605644790003614e-06,1.1306053699217519e-24,2.934081474640092e-12,1.2162711611143465e-06,5.442903838045403e-07,0.0,0.0
11.716666666666669,-0.0140425535,1.4846719377791351e-06,1.0191894159181445e-24,2.8035337712841545e-12,1.1916454309384507e-06,2.930237033069132e-07,0.0,0.0
11.733333333333333,-0.0140425535,1.3240865686337362e-06,9.187438696743475e-25,2.6787893412334217e-12,1.1675175249668499e-06,1.5656636457832985e-07,2.992153260688507e-16,0.0
11.75,-0.009361702,1.2803555085059237e-06,8.28189473417853e-25,2.559590462013258e-12,1.1438773978045905e-06,8.306147259988562e-08,5.3414078510985545e-08,0.0
11.766666666666667,-0.004680851,1.1857033571114582e-05,7.465530514433801e-25,2.4456908444591193e-12,1.1207152063134306e-06,4.3769675114060206e-08,1.0692546243996247e-05,0.0
11.783333333333331,0.009361702,0.0002293074034517034,6.729570927017035e-25,2.3368551260845584e-12,1.0980213055504302e-06,2.2917828862369192e-08,0.00022818646198043547,0.0
11.8,0.03276596,0.001850118678958291,6.0661035542077145e-25,2.232858386870939e-12,1.0757862447878135e-06,1.1927300475532219e-08,0.0018490309631801693,0.0
11.816666666666666,0.06553192,0.008702032971134036,5.467993935884046e-25,2.133485686488209e-12,1.0540007636125644e-06,6.1717855606931955e-09,0.008700972796451377,0.0
11.833333333333334,0.11702128,0.028896673742700517,4.928809149330313e-25,2.0385316219988913e-12,1.0326557881040078e-06,3.1761522127054838e-09,0.02889563790872167,0.0
11.85,0.2012766,0.0752852879687397,4.442748888886242e-25,1.947799905140504e-12,1.0117424270879845e-06,1.6260231904658932e-09,0.07528427459834162,0.0
11.866666666666667,0.31829786,0.16403932559382017,4.004583310119944e-25,1.8611029583205184e-12,9.912519684659846e-07,8.283089679476814e-10,0.16403833351168165,0.0
11.883333333333333,0.48212767,0.311612686071122,3.609596975233361e-25,1.7782615284968873e-12,9.711758756177894e-07,4.199487308783943e-10,0.31161171447351943,0.0
11.9,0.6974468,0.5310299820504704,3.2535383013790492e-25,1.6991043181531498e-12,9.515057838761384e-07,2.1194833669164867e-10,0.5310290303310391,0.0
11.916666666666666,0.973617,0.8286175093350834,2.9325739721847497e-25,1.6234676326125912e-12,9.322334970720189e-07,1.0650724843226916e-10,0.8286165769934556,0.0
11.933333333333334,1.3106383,1.202026750920705,2.643247825660157e-25,1.5511950429686627e-12,9.133509841491034e-07,5.329958834569967e-11,1.20202583751487,0.0
11.95,1.6991489,1.6399217431197541,2.3824437793657985e-25,1.4821370639414013e-12,8.94850375846037e-07,2.6566797356731224e-11,1.6399208482413294,0.0
11.966666666666669,2.134468,2.12323044435245,2.1473523967554716e-25,1.4161508459995494e-12,8.76723961445153e-07,1.319154719171035e-11,2.1232295676138806,0.0
11.983333333333333,2.6025531,2.6275310163490495,1.9354407374274352e-25,1.3530998811176698e-12,8.589641855863386e-07,6.5261905376866205e-12,2.6275301573769845,0.0
12.0,3.0706382,3.1259991206782485,1.7444251690364035e-25,1.2928537215649164e-12,8.415636451446985e-07,3.2173154538253703e-12,3.1259982791100933,0.0
12.016666666666667,3.5340426,3.592358651622839,1.5722468502128299e-25,1.235287711149423e-12,8.245150861708282e-07,1.580724651447467e-12,3.592357827104937,0.0
12.033333333333331,3.9553192,4.003400724216847,1.417049622329034e-25,1.1802827283669685e-12,8.078114008923452e-07,7.741105210574465e-13,4.003399916403492,0.0
12.05,4.311064,4.340804711392659,1.277160073660736e-25,1.1277249409274931e-12,7.914456247755202e-07,3.779081641188472e-13,4.340803919945529,0.0
12.066666666666666,4.582553,4.592162809761997,1.1510695626785056e-25,1.0775055711561652e-12,7.75410933645825e-07,1.839313169809806e-13,4.592162034349802,0.0
12.083333333333334,4.765106,4.751245824249155,1.0374180081202715e-25,1.0295206717876338e-12,7.59700640866129e-07,8.926024576072638e-14,4.751245064547396,0.0
12.1,4.8493614,4.817639385049855,9.349792723633158e-26,9.836709116938841e-13,7.443081945715164e-07,4.3195438889833595e-14,4.8176386407406335,0.0
12.116666666666667,4.835319,4.795926295341295,8.426479816313744e-26,9.39861371105902e-13,7.292271749594813e-07,2.08466966179451e-14,4.7959255661131595,0.0
12.133333333333333,4.7370214,4.694599657016514,7.594276419237467e-26,8.980013459092403e-13,7.144512916344783e-07,1.0034509081312286e-14,4.694598942564315,0.0
12.15,4.56383,4.524873764647989,6.844199233982264e-26,8.580041606117235e-13,6.999743810056916e-07,4.81784176742523e-15,4.524873064672745,0.0
12.166666666666666,4.3297873,4.2995266473305955,6.168149984291066e-26,8.197869895996527e-13,6.857904037369839e-07,2.30750459171843e-15,4.29952596153937,0.0
12.183333333333334,4.0442553,4.031869039418382,5.558828298251071e-26,7.832706863155316e-13,6.718934422479673e-07,1.1025559316923615e-15,4.031868367524155,0.0
12.2,3.7306383,3.734896421051187,5.0096531585262416e-26,7.483796200067816e-13,6.582776982652057e-07,5.256049420756914e-16,3.7348957627727395,0.0
12.216666666666669,3.393617,3.420647937535872,4.514692078729647e-26,7.150415197102039e-13,6.449374904224899e-07,2.500058721417379e-16,3.4206472925976663,0.0
12.233333333333333,3.0565958,3.09977059827548,4.0685972466761494e-26,6.831873251520274e-13,6.318672519092851e-07,1.1865955206723295e-16,3.099769966407545,0.0
12.25,2.7242553,2.781269605353936,3.6665479497968074e-26,6.527510442571389e-13,6.190615281662909e-07,5.620116773636625e-17,2.781268986291755,0.0
12.266666666666667,2.4106383,2.47241529875316,3.304198665235327e-26,6.236696169751743e-13,6.065149746272739e-07,2.6564720841104033e-17,2.4724146922375616,0.0
12.283333333333331,2.1204255,2.178772755733787,2.977632257777145e-26,5.958827851435296e-13,5.942223545061728e-07,1.2531654179248121e-17,2.1787721615108366,0.0
12.3,1.8489362,1.9043200530704583,2.683317783455549e-26,5.693329681200833e-13,5.821785366285876e-07,5.90037471926736e-18,1.9043194708913522,0.0
12.316666666666666,1.6102128,1.6516241412792492,2.418072446000861e-26,5.439651439302071e-13,5.703784933068098e-07,2.772953504025881e-18,1.6516235709002118,0.0
12.333333333333334,1.3948936,1.4220479333769869,2.179027297778313e-26,5.197267356836652e-13,5.588172982574524e-07,1.3008287771017972e-18,1.4220473745591689,0.0
12.35,1.2076596,1.2159675850038425,1.9635963169821218e-26,4.965675030282401e-13,5.474901245608849e-07,6.091637386502476e-19,1.2159670375132214,0.0
12.366666666666667,1.0485107,1.0329843208676401,1.7694485290290804e-26,4.744394384168248e-13,5.363922426616061e-07,2.847772025166452e-19,1.032983784474923,0.0
12.383333333333333,0.9080851,0.8721200771872731,1.5944828727253856e-26,4.5329666797489374e-13,5.255190184087595e-07,1.3290879667560327e-19,0.8721195516678014,0.0
12.4,0.786383,0.7319904200408277,1.4368055412044947e-26,4.330953567645015e-13,5.148659111359549e-07,6.192967817869653e-20,0.7319899051744835,0.0
12.416666666666666,0.6880851,0.610951561001442,1.2947095541710995e-26,4.137936182501111e-13,5.044284717796513e-07,2.881104502232242e-20,0.6109510565725564,0.0
12.433333333333334,0.5991489,0.507220829563145,1.166656341915529e-26,3.9535142778004326e-13,4.94202341035296e-07,1.3382956602142001e-20,0.5072203353604086,0.0
12.45,0.52893615,0.41897175118842395,1.051259143144873e-26,3.7773053990571436e-13,4.841832475504815e-07,6.207190799133217e-21,0.41897126700479864,0.0
12.466666666666669,0.4680851,0.3444060320121229,9.472680381369588e-27,3.6089440936854357e-13,4.743670061543719e-07,2.8747794716552603e-21,0.34440555764475583,0.0
12.483333333333333,0.41659573,0.281805391537504,8.535564562740923e-27,3.448081155921068e-13,4.6474951612269264e-07,1.32952411876145e-21,0.2818049267876431,0.0
12.5,0.3744681,0.2295664358951048,7.691090128381647e-27,3.294382905241094e-13,4.5532675947752386e-07,6.140240698350546e-22,0.2295659805680159,0.0
12.516666666666667,0.33702126,0.18622173716224108,6.930105442205057e-27,3.147530496798618e-13,4.460947993212697e-07,2.8319576171852174e-22,0.186221291067127,0.0
12.533333333333331,0.3042553,0.1504500725868358,6.244362235681973e-27,3.007219262452651e-13,4.3704977820406305e-07,1.3044109560120402e-22,0.15044963553675686,0.0
12.55,0.28085107,0.12107845647119107,5.626426504928581e-27,2.873158081037611e-13,4.28187916523949e-07,6.000426394196073e-23,0.12107802828298724,0.0
12.566666666666666,0.2574468,0.09707822415578636,5.069598189324084e-27,2.7450687765768397e-13,4.1950551095922833e-07,2.756785298037535e-23,0.09707780465000089,0.0
12.583333333333334,0.23404256,0.07755704322116846,4.567838766908542e-27,2.622685543200727e-13,4.1099893293224934e-07,1.2649974281261448e-23,0.07755663222197326,0.0
12.6,0.21531914,0.0617483594919595,4.1157059869035086e-27,2.50575439558655e-13,4.0266462710408726e-07,5.797683204368677e-24,0.06174795682708182,0.0
12.616666666666667,0.2012766,0.04899945175990432,3.7082950364057676e-27,2.3940326437880887e-13,3.94499109899446e-07,2.6540513061603016e-24,0.048999057260555014,0.0
12.633333333333333,0.18723404,0.038758978280426355,3.341185507486455e-27,2.287288391374158e-13,3.8649896806119775e-07,1.2135721370901736e-24,0.03875859178122956,0.0
12.65,0.17319149,0.030564653091148523,3.010393593297033e-27,2.1853000558423425e-13,3.7866085723395904e-07,5.542866293639603e-25,0.03056427443007276,0.0
12.666666666666666,0.16382979,0.024031490101805945,2.7123289980275207e-27,2.0878559103207476e-13,3.7098150057613375e-07,2.5288696255995785e-25,0.024031119120096582,0.0
12.683333333333334,0.15446809,0.01884089425056772,2.4437560962699075e-27,1.9947536456133302e-13,3.634576873998292e-07,1.152529549476528e-25,0.018840530792680846,0.0
12.7,0.14510638,0.014730756967661384,2.2017589230635427e-27,1.9057999516873428e-13,3.5608627183811796e-07,5.247123844858566e-26,0.014730400881198966,0.0
12.716666666666669,0.14042553,0.011486622321257639,1.9837096171234856e-27,1.8208101177402236e-13,3.488641715390694e-07,2.386403531468361e-26,0.011486273456904018,0.0
12.733333333333333,0.13106383,0.008933925121078629,1.7872399769243708e-27,1.7396076500224287e-13,3.4178836638603674e-07,1.0842493570868178e-26,0.008933583332538282,0.0
12.75,0.12638298,0.006931257843703719,1.6102158228229906e-27,1.662023906628314e-13,3.3485589724364894e-07,4.921373102319111e-27,0.006930922987640273,0.0
12.766666666666667,0.11702128,0.005364594986431596,1.4507138886220581e-27,1.5878977485030653e-13,3.280638647290293e-07,2.2316396103591354e-27,0.0053642669224080765,0.0
12.783333333333331,0.11234043,0.004142387454642697,1.3070009932168678e-27,1.5170752059458608e-13,3.2140942800769265e-07,1.0109997252197183e-27,0.004142066045062982,0.0
12.8,0.10765957,0.0031914325918372304,1.177515267530758e-27,1.4494091599222524e-13,3.14889803613653e-07,4.575889360987947e-28,0.003191117701888676,0.0
12.816666666666666,0.10297872,0.0024534248391321666,1.0608492340893482e-27,1.3847590375289197e-13,3.085022642932639e-07,2.0692146319761393e-28,0.0024531163367293974,0.0
12.833333333333334,0.09829787,0.0018820956848161056,9.557345565470983e-28,1.3229905209826235e-13,3.022441378722776e-07,9.348650449996783e-29,0.0018817934405459342,0.0
12.85,0.09829787,0.001440857938556615,8.610282944814624e-28,1.2639752695337814e-13,2.961128061457072e-07,4.220007626408639e-29,0.0014405618256240719,0.0
12.866666666666667,0.09361702,0.0011008772465380364,7.757005149958457e-28,1.207590653730975e-13,2.901057037899906e-07,1.9032938341878428e-29,0.0011005871407134874,0.0
12.883333333333333,0.08893617,0.0008395022899863292,6.9882312730349255e-28,1.1537195014885897e-13,2.842203172970428e-07,8.576969810489983e-30,0.0008392180695536602,0.0
12.9,0.084255315,0.0006389936786249481,6.295598196533976e-28,1.1022498554337127e-13,2.784541839297349e-07,3.8619291247257375e-30,0.0006387152243307934,0.0
12.916666666666666,0.084255315,0.0004854997639354982,5.671569898504474e-28,1.0530747410319949e-13,2.728048906983822e-07,1.737496101438018e-30,0.0004852269589394924,0.0
12.933333333333334,0.079574466,0.00036823520926733855,5.10935571341032e-28,1.0060919450139475e-13,2.6727007335781386e-07,7.810863637689541e-31,0.00036796793909337156,0.0
12.95,0.074893616,0.0002788250321319627,4.602836664998152e-28,9.612038036447621e-14,2.618474154246212e-07,3.5086199170368216e-31,0.0002785631846204177,0.0
12.966666666666669,0.074893616,0.00021078292589025156,4.146499074647092e-28,9.18317000400646e-14,2.5653464721416085e-07,1.5748596010014415e-31,0.0002105263911512057,0.0
12.983333333333333,0.07021277,0.00015909797582648702,3.735374727213384e-28,8.773423726343491e-14,2.513295448969452e-07,7.063527486997785e-32,0.00015884664619385583,0.0
13.0,0.07021277,0.00011990844619297874,3.364986947178074e-28,8.381947268307057e-14,2.4622992957399496e-07,3.165786203638311e-32,0.00011966221617958528,0.0
13.016666666666667,0.06553192,9.024518934072333e-05,3.0313020017334714e-28,8.007926620711668e-14,2.412336663708116e-07,1.4178405066941327e-32,9.000395559427325e-05,0.0
13.033333333333331,0.06553192,6.783048554496913e-05,2.730685304977081e-28,7.650584013426988e-14,2.3633866354956938e-07,6.345481613794466e-33,6.759414680491373e-05,0.0
13.05,0.060851064,5.092083628100841e-05,2.459861949246674e-28,7.309176303429452e-14,2.3154287163916442e-07,2.8379100433864668e-33,5.0689293336277484e-05,0.0
13.066666666666666,0.060851064,3.8184477017477675e-05,2.2158811363862883e-28,6.982993434489166e-14,2.2684428258278255e-07,1.268337271947814e-33,3.795763266506496e-05,0.0
13.083333333333334,0.056170214,2.8606216365692514e-05,1.9960841238738435e-28,6.671356965310271e-14,2.222409289026058e-07,5.664715648348008e-34,2.8383975370076338e-05,0.0
13.1,0.056170214,2.141370898147639e-05,1.7980753387370015e-28,6.373618663087339e-14,2.1773088288133574e-07,2.5283296986328184e-34,2.119597803485887e-05,0.0
13.116666666666667,0.056170214,1.6020485500788378e-05,1.6196963464253228e-28,6.089159159571859e-14,2.133122557601841e-07,1.1277333020655661e-34,1.5807173184136604e-05,0.0
13.133333333333333,0.05148936,1.1982042569857868e-05,1.45900239267919e-28,5.817386666874538e-14,2.0898319695300962e-07,5.026908324782037e-35,1.177305931473099e-05,0.0
13.15,0.05148936,8.962081519767953e-06,1.314241264259562e-28,5.5577357503496567e-14,2.0474189327626348e-07,2.239350217187351e-35,8.757339570914332e-06,0.0
13.166666666666666,0.05148936,6.706610973374359e-06,1.1838342394859972e-28,5.309666156027734e-14,2.005865681944428e-07,9.969516276882131e-36,6.506024352083255e-06,0.0
13.183333333333334,0.05148936,5.024126528151725e-06,1.0663589221376265e-28,5.0726616901732656e-14,1.9651548108072648e-07,4.4356939734633836e-36,4.827610996344381e-06,0.0
13.2,0.04680851,3.770474494532769e-06,9.605337726509636e-29,4.846229148653294e-14,1.925269264924973e-07,1.9723718097135136e-36,3.5779475195779803e-06,0.0
13.216666666666669,0.04680851,2.837317004134161e-06,8.652041689164496e-29,4.629897293903825e-14,1.8861923346144595e-07,8.765161372750843e-37,2.6486977243737422e-06,0.0
13.233333333333333,0.04680851,2.1433594412903886e-06,7.793298455329491e-29,4.423215877381088e-14,1.847907647979735e-07,3.892952098969219e-37,1.9585686322602563e-06,0.0
13.25,0.04680851,1.6276917642262583e-06,7.019735753015157e-29,4.2257547054757525e-14,1.8103991640958606e-07,1.7280257763793318e-37,1.4466518055591252e-06,0.0
13.266666666666667,0.042127658,1.2447439191827e-06,6.322909701921376e-29,4.0371027469613814e-14,1.7736511663302867e-07,7.666149591449996e-38,1.0673787621786439e-06,0.0
13.283333333333331,0.042127658,9.604710936127451e-07,5.69521291139364e-29,3.856867280130517e-14,1.7376482557985503e-07,3.3991011750923565e-38,7.867062294642172e-07,0.0
13.3,0.042127658,7.494741048469351e-07,5.12979166951125e-29,3.684673077856001e-14,1.7023753449517813e-07,1.5063099565443257e-38,5.792365335050262e-07,0.0
13.316666666666666,0.042127658,5.928294291439209e-07,4.6204713246380154e-29,3.5201616288931184e-14,1.6678176512934176e-07,6.671626002697961e-39,4.260476288129629e-07,0.0
13.333333333333334,0.042127658,4.7645671896094175e-07,4.161689049531016e-29,3.362990393811177e-14,1.6339606912223226e-07,2.9533824111453806e-39,3.1306061620880557e-07,0.0
13.35,0.042127658,3.898926644348894e-07,3.7484332581173514e-29,3.212832094017431e-14,1.6007902740000232e-07,1.3067177635061065e-39,2.2981360490656617e-07,0.0
13.366666666666667,0.037446808,3.2537150266864257e-07,3.376189017152576e-29,3.069374032401791e-14,1.5682924958393867e-07,5.778583866231457e-40,1.6854222239096355e-07,0.0
13.383333333333333,0.037446808,2.771365371830649e-07,3.040888859970177e-29,2.932317444198028e-14,1.5364537341123876e-07,2.554123429476638e-40,1.234911344486517e-07,0.0
13.4,0.037446808,2.409253939497793e-07,2.738868468102329e-29,2.8013768767182804e-14,1.5052606416745283e-07,1.1283567247630818e-40,9.03993017685577e-08,0.0
13.416666666666666,0.037446808,2.1358572701454552e-07,2.4668267393465818e-29,2.6762795966781676e-14,1.4747001413036298e-07,4.982395707080539e-41,6.611568612138656e-08,0.0
13.433333333333334,0.037446808,1.9278871687106684e-07,2.2217898084283436e-29,2.556765023885957e-14,1.4447594202505947e-07,2.1989754011505165e-41,4.8312749278357135e-08,0.0
13.45,0.037446808,1.76815767521901e-07,2.0010786292913807e-29,2.4425841901245874e-14,1.4154259249000058e-07,9.700540254462695e-42,3.527315060605851e-08,0.0
13.466666666666669,0.037446808,1.6439991166740768e-07,1.8022797666909471e-29,2.3334992221063294e-14,1.3866873555382664e-07,4.277281581317621e-42,2.5731152778588833e-08,0.0
13.483333333333333,0.037446808,1.5460804507933986e-07,1.6232190795941287e-29,2.2292828474306385e-14,1.3585316612271775e-07,1.8851201579136978e-42,1.875485666379363e-08,0.0
13.5,0.037446808,1.4675358925201616e-07,1.4619380102774716e-29,2.1297179225222428e-14,1.3309470347807603e-07,8.304478325548156e-43,1.3658864476760895e-08,0.0
13.516666666666667,0.037446808,1.4033179990160847e-07,1.316672221301045e-29,2.03459698157295e-14,1.303921907843379e-07,3.656710537183511e-43,9.939588771300775e-09,0.0
13.533333333333331,0.037446808,1.3497190687080186e-07,1.1858323480281344e-29,1.9437218055530557e-14,1.2774449460669672e-07,1.6094461376792457e-43,7.227392826887079e-09,0.0
13.55,0.037446808,1.3040174764720412e-07,1.067986657334917e-29,1.8569030104003164e-14,1.2515050443854697e-07,7.08064169502718e-44,5.251224639627046e-09,0.0
13.566666666666666,0.037446808,1.2642166291555665e-07,9.618454238577536e-30,1.7739596535341614e-14,1.2260913223845689e-07,3.11373545798006e-44,3.812512937503225e-09,0.0
13.583333333333334,0.037446808,1.2288524998112116e-07,8.662468537820624e-30,1.694718857879902e-14,1.2011931197646356e-07,1.3686937727306373e-44,2.7659210574690114e-09,0.0
13.6,0.037446808,1.196851878571534e-07,7.801444029924199e-30,1.6190154526249645e-14,1.1767999918952237e-07,6.013798395883451e-45,2.0051724774764973e-09,0.0
13.616666666666667,0.03276596,1.1674280865458835e-07,7.025953515536218e-30,1.5466916299628095e-14,1.1529017054590916e-07,2.6412644851670767e-45,1.4526226417628864e-09,0.0
13.633333333333333,0.03276596,1.1400043310382731e-07,6.327505101478968e-30,1.4775966171139096e-14,1.1294882341840867e-07,1.159572163905613e-45,1.0515949094524758e-09,0.0
13.65,0.03276596,1.11415743261357e-07,5.698449463972741e-30,1.4115863629442284e-14,1.1065497546610326e-07,5.088723979015773e-46,7.607536793901071e-10,0.0
13.666666666666666,0.03276596,1.0895765500236634e-07,5.131896300885101e-30,1.3485232385323342e-14,1.08407664224594e-07,2.232274231221155e-46,5.499772925399479e-10,0.0
13.683333333333334,0.03276596,1.0660329349050473e-07,4.62163906309546e-30,1.2882757510645668e-14,1.0620594670448182e-07,9.788496811713801e-47,3.9733390326540793e-10,0.0
13.7,0.028085107,1.043357789607114e-07,4.1620871451065765e-30,1.2307182704657597e-14,1.0404889899794657e-07,4.2905848222538414e-47,2.868676555821314e-10,0.0
13.716666666666669,0.028085107,1.0214260720304426e-07,3.74820479616569e-30,1.175730768198927e-14,1.0193561589325346e-07,1.8799711817301425e-47,2.0697955248312217e-10,0.0
13.733333333333333,0.028085107,1.0001446607419034e-07,3.3754560862744e-30,1.1231985676928586e-14,9.986521049703909e-08,8.234215745575161e-48,1.492443451655772e-10,0.0
13.75,0.028085107,9.794437138971708e-08,3.039755327341996e-30,1.0730121058801917e-14,9.783681386420527e-08,3.605219729838401e-48,1.0754679539075134e-10,0.0
13.766666666666667,0.028085107,9.592703653434884e-08,2.7374224091082998e-30,1.0250667053520827e-14,9.584957463528444e-08,1.5779082297351856e-48,7.745164839733889e-11,0.0
13.783333333333331,0.028085107,9.39584129453236e-08,2.4651425629480473e-30,9.792623566569179e-15,9.39026586811135e-08,6.90357848619322e-49,5.574447158654159e-11,0.0
13.8,0.028085107,9.203535540942813e-08,2.2199301148756014e-30,9.355035102919716e-15,9.1995248754672e-08,3.0193349596645143e-49,4.009729972103138e-11,0.0
13.816666666666666,0.028085107,9.015537844919528e-08,1.999095832498105e-30,8.936988779568615e-15,9.012654414994786e-08,1.3200633425221305e-49,2.8825362258648973e-11,0.0
13.833333333333334,0.023404256,8.831647912865193e-08,1.800217509801495e-30,8.537612426565718e-15,8.829576036767728e-08,5.769346198341222e-50,2.0710223362223038e-11,0.0
13.85,0.023404256,8.651700824943693e-08,1.621113468917669e-30,8.156072772605453e-15,8.650212878783058e-08,2.5206274103730013e-50,1.487130553358631e-11,0.0
13.866666666666667,0.023404256,8.475557677300765e-08,1.4598186897933166e-30,7.791573711414342e-15,8.474489634870173e-08,1.1008870715557502e-50,1.067263273220122e-11,0.0
13.883333333333333,0.023404256,8.30309878653689e-08,1.3145633073118981e-30,7.443354645341748e-15,8.302332523247432e-08,4.80652000870667e-51,7.655189539929097e-12,0.0
13.9,0.023404256,8.134218756441586e-08,1.1837532412146337e-30,7.110688902717307e-15,8.133669255712641e-08,2.0978497214620688e-51,5.48789660054763e-12,0.0
13.916666666666666,0.023404256,7.968822897210207e-08,1.0659527474104921e-30,6.792882225693536e-15,7.968429007455451e-08,9.153250967572754e-52,3.932104665326297e-12,0.0
13.933333333333334,0.023404256,7.806824626195332e-08,9.598687002059476e-31,6.4892713254364755e-15,7.806542387478558e-08,3.992412891788078e-52,2.815897896424475e-12,0.0
13.95,0.018723404,7.648143580488096e-08,8.643364338554151e-31,6.199222501668116e-15,7.647941409615736e-08,1.7408297055859874e-52,2.015509501089068e-12,0.0
13.966666666666669,0.018723404,7.492704245390615e-08,7.783069888330631e-31,5.922130323695499e-15,7.49255946413456e-08,7.588213409217076e-53,1.4418904302357595e-12,0.0
13.983333333333333,0.018723404,7.34043495654265e-08,7.008356235457519e-31,5.657416370191723e-15,7.340331289912344e-08,3.3066392006331107e-53,1.0310088866908463e-12,0.0
14.0,0.018723404,7.191267172526282e-08,6.310714660062868e-31,5.404528025111956e-15,7.191192947173023e-08,1.440455014607685e-53,7.368490045576652e-13,0.0
14.016666666666667,0.018723404,7.045134943164529e-08,5.6824819242244924e-31,5.162937327248132e-15,7.0450817907748e-08,6.273064714669193e-54,5.263609599543069e-13,0.0
14.033333333333331,0.018723404,6.901974519344931e-08,5.116756308586959e-31,4.932139871033244e-15,6.90193644403636e-08,2.7310430703364595e-54,3.758209458374298e-13,0.0
14.05,0.018723404,6.761724065162088e-08,4.607321982219987e-31,4.71165375631444e-15,6.761696773091418e-08,1.1886323688184763e-54,2.682090529554759e-13,0.0
14.066666666666666,0.018723404,6.624323444020991e-08,4.1485808791697004e-31,4.501018584916126e-15,6.624303861761124e-08,5.171758788156649e-55,1.9132158008814573e-13,0.0
14.083333333333334,0.018723404,6.489714058202226e-08,3.735491337079617e-31,4.299794501908168e-15,6.489699986933084e-08,2.249583571696969e-55,1.3641289692208808e-13,0.0
14.1,0.023404256,6.357838727083004e-08,3.3635128270818123e-31,4.1075612795911916e-15,6.357828594437784e-08,9.782291444378265e-56,9.721889092189725e-14,0.0
14.116666666666667,0.023404256,6.228641593323664e-08,3.0285561706531045e-31,3.9239174422957246e-15,6.228634275411693e-08,4.252605214416757e-56,6.9255202271771e-14,0.0
14.133333333333333,0.023404256,6.102068049307312e-08,2.7269386990501073e-31,3.748479430178857e-15,6.102062743137552e-08,1.8481913191276137e-56,4.931321816491844e-14,0.0
14.15,0.023404256,5.978064678270578e-08,2.4553438649114803e-31,3.580880800281776e-15,5.978060810352101e-08,8.030036802196405e-57,3.509830395904441e-14,0.0
14.166666666666666,0.023404256,5.856579206116814e-08,2.2107848642460015e-31,3.4207714631896012e-15,5.856576367012071e-08,3.4879338172599867e-57,2.4970275971361302e-14,0.0
14.183333333333334,0.023404256,5.737560461022805e-08,1.9905718708339755e-31,3.2678169537075947e-15,5.737558358508742e-08,1.5146083385312647e-57,1.7757323675170815e-14,0.0
14.2,0.018723404,5.620958338759109e-08,1.7922825245391935e-31,3.121697734039842e-15,5.62095676432266e-08,6.575293676064042e-58,1.2622666755013816e-14,0.0
14.216666666666669,0.018723404,5.506723772225121e-08,1.613735350583372e-31,2.9821085280224193e-15,5.50672257710897e-08,2.853736987277679e-58,8.969052979027051e-15,0.0
14.233333333333333,0.018723404,5.394808704120538e-08,1.4529658188693749e-31,2.848757685028548e-15,5.394807782205346e-08,1.238220431061317e-58,6.370394234788653e-15,0.0
14.25,0.018723404,5.2851660619754387e-08,1.308204781294282e-31,2.721366572224103e-15,5.2851653375533375e-08,5.3711644965516555e-59,4.522854443905107e-15,0.0
14.266666666666667,0.018723404,5.1777497349796745e-08,1.1778590509926552e-31,2.599668993911186e-15,5.177749154025525e-08,2.329306403349432e-59,3.2098724978732434e-15,0.0
14.283333333333331,0.018723404,5.072514552206943e-08,1.0604939108666186e-31,2.4834106367529855e-15,5.0725140761496084e-08,1.0098890480249625e-59,2.2771627099950744e-15,0.0
14.3,0.018723404,4.9694162619422416e-08,9.548173598590919e-32,2.3723485397274042e-15,4.969415863221842e-08,4.3773447737556035e-60,1.6148554544978007e-15,0.0
14.316666666666666,0.018723404,4.868411511901629e-08,8.596659244305846e-32,2.2662505877081614e-15,4.868411170802082e-08,1.8968764886479934e-60,1.1447448858974427e-15,0.0
14.333333333333334,0.018723404,4.769457830190421e-08,7.739918798211798e-32,2.1648950276206443e-15,4.76945753258215e-08,8.21787817684669e-61,8.111876863068672e-16,0.0
14.35,0.018723404,4.6725136068888614e-08,6.968517411027428e-32,2.068070006167211e-15,4.6725133426208e-08,3.559375539046977e-61,5.746106105254238e-16,0.0
14.366666666666667,0.018723404,4.57753807618259e-08,6.273958979192033e-32,1.9755731281609413e-15,4.577537837937158e-08,1.541283379203295e-61,4.068811980636963e-16,0.0
14.383333333333333,0.018723404,4.4844912989779215e-08,5.648592793290046e-32,1.8872110345500436e-15,4.4844910814559696e-08,6.672473172412342e-62,2.8800848764202474e-16,0.0
14.4,0.018723404,4.393334145956368e-08,5.085529464372625e-32,1.8027989992553435e-15,4.3933339452972e-08,2.88793826450397e-62,2.0379268668173792e-16,0.0
14.416666666666666,0.018723404,4.304028281034444e-08,4.578565206615896e-32,1.72216054398316e-15,4.30402809440323e-08,1.2496452850929508e-62,1.441516002883731e-16,0.0
14.433333333333334,0.018723404,4.2165361452023956e-08,4.1221136462331353e-32,1.6451270702123542e-15,4.216535970496741e-08,5.406104338932978e-63,1.0192947621622935e-16,0.0
14.45,0.018723404,4.130820940721484e-08,3.7111444089700207e-32,1.571537507590626e-15,4.1308207763627755e-08,2.3382014867124065e-63,7.204957438750763e-17,0.0
14.466666666666669,0.018723404,4.0468466156631e-08,3.3411278127400326e-32,1.5012379780087643e-15,4.0468464604481494e-08,1.0110678200832828e-63,5.091153214932514e-17,0.0
14.483333333333333,0.018723404,3.964577848776698e-08,3.0079850588251805e-32,1.4340814746545595e-15,3.964577701772251e-08,4.370996732901311e-64,3.596299221112431e-17,0.0
14.5,0.018723404,3.8839800346746554e-08,2.708043375295197e-32,1.3699275553784022e-15,3.8839798951423773e-08,1.8892241579174114e-64,2.5395228652727762e-17,0.0
14.516666666666667,0.023404256,3.805019269324999e-08,2.437995620556534e-32,1.3086420497335134e-15,3.805019136668097e-08,8.163760878676621e-65,1.792696675470336e-17,0.0
14.533333333333331,0.023404256,3.727662335842901e-08,2.194863903806492e-32,1.2500967790808228e-15,3.727662209568133e-08,3.526970157992323e-65,1.265090415680796e-17,0.0
14.55,0.023404256,3.6518766905733716e-08,1.9759668231908576e-32,1.1941692891765978e-15,3.6518765702639637e-08,1.523417544953088e-65,8.924790790781875e-18,0.0
14.566666666666666,0.023404256,3.577630449458336e-08,1.778889962112642e-32,1.1407425946865881e-15,3.57763033475466e-08,6.57873964456188e-66,6.294161470877283e-18,0.0
14.583333333333334,0.023404256,3.504892374681056e-08,1.6014593198513742e-32,1.0897049350948316e-15,3.5048922652668075e-08,2.8403635525908325e-66,4.437544020016976e-18,0.0
14.6,0.023404256,3.4336318615820805e-08,1.4417173848247612e-32,1.0409495414997017e-15,3.433631757174364e-08,1.2260651325093283e-66,3.1276201352143673e-18,0.0
14.616666666666667,0.023404256,3.363818925840579e-08,1.2979015877967908e-32,9.94374413811573e-16,3.363818826182767e-08,5.2913003297676984e-67,2.2037047354337562e-18,0.0
14.633333333333333,0.023404256,3.2954241909155905e-08,1.1684248984363906e-32,9.498821078887717e-16,3.295424095772154e-08,2.2830814784687585e-67,1.5522526406112779e-18,0.0
14.65,0.023404256,3.2284188757414645e-08,1.0518583521370575e-32,9.073795321686321e-16,3.228418784894206e-08,9.848983115144785e-68,1.093056223031894e-18,0.0
14.666666666666666,0.023404256,3.1627747826725596e-08,9.469153151816066e-33,8.667777533705324e-16,3.1627746959178365e-08,4.247889414291505e-68,7.694761339231224e-19,0.0
14.683333333333334,0.023404256,3.098464285671685e-08,8.52437315405603e-33,8.279918108664411e-16,3.098464202818351e-08,1.831756200647717e-68,5.415291133298439e-19,0.0
14.7,0.023404256,3.03546031873763e-08,7.673812826905744e-33,7.909405393326894e-16,3.035460239605476e-08,7.897245104096264e-69,3.8099904441670074e-19,0.0
14.716666666666669,0.023404256,2.973736364566631e-08,6.908080590877576e-33,7.555463993136418e-16,2.9737362889851928e-08,3.404065056179395e-69,2.679802444051913e-19,0.0
14.733333333333333,0.028085107,2.913266443443272e-08,6.21872052307992e-33,7.217353153447487e-16,2.913266371250897e-08,1.467017079185508e-69,1.8843425663224936e-19,0.0
14.75,0.028085107,2.854025102355815e-08,5.598119188625758e-33,6.894365212977092e-16,2.8540250333989164e-08,6.321037386248171e-70,1.32463575878842e-19,0.0
14.766666666666667,0.028085107,2.7959874043318694e-08,5.0394217444378625e-33,6.585824126260207e-16,2.795987338464319e-08,2.7230661636135687e-70,9.309234136346535e-20,0.0
14.783333333333331,0.028085107,2.7391289179895084e-08,4.536456393137952e-33,6.291084052030504e-16,2.739128855072127e-08,1.1728580113698449e-70,6.540539899367964e-20,0.0
14.8,0.028085107,2.683425707299691e-08,4.083666356396689e-33,6.009528004587401e-16,2.6834256471998167e-08,5.0506915667269334e-71,4.594060349849903e-20,0.0
14.816666666666666,0.028085107,2.6288543215558193e-08,3.6760486197053605e-33,5.74056656534222e-16,2.6288542641469275e-08,2.1745788787758685e-71,3.2260010609812085e-20,0.0
14.833333333333334,0.028085107,2.5753917855458884e-08,3.3090987748973096e-33,5.483636651857425e-16,2.575391730707257e-08,9.360932741629566e-72,2.2647395849167895e-20,0.0
14.85,0.028085107,2.523015589923557e-08,2.9787613537393843e-33,5.238200341817998e-16,2.523015537539964e-08,4.028871815096225e-72,1.589495174532932e-20,0.0
14.866666666666667,0.028085107,2.4717036817738188e-08,2.681385106234088e-33,5.003743749483329e-16,2.471703631735266e-08,1.7336796624511002e-72,1.1152918705145026e-20,0.0
14.883333333333333,0.028085107,2.4214344553694897e-08,2.4136827316100405e-33,4.779775952280259e-16,2.4214344075709477e-08,7.458921620105424e-73,7.82361414030852e-21,0.0
14.9,0.028085107,2.3721867431145795e-08,2.172694618907064e-33,4.56582796530063e-16,2.3721866974557512e-08,3.208527100046398e-73,5.486773566201406e-21,0.0
14.916666666666666,0.028085107,2.323939806670899e-08,1.9557561981331257e-33,4.361451761567465e-16,2.3239397630559968e-08,1.3799347308515244e-73,3.846967586866696e-21,0.0
14.933333333333334,0.028085107,2.276673328263989e-08,1.7604685426567568e-33,4.1662193360276774e-16,2.276673286601526e-08,5.9338316523182724e-74,2.6965782037122393e-21,0.0
14.95,0.028085107,2.2303674021650213e-08,1.5846718992422935e-33,3.9797218113219737e-16,2.2303673623676143e-08,2.551152419001727e-74,1.8897381325410232e-21,0.0
14.966666666666669,0.028085107,2.1850025263448408e-08,1.426421854323992e-33,3.801568583467809e-16,2.1850024883290227e-08,1.0966366625001517e-74,1.3239922451472894e-21,0.0
14.983333333333333,0.028085107,2.1405595942969404e-08,1.2839678741054448e-33,3.631386505675549e-16,2.1405595579829826e-08,4.713189867675856e-75,9.273966883823989e-22,0.0
15.0,0.028085107,2.0970198870256823e-08,1.1557339821757603e-33,3.468819108596634e-16,2.0970198523374262e-08,2.025319627741108e-75,6.494459085550072e-22,0.0
15.016666666666667,0.028085107,2.0543650651967304e-08,1.040301361847489e-33,3.3135258553789376e-16,2.0543650320614265e-08,8.701603764234904e-76,4.546935762223863e-22,0.0
15.033333333333331,0.028085107,2.0125771614461272e-08,9.363926915919075e-34,3.1651814299761834e-16,2.012577129794281e-08,3.7379437060810904e-76,3.18268802174732e-22,0.0
15.05,0.028085107,1.9716385728449886e-08,8.42858041016579e-34,3.0234750572281696e-16,1.9716385426102157e-08,1.605441735014064e-76,2.22725401665936e-22,0.0
15.066666666666666,0.028085107,1.9315320535167047e-08,7.586621720011069e-34,2.8881098532946546e-16,1.9315320246355907e-08,6.894222406346412e-77,1.5582848908248444e-22,0.0
15.083333333333334,0.028085107,1.892240707403342e-08,6.8287310506943135e-34,2.7588022050882856e-16,1.892240679815309e-08,2.9600945353356385e-77,1.0899997016677717e-22,0.0
15.1,0.028085107,1.853747981178536e-08,6.1465182500426805e-34,2.635281177413155e-16,1.853747954825717e-08,1.270738002066253e-77,7.622707877791811e-23,0.0
15.116666666666667,0.028085107,1.8160376573036462e-08,5.532430122477307e-34,2.517287946572626e-16,1.8160376321307614e-08,5.454276956404869e-78,5.329623208709135e-23,0.0
15.133333333333333,0.028085107,1.7790938472244764e-08,4.979666979264404e-34,2.404575259265734e-16,1.77909382317872e-08,2.340721084087087e-78,3.725538090256233e-23,0.0
15.15,0.028085107,1.7429009847056005e-08,4.4821075050787465e-34,2.2969069156433564e-16,1.7429009617365287e-08,1.0043706919863074e-78,2.603680599162677e-23,0.0
15.166666666666666,0.028085107,1.7074438192995678e-08,4.034241112530232e-34,2.19405727544665e-16,1.7074437973589935e-08,4.3089439469523386e-79,1.8192547433537283e-23,0.0
15.183333333333334,0.028085107,1.672707409948238e-08,3.6311070387644525e-34,2.0958107861973397e-16,1.672707388990129e-08,1.8483349051384215e-79,1.2708881603625514e-23,0.0
15.2,0.028085107,1.638677118713632e-08,3.268239512512763e-34,2.0019615324561063e-16,1.6386770986940154e-08,7.927277186438517e-80,8.876260651052406e-24,0.0
15.216666666666669,0.028085107,1.60533860463556e-08,2.941618386834048e-34,1.912312805208725e-16,1.6053385855124314e-08,3.399394176143274e-80,6.198156364125399e-24,0.0
15.233333333333333,0.028085107,1.5726778177136593e-08,2.647624693010244e-34,1.8266766904820608e-16,1.5726777994468922e-08,1.4575170668170848e-80,4.327186753504185e-24,0.0
15.25,0.028085107,1.5406809930110745e-08,2.383000625278197e-34,1.744873676331087e-16,1.5406809755623374e-08,6.2482866279088655e-81,3.0203705540957883e-24,0.0
15.266666666666667,0.028085107,1.509334644877595e-08,2.144813514910088e-34,1.66673227737793e-16,1.5093346282102718e-08,2.678205734195034e-81,2.107788985899713e-24,0.0
15.283333333333331,0.028085107,1.478625561289634e-08,1.930423396120453e-34,1.5920886761187806e-16,1.478625545368747e-08,1.1477918661378909e-81,1.4706427058371637e-24,0.0
15.3,0.028085107,1.4485407983047348e-08,1.737453805868814e-34,1.5207863802506983e-16,1.4485407830968709e-08,4.918346000491974e-82,1.0258908779368342e-24,0.0
15.316666666666666,0.028085107,1.419067674628401e-08,1.563765495278684e-34,1.4526758953033562e-16,1.419067660101642e-08,2.1072314829772477e-82,7.155004600559192e-25,0.0
15.333333333333334,0.028085107,1.3901937662908005e-08,1.4074327624917665e-34,1.3876144118921841e-16,1.3901937524146563e-08,9.026993891132502e-83,4.989237885533438e-25,0.0
15.35,0.028085107,1.3619069014312721e-08,1.2667221456850161e-34,1.325465506940799e-16,1.361906888176617e-08,3.866448935085801e-83,3.478362419530458e-25,0.0
15.366666666666667,0.028085107,1.334195155188368e-08,1.1400732410027239e-34,1.266098858248692e-16,1.3341951425273795e-08,1.6558466928556843e-83,2.4245578046490704e-25,0.0
15.383333333333333,0.028085107,1.3070468446933718e-08,1.026081433594002e-34,1.2093899718088104e-16,1.307046832599472e-08,7.090341772782005e-84,1.6896941762498917e-25,0.0
15.4,0.028085107,1.2804505241650968e-08,9.234823510470711e-35,1.1552199213056277e-16,1.2804505126128975e-08,3.0356653251233716e-84,1.1773410097115746e-25,0.0
15.416666666666666,0.028085107,1.254394980104053e-08,8.311378675139949e-35,1.1034750992500933e-16,1.254394969069302e-08,1.2995133834697382e-84,8.201924636509805e-26,0.0
15.433333333333334,0.028085107,1.2288692265838339e-08,7.480235039277282e-35,1.0540469792318558e-16,1.2288692160433641e-08,5.562220936882703e-85,5.712804247400336e-26,0.0
15.45,0.028085107,1.2038625006378822e-08,6.73217085118872e-35,1.0068318887925685e-16,1.2038624905695634e-08,2.3804375198405936e-85,3.978356480344411e-26,0.0
15.466666666666669,0.028085107,1.1793642577396057e-08,6.058885285100154e-35,9.617307924458858e-17,1.1793642481222978e-08,1.0186074911184281e-85,2.7699985415431426e-26,0.0
15.483333333333333,0.028085107,1.1553641673740523e-08,5.452906515553223e-35,9.186490843913943e-17,1.1553641581875614e-08,4.358117366420914e-86,1.9283132116219088e-26,0.0
15.5,0.023404256,1.1318521086991647e-08,4.907508963374891e-35,8.774963904893349e-17,1.1318520999242008e-08,1.8643755535653177e-86,1.3421420841791693e-26,0.0
15.516666666666667,0.023404256,1.1088181662949755e-08,4.416638798603329e-35,8.381863790829652e-17,1.1088181579131116e-08,7.974633607587349e-87,9.339916068512464e-27,0.0
15.533333333333331,0.023404256,1.0862526259987956e-08,3.9748468769065984e-35,8.00636580273242e-17,1.0862526179924297e-08,3.4106045982939123e-87,6.498478494869248e-27,0.0
15.55,0.023404256,1.064145970824753e-08,3.5772283681202446e-35,7.647682132684789e-17,1.0641459631770709e-08,1.4584640648368971e-87,4.520695910536799e-27,0.0
15.566666666666666,0.023404256,1.0424888769660008e-08,3.219368409432779e-35,7.305060214485555e-17,1.0424888696609405e-08,6.235973234659866e-88,3.1443034600698516e-27,0.0
15.583333333333334,0.023404256,1.0212722098777916e-08,2.897293182285901e-35,6.977781147988559e-17,1.0212722029000105e-08,2.665982667697911e-88,2.1866023390664136e-27,0.0
15.6,0.023404256,1.0004870204399584e-08,2.6074258719719925e-35,6.665158193851815e-17,1.0004870137748003e-08,1.1396077276114155e-88,1.5203444609318497e-27,0.0
15.616666666666667,0.023404256,9.801245411970374e-09,2.3465470228479704e-35,6.366535335549498e-17,9.80124534830502e-09,4.8707837070784016e-89,1.056918856419896e-27,0.0
15.633333333333333,0.023404256,9.601761826745901e-09,2.111758850653354e-35,6.081285905644126e-17,9.601761765933042e-09,2.0815560275964927e-89,7.346312174090662e-28,0.0
15.65,0.023404256,9.40633529770077e-09,1.900453117143394e-35,5.808811273448434e-17,9.406335239612656e-09,8.89454154161603e-90,5.105353383567455e-28,0.0
15.666666666666666,0.023404256,9.214883382168591e-09,1.7102822116181453e-35,5.548539591335844e-17,9.214883326683195e-09,3.8001927950013174e-90,3.5474112516297973e-28,0.0
15.683333333333334,0.018723404,9.02732531119812e-09,1.5391331193702614e-35,5.2999245970790527e-17,9.027325258198874e-09,1.623434177442851e-90,2.4644906152357203e-28,0.0
15.7,0.018723404,8.843581955610802e-09,1.385103988987275e-35,5.062444469715432e-17,8.843581904986358e-09,6.934435606681659e-91,1.7118798780555276e-28,0.0
15.716666666666669,0.018723404,8.66357579274604e-09,1.24648303917263e-35,4.835600736547399e-17,8.663575744390033e-09,2.9616608123980616e-91,1.1889140984524938e-28,0.0
15.733333333333333,0.018723404,8.487230873880215e-09,1.1217295716174537e-35,4.6189172289945384e-17,8.487230827691043e-09,1.2647586621576297e-91,8.255802857454674e-29,0.0
15.75,0.018723404,8.3144727923049e-09,1.0094568797411408e-35,4.4119390851142455e-17,8.31447274818551e-09,5.4004322986839e-92,5.731923234037737e-29,0.0
15.766666666666667,0.018723404,8.145228652052712e-09,9.084168640862038e-36,4.2142317967079015e-17,8.145228609910394e-09,2.30567601120107e-92,3.979002325522678e-29,0.0
15.783333333333331,0.018723404,7.979427037255944e-09,8.174861840267867e-36,4.025380299019079e-17,7.97942699700214e-09,9.842769059024432e-93,2.7617308460682683e-29,0.0
15.8,0.018723404,7.816997982125935e-09,7.356537924448226e-36,3.8449881011221274e-17,7.816997943676054e-09,4.201321654478628e-93,1.9165598493689686e-29,0.0
15.816666666666666,0.018723404,7.657872941541269e-09,6.620097153266123e-36,3.672676455183464e-17,7.657872904814505e-09,1.7931001725523561e-93,1.3298352444236736e-29,0.0
15.833333333333334,0.018723404,7.501984762230864e-09,5.957349520051294e-36,3.5080835628579313e-17,7.501984727150028e-09,7.65197444136844e-94,9.225889397704251e-30,0.0
15.85,0.018723404,7.3492676545415535e-09,5.3609238417454484e-36,3.350863817162501e-17,7.349267621032915e-09,3.265074987037196e-94,6.399619136928675e-30,0.0
15.866666666666667,0.0140425535,7.199657164777484e-09,4.824185929653945e-36,3.200687078241068e-17,7.1996571327706135e-09,1.393040837866426e-94,4.438497846875881e-30,0.0
15.883333333333333,0.0140425535,7.053090148099722e-09,4.341164934194932e-36,3.0572379815070345e-17,7.053090117527343e-09,5.942728923484766e-95,3.077899351046323e-30,0.0
15.9,0.0140425535,6.90950474197516e-09,3.9064870475067294e-36,2.920215276716408e-17,6.9095047127730075e-09,2.5348934994089718e-95,2.1340757882237305e-30,0.0
15.916666666666666,0.0140425535,6.7688403401634036e-09,3.515315829226506e-36,2.7893311965897574e-17,6.768840312270092e-09,1.0811490659707375e-95,1.4794585081543394e-30,0.0
15.933333333333334,0.0140425535,6.631037567230463e-09,3.163298494076753e-36,2.664310853662494e-17,6.631037540587354e-09,4.610667815773499e-96,1.025495511880562e-30,0.0
15.95,0.0140425535,6.496038253579263e-09,2.8465175659088135e-36,2.544891664102422e-17,6.496038228130347e-09,1.966051171168175e-96,7.107277163692372e-31,0.0
15.966666666666669,0.0140425535,6.363785410985699e-09,2.5614473622747855e-36,2.4308227972890148e-17,6.3637853866774714e-09,8.382602156740985e-97,4.925062415274108e-31,0.0
15.983333333333333,0.0140425535,6.23422320863083e-09,2.304914827098877e-36,2.321864650003908e-17,6.234223185412183e-09,3.573685008030308e-97,3.4123981913002675e-31,0.0
16.0,0.0140425535,6.107296949618375e-09,2.0740642771742715e-36,2.2177883441319516e-17,6.107296927440492e-09,1.5233769637500554e-97,2.3640007978376886e-31,0.0
16.016666666666666,0.0140425535,5.982953047968449e-09,1.866325671569754e-36,2.1183752468230512e-17,5.982953026784697e-09,6.493106303077317e-98,1.6374798094242653e-31,0.0
16.033333333333335,0.0140425535,5.861139006077181e-09,1.679386052053212e-36,2.023416512110227e-17,5.8611389858430156e-09,2.7672727807592123e-98,1.134083861939235e-31,0.0
16.05,0.009361702,5.741803392633483e-09,1.5111638377762566e-36,1.9327126430256755e-17,5.741803373306357e-09,1.1792505010168439e-98,7.853363979355476e-32,0.0
16.066666666666666,0.009361702,5.624895820983049e-09,1.3597856890884053e-36,1.8460730732980177e-17,5.624895802522318e-09,5.024757589526373e-99,5.437610213445169e-32,0.0
16.083333333333332,0.009361702,5.510366927931083e-09,1.2235656838217135e-36,1.763315767756235e-17,5.510366910297925e-09,2.1408163449642876e-99,3.764459738673584e-32,0.0
16.1,0.009361702,5.3981683529745205e-09,1.100986575014733e-36,1.6842668406038163e-17,5.398168336131852e-09,9.120092894247149e-100,2.605793040045503e-32,0.0
16.116666666666667,0.0140425535,5.288252717955375e-09,9.906829221165155e-37,1.6087601907644118e-17,5.288252701867773e-09,3.8848563375284797e-100,1.8035172412784775e-32,0.0
16.133333333333333,0.009361702,5.180573607126108e-09,8.914259084787746e-37,1.5366371535360745e-17,5.180573591759737e-09,1.6546525421741674e-100,1.24808517405932e-32,0.0
16.15,0.009361702,5.075085547619459e-09,8.021096766405805e-37,1.467746167824973e-17,5.075085532941998e-09,7.046851139613082e-101,8.63598986247873e-33,0.0
16.166666666666668,0.009361702,4.971743990313899e-09,7.217390297376757e-37,1.4019424582622933e-17,4.9717439762944744e-09,3.0008211499472037e-101,5.974814400777148e-33,0.0
16.183333333333334,0.009361702,4.870505291087199e-09,6.494183625181627e-37,1.3390877315390282e-17,4.870505277696322e-09,1.2777389725481303e-101,4.1331534267177694e-33,0.0
16.2,0.009361702,4.771326692449626e-09,5.843416990820044e-37,1.2790498863228449e-17,4.7713266796591276e-09,5.440032187056331e-102,2.858800570427724e-33,0.0
16.216666666666665,0.009361702,4.674166305549838e-09,5.257837267376717e-37,1.2217027361502879e-17,4.67416629333281e-09,2.3158923939992695e-102,1.977114522264562e-33,0.0
16.233333333333334,0.009361702,4.578983092545356e-09,4.730917264175162e-37,1.1669257447138181e-17,4.578983080876098e-09,9.858098220609205e-103,1.367180414558856e-33,0.0
16.25,0.009361702,4.485736849330553e-09,4.25678310040358e-37,1.1146037729899596e-17,4.485736838184515e-09,4.195908782667337e-103,9.452926160925427e-34,0.0
16.266666666666666,0.004680851,4.394388188614641e-09,3.830148841619865e-37,1.064626837678768e-17,4.394388177968373e-09,1.7857363582058534e-103,6.535119481063535e-34,0.0
16.283333333333335,0.004680851,4.304898523342871e-09,3.446257673136361e-37,1.0168898804492826e-17,4.304898513173972e-09,7.59919028648138e-104,4.517394494712429e-34,0.0
16.3,0.009361702,4.217230050453912e-09,3.100828956820606e-37,9.712925475076563e-18,4.217230040740987e-09,3.233525133610255e-104,3.122267508144131e-34,0.0
16.316666666666666,0.009361702,4.131345734966278e-09,2.7900105831443907e-37,9.27738979026312e-18,4.131345725688888e-09,1.3757653600713975e-104,2.1577453419469554e-34,0.0
16.333333333333332,0.004680851,4.0472092943877e-09,2.510336089089639e-37,8.861376079935245e-18,4.047209285526324e-09,5.852911667355926e-105,1.4910033873809727e-34,0.0
16.35,0.004680851,3.964785183440452e-09,2.258686065419405e-37,8.464009680618888e-18,3.964785174976442e-09,2.4897703980793e-105,1.0301626741114255e-34,0.0
16.366666666666667,0.004680851,3.884038579096487e-09,2.0322534244435342e-37,8.084455099935848e-18,3.884038571012031e-09,1.0590259832984107e-105,7.116756337724487e-35,0.0
16.383333333333333,0.004680851,3.80493536591593e-09,1.8285121422692155e-37,7.72191426317736e-18,3.804935358194016e-09,4.504163783817248e-106,4.915954512234247e-35,0.0
16.4,0.004680851,3.727442121682888e-09,1.6451891281081872e-37,7.375624838329213e-18,3.727442114307264e-09,1.9155003129335225e-106,3.395341393452981e-35,0.0
16.416666666666668,0.004680851,3.6515261033325855e-09,1.4802389079371593e-37,7.044858636038562e-18,3.651526096287727e-09,8.145373899938117e-107,2.3448184980732122e-35,0.0
16.433333333333334,0.004680851,3.577155233163884e-09,1.3318208410656524e-37,6.728920081171398e-18,3.577155226434964e-09,3.463385338473981e-107,1.6191443167926114e-35,0.0
16.45,0.004680851,3.5042980853312975e-09,1.1982786162980156e-37,6.427144752759533e-18,3.504298078904153e-09,1.4724882600728518e-107,1.1179252946534557e-35,0.0
16.466666666666665,0.004680851,3.4329238726110476e-09,1.0781217997005632e-37,6.1388979892781384e-18,3.4329238664721494e-09,6.2598560734197736e-108,7.717759602740842e-36,0.0
16.483333333333334,0.004680851,3.363002433435499e-09,9.700092287755772e-38,5.8635735563325834e-18,3.3630024275719254e-09,2.6609614091173116e-108,5.327473454390564e-36,0.0
16.5,0.004680851,3.2945042191904937e-09,8.727340683598058e-38,5.60059237396338e-18,3.2945042135899015e-09,1.1310316650522905e-108,3.6770815747138275e-36,0.0
16.516666666666666,0.004680851,3.227400281770317e-09,7.852103620288751e-38,5.349401300901833e-18,3.2274002764209155e-09,4.806989210046448e-109,2.5376837166090373e-36,0.0
16.533333333333335,0.004680851,3.1616622613851025e-09,7.064609294094144e-38,5.1094719732310046e-18,3.1616622562756306e-09,2.04283815383222e-109,1.751153882623955e-36,0.0
16.55,0.004680851,3.097262374615556e-09,6.356064747581668e-38,4.880299695016991e-18,3.097262369735256e-09,8.680753726444309e-110,1.2082701552362314e-36,0.0
16.566666666666666,0.004680851,3.034173402709887e-09,5.718557856311009e-38,4.661402378586899e-18,3.034173398048485e-09,3.688449160509205e-110,8.335987007203988e-37,0.0
16.583333333333332,0.004680851,2.9723686801181417e-09,5.144969125833475e-38,4.452319532232417e-18,2.9723686756658222e-09,1.5670876469048615e-110,5.7504730863315466e-37,0.0
16.6,0.004680851,2.91182208325913e-09,4.628892317468541e-38,4.252611293217931e-18,2.9118220790065186e-09,6.657422464351244e-111,3.966468459487238e-37,0.0
16.616666666666667,0.004680851,2.852508019515229e-09,4.164563019491615e-38,4.061857504066669e-18,2.8525080154533715e-09,2.8280202518417515e-111,2.7356380413976827e-37,0.0
16.633333333333333,0.004680851,2.7944014164503247e-09,3.7467943687124887e-38,3.879656830188186e-18,2.7944014125706677e-09,1.2012204100674008e-111,1.886547630554147e-37,0.0
16.65,0.004680851,2.7374777112465623e-09,3.370919206945418e-38,3.70562591699916e-18,2.7374777075409363e-09,5.1018407606500685e-112,1.300863518625578e-37,0.0
16.666666666666668,0.004680851,2.681712840355379e-09,3.0327380284338375e-38,3.53939858476942e-18,2.6817128368159805e-09,2.1666827319413533e-112,8.969140351325048e-38,0.0
16.683333333333334,0.004680851,2.6270832293584256e-09,2.72847213870744e-38,3.3806250595067183e-18,2.6270832259778005e-09,9.200855005800593e-113,6.183371409649023e-38,0.0
16.7,0.004680851,2.573565783034189e-09,2.454721503318783e-38,3.2289712382668042e-18,2.573565779805218e-09,3.906840731625623e-113,4.2624134608534326e-38,0.0
16.716666666666665,0.004680851,2.521137875626183e-09,2.2084268170829356e-38,3.084117987349768e-18,2.521137872542065e-09,1.6587773400504327e-113,2.9379326782299924e-38,0.0
16.733333333333334,0.004680851,2.4697773413085127e-09,1.9868353713995797e-38,2.9457604719107187e-18,2.469777338362752e-09,7.042316796877427e-114,2.0248106788797293e-38,0.0
16.75,0.004680851,2.419462464844981e-09,1.7874703395000274e-38,2.8136075155793534e-18,2.4194624620313732e-09,2.9895671047704483e-114,1.3953514679882863e-38,0.0
16.766666666666666,0.004680851,2.3701719724375356e-09,1.6081031374954364e-38,2.6873809887460087e-18,2.3701719697501544e-09,1.269014385048219e-114,9.614787729174071e-39,0.0
16.783333333333335,0.004680851,2.321885022760553e-09,1.4467285533359808e-38,2.566815224231298e-18,2.321885020193738e-09,5.386299258286288e-115,6.624497922377983e-39,0.0
16.8,0.004680851,2.2745811981769988e-09,1.301542366596756e-38,2.4516564591145494e-18,2.274581195725342e-09,2.286021494417602e-115,4.563769469995618e-39,0.0
16.816666666666666,0.004680851,2.2282404961327407e-09,1.1709212097330263e-38,2.3416623015498438e-18,2.2282404937910784e-09,9.701440802604177e-116,3.1437801784103174e-39,0.0
16.833333333333332,0.004680851,2.1828433207255683e-09,1.0534044464015761e-38,2.2366012214523482e-18,2.182843318488967e-09,4.1167876206230814e-116,2.16540264365537e-39,0.0
16.85,0.004680851,2.1383704744452216e-09,9.476778649005932e-39,2.1362520639863564e-18,2.1383704723089694e-09,1.746816081311714e-116,1.4913632820469094e-39,0.0
16.866666666666667,0.004680851,2.0948031500811216e-09,8.525590049921512e-39,2.0404035848347563e-18,2.094803148040718e-09,7.411439858695563e-117,1.0270386647725677e-39,0.0
16.883333333333333,0.004680851,2.052122922794152e-09,7.669839545595954e-39,1.948854006275374e-18,2.052122920845298e-09,3.1443065380878954e-117,7.072109447931112e-40,0.0
16.9,0.004680851,2.010311742349484e-09,6.899954689217892e-39,1.8614105931329195e-18,2.010311740488073e-09,1.3338722673793869e-117,4.869341689056126e-40,0.0
16.916666666666668,0.004680851,1.9693519255069246e-09,6.207322803571677e-39,1.7778892477172217e-18,1.9693519237290356e-09,5.658103304547473e-118,3.3523618492543087e-40,0.0
16.933333333333334,0.004680851,1.9292261485657846e-09,5.584194786485045e-39,1.6981141228980758e-18,1.9292261468676705e-09,2.3999099989126177e-118,2.3077627058962523e-40,0.0
16.95,0.004680851,1.889917440060895e-09,5.023598553898841e-39,1.6219172525047168e-18,1.889917438438978e-09,1.0178567905693698e-118,1.5885148985344291e-40,0.0
16.966666666666665,0.004680851,1.851409173607002e-09,4.519261155352249e-39,1.5491381982751195e-18,1.8514091720578638e-09,4.316643942451667e-119,1.093330769008856e-40,0.0
16.983333333333334,0.004680851,1.8136850608883013e-09,4.065538693298499e-39,1.4796237126138616e-18,1.8136850594086776e-09,1.8305170831007564e-119,7.524406295956574e-41,0.0
17.0,0.004680851,1.7767291447903057e-09,3.6573532646285434e-39,1.4132274164515212e-18,1.7767291433770784e-09,7.761926697827781e-120,5.177898663890349e-41,0.0
17.016666666666666,0.004680851,1.740525792671042e-09,3.29013622103367e-39,1.349809491529191e-18,1.7405257913212325e-09,3.29104378640494e-120,3.562835283051597e-41,0.0
17.033333333333335,0.004680851,1.705059689768869e-09,2.959777115264257e-39,1.289236386462925e-18,1.7050596884796325e-09,1.3952959569841373e-120,2.451314747525628e-41,0.0
17.05,0.004680851,1.6703158327441288e-09,2.662577763716216e-39,1.2313805359711208e-18,1.6703158315127482e-09,5.915176946597151e-121,1.6864124164041376e-41,0.0
17.066666666666666,0.004680851,1.6362795233517662e-09,2.39521091280875e-39,1.1761200926755039e-18,1.636279522175646e-09,2.507483310650206e-121,1.1600858388255642e-41,0.0
17.083333333333332,0.004680851,1.6029363622425091e-09,2.1546830479436263e-39,1.1233386709132774e-18,1.6029363611191706e-09,1.062863374670318e-121,7.97954852920034e-42,0.0
17.1,0.004680851,1.5702722428897954e-09,1.9383009300197766e-39,1.0729251020223888e-18,1.5702722418168704e-09,4.5049096600981655e-122,5.488183364263679e-42,0.0
17.116666666666667,0.004680851,1.5382733456400445e-09,1.743641486042446e-39,1.0247732005866838e-18,1.5382733446152713e-09,1.90925596346153e-122,3.7743419016539044e-42,0.0
17.133333333333333,0.004680851,1.5069261318835982e-09,1.5685247177668324e-39,9.787815411499703e-19,1.5069261309048167e-09,8.091179219674142e-123,2.595472486722814e-42,0.0
17.15,0.004680851,1.4762173383440965e-09,1.4109893259762355e-39,9.348532449306837e-19,1.4762173374092433e-09,3.428698129415228e-123,1.7846555900642123e-42,0.0
17.166666666666668,0.004680851,1.4461339714837208e-09,1.2692707782810954e-39,8.928957760892585e-19,1.446133970590825e-09,1.4528360645502652e-123,1.2270306990595152e-42,0.0
17.183333333333334,0.004680851,1.4166633020220473e-09,1.141781575582506e-39,8.528207471205688e-19,1.4166633011692266e-09,6.155652169115664e-124,8.435672124381583e-43,0.0
17.2,0.004680851,1.3877928595661307e-09,1.0270934968699032e-39,8.145437329629867e-19,1.387792858751587e-09,2.6079652121482943e-124,5.798924168814412e-43,0.0
17.216666666666665,0.004680851,1.3595104273496408e-09,9.239216240943432e-40,7.779840934337427e-19,1.3595104265716567e-09,1.1048414076780624e-124,3.986014420710388e-43,0.0
17.233333333333334,0.004680851,1.3318040370788103e-09,8.311099687191076e-40,7.430648036178712e-19,1.3318040363357455e-09,4.6802459834152937e-125,2.7396445481307453e-43,0.0
17.25,0.004680851,1.3046619638829934e-09,7.476185394220715e-40,7.097122918546474e-19,1.304661963173281e-09,1.982477033444672e-125,1.8828412722527185e-43,0.0
17.266666666666666,0.004680851,1.2780727213677496e-09,6.725117065060137e-40,6.778562849812177e-19,1.2780727206898933e-09,8.39689183156527e-126,1.2938905832606256e-43,0.0
17.283333333333335,0.004680851,1.2520250567683811e-09,6.049477330456801e-40,6.474296605087219e-19,1.2520250561209514e-09,3.5563133400666414e-126,8.890904831382197e-44,0.0
17.3,0.004680851,1.2265079462018756e-09,5.441693558220937e-40,6.183683054202929e-19,1.2265079455835072e-09,1.506096163370495e-126,6.108845623416576e-44,0.0
17.316666666666666,0.004680851,1.2015105900152316e-09,4.894953108128537e-40,5.906109812945556e-19,1.2015105894246207e-09,6.377886175545002e-127,4.1969841454082113e-44,0.0
17.333333333333332,0.004680851,1.1770224082282374e-09,4.403127085522205e-40,5.640991954713255e-19,1.1770224076641382e-09,2.7006752177779428e-127,2.8832394088246206e-44,0.0
17.35,0.004680851,1.1530330360688055e-09,3.9607017416217415e-40,5.387770779889929e-19,1.1530330355300285e-09,1.143509139913017e-127,1.9805667659443416e-44,0.0
17.366666666666667,0.004680851,1.129532319598961e-09,3.5627167539421702e-40,5.145912640351418e-19,1.1295323190843697e-09,4.841486876569842e-128,1.3603914045575476e-44,0.0
17.383333333333333,0.004680851,1.1065103114296174e-09,3.2047096970373826e-40,4.9149078166343e-19,1.1065103109381265e-09,2.0496979470102767e-128,9.343381553043031e-45,0.0
17.4,0.004680851,1.083957266522406e-09,2.8826660829219365e-40,4.694269445410627e-19,1.0839572660529792e-09,8.677070199503907e-129,6.416678854027147e-45,0.0
17.416666666666668,0.004680851,1.0618636380767507e-09,2.592974412723404e-40,4.483532495014142e-19,1.0618636376283975e-09,3.6730652365312805e-129,4.406388018179581e-45,0.0
17.433333333333334,0.004680851,1.0402200735004497e-09,2.3323857370927463e-40,4.2822527868675826e-19,1.0402200730722245e-09,1.5547358238261267e-129,3.025670166853643e-45,0.0
17.45,0.004680851,1.019017410462089e-09,2.0979772732619983e-40,4.0900060607538913e-19,1.0190174100530884e-09,6.580473554263445e-130,2.0774330497477126e-45,0.0
17.466666666666665,0.004680851,9.982466730236394e-10,1.8871196719592813e-40,3.906387081969248e-19,9.982466726330007e-10,2.7850334398523184e-130,1.4262619365810086e-45,0.0
17.483333333333334,0.004680851,9.778990678515742e-10,1.697447568165651e-40,3.7310087884813434e-19,9.778990674784734e-10,1.1786274380581078e-130,9.791259087158798e-46,0.0
17.5,0.004680851,9.579659805049762e-10,1.5268330863912074e-40,3.563501476301294e-19,9.57965980148626e-10,4.98764677909686e-131,6.721171528327903e-46,0.0
17.516666666666666,0.0,9.384389717989574e-10,1.3733620041612749e-40,3.403512021357941e-19,9.384389714586063e-10,2.110512762208806e-131,4.613375347913727e-46,0.0
17.533333333333335,0.0,9.193097742420081e-10,1.235312307110338e-40,3.250703136239291e-19,9.193097739169378e-10,8.930043341133196e-132,3.166359085417998e-46,0.0
17.55,0.0,9.005702885456823e-10,1.111134895809744e-40,3.10475266024e-19,9.00570288235207e-10,3.7782664400581135e-132,2.173047845535787e-46,0.0
17.566666666666666,0.0,8.822125802051514e-10,9.994362285051766e-41,2.9653528812221126e-19,8.822125799086161e-10,1.598472476700259e-132,1.4912358836399926e-46,0.0
17.583333333333332,0.0,8.64228876149239e-10,8.98962705580692e-41,2.832209887865158e-19,8.642288758660181e-10,6.7622535373916206e-133,1.023273009233362e-46,0.0
17.6,0.0,8.46611561458494e-10,8.085866210357055e-41,2.705042950943716e-19,8.466115611879897e-10,2.8605633991455716e-133,7.02109727423467e-47,0.0
17.616666666666667,0.004680851,8.293531761499161e-10,7.272935237814294e-41,2.5835839323323177e-19,8.293531758915577e-10,1.2100008655767812e-133,4.817114159610679e-47,0.0
17.633333333333333,0.004680851,8.124464120269895e-10,6.541708473256626e-41,2.4675767204958034e-19,8.124464117802318e-10,5.117924723957813e-134,3.3047418721495385e-47,0.0
17.65,0.004680851,7.958841095937189e-10,5.883976805986828e-41,2.3567766912785186e-19,7.958841093580412e-10,2.1645934946693109e-134,2.2670285014343646e-47,0.0
17.666666666666668,0.004680851,7.796592550313313e-10,5.292355654333896e-41,2.2509501928592133e-19,7.796592548062363e-10,9.154469411777191e-135,1.5550538223435226e-47,0.0
17.683333333333334,0.004680851,7.637649772364255e-10,4.760202176953113e-41,2.149874053789089e-19,7.63764977021438e-10,3.871368495405104e-135,1.0666036159754671e-47,0.0
17.7,0.004680851,7.481945449192306e-10,4.281540793885685e-41,2.0533351130785187e-19,7.481945447138971e-10,1.6370821739390814e-135,7.31526447724112e-48,0.0
17.716666666666665,0.0,7.329413637608706e-10,3.8509961835922963e-41,1.9611297713453566e-19,7.329413635647576e-10,6.922312651996706e-136,5.016797112911784e-48,0.0
17.733333333333334,0.0,7.179989736283462e-10,3.4637330058033506e-41,1.873063562080565e-19,7.179989734410399e-10,2.9268929105173844e-136,3.440271659439704e-48,0.0
17.75,0.0,7.033610458461153e-10,3.115401675276648e-41,1.7889507421305109e-19,7.033610456672203e-10,1.2374779592428678e-136,2.3590046676927343e-48,0.0
17.766666666666666,0.0,6.890213805230766e-10,2.802089579251716e-41,1.7086139005343423e-19,6.890213803522152e-10,5.231705099436761e-137,1.6174649998537634e-48,0.0
17.783333333333335,0.0,6.749739039338801e-10,2.5202771923048313e-41,1.631883584894662e-19,6.749739037706918e-10,2.211690270386201e-137,1.1089479893368376e-48,0.0
17.8,0.0,6.612126659534518e-10,2.2667985971106781e-41,1.558597944495672e-19,6.612126657975921e-10,9.349335646554036e-138,7.602524392449983e-49,0.0
17.816666666666666,0.0,6.477318375435951e-10,2.038805968925222e-41,1.4886023894182192e-19,6.477318373947348e-10,3.951961553921532e-138,5.2116469473487464e-49,0.0
17.833333333333332,0.0,6.345257082907066e-10,1.833737625967671e-41,1.421749264935479e-19,6.345257081485317e-10,1.6703993331970138e-138,3.572422658159886e-49,0.0
17.85,0.0,6.21588683993491e-10,1.6492892877929792e-41,1.3578975405040805e-19,6.215886838577013e-10,7.059983135749298e-139,2.448620747317721e-49,0.0
17.866666666666667,0.0,6.089152842997174e-10,1.4833882196575585e-41,1.2969125126971477e-19,6.089152841700261e-10,2.9837532037709397e-139,1.678228976909721e-49,0.0
17.883333333333333,0.0,5.965001403909468e-10,1.334169973188275e-41,1.2386655214540692e-19,5.965001402670802e-10,1.2609507706225252e-139,1.1501435920935703e-49,0.0
17.9,0.0,5.843379927143514e-10,1.1999574627354798e-41,1.1830336790507144e-19,5.84337992596048e-10,5.328555350509247e-140,7.881778520727286e-50,0.0
17.916666666666668,0.0,5.724236887605946e-10,1.0792421429407378e-41,1.1298996112198336e-19,5.724236886476046e-10,2.251630204630142e-140,5.400921421382512e-50,0.0
17.933333333333334,-0.004680851,5.607521808868805e-10,9.706670765805058e-42,1.0791512098772013e-19,5.607521807789653e-10,9.513953002098586e-141,3.7006934633519595e-50,0.0
17.95,0.0,5.493185241842186e-10,8.730117029152174e-42,1.0306813969335011e-19,5.493185240811505e-10,4.019771851985611e-141,2.5355381075676715e-50,0.0
17.966666666666665,-0.004680851,5.381178743880459e-10,7.85178135818397e-42,9.843878986950757e-20,5.381178742896071e-10,1.6983155657071293e-141,1.737117106623413e-50,0.0
17.983333333333334,-0.004680851,5.271454858313034e-10,7.061788380948188e-42,9.401730303790899e-20,5.271454857372861e-10,7.174837542486602e-142,1.1900360777826315e-50,0.0
18.0,-0.004680851,5.163967094391028e-10,6.351255338123016e-42,8.97943490289823e-20,5.163967093493084e-10,3.0309764614414753e-142,8.151985211492723e-51,0.0
18.016666666666666,-0.004680851,5.058669907641456e-10,5.7121923433983306e-42,8.576101632229602e-20,5.058669906783845e-10,1.2803537500366735e-142,5.583917721144052e-51,0.0
18.03333333333333,-0.004680851,4.955518680620739e-10,5.137412662629678e-42,8.190879326845982e-20,4.955518679801651e-10,5.408220950260595e-143,3.8246099964690684e-51,0.0
18.05,-0.004680851,4.85446970405927e-10,4.620452005716251e-42,7.822955015296145e-20,4.854469703276974e-10,2.284315147831562e-143,2.6194370424593173e-51,0.0
18.066666666666663,-0.004680851,4.755480158389377e-10,4.155495926149264e-42,7.47155220642324e-20,4.755480157642222e-10,9.647946097625073e-144,1.7939138427805608e-51,0.0
18.08333333333333,-0.004680851,4.658508095648192e-10,3.7373145140296854e-42,7.135929252986709e-20,4.658508094934599e-10,4.0746572399983825e-144,1.2284801623886308e-51,0.0
18.1,-0.004680851,4.5635124217490384e-10,3.361203650091826e-42,6.81537778865988e-20,4.5635124210675005e-10,1.7207776960000075e-144,8.412165467163368e-52,0.0
18.116666666666667,-0.004680851,4.470452879112626e-10,3.022932161804832e-42,6.509221235112525e-20,4.470452878461704e-10,7.266679998857632e-145,5.7599763232091715e-52,0.0
18.133333333333333,-0.004680851,4.3792900296513184e-10,2.7186942887758765e-42,6.216813376036268e-20,4.379290029029637e-10,3.0684919693862375e-145,3.943728074403662e-52,0.0
18.15,-0.004680851,4.2899852380994116e-10,2.4450669241991372e-42,5.93753699511497e-20,4.2899852375056577e-10,1.2956620561515802e-145,2.7000184802633037e-52,0.0
18.166666666666668,-0.004680851,4.202500655682164e-10,2.198971152631373e-42,5.670802575070982e-20,4.202500655115084e-10,5.470617994094269e-146,1.8484178739605503e-52,0.0
18.183333333333334,-0.004680851,4.116799204116718e-10,1.9776376525458958e-42,5.416047055051743e-20,4.116799203575113e-10,2.309718448010158e-146,1.2653403771039687e-52,0.0
18.2,-0.004680851,4.0328445599382087e-10,1.778575575448649e-42,5.17273264373962e-20,4.0328445594209355e-10,9.751239089162881e-147,8.661407935923012e-53,0.0
18.216666666666665,-0.004680851,3.950601139144553e-10,1.599544552323565e-42,4.940345685688865e-20,3.950601138650518e-10,4.116601030405665e-147,5.928484303619442e-53,0.0
18.23333333333333,-0.004680851,3.870034082153301e-10,1.4385295132444216e-42,4.718395578502678e-20,3.870034081681462e-10,1.7377850871314968e-147,4.0576356008566194e-53,0.0
18.25,-0.004680851,3.791109239064258e-10,1.2937180375398619e-42,4.5064137385711425e-20,3.7911092386136167e-10,7.335534593026177e-148,2.77700543352239e-53,0.0
18.266666666666666,-0.004680851,3.7137931552218104e-10,1.1634799802808603e-42,4.3039526131941144e-20,3.713793154791415e-10,3.0963210836021958e-148,1.9004430821856132e-53,0.0
18.28333333333333,-0.004680851,3.638053057070479e-10,1.0463491463915854e-42,4.110584737008113e-20,3.6380530566594205e-10,1.3068893771957228e-148,1.3004917015467283e-53,0.0
18.3,-0.004680851,3.563856838298266e-10,9.410068066559592e-43,3.925901830732489e-20,3.5638568379056755e-10,5.515823780139186e-149,8.89887309033938e-54,0.0
18.316666666666663,-0.004680851,3.4911730462616127e-10,8.462668705534354e-43,3.749513940336935e-20,3.4911730458866616e-10,2.3278808832421594e-149,6.088878092611331e-54,0.0
18.33333333333333,-0.004680851,3.4199708686861853e-10,7.610625494472606e-43,3.58104861481759e-20,3.41997086832808e-10,9.824038125084997e-150,4.165954380462133e-54,0.0
18.35,-0.004680851,3.3502201206382225e-10,6.844343603700755e-43,3.4201501208520564e-20,3.3502201202962076e-10,4.145704438268482e-150,2.850144192414033e-54,0.0
18.366666666666667,-0.004680851,3.281891231760758e-10,6.155193356949913e-43,3.2664786926791606e-20,3.28189123143411e-10,1.7493863867976056e-150,1.9498193270019132e-54,0.0
18.383333333333333,-0.004680851,3.2149552337690465e-10,5.535413175118292e-43,3.119709815623391e-20,3.2149552334570753e-10,7.381631381977981e-151,1.333820078284306e-54,0.0
18.4,-0.004680851,3.1493837482005523e-10,4.978022277030336e-43,2.979533541757223e-20,3.149383747902599e-10,3.114571218366923e-151,9.123796599233889e-55,0.0
18.416666666666668,-0.004680851,3.0851489744138066e-10,4.476742156632981e-43,2.8456538362590483e-20,3.085148974129241e-10,1.3140853502222386e-151,6.240645681159998e-55,0.0
18.433333333333334,-0.004680851,3.02222367783139e-10,4.025925954589403e-43,2.717787953090745e-20,3.022223677559611e-10,5.5440657398480915e-152,4.268341560537667e-55,0.0
18.45,-0.004680851,2.960581178421754e-10,3.62049493084549e-43,2.5956658386803735e-20,2.9605811781621874e-10,2.338905917428214e-152,2.919205265234748e-55,0.0
18.466666666666665,-0.004680851,2.9001953394154377e-10,3.25588132446199e-43,2.4790295623540655e-20,2.9001953391675347e-10,9.866811027913583e-153,1.996393057893736e-55,0.0
18.48333333333333,-0.004680851,2.841040556250602e-10,2.9279769587158854e-43,2.3676327723178556e-20,2.841040556013839e-10,4.1621778857714177e-153,1.3652228108517324e-55,0.0
18.5,-0.004680851,2.7830917457433507e-10,2.633087013982101e-43,2.261240176043554e-20,2.783091745517227e-10,1.7556758084981385e-153,9.33549190906453e-56,0.0
18.516666666666666,-0.004680851,2.7263243354782954e-10,2.367888448935549e-43,2.1596270439646126e-20,2.7263243352623325e-10,7.40539049737933e-154,6.38332829137176e-56,0.0
18.53333333333333,-0.004680851,2.6707142534147404e-10,2.129392602810267e-43,2.0625787354362656e-20,2.6707142532084824e-10,3.123429057423032e-154,4.364490709283513e-56,0.0
18.55,-0.009361702,2.6162379177043545e-10,1.9149115584118708e-43,1.969890245961938e-20,2.6162379175073656e-10,1.3173326631748071e-154,2.9839840724426435e-56,0.0
18.566666666666663,-0.009361702,2.5628722267157947e-10,1.7220278878139108e-43,1.8813657747322468e-20,2.562872226527658e-10,5.555709074797336e-155,2.0400277596851984e-56,0.0
18.58333333333333,-0.009361702,2.510594549262154e-10,1.5485674406662614e-43,1.796818311565051e-20,2.510594549082472e-10,2.342954428843734e-155,1.3946088486218239e-56,0.0
18.6,-0.009361702,2.4593827150272307e-10,1.3925748692206244e-43,1.7160692423775402e-20,2.459382714855624e-10,9.88026482993199e-156,9.533352058993783e-57,0.0
18.616666666666667,-0.009361702,2.4092150051864937e-10,1.2522916149227995e-43,1.6389479723583108e-20,2.4092150050225987e-10,4.166331433945109e-156,6.516521527984777e-57,0.0
18.633333333333333,-0.009361702,2.360070143218563e-10,1.1261361090752185e-43,1.5652915660458946e-20,2.360070143062034e-10,1.7567890581723296e-156,4.454132542742482e-57,0.0
18.65,-0.009361702,2.31192728590381e-10,1.0126859649517302e-43,1.4949444035559155e-20,2.3119272857543156e-10,7.407404813098394e-157,3.044301403016195e-57,0.0
18.666666666666668,-0.009361702,2.264766014505862e-10,9.106619611213061e-44,1.427757852231991e-20,2.2647660143630861e-10,3.123153182351508e-157,2.080604237143254e-57,0.0
18.683333333333334,-0.009361702,2.2185663261325223e-10,8.189136358669205e-44,1.3635899530291664e-20,2.2185663259961634e-10,1.3167439211146804e-157,1.421898962921062e-57,0.0
18.7,-0.009361702,2.1733086252722952e-10,7.364063306910711e-44,1.3023051209685993e-20,2.1733086251420647e-10,5.55124344053441e-158,9.716850760599704e-58,0.0
18.716666666666665,-0.009361702,2.1289737155031178e-10,6.622095371856584e-44,1.243773859032839e-20,2.1289737153787404e-10,2.340239054222772e-158,6.639876032818555e-58,0.0
18.73333333333333,-0.009361702,2.085542791369705e-10,5.954864161934489e-44,1.187872484898588e-20,2.0855427912509177e-10,9.865321760263192e-159,4.537035315864607e-58,0.0
18.75,-0.009361702,2.0429974304260357e-10,5.35484371365579e-44,1.1344828699311096e-20,2.0429974303125874e-10,4.158564591832731e-159,3.100003643879732e-58,0.0
18.766666666666666,-0.009361702,2.0013195854397428e-10,4.81526571072626e-44,1.083492189890547e-20,2.0013195853313935e-10,1.7528990110178364e-159,2.118020746314318e-58,0.0
18.78333333333333,-0.004680851,1.9604915767550607e-10,4.3300432328791544e-44,1.0347926868244399e-20,1.9604915766515814e-10,7.388421612381681e-160,1.4470258196588956e-58,0.0
18.8,-0.004680851,1.9204960848110293e-10,3.893702176525768e-44,9.882814416450293e-21,1.9204960847122011e-10,3.114066301304537e-160,9.885542779034534e-59,0.0
18.816666666666663,-0.004680851,1.8813161428119867e-10,3.501319575571464e-44,9.438601569119048e-21,1.8813161427176007e-10,1.3124583531948216e-160,6.75309766780842e-59,0.0
18.83333333333333,-0.004680851,1.8429351295470067e-10,3.148468128340548e-44,9.014349493620542e-21,1.842935129456863e-10,5.531268997583308e-161,4.613004895538413e-59,0.0
18.85,-0.004680851,1.8053367623555115e-10,2.831166306342582e-44,8.609161517504091e-21,1.80533676226942e-10,2.3310182821348227e-161,3.150962794839273e-59,0.0
18.866666666666667,-0.004680851,1.768505090235965e-10,2.545833483389377e-44,8.222181235829791e-21,1.7685050901537433e-10,9.82309424210882e-162,2.152192981233136e-59,0.0
18.883333333333333,-0.004680851,1.732424487094585e-10,2.289249580033304e-44,7.852590703436055e-21,1.7324244870160592e-10,4.139355736350808e-162,1.4699339544684153e-59,0.0
18.9,-0.004680851,1.6970796451315743e-10,2.0585187690915305e-44,7.499608708335215e-21,1.6970796450565782e-10,1.744211235877882e-162,1.0039063657248143e-59,0.0
18.916666666666668,-0.004680851,1.6624555683617818e-10,1.8510368336972919e-44,7.162489122596062e-21,1.662455568290157e-10,7.349323661140242e-163,6.855947255474893e-60,0.0
18.933333333333334,-0.004680851,1.628537566267216e-10,1.6644618104123518e-44,6.840519327237904e-21,1.6285375661988107e-10,3.096547247676098e-163,4.6818845355584386e-60,0.0
18.95,-0.004680851,1.5953112475786104e-10,1.496687586891908e-44,6.533018707814333e-21,1.5953112475132801e-10,1.3046384311098983e-163,3.1970762828282497e-60,0.0
18.966666666666665,-0.004680851,1.5627625141835845e-10,1.3458201568357146e-44,6.239337217517555e-21,1.562762514121191e-10,5.4964821245062294e-164,2.183053925554032e-60,0.0
18.98333333333333,-0.004680851,1.530877555158635e-10,1.2101562648590288e-44,5.9588540047717186e-21,1.5308775550990465e-10,2.3155904185893966e-164,1.4905796569527495e-60,0.0
19.0,-0.004680851,1.499642840922596e-10,1.0881642008103572e-44,5.690976102423418e-21,1.4996428408656862e-10,9.75485941258126e-165,1.0177128828736627e-60,0.0
19.016666666666666,-0.004680851,1.4690451175090412e-10,9.784665272523493e-45,5.4351371757653634e-21,1.4690451174546898e-10,4.1092513563539956e-165,6.94823990818544e-61,0.0
19.03333333333333,-0.004680851,1.439071400955151e-10,8.798245455779057e-45,5.1907963267526235e-21,1.439071400903243e-10,1.7309594561115612e-165,4.7435543751377285e-61,0.0
19.05,-0.004680851,1.4097089718047863e-10,7.911243258039546e-45,4.957436951891909e-21,1.4097089717552119e-10,7.291110057565216e-166,3.2382665903489094e-61,0.0
19.066666666666663,-0.004680851,1.3809453697234157e-10,7.113641426844958e-45,4.734565651394151e-21,1.38094536967607e-10,3.0710229028228044e-166,2.2105535793380827e-61,0.0
19.08333333333333,-0.004680851,1.3527683882224883e-10,6.396431766162254e-45,4.521711187290688e-21,1.3527683881772712e-10,1.2934664631564521e-166,1.5089307710767692e-61,0.0
19.1,-0.004680851,1.3251660694912742e-10,5.7515135204825e-45,4.3184234883167164e-21,1.32516606944809e-10,5.4476610598570205e-167,1.0299532167260573e-61,0.0
19.116666666666667,-0.004680851,1.298126699333806e-10,5.1716019891411864e-45,4.124272699462596e-21,1.2981266992925633e-10,2.2942875358236283e-167,7.02984397946038e-62,0.0
19.133333333333333,-0.004680851,1.271638802208772e-10,4.650146341223072e-45,3.938848274188637e-21,1.2716388021693835e-10,9.662033626309465e-168,4.79793068380023e-62,0.0
19.15,-0.004680851,1.2456911363704122e-10,4.181255705020219e-45,3.7617581073900436e-21,1.2456911363327946e-10,4.068855312599261e-168,3.2744807137880054e-62,0.0
19.166666666666668,-0.004680851,1.2202726891082524e-10,3.759632699181039e-45,3.592627707282374e-21,1.220272689072326e-10,1.7134010266019653e-168,2.234658571755942e-62,0.0
19.183333333333334,-0.004680851,1.1953726720836805e-10,3.38051365649874e-45,3.431099404461272e-21,1.1953726720493696e-10,7.214877188922339e-169,1.5249664190802177e-62,0.0
19.2,-0.004680851,1.170980516761413e-10,3.0396148666606286e-45,3.2768315964684887e-21,1.1709805167286447e-10,3.037960180212579e-169,1.040614402403462e-62,0.0
19.216666666666665,-0.004680851,1.1470858699339374e-10,2.7330842320724726e-45,3.1294980262705307e-21,1.1470858699026424e-10,1.2791412209216087e-169,7.10067967195497e-63,0.0
19.23333333333333,-0.004680851,1.1236785893370099e-10,2.457457791844544e-45,2.9887870931283444e-21,1.123678589307122e-10,5.3856517096322225e-170,4.844964876358283e-63,0.0
19.25,-0.004680851,1.1007487393543613e-10,2.2096206238643518e-45,2.854401194404278e-21,1.1007487393258173e-10,2.2674695024519644e-170,3.305689467812502e-63,0.0
19.266666666666666,-0.004680851,1.0782865868098491e-10,1.9867716842029443e-45,2.7260560969178025e-21,1.0782865867825886e-10,9.546147350022719e-171,2.2553516707940251e-63,0.0
19.28333333333333,-0.004680851,1.0562825968451513e-10,1.7863921874587676e-45,2.6034803365241318e-21,1.0562825968191164e-10,4.0188182823910306e-171,1.5386766564933857e-63,0.0
19.3,-0.004680851,1.034727428881425e-10,1.606217171542259e-45,2.486414644648842e-21,1.0347274288565609e-10,1.6918124968507222e-171,1.0496908804219581e-63,0.0
19.316666666666663,-0.004680851,1.0136119326631213e-10,1.4442099262826695e-45,2.3746114005691663e-21,1.0136119326393751e-10,7.121800085322403e-172,7.160717337494043e-64,0.0
19.33333333333333,-0.004680851,9.929271443822633e-11,1.2985389975118846e-45,2.2678341082855963e-21,9.92927144359585e-11,2.997858191019249e-172,4.8846423221393594e-64,0.0
19.35,-0.004680851,9.726642828816584e-11,1.1675575073032613e-45,2.165856896881144e-21,9.726642828599998e-11,1.2618746482968418e-172,3.33188665235938e-64,0.0
19.366666666666667,-0.004680851,9.52814745935369e-11,1.0497845571472748e-45,2.0684640433134804e-21,9.528147459146843e-11,5.311353825839077e-173,2.272631201223512e-64,0.0
19.383333333333333,-0.009361702,9.33370106604804e-11,9.43888504321313e-46,1.975449516632853e-21,9.333701065850494e-11,2.235518180018959e-173,1.5500620659367596e-64,0.0
19.4,-0.009361702,9.143221096690603e-11,8.486719228267236e-46,1.8866165426649653e-21,9.143221096501942e-11,9.4088207998054e-174,1.057184213511792e-64,0.0
19.416666666666668,-0.009361702,8.956626681278584e-11,7.630580792535847e-46,1.801777188239361e-21,8.956626681098406e-11,3.959827534311808e-174,7.209975504894656e-65,0.0
19.433333333333334,-0.009361702,8.773838597756884e-11,6.8607877101283845e-46,1.72075196408671e-21,8.773838597584808e-11,1.6664853202359596e-174,4.916980972811142e-65,0.0
19.45,-0.009361702,8.594779238456156e-11,6.168633897343124e-46,1.6433694455663814e-21,8.594779238291818e-11,7.013114418610363e-175,3.3530880987922537e-65,0.0
19.466666666666665,-0.009361702,8.419372577214577e-11,5.5462908644261736e-46,1.5694659104245426e-21,8.41937257705763e-11,2.9512406936114773e-175,2.286510382131934e-65,0.0
19.48333333333333,-0.009361702,8.247544137168434e-11,4.986719275459541e-46,1.498884992817998e-21,8.247544137018545e-11,1.2418886950936069e-175,1.559133297396341e-65,0.0
19.5,-0.009361702,8.079220959198305e-11,4.483589418454946e-46,1.4314773528735896e-21,8.079220959055158e-11,5.225707730673512e-176,1.0631027678370093e-65,0.0
19.516666666666666,-0.009361702,7.914331571017596e-11,4.031209688211849e-46,1.3671003610860966e-21,7.914331570880886e-11,2.1988318579143944e-176,7.248518671165628e-66,0.0
19.53333333333333,-0.009361702,7.752805956890063e-11,3.6244622748588305e-46,1.3056177968880814e-21,7.752805956759501e-11,9.251740617590439e-177,4.942029833010035e-66,0.0
19.55,-0.009361702,7.594575527963681e-11,3.258745332275704e-46,1.2468995607559296e-21,7.594575527838992e-11,3.8925971552176603e-177,3.3693306116875395e-66,0.0
19.566666666666663,-0.004680851,7.439573093208662e-11,2.929920973672731e-46,1.190821399244247e-21,7.43957309308958e-11,1.6377217597549354e-177,2.2970165951952506e-66,0.0
19.58333333333333,-0.004680851,7.287732830946468e-11,2.6342685073391966e-46,1.1372646423680275e-21,7.28773283083274e-11,6.890099353515708e-178,1.5659105625710903e-66,0.0
19.6,-0.004680851,7.138990260958846e-11,2.368442384684643e-46,1.0861159527787072e-21,7.138990260850234e-11,2.898648912163372e-178,1.0674613637813271e-66,0.0
19.616666666666667,-0.004680851,6.993282217164571e-11,2.129434385858708e-46,1.037267086204339e-21,6.993282217060844e-11,1.2194123103013925e-178,7.276454891136589e-67,0.0
19.633333333333333,-0.004680851,6.850546820851745e-11,1.9145396160427532e-46,9.906146626481188e-22,6.850546820752683e-11,5.129681730242937e-179,4.959867297574139e-67,0.0
19.65,-0.004680851,6.710723454455719e-11,1.7213259285058046e-46,9.46059947862558e-22,6.710723454361112e-11,2.1578199857846567e-179,3.38067082241266e-67,0.0
19.666666666666668,-0.009361702,6.573752735870378e-11,1.5476064291803473e-46,9.035086446377623e-22,6.573752735780027e-11,9.076637829663153e-180,2.3041905946633073e-67,0.0
19.683333333333334,-0.009361702,6.439576493282545e-11,1.3914147522890354e-46,8.628706934633094e-22,6.439576493196258e-11,3.8178588290973515e-180,1.5704230907354916e-67,0.0
19.7,-0.004680851,6.308137740518418e-11,1.250982827824506e-46,8.240600821427007e-22,6.308137740436011e-11,1.6058310310879155e-180,1.070280901343304e-67,0.0
19.716666666666665,-0.004680851,6.179380652892217e-11,1.1247208898075173e-46,7.8699466395872235e-22,6.179380652813518e-11,6.754061418366614e-181,7.293933199752219e-68,0.0
19.73333333333333,-0.004680851,6.053250543546149e-11,1.0111994995395715e-46,7.515959840055114e-22,6.05325054347099e-11,2.8406347929021074e-181,4.9705993785815186e-68,0.0
19.75,-0.004680851,5.929693840272248e-11,9.091333808102389e-47,7.177891133208337e-22,5.929693840200469e-11,1.1946786230414084e-181,3.387183970200966e-68,0.0
19.766666666666666,-0.004680851,5.8086580628060726e-11,8.173668844732714e-47,6.855024904683077e-22,5.8086580627375226e-11,5.024260332587827e-182,2.308085669700485e-68,0.0
19.78333333333333,-0.004680851,5.69009180058246e-11,7.348609181985523e-47,6.546677702349444e-22,5.690091800516993e-11,2.112898250319885e-182,1.5727085533247672e-68,0.0
19.8,-0.004680851,5.573944690944319e-11,6.606811937495582e-47,6.252196791247365e-22,5.573944690881797e-11,8.885267278621906e-183,1.0715879650229407e-68,0.0
19.816666666666663,-0.004680851,5.4601673977951715e-11,5.939876590099477e-47,5.970958773429525e-22,5.460167397735462e-11,3.7363532459186626e-183,7.301140900044505e-69,0.0
19.83333333333333,-0.004680851,5.3487115906858245e-11,5.34024995360816e-47,5.702368269797412e-22,5.348711590628801e-11,1.5711257148338179e-183,4.974357844540397e-69,0.0
19.85,-0.004680851,5.239529924327388e-11,4.80114073039589e-47,5.44585666114765e-22,5.239529924272929e-11,6.606319525144541e-184,3.3889626258618747e-69,0.0
19.866666666666667,-0.004680851,5.132576018521173e-11,4.3164426792973344e-47,5.20088088576866e-22,5.132576018469164e-11,2.7777547507844807e-184,2.3087667693112984e-69,0.0
19.883333333333333,-0.004680851,5.0278044384969846e-11,3.880665529583955e-47,4.966922291048229e-22,5.0278044384473156e-11,1.1679223326630547e-184,1.5728124641612877e-69,0.0
19.9,-0.004680851,4.925170675652149e-11,3.4888728602820044e-47,4.743485536667966e-22,4.925170675604714e-11,4.910433357117886e-185,1.071414412879217e-69,0.0
19.916666666666668,-0.004680851,4.82463112868233e-11,3.136626242758545e-47,4.530097547066793e-22,4.824631128637029e-11,2.0644840317679253e-185,7.298300748428297e-70,0.0
19.933333333333334,-0.004680851,4.726143085096839e-11,2.8199350152526076e-47,4.326306510961283e-22,4.7261430850535765e-11,8.679388672010957e-186,4.971298293112824e-70,0.0
19.95,-0.004680851,4.6296647031100473e-11,2.5352111216462565e-47,4.131680925809883e-22,4.62966470306873e-11,3.6488221984181706e-186,3.3861153725562206e-70,0.0
19.966666666666665,-0.004680851,4.5351549939016904e-11,2.279228503980573e-47,3.9458086852023627e-22,4.5351549938622326e-11,1.5339184613360565e-186,2.30630959961151e-70,0.0
19.98333333333333,-0.004680851,4.442573804238317e-11,2.0490865896677792e-47,3.768296207247068e-22,4.4425738042006336e-11,6.448191233392183e-187,1.570787561912145e-70,0.0
20.0,-0.004680851,4.351881799448568e-11,1.8421774606136536e-47,3.598767602114614e-22,4.351881799412581e-11,2.7105639447254616e-187,1.0697969542023428e-70,0.0
20.016666666666666,-0.004680851,4.263040446745269e-11,1.6561563330670255e-47,3.436863876979384e-22,4.2630404467109e-11,1.1393773233293532e-187,7.285668067320601e-71,0.0
20.03333333333333,-0.004680851,4.176011998886826e-11,1.488915014421159e-47,3.2822421766795233e-22,4.176011998854004e-11,4.789185997076881e-188,4.96159817761462e-71,0.0
20.05,-0.009361702,4.0907594781716056e-11,1.3385580368363904e-47,3.134575058490955e-22,4.09075947814026e-11,2.012992264874807e-188,3.378765457297808e-71,0.0
20.066666666666663,-0.009361702,4.007246660758169e-11,1.2033811978006706e-47,2.9935497994838206e-22,4.0072466607282336e-11,8.460749346476125e-189,2.3007997026454618e-71,0.0
20.08333333333333,-0.009361702,3.925438061304622e-11,1.0818522649498138e-47,2.8588677349969733e-22,3.925438061276033e-11,3.5560014062998218e-189,1.566693180982316e-71,0.0
20.1,-0.009361702,3.845298917920994e-11,9.725936269300457e-48,2.7302436268341156e-22,3.845298917893692e-11,1.4945190038259546e-189,1.0667767199889143e-71,0.0
20.116666666666667,-0.009361702,3.7667951774280516e-11,8.743666940824634e-48,2.607405059845934e-22,3.7667951774019773e-11,6.280980320386321e-190,7.263527813276298e-72,0.0
20.133333333333333,-0.009361702,3.689893480915959e-11,7.86057872508033e-48,2.4900918656229475e-22,3.6898934808910586e-11,2.6396111060625727e-190,4.945454806289189e-72,0.0
20.15,-0.009361702,3.6145611495974496e-11,7.066659528597524e-48,2.378055572082472e-22,3.614561149573669e-11,1.1092745128364402e-190,3.367049425985366e-72,0.0
20.166666666666668,-0.009361702,3.540766170948829e-11,6.352907712011138e-48,2.271058877785488e-22,3.5407661709261186e-11,4.661489873371463e-191,2.292331525378244e-72,0.0
20.183333333333334,-0.009361702,3.468477185133419e-11,5.711230136529439e-48,2.1688751498735064e-22,3.46847718511173e-11,1.9588317192582614e-191,1.560594616652018e-72,0.0
20.2,-0.009361702,3.397663471701213e-11,5.1343504948294115e-48,2.0712879445636876e-22,3.3976634716804996e-11,8.231068805907758e-192,1.0623988301248929e-72,0.0
20.216666666666665,-0.009361702,3.328294936559664e-11,4.615726889213327e-48,1.9780905491896421e-22,3.328294936539883e-11,3.4586140904917077e-192,7.232191626961298e-73,0.0
20.23333333333333,-0.009361702,3.260342099209694e-11,4.1494777244301255e-48,1.8890855448197183e-22,3.2603420991908034e-11,1.4532314885989165e-192,4.9230833320577406e-73,0.0
20.25,-0.009361702,3.193776080241674e-11,3.7303150765942815e-48,1.8040843885283734e-22,3.193776080223633e-11,6.105965690981321e-193,3.351115753853877e-73,0.0
20.266666666666666,-0.009361702,3.128568589086099e-11,3.353484784187156e-48,1.7229070144382203e-22,3.1285685890688696e-11,2.5654339329221044e-193,2.2810074868591646e-73,0.0
20.28333333333333,-0.009361702,3.064691912013696e-11,3.01471258315072e-48,1.6453814526889562e-22,3.0646919119972425e-11,1.0778399404067158e-193,1.552562489833642e-73,0.0
20.3,-0.009361702,3.002118900379921e-11,2.710155676453442e-48,1.5713434655284387e-22,3.002118900364208e-11,4.528295097280991e-194,1.056711960890806e-73,0.0
20.316666666666663,-0.009361702,2.940822959108994e-11,2.4363591899749942e-48,1.5006361997564898e-22,2.9408229590939875e-11,1.9024017055830714e-194,7.191994889210549e-74,0.0
20.33333333333333,-0.009361702,2.8807780354122877e-11,2.1902170218354172e-48,1.433109854786574e-22,2.8807780353979564e-11,7.992025056197402e-195,4.894714749037354e-74,0.0
20.35,-0.009361702,2.8219586077366914e-11,1.9689366419960724e-48,1.368621365624284e-22,2.821958607723005e-11,3.357365305249185e-195,3.331123482304117e-74,0.0
20.366666666666667,-0.009361702,2.764339674938058e-11,1.7700074436525057e-48,1.3070341000921263e-22,2.7643396749249875e-11,1.4103521247711205e-195,2.2669370509033065e-74,0.0
20.383333333333333,-0.009361702,2.7078967456749456e-11,1.591172288123832e-48,1.2482175696605091e-22,2.7078967456624636e-11,5.924391634745644e-196,1.5426721163796287e-74,0.0
20.4,-0.009361702,2.652605828018668e-11,1.4304019210807277e-48,1.192047153274017e-22,2.6526058280067474e-11,2.4885550524550197e-196,1.0497679160998645e-74,0.0
20.416666666666668,-0.0140425535,2.5984434192748277e-11,1.2858719704423688e-48,1.138403833588892e-22,2.5984434192634436e-11,1.0452930937692528e-196,7.14329380539406e-75,0.0
20.433333333333334,-0.0140425535,2.5453864960122455e-11,1.1559422654896594e-48,1.087173945064248e-22,2.545386496001374e-11,4.390523341205994e-197,4.860593910726612e-75,0.0
20.45,-0.0140425535,2.4934125042948983e-11,1.0391382430108734e-48,1.0382489333742477e-22,2.493412504284516e-11,1.8440892062883312e-197,3.307240872084038e-75,0.0
20.466666666666665,-0.0140425535,2.442499350112959e-11,9.341342299164304e-49,9.91525125632958e-23,2.442499350103044e-11,7.745242727599685e-198,2.2502358109897036e-75,0.0
20.48333333333333,-0.0140425535,2.3926253900086273e-11,8.397384129982081e-49,9.469035109457407e-23,2.3926253899991584e-11,3.2529370227803467e-198,1.531002885428436e-75,0.0
20.5,-0.0140425535,2.343769421892995e-11,7.548793256057395e-49,9.042895308234351e-23,2.3437694218839522e-11,1.3661671507563848e-198,1.0416212048695381e-75,0.0
20.516666666666666,-0.0140425535,2.295910676049985e-11,6.7859369818302286e-49,8.635928790161504e-23,2.295910676041349e-11,5.737459415751328e-199,7.08646253819069e-76,0.0
20.53333333333333,-0.0140425535,2.2490288063234584e-11,6.1001553504851085e-49,8.247273103432869e-23,2.249028806315211e-11,2.409478543672804e-199,4.820977583313229e-76,0.0
20.55,-0.0140425535,2.2031038814839277e-11,5.4836629368445555e-49,7.876104581158425e-23,2.2031038814760517e-11,1.0118454720159435e-199,3.279644081830901e-76,0.0
20.566666666666663,-0.0140425535,2.1581163767711775e-11,4.9294605528299116e-49,7.521636597647043e-23,2.158116376763656e-11,4.249061900815214e-200,2.2310245933902164e-76,0.0
20.58333333333333,-0.0140425535,2.114047165608993e-11,4.431255865205231e-49,7.183117903062743e-23,2.1140471656018098e-11,1.7842664230892374e-200,1.517637650811519e-76,0.0
20.6,-0.0140425535,2.0708775114888882e-11,3.983392026232226e-49,6.859831032933822e-23,2.0708775114820284e-11,7.492282948810484e-201,1.0323286287215825e-76,0.0
20.616666666666667,-0.0140425535,2.028589060019104e-11,3.58078350860274e-49,6.551090789149958e-23,2.028589060012553e-11,3.145983953938783e-201,7.021890406748148e-77,0.0
20.633333333333333,-0.0140425535,1.9871638311354777e-11,3.2188584175950588e-49,6.256242789234944e-23,1.9871638311292215e-11,1.3209511099710188e-201,4.776132546116937e-77,0.0
20.65,-0.0140425535,1.9465842114711817e-11,2.8935066267638153e-49,5.97466208082877e-23,1.946584211465207e-11,5.546320161233309e-202,3.2485158800041914e-77,0.0
20.666666666666668,-0.0140425535,1.9068329468817495e-11,2.6010331494211383e-49,5.705751818447174e-23,1.906832946876044e-11,2.3286870057388154e-202,2.209428583895949e-77,0.0
20.683333333333334,-0.0140425535,1.867893135122522e-11,2.3381162174747018e-49,5.448941999720835e-23,1.867893135117073e-11,9.776993774691874e-203,1.5026621391013397e-77,0.0
20.7,-0.0140425535,1.8297482186751644e-11,2.1017695925073193e-49,5.203688258440789e-23,1.8297482186699606e-11,4.1047587185183715e-203,1.021948880394627e-77,0.0
20.716666666666665,-0.0140425535,1.7923819777204136e-11,1.8893086819248946e-49,4.96947071185838e-23,1.792381977715444e-11,1.723288727930155e-203,6.949979168170884e-78,0.0
20.73333333333333,-0.0140425535,1.755778523253964e-11,1.6983200761049844e-49,4.74579285980059e-23,1.755778523249218e-11,7.234634913952748e-204,4.726333749789298e-78,0.0
20.75,-0.0140425535,1.719922290342603e-11,1.5266341612349575e-49,4.5321805332728215e-23,1.719922290338071e-11,3.0371300791488763e-204,3.214044397270373e-78,0.0
20.766666666666666,-0.0140425535,1.6847980315178117e-11,1.3723004973759768e-49,4.328180890324985e-23,1.6847980315134836e-11,1.2749654244382862e-204,2.18557648284576e-78,0.0
20.78333333333333,-0.0140425535,1.650390810303844e-11,1.2335656826187627e-49,4.1333614570565695e-23,1.6503908102997107e-11,5.35206899949784e-205,1.4861643774338612e-78,0.0
20.8,-0.0140425535,1.6166859948777908e-11,1.1088534523694412e-49,3.9473092117328475e-23,1.6166859948738436e-11,2.24663915004145e-205,1.0105421564553184e-78,0.0
20.816666666666663,-0.0140425535,1.5836692518587886e-11,9.967467881292636e-50,3.769629710074318e-23,1.583669251855019e-11,9.43046927118346e-206,6.871140395174268e-79,0.0
20.83333333333333,-0.0140425535,1.551326540223711e-11,8.959718329057047e-50,3.5999462498683544e-23,1.5513265402201113e-11,3.9584183271915886e-206,4.671862541475118e-79,0.0
20.85,-0.0140425535,1.5196441053469188e-11,8.053834308664979e-50,3.4378990731371755e-23,1.5196441053434808e-11,1.6614929995633508e-206,3.176421925472569e-79,0.0
20.866666666666667,-0.0140425535,1.4886084731614605e-11,7.239521272570656e-50,3.2831446041732743e-23,1.4886084731581773e-11,6.973709065133416e-207,2.159599692521743e-79,0.0
20.883333333333333,-0.0140425535,1.4582064444391112e-11,6.507524811521536e-50,3.13535472183008e-23,1.458206444435976e-11,2.9269658560502243e-207,1.4682341438029824e-79,0.0
20.9,-0.0140425535,1.4284250891871263e-11,5.849525584945972e-50,2.994216064529135e-23,1.4284250891841322e-11,1.2284572518098042e-207,9.981697855005676e-80,0.0
20.916666666666668,-0.0140425535,1.3992517411590714e-11,5.258044862521598e-50,2.85942936651272e-23,1.399251741156212e-11,5.155740384579501e-208,6.785792961808924e-80,0.0
20.933333333333334,-0.0140425535,1.3706739924775782e-11,4.726359605532255e-50,2.730708823937888e-23,1.3706739924748475e-11,2.163767889095683e-208,4.6130049648211e-80,0.0
20.95,-0.0140425535,1.34267968836657e-11,4.248426124770094e-50,2.6077814894701053e-23,1.3426796883639623e-11,9.080692720151056e-209,3.135843768396778e-80,0.0
20.966666666666665,-0.0140425535,1.3152569219909322e-11,3.8188114489766143e-50,2.4903866940964017e-23,1.3152569219884418e-11,3.8107986641996866e-209,2.1316315403730468e-80,0.0
20.98333333333333,-0.0140425535,1.2883940294012862e-11,3.43263162523972e-50,2.378275494933718e-23,1.2883940293989079e-11,1.5991963242802637e-209,1.448962442116767e-80,0.0
21.0,-0.0140425535,1.2620795845817873e-11,3.085496251363769e-50,2.271210147864576e-23,1.2620795845795161e-11,6.710831798477433e-210,9.848938734593245e-81,0.0
21.016666666666666,-0.0140425535,1.2363023945988543e-11,2.7734586108976075e-50,2.1689636038839982e-23,1.2363023945966854e-11,2.816046064368941e-210,6.694360647223384e-81,0.0
21.03333333333333,-0.0140425535,1.2110514948487394e-11,2.4929708450373055e-50,2.071319028091481e-23,1.2110514948466681e-11,1.1816586088696379e-210,4.550050141414609e-81,0.0
21.05,-0.0140425535,1.1863161444019406e-11,2.2408436527467603e-50,1.9780693403108216e-23,1.1863161443999625e-11,4.958304535124055e-211,3.092507148679037e-81,0.0
21.066666666666663,-0.0140425535,1.1620858214425423e-11,2.0142100617906493e-50,1.889016776365018e-23,1.1620858214406533e-11,2.08047889124814e-211,2.101806540921397e-81,0.0
21.08333333333333,-0.0140425535,1.1383502188004107e-11,1.8104928595492798e-50,1.8039724690779585e-23,1.1383502187986067e-11,8.729360113642735e-212,1.4284410038951183e-81,0.0
21.1,-0.0140425535,1.1150992395745208e-11,1.627375313995315e-50,1.722756048116327e-23,1.1150992395727981e-11,3.6626086990535393e-212,9.707769672361211e-82,0.0
21.116666666666667,-0.0140425535,1.0923229928454767e-11,1.4627748525342207e-50,1.6451952578247208e-23,1.0923229928438316e-11,1.5366950365925892e-212,6.597269865607287e-82,0.0
21.133333333333333,-0.0140425535,1.0700117894753115e-11,1.314819399961943e-50,1.5711255922446646e-23,1.0700117894737404e-11,6.4472415902717e-213,4.4832887389970156e-82,0.0
21.15,-0.0140425535,1.0481561379930082e-11,1.1818261069629986e-50,1.500389946545912e-23,1.0481561379915078e-11,2.7048882439461107e-213,3.0466101743681556e-82,0.0
21.166666666666668,-0.0140425535,1.0267467405638077e-11,1.0622822276897749e-50,1.4328382841315756e-23,1.0267467405623748e-11,1.1347857427438388e-213,2.070259698656028e-82,0.0
21.183333333333334,-0.0140425535,1.0057744890406982e-11,9.548279293488353e-51,1.3683273187126536e-23,1.0057744890393298e-11,4.760664907510328e-214,1.4067618181179834e-82,0.0
21.2,-0.0140425535,9.852304610963372e-12,8.582408386406223e-51,1.3067202106790637e-23,9.852304610950305e-12,1.997149567131235e-214,9.558817376789183e-83,0.0
21.216666666666665,-0.0140425535,9.651059164338631e-12,7.714221496070411e-51,1.2478862771243754e-23,9.651059164326152e-12,8.3780478681488e-215,6.4949475287636635e-83,0.0
21.23333333333333,-0.0140425535,9.453922930748845e-12,6.933841351600316e-51,1.1917007149105125e-23,9.453922930736928e-12,3.5145068130666904e-215,4.413011530655974e-83,0.0
21.25,-0.0140425535,9.260812037231573e-12,6.232389204927703e-51,1.1380443361861336e-23,9.260812037220193e-12,1.474264073682609e-215,2.998350867864723e-83,0.0
21.266666666666666,-0.0140425535,9.07164432202382e-12,5.601883908973408e-51,1.0868033157987609e-23,9.071644322012951e-12,6.18408643203272e-216,2.0371258536878316e-83,0.0
21.28333333333333,-0.0140425535,8.886339299665702e-12,5.0351511938609864e-51,1.0378689500660252e-23,8.886339299655324e-12,2.593971678691352e-216,1.3840166903734301e-83,0.0
21.3,-0.0140425535,2.1567772509678657e-10,4.525742110902644e-51,9.91137426395233e-24,8.70481812680579e-12,1.0880387297682221e-216,9.402706826161828e-84,2.0697290696997085e-10
21.316666666666663,-0.0140425535,5.140342249183039e-08,4.067859718145874e-51,9.465096032636985e-24,8.52700356875337e-12,4.563656618164946e-217,6.387819046092315e-84,5.139489548826163e-08
21.33333333333333,-0.0140425535,1.1667713219919008e-06,3.6562931748212477e-51,9.038908000936945e-24,8.35281996661163e-12,1.9141284517974937e-217,4.339508048079627e-84,1.1667629691719342e-06
21.35,-0.0140425535,9.946731284608717e-06,3.2863584961436034e-51,8.631905965775502e-24,8.18219320518227e-12,8.028210416692408e-218,2.9479262592338895e-84,9.946723102415511e-06
21.366666666666667,-0.009361702,4.957938094515237e-05,2.9538452955243574e-51,8.243226410277704e-24,8.015050681473404e-12,3.3670998662160806e-218,2.002539071435332e-84,4.957937293010169e-05
21.383333333333333,-0.009361702,0.0001759933468961897,2.6549689092323862e-51,7.872044673462955e-24,7.851321273859176e-12,1.4121566161622954e-218,1.3602968321178852e-84,0.00017599333904486843
21.4,-0.004680851,0.0004942586427966628,2.3863273596522195e-51,7.517573202257077e-24,7.690935311868685e-12,5.922422458223695e-219,9.240058504830694e-85,0.0004942586351057275
21.416666666666668,0.0,0.0011693571572466135,2.1448626682263922e-51,7.179059882118982e-24,7.533824546590175e-12,2.483736877254541e-219,6.276306465297269e-85,0.001169357149712789
21.433333333333334,0.004680851,0.0024269788314457657,1.9278260785602285e-51,6.855786442749878e-24,7.379922121678929e-12,1.0416012811887518e-219,4.2630653309633967e-85,0.0024269788240658435
21.45,0.009361702,0.004542780266723898,1.7327467945689183e-51,6.547066935506556e-24,7.2291625449558e-12,4.368045726971667e-220,2.895531545195107e-85,0.004542780259494735
21.466666666666665,0.018723404,0.007821343914242313,1.5574038784665666e-51,6.252246279296821e-24,7.081481660584963e-12,1.831734945283582e-220,1.9666320771672644e-85,0.007821343907160832
21.48333333333333,0.023404256,0.01256812480497874,1.3998009892794148e-51,5.970698871876548e-24,6.936816621818689e-12,7.681179292580184e-221,1.335692480560669e-85,0.012568124798041922
21.5,0.03276596,0.01905867574105456,1.2581436748299878e-51,5.701827263607295e-24,6.795105864297712e-12,3.220942884700695e-221,9.07148584847088e-86,0.019058675734259452
21.516666666666666,0.042127658,0.027509460427763557,1.1308189591386432e-51,5.445060890867185e-24,6.6562890798961e-12,1.3506039870444503e-221,6.160826755712091e-86,0.027509460421107267
21.53333333333333,0.056170214,0.038053849146431305,1.0163769932632528e-51,5.1998548664307164e-24,6.520307191098866e-12,5.663213647950055e-222,4.1839667737111615e-86,0.038053849139911
21.55,0.07021277,0.050725756790640675,9.135145610368392e-52,4.9656888242575856e-24,6.38710232590234e-12,2.3745855003137016e-222,2.841359314467748e-86,0.050725756784253576
21.566666666666663,0.084255315,0.06545211763393839,8.210602522341114e-52,4.7420658162430255e-24,6.2566177932261376e-12,9.956407345523932e-223,1.9295357357870034e-86,0.06545211762768177
21.58333333333333,0.09829787,0.0820542159183187,7.379611346400917e-52,4.528511258592295e-24,6.128798058826094e-12,4.174529292580047e-223,1.3102925493904812e-86,0.0820542159121899
21.6,0.11234043,0.10025694575738262,6.632707735244636e-52,4.324571925589442e-24,6.003588721698631e-12,1.7502593739756778e-223,8.897592899562598e-87,0.10025694575137903
21.616666666666667,0.13106383,0.11970442251881361,5.961384623327008e-52,4.129814988627875e-24,5.880936490966159e-12,7.338163546113654e-224,6.041790234853676e-87,0.11970442251293267
21.633333333333333,0.14978723,0.13998001657086426,5.357995421677776e-52,3.943827098467e-24,5.7607891632332036e-12,3.076539302236773e-224,4.102491069707468e-87,0.13998001656510348
21.65,0.16851063,0.16062879502145297,4.815667000085155e-52,3.766213508772144e-24,5.6430956004047946e-12,1.2898157807158118e-224,2.785598839577084e-87,0.16062879501580987
21.666666666666668,0.18723404,0.18118048168015008,4.328221467312276e-52,3.596597239080385e-24,5.527805707956729e-12,5.407332481763958e-225,1.891378576872558e-87,0.18118048167462228
21.683333333333334,0.2012766,0.2011713158715754,3.890105860007754e-52,3.434618275419647e-24,5.414870413649106e-12,2.266880684392132e-225,1.284184310310393e-87,0.20117131586616055
21.7,0.22,0.22016354513821765,3.496328940839901e-52,3.279932806886988e-24,5.304241646673467e-12,9.503082096909234e-226,8.718972172555097e-88,0.22016354513291342
21.716666666666665,0.23404256,0.23776167208281432,3.142404387191142e-52,3.132212496570016e-24,5.195872317225474e-12,3.983736110748692e-226,5.919599137681826e-88,0.23776167207761845
21.73333333333333,0.25276595,0.25362495008851943,2.8242997243752232e-52,2.9911437852657824e-24,5.0897162964938655e-12,1.6699633353739779e-226,4.0189112526802996e-88,0.2536249500834297
21.75,0.2668085,0.2674759572908086,2.5383904226413853e-52,2.8564272265228436e-24,4.985728397057431e-12,7.000251336933221e-227,2.728435434695053e-88,0.26747595728582285
21.766666666666666,0.27617022,0.27910535535888054,2.2814186359211208e-52,2.72777685159758e-24,4.8838643536818284e-12,2.9343416889083293e-227,1.852286364628435e-88,0.27910535535399666
21.78333333333333,0.2855319,0.2883731515177945,2.050456113040727e-52,2.6049195629788836e-24,4.7840808045075935e-12,1.229980194055986e-227,1.2574531051113202e-88,0.28837315151301046
21.8,0.29489362,0.2952069285088329,1.842870859558064e-52,2.4875945551972042e-24,4.6863352726220445e-12,5.1555614364171316e-228,8.536202726632515e-89,0.29520692850414654
21.816666666666663,0.29957446,0.2995975929042702,1.6562971710172328e-52,2.3755527616900433e-24,4.59058614800685e-12,2.1609477129532373e-228,5.794646326952331e-89,0.2995975928996796
21.83333333333333,0.3042553,0.30159322577929903,1.488608696750767e-52,2.2685563265521812e-24,4.496792669853475e-12,9.057389085936435e-229,3.9334938339465306e-89,0.30159322577480224
21.85,0.3042553,0.3012916113021403,1.3378942278117894e-52,2.16637810005173e-24,4.404914909239488e-12,3.796228048731355e-229,2.6700498786334406e-89,0.3012916112977354
21.866666666666667,0.29957446,0.29883197883284374,1.2024359335970475e-52,2.068801156842602e-24,4.314913752158094e-12,1.591080289684665e-229,1.8123817120910412e-89,0.2988319788285288
21.883333333333333,0.29489362,0.29438643259247577,1.0806897995624694e-52,1.9756183358525287e-24,4.22675088289333e-12,6.668412548229917e-230,1.2301820878015198e-89,0.29438643258824904
21.9,0.29021275,0.28815146872353853,9.712680434660877e-53,1.8866318008722132e-24,4.140388767734713e-12,2.794752902997324e-230,8.349848442598313e-90,0.2881514687193981
21.916666666666668,0.28085107,0.2803399000054885,8.72923310071821e-53,1.801652620913991e-24,4.055790639023696e-12,1.1712645325903433e-230,5.667314142156696e-90,0.28033990000143266
21.933333333333334,0.27148935,0.271173429447277,7.845344644735902e-53,1.7205003694508703e-24,3.972920479525562e-12,4.908595203724414e-231,3.8464980337311444e-90,0.2711734294433041
21.95,0.26212767,0.2608760397547671,7.0509382238240065e-53,1.6430027416868138e-24,3.891743007119834e-12,2.0570749869720745e-231,2.610617901681357e-90,0.26087603975087537
21.966666666666665,0.2480851,0.24966829917603914,6.336956720613075e-53,1.568995189047054e-24,3.812223659803095e-12,8.62052539100766e-232,1.771783738662765e-90,0.2496682991722269
21.98333333333333,0.23404256,0.23776262717630892,5.695259572867338e-53,1.4983205701139867e-24,3.7343285809973994e-12,3.612501891482845e-232,1.2024519961328505e-90,0.2377626271725746
22.0,0.22468086,0.2253595165241979,5.118530039199754e-53,1.4308288172688005e-24,3.658024605158421e-12,1.5138163629231367e-232,8.160456499145919e-91,0.22535951652053987
22.016666666666666,0.20595744,0.2126446716639869,4.600191845460397e-53,1.3663766183323164e-24,3.5832792436770868e-12,6.343502274751392e-233,5.537973383698233e-91,0.21264467166040363
22.03333333333333,0.19191489,0.19978699613650708,4.1343342630690813e-53,1.3048271125304225e-24,3.510060671068582e-12,2.6581276036676776e-233,3.7581751041946685e-91,0.19978699613299702
22.05,0.17787234,0.1869373433592284,3.715644766513142e-53,1.2460496001396056e-24,3.438337711443109e-12,1.113815865625232e-233,2.5503097346197257e-91,0.18693734335579007
22.066666666666663,0.16382979,0.17422793413285875,3.339348503442644e-53,1.1899192651974073e-24,3.368079825252616e-12,4.667043524318314e-234,1.7306077697921395e-91,0.17422793412949067
22.08333333333333,0.14978723,0.16177233956364123,3.0011538883240373e-53,1.136316910689669e-24,3.2992570963075002e-12,1.9555152492079365e-234,1.1743409516934798e-91,0.16177233956034198
22.1,0.13574468,0.14966592843320706,2.6972037002807294e-53,1.0851287056537926e-24,3.2318402190584394e-12,8.193538432414317e-235,7.968556042738671e-92,0.14966592842997523
22.116666666666667,0.12638298,0.13798668223249053,2.424031128389564e-53,1.0362459436616558e-24,3.1658004861374497e-12,3.4329916193048985e-235,5.4069824282370475e-92,0.13798668222932473
22.133333333333333,0.11234043,0.12679628803521578,2.1785202639956257e-53,9.895648121701328e-25,3.1011097761528795e-12,1.438351327839218e-235,3.6687677413193964e-92,0.12679628803211468
22.15,0.09829787,0.11614142818707711,1.9578705902223092e-53,9.449861722507469e-25,3.0377405417335777e-12,6.026265043472425e-236,2.4892897179312116e-92,0.11614142818403937
22.166666666666668,0.08893617,0.10605519564282029,1.7595650643416234e-53,9.024153482310684e-25,2.975665797816665e-12,2.524774065413234e-236,1.688965077421386e-92,0.10605519563984463
22.183333333333334,0.079574466,0.09655857405639656,1.5813414295612004e-53,8.617619268023034e-25,2.9148591101743375e-12,1.0577618056196247e-236,1.1459242876048435e-92,0.0965585740534817
22.2,0.07021277,0.08766193191866314,1.4211664295443542e-53,8.229395651668777e-25,2.8552945841745234e-12,4.431434532690936e-237,7.77465704436755e-93,0.08766193191580784
22.216666666666665,0.060851064,0.07936648976948918,1.2772126320165434e-53,7.858658078196041e-25,2.7969468537708574e-12,1.8564870188095742e-237,5.2746864705512776e-93,0.07936648976669224
22.23333333333333,0.05148936,0.07166572852344631,1.1478375975142993e-53,7.504619115738498e-25,2.7397910707171655e-12,7.777332120601963e-238,3.578509582425613e-93,0.07166572852070652
22.25,0.04680851,0.06454671507197128,1.0315651560260235e-53,7.166526784617353e-25,2.6838028940019106e-12,3.258071041017314e-238,2.427715968948036e-93,0.06454671506928748
22.266666666666666,0.037446808,0.05799132846823799,9.270685782735364e-54,6.843662961542669e-25,2.6289584794982216e-12,1.36483973090287e-238,1.6469626596374228e-93,0.05799132846560903
22.28333333333333,0.03276596,0.05197737613371633,8.331554499505593e-54,6.535341855628384e-25,2.575234469824824e-12,5.717339634068904e-239,1.1172744027404652e-93,0.0519773761311411
22.3,0.028085107,0.04647959466418083,7.487540766254154e-54,6.240908552992191e-25,2.5226079844139514e-12,2.3949562386999147e-239,7.579249335695762e-94,0.04647959466165822
22.316666666666663,0.023404256,0.041470534008296256,6.729012644419063e-54,5.95973762685352e-25,2.471056609781785e-12,1.0032113885603487e-239,5.141416886709404e-94,0.0414705340058252
22.33333333333333,0.018723404,0.03692132711793833,6.047313374176427e-54,5.691231810181714e-25,2.4205583899972322e-12,4.20221851640282e-240,3.487624785717186e-94,0.03692132711551777
22.35,0.0140425535,0.032802349714409214,5.434662662212732e-54,5.434820728082176e-25,2.371091817345254e-12,1.760176195652916e-240,2.3657401044663116e-94,0.032802349712038124
22.366666666666667,0.009361702,0.029083776673925095,4.884067959659794e-54,5.189959687231179e-25,2.3226358231806242e-12,7.372673699618073e-241,1.6047030578136487e-94,0.02908377667160246
22.383333333333333,0.009361702,0.025736042806344055,4.389244719339823e-54,4.956128519792085e-25,2.275169768968047e-12,3.088056711683978e-241,1.0884606412839429e-94,0.025736042804068885
22.4,0.004680851,0.022730216577338504,3.9445447237343106e-54,4.732830479363001e-25,2.228673437505272e-12,1.2934121357118248e-241,7.38280181646501e-95,0.022730216575109832
22.416666666666668,0.004680851,0.020038295694789827,3.54489166699951e-54,4.519591186613692e-25,2.183127024325093e-12,5.417264375369829e-242,5.0074907129612483e-95,0.0200382956926067
22.433333333333334,0.0,0.01763343352657502,3.1857232569840796e-54,4.315957622376419e-25,2.1385111292728214e-12,2.268896005079172e-242,3.3963276880045567e-95,0.01763343352443651
22.45,0.0,0.015490105111642918,2.8629391774601303e-54,4.1214971660545824e-25,2.0948067482554145e-12,9.502560337386454e-243,2.303507016164289e-95,0.01549010510954811
22.466666666666665,0.0,0.013584221133029015,2.5728543175392138e-54,3.935796677311427e-25,2.0519952651590535e-12,3.9797719992302437e-243,1.5622842094182687e-95,0.01358422113097702
22.48333333333333,0.0,0.011893197694631968,2.3121567352388964e-54,3.7584616190898884e-25,2.0100584439315105e-12,1.6667377967502408e-243,1.0595491963726259e-95,0.011893197692621909
22.5,-0.004680851,0.01039598912897109,2.0778698761024544e-54,3.5891152201046867e-25,1.968978420826023e-12,6.980201128630815e-244,7.185761824495513e-96,0.010395989127002112
22.516666666666666,-0.004680851,0.009073090398298041,1.8673186162455425e-54,3.4273976750302832e-25,1.928737696803456e-12,2.9232110693444576e-244,4.87321023440011e-96,0.009073090396369303
22.53333333333333,-0.004680851,0.007906514966531226,1.6780987427773072e-54,3.272965380687805e-25,1.889319130089305e-12,1.2241764554538262e-244,3.3048225365218994e-96,0.007906514964641908
22.55,-0.009361702,0.006879753338120691,1.508049523708937e-54,3.125490206612089e-25,1.850705928882666e-12,5.126482803631508e-245,2.241154696024312e-96,0.006879753336269985
22.566666666666663,-0.009361702,0.005977716799956123,1.3552290546608595e-54,2.9846587984508043e-25,1.8128816442139019e-12,2.1467755791578492e-245,1.5197993345622557e-96,0.005977716798143242
22.58333333333333,-0.009361702,0.005186670276788253,1.2178921013246087e-54,2.8501719127184644e-25,1.7758301629479272e-12,8.989705630706517e-246,1.030603036503314e-96,0.0051866702750124226
22.6,-0.009361702,0.0044941576282019925,1.0944701850715417e-54,2.721743781494743e-25,1.7395357009303334e-12,3.764402065475578e-246,6.988554659258066e-97,0.004494157626462457
22.616666666666667,-0.009361702,0.003888922181416535,9.8355368466616e-55,2.5991015057189996e-25,1.7039827962733237e-12,1.5762977902029883e-246,4.738862677192309e-97,0.003888922179712552
22.633333333333333,-0.0140425535,0.0033608248119129415,8.838757500141126e-55,2.481984475794066e-25,1.6691563027784736e-12,6.600430857467107e-247,3.2133032905859363e-97,0.0033608248102437854
22.65,-0.0140425535,0.002900761453742645,7.942978445308543e-55,2.3701438182710158e-25,1.6350413834938412e-12,2.76374573072295e-247,2.1788141088515615e-97,0.0029007614521076035
22.666666666666668,-0.0140425535,0.0025005815423713735,7.137967512746442e-55,2.2633418674405253e-25,1.601623504402423e-12,1.1572193494155098e-247,1.4773368542978898e-97,0.00250058154076975
22.683333333333334,-0.0140425535,0.0021530085629363933,6.4145289467459184e-55,2.1613516607101196e-25,1.5688884282394074e-12,4.845349578410014e-248,1.0016818533411627e-97,0.002153008561367505
22.7,-0.0140425535,0.0018515635928262235,5.7643984467809135e-55,2.0639564566969584e-25,1.5368222084355065e-12,2.0287400140025325e-248,6.791583249677182e-98,0.0018515635912894014
22.716666666666665,-0.0140425535,0.0015904924860206831,5.1801488362188176e-55,1.9709492750136918e-25,1.5054111831839303e-12,8.494142618698757e-249,4.6047199980103165e-98,0.0015904924845152719
22.73333333333333,-0.0140425535,0.0013646971438120976,4.655105282441721e-55,1.8821324567712551e-25,1.4746419696283174e-12,3.5563508500841426e-249,3.1219534887462e-98,0.0013646971423374556
22.75,-0.0140425535,0.0011696711484305118,4.1832691014507546e-55,1.7973172448661293e-25,1.4445014581692963e-12,1.4889549953402886e-249,2.1166091089044304e-98,0.0011696711469860103
22.766666666666666,-0.0140425535,0.001001439898787178,3.759249277885117e-55,1.7163233831615901e-25,1.4149768068872022e-12,6.233765865690216e-250,1.4349803386306081e-98,0.001001439897372201
22.78333333333333,-0.0140425535,0.0008565052772418819,3.378200919355207e-55,1.638978733712724e-25,1.3860554360785306e-12,2.6098248915776108e-250,9.728420295380186e-99,0.0008565052758558265
22.8,-0.0140425535,0.0007317947894068274,3.0357699430548596e-55,1.5651189112229683e-25,1.357725022903901e-12,1.0926076609225027e-250,6.5952279566667e-99,0.0007317947880491023
22.816666666666663,-0.0140425535,0.0006246150521848875,2.7280433636714375e-55,1.4945869339568947e-25,1.3299734961452423e-12,4.5741365619401396e-251,4.471038764162837e-99,0.000624615050854914
22.83333333333333,-0.0140425535,0.0005326094554583303,2.451504615490777e-55,1.4272328903680645e-25,1.3027890310698277e-12,1.9148997708316835e-251,3.0309461769859305e-99,0.0005326094541555413
22.85,-0.0140425535,0.0004537197873432045,2.202993398992954e-55,1.3629136207352718e-25,1.2761600443992307e-12,8.016319647958109e-252,2.054656397618236e-99,0.00045371978606704446
22.866666666666667,-0.0140425535,0.0003861515892472551,1.9796695938370795e-55,1.30149241313128e-25,1.2500751893808794e-12,3.35580012684751e-252,1.3928084821789743e-99,0.0003861515879971799
22.883333333333333,-0.0140425535,0.0003283429929580577,1.7789808265016517e-55,1.2428387130788053e-25,1.2245233509601023e-12,1.4047830208681923e-252,9.441366251516852e-100,0.00032834299173353435
22.9,-0.0140425535,0.0002789367857548199,1.5986333225326995e-55,1.1868278462782228e-25,1.1994936410507883e-12,5.880503848060089e-253,6.399846500804567e-100,0.0002789367845553263
22.916666666666668,-0.0140425535,0.00023675544945412892,1.4365657108111659e-55,1.1333407538180669e-25,1.1749753939024483e-12,2.4615687830043808e-253,4.33806011789303e-100,0.00023675544827915352
22.933333333333334,-0.0140425535,0.00020077892398067407,1.2909254809210004e-55,1.0822637393069034e-25,1.150958161561877e-12,1.0303898764727328e-253,2.9404438935197506e-100,0.00020077892282971592
22.95,-0.0140425535,0.00017012485432192596,1.1600478249639554e-55,1.0334882273895765e-25,1.1274317094273511e-12,4.313038977914323e-254,1.9930655193791802e-100,0.00017012485319449426
22.966666666666665,-0.0140425535,0.0001440310906018432,1.042436622363352e-55,9.869105331357616e-26,1.1043860118935864e-12,1.805333318052132e-254,1.3508951054165105e-100,0.0001440310894974572
22.98333333333333,-0.0140425535,0.00012184022368081928,9.36747350647706e-56,9.424316418112318e-26,1.0818112480855288e-12,7.556551524573695e-255,9.156153812602416e-101,0.00012184022259900803
23.0,-0.0140425535,0.00010298595249718347,8.417717271741358e-56,8.999569985644564e-26,1.0596977976792157e-12,3.162875934440999e-255,6.205774005536839e-101,0.00010298595143748567
23.016666666666666,-0.0140425535,8.69810937770076e-05,7.56423906501089e-56,8.593963075824116e-26,1.0380362368078899e-12,1.3238322160096535e-255,4.2060098183010465e-101,8.698109273897137e-05
23.03333333333333,-0.0140425535,7.340705933293234e-05,6.7972807586603545e-56,8.206633402890598e-26,1.0168173340516506e-12,5.540845442500155e-256,2.850598705741303e-101,7.3407058316115e-05
23.05,-0.018723404,6.190464062281567e-05,6.10807307177373e-56,7.836757521797346e-26,9.960320465089465e-13,2.3190571405746896e-256,1.9319388923212873e-101,6.190463962678362e-05
23.066666666666663,-0.018723404,5.216595429743366e-05,5.488735382655677e-56,7.483549079025612e-26,9.756715159482408e-13,9.705975881718969e-257,1.309309179431122e-101,5.216595332176214e-05
23.08333333333333,-0.018723404,4.392741595226424e-05,4.932185690238793e-56,7.146257142155475e-26,9.557270650381503e-13,4.0621815754418554e-257,8.873247393656138e-102,4.392741499653717e-05
23.1,-0.018723404,3.696362208452329e-05,4.4320596965080965e-56,6.824164604650855e-26,9.361901936545719e-13,1.7000897288486785e-257,6.013323146389772e-102,3.69636211483331e-05
23.116666666666667,-0.018723404,3.108203226003874e-05,3.9826380861399224e-56,6.516586662471207e-26,9.17052575263161e-13,7.11503045899089e-258,4.075098354407524e-102,3.108203134298617e-05
23.133333333333333,-0.018723404,2.6118354668362956e-05,3.578781173104426e-56,6.22286935927507e-26,8.983060533755521e-13,2.9776531872785086e-258,2.761552294903319e-102,2.6118353770056902e-05
23.15,-0.018723404,2.193254856925823e-05,3.2158701680567324e-56,5.94238819713108e-26,8.799426380779859e-13,1.2461316126685463e-258,1.871371871155329e-102,2.1932547689315594e-05
23.166666666666668,-0.018723404,1.84053666117368e-05,2.889754395904438e-56,5.67454680978451e-26,8.619545026307224e-13,5.214902409506652e-259,1.2681148721699467e-102,1.8405365749782295e-05
23.183333333333334,-0.0140425535,1.543536865742595e-05,2.596703860850323e-56,5.418775695664859e-26,8.443339801368852e-13,2.182332648564845e-259,8.593078752056768e-103,1.543536781309197e-05
23.2,-0.0140425535,1.2936346593982143e-05,2.3333666172504465e-56,5.1745310079438e-26,8.270735602792236e-13,9.132469438311313e-260,5.822784396784835e-103,1.2936345766908584e-05
23.216666666666665,-0.0140425535,1.083510672138847e-05,2.096730459478716e-56,4.9412933990762163e-26,8.101658861235285e-13,3.821624733372065e-260,3.9455211229845643e-103,1.0835105911222584e-05
23.23333333333333,-0.0140425535,9.069562679365286e-06,1.8840884932963188e-56,4.718566917371037e-26,7.93603750987248e-13,1.5991912504899076e-260,2.6734360842114147e-103,9.069561885761535e-06
23.25,-0.0140425535,7.5870976064990224e-06,1.6930081955293854e-56,4.5058779532493723e-26,7.773800953720098e-13,6.691836878666381e-261,1.8114528390801257e-103,7.587096829118927e-06
23.266666666666666,-0.0140425535,6.343159331070643e-06,1.521303608685876e-56,4.302774232953486e-26,7.614880039587678e-13,2.80016022524033e-261,1.2273716141701677e-103,6.343158569582639e-06
23.28333333333333,-0.0140425535,5.3000569401491154e-06,1.3670103529286124e-56,4.1088238575694946e-26,7.459207026642145e-13,1.1716908395877032e-261,8.316047456191342e-104,5.300056194228413e-06
23.3,-0.0140425535,4.425931106527639e-06,1.2283631699915033e-56,3.923614385324509e-26,7.306715557573202e-13,4.902705684281111e-262,5.634426361255388e-104,4.4259303758560835e-06
23.316666666666663,-0.0140425535,3.693874119934389e-06,1.1037757425326937e-56,3.746751955209908e-26,7.157340630347051e-13,2.0514043267168327e-262,3.8174586648996917e-104,3.693873404200326e-06
23.33333333333333,-0.0140425535,3.081178714815773e-06,9.918225583994954e-57,3.577860450068945e-26,7.011018570536216e-13,8.58340071262061e-263,2.5863714060812392e-104,3.0811780137139162e-06
23.35,-0.0140425535,2.5686975543179345e-06,8.91222612631791e-57,3.4165806973739614e-26,6.86768700421453e-13,3.59137044933883e-263,1.7522633259083372e-104,2.568696867549234e-06
23.366666666666667,-0.0140425535,2.1402976584228573e-06,8.008247610142447e-57,3.262569705994432e-26,6.72728483140526e-13,1.502635822333984e-263,1.1871341818249926e-104,2.1402969856943744e-06
23.383333333333333,-0.0140425535,1.7823961901274611e-06,7.195945578485625e-57,3.115499937335947e-26,6.589752200070552e-13,6.286950013286198e-264,8.042521471388812e-105,1.7823955311522411e-06
23.4,-0.018723404,1.4835658706234035e-06,6.46602427567734e-57,2.9750586093034163e-26,6.455030480632418e-13,2.63038326294103e-264,5.44849618711404e-105,1.4835652251203554e-06
23.416666666666668,-0.018723404,1.2341999132369896e-06,5.81013035045908e-57,2.840947031609343e-26,6.323062241013348e-13,1.100501992262359e-264,3.691076953905272e-105,1.2341992809307654e-06
23.433333333333334,-0.0140425535,1.0262277741947e-06,5.220757331498311e-57,2.712879971016952e-26,6.193791222186476e-13,4.604213234507605e-265,2.5004697044513737e-105,1.0262271548155778e-06
23.45,-0.0140425535,8.528742411118814e-07,4.69115978380183e-57,2.5905850451693276e-26,6.067162314224637e-13,1.9262508318368098e-265,1.693878149614064e-105,8.528736343956499e-07
23.466666666666665,-0.0140425535,7.084554399657922e-07,4.2152761651003084e-57,2.4738021437183662e-26,5.94312153283827e-13,8.058664653354286e-266,1.1474527963000893e-105,7.084548456536389e-07
23.48333333333333,-0.018723404,5.88206258321585e-07,3.787659500642348e-57,2.362282875523806e-26,5.821615996392271e-13,3.371368166338804e-266,7.77283785037494e-106,5.882056761599853e-07
23.5,-0.018723404,4.881344746674108e-07,3.403415084156597e-57,2.2557900407484262e-26,5.70259390339183e-13,1.4103995230918971e-266,5.265220045884273e-106,4.881339044080204e-07
23.516666666666666,-0.018723404,4.0489756680061056e-07,3.058144492997735e-57,2.154097126728907e-26,5.586004510427901e-13,5.900258172443109e-267,3.566527732003517e-106,4.0489700820015953e-07
23.53333333333333,-0.018723404,3.35698760384945e-07,2.747895277629168e-57,2.056987826551044e-26,5.471798110572617e-13,2.4682707054951115e-267,2.4158327681729915e-106,3.3569821320513396e-07
23.55,-0.018723404,2.7819938450638957e-07,2.4691157504249912e-57,1.9642555793076876e-26,5.359926012215827e-13,1.0325414449919898e-267,1.6363655786110089e-106,2.7819884851378837e-07
23.566666666666663,-0.018723404,2.304450352332682e-07,2.2186143570278567e-57,1.8757031310627515e-26,5.250340518333699e-13,4.3193176676954535e-268,1.1083732362723132e-106,2.3044451019921637e-07
23.58333333333333,-0.0140425535,1.908034204416016e-07,1.993523165864714e-57,1.7911421155886022e-26,5.142994906180014e-13,1.806823651137765e-268,7.507303515877865e-107,1.90802906142111e-07
23.6,-0.018723404,1.579120779060291e-07,1.791265058471126e-57,1.7103926539871325e-26,5.037843407392516e-13,7.558043283026226e-269,5.084803676162061e-107,1.5791157412168836e-07
23.616666666666667,-0.018723404,1.3063443122245645e-07,1.609524245567861e-57,1.6332829723436993e-26,4.934841188505112e-13,3.1615203977294615e-269,3.4439488857255666e-107,1.306339377383376e-07
23.633333333333333,-0.018723404,1.0802288092221201e-07,1.4462197718309187e-57,1.559649036601798e-26,4.833944331857615e-13,1.3224389312404574e-269,2.332552991651291e-107,1.0802239752777881e-07
23.65,-0.018723404,8.928782672275744e-08,1.2994817064566482e-57,1.4893342038834407e-26,4.735109816895552e-13,5.531568649536681e-270,1.579787512176843e-107,8.928735321177575e-08
23.666666666666668,-0.018723404,7.377168606628616e-08,1.1676297473112276e-57,1.422188889514351e-26,4.638295501851328e-13,2.313737303568744e-270,1.0699369627456962e-107,7.377122223673597e-08
23.683333333333334,-0.018723404,6.092711810983908e-08,1.0491539940401824e-57,1.358070249046916e-26,4.543460105799591e-13,9.67771593886666e-271,7.246196123583021e-108,6.09266637638285e-08
23.7,-0.018723404,5.0298784765054064e-08,9.426976703031659e-58,1.2968418746052416e-26,4.4505631910786413e-13,4.0478535421456836e-271,4.907432979902213e-108,5.029833970873496e-08
23.716666666666665,-0.018723404,4.15080843656823e-08,8.470415975748912e-58,1.2383735049077835e-26,4.3595651460708347e-13,1.693050168465991e-271,3.323464857935851e-108,4.150764840916769e-08
23.73333333333333,-0.018723404,3.424038175658655e-08,7.610902429756297e-58,1.1825407483511739e-26,4.270427168334388e-13,7.081218556383222e-272,2.2507136590907563e-108,3.423995471386972e-08
23.75,-0.018723404,2.8234333364602632e-08,6.838591815846395e-58,1.1292248185673382e-26,4.1831112480795844e-13,2.961688118933732e-272,1.5241996765512594e-108,2.8233915053477825e-08
23.766666666666666,-0.018723404,2.3272969117736858e-08,6.144638298608082e-58,1.0783122818921121e-26,4.097580151982196e-13,1.238693385589403e-272,1.0321812542747734e-108,2.327255935972166e-08
23.78333333333333,-0.018723404,1.917624663070597e-08,5.52109321323014e-58,1.0296948162087424e-26,4.0137974073273296e-13,5.180617198618857e-273,6.989764994150665e-109,1.9175845250965234e-08
23.8,-0.018723404,1.5794838333085527e-08,4.9608140870374386e-58,9.832689806543466e-27,3.931727286477005e-13,2.16666812589516e-273,4.733274664514065e-109,1.5794445160356878e-08
23.816666666666663,-0.018723404,1.3004950431148132e-08,4.457382885219026e-58,9.389359956998135e-27,3.851334791654819e-13,9.061425218995939e-274,3.205187090000456e-109,1.3004565297668965e-08
23.83333333333333,-0.018723404,1.0704004833867457e-08,4.0050325456866285e-58,8.96601533136062e-27,3.772585640041032e-13,3.7896043450302945e-274,2.170389248862219e-109,1.0703627575303452e-08
23.85,-0.018723404,8.807042348617545e-09,3.5985809627616104e-58,8.561755155206364e-27,3.6954462491721293e-13,1.5848365884823705e-274,1.4696518343642073e-109,8.806672803992628e-09
23.866666666666667,-0.023404256,7.243728339194734e-09,3.23337166456745e-58,8.175719246584059e-27,3.6198837226384524e-13,6.627784612999894e-275,9.951393510088122e-110,7.24336635082247e-09
23.883333333333333,-0.023404256,5.955861298974796e-09,2.905220505533224e-58,7.807086187094776e-27,3.5458658360734666e-13,2.771695900887476e-275,6.73823210358296e-110,5.955506712391188e-09
23.9,-0.023404256,4.895300987128836e-09,2.6103677642035657e-58,7.455071575359944e-27,3.47336102342944e-13,1.159087135822421e-275,4.562476923544987e-110,4.8949536510264925e-09
23.916666666666668,-0.023404256,4.022246383060801e-09,2.34543509835726e-58,7.118926359165502e-27,3.4023383635330644e-13,4.847077042686561e-276,3.089214489453912e-110,4.021906149224448e-09
23.933333333333334,-0.023404256,3.3038051385370586e-09,2.1073868649832622e-58,6.797935242739257e-27,3.332767566915705e-13,2.0269223323404276e-276,2.0916457547042935e-110,3.303471861780367e-09
23.95,-0.023404256,2.7128057913918715e-09,1.893495362584136e-58,6.491415165777956e-27,3.264618962912267e-13,8.475935789971339e-277,1.4161880051704725e-110,2.71247932949558e-09
23.966666666666665,-0.023404256,2.22681203975272e-09,1.701309598130879e-58,6.1987138509919645e-27,3.1978634870236693e-13,3.544309109530654e-277,9.588406060615276e-111,2.2264922534040175e-09
23.98333333333333,-0.023404256,1.8273051071036816e-09,1.5286272213094768e-58,5.9192084170820306e-27,3.132472668537201e-13,1.4820707074009862e-277,6.491793121864565e-111,1.8269918598368278e-09
24.0,-0.023404256,1.4990058638331518e-09,1.3734693049220207e-58,5.652304054200802e-27,3.0684186183996137e-13,6.19725937785436e-278,4.395170149128974e-111,1.4986990219713118e-09
24.016666666666666,-0.023404256,1.229313085452919e-09,1.2340576828636295e-58,5.397432759084529e-27,3.005674017337896e-13,2.5913367665011693e-278,2.9756339185623107e-111,1.2290125180511852e-09
24.03333333333333,-0.023404256,1.007838169269672e-09,1.1087945863478194e-58,5.1540521271677804e-27,2.9442121042223526e-13,1.0835313754105254e-278,2.014541020661407e-111,1.0075437480592496e-09
24.05,-0.028085107,8.260199245256577e-10,9.962443453459874e-59,4.921644199114076e-27,2.884006664667467e-13,4.5305673826492265e-279,1.363846695001334e-111,8.257315238591909e-10
24.066666666666663,-0.028085107,6.768058007956421e-10,8.951169458300375e-59,4.699714359312321e-27,2.825032019865442e-13,1.8943367350784578e-279,9.233106427949295e-112,6.765232975936556e-10
24.08333333333333,-0.028085107,5.543882139925364e-10,8.042532546374218e-59,4.4877902839967374e-27,2.7672630156475845e-13,7.920548724421755e-280,6.2506184903496615e-112,5.541114876909716e-10
24.1,-0.028085107,4.539865428798651e-10,7.226117428576508e-59,4.2854209367571205e-27,2.710675011769187e-13,3.311668650796992e-280,4.231467669808561e-112,4.537154753786882e-10
24.116666666666667,-0.028085107,3.716669638261443e-10,6.492565557823649e-59,4.092175609303574e-27,2.65524387141317e-13,1.3846245221185223e-280,2.864520699469164e-112,3.71401439439003e-10
24.133333333333333,-0.028085107,3.041936199709369e-10,5.833467928682929e-59,3.90764300544684e-27,2.6009459509077983e-13,5.78909547692363e-281,1.9391250868450337e-112,3.0393352537584615e-10
24.15,-0.028085107,2.489057268657957e-10,5.241268750077583e-59,3.731430366349335e-27,2.547758089654598e-13,2.4203767569118942e-281,1.312661132979049e-112,2.486509510568302e-10
24.166666666666668,-0.028085107,2.0361613676385982e-10,4.709178888414264e-59,3.563162635186045e-27,2.495657600261773e-13,1.0119261516023401e-281,8.885715167002588e-113,2.0336657100383363e-10
24.183333333333334,-0.028085107,1.665276488492767e-10,4.231098090295302e-59,3.402481659441495e-27,2.444622258879122e-13,4.230661385765233e-282,6.014854529034176e-113,1.6628318662338878e-10
24.2,-0.028085107,1.361639885813001e-10,3.801545094433287e-59,3.2490454291461826e-27,2.3946302957302576e-13,1.7687291394049686e-282,4.071466507744814e-113,1.3592452555172707e-10
24.216666666666665,-0.028085107,1.1131290752597093e-10,3.41559483267737e-59,3.102527349434704e-27,2.345660385838121e-13,7.394486638119773e-283,2.7559391319048767e-113,1.110783414873871e-10
24.23333333333333,-0.028085107,9.097929356568772e-11,3.068822001181169e-59,2.962615545878871e-27,2.297691639939914e-13,3.091351407286468e-283,1.8654405433201348e-113,9.074952440169372e-11
24.25,-0.03276596,7.434654525365852e-11,2.7572503556539335e-59,2.8290122011193214e-27,2.2507035955874805e-13,1.292356672425313e-283,1.2626595131653817e-113,7.412147489409978e-11
24.266666666666666,-0.03276596,6.074476586755788e-11,2.4773071501435365e-59,2.7014329213863737e-27,2.204676208429446e-13,5.402690446883946e-284,8.546418806492121e-114,6.052429824671493e-11
24.28333333333333,-0.028085107,4.9624582884814946e-11,2.225782197673523e-59,2.5796061315627367e-27,2.1595898436712857e-13,2.258559199269237e-284,5.78462456545487e-114,4.940862390044781e-11
24.3,-0.028085107,4.053560587900148e-11,1.999791083958382e-59,2.463272497503234e-27,2.115425267709824e-13,9.441621492518189e-285,3.9152481497589175e-114,4.0324063352230497e-11
24.316666666666663,-0.03276596,3.310870749346752e-11,1.7967421129587688e-59,2.352184374383256e-27,2.0721636399385872e-13,3.9468936409085284e-285,2.649943019713964e-114,3.2901491129473656e-11
24.33333333333333,-0.03276596,2.704145423923398e-11,1.614306605755536e-59,2.2461052799029984e-27,2.029786504720302e-13,1.6499014592792753e-285,1.7935228895897954e-114,2.683847558876195e-11
24.35,-0.03276596,2.2086131426907046e-11,1.4503922126111336e-59,2.1448093912286033e-27,1.9882757835235187e-13,6.896906708586243e-286,1.213865239957032e-114,2.188730384855469e-11
24.366666666666667,-0.03276596,1.803990376647077e-11,1.3031189325785929e-59,2.0480810646002895e-27,1.9476137672197022e-13,2.8829988802055586e-286,8.215371523749962e-115,1.7845142389748798e-11
24.383333333333333,-0.028085107,1.4736733537103035e-11,1.1707975660164965e-59,1.9557143765861654e-27,1.9077831085375612e-13,1.2051147135124156e-286,5.560030077550069e-115,1.4545955226249277e-11
24.4,-0.028085107,1.20407446344166e-11,1.0519103532232033e-59,1.8675126860071428e-27,1.868766814671524e-13,5.037396228407261e-287,3.762879327073193e-115,1.1853867952949446e-11
24.416666666666668,-0.03276596,9.840775646762336e-12,9.450935774303374e-60,1.7832882156013005e-27,1.8305482400411243e-13,2.1056086721510877e-287,2.546576202749819e-115,9.657720822758222e-12
24.433333333333334,-0.03276596,8.04591038897723e-12,8.491219328897757e-60,1.702861652538619e-27,1.7931110791982616e-13,8.801223470470337e-288,1.723400897366709e-115,7.866599281057403e-12
24.45,-0.03276596,6.581811684357507e-12,7.628944789965191e-60,1.626061766936484e-27,1.756439359879228e-13,3.6787670754826634e-288,1.1662971754659026e-115,6.4061677483695825e-12
24.466666666666665,-0.03276596,5.387715004432487e-12,6.854220195528925e-60,1.5527250475655665e-27,1.7205174361986827e-13,1.5376426057741169e-288,7.892696831402143e-116,5.215663260812617e-12
24.48333333333333,-0.03276596,4.413963986894379e-12,6.158157625971383e-60,1.482695353971036e-27,1.685329981982562e-13,6.426912735938508e-289,5.341151843471824e-116,4.245430988696121e-12
24.5,-0.03276596,3.6199907954253566e-12,5.532771308853937e-60,1.415823584269926e-27,1.6508619842371698e-13,2.686230669114509e-289,3.6144127990102764e-116,3.4549045970016383e-12
24.516666666666666,-0.03276596,2.9726615396926305e-12,4.9708860629209597e-60,1.3519673579183035e-27,1.6170987367515966e-13,1.1227372182204513e-289,2.4458730909653956e-116,2.8109516660174696e-12
24.53333333333333,-0.028085107,2.444921183652826e-12,4.466055032352016e-60,1.2909907127735574e-27,1.5840258338307833e-13,4.692527941765827e-290,1.6550969744953501e-116,2.2865186002697463e-12
24.55,-0.028085107,2.0146840682824105e-12,4.0124857687298436e-60,1.2327638158081854e-27,1.5516291641565853e-13,1.961234668508071e-290,1.1199698874547748e-116,1.8595211518667507e-12
24.566666666666663,-0.028085107,1.6639258013007417e-12,3.604973813790685e-60,1.1771626868596432e-27,1.5198949047742079e-13,8.196835462852556e-291,7.578489266273715e-117,1.5119363108233197e-12
24.58333333333333,-0.03276596,1.3779401852702418e-12,3.2388430219465233e-60,1.1240689348290283e-27,1.4888095152013687e-13,3.4257593353691435e-291,5.128051091883886e-117,1.2290592337501037e-12
24.6,-0.028085107,1.144731367164136e-12,2.9098919387582996e-60,1.0733695057678761e-27,1.4583597316578516e-13,1.4317311493320246e-291,3.469888136346325e-117,9.988953939983498e-13
24.616666666666667,-0.03276596,9.545167451707308e-13,2.6143456209159464e-60,1.02495644231722e-27,1.4285325614128972e-13,5.983566251035918e-292,2.347859197791931e-117,8.116634890294401e-13
24.633333333333333,-0.03276596,7.993205668923446e-13,2.3488123456062494e-60,9.787266539874091e-28,1.3993152772479073e-13,2.500649106329519e-292,1.5886275280804472e-117,6.593890391675529e-13
24.65,-0.03276596,6.726417660515713e-13,2.1102447131669073e-60,9.345816977905033e-28,1.370695412032379e-13,1.0450557103713325e-292,1.0748938965250672e-117,5.355722248483325e-13
24.666666666666668,-0.03276596,5.69182551562512e-13,1.8959046972508094e-60,8.924275687585432e-28,1.3426607534105193e-13,4.3673719513368463e-293,7.272816071802836e-118,4.349164762214592e-13
24.683333333333334,-0.03276596,4.846266981137074e-13,1.70333224194865e-60,8.52174499902317e-28,1.3151993385964367e-13,1.8251349592963668e-293,4.920770646901315e-118,3.5310676425406294e-13
24.7,-0.03276596,4.1545848576553954e-13,1.5303170459579702e-60,8.137367711853173e-28,1.28829944927553e-13,7.627177736826922e-294,3.329332500375777e-118,2.8662854083798576e-13
24.716666666666665,-0.03276596,3.588148753392709e-13,1.374873210398009e-60,7.770325271066029e-28,1.2619496066100956e-13,3.1873286347797865e-294,2.252551670185252e-118,2.3261991467826056e-13
24.73333333333333,-0.03276596,3.123648506461207e-13,1.2352164596841883e-60,7.419836025047329e-28,1.2361385663468879e-13,1.3319377590105472e-294,1.5240033250617812e-118,1.887509940114312e-13
24.75,-0.028085107,2.7421096060650845e-13,1.1097436743554788e-60,7.085153562122988e-28,1.210855314024597e-13,5.565896685677335e-295,1.0310759213734918e-118,1.5312542920404806e-13
24.766666666666666,-0.03276596,2.428089974144357e-13,9.97014501242758e-61,6.765565122072906e-28,1.1860890602792436e-13,2.3258434968681663e-295,6.975718866046118e-119,1.2420009138651065e-13
24.78333333333333,-0.03276596,2.1690248677510315e-13,8.957348301676759e-61,6.460390079235437e-28,1.1618292362453701e-13,9.718964318742734e-296,4.719336062367941e-119,1.0071956315056547e-13
24.8,-0.028085107,1.9546927220031327e-13,8.047419477536808e-61,6.168978493976159e-28,1.1380654890512326e-13,4.06119323228071e-296,3.192761414148624e-119,8.16627232951894e-14
24.816666666666663,-0.028085107,1.7767797147161682e-13,7.229911981490561e-61,5.890709729441509e-28,1.1147876774059777e-13,1.6969986610575788e-296,2.1599598129559586e-119,6.619920373101846e-14
24.83333333333333,-0.028085107,1.6285248946011799e-13,6.495439977315071e-61,5.62499113065345e-28,1.0919858672768932e-13,7.090935626075937e-297,1.4612298486429446e-119,5.365390273242809e-14
24.85,-0.028085107,1.504431037681325e-13,5.835570663826932e-61,5.371256763138472e-28,1.0696503276550125e-13,2.9629191106094968e-297,9.885191210576607e-120,4.34780710026307e-14
24.866666666666667,-0.028085107,1.4000291146392955e-13,5.242727518633396e-61,5.128966208406712e-28,1.0477715264072022e-13,1.2380274378569218e-297,6.687215288157868e-120,3.522575882320881e-14
24.883333333333333,-0.028085107,1.3116864745716548e-13,4.710103363489873e-61,4.897603413718805e-28,1.0263401262128699e-13,5.172910594759145e-298,4.523756740710162e-120,2.8534634835878e-14
24.9,-0.028085107,1.236450667821951e-13,4.231582254440914e-61,4.676675593696257e-28,1.0053469805837774e-13,2.1613940887285026e-298,3.0601795227018753e-120,2.3110368723816893e-14
24.916666666666668,-0.028085107,1.1719223157678332e-13,3.801669301075151e-61,4.465712181436869e-28,9.84783129965081e-14,9.030819832300988e-299,2.0700856052659378e-120,1.8713918580274777e-14
24.933333333333334,-0.028085107,1.1161516489650386e-13,3.415427610113808e-61,4.2642638269061085e-28,9.646397979160342e-14,3.77324194039162e-299,1.4003076491563332e-120,1.5151185104900005e-14
24.95,-0.028085107,1.0675543263193756e-13,3.0684216302279868e-61,4.071901440472406e-28,9.449083873686772e-14,1.5765075705892459e-299,9.472233333195388e-121,1.226459389506943e-14
24.966666666666665,-0.028085107,1.0248429574541772e-13,2.7566662483552935e-61,3.88821527955345e-28,9.25580476962946e-14,6.586773586306485e-300,6.407300617023711e-121,9.926248049122725e-15
24.98333333333333,-0.028085107,9.869714113167179e-14,2.47658105373039e-61,3.712814076429883e-28,9.06647817456649e-14,2.7519739290443696e-300,4.334027032154844e-121,8.032359386006538e-15
25.0,-0.028085107,9.530895334655194e-14,2.2249492450840585e-61,3.5453242053711007e-28,8.881023282087557e-14,1.1497527104321933e-300,2.931581339455223e-121,6.4987205256760135e-15
25.016666666666666,-0.028085107,9.225063346135609e-14,1.998880709706209e-61,3.385388887302344e-28,8.699360937345338e-14,4.803650304741872e-301,1.9829242074013948e-121,5.257024087902363e-15
