time,signal,fit_total,peak_1,peak_2,peak_3,peak_4,peak_5,peak_6,peak_7
0.0,-0.023404256,0.0,0.0,0.0,0.0,0.0,0.0,0.0,0.0
0.0166666666666666,-0.009361702,0.0,0.0,0.0,0.0,0.0,0.0,0.0,0.0
0.0333333333333333,-0.004680851,0.0,0.0,0.0,0.0,0.0,0.0,0.0,0.0
0.05,0.0,0.0,0.0,0.0,0.0,0.0,0.0,0.0,0.0
0.0666666666666666,0.0,4.957838855685891e-10,4.957838855685891e-10,0.0,0.0,0.0,0.0,0.0,0.0
0.0833333333333333,0.0,5.740483966429559e-10,5.740483966429559e-10,0.0,0.0,0.0,0.0,0.0,0.0
0.1,0.0,5.756191600369938e-10,5.756191600369938e-10,0.0,0.0,0.0,0.0,0.0,0.0
0.1166666666666666,0.0,5.441839307759015e-10,5.441839307759015e-10,0.0,0.0,0.0,0.0,0.0,0.0
0.1333333333333333,0.0,4.981289969047147e-10,4.981289969047147e-10,0.0,0.0,0.0,0.0,0.0,0.0
0.15,0.0,4.467592468238955e-10,4.467592468238955e-10,0.0,0.0,0.0,0.0,0.0,0.0
0.1666666666666666,0.0,3.950827322570994e-10,3.950827322570994e-10,0.0,0.0,0.0,0.0,0.0,0.0
0.1833333333333333,-0.004680851,3.458001088526751e-10,3.458001088526751e-10,0.0,0.0,0.0,0.0,0.0,0.0
0.2,-0.004680851,3.002911205224749e-10,3.002911205224749e-10,0.0,0.0,0.0,0.0,0.0,0.0
0.2166666666666666,-0.004680851,2.591566392633024e-10,2.591566392633024e-10,0.0,0.0,0.0,0.0,0.0,0.0
0.2333333333333333,-0.004680851,2.2253574793855818e-10,2.2253574793855818e-10,0.0,0.0,0.0,0.0,0.0,0.0
0.25,-0.004680851,1.9029841438631576e-10,1.9029841438631576e-10,0.0,0.0,0.0,0.0,0.0,0.0
0.2666666666666666,-0.004680851,1.6216507467897927e-10,1.6216507467897927e-10,0.0,0.0,0.0,0.0,0.0,0.0
0.2833333333333333,-0.004680851,1.3778145659538217e-10,1.3778145659538217e-10,0.0,0.0,0.0,0.0,0.0,0.0
0.3,-0.004680851,1.1676521599113883e-10,1.1676521599113883e-10,0.0,0.0,0.0,0.0,0.0,0.0
0.3166666666666666,-0.004680851,9.873450482595335e-11,9.873450482595335e-11,0.0,0.0,0.0,0.0,0.0,0.0
0.3333333333333333,-0.004680851,8.332484710114704e-11,8.332484710114704e-11,0.0,0.0,0.0,0.0,0.0,0.0
0.35,-0.004680851,7.019843351224188e-11,7.019843351224188e-11,0.0,0.0,0.0,0.0,0.0,0.0
0.3666666666666666,-0.004680851,5.904852755547864e-11,5.904852755547864e-11,0.0,0.0,0.0,0.0,0.0,0.0
0.3833333333333333,-0.004680851,4.960076484982047e-11,4.960076484982047e-11,0.0,0.0,0.0,0.0,0.0,0.0
0.4,-0.004680851,4.1612530508417115e-11,4.1612530508417115e-11,0.0,0.0,0.0,0.0,0.0,0.0
0.4166666666666667,-0.004680851,3.4871202449423435e-11,3.4871202449423435e-11,0.0,0.0,0.0,0.0,0.0,0.0
0.4333333333333333,-0.004680851,2.919178182052849e-11,2.919178182052849e-11,0.0,0.0,0.0,0.0,0.0,0.0
0.45,-0.009361702,2.4414251321954822e-11,2.4414251321954822e-11,0.0,0.0,0.0,0.0,0.0,0.0
0.4666666666666667,-0.004680851,2.0400879846048543e-11,2.0400879846048543e-11,0.0,0.0,0.0,0.0,0.0,0.0
0.4833333333333333,-0.009361702,1.7033608895096655e-11,1.7033608895096655e-11,0.0,0.0,0.0,0.0,0.0,0.0
0.5,-0.009361702,1.4211600251021251e-11,1.4211600251021251e-11,0.0,0.0,0.0,0.0,0.0,0.0
0.5166666666666667,-0.009361702,1.1848986924010906e-11,1.1848986924010906e-11,0.0,0.0,0.0,0.0,0.0,0.0
0.5333333333333333,-0.009361702,9.872844734060945e-12,9.872844734060945e-12,0.0,0.0,0.0,0.0,0.0,0.0
0.55,-0.009361702,8.221386000264485e-12,8.221386000264485e-12,0.0,0.0,0.0,0.0,0.0,0.0
0.5666666666666667,-0.009361702,6.842366966015376e-12,6.842366966015376e-12,0.0,0.0,0.0,0.0,0.0,0.0
0.5833333333333334,-0.009361702,5.691694850762106e-12,5.691694850762106e-12,0.0,0.0,0.0,0.0,0.0,0.0
0.6,-0.009361702,4.732217448967441e-12,4.732217448967441e-12,0.0,0.0,0.0,0.0,0.0,0.0
0.6166666666666667,-0.009361702,3.932677059104326e-12,3.932677059104326e-12,0.0,0.0,0.0,0.0,0.0,0.0
0.6333333333333333,-0.009361702,3.2668105695426547e-12,3.2668105695426547e-12,0.0,0.0,0.0,0.0,0.0,0.0
0.65,-0.009361702,2.712578304375173e-12,2.712578304375173e-12,0.0,0.0,0.0,0.0,0.0,0.0
0.6666666666666666,-0.009361702,2.251505432328686e-12,2.251505432328686e-12,0.0,0.0,0.0,0.0,0.0,0.0
0.6833333333333333,-0.009361702,1.8681211572734264e-12,1.8681211572734264e-12,0.0,0.0,0.0,0.0,0.0,0.0
0.7,-0.009361702,1.5494824008997408e-12,1.5494824008997408e-12,0.0,0.0,0.0,0.0,0.0,0.0
0.7166666666666667,-0.009361702,1.2847701673428681e-12,1.2847701673428681e-12,0.0,0.0,0.0,0.0,0.0,0.0
0.7333333333333333,-0.009361702,1.0649481904852942e-12,1.0649481904852942e-12,0.0,0.0,0.0,0.0,0.0,0.0
0.75,-0.009361702,8.824747754311356e-13,8.824747754311356e-13,0.0,0.0,0.0,0.0,0.0,0.0
0.7666666666666667,-0.009361702,7.310599402712006e-13,7.310599402712006e-13,0.0,0.0,0.0,0.0,0.0,0.0
0.7833333333333333,-0.009361702,6.054610374148421e-13,6.054610374148421e-13,0.0,0.0,0.0,0.0,0.0,0.0
0.8,-0.009361702,5.013109870082775e-13,5.013109870082775e-13,0.0,0.0,0.0,0.0,0.0,0.0
0.8166666666666667,-0.009361702,4.1497409409755817e-13,4.1497409409755817e-13,0.0,0.0,0.0,0.0,0.0,0.0
0.8333333333333334,-0.009361702,3.4342515447952124e-13,3.4342515447952124e-13,0.0,0.0,0.0,0.0,0.0,0.0
0.85,-0.009361702,2.8414819107480795e-13,2.8414819107480795e-13,0.0,0.0,0.0,0.0,0.0,0.0
0.8666666666666667,-0.009361702,2.350517129945979e-13,2.350517129945979e-13,0.0,0.0,0.0,0.0,0.0,0.0
0.8833333333333333,-0.009361702,1.943978629461327e-13,1.943978629461327e-13,0.0,0.0,0.0,0.0,0.0,0.0
0.9,-0.009361702,1.6074322443719533e-13,1.6074322443719533e-13,0.0,0.0,0.0,0.0,0.0,0.0
0.9166666666666666,-0.009361702,1.3288940692969022e-13,1.3288940692969022e-13,0.0,0.0,0.0,0.0,0.0,0.0
0.9333333333333332,-0.0140425535,1.0984182242468048e-13,1.0984182242468048e-13,0.0,0.0,0.0,0.0,0.0,0.0
0.95,-0.0140425535,9.077531790896056e-14,9.077531790896056e-14,0.0,0.0,0.0,0.0,0.0,0.0
0.9666666666666668,-0.0140425535,7.500554084888656e-14,7.500554084888656e-14,0.0,0.0,0.0,0.0,0.0,0.0
0.9833333333333332,-0.0140425535,6.196509493213351e-14,6.196509493213351e-14,0.0,0.0,0.0,0.0,0.0,0.0
1.0,-0.0140425535,5.118369529674556e-14,5.118369529674556e-14,0.0,0.0,0.0,0.0,0.0,0.0
1.0166666666666666,-0.0140425535,4.2271660688654224e-14,4.2271660688654224e-14,0.0,0.0,0.0,0.0,0.0,0.0
1.0333333333333334,-0.0140425535,3.4906187931847723e-14,3.4906187931847723e-14,0.0,0.0,0.0,0.0,0.0,0.0
1.05,-0.0140425535,2.8819944859209534e-14,2.8819944859209534e-14,0.0,0.0,0.0,0.0,0.0,0.0
1.0666666666666669,-0.0140425535,2.3791594077331103e-14,2.3791594077331103e-14,0.0,0.0,0.0,0.0,0.0,0.0
1.0833333333333333,-0.0140425535,1.963792388231356e-14,1.963792388231356e-14,0.0,0.0,0.0,0.0,0.0,0.0
1.1,-0.0140425535,1.620731622914481e-14,1.620731622914481e-14,0.0,0.0,0.0,0.0,0.0,0.0
1.1166666666666667,-0.009361702,1.3374326519823352e-14,1.3374326519823352e-14,0.0,0.0,0.0,0.0,0.0,0.0
1.1333333333333333,-0.0140425535,1.1035187501862985e-14,1.1035187501862985e-14,0.0,0.0,0.0,0.0,0.0,0.0
1.15,-0.0140425535,9.104080933150088e-15,9.104080933150088e-15,0.0,0.0,0.0,0.0,0.0,0.0
1.1666666666666667,-0.009361702,7.510046863265804e-15,7.510046863265804e-15,0.0,0.0,0.0,0.0,0.0,0.0
1.1833333333333331,-0.009361702,6.1944222421113095e-15,6.1944222421113095e-15,0.0,0.0,0.0,0.0,0.0,0.0
1.2,-0.009361702,5.1087187988064946e-15,5.1087187988064946e-15,0.0,0.0,0.0,0.0,0.0,0.0
1.2166666666666666,-0.009361702,4.2128653302546185e-15,4.2128653302546185e-15,0.0,0.0,0.0,0.0,0.0,0.0
1.2333333333333334,-0.009361702,3.4737521975729476e-15,3.4737521975729476e-15,0.0,0.0,0.0,0.0,0.0,0.0
1.25,-0.009361702,2.86402636778369e-15,2.86402636778369e-15,0.0,0.0,0.0,0.0,0.0,0.0
1.2666666666666666,-0.0140425535,2.3610941081415257e-15,2.3610941081415257e-15,0.0,0.0,0.0,0.0,0.0,0.0
1.2833333333333334,-0.0140425535,1.9462957347117053e-15,1.9462957347117053e-15,0.0,0.0,0.0,0.0,0.0,0.0
1.3,-0.0140425535,1.6042228808578913e-15,1.6042228808578913e-15,0.0,0.0,0.0,0.0,0.0,0.0
1.3166666666666669,-0.0140425535,1.322153790449287e-15,1.322153790449287e-15,0.0,0.0,0.0,0.0,0.0,0.0
1.3333333333333333,-0.0140425535,1.0895863263577323e-15,1.0895863263577323e-15,0.0,0.0,0.0,0.0,0.0,0.0
1.35,-0.0140425535,8.978518603609489e-16,8.978518603609489e-16,0.0,0.0,0.0,0.0,0.0,0.0
1.3666666666666667,-0.0140425535,7.397960953412161e-16,7.397960953412161e-16,0.0,0.0,0.0,0.0,0.0,0.0
1.3833333333333333,-0.0140425535,6.095152642495615e-16,6.095152642495615e-16,0.0,0.0,0.0,0.0,0.0,0.0
1.4,-0.0140425535,5.021381356690602e-16,5.021381356690602e-16,0.0,0.0,0.0,0.0,0.0,0.0
1.4166666666666667,-0.0140425535,4.1364590205363255e-16,4.1364590205363255e-16,0.0,0.0,0.0,0.0,0.0,0.0
1.4333333333333331,-0.0140425535,3.4072339135358348e-16,3.4072339135358348e-16,0.0,0.0,0.0,0.0,0.0,0.0
1.45,-0.0140425535,2.8063617361091476e-16,2.8063617361091476e-16,0.0,0.0,0.0,0.0,0.0,0.0
1.4666666666666666,-0.0140425535,2.311290710014266e-16,2.311290710014266e-16,0.0,0.0,0.0,0.0,0.0,0.0
1.4833333333333334,-0.0140425535,1.9034235578443702e-16,1.9034235578443702e-16,0.0,0.0,0.0,0.0,0.0,0.0
1.5,-0.018723404,1.5674256316840226e-16,1.5674256316840226e-16,0.0,0.0,0.0,0.0,0.0,0.0
1.5166666666666666,-0.018723404,1.2906537802804156e-16,1.2906537802804156e-16,0.0,0.0,0.0,0.0,0.0,0.0
1.5333333333333334,-0.018723404,1.0626849465785092e-16,1.0626849465785092e-16,0.0,0.0,0.0,0.0,0.0,0.0
1.55,-0.018723404,8.749271303744961e-17,8.749271303744961e-17,0.0,0.0,0.0,0.0,0.0,0.0
1.5666666666666669,-0.018723404,7.202983645719766e-17,7.202983645719766e-17,0.0,0.0,0.0,0.0,0.0,0.0
1.5833333333333333,-0.018723404,5.929618462313113e-17,5.929618462313113e-17,0.0,0.0,0.0,0.0,0.0,0.0
1.6,-0.023404256,4.881074249536572e-17,4.881074249536572e-17,0.0,0.0,0.0,0.0,0.0,0.0
1.6166666666666667,-0.023404256,4.0177135545620666e-17,4.0177135545620666e-17,0.0,0.0,0.0,0.0,0.0,0.0
1.6333333333333333,-0.023404256,3.306876300556024e-17,3.306876300556024e-17,0.0,0.0,0.0,0.0,0.0,0.0
1.65,-0.023404256,2.7216537119562112e-17,2.7216537119562112e-17,0.0,0.0,0.0,0.0,0.0,0.0
1.6666666666666667,-0.023404256,2.2398772637928416e-17,2.2398772637928416e-17,0.0,0.0,0.0,0.0,0.0,0.0
1.6833333333333331,-0.023404256,1.84328502874086e-17,1.84328502874086e-17,0.0,0.0,0.0,0.0,0.0,0.0
1.7,-0.028085107,1.516834363058102e-17,1.516834363058102e-17,0.0,0.0,0.0,0.0,0.0,0.0
1.7166666666666666,-0.028085107,1.2481352970369671e-17,1.2481352970369671e-17,0.0,0.0,0.0,0.0,0.0,0.0
1.7333333333333334,-0.028085107,1.0269834753318402e-17,1.0269834753318402e-17,0.0,0.0,0.0,0.0,0.0,0.0
1.75,-0.028085107,8.449751915288358e-18,8.449751915288358e-18,0.0,0.0,0.0,0.0,0.0,0.0
1.7666666666666666,-0.028085107,6.951901152371353e-18,6.951901152371353e-18,0.0,0.0,0.0,0.0,0.0,0.0
1.7833333333333334,-0.028085107,5.719298309653094e-18,5.719298309653094e-18,0.0,0.0,0.0,0.0,0.0,0.0
1.8,-0.028085107,4.70502388828619e-18,4.70502388828619e-18,0.0,0.0,0.0,0.0,0.0,0.0
1.8166666666666669,-0.028085107,3.870447843629486e-18,3.870447843629486e-18,0.0,0.0,0.0,0.0,0.0,0.0
1.8333333333333333,-0.028085107,3.183767017437275e-18,3.183767017437275e-18,0.0,0.0,0.0,0.0,0.0,0.0
1.85,-0.028085107,2.6188002386664282e-18,2.6188002386664282e-18,0.0,0.0,0.0,0.0,0.0,0.0
1.8666666666666667,-0.028085107,2.1539957728628434e-18,2.1539957728628434e-18,0.0,0.0,0.0,0.0,0.0,0.0
1.8833333333333333,-0.028085107,1.7716137565057668e-18,1.7716137565057668e-18,0.0,0.0,0.0,0.0,0.0,0.0
1.9,-0.028085107,1.4570528151697364e-18,1.4570528151697364e-18,0.0,0.0,0.0,0.0,0.0,0.0
1.9166666666666667,-0.028085107,1.1982954765454996e-18,1.1982954765454996e-18,0.0,0.0,0.0,0.0,0.0,0.0
1.9333333333333331,-0.028085107,9.854514524147198e-19,9.854514524147198e-19,0.0,0.0,0.0,0.0,0.0,0.0
1.95,-0.028085107,8.103815436770774e-19,8.103815436770774e-19,0.0,0.0,0.0,0.0,0.0,0.0
1.9666666666666663,-0.023404256,6.663879565745764e-19,6.663879565745764e-19,0.0,0.0,0.0,0.0,0.0,0.0
1.9833333333333332,-0.023404256,5.47959319494712e-19,5.47959319494712e-19,0.0,0.0,0.0,0.0,0.0,0.0
2.0,-0.023404256,4.505607515391529e-19,4.505607515391529e-19,0.0,0.0,0.0,0.0,0.0,0.0
2.0166666666666666,-0.023404256,3.7046103346587526e-19,3.7046103346587526e-19,0.0,0.0,0.0,0.0,0.0,0.0
2.033333333333333,-0.023404256,3.04590332221105e-19,3.04590332221105e-19,0.0,0.0,0.0,0.0,0.0,0.0
2.05,-0.023404256,2.504230845149667e-19,2.504230845149667e-19,0.0,0.0,0.0,0.0,0.0,0.0
2.066666666666667,-0.023404256,2.0588159601973866e-19,2.0588159601973866e-19,0.0,0.0,0.0,0.0,0.0,0.0
2.083333333333333,-0.018723404,1.6925669646045981e-19,1.6925669646045981e-19,0.0,0.0,0.0,0.0,0.0,0.0
2.1,-0.018723404,1.391424365479734e-19,1.391424365479734e-19,0.0,0.0,0.0,0.0,0.0,0.0
2.1166666666666667,-0.018723404,1.143823446374224e-19,1.143823446374224e-19,0.0,0.0,0.0,0.0,0.0,0.0
2.1333333333333333,-0.018723404,9.402519918609524e-20,9.402519918609524e-20,0.0,0.0,0.0,0.0,0.0,0.0
2.15,-0.018723404,7.728863402706756e-20,7.728863402706756e-20,0.0,0.0,0.0,0.0,0.0,0.0
2.1666666666666665,-0.0140425535,6.352919076582441e-20,6.352919076582441e-20,0.0,0.0,0.0,0.0,0.0,0.0
2.183333333333333,-0.0140425535,5.221767745380329e-20,5.221767745380329e-20,0.0,0.0,0.0,0.0,0.0,0.0
2.2,-0.0140425535,4.291889433319148e-20,4.291889433319148e-20,0.0,0.0,0.0,0.0,0.0,0.0
2.216666666666667,-0.0140425535,3.527495349451178e-20,3.527495349451178e-20,0.0,0.0,0.0,0.0,0.0,0.0
2.2333333333333334,-0.0140425535,2.8991556016450114e-20,2.8991556016450114e-20,0.0,0.0,0.0,0.0,0.0,0.0
2.25,-0.0140425535,2.382670273575612e-20,2.382670273575612e-20,0.0,0.0,0.0,0.0,0.0,0.0
2.2666666666666666,-0.0140425535,1.9581407483484772e-20,1.9581407483484772e-20,0.0,0.0,0.0,0.0,0.0,0.0
2.283333333333333,-0.009361702,1.6092057931763127e-20,1.6092057931763127e-20,0.0,0.0,0.0,0.0,0.0,0.0
2.3,-0.009361702,1.3224132013749493e-20,1.3224132013749493e-20,0.0,0.0,0.0,0.0,0.0,0.0
2.316666666666667,-0.009361702,1.0867029590097842e-20,1.0867029590097842e-20,0.0,0.0,0.0,0.0,0.0,0.0
2.333333333333333,-0.009361702,8.929821599726674e-21,8.929821599726674e-21,0.0,0.0,0.0,0.0,0.0,0.0
2.35,-0.009361702,7.337753966753108e-21,7.337753966753108e-21,0.0,0.0,0.0,0.0,0.0,0.0
2.3666666666666667,-0.009361702,6.029372369765667e-21,6.029372369765667e-21,0.0,0.0,0.0,0.0,0.0,0.0
2.3833333333333333,-0.009361702,4.954157710019286e-21,4.954157710019286e-21,0.0,0.0,0.0,0.0,0.0,0.0
2.4,-0.009361702,4.070581644049403e-21,4.070581644049403e-21,0.0,0.0,0.0,0.0,0.0,0.0
2.4166666666666665,-0.009361702,3.3445076166555685e-21,3.3445076166555685e-21,0.0,0.0,0.0,0.0,0.0,0.0
2.433333333333333,-0.009361702,2.7478760540092153e-21,2.7478760540092153e-21,0.0,0.0,0.0,0.0,0.0,0.0
2.45,-0.009361702,2.25762325749096e-21,2.25762325749096e-21,0.0,0.0,0.0,0.0,0.0,0.0
2.466666666666667,-0.004680851,1.854792491442968e-21,1.854792491442968e-21,0.0,0.0,0.0,0.0,0.0,0.0
2.4833333333333334,-0.004680851,1.5238031236987008e-21,1.5238031236987008e-21,0.0,0.0,0.0,0.0,0.0,0.0
2.5,-0.009361702,1.2518497375325835e-21,1.2518497375325835e-21,0.0,0.0,0.0,0.0,0.0,0.0
2.5166666666666666,-0.009361702,1.0284081188521072e-21,1.0284081188521072e-21,0.0,0.0,0.0,0.0,0.0,0.0
2.533333333333333,-0.009361702,8.448291234135762e-22,8.448291234135762e-22,0.0,0.0,0.0,0.0,0.0,0.0
2.55,-0.009361702,6.940048022634637e-22,6.940048022634637e-22,0.0,0.0,0.0,0.0,0.0,0.0
2.566666666666667,-0.004680851,5.700939384397809e-22,5.700939384397809e-22,0.0,0.0,0.0,0.0,0.0,0.0
2.583333333333333,-0.004680851,4.682964303295919e-22,4.682964303295919e-22,0.0,0.0,0.0,0.0,0.0,0.0
2.6,-0.004680851,3.8466783429294793e-22,3.8466783429294793e-22,0.0,0.0,0.0,0.0,0.0,0.0
2.6166666666666667,-0.004680851,3.159669230859321e-22,3.159669230859321e-22,0.0,0.0,0.0,0.0,0.0,0.0
2.6333333333333333,-0.004680851,2.5953038636829553e-22,2.5953038636829553e-22,0.0,0.0,0.0,0.0,0.0,0.0
2.65,-0.004680851,2.1316984381090613e-22,2.1316984381090613e-22,0.0,0.0,0.0,0.0,0.0,0.0
2.6666666666666665,0.0,1.750872000459034e-22,1.750872000459034e-22,0.0,0.0,0.0,0.0,0.0,0.0
2.683333333333333,0.0,1.4380507685503999e-22,1.4380507685503999e-22,0.0,0.0,0.0,0.0,0.0,0.0
2.7,0.0,1.1810963865589028e-22,1.1810963865589028e-22,0.0,0.0,0.0,0.0,0.0,0.0
2.716666666666667,0.0,9.70036048038965e-23,9.70036048038965e-23,0.0,0.0,0.0,0.0,0.0,0.0
2.7333333333333334,0.0,7.966763480988868e-23,7.966763480988868e-23,0.0,0.0,0.0,0.0,0.0,0.0
2.75,0.0,6.542859535449808e-23,6.542859535449808e-23,0.0,0.0,0.0,0.0,0.0,0.0
2.7666666666666666,0.0,5.373348336354743e-23,5.373348336354743e-23,0.0,0.0,0.0,0.0,0.0,0.0
2.783333333333333,0.0,4.4127997591666974e-23,4.4127997591666974e-23,0.0,0.0,0.0,0.0,0.0,0.0
2.8,0.0,3.62389305334523e-23,3.62389305334523e-23,0.0,0.0,0.0,0.0,0.0,0.0
2.816666666666667,0.0,2.975969994143475e-23,2.975969994143475e-23,0.0,0.0,0.0,0.0,0.0,0.0
2.833333333333333,-0.004680851,2.4438460451369345e-23,2.4438460451369345e-23,0.0,0.0,0.0,0.0,0.0,0.0
2.85,-0.004680851,2.0068335463552134e-23,2.0068335463552134e-23,0.0,0.0,0.0,0.0,0.0,0.0
2.8666666666666667,-0.004680851,1.6479391340616268e-23,1.6479391340616268e-23,0.0,0.0,0.0,0.0,0.0,0.0
2.8833333333333333,-0.004680851,1.3532043312339214e-23,1.3532043312339214e-23,0.0,0.0,0.0,0.0,0.0,0.0
2.9,-0.004680851,1.111163782050772e-23,1.111163782050772e-23,0.0,0.0,0.0,0.0,0.0,0.0
2.9166666666666665,-0.004680851,9.124001524687061e-24,9.124001524687061e-24,0.0,0.0,0.0,0.0,0.0,0.0
2.933333333333333,-0.004680851,7.491784576554002e-24,7.491784576554002e-24,0.0,0.0,0.0,0.0,0.0,0.0
2.95,-0.004680851,6.1514564980491954e-24,6.1514564980491954e-24,0.0,0.0,0.0,0.0,0.0,0.0
2.966666666666667,-0.004680851,5.0508382523890954e-24,5.0508382523890954e-24,0.0,0.0,0.0,0.0,0.0,0.0
2.9833333333333334,-0.004680851,4.147074851444145e-24,4.147074851444145e-24,0.0,0.0,0.0,0.0,0.0,0.0
3.0,-0.004680851,3.404969899279762e-24,3.404969899279762e-24,0.0,0.0,0.0,0.0,0.0,0.0
3.0166666666666666,-0.004680851,2.795617488343998e-24,2.795617488343998e-24,0.0,0.0,0.0,0.0,0.0,0.0
3.033333333333333,-0.004680851,2.295278383240222e-24,2.295278383240222e-24,0.0,0.0,0.0,0.0,0.0,0.0
3.05,-0.004680851,1.884456892259214e-24,1.884456892259214e-24,0.0,0.0,0.0,0.0,0.0,0.0
3.066666666666667,-0.004680851,1.5471426046461046e-24,1.5471426046461046e-24,0.0,0.0,0.0,0.0,0.0,0.0
3.083333333333333,-0.004680851,1.2701875626109844e-24,1.2701875626109844e-24,0.0,0.0,0.0,0.0,0.0,0.0
3.1,-0.004680851,1.042794688476479e-24,1.042794688476479e-24,0.0,0.0,0.0,0.0,0.0,0.0
3.1166666666666667,0.0,8.56097602204991e-25,8.56097602204991e-25,0.0,0.0,0.0,0.0,0.0,0.0
3.1333333333333333,-0.004680851,7.028155097942034e-25,7.028155097942034e-25,0.0,0.0,0.0,0.0,0.0,0.0
3.15,-0.004680851,5.769697558682423e-25,5.769697558682423e-25,0.0,0.0,0.0,0.0,0.0,0.0
3.1666666666666665,-0.004680851,4.736510269740545e-25,4.736510269740545e-25,0.0,0.0,0.0,0.0,0.0,0.0
3.183333333333333,-0.004680851,3.8882815827856665e-25,3.8882815827856665e-25,0.0,0.0,0.0,0.0,0.0,0.0
3.2,-0.004680851,3.1919111169938237e-25,3.1919111169938237e-25,0.0,0.0,0.0,0.0,0.0,0.0
3.216666666666667,-0.004680851,2.620220205644213e-25,2.620220205644213e-25,0.0,0.0,0.0,0.0,0.0,0.0
3.2333333333333334,-0.004680851,2.1508928610452615e-25,2.1508928610452615e-25,0.0,0.0,0.0,0.0,0.0,0.0
3.25,-0.004680851,1.7656060669125864e-25,1.7656060669125864e-25,0.0,0.0,0.0,0.0,0.0,0.0
3.2666666666666666,-0.004680851,1.4493155645841758e-25,1.4493155645841758e-25,0.0,0.0,0.0,0.0,0.0,0.0
3.283333333333333,-0.004680851,1.1896693431918368e-25,1.1896693431918368e-25,0.0,0.0,0.0,0.0,0.0,0.0
3.3,0.0,9.765260085098643e-26,9.765260085098643e-26,0.0,0.0,0.0,0.0,0.0,0.0
3.316666666666667,-0.004680851,8.015592832679565e-26,8.015592832679565e-26,0.0,0.0,0.0,0.0,0.0,0.0
3.333333333333333,-0.004680851,6.579332414845739e-26,6.579332414845739e-26,0.0,0.0,0.0,0.0,0.0,0.0
3.35,-0.004680851,5.400356308548841e-26,5.400356308548841e-26,0.0,0.0,0.0,0.0,0.0,0.0
3.3666666666666667,0.0,4.432588972279301e-26,4.432588972279301e-26,0.0,0.0,0.0,0.0,0.0,0.0
3.3833333333333333,0.0,3.638203814795919e-26,3.638203814795919e-26,0.0,0.0,0.0,0.0,0.0,0.0
3.4,0.0,2.98614683724387e-26,2.98614683724387e-26,0.0,0.0,0.0,0.0,0.0,0.0
3.4166666666666665,0.0,2.4509244203288268e-26,2.4509244203288268e-26,0.0,0.0,0.0,0.0,0.0,0.0
3.433333333333333,0.0,2.0116080128544154e-26,2.0116080128544154e-26,0.0,0.0,0.0,0.0,0.0,0.0
3.45,0.0,1.6510169246444094e-26,1.6510169246444094e-26,0.0,0.0,0.0,0.0,0.0,0.0
3.466666666666667,0.0,1.3550473639697419e-26,1.3550473639697419e-26,0.0,0.0,0.0,0.0,0.0,0.0
3.4833333333333334,0.0,1.1121215567804322e-26,1.1121215567804322e-26,0.0,0.0,0.0,0.0,0.0,0.0
3.5,0.0,9.12735463832532e-27,9.12735463832532e-27,0.0,0.0,0.0,0.0,0.0,0.0
3.5166666666666666,0.0,7.49087454170563e-27,7.49087454170563e-27,0.0,0.0,0.0,0.0,0.0,0.0
3.533333333333333,0.0,6.1477344884354926e-27,6.1477344884354926e-27,0.0,0.0,0.0,0.0,0.0,0.0
3.55,0.0,5.045366399658972e-27,5.045366399658972e-27,0.0,0.0,0.0,0.0,0.0,0.0
3.566666666666667,0.0,4.140620181210899e-27,4.140620181210899e-27,0.0,0.0,0.0,0.0,0.0,0.0
3.583333333333333,0.0,3.3980768846670964e-27,3.3980768846670964e-27,0.0,0.0,0.0,0.0,0.0,0.0
3.6,0.0,2.7886639075824855e-27,2.7886639075824855e-27,0.0,0.0,0.0,0.0,0.0,0.0
3.6166666666666663,0.0,2.2885181673389343e-27,2.2885181673389343e-27,0.0,0.0,0.0,0.0,0.0,0.0
3.633333333333333,0.0,1.878052857772323e-27,1.878052857772323e-27,0.0,0.0,0.0,0.0,0.0,0.0
3.65,0.0,1.5411913418355565e-27,1.5411913418355565e-27,0.0,0.0,0.0,0.0,0.0,0.0
3.6666666666666665,0.004680851,1.2647382564525398e-27,1.2647382564525398e-27,0.0,0.0,0.0,0.0,0.0,0.0
3.683333333333333,0.004680851,1.03786326159561e-27,1.03786326159561e-27,0.0,0.0,0.0,0.0,0.0,0.0
3.7,0.004680851,8.51677263190968e-28,8.51677263190968e-28,0.0,0.0,0.0,0.0,0.0,0.0
3.716666666666667,0.004680851,6.98884550133636e-28,6.98884550133636e-28,0.0,0.0,0.0,0.0,0.0,0.0
3.733333333333333,0.004680851,5.734972502326074e-28,5.734972502326074e-28,0.0,0.0,0.0,0.0,0.0,0.0
3.75,0.004680851,4.706009438973982e-28,4.706009438973982e-28,0.0,0.0,0.0,0.0,0.0,0.0
3.7666666666666666,0.004680851,0.007316837549587692,3.8616227273776174e-28,0.007316837549587692,0.0,0.0,0.0,0.0,0.0
3.783333333333333,0.004680851,0.008712514244869624,3.168710209207267e-28,0.008712514244869624,0.0,0.0,0.0,0.0,0.0
3.8,0.004680851,0.009615975089679386,2.600104941169171e-28,0.009615975089679386,0.0,0.0,0.0,0.0,0.0
3.816666666666667,0.004680851,0.01028831959262793,2.133511267233279e-28,0.01028831959262793,0.0,0.0,0.0,0.0,0.0
3.8333333333333335,0.004680851,0.010821788054303321,1.7506315592668277e-28,0.010821788054303321,0.0,0.0,0.0,0.0,0.0
3.85,0.004680851,0.011260952641306533,1.4364494650183811e-28,0.011260952641306533,0.0,0.0,0.0,0.0,0.0
3.8666666666666663,0.004680851,0.011631150413838625,1.1786416211721187e-28,0.011631150413838625,0.0,0.0,0.0,0.0,0.0
3.883333333333333,0.004680851,0.011948327170263794,9.670948123151102e-29,0.011948327170263794,0.0,0.0,0.0,0.0,0.0
3.9,0.004680851,0.012223249440238493,7.935096802634368e-29,0.012223249440238493,0.0,0.0,0.0,0.0,0.0
3.9166666666666665,0.004680851,0.012463572389210701,6.510754733109609e-29,0.012463572389210701,0.0,0.0,0.0,0.0,0.0
3.933333333333333,0.004680851,0.012674959248488694,5.342031038114311e-29,0.012674959248488694,0.0,0.0,0.0,0.0,0.0
3.95,0.009361702,0.012861733467774005,4.3830606363099934e-29,0.012861733467774005,0.0,0.0,0.0,0.0,0.0
3.966666666666667,0.009361702,0.013027281086663244,3.5962061953573173e-29,0.013027281086663244,0.0,0.0,0.0,0.0,0.0
3.983333333333333,0.009361702,0.013174310731263064,2.9505824767465716e-29,0.013174310731263064,0.0,0.0,0.0,0.0,0.0
4.0,0.009361702,0.013305028126714823,2.4208452805397257e-29,0.013305028126714823,0.0,0.0,0.0,0.0,0.0
4.016666666666667,0.009361702,0.01342125702763959,1.98619755586621e-29,0.01342125702763959,0.0,0.0,0.0,0.0,0.0
4.033333333333333,0.009361702,0.013524525323965931,1.6295737443051915e-29,0.013524525323965931,0.0,0.0,0.0,0.0,0.0
4.05,0.009361702,0.013616127801749098,1.3369704013457612e-29,0.013616127801749098,0.0,0.0,0.0,0.0,0.0
4.066666666666666,0.009361702,0.013697172829970405,1.096896868797083e-29,0.013697172829970405,0.0,0.0,0.0,0.0,0.0
4.083333333333333,0.009361702,0.013768617717865859,8.999244723154557e-30,0.013768617717865859,0.0,0.0,0.0,0.0,0.0
4.1,0.009361702,0.013831295920596814,7.383165769998711e-30,0.013831295920596814,0.0,0.0,0.0,0.0,0.0
4.116666666666666,0.0140425535,0.013885938271348588,6.0572500122848645e-30,0.013885938271348588,0.0,0.0,0.0,0.0,0.0
4.133333333333334,0.0140425535,0.013933189763687893,4.969408884721619e-30,0.013933189763687893,0.0,0.0,0.0,0.0,0.0
4.15,0.0140425535,0.013973622970076253,4.076902704436546e-30,0.013973622970076253,0.0,0.0,0.0,0.0,0.0
4.166666666666667,0.0140425535,0.014007748883302602,3.344663061141204e-30,0.014007748883302602,0.0,0.0,0.0,0.0,0.0
4.183333333333334,0.0140425535,0.014036025759501193,2.7439161838951415e-30,0.014036025759501193,0.0,0.0,0.0,0.0,0.0
4.2,0.0140425535,0.01405886639423139,2.2510532984464008e-30,0.01405886639423139,0.0,0.0,0.0,0.0,0.0
4.216666666666667,0.0140425535,0.0140766441573988,1.846703670409184e-30,0.0140766441573988,0.0,0.0,0.0,0.0,0.0
4.233333333333333,0.0140425535,0.014089698035835947,1.5149739750861241e-30,0.014089698035835947,0.0,0.0,0.0,0.0,0.0
4.25,0.0140425535,0.014098336875604285,1.242824155675688e-30,0.014098336875604285,0.0,0.0,0.0,0.0,0.0
4.266666666666667,0.0140425535,0.014102842973727985,1.0195552832932974e-30,0.014102842973727985,0.0,0.0,0.0,0.0,0.0
4.283333333333333,0.0140425535,0.014103475137121967,8.36389324278477e-31,0.014103475137121967,0.0,0.0,0.0,0.0,0.0
4.3,0.0140425535,0.014100471302131644,6.861243247011585e-31,0.014100471302131644,0.0,0.0,0.0,0.0,0.0
4.316666666666666,0.0140425535,0.014094050789375487,5.6285148002053395e-31,0.014094050789375487,0.0,0.0,0.0,0.0,0.0
4.333333333333333,0.0140425535,0.014084416254049825,4.61722985384954e-31,0.014084416254049825,0.0,0.0,0.0,0.0,0.0
4.35,0.0140425535,0.014071755380485919,3.7876155421248785e-31,0.014071755380485919,0.0,0.0,0.0,0.0,0.0
4.366666666666666,0.0140425535,0.014056242360785558,3.1070412752772513e-31,0.014056242360785558,0.0,0.0,0.0,0.0,0.0
4.383333333333334,0.0140425535,0.014038039190242472,2.548736381255118e-31,0.014038039190242472,0.0,0.0,0.0,0.0,0.0
4.4,0.0140425535,0.014017296806565356,2.0907379457378497e-31,0.014017296806565356,0.0,0.0,0.0,0.0,0.0
4.416666666666667,0.0140425535,0.013994156095337686,1.7150275351353064e-31,0.013994156095337686,0.0,0.0,0.0,0.0,0.0
4.433333333333334,0.0140425535,0.013968748780441475,1.4068229008535536e-31,0.013968748780441475,0.0,0.0,0.0,0.0,0.0
4.45,0.0140425535,0.01394119821515275,1.1539968467780115e-31,0.01394119821515275,0.0,0.0,0.0,0.0,0.0
4.466666666666667,0.0140425535,0.013911620087144453,9.466004340957662e-32,0.013911620087144453,0.0,0.0,0.0,0.0,0.0
4.483333333333333,0.0140425535,0.013880123048598514,7.764717940451207e-32,0.013880123048598514,0.0,0.0,0.0,0.0,0.0
4.5,0.0140425535,0.013846809280946485,6.369151806197373e-32,0.013846809280946485,0.0,0.0,0.0,0.0,0.0
4.516666666666667,0.009361702,0.013811775002360768,5.224376535230589e-32,0.013811775002360768,0.0,0.0,0.0,0.0,0.0
4.533333333333333,0.009361702,0.013775110924952145,4.2853304497712726e-32,0.013775110924952145,0.0,0.0,0.0,0.0,0.0
4.55,0.009361702,0.013736902667651998,3.5150472113771607e-32,0.013736902667651998,0.0,0.0,0.0,0.0,0.0
4.566666666666666,0.009361702,0.013697231129935296,2.883201727276525e-32,0.013697231129935296,0.0,0.0,0.0,0.0,0.0
4.583333333333333,0.009361702,0.013656172830845692,2.36491719872958e-32,0.013656172830845692,0.0,0.0,0.0,0.0,0.0
4.6,0.009361702,0.013613800217195372,1.9397864208465276e-32,0.013613800217195372,0.0,0.0,0.0,0.0,0.0
4.616666666666666,0.009361702,0.013570181944311041,1.5910688614233717e-32,0.013570181944311041,0.0,0.0,0.0,0.0,0.0
4.633333333333334,0.009361702,0.013525383132269916,1.3050319534905588e-32,0.013525383132269916,0.0,0.0,0.0,0.0,0.0
4.65,0.009361702,0.01347946560020308,1.0704107035629842e-32,0.01347946560020308,0.0,0.0,0.0,0.0,0.0
4.666666666666667,0.009361702,0.013432488080928996,8.779643675458318e-33,0.013432488080928996,0.0,0.0,0.0,0.0,0.0
4.683333333333334,0.009361702,0.013384506417908648,7.201127614715274e-33,0.013384506417908648,0.0,0.0,0.0,0.0,0.0
4.7,0.004680851,0.013335573746279451,5.9063790454110206e-33,0.013335573746279451,0.0,0.0,0.0,0.0,0.0
4.716666666666667,0.004680851,0.013285740659521959,4.8443926025530674e-33,0.013285740659521959,0.0,0.0,0.0,0.0,0.0
4.733333333333333,0.004680851,0.013235055363136865,3.973329486221978e-33,0.013235055363136865,0.0,0.0,0.0,0.0,0.0
4.75,0.004680851,0.013183563816556094,3.2588703129002286e-33,0.013183563816556094,0.0,0.0,0.0,0.0,0.0
4.766666666666667,0.004680851,0.013131309864377468,2.672863898939671e-33,0.013131309864377468,0.0,0.0,0.0,0.0,0.0
4.783333333333333,0.004680851,0.013078335357894858,2.192218816500941e-33,0.013078335357894858,0.0,0.0,0.0,0.0,0.0
4.8,0.004680851,0.013024680267792618,1.797994110038411e-33,0.013024680267792618,0.0,0.0,0.0,0.0,0.0
4.816666666666666,0.004680851,0.012970382788782386,1.4746533946187866e-33,0.012970382788782386,0.0,0.0,0.0,0.0,0.0
4.833333333333333,0.004680851,0.01291547943688034,1.2094529838762847e-33,0.01291547943688034,0.0,0.0,0.0,0.0,0.0
4.85,0.004680851,0.012860005139952467,9.919399677961311e-34,0.012860005139952467,0.0,0.0,0.0,0.0,0.0
4.866666666666666,0.004680851,0.01280399332209282,8.135404860130966e-34,0.01280399332209282,0.0,0.0,0.0,0.0,0.0
4.883333333333334,0.004680851,0.012747475982344417,6.672219909387198e-34,0.012747475982344417,0.0,0.0,0.0,0.0,0.0
4.9,0.004680851,0.012690483768223165,5.4721620629497476e-34,0.012690483768223165,0.0,0.0,0.0,0.0,0.0
4.916666666666667,0.004680851,0.012633046044461393,4.487918749879405e-34,0.012633046044461393,0.0,0.0,0.0,0.0,0.0
4.933333333333334,0.004680851,0.012575190957348485,3.68068349610389e-34,0.012575190957348485,0.0,0.0,0.0,0.0,0.0
4.95,0.004680851,0.012516945495011316,3.0186268626083726e-34,0.012516945495011316,0.0,0.0,0.0,0.0,0.0
4.966666666666667,0.004680851,0.012458335543945778,2.47564221020607e-34,0.012458335543945778,0.0,0.0,0.0,0.0,0.0
4.983333333333333,0.004680851,0.012399385942082961,2.030316901991054e-34,0.012399385942082961,0.0,0.0,0.0,0.0,0.0
5.0,0.004680851,0.01234012052864827,1.6650884288864578e-34,0.01234012052864827,0.0,0.0,0.0,0.0,0.0
5.016666666666667,0.0,0.012280562191049189,1.3655522237051706e-34,0.012280562191049189,0.0,0.0,0.0,0.0,0.0
5.033333333333333,0.0,0.012220732909007173,1.1198939012113178e-34,0.012220732909007173,0.0,0.0,0.0,0.0,0.0
5.05,0.0,0.012160653796130821,9.184235607594763e-35,0.012160653796130821,0.0,0.0,0.0,0.0,0.0
5.066666666666666,0.0,0.012100345139110817,7.531938069413819e-35,0.012100345139110817,0.0,0.0,0.0,0.0,0.0
5.083333333333333,0.0,0.012039826434702286,6.176864404174449e-35,0.012039826434702286,0.0,0.0,0.0,0.0,0.0
5.1,0.0,0.01197911642464668,5.065554754806078e-35,0.01197911642464668,0.0,0.0,0.0,0.0,0.0
5.116666666666666,0.0,0.011918233128672918,4.154163593167614e-35,0.011918233128672918,0.0,0.0,0.0,0.0,0.0
5.133333333333334,0.0,0.011857193875706452,3.406730876988234e-35,0.011857193875706452,0.0,0.0,0.0,0.0,0.0
5.15,0.0,0.01179601533340484,2.7937640460424076e-35,0.01179601533340484,0.0,0.0,0.0,0.0,0.0
5.166666666666667,0.0,0.011734713536129,2.2910749773619213e-35,0.011734713536129,0.0,0.0,0.0,0.0,0.0
5.183333333333334,0.0,0.011673303911451206,1.878826063595521e-35,0.011673303911451206,0.0,0.0,0.0,0.0,0.0
5.2,0.0,0.011611801305292954,1.5407478177537424e-35,0.011611801305292954,0.0,0.0,0.0,0.0,0.0
5.216666666666667,0.0,0.011550220005779016,1.2634971659102436e-35,0.011550220005779016,0.0,0.0,0.0,0.0,0.0
5.233333333333333,0.0,0.01148857376588752,1.0361311330670342e-35,0.01148857376588752,0.0,0.0,0.0,0.0,0.0
5.25,0.0,0.0114268758249701,8.496751746220907e-36,0.0114268758249701,0.0,0.0,0.0,0.0,0.0
5.266666666666667,0.0,0.011365138929210698,6.967691357680216e-36,0.011365138929210698,0.0,0.0,0.0,0.0,0.0
5.283333333333333,0.0,0.01130337535108688,5.713768805933174e-36,0.01130337535108688,0.0,0.0,0.0,0.0,0.0
5.3,0.0,0.01124159690789271,4.685481421477488e-36,0.01124159690789271,0.0,0.0,0.0,0.0,0.0
5.316666666666666,0.0,0.011179814979378488,3.842232031142505e-36,0.011179814979378488,0.0,0.0,0.0,0.0,0.0
5.333333333333333,0.0,0.011118040524558403,3.1507270508218705e-36,0.011118040524558403,0.0,0.0,0.0,0.0,0.0
5.35,0.0,0.01105628409773402,2.583662692499415e-36,0.01105628409773402,0.0,0.0,0.0,0.0,0.0
5.366666666666666,0.0,0.010994555863778031,2.118647472559905e-36,0.010994555863778031,0.0,0.0,0.0,0.0,0.0
5.383333333333334,0.0,0.010932865612719849,1.7373185249813113e-36,0.010932865612719849,0.0,0.0,0.0,0.0,0.0
5.4,-0.004680851,0.010871222773671847,1.4246168645915816e-36,0.010871222773671847,0.0,0.0,0.0,0.0,0.0
5.416666666666667,-0.004680851,0.010809636428132414,1.1681930132494687e-36,0.010809636428132414,0.0,0.0,0.0,0.0,0.0
5.433333333333334,-0.004680851,0.010748115322699823,9.579195425622366e-37,0.010748115322699823,0.0,0.0,0.0,0.0,0.0
5.45,-0.004680851,0.010686667881228526,7.854913031757648e-37,0.010686667881228526,0.0,0.0,0.0,0.0,0.0
5.466666666666667,-0.004680851,0.010625302216457647,6.4409756894272175e-37,0.010625302216457647,0.0,0.0,0.0,0.0,0.0
5.483333333333333,-0.004680851,0.01056402614113945,5.281531606953782e-37,0.01056402614113945,0.0,0.0,0.0,0.0,0.0
5.5,-0.004680851,0.010502847178693897,4.3307794072647e-37,0.010502847178693897,0.0,0.0,0.0,0.0,0.0
5.516666666666667,-0.004680851,0.010441772573413789,3.551159771167369e-37,0.010441772573413789,0.0,0.0,0.0,0.0,0.0
5.533333333333333,-0.004680851,0.010380809300243451,2.9118724196109174e-37,0.010380809300243451,0.0,0.0,0.0,0.0,0.0
5.55,-0.004680851,0.01031996407415261,2.3876599103226907e-37,0.01031996407415261,0.0,0.0,0.0,0.0,0.0
5.566666666666666,-0.004680851,0.010259243359125696,1.95781025084937e-37,0.010259243359125696,0.0,0.0,0.0,0.0,0.0
5.583333333333333,-0.004680851,0.010198653376785723,1.605338963512098e-37,0.010198653376785723,0.0,0.0,0.0,0.0,0.0
5.6,-0.004680851,0.010138200114670731,1.3163183185298562e-37,0.010138200114670731,0.0,0.0,0.0,0.0,0.0
5.616666666666666,-0.004680851,0.010077889334179678,1.0793272588043572e-37,0.010077889334179678,0.0,0.0,0.0,0.0,0.0
5.633333333333334,-0.004680851,0.01001772657820376,8.850003026097881e-38,0.01001772657820376,0.0,0.0,0.0,0.0,0.0
5.65,-0.004680851,0.009957717178458237,7.256576165295156e-38,0.009957717178458237,0.0,0.0,0.0,0.0,0.0
5.666666666666667,-0.004680851,0.009897866262528861,5.950016544937278e-38,0.009897866262528861,0.0,0.0,0.0,0.0,0.0
5.683333333333334,-0.004680851,0.00983817876064644,4.878683860542258e-38,0.00983817876064644,0.0,0.0,0.0,0.0,0.0
5.7,-0.004680851,0.009778659412202044,4.000232917219233e-38,0.009778659412202044,0.0,0.0,0.0,0.0,0.0
5.716666666666667,-0.004680851,0.009719312772014934,3.2799407028863026e-38,0.009719312772014934,0.0,0.0,0.0,0.0,0.0
5.733333333333333,-0.004680851,0.009660143216364435,2.689334522710385e-38,0.009660143216364435,0.0,0.0,0.0,0.0,0.0
5.75,-0.004680851,0.009601154948796473,2.2050670212696652e-38,0.009601154948796473,0.0,0.0,0.0,0.0,0.0
5.766666666666667,-0.004680851,0.009542352005714887,1.807993665958275e-38,0.009542352005714887,0.0,0.0,0.0,0.0,0.0
5.783333333333333,-0.004680851,0.009483738261767126,1.48241625866234e-38,0.009483738261767126,0.0,0.0,0.0,0.0,0.0
5.8,-0.004680851,0.009425317435033333,1.2154625981585753e-38,0.009425317435033333,0.0,0.0,0.0,0.0,0.0
5.816666666666666,-0.004680851,0.009367093092027517,9.965777917169616e-39,0.009367093092027517,0.0,0.0,0.0,0.0,0.0
5.833333333333333,-0.009361702,0.009309068652518878,8.171071231853779e-39,0.009309068652518878,0.0,0.0,0.0,0.0,0.0
5.85,-0.009361702,0.009251247394181074,6.69954000399947e-39,0.009251247394181074,0.0,0.0,0.0,0.0,0.0
5.866666666666666,-0.009361702,0.009193632457076743,5.49299469801608e-39,0.009193632457076743,0.0,0.0,0.0,0.0,0.0
5.883333333333334,-0.009361702,0.009136226847984284,4.5037221767958e-39,0.009136226847984284,0.0,0.0,0.0,0.0,0.0
5.9,-0.009361702,0.00907903344457351,3.692599714882108e-39,0.00907903344457351,0.0,0.0,0.0,0.0,0.0
5.916666666666667,-0.009361702,0.009022054999436395,3.027548499083176e-39,0.009022054999436395,0.0,0.0,0.0,0.0,0.0
5.933333333333334,-0.009361702,0.008965294143979036,2.482265513039461e-39,0.008965294143979036,0.0,0.0,0.0,0.0,0.0
5.95,-0.009361702,0.008908753392180394,2.0351836990015773e-39,0.008908753392180394,0.0,0.0,0.0,0.0,0.0
5.966666666666667,-0.004680851,0.008852435144223304,1.668619307958048e-39,0.008852435144223304,0.0,0.0,0.0,0.0,0.0
5.983333333333333,-0.004680851,0.00879634169000286,1.368072744320234e-39,0.00879634169000286,0.0,0.0,0.0,0.0,0.0
6.0,-0.004680851,0.008740475212517114,1.1216552756324923e-39,0.008740475212517114,0.0,0.0,0.0,0.0,0.0
6.016666666666667,-0.009361702,0.008684837791144775,9.196189506929018e-40,0.008684837791144775,0.0,0.0,0.0,0.0,0.0
6.033333333333333,-0.0140425535,0.0086294314048143,7.539711474237309e-40,0.0086294314048143,0.0,0.0,0.0,0.0,0.0
6.05,-0.0140425535,0.008574257935068713,6.181585158707893e-40,0.008574257935068713,0.0,0.0,0.0,0.0,0.0
6.066666666666666,-0.0140425535,0.008519319169030143,5.068078239044118e-40,0.008519319169030143,0.0,0.0,0.0,0.0,0.0
6.083333333333333,-0.0140425535,0.00846461680226794,4.155134618499876e-40,0.00846461680226794,0.0,0.0,0.0,0.0,0.0
6.1,-0.0140425535,0.008410152441574132,3.4066320621004892e-40,0.008410152441574132,0.0,0.0,0.0,0.0,0.0
6.116666666666666,-0.0140425535,0.008355927607649638,2.792953546882469e-40,0.008355927607649638,0.0,0.0,0.0,0.0,0.0
6.133333333333334,-0.0140425535,0.0083019437377047,2.2898158461828633e-40,0.0083019437377047,0.0,0.0,0.0,0.0,0.0
6.15,-0.0140425535,0.0082482021879767,1.877309036179624e-40,0.0082482021879767,0.0,0.0,0.0,0.0,0.0
6.166666666666667,-0.0140425535,0.00819470423616841,1.5391089499707018e-40,0.00819470423616841,0.0,0.0,0.0,0.0,0.0
6.183333333333334,-0.0140425535,0.00814145108380968,1.2618314408606271e-40,0.00814145108380968,0.0,0.0,0.0,0.0,0.0
6.2,-0.0140425535,0.008088443858545319,1.0345029223053274e-40,0.008088443858545319,0.0,0.0,0.0,0.0,0.0
6.216666666666667,-0.0140425535,0.008035683616351878,8.481262486439824e-41,0.008035683616351878,0.0,0.0,0.0,0.0,0.0
6.233333333333333,-0.0140425535,0.0079831713436859,6.95324769953141e-41,0.0079831713436859,0.0,0.0,0.0,0.0,0.0
6.25,-0.0140425535,0.007930907959566106,5.700504850365197e-41,0.007930907959566106,0.0,0.0,0.0,0.0,0.0
6.266666666666667,-0.0140425535,0.00787889431759187,4.673447508490252e-41,0.00787889431759187,0.0,0.0,0.0,0.0,0.0
6.283333333333333,-0.0140425535,0.007827131207900245,3.8314208470095703e-41,0.007827131207900245,0.0,0.0,0.0,0.0,0.0
6.3,-0.0140425535,0.0077756193590637086,3.1410929952361196e-41,0.0077756193590637086,0.0,0.0,0.0,0.0,0.0
6.316666666666666,-0.0140425535,0.007724359439930675,2.575136096467915e-41,0.007724359439930675,0.0,0.0,0.0,0.0,0.0
6.333333333333333,-0.0140425535,0.007673352061410834,2.1111449016467707e-41,0.007673352061410834,0.0,0.0,0.0,0.0,0.0
6.35,-0.0140425535,0.007622597778207114,1.730750123324805e-41,0.007622597778207114,0.0,0.0,0.0,0.0,0.0
6.366666666666666,-0.0140425535,0.007572097090496218,1.4188914767378594e-41,0.007572097090496218,0.0,0.0,0.0,0.0,0.0
6.383333333333334,-0.0140425535,0.0075218504455593985,1.1632216503596776e-41,0.0075218504455593985,0.0,0.0,0.0,0.0,0.0
6.4,-0.0140425535,0.007471858239365209,9.536176267491612e-42,0.007471858239365209,0.0,0.0,0.0,0.0,0.0
6.416666666666667,-0.0140425535,0.007422120818105825,7.817800205337547e-42,0.007422120818105825,0.0,0.0,0.0,0.0,0.0
6.433333333333334,-0.0140425535,0.007372638479688507,6.409045818640505e-42,0.007372638479688507,0.0,0.0,0.0,0.0,0.0
6.45,-0.0140425535,0.007323411475183676,5.25412868278484e-42,0.007323411475183676,0.0,0.0,0.0,0.0,0.0
6.466666666666667,-0.0140425535,0.007274440010231084,4.307314285018178e-42,0.007274440010231084,0.0,0.0,0.0,0.0,0.0
6.483333333333333,-0.0140425535,0.0072257242464053755,3.5311076081638554e-42,0.0072257242464053755,0.0,0.0,0.0,0.0,0.0
6.5,-0.0140425535,0.00717726430254248,2.8947688217835986e-42,0.00717726430254248,0.0,0.0,0.0,0.0,0.0
6.516666666666667,-0.0140425535,0.0071290602560279874,2.3730963442687442e-42,0.0071290602560279874,0.0,0.0,0.0,0.0,0.0
6.533333333333333,-0.0140425535,0.0070811121440488515,1.945429117742178e-42,0.0070811121440488515,0.0,0.0,0.0,0.0,0.0
6.55,-0.009361702,0.007033419964809503,1.5948286110518065e-42,0.007033419964809503,0.0,0.0,0.0,0.0,0.0
6.566666666666666,-0.009361702,0.006985983678713578,1.3074081775661983e-42,0.006985983678713578,0.0,0.0,0.0,0.0,0.0
6.583333333333333,-0.009361702,0.006938803209512311,1.0717832252093864e-42,0.006938803209512311,0.0,0.0,0.0,0.0,0.0
6.6,-0.009361702,0.006891878445420688,8.78620436816728e-43,0.006891878445420688,0.0,0.0,0.0,0.0,0.0
6.616666666666666,-0.009361702,0.00684520924020232,7.202681985574881e-43,0.00684520924020232,0.0,0.0,0.0,0.0,0.0
6.633333333333334,-0.009361702,0.006798795414224067,5.904536078971503e-43,0.006798795414224067,0.0,0.0,0.0,0.0,0.0
6.65,-0.009361702,0.006752636755481341,4.840340674944218e-43,0.006752636755481341,0.0,0.0,0.0,0.0,0.0
6.666666666666667,-0.0140425535,0.006706733020594937,3.967936317802687e-43,0.006706733020594937,0.0,0.0,0.0,0.0,0.0
6.683333333333334,-0.0140425535,0.006661083935780381,3.252760442157963e-43,0.006661083935780381,0.0,0.0,0.0,0.0,0.0
6.7,-0.0140425535,0.006615689197790523,2.6664785544821692e-43,0.006615689197790523,0.0,0.0,0.0,0.0,0.0
6.716666666666667,-0.0140425535,0.006570548474832259,2.185862032360604e-43,0.006570548474832259,0.0,0.0,0.0,0.0,0.0
6.733333333333333,-0.009361702,0.006525661407458162,1.7918681120586054e-43,0.006525661407458162,0.0,0.0,0.0,0.0,0.0
6.75,-0.0140425535,0.006481027609433721,1.4688856385815394e-43,0.006481027609433721,0.0,0.0,0.0,0.0,0.0
6.766666666666667,-0.0140425535,0.006436646668581011,1.2041167143084108e-43,0.006436646668581011,0.0,0.0,0.0,0.0,0.0
6.783333333333333,-0.0140425535,0.006392518147599404,9.87069762182943e-44,0.006392518147599404,0.0,0.0,0.0,0.0,0.0
6.8,-0.0140425535,0.006348641584864093,8.09143930250317e-44,0.006348641584864093,0.0,0.0,0.0,0.0,0.0
6.816666666666666,-0.0140425535,0.0063050164952029916,6.632883805854192e-44,0.0063050164952029916,0.0,0.0,0.0,0.0,0.0
6.833333333333333,-0.0140425535,0.006261642370652737,5.437229704841086e-44,0.006261642370652737,0.0,0.0,0.0,0.0,0.0
6.85,-0.0140425535,0.006218518681194335,4.4570926452394325e-44,0.006218518681194335,0.0,0.0,0.0,0.0,0.0
6.866666666666666,-0.0140425535,0.0061756448754690906,3.653628089482374e-44,0.0061756448754690906,0.0,0.0,0.0,0.0,0.0
6.883333333333334,-0.0140425535,0.006133020381475362,2.994992336658953e-44,0.006133020381475362,0.0,0.0,0.0,0.0,0.0
6.9,-0.0140425535,0.00609064460724672,2.4550808665892433e-44,0.00609064460724672,0.0,0.0,0.0,0.0,0.0
6.916666666666667,-0.0140425535,0.006048516941512022,2.0124940377111348e-44,0.006048516941512022,0.0,0.0,0.0,0.0,0.0
6.933333333333334,-0.018723404,0.006006636754337933,1.6496891718735947e-44,0.006006636754337933,0.0,0.0,0.0,0.0,0.0
6.95,-0.023404256,0.005965003397754399,1.3522854404307715e-44,0.005965003397754399,0.0,0.0,0.0,0.0,0.0
6.966666666666667,-0.028085107,0.00592361620636354,1.1084940174910248e-44,0.00592361620636354,0.0,0.0,0.0,0.0,0.0
6.983333333333333,-0.037446808,0.005882474497932447,9.086509273585986e-45,0.005882474497932447,0.0,0.0,0.0,0.0,0.0
7.0,-0.060851064,0.005841577573970319,7.448340805352862e-45,0.005841577573970319,0.0,0.0,0.0,0.0,0.0
7.016666666666667,-0.11234043,0.005800924720290395,6.105493271552935e-45,0.005800924720290395,0.0,0.0,0.0,0.0,0.0
7.033333333333333,-0.20595744,0.005760515207557107,5.004730904357034e-45,0.005760515207557107,0.0,0.0,0.0,0.0,0.0
7.05,-0.3557447,0.005720348291818834,4.1024138387806255e-45,0.005720348291818834,0.0,0.0,0.0,0.0,0.0
7.066666666666666,-0.5710638,0.005680423215026699,3.362768532946838e-45,0.005680423215026699,0.0,0.0,0.0,0.0,0.0
7.083333333333333,-0.847234,0.005640739205539767,2.756469910121671e-45,0.005640739205539767,0.0,0.0,0.0,0.0,0.0
7.1,-1.1702127,0.005601295478617012,2.2594790447065583e-45,0.005601295478617012,0.0,0.0,0.0,0.0,0.0
7.116666666666666,-1.5025532,0.005562091236896447,1.8520903379285e-45,0.005562091236896447,0.0,0.0,0.0,0.0,0.0
7.133333333333334,-1.8021276,0.005523125670861713,1.518150428329057e-45,0.005523125670861713,0.0,0.0,0.0,0.0,0.0
7.15,-2.0314894,0.005484397959296541,1.2444178860027256e-45,0.005484397959296541,0.0,0.0,0.0,0.0,0.0
7.166666666666667,-2.1578722,0.005445907269727342,1.0200383173416093e-45,0.005445907269727342,0.0,0.0,0.0,0.0,0.0
7.183333333333334,-2.167234,0.005407652758854278,8.361140797202217e-46,0.005407652758854278,0.0,0.0,0.0,0.0,0.0
7.2,-2.0782979,0.0053696335729711475,6.853515542153393e-46,0.0053696335729711475,0.0,0.0,0.0,0.0,0.0
7.216666666666667,-1.9051063,0.0053318488483743215,5.617719975821006e-46,0.0053318488483743215,0.0,0.0,0.0,0.0,0.0
7.233333333333333,-1.6851064,0.005294297711761098,4.604745140270522e-46,0.005294297711761098,0.0,0.0,0.0,0.0,0.0
7.25,-1.4417021,0.005256979280617677,3.774417526249289e-46,0.005256979280617677,0.0,0.0,0.0,0.0,0.0
7.266666666666667,-1.1982979,0.005219892663597101,3.0938062933287492e-46,0.005219892663597101,0.0,0.0,0.0,0.0,0.0
7.283333333333333,-0.9782979,0.005183036960887386,2.535917605346159e-46,0.005183036960887386,0.0,0.0,0.0,0.0,0.0
7.3,-0.79106385,0.0051464112645700985,2.0786243288326855e-46,0.0051464112645700985,0.0,0.0,0.0,0.0,0.0
7.316666666666666,-0.6365957,0.005110014658969656,1.7037886698348301e-46,0.005110014658969656,0.0,0.0,0.0,0.0,0.0
7.333333333333333,-0.5102128,0.0050738462209935645,1.3965429711563338e-46,0.0050738462209935645,0.0,0.0,0.0,0.0,0.0
7.35,-0.41191489,0.005037905020463849,1.1447001605298088e-46,0.005037905020463849,0.0,0.0,0.0,0.0,0.0
7.366666666666666,-0.33234042,0.005002190120439904,9.382704789334567e-47,0.005002190120439904,0.0,0.0,0.0,0.0,0.0
7.383333333333334,-0.27617022,0.004966700577532948,7.690653308046111e-47,0.004966700577532948,0.0,0.0,0.0,0.0,0.0
7.4,-0.2293617,0.004931435442212385,6.303725511871027e-47,0.004931435442212385,0.0,0.0,0.0,0.0,0.0
7.416666666666667,-0.19659574,0.004896393759104167,5.166902157164256e-47,0.004896393759104167,0.0,0.0,0.0,0.0,0.0
7.433333333333334,-0.16851063,0.004861574567281464,4.2350843997498246e-47,0.004861574567281464,0.0,0.0,0.0,0.0,0.0
7.45,-0.14978723,0.0048269769005477685,3.471305170968228e-47,0.0048269769005477685,0.0,0.0,0.0,0.0,0.0
7.466666666666667,-0.13106383,0.004792599787712679,2.8452630195773803e-47,0.004792599787712679,0.0,0.0,0.0,0.0,0.0
7.483333333333333,-0.11702128,0.004758442252860501,2.3321202865132354e-47,0.004758442252860501,0.0,0.0,0.0,0.0,0.0
7.5,-0.10765957,0.004724503315611883,1.9115179588906478e-47,0.004724503315611883,0.0,0.0,0.0,0.0,0.0
7.516666666666667,-0.09829787,0.004690781991378647,1.5667681400467916e-47,0.004690781991378647,0.0,0.0,0.0,0.0,0.0
7.533333333333333,-0.09361702,0.0046572772916119816,1.2841921143669573e-47,0.0046572772916119816,0.0,0.0,0.0,0.0,0.0
7.55,-0.08893617,0.004623988224044191,1.0525777581971968e-47,0.004623988224044191,0.0,0.0,0.0,0.0,0.0
7.566666666666666,-0.079574466,0.004590913792924114,8.627347801379703e-48,0.004590913792924114,0.0,0.0,0.0,0.0,0.0
7.583333333333333,-0.074893616,0.004558052999246418,7.071301529945558e-48,0.004558052999246418,0.0,0.0,0.0,0.0,0.0
7.6,-0.07021277,0.004525404840974901,5.795892793901913e-48,0.004525404840974901,0.0,0.0,0.0,0.0,0.0
7.616666666666666,-0.06553192,0.0044929683132599405,4.750510395699603e-48,0.0044929683132599405,0.0,0.0,0.0,0.0,0.0
7.633333333333334,-0.06553192,0.004460742408650252,3.89367006564294e-48,0.004460742408650252,0.0,0.0,0.0,0.0,0.0
7.65,-0.060851064,0.004428726117299089,3.1913686534016254e-48,0.004428726117299089,0.0,0.0,0.0,0.0,0.0
7.666666666666667,-0.056170214,0.004396918427165023,2.615735082806524e-48,0.004396918427165023,0.0,0.0,0.0,0.0,0.0
7.683333333333334,-0.056170214,0.004365318324207447,2.1439245621746604e-48,0.004365318324207447,0.0,0.0,0.0,0.0,0.0
7.7,-0.05148936,0.004333924792576897,1.7572121895460122e-48,0.004333924792576897,0.0,0.0,0.0,0.0,0.0
7.716666666666667,-0.05148936,0.004302736814800379,1.4402500001307702e-48,0.004302736814800379,0.0,0.0,0.0,0.0,0.0
7.733333333333333,-0.04680851,0.004271753371961761,1.18045798549482e-48,0.004271753371961761,0.0,0.0,0.0,0.0,0.0
7.75,-0.04680851,0.004240973443877397,9.67524927570313e-49,0.004240973443877397,0.0,0.0,0.0,0.0,0.0
7.766666666666667,-0.04680851,0.004210396009267061,7.929992461507523e-49,0.004210396009267061,0.0,0.0,0.0,0.0,0.0
7.783333333333333,-0.042127658,0.004180020045920348,6.499536288244938e-49,0.004180020045920348,0.0,0.0,0.0,0.0,0.0
7.8,-0.042127658,0.004149844530858613,5.327101388863283e-49,0.004149844530858613,0.0,0.0,0.0,0.0,0.0
7.816666666666666,-0.042127658,0.004119868440492569,4.366148956964327e-49,0.004119868440492569,0.0,0.0,0.0,0.0,0.0
7.833333333333333,-0.037446808,0.004090090750775675,3.578533883586866e-49,0.004090090750775675,0.0,0.0,0.0,0.0,0.0
7.85,-0.037446808,0.004060510437353354,2.9329909544575466e-49,0.004060510437353354,0.0,0.0,0.0,0.0,0.0
7.866666666666666,-0.037446808,0.004031126475708226,2.4038940472941252e-49,0.004031126475708226,0.0,0.0,0.0,0.0,0.0
7.883333333333334,-0.037446808,0.004001937841301351,1.970239098782793e-49,0.004001937841301351,0.0,0.0,0.0,0.0,0.0
7.9,-0.03276596,0.003972943509709697,1.6148104881361142e-49,0.003972943509709697,0.0,0.0,0.0,0.0,0.0
7.916666666666667,-0.03276596,0.003944142456759799,1.323497760747583e-49,0.003944142456759799,0.0,0.0,0.0,0.0,0.0
7.933333333333334,-0.03276596,0.003915533658657791,1.08473557999694e-49,0.003915533658657791,0.0,0.0,0.0,0.0,0.0
7.95,-0.03276596,0.0038871160921158717,8.890446842982233e-50,0.0038871160921158717,0.0,0.0,0.0,0.0,0.0
7.966666666666667,-0.03276596,0.0038588887344752523,7.286556339387466e-50,0.0038588887344752523,0.0,0.0,0.0,0.0,0.0
7.983333333333333,-0.03276596,0.0038308505638257454,5.97200417088461e-50,0.0038308505638257454,0.0,0.0,0.0,0.0,0.0
8.0,-0.03276596,0.0038030005591219865,4.894596768610913e-50,0.0038030005591219865,0.0,0.0,0.0,0.0,0.0
8.016666666666667,-0.03276596,0.003775337700296456,4.011555282869667e-50,0.003775337700296456,0.0,0.0,0.0,0.0,0.0
8.033333333333333,-0.03276596,0.0037478609683693023,3.287817430580424e-50,0.0037478609683693023,0.0,0.0,0.0,0.0,0.0
8.05,-0.03276596,0.003720569345555072,2.69464562691371e-50,0.003720569345555072,0.0,0.0,0.0,0.0,0.0
8.066666666666666,-0.03276596,0.0036934618153664643,2.2084861615075035e-50,0.0036934618153664643,0.0,0.0,0.0,0.0,0.0
8.083333333333334,-0.03276596,0.0036665373627150764,1.8100341418365497e-50,0.0036665373627150764,0.0,0.0,0.0,0.0,0.0
8.1,-0.037446808,0.003639794974009335,1.4834670919515718e-50,0.003639794974009335,0.0,0.0,0.0,0.0,0.0
8.116666666666667,-0.037446808,0.0036132336372495595,1.2158167878743918e-50,0.0036132336372495595,0.0,0.0,0.0,0.0,0.0
8.133333333333333,-0.037446808,0.003586852342120334,9.964543969840099e-51,0.003586852342120334,0.0,0.0,0.0,0.0,0.0
8.15,-0.037446808,0.003560650080080154,8.1666848540935e-51,0.003560650080080154,0.0,0.0,0.0,0.0,0.0
8.166666666666666,-0.037446808,0.0035346258444485072,6.693191431804073e-51,0.0035346258444485072,0.0,0.0,0.0,0.0,0.0
8.183333333333334,-0.037446808,0.003508778630490342,5.485544979160756e-51,0.003508778630490342,0.0,0.0,0.0,0.0,0.0
8.2,-0.037446808,0.003483107435498103,4.495783640186541e-51,0.003483107435498103,0.0,0.0,0.0,0.0,0.0
8.216666666666667,-0.037446808,0.0034576112588712727,3.684598039545604e-51,0.0034576112588712727,0.0,0.0,0.0,0.0,0.0
8.233333333333333,-0.037446808,0.0034322891021935907,3.019770417672978e-51,0.0034322891021935907,0.0,0.0,0.0,0.0,0.0
8.25,-0.042127658,0.0034071399693078935,2.474895325026886e-51,0.0034071399693078935,0.0,0.0,0.0,0.0,0.0
8.266666666666667,-0.042127658,0.003382162866388736,2.028331088398894e-51,0.003382162866388736,0.0,0.0,0.0,0.0,0.0
8.283333333333333,-0.04680851,0.003357356802012767,1.6623404226345559e-51,0.003357356802012767,0.0,0.0,0.0,0.0,0.0
8.3,-0.04680851,0.0033327207872269372,1.3623860693673166e-51,0.0033327207872269372,0.0,0.0,0.0,0.0,0.0
8.316666666666666,-0.04680851,0.00330825383561463,1.1165534984083085e-51,0.00330825383561463,0.0,0.0,0.0,0.0,0.0
8.333333333333334,-0.04680851,0.003283954963359686,9.150777515089568e-52,0.003283954963359686,0.0,0.0,0.0,0.0,0.0
8.35,-0.042127658,0.003259823189308435,7.499556425061293e-52,0.003259823189308435,0.0,0.0,0.0,0.0,0.0
8.366666666666667,-0.042127658,0.003235857535029754,6.146279164563157e-52,0.003235857535029754,0.0,0.0,0.0,0.0,0.0
8.383333333333333,-0.042127658,0.003212057024873211,5.037187477623469e-52,0.003212057024873211,0.0,0.0,0.0,0.0,0.0
8.4,-0.042127658,0.0031884206860253047,4.128222337255849e-52,0.0031884206860253047,0.0,0.0,0.0,0.0,0.0
8.416666666666666,-0.04680851,0.003164947548563913,3.3832740577914276e-52,0.003164947548563913,0.0,0.0,0.0,0.0,0.0
8.433333333333334,-0.04680851,0.0031416366455109,2.7727480992885213e-52,0.0031416366455109,0.0,0.0,0.0,0.0,0.0
8.45,-0.04680851,0.0031184870128830224,2.27238961354367e-52,0.0031184870128830224,0.0,0.0,0.0,0.0,0.0
8.466666666666667,-0.04680851,0.0030954976897410815,1.8623200545427006e-52,0.0030954976897410815,0.0,0.0,0.0,0.0,0.0
8.483333333333333,-0.04680851,0.003072667718237453,1.5262475963973106e-52,0.003072667718237453,0.0,0.0,0.0,0.0,0.0
8.5,-0.04680851,0.0030499961436619366,1.2508200031408822e-52,0.0030499961436619366,0.0,0.0,0.0,0.0,0.0
8.516666666666667,-0.04680851,0.0030274820144860605,1.0250942511915074e-52,0.0030274820144860605,0.0,0.0,0.0,0.0,0.0
8.533333333333333,-0.04680851,0.0030051243824058037,8.401018413687646e-53,0.0030051243824058037,0.0,0.0,0.0,0.0,0.0
8.55,-0.04680851,0.0029829223023827927,6.884925371330554e-53,0.0029829223023827927,0.0,0.0,0.0,0.0,0.0
8.566666666666666,-0.04680851,0.002960874832684056,5.642423800482198e-53,0.002960874832684056,0.0,0.0,0.0,0.0,0.0
8.583333333333334,-0.04680851,0.0029389810349202713,4.624143859961617e-53,0.0029389810349202713,0.0,0.0,0.0,0.0,0.0
8.6,-0.04680851,0.002917239974082658,3.789624177375547e-53,0.002917239974082658,0.0,0.0,0.0,0.0,0.0
8.616666666666667,-0.04680851,0.0028956507185784355,3.1057044407386e-53,0.0028956507185784355,0.0,0.0,0.0,0.0,0.0
8.633333333333333,-0.04680851,0.002874212340264975,2.5452080120607983e-53,0.002874212340264975,0.0,0.0,0.0,0.0,0.0
8.65,-0.04680851,0.002852923914482602,2.0858622369988127e-53,0.002852923914482602,0.0,0.0,0.0,0.0,0.0
8.666666666666666,-0.04680851,0.0028317845200861325,1.709413564919249e-53,0.0028317845200861325,0.0,0.0,0.0,0.0,0.0
8.683333333333334,-0.04680851,0.0028107932394751374,1.4009023309028302e-53,0.0028107932394751374,0.0,0.0,0.0,0.0,0.0
8.7,-0.04680851,0.002789949158622997,1.1480683925705637e-53,0.002789949158622997,0.0,0.0,0.0,0.0,0.0
8.716666666666667,-0.04680851,0.0027692513671047332,9.408640119284058e-54,0.0027692513671047332,0.0,0.0,0.0,0.0,0.0
8.733333333333333,-0.04680851,0.002748698958123704,7.710546321005932e-54,0.002748698958123704,0.0,0.0,0.0,0.0,0.0
8.75,-0.04680851,0.002728291028537114,6.318916899970199e-54,0.002728291028537114,0.0,0.0,0.0,0.0,0.0
8.766666666666667,-0.04680851,0.0027080266788804493,5.17844467283632e-54,0.0027080266788804493,0.0,0.0,0.0,0.0,0.0
8.783333333333333,-0.04680851,0.002687905013390799,4.243803271192218e-54,0.002687905013390799,0.0,0.0,0.0,0.0,0.0
8.8,-0.04680851,0.0026679251400291135,3.477846061240374e-54,0.0026679251400291135,0.0,0.0,0.0,0.0,0.0
8.816666666666666,-0.04680851,0.002648086170501438,2.8501300628091907e-54,0.002648086170501438,0.0,0.0,0.0,0.0,0.0
8.833333333333334,-0.04680851,0.0026283872202791147,2.3357062250066127e-54,0.0026283872202791147,0.0,0.0,0.0,0.0,0.0
8.85,-0.04680851,0.0026088274086180103,1.914127996840122e-54,0.0026088274086180103,0.0,0.0,0.0,0.0,0.0
8.866666666666667,-0.04680851,0.0025894058585767604,1.5686388030581683e-54,0.0025894058585767604,0.0,0.0,0.0,0.0,0.0
8.883333333333333,-0.04680851,0.0025701216970340944,1.2855061427675437e-54,0.0025701216970340944,0.0,0.0,0.0,0.0,0.0
8.9,-0.04680851,0.002550974054705203,1.0534758533220817e-54,0.002550974054705203,0.0,0.0,0.0,0.0,0.0
8.916666666666666,-0.04680851,0.002531962066157248,8.633248559348382e-55,0.002531962066157248,0.0,0.0,0.0,0.0,0.0
8.933333333333334,-0.04680851,0.0025130848698239573,7.074946120482321e-55,0.0025130848698239573,0.0,0.0,0.0,0.0,0.0
8.95,-0.04680851,0.0024943416080193885,5.797907261259122e-55,0.0024943416080193885,0.0,0.0,0.0,0.0,0.0
8.966666666666667,-0.04680851,0.0024757314269508424,4.751367585696586e-55,0.0024757314269508424,0.0,0.0,0.0,0.0,0.0
8.983333333333333,-0.04680851,0.0024572534767309698,3.893724663138248e-55,0.0024572534767309698,0.0,0.0,0.0,0.0,0.0
9.0,-0.04680851,0.002438906911389065,3.1908845386136543e-55,0.002438906911389065,0.0,0.0,0.0,0.0,0.0
9.016666666666667,-0.04680851,0.0024206908888816064,2.6149066422488337e-55,0.0024206908888816064,0.0,0.0,0.0,0.0,0.0
9.033333333333331,-0.04680851,0.0024026045711020186,2.1428932489016333e-55,0.0024026045711020186,0.0,0.0,0.0,0.0,0.0
9.05,-0.04680851,0.002384647123889692,1.756079356318202e-55,0.002384647123889692,0.0,0.0,0.0,0.0,0.0
9.066666666666666,-0.04680851,0.0023668177170383113,1.4390868138275737e-55,0.0023668177170383113,0.0,0.0,0.0,0.0,0.0
9.083333333333334,-0.05148936,0.0023491155243034307,1.1793130602819102e-55,0.0023491155243034307,0.0,0.0,0.0,0.0,0.0
9.1,-0.05148936,0.0023315397234094045,9.664301789266766e-56,0.0023315397234094045,0.0,0.0,0.0,0.0,0.0
9.116666666666667,-0.05148936,0.0023140894960556216,7.919743606295646e-56,0.0023140894960556216,0.0,0.0,0.0,0.0,0.0
9.133333333333333,-0.056170214,0.0022967640279220984,6.490094595992758e-56,0.0022967640279220984,0.0,0.0,0.0,0.0,0.0
9.15,-0.056170214,0.00227956250867442,5.318512701097135e-56,0.00227956250867442,0.0,0.0,0.0,0.0,0.0
9.166666666666666,-0.056170214,0.0022624841319680805,4.358415658059063e-56,0.0022624841319680805,0.0,0.0,0.0,0.0,0.0
9.183333333333334,-0.056170214,0.0022455280954521866,3.571629207753345e-56,0.0022455280954521866,0.0,0.0,0.0,0.0,0.0
9.2,-0.056170214,0.0022286936007726047,2.9268695230346394e-56,0.0022286936007726047,0.0,0.0,0.0,0.0,0.0
9.216666666666669,-0.056170214,0.0022119798535744873,2.3984995348952506e-56,0.0022119798535744873,0.0,0.0,0.0,0.0,0.0
9.233333333333333,-0.056170214,0.002195386063504291,1.965509724588005e-56,0.002195386063504291,0.0,0.0,0.0,0.0,0.0
9.25,-0.056170214,0.002178911444211178,1.6106828702256146e-56,0.002178911444211178,0.0,0.0,0.0,0.0,0.0
9.266666666666667,-0.056170214,0.002162555213347951,1.319909547584325e-56,0.002162555213347951,0.0,0.0,0.0,0.0,0.0
9.283333333333331,-0.05148936,0.0021463165925714243,1.0816271766219227e-56,0.0021463165925714243,0.0,0.0,0.0,0.0,0.0
9.3,-0.05148936,0.0021301948075422815,8.863603156915527e-57,0.0021301948075422815,0.0,0.0,0.0,0.0,0.0
9.316666666666666,-0.05148936,0.002114189087924486,7.263439297153451e-57,0.002114189087924486,0.0,0.0,0.0,0.0,0.0
9.333333333333334,-0.05148936,0.0020982986673841403,5.952146565987924e-57,0.0020982986673841403,0.0,0.0,0.0,0.0,0.0
9.35,-0.05148936,0.0020825227835879353,4.877577989904604e-57,0.0020825227835879353,0.0,0.0,0.0,0.0,0.0
9.366666666666667,-0.056170214,0.002066860678201106,3.9969998352207766e-57,0.002066860678201106,0.0,0.0,0.0,0.0,0.0
9.383333333333333,-0.056170214,0.002051311596884953,3.27539244941542e-57,0.002051311596884953,0.0,0.0,0.0,0.0,0.0
9.4,-0.056170214,0.002035874789293922,2.6840578021133e-57,0.002035874789293922,0.0,0.0,0.0,0.0,0.0
9.416666666666666,-0.05148936,0.002020549509072273,2.1994783681693463e-57,0.002020549509072273,0.0,0.0,0.0,0.0,0.0
9.433333333333334,-0.04680851,0.002005335013850321,1.8023819866518278e-57,0.002005335013850321,0.0,0.0,0.0,0.0,0.0
9.45,-0.04680851,0.0019902305652402873,1.4769755176365847e-57,0.0019902305652402873,0.0,0.0,0.0,0.0,0.0
9.466666666666669,-0.04680851,0.0019752354288317463,1.2103168290198209e-57,0.0019752354288317463,0.0,0.0,0.0,0.0,0.0
9.483333333333333,-0.04680851,0.001960348874186717,9.91800144757811e-58,0.001960348874186717,0.0,0.0,0.0,0.0,0.0
9.5,-0.04680851,0.0019455701748343388,8.12734292610362e-58,0.0019455701748343388,0.0,0.0,0.0,0.0,0.0
9.516666666666667,-0.04680851,0.0019308986082652456,6.659970827453857e-58,0.0019308986082652456,0.0,0.0,0.0,0.0,0.0
9.533333333333331,-0.04680851,0.00191633345592554,5.45752075240799e-58,0.00191633345592554,0.0,0.0,0.0,0.0,0.0
9.55,-0.04680851,0.0019018740032104378,4.4721647491956784e-58,0.0019018740032104378,0.0,0.0,0.0,0.0,0.0
9.566666666666666,-0.04680851,0.0018875195394576108,3.6647092465939855e-58,0.0018875195394576108,0.0,0.0,0.0,0.0,0.0
9.583333333333334,-0.04680851,0.0018732693579401564,3.003036341350681e-58,0.0018732693579401564,0.0,0.0,0.0,0.0,0.0
9.6,-0.04680851,0.0018591227558592998,2.4608264609970527e-58,0.0018591227558592998,0.0,0.0,0.0,0.0,0.0
9.616666666666667,-0.04680851,0.0018450790343367536,2.0165116105331823e-58,0.0018450790343367536,0.0,0.0,0.0,0.0,0.0
9.633333333333333,-0.04680851,0.0018311374984068104,1.6524175796105617e-58,0.0018311374984068104,0.0,0.0,0.0,0.0,0.0
9.65,-0.04680851,0.0018172974570081248,1.3540610001272002e-58,0.0018172974570081248,0.0,0.0,0.0,0.0,0.0
9.666666666666666,-0.04680851,0.0018035582229752314,1.109573301298584e-58,0.0018035582229752314,0.0,0.0,0.0,0.0,0.0
9.683333333333334,-0.04680851,0.001789919113029778,9.092286550350327e-59,0.001789919113029778,0.0,0.0,0.0,0.0,0.0
9.7,-0.04680851,0.0017763794477715041,7.450571394513359e-59,0.0017763794477715041,0.0,0.0,0.0,0.0,0.0
9.716666666666669,-0.04680851,0.0017629385516689509,6.1052773694026664e-59,0.0017629385516689509,0.0,0.0,0.0,0.0,0.0
9.733333333333333,-0.04680851,0.0017495957530499452,5.002885601878921e-59,0.0017495957530499452,0.0,0.0,0.0,0.0,0.0
9.75,-0.04680851,0.0017363503840918016,4.099539751919399e-59,0.0017363503840918016,0.0,0.0,0.0,0.0,0.0
9.766666666666667,-0.04680851,0.0017232017808113376,3.359301552507105e-59,0.0017232017808113376,0.0,0.0,0.0,0.0,0.0
9.783333333333331,-0.04680851,0.0017101492830546273,2.7527212815804825e-59,0.0017101492830546273,0.0,0.0,0.0,0.0,0.0
9.8,-0.04680851,0.0016971922344865336,2.2556663124095857e-59,0.0016971922344865336,0.0,0.0,0.0,0.0,0.0
9.816666666666666,-0.04680851,0.0016843299825800634,1.8483611520097178e-59,0.0016843299825800634,0.0,0.0,0.0,0.0,0.0
9.833333333333334,-0.04680851,0.001671561878605461,1.5146007877897728e-59,0.001671561878605461,0.0,0.0,0.0,0.0,0.0
9.85,-0.04680851,0.0016588872776191485,1.2411060549817087e-59,0.0016588872776191485,0.0,0.0,0.0,0.0,0.0
9.866666666666667,-0.04680851,0.001646305538452437,1.0169953855492742e-59,0.001646305538452437,0.0,0.0,0.0,0.0,0.0
9.883333333333333,-0.05148936,0.0016338160237000744,8.333519278389806e-60,0.0016338160237000744,0.0,0.0,0.0,0.0,0.0
9.9,-0.05148936,0.001621418099708589,6.828688192466458e-60,0.001621418099708589,0.0,0.0,0.0,0.0,0.0
9.916666666666666,-0.05148936,0.0016091111365644794,5.595585024683087e-60,0.0016091111365644794,0.0,0.0,0.0,0.0,0.0
9.933333333333334,-0.05148936,0.0015968945080822063,4.5851452307925485e-60,0.0015968945080822063,0.0,0.0,0.0,0.0,0.0
9.95,-0.05148936,0.0015847675917920463,3.757163335359146e-60,0.0015847675917920463,0.0,0.0,0.0,0.0,0.0
9.966666666666669,-0.05148936,0.0015727297689277623,3.07869339224676e-60,0.0015727297689277623,0.0,0.0,0.0,0.0,0.0
9.983333333333333,-0.05148936,0.0015607804244141446,2.522738239164233e-60,0.0015607804244141446,0.0,0.0,0.0,0.0,0.0
10.0,-0.05148936,0.0015489189468543684,2.0671754066641322e-60,0.0015489189468543684,0.0,0.0,0.0,0.0,0.0
10.016666666666667,-0.05148936,0.0015371447285172474,1.69387695510993e-60,0.0015371447285172474,0.0,0.0,0.0,0.0,0.0
10.033333333333331,-0.05148936,0.0015254571653243196,1.38798822686898e-60,0.0015254571653243196,0.0,0.0,0.0,0.0,0.0
10.05,-0.05148936,0.0015138556568368,1.1373368221709723e-60,0.0015138556568368,0.0,0.0,0.0,0.0,0.0
10.066666666666666,-0.05148936,0.0015023396062424361,9.319482870587942e-61,0.0015023396062424361,0.0,0.0,0.0,0.0,0.0
10.083333333333334,-0.05148936,0.001490908420342189,7.636492466811189e-61,0.001490908420342189,0.0,0.0,0.0,0.0,0.0
10.1,-0.05148936,0.00147956150953684,6.257421956583011e-61,0.00147956150953684,0.0,0.0,0.0,0.0,0.0
10.116666666666667,-0.05148936,0.001468298287813451,5.1273900773465366e-61,0.001468298287813451,0.0,0.0,0.0,0.0,0.0
10.133333333333333,-0.05148936,0.0014571181727317372,4.201425627937763e-61,0.0014571181727317372,0.0,0.0,0.0,0.0,0.0
10.15,-0.05148936,0.0014460205854103132,3.442678034578998e-61,0.0014460205854103132,0.0,0.0,0.0,0.0,0.0
10.166666666666666,-0.05148936,0.0014350049505128541,2.8209510205643465e-61,0.0014350049505128541,0.0,0.0,0.0,0.0,0.0
10.183333333333334,-0.05148936,0.0014240706962341425,2.311501041190002e-61,0.0014240706962341425,0.0,0.0,0.0,0.0,0.0
10.2,-0.05148936,0.0014132172542860397,1.89405267854158e-61,0.0014132172542860397,0.0,0.0,0.0,0.0,0.0
10.216666666666669,-0.05148936,0.0014024440598833447,1.5519918221062793e-61,0.0014024440598833447,0.0,0.0,0.0,0.0,0.0
10.233333333333333,-0.05148936,0.001391750551729597,1.271704534182337e-61,0.001391750551729597,0.0,0.0,0.0,0.0,0.0
10.25,-0.05148936,0.0013811361720027563,1.0420352950415453e-61,0.0013811361720027563,0.0,0.0,0.0,0.0,0.0
10.266666666666667,-0.05148936,0.0013706003663408474,8.538430723323932e-62,0.0013706003663408474,0.0,0.0,0.0,0.0,0.0
10.283333333333331,-0.05148936,0.0013601425838275008,6.996375512075622e-62,0.0013601425838275008,0.0,0.0,0.0,0.0,0.0
10.3,-0.05148936,0.0013497622769774221,5.732810509555164e-62,0.0013497622769774221,0.0,0.0,0.0,0.0,0.0
10.316666666666666,-0.05148936,0.0013394589017218233,4.697442673738595e-62,0.0013394589017218233,0.0,0.0,0.0,0.0,0.0
10.333333333333334,-0.05148936,0.0013292319173937436,3.8490612170889368e-62,0.0013292319173937436,0.0,0.0,0.0,0.0,0.0
10.35,-0.056170214,0.0013190807867133505,3.153897519008252e-62,0.0013190807867133505,0.0,0.0,0.0,0.0,0.0
10.366666666666667,-0.056170214,0.0013090049757731547,2.5842811992492097e-62,0.0013090049757731547,0.0,0.0,0.0,0.0,0.0
10.383333333333333,-0.056170214,0.0012990039540231898,2.1175388742087038e-62,0.0012990039540231898,0.0,0.0,0.0,0.0,0.0
10.4,-0.056170214,0.001289077194256122,1.7350917743222335e-62,0.001289077194256122,0.0,0.0,0.0,0.0,0.0
10.416666666666666,-0.056170214,0.00127922417259233,1.4217163135411968e-62,0.00127922417259233,0.0,0.0,0.0,0.0,0.0
10.433333333333334,-0.05148936,0.0012694443684649185,1.164938185892034e-62,0.0012694443684649185,0.0,0.0,0.0,0.0,0.0
10.45,-0.05148936,0.0012597372646047098,9.545358773675938e-63,0.0012597372646047098,0.0,0.0,0.0,0.0,0.0
10.466666666666669,-0.05148936,0.0012501023470251776,7.821338352685666e-63,0.0012501023470251776,0.0,0.0,0.0,0.0,0.0
10.483333333333333,-0.05148936,0.0012405391050073593,6.408691048259059e-63,0.0012405391050073593,0.0,0.0,0.0,0.0,0.0
10.5,-0.056170214,0.0012310470310847102,5.251181664380073e-63,0.0012310470310847102,0.0,0.0,0.0,0.0,0.0
10.516666666666667,-0.056170214,0.0012216256210279572,4.302731024726212e-63,0.0012216256210279572,0.0,0.0,0.0,0.0,0.0
10.533333333333331,-0.056170214,0.0012122743738298986,3.525581856232899e-63,0.0012122743738298986,0.0,0.0,0.0,0.0,0.0
10.55,-0.05148936,0.0012029927916901808,2.8887958938678494e-63,0.0012029927916901808,0.0,0.0,0.0,0.0,0.0
10.566666666666666,-0.05148936,0.0011937803800000676,2.367022393414525e-63,0.0011937803800000676,0.0,0.0,0.0,0.0,0.0
10.583333333333334,-0.05148936,0.0011846366473271576,1.9394890400438488e-63,0.0011846366473271576,0.0,0.0,0.0,0.0,0.0
10.6,-0.05148936,0.0011755611054001123,1.589175091080651e-63,0.0011755611054001123,0.0,0.0,0.0,0.0,0.0
10.616666666666667,-0.05148936,0.0011665532690933447,1.3021338437847227e-63,0.0011665532690933447,0.0,0.0,0.0,0.0,0.0
10.633333333333333,-0.05148936,0.0011576126564117064,1.0669374617797927e-63,0.0011576126564117064,0.0,0.0,0.0,0.0,0.0
10.65,-0.05148936,0.0011487387884751511,8.742220634369086e-64,0.0011487387884751511,0.0,0.0,0.0,0.0,0.0
10.666666666666666,-0.05148936,0.0011399311895033974,7.16314965839432e-64,0.0011399311895033974,0.0,0.0,0.0,0.0,0.0
10.683333333333334,-0.05148936,0.0011311893868005717,5.869292477049255e-64,0.0011311893868005717,0.0,0.0,0.0,0.0,0.0
10.7,-0.05148936,0.0011225129107398579,4.809134739379199e-64,0.0011225129107398579,0.0,0.0,0.0,0.0,0.0
10.716666666666669,-0.05148936,0.001113901294748124,3.940466199518917e-64,0.001113901294748124,0.0,0.0,0.0,0.0,0.0
10.733333333333333,-0.05148936,0.0011053540752905715,3.228700329022853e-64,0.0011053540752905715,0.0,0.0,0.0,0.0,0.0
10.75,-0.05148936,0.0010968707918553497,2.645497411027958e-64,0.0010968707918553497,0.0,0.0,0.0,0.0,0.0
10.766666666666667,-0.05148936,0.0010884509869382056,2.1676363082395174e-64,0.0010884509869382056,0.0,0.0,0.0,0.0,0.0
10.783333333333331,-0.05148936,0.0010800942060271161,1.7760899946267834e-64,0.0010800942060271161,0.0,0.0,0.0,0.0,0.0
10.8,-0.05148936,0.0010717999975869206,1.4552680511964297e-64,0.0010717999975869206,0.0,0.0,0.0,0.0,0.0
10.816666666666666,-0.05148936,0.0010635679130439838,1.1923959720243826e-64,0.0010635679130439838,0.0,0.0,0.0,0.0,0.0
10.833333333333334,-0.05148936,0.0010553975067708352,9.770065723733887e-65,0.0010553975067708352,0.0,0.0,0.0,0.0,0.0
10.85,-0.05148936,0.0010472883360708445,8.00523252946079e-65,0.0010472883360708445,0.0,0.0,0.0,0.0,0.0
10.866666666666667,-0.05148936,0.0010392399611628903,6.559185306952155e-65,0.0010392399611628903,0.0,0.0,0.0,0.0,0.0
10.883333333333333,-0.05148936,0.0010312519451660528,5.374342426764508e-65,0.0010312519451660528,0.0,0.0,0.0,0.0,0.0
10.9,-0.05148936,0.0010233238540843094,4.403522844180405e-65,0.0010233238540843094,0.0,0.0,0.0,0.0,0.0
10.916666666666666,-0.05148936,0.0010154552567912592,3.608067559137865e-65,0.0010154552567912592,0.0,0.0,0.0,0.0,0.0
10.933333333333334,-0.05148936,0.001007645725014851,2.956300366823956e-65,0.001007645725014851,0.0,0.0,0.0,0.0,0.0
10.95,-0.05148936,0.0009998948333221427,2.422266619898694e-65,0.0009998948333221427,0.0,0.0,0.0,0.0,0.0
10.966666666666669,-0.05148936,0.0009922021591040639,1.9846997905739757e-65,0.0009922021591040639,0.0,0.0,0.0,0.0,0.0
10.983333333333333,-0.05148936,0.0009845672825602228,1.6261746893024636e-65,0.0009845672825602228,0.0,0.0,0.0,0.0,0.0
11.0,-0.05148936,0.000976989786683705,1.3324136275679492e-65,0.000976989786683705,0.0,0.0,0.0,0.0,0.0
11.016666666666667,-0.05148936,0.0009694692572459299,1.0917179010101557e-65,0.0009694692572459299,0.0,0.0,0.0,0.0,0.0
11.033333333333331,-0.05148936,0.0009620052827815043,8.945019582083003e-66,0.0009620052827815043,0.0,0.0,0.0,0.0,0.0
11.05,-0.05148936,0.0009545974545731099,7.329117084925987e-66,0.0009545974545731099,0.0,0.0,0.0,0.0,0.0
11.066666666666666,-0.05148936,0.0009472453666364342,6.005117718767097e-66,0.0009472453666364342,0.0,0.0,0.0,0.0,0.0
11.083333333333334,-0.05148936,0.0009399486157051002,4.92029218945167e-66,0.0009399486157051002,0.0,0.0,0.0,0.0,0.0
11.1,-0.04680851,0.000932706801215654,4.0314359755402743e-66,0.000932706801215654,0.0,0.0,0.0,0.0,0.0
11.116666666666667,-0.04680851,0.0009255195252925601,3.3031488603218824e-66,0.0009255195252925601,0.0,0.0,0.0,0.0,0.0
11.133333333333333,-0.04680851,0.0009183863927332466,2.7064252257028377e-66,0.0009183863927332466,0.0,0.0,0.0,0.0,0.0
11.15,-0.04680851,0.0009113070109931679,2.2174989776015845e-66,0.0009113070109931679,0.0,0.0,0.0,0.0,0.0
11.166666666666666,-0.04680851,0.0009042809901709139,1.816897110593177e-66,0.0009042809901709139,0.0,0.0,0.0,0.0,0.0
11.183333333333334,-0.042127658,0.0008973079429933422,1.4886642265813187e-66,0.0008973079429933422,0.0,0.0,0.0,0.0,0.0
11.2,-0.042127658,0.0008903874848007542,1.219727128953655e-66,0.0008903874848007542,0.0,0.0,0.0,0.0,0.0
11.216666666666669,-0.042127658,0.0008835192335321011,9.993741909649345e-67,0.0008835192335321011,0.0,0.0,0.0,0.0,0.0
11.233333333333333,-0.037446808,0.0008767028097102375,8.188287670398074e-67,0.0008767028097102375,0.0,0.0,0.0,0.0,0.0
11.25,-0.037446808,0.0008699378364271931,6.708996602208434e-67,0.0008699378364271931,0.0,0.0,0.0,0.0,0.0
11.266666666666667,-0.037446808,0.0008632239393295095,5.496947271985072e-67,0.0008632239393295095,0.0,0.0,0.0,0.0,0.0
11.283333333333331,-0.03276596,0.0008565607466035964,4.503862163877923e-67,0.0008565607466035964,0.0,0.0,0.0,0.0,0.0
11.3,-0.03276596,0.000849947888961131,3.690184944667558e-67,0.000849947888961131,0.0,0.0,0.0,0.0,0.0
11.316666666666666,-0.03276596,0.0008433849996245144,3.023505046699363e-67,0.0008433849996245144,0.0,0.0,0.0,0.0,0.0
11.333333333333334,-0.03276596,0.0008368717143123468,2.4772668313992475e-67,0.0008368717143123468,0.0,0.0,0.0,0.0,0.0
11.35,-0.03276596,0.0008304076712249637,2.0297119284907234e-67,0.0008304076712249637,0.0,0.0,0.0,0.0,0.0
11.366666666666667,-0.03276596,0.000823992511030004,1.6630126312561085e-67,0.000823992511030004,0.0,0.0,0.0,0.0,0.0
11.383333333333333,-0.03276596,0.0008176258768480312,1.3625618362803563e-67,0.0008176258768480312,0.0,0.0,0.0,0.0,0.0
11.4,-0.03276596,0.0008113074142381908,1.1163912499824737e-67,0.0008113074142381908,0.0,0.0,0.0,0.0,0.0
11.416666666666666,-0.037446808,0.0008050367711839216,9.146946921099392e-68,0.0008050367711839216,0.0,0.0,0.0,0.0,0.0
11.433333333333334,-0.037446808,0.0007988135980787019,7.49437511611898e-68,0.0007988135980787019,0.0,0.0,0.0,0.0,0.0
11.45,-0.037446808,0.0007926375477118566,6.1403655957710246e-68,0.0007926375477118566,0.0,0.0,0.0,0.0,0.0
11.466666666666669,-0.037446808,0.000786508275254395,5.030979737598964e-68,0.000786508275254395,0.0,0.0,0.0,0.0,0.0
11.483333333333333,-0.037446808,0.0007804254382449147,4.1220233151490375e-68,0.0007804254382449147,0.0,0.0,0.0,0.0,0.0
11.5,-0.037446808,0.0007743886965755327,3.3772861438736505e-68,0.0007743886965755327,0.0,0.0,0.0,0.0,0.0
11.516666666666667,-0.037446808,0.0007683977124778848,2.7670997328397516e-68,0.0007683977124778848,0.0,0.0,0.0,0.0,0.0
11.533333333333331,-0.037446808,0.0007624521505091638,2.2671554962369385e-68,0.0007624521505091638,0.0,0.0,0.0,0.0,0.0
11.55,-0.037446808,0.0007565516775382027,1.8575364557385307e-68,0.0007565516775382027,0.0,0.0,0.0,0.0,0.0
11.566666666666666,-0.037446808,0.0007506959627316259,1.5219238673618932e-68,0.0007506959627316259,0.0,0.0,0.0,0.0,0.0
11.583333333333334,-0.037446808,0.0007448846775400304,1.2469471731751237e-68,0.0007448846775400304,0.0,0.0,0.0,0.0,0.0
11.6,-0.037446808,0.0007391174956842314,1.0216513864637336e-68,0.0007391174956842314,0.0,0.0,0.0,0.0,0.0
11.616666666666667,-0.037446808,0.0007333940931415527,8.370606960891696e-69,0.0007333940931415527,0.0,0.0,0.0,0.0,0.0
11.633333333333333,-0.037446808,0.0007277141481321746,6.85820908026259e-69,0.0007277141481321746,0.0,0.0,0.0,0.0,0.0
11.65,-0.037446808,0.0007220773411055279,5.619064820548312e-69,0.0007220773411055279,0.0,0.0,0.0,0.0,0.0
11.666666666666666,-0.037446808,0.000716483354726746,4.603804943586591e-69,0.000716483354726746,0.0,0.0,0.0,0.0,0.0
11.683333333333334,-0.03276596,0.0007109318738631635,3.771979648094386e-69,0.0007109318738631635,0.0,0.0,0.0,0.0,0.0
11.7,-0.037446808,0.0007054225855708765,3.0904471493604625e-69,0.0007054225855708765,0.0,0.0,0.0,0.0,0.0
11.716666666666669,-0.037446808,0.0006999551790813467,2.532053377892893e-69,0.0006999551790813467,0.0,0.0,0.0,0.0,0.0
11.733333333333333,-0.03276596,0.0006945293457966099,2.074550204712519e-69,0.000694529345788073,0.0,8.536858514428496e-15,0.0,0.0,0.0
11.75,-0.03276596,0.0006891953221261672,1.6997091018602298e-69,0.000689144779233297,0.0,5.054289287020361e-08,0.0,0.0,0.0
11.766666666666667,-0.028085107,0.0006915684655679437,1.3925949312702372e-69,0.0006838011750947841,0.0,7.767290473159576e-06,0.0,0.0,0.0
11.783333333333331,-0.023404256,0.0008282260004569476,1.1409709334562293e-69,0.0006784982311726501,0.0,0.00014972776928429748,0.0,0.0,0.0
11.8,-0.009361702,0.001820215388170736,9.348112135335006e-70,0.000673235647376234,0.0,0.001146979740794502,0.0,0.0,0.0
11.816666666666666,0.009361702,0.005868824286672196,7.659013040742084e-70,0.0006680131257110473,0.0,0.0052008111609611486,0.0,0.0,0.0
11.833333333333334,0.042127658,0.017469656136121635,6.275108927282612e-70,0.000662830370265756,0.0,0.01680682576585588,0.0,0.0,0.0
11.85,0.084255315,0.043510929319167314,5.1412567717133195e-70,0.0006576870871992357,0.0,0.042853242231968076,0.0,0.0,0.0
11.866666666666667,0.14978723,0.0923626807393184,4.21227665258271e-70,0.0006525829847276706,0.0,0.09171009775459073,0.0,0.0,0.0
11.883333333333333,0.2387234,0.1721742211984384,3.4511516808232907e-70,0.0006475177731117192,0.0,0.17152670342532667,0.0,0.0,0.0
11.9,0.36042553,0.2889295933273178,2.827553148287135e-70,0.0006424911646437247,0.0,0.2882871021626741,0.0,0.0,0.0
11.916666666666666,0.5055319,0.4448520904960986,2.316632138503399e-70,0.0006375028736349942,0.0,0.4442145876224636,0.0,0.0,0.0
11.933333333333334,0.68340427,0.6375667476467755,1.8980294588357348e-70,0.000632552616403124,0.0,0.6369341950303723,0.0,0.0,0.0
11.95,0.88468087,0.8601580921094142,1.5550644504673727e-70,0.0006276401112593892,0.0,0.8595304519981548,0.0,0.0,0.0
11.966666666666669,1.1046809,1.1020151748974654,1.2740703586506095e-70,0.0006227650784961838,0.0,1.1013924098189691,0.0,0.0,0.0
11.983333333333333,1.3387234,1.3502004032924249,1.0438497842904081e-70,0.0006179272403745274,0.0,1.3495824760520503,0.0,0.0,0.0
12.0,1.5680851,1.59102575805567,8.552285217543672e-71,0.0006131263211116144,0.0,1.5904126317345584,0.0,0.0,0.0
12.016666666666667,1.7834042,1.8115495791525944,7.006900073732358e-71,0.0006083620468684383,0.0,1.810941217105726,0.0,0.0,0.0
12.033333333333331,1.98,2.0007858551228472,5.74075814547642e-71,0.00060363414573746,0.0,2.0001822209771096,0.0,0.0,0.0
12.05,2.134468,2.1505133327126287,4.7034026264116315e-71,0.0005989423477303355,0.0,2.1499143903648985,0.0,0.0,0.0
12.066666666666666,2.2514894,2.2556596295944025,3.85349362727577e-71,0.0005942863847657124,0.0,2.255065343209637,0.0,0.0,0.0
12.083333333333334,2.321702,2.3143021670031536,3.157160896541851e-71,0.0005896659906570653,0.0,2.3137125010124966,0.0,0.0,0.0
12.1,2.3404255,2.3273685587138986,2.5866541715313693e-71,0.0005850809011006098,0.0,2.326783477812798,0.0,0.0,0.0
12.116666666666667,2.3170211,2.2981359073233083,2.1192373852632018e-71,0.0005805308536632539,0.0,2.2975553764696452,0.0,0.0,0.0
12.133333333333333,2.2514894,2.2316265771712342,1.7362826699057344e-71,0.0005760155877706259,0.0,2.2310505615834635,0.0,0.0,0.0
12.15,2.1531916,2.1339838955885506,1.4225280580031032e-71,0.0005715348446951459,0.0,2.1334123607438555,0.0,0.0,0.0
12.166666666666666,2.0221276,2.0118909219245302,1.1654693047653572e-71,0.0005670883675441658,0.0,2.011323833556986,0.0,0.0,0.0
12.183333333333334,1.8770213,1.8720737054371692,9.548615984820317e-72,0.0005626759012481586,0.0,1.871511029535921,0.0,0.0,0.0
12.2,1.7178723,1.7209105941004752,7.82311304424529e-72,0.0005582971925489743,0.0,1.7203522969079261,0.0,0.0,0.0
12.216666666666669,1.5493617,1.5641529930901013,6.409414748689608e-72,0.0005539519899881451,0.0,1.563599041100113,0.0,0.0,0.0
12.233333333333333,1.3855319,1.4067511939856243,5.251177970200055e-72,0.0005496400438952587,0.0,1.406201553941729,0.0,0.0,0.0
12.25,1.226383,1.2527713893459225,4.3022405873508417e-72,0.0005453611063763788,0.0,1.252226028239546,0.0,0.0,0.0
12.266666666666667,1.0765958,1.1053861560059022,3.5247818498429264e-72,0.0005411149313025328,0.0,1.1048450410745996,0.0,0.0,0.0
12.283333333333331,0.9361702,0.9669197165107098,2.8878151453631315e-72,0.0005369012742982537,0.0,0.9663828152364116,0.0,0.0,0.0
12.3,0.8144681,0.8389303189372751,2.3659531084425814e-72,0.0005327198927301773,0.0,0.8383975990445449,0.0,0.0,0.0
12.316666666666666,0.70212764,0.7223143401213525,1.9383958628399534e-72,0.000528570545695707,0.0,0.7217857695756569,0.0,0.0,0.0
12.333333333333334,0.6038298,0.6174195868619049,1.5881020800894443e-72,0.000524452994011723,0.0,0.6168951338678932,0.0,0.0,0.0
12.35,0.5148936,0.5241582751360224,1.301109821532778e-72,0.0005203670002033629,0.0,0.523637908135819,0.0,0.0,0.0
12.366666666666667,0.44,0.4421129920502199,1.0659800996360724e-72,0.0005163123284928499,0.0,0.44159667972172706,0.0,0.0,0.0
12.383333333333333,0.3744681,0.3706314019944859,8.733409844923067e-73,0.000512288744788387,0.0,0.37011911324969754,0.0,0.0,0.0
12.4,0.3229787,0.3089074609471358,7.155140879545647e-73,0.0005082960166731009,0.0,0.30839916493046265,0.0,0.0,0.0
12.416666666666666,0.27617022,0.2560484370492664,5.862085404835786e-73,0.0005043339133940548,0.0,0.25554410313587234,0.0,0.0,0.0
12.433333333333334,0.2387234,0.2111281342920385,4.802702653105264e-73,0.0005004022058513045,0.0,0.2106277320861872,0.0,0.0,0.0
12.45,0.20595744,0.17322743876389532,3.934765580844063e-73,0.000496500666587027,0.0,0.1727309380973083,0.0,0.0,0.0
12.466666666666669,0.17787234,0.14146372387291808,3.223677855883333e-73,0.0004926290697746949,0.0,0.14097109480314338,0.0,0.0,0.0
12.483333333333333,0.15446809,0.1150108334066337,2.6410949631338395e-73,0.0004887871912083188,0.0,0.11452204621542539,0.0,0.0,0.0
12.5,0.13574468,0.09311137438874309,2.1637944760973767e-73,0.000484974808291734,0.0,0.09262639958045135,0.0,0.0,0.0
12.516666666666667,0.12170213,0.0750829511762243,1.7727504708703967e-73,0.00048119170002796,0.0,0.07460175947619634,0.0,0.0,0.0
12.533333333333331,0.10765957,0.0603198031162835,1.4523751947173858e-73,0.00047743764700860673,0.0,0.0598423654692749,0.0,0.0,0.0
12.55,0.09361702,0.04829110480268033,1.1898977666986451e-73,0.000473712431403337,0.0,0.047817392371276995,0.0,0.0,0.0
12.566666666666666,0.084255315,0.03853697547079606,9.748551488654192e-74,0.0004700158369493993,0.0,0.03806695963384667,0.0,0.0,0.0
12.583333333333334,0.074893616,0.030663039248732912,7.986751008071716e-74,0.00046634764894119824,0.0,0.030196691599791714,0.0,0.0,0.0
12.6,0.06553192,0.02433419129841185,6.543344961529136e-74,0.00046270765421993905,0.0,0.02387148364419191,0.0,0.0,0.0
12.616666666666667,0.060851064,0.019268061893479772,5.3607938305359804e-74,0.0004590956411633177,0.0,0.018808966252316456,0.0,0.0,0.0
12.633333333333333,0.05148936,0.015228533204343763,4.391956314055427e-74,0.0004555113996752749,0.0,0.014773021804668489,0.0,0.0,0.0
12.65,0.04680851,0.01201955159724726,3.598210256661856e-74,0.00045195472117580084,0.0,0.01156759687607146,0.0,0.0,0.0
12.666666666666666,0.042127658,0.009479389694378842,2.947913139096989e-74,0.0004484253985908021,0.0,0.00903096429578804,0.0,0.0,0.0
12.683333333333334,0.037446808,0.007475444542277591,2.415140770929585e-74,0.0004449232263420187,0.0,0.0070305213159355725,0.0,0.0,0.0
12.7,0.03276596,0.005899607909419359,1.9786539128662763e-74,0.00044144800033700396,0.0,0.005458159909082355,0.0,0.0,0.0
12.716666666666669,0.028085107,0.004664208882788801,1.6210516405513635e-74,0.00043799951795915273,0.0,0.004226209364829648,0.0,0.0,0.0
12.733333333333333,0.028085107,0.0036985046588417694,1.328077704484364e-74,0.000434577578057797,0.0,0.003263927080783972,0.0,0.0,0.0
12.75,0.023404256,0.002945680145136653,1.0880522385647612e-74,0.0004311819809383409,0.0,0.002514498164198312,0.0,0.0,0.0
12.766666666666667,0.018723404,0.002360308493345103,8.914061657784702e-75,0.0004278125283524678,0.0,0.0019324959649926348,0.0,0.0,0.0
12.783333333333331,0.018723404,0.001906221137499381,7.302997427620264e-75,0.0004244690234883938,0.0,0.0014817521140109873,0.0,0.0,0.0
12.8,0.0140425535,0.001554735834633758,5.983100385554324e-75,0.00042115127096117524,0.0,0.0011335845636725828,0.0,0.0,0.0
12.816666666666666,0.009361702,0.001283193439024673,4.90174890433884e-75,0.000417859076803081,0.0,0.000865334362221592,0.0,0.0,0.0
12.833333333333334,0.009361702,0.0010737578016667933,4.0158313078999324e-75,0.0004145922484540072,0.0,0.0006591655532127861,0.0,0.0,0.0
12.85,0.009361702,0.0009124376183054785,3.2900272334665083e-75,0.00041135059475195753,0.0,0.000501087023553521,0.0,0.0,0.0
12.866666666666667,0.004680851,0.0007882937828286875,2.695399580106477e-75,0.0004081339259235706,0.0,0.000380159856905117,0.0,0.0,0.0
12.883333333333333,0.004680851,0.0006928005151935146,2.2082409166016617e-75,0.0004049420535747087,0.0,0.00028785846161880595,0.0,0.0,0.0
12.9,0.004680851,0.0006193330140148534,1.809128364296516e-75,0.00040177479068109377,0.0,0.0002175582233337597,0.0,0.0,0.0
12.916666666666666,0.0,0.0005627585074837104,1.482149280422338e-75,0.0003986319515790042,0.0,0.00016412655590470628,0.0,0.0,0.0
12.933333333333334,-0.004680851,0.0005191112776746843,1.2142668756041826e-75,0.0003955133519560202,0.0,0.00012359792571866403,0.0,0.0,0.0
12.95,-0.004680851,0.0004853354908446675,9.948004771721914e-76,0.0003924188088418284,0.0,9.291668200283913e-05,0.0,0.0,0.0
12.966666666666669,-0.004680851,0.0004590824872400272,8.149997198327901e-76,0.00038934814059907435,0.0,6.973434664095287e-05,0.0,0.0,0.0
12.983333333333333,-0.009361702,0.00043855159374821967,6.676956893617499e-76,0.0003863011669142755,0.0,5.225042683394417e-05,0.0,0.0,0.0
13.0,-0.009361702,0.0004223655574859213,5.4701511248547314e-76,0.00038327770878877866,0.0,3.908784869714264e-05,0.0,0.0,0.0
13.016666666666667,-0.0140425535,0.00040947339910065225,4.481461992947376e-76,0.00038027758852978024,0.0,2.9195810570872037e-05,0.0,0.0,0.0
13.033333333333331,-0.0140425535,0.0003990748933083498,3.6714680354671336e-76,0.000377300629741393,0.0,2.1774263566956792e-05,0.0,0.0,0.0
13.05,-0.0140425535,0.00039056204178002877,3.007872531381985e-76,0.00037434665731576655,0.0,1.621538446426222e-05,0.0,0.0,0.0
13.066666666666666,-0.018723404,0.00038347384784058914,2.4642158510767278e-76,0.00037141549742426464,0.0,1.2058350416324477e-05,0.0,0.0,0.0
13.083333333333334,-0.018723404,0.00037746146777977124,2.018820518382573e-76,0.00036850697750868765,0.0,8.954490271083586e-06,0.0,0.0,0.0
13.1,-0.018723404,0.0003722614301081972,1.6539269282357556e-76,0.0003656209262725552,0.0,6.640503835641962e-06,0.0,0.0,0.0
13.116666666666667,-0.018723404,0.00036767510800466856,1.3549852639892099e-76,0.0003627571736724345,0.0,4.9179343322340636e-06,0.0,0.0,0.0
13.133333333333333,-0.023404256,0.0003635530238558548,1.1100753853011033e-76,0.00035991555090932547,0.0,3.6374729465293463e-06,0.0,0.0,0.0
13.15,-0.023404256,0.00035978287704302274,9.094315591087913e-77,0.00035709589042009257,0.0,2.6869866229301746e-06,0.0,0.0,0.0
13.166666666666666,-0.023404256,0.00035628043271382457,7.450530858410571e-77,0.000354298025868954,0.0,1.98240684487053e-06,0.0,0.0,0.0
13.183333333333334,-0.023404256,0.0003529826031899692,6.1038529732176556e-77,0.00035152179213901593,0.0,1.4608110509533139e-06,0.0,0.0,0.0
13.2,-0.023404256,0.0003498422055571182,5.000582082856868e-77,0.0003487670253238644,0.0,1.0751802332537896e-06,0.0,0.0,0.0
13.216666666666669,-0.023404256,0.0003468239975263788,4.096724018874776e-77,0.00034603356271920065,0.0,7.904348071781262e-07,0.0,0.0,0.0
13.233333333333333,-0.023404256,0.00034390168584781975,3.3562361266855804e-77,0.00034332124281453617,0.0,5.804430332835799e-07,0.0,0.0,0.0
13.25,-0.023404256,0.0003410556730162091,2.7495901321443027e-77,0.00034062990528492727,0.0,4.257677312818226e-07,0.0,0.0,0.0
13.266666666666667,-0.023404256,0.0003382713632257129,2.2525947469262727e-77,0.0003379593909827718,0.0,3.1197224294114745e-07,0.0,0.0,0.0
13.283333333333331,-0.023404256,0.00033553789106810755,1.8454310699103914e-77,0.00033530954192964726,0.0,2.2834913846031405e-07,0.0,0.0,0.0
13.3,-0.023404256,0.0003328471691461765,1.5118623256295241e-77,0.0003326802013082003,0.0,1.669678379761886e-07,0.0,0.0,0.0
13.316666666666666,-0.028085107,0.0003301931758078268,1.2385864314677306e-77,0.00033007121345409205,0.0,1.2196235373474753e-07,0.0,0.0,0.0
13.333333333333334,-0.028085107,0.0003275714233349532,1.0147055797479925e-77,0.0003274824238479831,0.0,8.899948697011367e-08,0.0,0.0,0.0
13.35,-0.028085107,0.00032497856150090146,8.312916861908554e-78,0.00032491367910757613,0.0,6.488239332533258e-08,0.0,0.0,0.0
13.366666666666667,-0.028085107,0.0003224120824965408,6.8103037840031275e-78,0.00032236482697970336,0.0,4.7255516837435734e-08,0.0,0.0,0.0
13.383333333333333,-0.028085107,0.00031987010163536124,5.579293294463134e-78,0.00031983571633246424,0.0,3.4385302896979976e-08,0.0,0.0,0.0
13.4,-0.028085107,0.0003173511946143584,4.570793070875633e-78,0.00031732619714741004,0.0,2.4997466948314343e-08,0.0,0.0,0.0
13.416666666666666,-0.028085107,0.000314854276916351,3.744584110003532e-78,0.00031483612051178087,0.0,1.81564045701313e-08,0.0,0.0,0.0
13.433333333333334,-0.028085107,0.0003123785145643531,3.0677169233896595e-78,0.0003123653386107855,0.0,1.3175953567583553e-08,0.0,0.0,0.0
13.45,-0.028085107,0.0003099232581658225,2.5131976070414934e-78,0.00030991370471993474,0.0,9.553445887805941e-09,0.0,0.0,0.0
13.466666666666669,-0.028085107,0.0003074879942324179,2.0589113937975366e-78,0.00030748107319741776,0.0,6.921035000169739e-09,0.0,0.0,0.0
13.483333333333333,-0.028085107,0.0003050723092957951,1.686740765960659e-78,0.00030506729947653045,0.0,5.009819264690942e-09,0.0,0.0,0.0
13.5,-0.028085107,0.0003026758634883335,1.3818429634043256e-78,0.00030267224005814554,0.0,3.6234301879365036e-09,0.0,0.0,0.0
13.516666666666667,-0.028085107,0.0003002983711154248,1.1320580779350475e-78,0.00030029575250323763,0.0,2.6186121871760752e-09,0.0,0.0,0.0
13.533333333333331,-0.028085107,0.00029793958638549734,9.27424131590924e-79,0.0002979376954254481,0.0,1.8909600492607535e-09,0.0,0.0,0.0
13.55,-0.028085107,0.00029559929294009694,7.597798024006142e-79,0.00029559792848369833,0.0,1.3644563986130943e-09,0.0,0.0,0.0
13.566666666666666,-0.028085107,0.0002932772961802455,6.224389559755588e-79,0.00029327631237485496,0.0,9.83805390561957e-10,0.0,0.0,0.0
13.583333333333334,-0.028085107,0.0002909734176479324,5.0992400451672805e-79,0.00029097270882643257,0.0,7.088214997878946e-10,0.0,0.0,0.0
13.6,-0.028085107,0.0002886874909162691,4.1774746053940145e-79,0.00028868698058935003,0.0,5.103269190736735e-10,0.0,0.0,0.0
13.616666666666667,-0.028085107,0.0002864193585858519,3.422329743811553e-79,0.0002864189914307281,0.0,3.671551238729459e-10,0.0,0.0,0.0
13.633333333333333,-0.028085107,0.00028416887009133764,2.803687189870473e-79,0.00028416860612673556,0.0,2.6396460205446766e-10,0.0,0.0,0.0
13.65,-0.028085107,0.0002819358801007807,2.2968727533305038e-79,0.00028193569045547814,0.0,1.8964530253281932e-10,0.0,0.0,0.0
13.666666666666666,-0.023404256,0.00027972024734818817,1.8816722858796806e-79,0.0002797201111899356,0.0,1.3615825260023544e-10,0.0,0.0,0.0
13.683333333333334,-0.023404256,0.00027752183378235113,1.5415255085708227e-79,0.0002775217360909413,0.0,9.769140980546832e-11,0.0,0.0,0.0
13.7,-0.028085107,0.0002753405039463525,1.2628655561998887e-79,0.00027534043390020857,0.0,7.00461439070219e-11,0.0,0.0,0.0
13.716666666666669,-0.023404256,0.0002731761245251477,1.0345779004936479e-79,0.0002731760743333988,0.0,5.019174889817542e-11,0.0,0.0,0.0
13.733333333333333,-0.023404256,0.00027102856401549586,8.475570744773316e-80,0.0002710285280732392,0.0,3.594225666243362e-11,0.0,0.0,0.0
13.75,-0.023404256,0.00026889769248485997,6.943435204668237e-80,0.00026889766676267674,0.0,2.5722183233577723e-11,0.0,0.0,0.0
13.766666666666667,-0.023404256,0.00026678338139496746,5.688260792965112e-80,0.00026678336299808497,0.0,1.8396882470254827e-11,0.0,0.0,0.0
13.783333333333331,-0.028085107,0.00026468550347230054,4.6599825604764635e-80,0.00026468549032250815,0.0,1.3149792408880418e-11,0.0,0.0,0.0
13.8,-0.023404256,0.00026260393261263564,3.817585420745627e-80,0.00026260392321894946,0.0,9.393686203038732e-12,0.0,0.0,0.0
13.816666666666666,-0.028085107,0.0002605385438102679,3.127468300415866e-80,0.00026053853710370785,0.0,6.7065600679306545e-12,0.0,0.0,0.0
13.833333333333334,-0.023404256,0.0002584892131051063,2.5621039804343946e-80,0.00025848920831975043,0.0,4.785355858371613e-12,0.0,0.0,0.0
13.85,-0.028085107,0.00025645581754271646,2.0989411808471195e-80,0.00025645581413013326,0.0,3.4125831797769287e-12,0.0,0.0,0.0
13.866666666666667,-0.028085107,0.00025443823514372524,1.719505102565747e-80,0.00025443823271146143,0.0,2.432263834304155e-12,0.0,0.0,0.0
13.883333333333333,-0.028085107,0.00025243634488000285,1.4086605539939781e-80,0.0002524363431473949,0.0,1.7326079483157699e-12,0.0,0.0,0.0
13.9,-0.028085107,0.0002504500266557397,1.1540082743603455e-80,0.0002504500254221925,0.0,1.2335472043569702e-12,0.0,0.0,0.0
13.916666666666666,-0.028085107,0.0002484791612920717,9.453903775998414e-81,0.0002484791604143018,0.0,8.777698878275342e-13,0.0,0.0,0.0
13.933333333333334,-0.023404256,0.00024652363051426624,7.744851924740286e-81,0.00024652362988998757,0.0,6.242787011283754e-13,0.0,0.0,0.0
13.95,-0.023404256,0.0002445833169407688,6.344753398726803e-81,0.00024458331649700415,0.0,4.437646620202412e-13,0.0,0.0,0.0
13.966666666666669,-0.023404256,0.0002426581040735945,5.197758090651683e-81,0.0002426581037583071,0.0,3.152874002521905e-13,0.0,0.0,0.0
13.983333333333333,-0.028085107,0.00024074787628970346,4.258111875539453e-81,0.00024074787606580893,0.0,2.2389453300637216e-13,0.0,0.0,0.0
14.0,-0.023404256,0.00023885251883308694,3.48833159543807e-81,0.00023885251867417133,0.0,1.5891560118775487e-13,0.0,0.0,0.0
14.016666666666667,-0.023404256,0.00023697191780738274,2.8577099406273003e-81,0.00023697191769464252,0.0,1.1274022099780926e-13,0.0,0.0,0.0
14.033333333333331,-0.023404256,0.00023510596016887618,2.3410905949593795e-81,0.0002351059600889326,0.0,7.994357936023137e-14,0.0,0.0,0.0
14.05,-0.023404256,0.0002332545337197894,1.91786479198067e-81,0.00023325453366312849,0.0,5.666092388848671e-14,0.0,0.0,0.0
14.066666666666666,-0.023404256,0.0002314175271017931,1.571149259152923e-81,0.0002314175270616527,0.0,4.014042798423422e-14,0.0,0.0,0.0
14.083333333333334,-0.023404256,0.00022959482978968015,1.2871127619567716e-81,0.00022959482976125638,0.0,2.842375805009478e-14,0.0,0.0,0.0
14.1,-0.023404256,0.00022778633208517533,1.0544243864637813e-81,0.00022778633206505734,0.0,2.0118007011363784e-14,0.0,0.0,0.0
14.116666666666667,-0.023404256,0.0002259919251108463,8.6380155444085e-82,0.00022599192509661337,0.0,1.4232956392510546e-14,0.0,0.0,0.0
14.133333333333333,-0.023404256,0.00022421150080410257,7.076397428741714e-82,0.00022421150079403754,0.0,1.0065020844195052e-14,0.0,0.0,0.0
14.15,-0.023404256,0.0002224449519112652,5.797091385917357e-82,0.00022244495190415066,0.0,7.114530888531027e-15,0.0,0.0,0.0
14.166666666666666,-0.023404256,0.00022069217198170072,4.749061284036418e-82,0.0002206921719766739,0.0,5.026810005076862e-15,0.0,0.0,0.0
14.183333333333334,-0.023404256,0.00021895305536200833,3.8904971233573736e-82,0.0002189530553584581,0.0,3.550224450955926e-15,0.0,0.0,0.0
14.2,-0.023404256,0.00021722749719026044,3.187147193391985e-82,0.00021722749718775411,0.0,2.5063329582252055e-15,0.0,0.0,0.0
14.216666666666669,-0.023404256,0.00021551539339028663,2.6109517277612508e-82,0.00021551539338851797,0.0,1.768657581603493e-15,0.0,0.0,0.0
14.233333333333333,-0.023404256,0.00021381664066600584,2.138923555566461e-82,0.00021381664066475825,0.0,1.2475937005030469e-15,0.0,0.0,0.0
14.25,-0.023404256,0.00021213113649579487,1.7522310999710508e-82,0.00021213113649491518,0.0,8.79689350864785e-16,0.0,0.0,0.0
14.266666666666667,-0.023404256,0.0002104587791269039,1.4354471457821947e-82,0.00021045877912628387,0.0,6.20032605840618e-16,0.0,0.0,0.0
14.283333333333331,-0.023404256,0.00020879946756990726,1.1759334099383471e-82,0.0002087994675694704,0.0,4.3684864601943857e-16,0.0,0.0,0.0
14.3,-0.023404256,0.00020715310159319242,9.633363657081624e-83,0.00020715310159288475,0.0,3.07667006985771e-16,0.0,0.0,0.0
14.316666666666666,-0.023404256,0.00020551958171749244,7.891742091139871e-83,0.00020551958171727584,0.0,2.166040035501314e-16,0.0,0.0,0.0
14.333333333333334,-0.023404256,0.00020389880921044764,6.464984916176637e-83,0.0002038988092102952,0.0,1.5243677917347348e-16,0.0,0.0,0.0
14.35,-0.023404256,0.00020229068608121163,5.296169214564601e-83,0.0002022906860811044,0.0,1.072390236085006e-16,0.0,0.0,0.0
14.366666666666667,-0.023404256,0.00020069511507508954,4.338662759761447e-83,0.00020069511507501414,0.0,7.541500646520663e-17,0.0,0.0,0.0
14.383333333333333,-0.023404256,0.0001991119996682149,3.554263662069177e-83,0.0001991119996681619,0.0,5.301594678200222e-17,0.0,0.0,0.0
14.4,-0.023404256,0.00019754124406226074,2.9116763248755778e-83,0.00019754124406222347,0.0,3.725641426641342e-17,0.0,0.0,0.0
14.416666666666666,-0.023404256,0.00019598275317918865,2.3852629148587552e-83,0.00019598275317916247,0.0,2.6172384327228683e-17,0.0,0.0,0.0
14.433333333333334,-0.023404256,0.00019443643265603077,1.954020539954089e-83,0.0001944364326560124,0.0,1.837956000425272e-17,0.0,0.0,0.0
14.45,-0.023404256,0.0001929021888397097,1.600743332499752e-83,0.00019290218883969679,0.0,1.2902633671963575e-17,0.0,0.0,0.0
14.466666666666669,-0.023404256,0.00019137992878189133,1.3113360109974788e-83,0.00019137992878188228,0.0,9.05471685091144e-18,0.0,0.0,0.0
14.483333333333333,-0.023404256,0.00018986956023387454,1.0742515365858945e-83,0.0001898695602338682,0.0,6.352232909439489e-18,0.0,0.0,0.0
14.5,-0.023404256,0.00018837099164151244,8.800304306366465e-84,0.000188370991641508,0.0,4.454866919948794e-18,0.0,0.0,0.0
14.516666666666667,-0.023404256,0.0001868841321401723,7.20923375325472e-84,0.00018688413214016918,0.0,3.123212662175632e-18,0.0,0.0,0.0
14.533333333333331,-0.023404256,0.00018540889154972646,5.9058204135307655e-84,0.00018540889154972426,0.0,2.18891333182402e-18,0.0,0.0,0.0
14.55,-0.023404256,0.00018394518036957719,4.838058087318581e-84,0.00018394518036957564,0.0,1.5336187918318112e-18,0.0,0.0,0.0
14.566666666666666,-0.023404256,0.0001824929097737193,3.963342762735136e-84,0.00018249290977371822,0.0,1.074161914700933e-18,0.0,0.0,0.0
14.583333333333334,-0.023404256,0.0001810519916058303,3.246772820548682e-84,0.00018105199160582954,0.0,7.521200250224738e-19,0.0,0.0,0.0
14.6,-0.023404256,0.00017962233837439973,2.659756535732892e-84,0.00017962233837439922,0.0,5.264670539151194e-19,0.0,0.0,0.0
14.616666666666667,-0.023404256,0.0001782038632478874,2.1788713221488063e-84,0.00017820386324788703,0.0,3.68403234148213e-19,0.0,0.0,0.0
14.633333333333333,-0.023404256,0.00017679648004991833,1.7849292095749157e-84,0.00017679648004991806,0.0,2.577183704715125e-19,0.0,0.0,0.0
14.65,-0.023404256,0.00017540010325450679,1.4622112697394145e-84,0.0001754001032545066,0.0,1.8023474550422787e-19,0.0,0.0,0.0
14.666666666666666,-0.028085107,0.00017401464798131626,1.1978404481164452e-84,0.00017401464798131612,0.0,1.2600980026059143e-19,0.0,0.0,0.0
14.683333333333334,-0.028085107,0.00017264002999094958,9.812677798890386e-85,0.0001726400299909495,0.0,8.807329297246395e-20,0.0,0.0,0.0
14.7,-0.028085107,0.00017127616568027328,8.038514919314488e-85,0.00017127616568027323,0.0,6.154030842900178e-20,0.0,0.0,0.0
14.716666666666669,-0.028085107,0.00016992297207777142,6.585121983644002e-85,0.00016992297207777136,0.0,4.298847296594217e-20,0.0,0.0,0.0
14.733333333333333,-0.028085107,0.00016858036683893481,5.394504330262851e-85,0.0001685803668389348,0.0,3.0020827151367826e-20,0.0,0.0,0.0
14.75,-0.028085107,0.0001672482682416775,4.4191524917761336e-85,0.00016724826824167748,0.0,2.0959114124779948e-20,0.0,0.0,0.0
14.766666666666667,-0.028085107,0.00016592659518178932,3.620146541374164e-85,0.0001659265951817893,0.0,1.4628646610311486e-20,0.0,0.0,0.0
14.783333333333331,-0.028085107,0.00016461526716841698,2.96560315606259e-85,0.00016461526716841698,0.0,1.0207458799621004e-20,0.0,0.0,0.0
14.8,-0.028085107,0.0001633142043195754,2.4294034375521157e-85,0.0001633142043195754,0.0,7.12056844560483e-21,0.0,0.0,0.0
14.816666666666666,-0.028085107,0.00016202332735769414,1.990150732935301e-85,0.00016202332735769414,0.0,4.9658831812325074e-21,0.0,0.0,0.0
14.833333333333334,-0.028085107,0.00016074255760518928,1.630316873611226e-85,0.00016074255760518928,0.0,3.462297456943338e-21,0.0,0.0,0.0
14.85,-0.028085107,0.00015947181698007027,1.335542768318995e-85,0.00015947181698007027,0.0,2.4133456045487484e-21,0.0,0.0,0.0
14.866666666666667,-0.028085107,0.000158211027991574,1.0940654445080199e-85,0.000158211027991574,0.0,1.6817565548808392e-21,0.0,0.0,0.0
14.883333333333333,-0.028085107,0.0001569601137358316,8.962486773065728e-86,0.0001569601137358316,0.0,1.1716459262725369e-21,0.0,0.0,0.0
14.9,-0.028085107,0.0001557189978915627,7.341984783087421e-86,0.0001557189978915627,0.0,8.160569286898618e-22,0.0,0.0,0.0
14.916666666666666,-0.028085107,0.0001544876047158021,6.014481021822511e-86,0.0001544876047158021,0.0,5.682461253365993e-22,0.0,0.0,0.0
14.933333333333334,-0.028085107,0.00015326585903965338,4.9270000277361536e-86,0.00015326585903965338,0.0,3.955902634692804e-22,0.0,0.0,0.0
14.95,-0.03276596,0.00015205368626407498,4.0361444261962004e-86,0.00015205368626407498,0.0,2.7532706078543267e-22,0.0,0.0,0.0
14.966666666666669,-0.03276596,0.00015085101235569201,3.306363212123694e-86,0.00015085101235569201,0.0,1.915788180170141e-22,0.0,0.0,0.0
14.983333333333333,-0.03276596,0.0001496577638426412,2.708533122786649e-86,0.0001496577638426412,0.0,1.332730823752183e-22,0.0,0.0,0.0
15.0,-0.03276596,0.00014847386781043998,2.2187964955933064e-86,0.00014847386781043998,0.0,9.269041278257631e-23,0.0,0.0,0.0
15.016666666666667,-0.03276596,0.00014729925189788944,1.8176092395374804e-86,0.00014729925189788944,0.0,6.445040550923823e-23,0.0,0.0,0.0
15.033333333333331,-0.03276596,0.000146133844293002,1.4889609325577854e-86,0.000146133844293002,0.0,4.480391693303991e-23,0.0,0.0,0.0
15.05,-0.03276596,0.00014497757372895808,1.2197359250216288e-86,0.00014497757372895808,0.0,3.113915443758712e-23,0.0,0.0,0.0
15.066666666666666,-0.03276596,0.0001438303694800938,9.991899558202133e-87,0.0001438303694800938,0.0,2.1637104710021345e-23,0.0,0.0,0.0
15.083333333333334,-0.03276596,0.000142692161357912,8.18521396651531e-87,0.000142692161357912,0.0,1.5031210578406517e-23,0.0,0.0,0.0
15.1,-0.03276596,0.00014156287970712585,6.705200158782822e-87,0.00014156287970712585,0.0,1.0439800970895091e-23,0.0,0.0,0.0
15.116666666666667,-0.03276596,0.00014044245540172589,5.492792465101998e-87,0.00014044245540172589,0.0,7.24928008790295e-24,0.0,0.0,0.0
15.133333333333333,-0.03276596,0.0001393308198410783,4.499604768050759e-87,0.0001393308198410783,0.0,5.032721283807794e-24,0.0,0.0,0.0
15.15,-0.03276596,0.00013822790494604742,3.6859995780299797e-87,0.00013822790494604742,0.0,3.4931492602537535e-24,0.0,0.0,0.0
15.166666666666666,-0.03276596,0.00013713364315514796,3.019506226332517e-87,0.00013713364315514796,0.0,2.4240333034855882e-24,0.0,0.0,0.0
15.183333333333334,-0.03276596,0.0001360479674207218,2.473525055103888e-87,0.0001360479674207218,0.0,1.6817757842782382e-24,0.0,0.0,0.0
15.2,-0.03276596,0.00013497081120514398,2.0262658955235406e-87,0.00013497081120514398,0.0,1.166558617179237e-24,0.0,0.0,0.0
15.216666666666669,-0.03276596,0.00013390210847705292,1.6598784744109981e-87,0.00013390210847705292,0.0,8.0901182298171065e-25,0.0,0.0,0.0
15.233333333333333,-0.03276596,0.00013284179370760994,1.359740048102404e-87,0.00013284179370760994,0.0,5.60936708755066e-25,0.0,0.0,0.0
15.25,-0.03276596,0.0001317898018667812,1.1138718364139767e-87,0.0001317898018667812,0.0,3.8885205131029674e-25,0.0,0.0,0.0
15.266666666666667,-0.03276596,0.00013074606841965059,9.124609691673815e-88,0.00013074606841965059,0.0,2.695052943683082e-25,0.0,0.0,0.0
15.283333333333331,-0.03276596,0.00012971052932275444,7.474688681638962e-88,0.00012971052932275444,0.0,1.867512023475762e-25,0.0,0.0,0.0
15.3,-0.028085107,0.00012868312102044333,6.123104366708048e-88,0.00012868312102044333,0.0,1.2938189947263125e-25,0.0,0.0,0.0
15.316666666666666,-0.028085107,0.00012766378044127186,5.01591254052e-88,0.00012766378044127186,0.0,8.961866100726385e-26,0.0,0.0,0.0
15.333333333333334,-0.028085107,0.0001266524449944095,4.108922878771293e-88,0.0001266524449944095,0.0,6.206388829366026e-26,0.0,0.0,0.0
15.35,-0.028085107,0.00012564905256608105,3.36593532051697e-88,0.00012564905256608105,0.0,4.2973021530902006e-26,0.0,0.0,0.0
15.366666666666667,-0.028085107,0.00012465354151602884,2.7572953287761363e-88,0.00012465354151602884,0.0,2.974883413237652e-26,0.0,0.0,0.0
15.383333333333333,-0.028085107,0.0001236658506740028,2.258710374731078e-88,0.0001236658506740028,0.0,2.0590264047174744e-26,0.0,0.0,0.0
15.4,-0.028085107,0.00012268591933627267,1.8502804142399818e-88,0.00012268591933627267,0.0,1.424861118302912e-26,0.0,0.0,0.0
15.416666666666666,-0.028085107,0.00012171368726216765,1.5157036650638838e-88,0.00012171368726216765,0.0,9.858311713276037e-27,0.0,0.0,0.0
15.433333333333334,-0.028085107,0.00012074909467063753,1.241625988879095e-88,0.00012074909467063753,0.0,6.819502216381991e-27,0.0,0.0,0.0
15.45,-0.028085107,0.00011979208223684107,1.0171079129797846e-88,0.00011979208223684107,0.0,4.716541272748644e-27,0.0,0.0,0.0
15.466666666666669,-0.028085107,0.00011884259108875621,8.331880212468287e-89,0.00011884259108875621,0.0,3.2614907169312196e-27,0.0,0.0,0.0
15.483333333333333,-0.028085107,0.00011790056280381659,6.825252898147898e-89,0.00011790056280381659,0.0,2.2549187402713386e-27,0.0,0.0,0.0
15.5,-0.028085107,0.00011696593940556903,5.591060933697455e-89,0.00011696593940556903,0.0,1.558721679646215e-27,0.0,0.0,0.0
15.516666666666667,-0.028085107,0.00011603866336035809,4.5800418888811005e-89,0.00011603866336035809,0.0,1.0772831484040748e-27,0.0,0.0,0.0
15.533333333333331,-0.023404256,0.00011511867757403179,3.7518409785947185e-89,0.00011511867757403179,0.0,7.444155533102136e-28,0.0,0.0,0.0
15.55,-0.023404256,0.00011420592538867087,3.0734004000634457e-89,0.00011420592538867087,0.0,5.14311167104368e-28,0.0,0.0,0.0
15.566666666666666,-0.023404256,0.00011330035057934351,2.5176399032832443e-89,0.00011330035057934351,0.0,3.552728886011068e-28,0.0,0.0,0.0
15.583333333333334,-0.023404256,0.00011240189735088027,2.0623759357996063e-89,0.00011240189735088027,0.0,2.4537167200556215e-28,0.0,0.0,0.0
15.6,-0.023404256,0.0001115105103346739,1.689436224245553e-89,0.0001115105103346739,0.0,1.694391079554387e-28,0.0,0.0,0.0
15.616666666666667,-0.018723404,0.000110626134585501,1.383934454833313e-89,0.000110626134585501,0.0,1.169850588157332e-28,0.0,0.0,0.0
15.633333333333333,-0.018723404,0.00010974871557836735,1.133676104506453e-89,0.00010974871557836735,0.0,8.075608693123899e-29,0.0,0.0,0.0
15.65,-0.018723404,0.00010887819920537448,9.286717086757762e-90,0.00010887819920537448,0.0,5.573767849724858e-29,0.0,0.0,0.0
15.666666666666666,-0.018723404,0.00010801453177260991,7.6073813928436954e-90,0.00010801453177260991,0.0,3.8463768338489436e-29,0.0,0.0,0.0
15.683333333333334,-0.018723404,0.0001071576599970583,6.2317197947882536e-90,0.0001071576599970583,0.0,2.653901049990027e-29,0.0,0.0,0.0
15.7,-0.018723404,0.00010630753100353607,5.104819585936481e-90,0.00010630753100353607,0.0,1.8308305622400538e-29,0.0,0.0,0.0
15.716666666666669,-0.018723404,0.00010546409232164629,4.181697683085132e-90,0.00010546409232164629,0.0,1.2628236134820635e-29,0.0,0.0,0.0
15.733333333333333,-0.018723404,0.00010462729188275786,3.4255051179098807e-90,0.00010462729188275786,0.0,8.709012680167742e-30,0.0,0.0,0.0
15.75,-0.018723404,0.00010379707801700256,2.806056194464451e-90,0.00010379707801700256,0.0,6.00519905141196e-30,0.0,0.0,0.0
15.766666666666667,-0.018723404,0.00010297339945029777,2.298623606957752e-90,0.00010297339945029777,0.0,4.1401750902143575e-30,0.0,0.0,0.0
15.783333333333331,-0.018723404,0.00010215620530138776,1.8829514269974423e-90,0.00010215620530138776,0.0,2.8539304072921133e-30,0.0,0.0,0.0
15.8,-0.018723404,0.00010134544507890654,1.5424465651447728e-90,0.00010134544507890654,0.0,1.966989157811661e-30,0.0,0.0,0.0
15.816666666666666,-0.0140425535,0.00010054106867846354,1.2635164349681035e-90,0.00010054106867846354,0.0,1.3554859185260718e-30,0.0,0.0,0.0
15.833333333333334,-0.0140425535,9.974302637974756e-05,1.035026383112246e-90,9.974302637974756e-05,0.0,9.339487492531289e-31,0.0,0.0,0.0
15.85,-0.0140425535,9.895126884365388e-05,8.478552291188202e-91,9.895126884365388e-05,0.0,6.43408207781452e-31,0.0,0.0,0.0
15.866666666666667,-0.0140425535,9.816574710943043e-05,6.945311745974246e-91,9.816574710943043e-05,0.0,4.431861570896037e-31,0.0,0.0,0.0
15.883333333333333,-0.0140425535,9.738641259184551e-05,5.689335491655398e-91,9.738641259184551e-05,0.0,3.0522656495700317e-31,0.0,0.0,0.0
15.9,-0.0140425535,9.661321707837529e-05,4.660484883584616e-91,9.661321707837529e-05,0.0,2.101820057127255e-31,0.0,0.0,0.0
15.916666666666666,-0.0140425535,9.584611272641169e-05,3.817687913458665e-91,9.584611272641169e-05,0.0,1.4471258377801162e-31,0.0,0.0,0.0
15.933333333333334,-0.009361702,9.508505206049036e-05,3.1272996968929725e-91,9.508505206049036e-05,0.0,9.962196922601464e-32,0.0,0.0,0.0
15.95,-0.009361702,9.432998796953908e-05,2.5617594291777254e-91,9.432998796953908e-05,0.0,6.857131777910026e-32,0.0,0.0,0.0
15.966666666666669,-0.009361702,9.35808737041449e-05,2.098490200388804e-91,9.35808737041449e-05,0.0,4.719205644645168e-32,0.0,0.0,0.0
15.983333333333333,-0.009361702,9.283766287384282e-05,1.7189977547264577e-91,9.283766287384282e-05,0.0,3.2473927875567884e-32,0.0,0.0,0.0
16.0,-0.009361702,9.210030944442142e-05,1.4081322198207438e-91,9.210030944442142e-05,0.0,2.2342960938110676e-32,0.0,0.0,0.0
16.016666666666666,-0.004680851,9.136876773525091e-05,1.153483336748094e-91,9.136876773525091e-05,0.0,1.5370467734969903e-32,0.0,0.0,0.0
16.033333333333335,-0.004680851,9.064299241662783e-05,9.448850502491432e-92,9.064299241662783e-05,0.0,1.0572418744254314e-32,0.0,0.0,0.0
16.05,-0.004680851,8.992293850714149e-05,7.740096838427804e-92,8.992293850714149e-05,0.0,7.271148262187177e-33,0.0,0.0,0.0
16.066666666666666,-0.004680851,8.920856137105658e-05,6.340355003994222e-92,8.920856137105658e-05,0.0,5.000039873871327e-33,0.0,0.0,0.0
16.083333333333332,-0.004680851,8.849981671571716e-05,5.193743780116554e-92,8.849981671571716e-05,0.0,3.437844310011578e-33,0.0,0.0,0.0
16.1,-0.004680851,8.779666058896825e-05,4.254487305904614e-92,8.779666058896825e-05,0.0,2.3634240622493853e-33,0.0,0.0,0.0
16.116666666666667,-0.004680851,8.709904937659678e-05,3.485087683040829e-92,8.709904937659678e-05,0.0,1.6245768029376092e-33,0.0,0.0,0.0
16.133333333333333,0.0,8.640693979978995e-05,2.854828032195122e-92,8.640693979978995e-05,0.0,1.116560913478603e-33,0.0,0.0,0.0
16.15,0.0,8.572028891261313e-05,2.338546245790648e-92,8.572028891261313e-05,0.0,7.67306007271284e-34,0.0,0.0,0.0
16.166666666666668,0.0,8.503905409950555e-05,1.9156304869352477e-92,8.503905409950555e-05,0.0,5.272288924211355e-34,0.0,0.0,0.0
16.183333333333334,0.0,8.436319307279474e-05,1.5691963359257964e-92,8.436319307279474e-05,0.0,3.6222185303691738e-34,0.0,0.0,0.0
16.2,0.0,8.369266387022756e-05,1.285412736715799e-92,8.369266387022756e-05,0.0,2.488257655669948e-34,0.0,0.0,0.0
16.216666666666665,0.0,8.302742485252109e-05,1.0529498355526744e-92,8.302742485252109e-05,0.0,1.7090773246251986e-34,0.0,0.0,0.0
16.233333333333334,0.0,8.236743470092954e-05,8.625266697226225e-93,8.236743470092954e-05,0.0,1.1737460414537644e-34,0.0,0.0,0.0
16.25,0.0,8.171265241483062e-05,7.065406502156265e-93,8.171265241483062e-05,0.0,8.059962713296872e-35,0.0,0.0,0.0
16.266666666666666,0.0,8.106303730932756e-05,5.787640472385401e-93,8.106303730932756e-05,0.0,5.533995256720048e-35,0.0,0.0,0.0
16.283333333333335,0.004680851,0.0043394467309147275,4.7409536219277094e-93,8.041854901286989e-05,0.0,3.7991967052639605e-35,0.004259028181901858,0.0,0.0
16.3,0.004680851,0.005132604419732091,3.883556607600155e-93,7.977914746489167e-05,0.0,2.607908863060637e-35,0.0050528252722672,0.0,0.0
16.316666666666666,0.004680851,0.005343562334342358,3.181217365635848e-93,7.914479291346553e-05,0.0,1.789950639838525e-35,0.005264417541428893,0.0,0.0
16.333333333333332,0.004680851,0.0052793361338009165,2.6058944513976746e-93,7.851544591297532e-05,0.0,1.228395143841635e-35,0.005200820687887941,0.0,0.0
16.35,0.004680851,0.00506833225696294,2.1346175234962327e-93,7.789106732180467e-05,0.0,8.429152113940551e-36,0.004990441189641135,0.0,0.0
16.366666666666667,0.004680851,0.0047783962722579,1.7485702796688066e-93,7.727161830004375e-05,0.0,5.783341331324587e-36,0.004701124653957857,0.0,0.0
16.383333333333333,0.004680851,0.0044492690710812655,1.4323392337263686e-93,7.665706030721054e-05,0.0,3.9675577527166254e-36,0.004372612010774055,0.0,0.0
16.4,0.004680851,0.004105417468657388,1.173298343356135e-93,7.604735509999086e-05,0.0,2.721557716136745e-36,0.004029370113557397,0.0,0.0
16.416666666666668,0.004680851,0.003762207794815237,9.611049218454452e-94,7.544246472999383e-05,0.0,1.8666464009714336e-36,0.0036867653300852433,0.0,0.0
16.433333333333334,0.004680851,0.0034292671785825586,7.872867093674849e-94,7.484235154152435e-05,0.0,1.2801390212131898e-36,0.003354424827041034,0.0,0.0
16.45,0.004680851,0.0031124724291817407,6.449036186750798e-94,7.424697816937083e-05,0.0,8.778152764555849e-37,0.00303822545101237,0.0,0.0
16.466666666666665,0.004680851,0.0028151972150999636,5.282706511664152e-94,7.36563075366102e-05,0.0,6.018668158495574e-37,0.0027415409075633532,0.0,0.0
16.483333333333334,0.0,0.0025391270777701293,4.3273092131190526e-94,7.307030285242824e-05,0.0,4.126190470637441e-37,0.002466056774917701,0.0,0.0
16.5,0.0,0.0022848079259036856,3.544697278568532e-94,7.248892760995673e-05,0.0,2.8284603265495476e-37,0.002212318998293729,0.0,0.0
16.516666666666666,0.0,0.002052022867808594,2.903622488906553e-94,7.191214558412493e-05,0.0,1.9386668913007933e-37,0.0019801107222244692,0.0,0.0
16.533333333333335,0.0,0.001840054714937422,2.37848780219471e-94,7.133992082952835e-05,0.0,1.3286448527054832e-37,0.0017687147941078936,0.0,0.0
16.55,0.0,0.0016478703501913647,1.9483253607962732e-94,7.077221767831256e-05,0.0,9.10474040125984e-38,0.001577098132513052,0.0,0.0
16.566666666666666,0.0,0.001474250629330085,1.5959593198233389e-94,7.020900073807175e-05,0.0,6.238490135497798e-38,0.0014040416285920133,0.0,0.0
16.583333333333332,0.0,0.001317881743212044,1.307320073434543e-94,6.965023488976409e-05,0.0,4.2741032229246715e-38,0.00124823150832228,0.0,0.0
16.6,0.0,0.0011774190121769303,1.0708824998198272e-94,6.90958852856412e-05,0.0,2.9279551981462327e-38,0.0011083231268912892,0.0,0.0
16.616666666666667,0.0,0.0010515308138466233,8.772057969707498e-95,6.854591734719384e-05,0.0,2.0055711305507838e-38,0.0009829848964994295,0.0,0.0
16.633333333333333,0.0,0.0009389281329617355,7.185565372154478e-95,6.800029676311145e-05,0.0,1.373618860706464e-38,0.0008709278361986241,0.0,0.0
16.65,0.0,0.0008383836923959591,5.885998909208621e-95,6.74589894872578e-05,0.0,9.406959261846959e-39,0.0007709247029087013,0.0,0.0
16.666666666666668,0.0,0.0007487435480842224,4.8214669135915873e-95,6.692196173666075e-05,0.0,6.44150619259514e-39,0.0006818215863475616,0.0,0.0
16.683333333333334,0.0,0.0006689332615497359,3.9494624216053946e-95,6.638917998951776e-05,0.0,4.410431119786319e-39,0.0006025440815602181,0.0,0.0
16.7,0.0,0.0005979602073099096,3.235165950280212e-95,6.58606109832145e-05,0.0,3.019467838647355e-39,0.0005320995963266951,0.0,0.0
16.716666666666665,-0.004680851,0.0005349131656931743,2.6500552138347436e-95,6.533622171235948e-05,0.0,2.0669778269984253e-39,0.00046957694398081477,0.0,0.0
16.733333333333334,-0.004680851,0.0004789600517389495,2.1707662706968218e-95,6.481597942683234e-05,0.0,1.4148081936203786e-39,0.00041414407231211715,0.0,0.0
16.75,-0.004680851,0.000429344408314649,1.7781606307620832e-95,6.42998516298473e-05,0.0,9.683134043667748e-40,0.0003650445566848017,0.0,0.0
16.766666666666666,-0.004680851,0.0003853811255867426,1.4565610756214798e-95,6.378780607602959e-05,0.0,6.62660735207369e-40,0.00032159331951071304,0.0,0.0
16.783333333333335,-0.004680851,0.000346451724718516,1.1931256804719153e-95,6.327981076950708e-05,0.0,4.534440770396855e-40,0.0002831719139490089,0.0,0.0
16.8,-0.004680851,0.0003119994504425117,9.773350442444094e-96,6.277583396201611e-05,0.0,3.102513729259404e-40,0.0002492236164804956,0.0,0.0
16.816666666666666,-0.004680851,0.0002815243471683704,8.005722544491017e-96,6.227584415102013e-05,0.0,2.1225672194895353e-40,0.00021924850301735025,0.0,0.0
16.833333333333332,-0.004680851,0.00025457844078530234,6.5577881579223555e-96,6.177981007784341e-05,0.0,1.4520020585826108e-40,0.00019279863070745896,0.0,0.0
16.85,-0.004680851,0.00023076110902737045,5.3717280458814724e-96,6.128770072581793e-05,0.0,9.931876796342036e-41,0.00016947340830155252,0.0,0.0
16.866666666666667,-0.004680851,0.00020971469398989095,4.4001799546420005e-96,6.0799485318444264e-05,0.0,6.79288086850958e-41,0.0001489152086714467,0.0,0.0
16.883333333333333,-0.004680851,0.000191120388704735,3.6043474202335057e-96,6.0315133317565396e-05,0.0,4.645532729268011e-41,0.00013080525538716962,0.0,0.0
16.9,-0.004680851,0.00017469441377626296,2.9524506024729955e-96,5.9834614421554816e-05,0.0,3.1766997392939226e-41,0.00011485979935470815,0.0,0.0
16.916666666666668,-0.004680851,0.00016018448855886346,2.4184572904800572e-96,5.935789856351751e-05,0.0,2.172081871561623e-41,0.00010082658999534594,0.0,0.0
16.933333333333334,-0.004680851,0.00014736659316279542,1.981043410329237e-96,5.8884955909504724e-05,0.0,1.4850321483762933e-41,8.848163725329071e-05,0.0,0.0
16.95,-0.004680851,0.00013604201189607558,1.622741529003372e-96,5.841575685674105e-05,0.0,1.0152089063154997e-41,7.762625503933452e-05,0.0,0.0
16.966666666666665,-0.004680851,0.00012603464496575267,1.3292433551344014e-96,5.795027203186555e-05,0.0,6.939611172209373e-42,6.808437293388712e-05,0.0,0.0
16.983333333333334,-0.009361702,0.00011718857289504976,1.0888283858296344e-96,5.748847228918527e-05,0.0,4.743241792817995e-42,5.9700100605864494e-05,0.0,0.0
17.0,-0.009361702,0.00010936585679838422,8.91895885699417e-97,5.70303287089425e-05,0.0,3.241724095850258e-42,5.233552808944172e-05,0.0,0.0
17.016666666666666,-0.009361702,0.00010244455711361564,7.305815101138717e-97,5.657581259559345e-05,0.0,2.2153264949039743e-42,4.5868744518022186e-05,0.0,0.0
17.033333333333335,-0.009361702,9.631695340589047e-05,5.984432644636706e-97,5.6124895476100924e-05,0.0,1.51377241663753e-42,4.019205792978954e-05,0.0,0.0
17.05,-0.009361702,9.088794826629079e-05,4.902042597195545e-97,5.5677549098239583e-05,0.0,1.0342959649113685e-42,3.52103991680512e-05,0.0,0.0
17.066666666666666,-0.0140425535,8.607363900707614e-05,4.015419924192722e-97,5.5233745428912706e-05,0.0,7.066277879484774e-43,3.0839893578163436e-05,0.0,0.0
17.083333333333332,-0.0140425535,8.180004170966556e-05,3.289157349070879e-97,5.479345665248264e-05,0.0,4.827235329770856e-43,2.7006585057182915e-05,0.0,0.0
17.1,-0.009361702,7.800195314116066e-05,2.6942514337950797e-97,5.43566551691129e-05,0.0,3.297375036246431e-43,2.3645297972047767e-05,0.0,0.0
17.116666666666667,-0.009361702,7.462193706805529e-05,2.206944378148894e-97,5.392331359312315e-05,0.0,2.2521668908009925e-43,2.0698623474932134e-05,0.0,0.0
17.133333333333333,-0.0140425535,7.16094225234216e-05,1.8077752895160263e-97,5.349340475135551e-05,0.0,1.5381382628033233e-43,1.811601777206609e-05,0.0,0.0
17.15,-0.0140425535,6.891990259891016e-05,1.4808030390128237e-97,5.306690168155389e-05,0.0,1.0503958441196032e-43,1.5853000917356278e-05,0.0,0.0
17.166666666666668,-0.0140425535,6.651422331597077e-05,1.2129696713638147e-97,5.264377763075494e-05,0.0,7.172551164034045e-44,1.3870445685215826e-05,0.0,0.0
17.183333333333334,-0.0140425535,6.435795306889703e-05,9.935789483208942e-98,5.222400605369111e-05,0.0,4.89730984862244e-44,1.2133947015205916e-05,0.0,0.0
17.2,-0.0140425535,6.24208240172867e-05,8.138692028130575e-98,5.180756061120512e-05,0.0,3.343528283416884e-44,1.0613263406081574e-05,0.0,0.0
17.216666666666665,-0.0140425535,6.067623763266095e-05,6.666634469460505e-98,5.139441516867694e-05,0.0,2.282528106200002e-44,9.281822463984011e-06,0.0,0.0
17.233333333333334,-0.0140425535,5.910082737118186e-05,5.460827618172779e-98,5.0984543794461804e-05,0.0,1.5580851933392065e-44,8.11628357672006e-06,0.0,0.0
17.25,-0.0140425535,5.767407215158002e-05,4.473115240508272e-98,5.057792075834064e-05,0.0,1.063482673841049e-44,7.096151393239381e-06,0.0,0.0
17.266666666666666,-0.0140425535,5.637795496574902e-05,3.664050938855285e-98,5.017452052998088e-05,0.0,7.258284803894618e-45,6.2034344357681406e-06,0.0,0.0
17.283333333333335,-0.0140425535,5.519666154123018e-05,3.001322852213096e-98,4.977431777740971e-05,0.0,4.9533860180856625e-45,5.4223437638204744e-06,0.0,0.0
17.3,-0.0140425535,5.411631451278833e-05,2.4584632694516984e-98,4.9377287365498535e-05,0.0,3.380143492379616e-45,4.739027147289799e-06,0.0,0.0
17.316666666666666,-0.0140425535,5.312473904773301e-05,2.0137916258149257e-98,4.898340435445822e-05,0.0,2.3063919059075394e-45,4.141334693274782e-06,0.0,0.0
17.333333333333332,-0.0140425535,5.2211256309991344e-05,1.649548672695563e-98,4.859264399834597e-05,0.0,1.5736070287631177e-45,3.618612311645378e-06,0.0,0.0
17.35,-0.0140425535,5.1366501544683154e-05,1.3511872447766139e-98,4.820498174358323e-05,0.0,1.07355645673945e-45,3.1615198010999235e-06,0.0,0.0
17.366666666666667,-0.0140425535,5.058226392159108e-05,1.1067913020254537e-98,4.7820393227484936e-05,0.0,7.323507229253815e-46,2.7618706941061463e-06,0.0,0.0
17.383333333333333,-0.0140425535,4.985134559582681e-05,9.066000464401537e-99,4.743885427679894e-05,0.0,4.995502362776038e-46,2.4124913190278735e-06,0.0,0.0
17.4,-0.0140425535,4.9167437730430636e-05,7.426181094337807e-99,4.7060340906257156e-05,0.0,3.4072598195466826e-46,2.10709682417348e-06,0.0,0.0
17.416666666666668,-0.0140425535,4.852501148165621e-05,6.082962428427317e-99,4.6684829317137114e-05,0.0,2.32379366448003e-46,1.8401821645190955e-06,0.0,0.0
17.433333333333334,-0.0140425535,4.7919222176184575e-05,4.982697620187853e-99,4.63122958958345e-05,0.0,1.5847337270828737e-46,1.6069262803500724e-06,0.0,0.0
17.45,-0.0140425535,4.734582511314076e-05,4.081442957303509e-99,4.594271721244584e-05,0.0,1.0806415464783359e-46,1.4031079006949173e-06,0.0,0.0
17.466666666666665,-0.0140425535,4.680110160503974e-05,3.343202867541961e-99,4.5576070019362336e-05,0.0,7.368410898879938e-47,1.2250315856774009e-06,0.0,0.0
17.483333333333334,-0.0140425535,4.6281794032923356e-05,2.738492345208303e-99,4.5212331249874014e-05,0.0,5.02380785721713e-47,1.069462783049343e-06,0.0,0.0
17.5,-0.0140425535,4.5785048834057826e-05,2.243159387798271e-99,4.4851478016784285e-05,0.0,3.4249907666108213e-47,9.335708172735434e-07,0.0,0.0
17.516666666666666,-0.0140425535,4.530836646752489e-05,1.83742041594391e-99,4.449348761103464e-05,0.0,2.3348187809610023e-47,8.148788564902511e-07,0.0,0.0
17.533333333333335,-0.0140425535,4.48495575155833e-05,1.505070155212559e-99,4.413833750033997e-05,0.0,1.5915288937374326e-47,7.112200152433279e-07,0.0,0.0
17.55,-0.0140425535,4.440670417834782e-05,1.2328344254682608e-99,4.378600532783422e-05,0.0,1.0847849202282295e-47,6.206988505136052e-07,0.0,0.0
17.566666666666666,-0.0140425535,4.397812650753765e-05,1.0098399905594711e-99,4.3436468910725463e-05,0.0,7.393340328151508e-48,5.416575968121864e-07,0.0,0.0
17.583333333333332,-0.0140425535,4.3562352803048624e-05,8.271802959603145e-100,4.308970623896179e-05,0.0,5.0385536372579466e-48,4.7264656408683254e-07,0.0,0.0
17.6,-0.0140425535,4.3158093665028644e-05,6.775597513398567e-100,4.2745695473906775e-05,0.0,3.4335184475466847e-48,4.1239819112186826e-07,0.0,0.0
17.616666666666667,-0.0140425535,4.276421925501026e-05,5.550023517962908e-100,4.2404414947025195e-05,0.0,2.339598717107699e-48,3.5980430798506166e-07,0.0,0.0
17.633333333333333,-0.0140425535,4.237973937337859e-05,4.546130009250062e-100,4.206584315857813e-05,0.0,1.594087046197256e-48,3.138962148004595e-07,0.0,0.0
17.65,-0.018723404,4.200378600784664e-05,3.723820036044767e-100,4.172995877632816e-05,0.0,1.0860542915804118e-48,2.738272315184849e-07,0.0,0.0
17.666666666666668,-0.018723404,4.1635598049390565e-05,3.0502492042853365e-100,4.139674063425413e-05,0.0,7.398779080837188e-49,2.3885741513643456e-07,0.0,0.0
17.683333333333334,-0.018723404,4.127450790891723e-05,2.498513879397171e-100,4.106616773127599e-05,0.0,5.040084039963021e-49,2.083401776412392e-07,0.0,0.0
17.7,-0.018723404,4.0919929800363296e-05,2.0465766562035792e-100,4.0738219229988264e-05,0.0,3.433087421378594e-49,1.8171057037503213e-07,0.0,0.0
17.716666666666665,-0.018723404,4.0571349484478454e-05,1.676386181749571e-100,4.0412874455403994e-05,0.0,2.3383067554846563e-49,1.5847502907445874e-07,0.0,0.0
17.733333333333334,-0.018723404,4.0228315292666455e-05,1.3731561782826734e-100,4.009011289370742e-05,0.0,1.5925306983007977e-49,1.3820239895903553e-07,0.0,0.0
17.75,-0.018723404,3.9890430272362145e-05,1.1247748716819732e-100,3.97699141910167e-05,0.0,1.0845361077861942e-49,1.205160813454418e-07,0.0,0.0
17.766666666666666,-0.018723404,3.955734531485407e-05,9.213212387044251e-101,3.945225815215503e-05,0.0,7.385336020897087e-50,1.050871626990393e-07,0.0,0.0
17.783333333333335,-0.018723404,3.92287531435491e-05,7.546687525285546e-101,3.913712473943162e-05,0.0,5.028827171767067e-50,9.162840411747762e-08,0.0,0.0
17.8,-0.018723404,3.890438305568479e-05,6.181608005783353e-101,3.882449407143213e-05,0.0,3.423998225361112e-50,7.988898425266465e-08,0.0,0.0
17.816666666666666,-0.018723404,3.858399632368116e-05,5.0634481107140654e-101,3.851434642181703e-05,0.0,2.331153568120839e-50,6.964990186413003e-08,0.0,0.0
17.833333333333332,-0.018723404,3.826738217390719e-05,4.14754469466292e-101,3.8206662218130205e-05,0.0,1.587007325401256e-50,6.071995577698201e-08,0.0,0.0
17.85,-0.018723404,3.795435427079958e-05,3.397313266234305e-101,3.790142204061576e-05,0.0,1.0803334724270002e-50,5.2932230183821966e-08,0.0,0.0
17.866666666666667,-0.018723404,3.764474764319689e-05,2.782786737509284e-101,3.759860662104433e-05,0.0,7.353731100815522e-51,4.614102215255856e-08,0.0,0.0
17.883333333333333,-0.018723404,3.7338415997578264e-05,2.2794184790613213e-101,3.729819684154743e-05,0.0,5.00528519080297e-51,4.0219156030831325e-08,0.0,0.0
17.9,-0.018723404,3.7035229369766514e-05,1.867101874379395e-101,3.7000173733461284e-05,0.0,3.4066007335309e-51,3.505563630523154e-08,0.0,0.0
17.916666666666668,-0.023404256,3.673507207267503e-05,1.5293672143756053e-101,3.6704518476178975e-05,0.0,2.3183826796787498e-51,3.055359649605584e-08,0.0,0.0
17.933333333333334,-0.023404256,3.643784090296039e-05,1.2527238555321406e-101,3.641121239601156e-05,0.0,1.5776862666848646e-51,2.662850694883469e-08,0.0,0.0
17.95,-0.023404256,3.614344357406984e-05,1.0261213670228366e-101,3.6120236965057256e-05,0.0,1.0735640313432523e-51,2.3206609012580433e-08,0.0,0.0
17.966666666666665,-0.023404256,3.5851797347230904e-05,8.405081445499449e-102,3.583157380007961e-05,0.0,7.30478094025183e-52,2.022354715129033e-08,0.0,0.0
17.983333333333334,-0.023404256,3.5562827835483346e-05,6.884698614604964e-102,3.554520466139377e-05,0.0,4.970024473578419e-52,1.762317408957708e-08,0.0,0.0
18.0,-0.023404256,3.527646795896875e-05,5.639333164277714e-102,3.52611114517617e-05,0.0,3.3812874546734356e-52,1.5356507207049602e-08,0.0,0.0
18.016666666666666,-0.023404256,3.499265703241813e-05,4.6192384894851015e-102,3.497927621529489e-05,0.0,2.3002659015342023e-52,1.3380817123235666e-08,0.0,0.0
18.03333333333333,-0.023404256,3.4711339968169115e-05,3.7836663343910216e-102,3.469968113636607e-05,0.0,1.5647556158229061e-52,1.1658831803044746e-08,0.0,0.0
18.05,-0.023404256,3.44324665801324e-05,3.0992391525837493e-102,3.4422308538528694e-05,0.0,1.0643578560605745e-52,1.0158041603705685e-08,0.0,0.0
18.066666666666663,-0.023404256,3.415599097595961e-05,2.5386168754130034e-102,3.4147140883445084e-05,0.0,7.239384424025486e-53,8.8500925145272e-09,0.0,0.0
18.08333333333333,-0.023404256,3.388187102626454e-05,2.079404836272297e-102,3.387416076982167e-05,0.0,4.92366581913359e-53,7.710256442864721e-09,0.0,0.0
18.1,-0.023404256,3.3610067901155034e-05,1.7032592307652443e-102,3.3603350932353384e-05,0.0,3.348486872044897e-53,6.716968801651581e-09,0.0,0.0
18.116666666666667,-0.023404256,3.334054566555634e-05,1.395154382567743e-102,3.3334694240675835e-05,0.0,2.277098805118688e-53,5.851424880505175e-09,0.0,0.0
18.133333333333333,-0.023404256,3.307327092587982e-05,1.1427825476006536e-102,3.3068173698324254e-05,0.0,1.5484191455843008e-53,5.097227555564203e-09,0.0,0.0
18.15,-0.023404256,3.280821252153367e-05,9.360622829590085e-103,3.2803772441701765e-05,0.0,1.0528553551616955e-53,4.4400798319064475e-09,0.0,0.0
18.166666666666668,-0.023404256,3.254534125558798e-05,7.667357433409374e-103,3.254147373905463e-05,0.0,7.158508522499625e-54,3.867516533349503e-09,0.0,0.0
18.183333333333334,-0.023404256,3.2284629659628024e-05,6.28038819688054e-103,3.2281260989455665e-05,0.0,4.866874826012327e-54,3.3686701723587384e-09,0.0,0.0
18.2,-0.023404256,3.202605178845527e-05,5.144309442423235e-103,3.2023117721794784e-05,0.0,3.3086569150062223e-54,2.934066660492595e-09,0.0,0.0
18.216666666666665,-0.023404256,3.176958304084631e-05,4.2137376945915675e-103,3.1767027593777716e-05,0.0,2.2491962945597938e-54,2.5554470685954373e-09,0.0,0.0
18.23333333333333,-0.023404256,3.151520000305773e-05,3.4514988037337054e-103,3.1512974390932075e-05,0.0,1.528893306360708e-54,2.2256121256497226e-09,0.0,0.0
18.25,-0.023404256,3.12628803121853e-05,2.827142990710897e-103,3.126094202562082e-05,0.0,1.039205240169066e-54,1.9382865644829263e-09,0.0,0.0
18.266666666666666,-0.023404256,3.101260253685262e-05,2.3157284974067616e-103,3.101091453606367e-05,0.0,7.06317451094526e-55,1.6880007889478353e-09,0.0,0.0
18.28333333333333,-0.023404256,3.07643460730225e-05,1.8968252567686957e-103,3.076287608536511e-05,0.0,4.800352559362555e-55,1.46998765738908e-09,0.0,0.0
18.3,-0.023404256,3.051809105300738e-05,1.5536987844804945e-103,3.0516810960550402e-05,0.0,3.2622786404388963e-55,1.2800924569789892e-09,0.0,0.0
18.316666666666663,-0.023404256,3.0273818265996905e-05,1.2726416930812393e-103,3.027270357160898e-05,0.0,2.2168883302720223e-55,1.1146943879238088e-09,0.0,0.0
18.33333333333333,-0.023404256,3.0031509088634293e-05,1.0424261259577266e-103,3.0030538450544235e-05,0.0,1.5064043328480233e-55,9.70638090057019e-10,0.0,0.0
18.35,-0.023404256,2.9791145424362354e-05,8.538552386720323e-104,2.9790300250431517e-05,0.0,1.0235625686314687e-55,8.451739308386493e-10,0.0,0.0
18.366666666666667,-0.023404256,2.9552709650419616e-05,6.993958114501991e-104,2.955197374448295e-05,0.0,6.954444738096269e-56,7.359059366648317e-10,0.0,0.0
18.383333333333333,-0.028085107,2.931618457151035e-05,5.728773173973064e-104,2.9315543825118706e-05,0.0,4.724826607527998e-56,6.407463916438616e-10,0.0,0.0
18.4,-0.028085107,2.9081553379298404e-05,4.692454255520303e-104,2.908099550304619e-05,0.0,3.209850189648928e-56,5.578762522133807e-10,0.0,0.0
18.416666666666668,-0.023404256,2.8848799616980094e-05,3.843600922775794e-104,2.8848313906345662e-05,0.0,2.180515846906995e-56,4.857106344323953e-10,0.0,0.0
18.433333333333334,-0.023404256,2.8617907148288816e-05,3.1483017556675494e-104,2.861748427956334e-05,0.0,1.4811854875368167e-56,4.2286872547712105e-10,0.0,0.0
18.45,-0.023404256,2.8388860130363994e-05,2.578779657499722e-104,2.8388491982810458e-05,0.0,1.0060868833067677e-56,3.6814755353721725e-10,0.0,0.0
18.466666666666665,-0.023404256,2.81616429899926e-05,2.1122822111514838e-104,2.8161322490870126e-05,0.0,6.833410068427399e-57,3.2049912247282386e-10,0.0,0.0
18.48333333333333,-0.023404256,2.7936240402790954e-05,1.7301727580816947e-104,2.7935961392310372e-05,0.0,4.6410426101247766e-57,2.790104805809034e-10,0.0,0.0
18.5,-0.023404256,2.771263727495193e-05,1.417185891831151e-104,2.7712394388604136e-05,0.0,3.15188107466614e-57,2.42886347795433e-10,0.0,0.0
18.516666666666666,-0.023404256,2.7490818727229675e-05,1.1608176253860277e-104,2.749060729325605e-05,0.0,2.140426901086476e-57,2.114339736246881e-10,0.0,0.0
18.53333333333333,-0.023404256,2.727077008087545e-05,9.508258714459253e-105,2.727058603093545e-05,0.0,1.4534744642639315e-57,1.840499399978452e-10,0.0,0.0
18.55,-0.028085107,2.705247684527605e-05,7.788212812210987e-105,2.705231663661632e-05,0.0,9.869404626879643e-58,1.6020865972821509e-10,0.0,0.0
18.566666666666663,-0.028085107,2.6835924707077094e-05,6.37932096873378e-105,2.6835785254723916e-05,0.0,6.701178097977705e-58,1.3945235317811616e-10,0.0,0.0
18.58333333333333,-0.028085107,2.6621099520600702e-05,5.225296293039921e-105,2.662097813828718e-05,0.0,4.549756322897619e-58,1.2138231352310957e-10,0.0,0.0
18.6,-0.028085107,2.640798729939361e-05,4.280033947741009e-105,2.640788164809833e-05,0.0,3.088886836613963e-58,1.0565129527774499e-10,0.0,0.0
18.616666666666667,-0.023404256,2.6196574208760694e-05,3.505769275573319e-105,2.6196482251878782e-05,0.0,2.0969730767500367e-58,9.195688191177663e-11,0.0,0.0
18.633333333333333,-0.023404256,2.5986846559157483e-05,2.871569107110325e-105,2.5986766523450634e-05,0.0,1.4235109699550143e-58,8.003570685005537e-11,0.0,0.0
18.65,-0.023404256,2.5778790800333653e-05,2.3520959801962468e-105,2.57787211419154e-05,0.0,9.66286694667774e-59,6.96584182546619e-11,0.0,0.0
18.666666666666668,-0.023404256,2.557239351613048e-05,1.9265959037307594e-105,2.5572332890838445e-05,0.0,6.558862220323329e-59,6.06252920345649e-11,0.0,0.0
18.683333333333334,-0.023404256,2.536764141984972e-05,1.5780692284945104e-105,2.5367588657439938e-05,0.0,4.4517262690081e-59,5.276240977914774e-11,0.0,0.0
18.7,-0.023404256,2.5164521350120554e-05,1.2925915024095856e-105,2.516447543179156e-05,0.0,3.0213841082589863e-59,4.591832899573568e-11,0.0,0.0
18.716666666666665,-0.023404256,2.4963020267202045e-05,1.0587571791964795e-105,2.4962980306019695e-05,0.0,2.0505061688581622e-59,3.996118234812022e-11,0.0,0.0
18.73333333333333,-0.023404256,2.4763125249665274e-05,8.672239571406947e-106,2.4763090473514558e-05,0.0,1.391534497918538e-59,3.4776150717148836e-11,0.0,0.0
18.75,-0.023404256,2.4564823491407295e-05,7.103395446804039e-106,2.4564793228145305e-05,0.0,9.442885819201696e-60,3.0263261988293465e-11,0.0,0.0
18.766666666666666,-0.023404256,2.4368102298954892e-05,5.818359423462204e-106,2.4368075963481244e-05,0.0,6.40757159767886e-60,2.633547364743022e-11,0.0,0.0
18.78333333333333,-0.023404256,2.4172949089021348e-05,4.765790277661465e-106,2.4172926172018698e-05,0.0,4.3477070118770817e-60,2.2917002650887284e-11,0.0,0.0
18.8,-0.023404256,2.3979351386284807e-05,3.903634397377962e-106,2.3979331444414078e-05,0.0,2.949886103104847e-60,1.9941870730377848e-11,0.0,0.0
18.816666666666663,-0.023404256,2.3787296821360213e-05,3.1974456701810306e-106,2.3787279468722826e-05,0.0,2.0013751596279554e-60,1.735263738591631e-11,0.0,0.0
18.83333333333333,-0.023404256,2.359677312893996e-05,2.619009297801995e-106,2.3596758029643574e-05,0.0,1.3577823016446663e-60,1.509929638732902e-11,0.0,0.0
18.85,-0.018723404,2.3407768146083563e-05,2.1452145585266008e-106,2.3407755007768847e-05,0.0,9.211073846328136e-61,1.3138314714712007e-11,0.0,0.0
18.866666666666667,-0.018723404,2.3220269810636806e-05,1.757131483871321e-106,2.322025837884123e-05,0.0,6.248402072314156e-61,1.1431795578684548e-11,0.0,0.0
18.883333333333333,-0.018723404,2.3034266159764177e-05,1.4392545623047255e-106,2.3034256213014655e-05,0.0,4.238443071437617e-61,9.946749523784452e-12,0.0,0.0
18.9,-0.018723404,2.284974532858185e-05,1.1788832554664194e-106,2.2849736674122173e-05,0.0,2.8748985445122737e-61,8.654459677394472e-12,0.0,0.0
18.916666666666668,-0.018723404,2.2666695548877652e-05,9.656145779799583e-107,2.266668801894865e-05,0.0,1.9499234955403164e-61,7.529929001036898e-12,0.0,0.0
18.933333333333334,-0.018723404,2.24851051479085e-05,7.909274689120867e-107,2.2485098596509537e-05,0.0,1.322487574088566e-61,6.551398964733997e-12,0.0,0.0
18.95,-0.018723404,2.2304962547265043e-05,6.47842350028222e-107,2.2304956847334617e-05,0.0,8.969014035542885e-62,5.69993042791323e-12,0.0,0.0
18.966666666666665,-0.023404256,2.212625626179632e-05,5.306422697412131e-107,2.2126251302757624e-05,0.0,6.082428035687498e-62,4.959038697883472e-12,0.0,0.0
18.98333333333333,-0.023404256,2.1948974898586918e-05,4.346444920333338e-107,2.1948970584211147e-05,0.0,4.124663493759111e-62,4.314375771680737e-12,0.0,0.0
19.0,-0.023404256,2.1773107155980513e-05,3.560134049478816e-107,2.1773103402526843e-05,0.0,2.796916040350471e-62,3.753453668721798e-12,0.0,0.0
19.016666666666666,-0.023404256,2.159864182264478e-05,2.9160727400154336e-107,2.1598638557241232e-05,0.0,1.89648666803058e-62,3.2654035472939774e-12,0.0,0.0
19.03333333333333,-0.023404256,2.14255677766724e-05,2.3885271800987098e-107,2.1425564935906417e-05,0.0,1.2858778338591848e-62,2.8407659823604235e-12,0.0,0.0
19.05,-0.023404256,2.1253873984714744e-05,1.9564189236423762e-107,2.1253871513406365e-05,0.0,8.718249039511156e-63,2.4713083784799143e-12,0.0,0.0
19.066666666666663,-0.023404256,2.108354950114459e-05,1.602482719928859e-107,2.1083547351278577e-05,0.0,5.910695256817566e-63,2.1498660111422134e-12,0.0,0.0
19.08333333333333,-0.023404256,2.0914583467243846e-05,1.3125766932590516e-107,2.0914581597040205e-05,0.0,4.0070770734173075e-63,1.8702036423948206e-12,0.0,0.0
19.1,-0.023404256,2.0746965110415248e-05,1.0751173124919882e-107,2.0746963483520198e-05,0.0,2.716418901665549e-63,1.6268950508906395e-12,0.0,0.0
19.116666666666667,-0.028085107,2.058068374341442e-05,8.806165759170847e-108,2.058068232819626e-05,0.0,1.8413900960839982e-63,1.4152181599127481e-12,0.0,0.0
19.133333333333333,-0.028085107,2.041572876360013e-05,7.213029206177265e-108,2.0415727532536382e-05,0.0,1.2481735166119303e-63,1.2310637460868338e-12,0.0,0.0
19.15,-0.023404256,2.0252089652202117e-05,5.908107104680649e-108,2.0252088581346145e-05,0.0,8.460271789914516e-64,1.070855972065439e-12,0.0,0.0
19.166666666666668,-0.023404256,2.0089755973603775e-05,4.839258967830373e-108,2.0089755042120562e-05,0.0,5.7342146576406066e-64,9.314832134262396e-13,0.0,0.0
19.183333333333334,-0.023404256,1.9928717374639004e-05,3.9637768988563966e-108,1.9928716564401158e-05,0.0,3.886368218823875e-64,8.102378477066738e-13,0.0,0.0
19.2,-0.023404256,1.976896358390145e-05,3.2466791811617917e-108,1.9768962879137603e-05,0.0,2.6338703977306443e-64,7.047638456636508e-13,0.0,0.0
19.216666666666665,-0.023404256,1.9610484411065812e-05,2.65931256531185e-108,1.9610483798054658e-05,0.0,1.784947304914007e-64,6.130111547926975e-13,0.0,0.0
19.23333333333333,-0.023404256,1.9453269746219636e-05,2.1782074087750754e-108,1.945326921302364e-05,0.0,1.2095867672591975e-64,5.331959957257097e-13,0.0,0.0
19.25,-0.023404256,1.9297309559205165e-05,1.78413992655516e-108,1.9297309095438858e-05,0.0,8.19651749284996e-65,4.637663058498667e-13,0.0,0.0
19.266666666666666,-0.028085107,1.9142593898970544e-05,1.4613640856322189e-108,1.9142593495598882e-05,0.0,5.553957011238828e-65,4.0337166352450785e-13,0.0,0.0
19.28333333333333,-0.028085107,1.8989112892929435e-05,1.1969824539998594e-108,1.898911254209232e-05,0.0,3.763193442872031e-65,3.508371125129676e-13,0.0,0.0
19.3,-0.028085107,1.8836856746328864e-05,9.804308668386031e-109,1.8836856441188483e-05,0.0,2.5497144346568697e-65,3.0514038134389784e-13,0.0,0.0
19.316666666666663,-0.028085107,1.8685815741624916e-05,8.0305631979647e-109,1.8685815476232858e-05,0.0,1.7274583914474118e-65,2.6539205770782103e-13,0.0,0.0
19.33333333333333,-0.028085107,1.8535980237865017e-05,6.57771224146118e-109,1.8535980007046683e-05,0.0,1.1703204263287076e-65,2.308183349336118e-13,0.0,0.0
19.35,-0.028085107,1.8387340670077755e-05,5.387702095662844e-109,1.8387340469331756e-05,0.0,7.92835693808159e-66,2.007459971673513e-13,0.0,0.0
19.366666666666667,-0.028085107,1.8239887548668972e-05,4.412981593407873e-109,1.823988737407962e-05,0.0,5.370848528884287e-66,1.7458935304184002e-13,0.0,0.0
19.383333333333333,-0.028085107,1.809361145882374e-05,3.614602097360138e-109,1.8093611306984875e-05,0.0,3.63817845468802e-66,1.518388652086419e-13,0.0,0.0
19.4,-0.023404256,1.794850305991475e-05,2.960661219823663e-109,1.7948502927863494e-05,0.0,2.464373640417116e-66,1.320512558263251e-13,0.0,0.0
19.416666666666668,-0.028085107,1.780455308491627e-05,2.4250280863484513e-109,1.7804552970075373e-05,0.0,1.6692087645015773e-66,1.1484089658605654e-13,0.0,0.0
19.433333333333334,-0.028085107,1.766175233982377e-05,1.9862992099659759e-109,1.7661752239951454e-05,0.0,1.1305672019291477e-66,9.987231665742413e-14,0.0,0.0
19.45,-0.028085107,1.7520091703078655e-05,1.6269432569640652e-109,1.752009161622497e-05,0.0,7.657091062046172e-67,8.68536835285193e-14,0.0,0.0
19.466666666666665,-0.023404256,1.7379562124998476e-05,1.3326005323330868e-109,1.7379562049467346e-05,0.0,5.185767293753186e-67,7.55311305107887e-14,0.0,0.0
19.48333333333333,-0.023404256,1.724015462721211e-05,1.0915091949037246e-109,1.724015456152829e-05,0.0,3.5119158229702677e-67,6.568382104170457e-14,0.0,0.0
19.5,-0.023404256,1.7101860302099827e-05,8.94035275761501e-110,1.7101860244980174e-05,0.0,2.3782478356276883e-67,5.71196541621887e-14,0.0,0.0
19.516666666666666,-0.023404256,1.696467031223833e-05,7.322877210613479e-110,1.6964670262566805e-05,0.0,1.610468145239375e-67,4.967152794468085e-14,0.0,0.0
19.53333333333333,-0.023404256,1.6828575889850343e-05,5.998030775931652e-110,1.6828575846656253e-05,0.0,1.0905090172772904e-67,4.3194088440561744e-14,0.0,0.0
19.55,-0.023404256,1.6693568336258847e-05,4.912872221013164e-110,1.6693568298697947e-05,0.0,7.383946694708366e-68,3.7560901110240726e-14,0.0,0.0
19.566666666666663,-0.023404256,1.655963902134614e-05,4.024038146136759e-110,1.655963898868415e-05,0.0,4.999540492703825e-68,3.2661989876372065e-14,0.0,0.0
19.58333333333333,-0.023404256,1.642677938301678e-05,3.296010229584194e-110,1.6426779354615083e-05,0.0,3.3849631771756202e-68,2.8401696058114286e-14,0.0,0.0
19.6,-0.023404256,1.62949809266655e-05,2.6996959483221666e-110,1.6294980901968686e-05,0.0,2.2917128667124803e-68,2.469681563928958e-14,0.0,0.0
19.616666666666667,-0.028085107,1.6164235224649325e-05,2.2112660632682796e-110,1.6164235203174347e-05,0.0,1.5514898117057121e-68,2.147497871502765e-14,0.0,0.0
19.633333333333333,-0.028085107,1.6034533915763448e-05,1.8112024177222567e-110,1.6034533897090206e-05,0.0,1.0503165225830522e-68,1.867323965421421e-14,0.0,0.0
19.65,-0.028085107,1.5905868704721965e-05,1.4835180010323484e-110,1.5905868688485116e-05,0.0,7.110073412863981e-69,1.623685059925674e-14,0.0,0.0
19.666666666666668,-0.028085107,1.5778231361642406e-05,1.2151181127893179e-110,1.577823134752421e-05,0.0,4.812942392685559e-69,1.4118194479106442e-14,0.0,0.0
19.683333333333334,-0.023404256,1.565161372153444e-05,9.952771008446838e-111,1.5651613709258586e-05,0.0,3.25784190969761e-69,1.2275856804911901e-14,0.0,0.0
19.7,-0.023404256,1.5526007683792625e-05,8.152097644851001e-111,1.5526007673118807e-05,0.0,2.205119776037825e-69,1.0673818209753657e-14,0.0,0.0
19.716666666666665,-0.023404256,1.5401405211693085e-05,6.677202966912275e-111,1.540140520241233e-05,0.0,1.4925100699568077e-69,9.280752036710909e-15,0.0,0.0
19.73333333333333,-0.023404256,1.5277798331894298e-05,5.469147376977174e-111,1.5277798323824886e-05,0.0,1.010148759258234e-69,8.06941331826907e-15,0.0,0.0
19.75,-0.023404256,1.5155179133941668e-05,4.479654498520298e-111,1.515517912692556e-05,0.0,6.836541417102746e-70,7.016107264248907e-15,0.0,0.0
19.766666666666666,-0.023404256,1.5033539769776074e-05,3.669182024412132e-111,1.5033539763675848e-05,0.0,4.6266930049083795e-70,6.100226919311717e-15,0.0,0.0
19.78333333333333,-0.023404256,1.4912872453246213e-05,3.0053415777449417e-111,1.4912872447942362e-05,0.0,3.131036339988464e-70,5.303850994535806e-15,0.0,0.0
19.8,-0.023404256,1.4793169459624644e-05,2.4616044440851458e-111,1.479316945501325e-05,0.0,2.118794282228875e-70,4.611394046585953e-15,0.0,0.0
19.816666666666663,-0.023404256,1.4674423125127902e-05,2.0162414570166366e-111,1.46744231211186e-05,0.0,1.433747933405447e-70,4.009302195205147e-15,0.0,0.0
19.83333333333333,-0.023404256,1.4556625846439904e-05,1.6514546753036977e-111,1.4556625842954117e-05,0.0,9.701529638561254e-71,3.485788454869621e-15,0.0,0.0
19.85,-0.023404256,1.4439770080239473e-05,1.3526661537756907e-111,1.443977007720887e-05,0.0,6.5643403462362225e-71,3.03060252659834e-15,0.0,0.0
19.866666666666667,-0.023404256,1.4323848342731453e-05,1.1079353873396125e-111,1.4323848340096623e-05,0.0,4.441457377750493e-71,2.634830566002281e-15,0.0,0.0
19.883333333333333,-0.023404256,1.4208853209181112e-05,9.074821491966584e-112,1.4208853206890391e-05,0.0,3.0049933002487844e-71,2.2907210267052113e-15,0.0,0.0
19.9,-0.023404256,1.4094777313452609e-05,7.432956558199696e-112,1.4094777311461075e-05,0.0,2.0330365430683685e-71,1.9915331855559616e-15,0.0,0.0
19.916666666666668,-0.028085107,1.3981613347550756e-05,6.088144408166649e-112,1.3981613345819352e-05,0.0,1.375404991524093e-71,1.7314053974104466e-15,0.0,0.0
19.933333333333334,-0.028085107,1.3869354061166545e-05,4.986641452990155e-112,1.3869354059661305e-05,0.0,9.30464498861206e-72,1.5052405112683989e-15,0.0,0.0
19.95,-0.028085107,1.3757992261225909e-05,4.0844274671716763e-112,1.3757992259917302e-05,0.0,6.294378941218503e-72,1.3086062136364203e-15,0.0,0.0
19.966666666666665,-0.028085107,1.3647520811442224e-05,3.345446437434927e-112,1.3647520810304576e-05,0.0,4.2578454584054174e-72,1.1376483556509283e-15,0.0,0.0
19.98333333333333,-0.028085107,1.3537932631872193e-05,2.7401656748705536e-112,1.3537932630883177e-05,0.0,2.8801221017621876e-72,9.890155733633699e-16,0.0,0.0
20.0,-0.023404256,1.342922069847509e-05,2.244395611040259e-112,1.3429220697615295e-05,0.0,1.9481211730654137e-72,8.597937305831741e-16,0.0,0.0
20.016666666666666,-0.023404256,1.3321378042675614e-05,1.838323115718101e-112,1.3321378041928165e-05,0.0,1.3176654488881074e-72,7.47448905057661e-16,0.0,0.0
20.03333333333333,-0.023404256,1.3214397750929841e-05,1.505719706376513e-112,1.3214397750280064e-05,0.0,8.912068973753021e-73,6.497778052621348e-16,0.0,0.0
20.05,-0.023404256,1.3108272964294743e-05,1.233293008314057e-112,1.3108272963729879e-05,0.0,6.027485470372504e-73,5.648646499128972e-16,0.0,0.0
20.066666666666663,-0.023404256,1.3002996878001081e-05,1.0101555487293578e-112,1.3002996877510038e-05,0.0,4.076412463224817e-73,4.910436683133918e-16,0.0,0.0
20.08333333333333,-0.023404256,1.2898562741029235e-05,8.273896568203248e-113,1.2898562740602368e-05,0.0,2.756794841026748e-73,4.2686648925023934e-16,0.0,0.0
20.1,-0.028085107,1.2794963855688852e-05,6.776910824926226e-113,1.2794963855317779e-05,0.0,1.8642974879283972e-73,3.710737815023876e-16,0.0,0.0
20.116666666666667,-0.028085107,1.2692193577201404e-05,5.550770919499647e-113,1.2692193576878834e-05,0.0,1.2606963156767429e-73,3.2257059196501803e-16,0.0,0.0
20.133333333333333,-0.028085107,1.2590245313285866e-05,4.546473750269459e-113,1.259024531300546e-05,0.0,8.52492008868073e-74,2.804048995362488e-16,0.0,0.0
20.15,-0.023404256,1.2489112523747929e-05,3.723882095634991e-113,1.248911252350418e-05,0.0,5.764408828772249e-74,2.4374896567150163e-16,0.0,0.0
20.166666666666668,-0.023404256,1.2388788720072181e-05,3.050120567423267e-113,1.2388788719860298e-05,0.0,3.89765969758548e-74,2.1188311709764165e-16,0.0,0.0
20.183333333333334,-0.023404256,1.2289267465017543e-05,2.498261771980578e-113,1.2289267464833361e-05,0.0,2.635347005514736e-74,1.8418164366167535e-16,0.0,0.0
20.2,-0.023404256,1.2190542372215674e-05,2.0462501743326797e-113,1.2190542372055573e-05,0.0,1.7817899486750406e-74,1.6010053558905346e-16,0.0,0.0
20.216666666666665,-0.023404256,1.2092607105772673e-05,1.6760206598902237e-113,1.2092607105633505e-05,0.0,1.2046477311430088e-74,1.391668203502546e-16,0.0,0.0
20.23333333333333,-0.023404256,1.1995455379873747e-05,1.3727765687237768e-113,1.1995455379752777e-05,0.0,8.144202334543316e-75,1.2096929057977004e-16,0.0,0.0
20.25,-0.023404256,1.1899080958390944e-05,1.1243983503448935e-113,1.1899080958285793e-05,0.0,5.505820226748491e-75,1.051504416686009e-16,0.0,0.0
20.266666666666666,-0.028085107,1.1803477654494042e-05,9.209592068577904e-114,1.1803477654402642e-05,0.0,3.7220357676613684e-75,9.139946128876178e-17,0.0,0.0
20.28333333333333,-0.028085107,1.170863933026422e-05,7.543283678889686e-114,1.1708639330184773e-05,0.0,2.5160783400245607e-75,7.944613366699429e-17,0.0,0.0
20.3,-0.028085107,1.1614559896310892e-05,6.178461427196446e-114,1.1614559896241836e-05,0.0,1.7007987789435924e-75,6.905553930574559e-17,0.0,0.0
20.316666666666663,-0.023404256,1.1521233311391576e-05,5.0605776347497e-114,1.1521233311331552e-05,0.0,1.149653402147626e-75,6.002344640083216e-17,0.0,0.0
20.33333333333333,-0.028085107,1.142865358203436e-05,4.144953826998879e-114,1.1428653581982189e-05,0.0,7.770808325785482e-76,5.217230373056903e-17,0.0,0.0
20.35,-0.028085107,1.1336814762163725e-05,3.394995130589803e-114,1.1336814762118377e-05,0.0,5.252315385547824e-76,4.5347756554341314e-17,0.0,0.0
20.366666666666667,-0.028085107,1.1245710952729061e-05,2.7807277313888943e-114,1.1245710952689645e-05,0.0,3.549938128630911e-76,3.941561728877276e-17,0.0,0.0
20.383333333333333,-0.023404256,1.1155336301335898e-05,2.2776009439924556e-114,1.1155336301301639e-05,0.0,2.399253936113674e-76,3.425923162683407e-17,0.0,0.0
20.4,-0.023404256,1.1065685001880263e-05,1.8655060180423825e-114,1.1065685001850486e-05,0.0,1.6215007301501234e-76,2.977718850287817e-17,0.0,0.0
20.416666666666668,-0.023404256,1.0976751294185795e-05,1.527972468297022e-114,1.0976751294159913e-05,0.0,1.0958311396218339e-76,2.5881329035585824e-17,0.0,0.0
20.433333333333334,-0.023404256,1.0888529463643586e-05,1.2515098099711509e-114,1.088852946362109e-05,0.0,7.405523045290079e-77,2.2495015432836793e-17,0.0,0.0
20.45,-0.023404256,1.0801013840854827e-05,1.0250683918516698e-114,1.0801013840835276e-05,0.0,5.004417161911527e-77,1.9551625931578624e-17,0.0,0.0
20.466666666666665,-0.023404256,1.0714198801276327e-05,8.395977793542295e-115,1.0714198801259334e-05,0.0,3.381714916511834e-77,1.6993246271434738e-17,0.0,0.0
20.48333333333333,-0.023404256,1.0628078764868672e-05,6.8768503821114165e-115,1.0628078764853903e-05,0.0,2.2851055089594054e-77,1.4769532049372466e-17,0.0,0.0
20.5,-0.023404256,1.0542648195747138e-05,5.632584626758594e-115,1.0542648195734302e-05,0.0,1.544049970417695e-77,1.28367196495606e-17,0.0,0.0
20.516666666666666,-0.028085107,1.0457901601835403e-05,4.613449075993491e-115,1.0457901601824246e-05,0.0,1.0432834767171047e-77,1.115676635290303e-17,0.0,0.0
20.53333333333333,-0.028085107,1.037383353452173e-05,3.7787102600458147e-115,1.0373833534512033e-05,0.0,7.049028138247437e-78,9.696602761541987e-18,0.0,0.0
20.55,-0.028085107,1.0290438588318016e-05,3.0950046846781946e-115,1.0290438588309588e-05,0.0,4.762578527688843e-78,8.427482874382305e-18,0.0,0.0
20.566666666666663,-0.028085107,1.0207711400521475e-05,2.535005378335677e-115,1.020771140051415e-05,0.0,3.217667013790357e-78,7.32441906336798e-18,0.0,0.0
20.58333333333333,-0.028085107,1.0125646650878712e-05,2.0763296998008207e-115,1.0125646650872345e-05,0.0,2.173832828058488e-78,6.365690864313292e-18,0.0,0.0
20.6,-0.028085107,1.0044239061252718e-05,1.7006447556067467e-115,1.0044239061247185e-05,0.0,1.468579074654042e-78,5.532417943090497e-18,0.0,0.0
20.616666666666667,-0.028085107,9.963483395292337e-06,1.3929346740317674e-115,9.963483395287529e-06,0.0,9.920983533948585e-79,4.8081888561717924e-18,0.0,0.0
20.633333333333333,-0.028085107,9.883374458104095e-06,1.1409004512156708e-115,9.883374458099916e-06,0.0,6.701906642063401e-79,4.1787383185831736e-18,0.0,0.0
20.65,-0.028085107,9.803907095926868e-06,9.344683832930219e-116,9.803907095923236e-06,0.0,4.5271858353550963e-79,3.631666643630746e-18,0.0,0.0
20.666666666666668,-0.028085107,9.725076195808893e-06,7.653874381797968e-116,9.725076195805737e-06,0.0,3.058050302314416e-79,3.156195845915704e-18,0.0,0.0
20.683333333333334,-0.028085107,9.64687668528743e-06,6.268994752250648e-116,9.646876685284688e-06,0.0,2.065605270450009e-79,2.742957618380381e-18,0.0,0.0
20.7,-0.028085107,9.569303532070707e-06,5.134691323929789e-116,9.569303532068323e-06,0.0,1.3952000946996312e-79,2.383809019479916e-18,0.0,0.0
20.716666666666665,-0.03276596,9.49235174372249e-06,4.205625853376921e-116,9.492351743720418e-06,0.0,9.423498532849643e-80,2.071672250312605e-18,0.0,0.0
20.73333333333333,-0.03276596,9.416016367349138e-06,3.4446633597177674e-116,9.416016367347337e-06,0.0,6.3646480570061956e-80,1.800395374302936e-18,0.0,0.0
20.75,-0.03276596,9.340292489288867e-06,2.8213878797502443e-116,9.340292489287302e-06,0.0,4.298562305333131e-80,1.5646312430836055e-18,0.0,0.0
20.766666666666666,-0.03276596,9.265175234803722e-06,2.3108867707929898e-116,9.265175234802362e-06,0.0,2.9030780603724864e-80,1.3597322496133975e-18,0.0,0.0
20.78333333333333,-0.03276596,9.190659767773656e-06,1.8927549726816878e-116,9.190659767772474e-06,0.0,1.9605634675155495e-80,1.1816588402984682e-18,0.0,0.0
20.8,-0.03276596,9.116741290393197e-06,1.550279431427796e-116,9.11674129039217e-06,0.0,1.3240056901027845e-80,1.0268999880487035e-18,0.0,0.0
20.816666666666663,-0.03276596,9.043415042870424e-06,1.26977108760994e-116,9.043415042869532e-06,0.0,8.940989797490424e-81,8.92404063085706e-19,0.0,0.0
20.83333333333333,-0.03276596,8.97067630312812e-06,1.0400177303424354e-116,8.970676303127343e-06,0.0,6.037653669876792e-81,7.755187425348363e-19,0.0,0.0
20.85,-0.03276596,8.898520386507482e-06,8.51835848358483e-117,8.898520386506808e-06,0.0,4.076971676267354e-81,6.739387773822383e-19,0.0,0.0
20.866666666666667,-0.03276596,8.826942645474093e-06,6.977035664239261e-117,8.826942645473507e-06,0.0,2.7529234644478196e-81,5.856605897362631e-19,0.0,0.0
20.883333333333333,-0.03276596,8.755938469325937e-06,5.7145999609699575e-117,8.75593846932543e-06,0.0,1.858821018846717e-81,5.089428075338209e-19,0.0,0.0
20.9,-0.03276596,8.685503283903987e-06,4.680589842928372e-117,8.685503283903545e-06,0.0,1.2550703017446665e-81,4.422719605044395e-19,0.0,0.0
20.916666666666668,-0.03276596,8.615632551304874e-06,3.833674172823919e-117,8.615632551304489e-06,0.0,8.473944592295906e-82,3.8433266263569685e-19,0.0,0.0
20.933333333333334,-0.03276596,8.546321769595891e-06,3.140000185561449e-117,8.546321769595558e-06,0.0,5.721242050795263e-82,3.3398169456674223e-19,0.0,0.0
20.95,-0.03276596,8.477566472532073e-06,2.571840375803349e-117,8.477566472531784e-06,0.0,3.8626219646745673e-82,2.90225475998157e-19,0.0,0.0
20.966666666666665,-0.03276596,8.409362229275616e-06,2.1064842116608447e-117,8.409362229275363e-06,0.0,2.6077221597678895e-82,2.5220048485357017e-19,0.0,0.0
20.98333333333333,-0.037446808,8.341704644117403e-06,1.725330377066477e-117,8.341704644117185e-06,0.0,1.7604662491465343e-82,2.1915623786701203e-19,0.0,0.0
21.0,-0.037446808,8.274589356200714e-06,1.4131432602551767e-117,8.274589356200524e-06,0.0,1.1884513522107698e-82,1.9044049763898443e-19,0.0,0.0
21.016666666666666,-0.037446808,8.208012039247137e-06,1.1574439705083452e-117,8.208012039246971e-06,0.0,8.022735611053538e-83,1.654864149911615e-19,0.0,0.0
21.03333333333333,-0.037446808,8.14196840128446e-06,9.48011542271188e-118,8.141968401284315e-06,0.0,5.415654650953867e-83,1.4380135351471105e-19,0.0,0.0
21.05,-0.037446808,8.076454184376883e-06,7.764743898483086e-118,8.076454184376757e-06,0.0,3.65566928569938e-83,1.2495717629800192e-19,0.0,0.0
21.066666666666663,-0.037446808,8.011465164357215e-06,6.35975683127396e-118,8.011465164357106e-06,0.0,2.4675748673447624e-83,1.0858180358528794e-19,0.0,0.0
21.08333333333333,-0.037446808,7.946997150561059e-06,5.208992693599945e-118,7.946997150560964e-06,0.0,1.665563986559816e-83,9.435187512421128e-20,0.0,0.0
21.1,-0.037446808,7.8830459855633e-06,4.266451860255124e-118,7.88304598556322e-06,0.0,1.1241904584733046e-83,8.198637269793408e-20,0.0,0.0
21.116666666666667,-0.037446808,7.819607544916552e-06,3.494457919416268e-118,7.819607544916481e-06,0.0,7.587629244002104e-84,7.124107723385218e-20,0.0,0.0
21.133333333333333,-0.037446808,7.756677736891447e-06,2.862151672871798e-118,7.756677736891385e-06,0.0,5.121061436842106e-84,6.190375130713409e-20,0.0,0.0
21.15,-0.037446808,7.69425250221925e-06,2.344257629600597e-118,7.694252502219196e-06,0.0,3.4562216919045794e-84,5.378995213625475e-20,0.0,0.0
21.166666666666668,-0.037446808,7.632327813836266e-06,1.9200736884854114e-118,7.632327813836219e-06,0.0,2.3325499987494253e-84,4.673939257960751e-20,0.0,0.0
21.183333333333334,-0.037446808,7.57089967663038e-06,1.572643626865158e-118,7.570899676630339e-06,0.0,1.57415734323639e-84,4.0612778431688244e-20,0.0,0.0
21.2,-0.037446808,7.509964127189431e-06,1.2880793184317188e-118,7.509964127189396e-06,0.0,1.0623146440676419e-84,3.528905969588483e-20,0.0,0.0
21.216666666666665,-0.042127658,7.449517233551648e-06,1.0550055887300853e-118,7.449517233551617e-06,0.0,7.168793828000929e-85,3.066304166322526e-20,0.0,0.0
21.23333333333333,-0.042127658,7.389555094958002e-06,8.641055184122709e-119,7.389555094957976e-06,0.0,4.8375665039482673e-85,2.6643308712657554e-20,0.0,0.0
21.25,-0.042127658,7.330073841606473e-06,7.077480193660417e-119,7.33007384160645e-06,0.0,3.2643429920734983e-85,2.315041990804007e-20,0.0,0.0
21.266666666666666,-0.042127658,7.271069634408285e-06,5.796827973547568e-119,7.271069634408264e-06,0.0,2.2026862532827288e-85,2.011534082107425e-20,0.0,0.0
21.28333333333333,-0.042127658,7.212538664745935e-06,4.747905083086607e-119,7.212538664745917e-06,0.0,1.4862694812446343e-85,1.747808066321564e-20,0.0,0.0
21.3,-0.042127658,7.154477154233229e-06,3.888781215598839e-119,7.1544771542331905e-06,0.0,1.0028375395199423e-85,1.5186507854776273e-20,2.2672740844855536e-20,0.0
21.316666666666663,-0.042127658,7.096975418146211e-06,3.185113102901275e-119,7.096881354477062e-06,0.0,6.766307804883235e-86,1.3195320675457975e-20,9.406366913487962e-11,0.0
21.33333333333333,-0.042127658,7.064498515270174e-06,2.608771694881118e-119,7.03974754684128e-06,0.0,4.5652136200889225e-86,1.1465152696702345e-20,2.475096842888235e-08,0.0
21.35,-0.042127658,7.6108146122494776e-06,2.136717739508577e-119,6.983072042212005e-06,0.0,3.0800565168829166e-86,9.961795352619233e-21,6.277425700374622e-07,0.0
21.366666666666667,-0.037446808,1.280979423353822e-05,1.7500808175839336e-119,6.926851180765275e-06,0.0,2.0779951754887228e-86,8.655522315098817e-21,5.882943052772937e-06,0.0
21.383333333333333,-0.037446808,3.852992398305885e-05,1.4334050189662377e-119,6.871081331735994e-06,0.0,1.4019053491731863e-86,7.520502345532308e-21,3.165884265132285e-05,0.0
21.4,-0.03276596,0.0001263661929326159,1.174031108005994e-119,6.815758893189067e-06,0.0,9.457605612851439e-87,6.534289039837925e-21,0.00011955043403942681,0.0
21.416666666666668,-0.028085107,0.0003597637005435652,9.615904816472799e-120,6.760880291792137e-06,0.0,6.380167723296761e-87,5.677377399515332e-21,0.00035300282025177307,0.0
21.433333333333334,-0.023404256,0.0008766059115206308,7.875906922621339e-120,6.70644198259019e-06,0.0,4.303991655404558e-87,4.932818479151213e-21,0.0008698994695380407,0.0
21.45,-0.018723404,0.0018729468911629435,6.450759673278702e-120,6.652440448781786e-06,0.0,2.9033488029120103e-87,4.285884506055585e-21,0.0018662944507141616,0.0
21.466666666666665,-0.0140425535,0.0035949946309305164,5.28349155864318e-120,6.598872201497174e-06,0.0,1.9584636540936462e-87,3.723777863119121e-21,0.003588395758729019,0.0
21.48333333333333,-0.004680851,0.006319602205661071,4.327439869289539e-120,6.545733779578067e-06,0.0,1.3210533768755282e-87,3.2353781911171186e-21,0.006313056471881493,0.0
21.5,0.004680851,0.01032624744146313,3.544385365760071e-120,6.493021749359146e-06,0.0,8.910740608728749e-88,2.8110226186144656e-21,0.010319754419713771,0.0
21.516666666666666,0.0140425535,0.015865123856875267,2.903024469025335e-120,6.440732704451309e-06,0.0,6.010296028904223e-88,2.4423147811417633e-21,0.015858683124170814,0.0
21.53333333333333,0.023404256,0.023126370251381177,2.3777178997344674e-120,6.388863265526521e-06,0.0,4.053839862515669e-88,2.1219588592974498e-21,0.02311998138811565,0.0
21.55,0.037446808,0.03221483106487617,1.947465744682432e-120,6.337410080104435e-06,0.0,2.734173170829707e-88,1.8436153590772315e-21,0.03220849365479607,0.0
21.566666666666663,0.05148936,0.04313343569002004,1.595067979928805e-120,6.286369822340686e-06,0.0,1.8440563463770832e-88,1.6017757867609509e-21,0.0431271493201977,0.0
21.58333333333333,0.06553192,0.05577671000972676,1.3064368933189051e-120,6.235739192816688e-06,0.0,1.2436871177828597e-88,1.3916537435588164e-21,0.05577047427053394,0.0
21.6,0.079574466,0.06993441910491938,1.0700339211023873e-120,6.185514918331275e-06,0.0,8.387584371796048e-89,1.2090902892835712e-21,0.06992823359000104,0.0
21.616666666666667,0.09361702,0.08530411017238726,8.764083866110154e-121,6.1356937516939075e-06,0.0,5.65654859679992e-89,1.0504717059510826e-21,0.08529797447863556,0.0
21.633333333333333,0.10765957,0.1015104914041296,7.17819702362755e-121,6.086272471519346e-06,0.0,3.8146529763785534e-89,9.126580369821764e-22,0.10150440513165808,0.0
21.65,0.12170213,0.11812916479293642,5.879279333095506e-121,6.037247882024127e-06,0.0,2.572453177675563e-89,7.929209904034515e-22,0.1181231275450544,0.0
21.666666666666668,0.13574468,0.13471218190756248,4.815403516085509e-121,5.988616812824529e-06,0.0,1.7347180147390815e-89,6.888899793149811e-22,0.13470619329074965,0.0
21.683333333333334,0.14978723,0.1508131278509382,3.944038515067294e-121,5.940376118736192e-06,0.0,1.169766830064921e-89,5.985052335617629e-22,0.15080718747481947,0.0
21.7,0.16382979,0.16600986289304565,3.2303492614849904e-121,5.892522679575149e-06,0.0,7.887852062819916e-90,5.199770561744479e-22,0.16600397037036607,0.0
21.716666666666665,0.17787234,0.179923570825838,2.645804096291524e-121,5.8450533999605805e-06,0.0,5.318721968386998e-90,4.517504194922427e-22,0.17991772577243803,0.0
21.73333333333333,0.19191489,0.1922332999253097,2.167034174393304e-121,5.797965209119034e-06,0.0,3.586286109025815e-90,3.9247420133627594e-22,0.19222750196010058,0.0
21.75,0.2012766,0.20268567834115106,1.774899257411042e-121,5.751255060690164e-06,0.0,2.418085926918022e-90,3.409744532487491e-22,0.20267992708609037,0.0
21.766666666666666,0.2106383,0.21109990311497193,1.4537225494700354e-121,5.7049199325340595e-06,0.0,1.6303757647590083e-90,2.9623117245766147e-22,0.21109419819503938,0.0
21.78333333333333,0.21531914,0.2173684216723204,1.1906639881952998e-121,5.658956826539963e-06,0.0,1.0992409896204299e-90,2.573581184406756e-22,0.21736276271549387,0.0
21.8,0.22468086,0.2214539422719074,9.752069378293042e-122,5.613362768436585e-06,0.0,7.4111802409519e-91,2.235852751112194e-22,0.22144832890913896,0.0
21.816666666666663,0.22468086,0.22338353209297707,7.987377646438393e-122,5.568134807603904e-06,0.0,4.996560262610303e-91,1.942436119206233e-22,0.22337796395816947,0.0
21.83333333333333,0.22468086,0.22324060187353964,6.542014878057663e-122,5.52327001688631e-06,0.0,3.3685594195084794e-91,1.687518425947958e-22,0.22323507860352276,0.0
21.85,0.22468086,0.22115555128767242,5.358197399988306e-122,5.478765492407381e-06,0.0,2.2709452234548267e-91,1.4660491969893418e-22,0.22115007252218002,0.0
21.866666666666667,0.21531914,0.2172957774689396,4.388597629601926e-122,5.434618353386056e-06,0.0,1.5309411763657104e-91,1.2736403752724084e-22,0.2172903428505862,0.0
21.883333333333333,0.2106383,0.21185564715558203,3.594452032415267e-122,5.390825741954119e-06,0.0,1.0320477294384495e-91,1.106479456250466e-22,0.2118502563298401,0.0
21.9,0.20595744,0.20504691557829613,2.944011444979828e-122,5.34738482297529e-06,0.0,6.957136583472953e-92,9.612540115598635e-23,0.20504156819347316,0.0
21.916666666666668,0.19659574,0.1970899543698606,2.4112718123928276e-122,5.304292783865622e-06,0.0,4.6897617385000316e-92,8.3508610837954e-23,0.19708465007707673,0.0
21.933333333333334,0.18723404,0.18820603542818162,1.9749345996227292e-122,5.26154683441538e-06,0.0,3.1612625440955387e-92,7.25475327339501e-23,0.1882007738813472,0.0
21.95,0.17787234,0.17861081397717957,1.617555317290887e-122,5.219144206612216e-06,0.0,2.1308845638665327e-92,6.302492518300821e-23,0.17860559483297295,0.0
21.966666666666665,0.16851063,0.16850906573358274,1.3248461226489567e-122,5.177082154465813e-06,0.0,1.4363123218672176e-92,5.475204492847531e-23,0.16850388865142826,0.0
21.98333333333333,0.15446809,0.15809066175163128,1.0851046158483127e-122,5.135357953833864e-06,0.0,9.681162012973656e-93,4.7564909337276747e-23,0.15808552639367746,0.0
22.0,0.14510638,0.14752771025723455,8.887459964343576e-123,5.093968902249445e-06,0.0,6.5252290726898666e-93,4.132104875836596e-23,0.1475226162883323,0.0
22.016666666666666,0.13106383,0.1369727565445238,7.279198769839012e-123,5.052912318749696e-06,0.0,4.397984992331565e-93,3.5896684761417605e-23,0.13696770363220503,0.0
22.03333333333333,0.11702128,0.12655790800426808,5.961964351133423e-123,5.012185543705847e-06,0.0,2.964158776034452e-93,3.11842784195156e-23,0.12655289581872436,0.0
22.05,0.10765957,0.11639473939588513,4.8830935701291976e-123,4.971785938654618e-06,0.0,1.9977399550937563e-93,2.709040011860795e-23,0.11638976760994647,0.0
22.066666666666663,0.09361702,0.10657483122939033,3.9994529601047136e-123,4.931710886130944e-06,0.0,1.346375666482893e-93,2.3533878736273898e-23,0.10656989951850421,0.0
22.08333333333333,0.079574466,0.09717079930569493,3.275714292015894e-123,4.891957789501893e-06,0.0,9.073678570364256e-94,2.0444193558703047e-23,0.09716590734790542,0.0
22.1,0.07021277,0.08823768396708205,2.6829421823655284e-123,4.852524072802047e-06,0.0,6.114914632554421e-94,1.7760077106883755e-23,0.08823283144300925,0.0
22.116666666666667,0.056170214,0.07981458158644957,2.197437278100068e-123,4.813407180570117e-06,0.0,4.120854778409349e-94,1.5428301215641985e-23,0.07980976817926899,0.0
22.133333333333333,0.04680851,0.07192641672434921,1.7997887713074252e-123,4.7746045776867345e-06,0.0,2.776988987990772e-94,1.3402622334983505e-23,0.07192164211977152,0.0
22.15,0.037446808,0.06458576996249786,1.4740983649795422e-123,4.736113749213668e-06,0.0,1.8713325572611435e-94,1.1642865173747366e-23,0.06458103384874865,0.0
22.166666666666668,0.028085107,0.057794692729033655,1.2073446653028434e-123,4.6979322002341964e-06,0.0,1.261007848737095e-94,1.011412654312828e-23,0.05778999479683342,0.0
22.183333333333334,0.018723404,0.05154645577738204,9.888625898855805e-124,4.660057455694815e-06,0.0,8.497176477808228e-95,8.786083636385907e-24,0.05154179571992634,0.0
22.2,0.009361702,0.04582719190863564,8.099169794205983e-124,4.622487060248083e-06,0.0,5.725607205141997e-95,7.632393047956287e-24,0.04582256942157539,0.0
22.216666666666665,0.004680851,0.040617405769364186,6.633533663502237e-124,4.5852185780967794e-06,0.0,3.857967447589662e-95,6.630168631156718e-24,0.04061282055078609,0.0
22.23333333333333,-0.004680851,0.035893333996763595,5.433119386893472e-124,4.548249592839264e-06,0.0,2.5994752936925142e-95,5.75952785418272e-24,0.035888785747170755,0.0
22.25,-0.009361702,0.031628147621400135,4.449932635957884e-124,4.511577707316033e-06,0.0,1.751471148625202e-95,5.003197670041212e-24,0.03162363604369282,0.0
22.266666666666666,-0.0140425535,0.02779299555854626,3.644664045463713e-124,4.475200543457514e-06,0.0,1.1800773395769396e-95,4.3461720942291914e-24,0.0277885203580028,0.0
22.28333333333333,-0.018723404,0.024357893362997384,2.985117608091958e-124,4.439115742132989e-06,0.0,7.950751405048971e-96,3.77541470766684e-24,0.02435345424725525,0.0
22.3,-0.023404256,0.02129246536415845,2.4449234605139337e-124,4.4033209630007655e-06,0.0,5.3566852638651055e-96,3.2796001918791717e-24,0.02128806204319545,0.0
22.316666666666663,-0.028085107,0.018566551029002544,2.002483598819833e-124,4.367813884359548e-06,0.0,3.6088960020931514e-96,2.8488897762721778e-24,0.018562183215118183,0.0
22.33333333333333,-0.03276596,0.01615068811399309,1.6401083735362688e-124,4.3325922030008255e-06,0.0,2.4313244482633064e-96,2.4747361488666626e-24,0.016146355521790088,0.0
22.35,-0.03276596,0.01401648604974144,1.3433092416451264e-124,4.297653634062592e-06,0.0,1.6379544126190762e-96,2.1497139653224338e-24,0.014012188396107378,0.0
22.366666666666667,-0.037446808,0.012136903226674763,1.1002195000216045e-124,4.262995910884176e-06,0.0,1.1034459803978436e-96,1.8673725980354107e-24,0.012132640230763879,0.0
22.383333333333333,-0.037446808,0.010486441571298289,9.011198413050622e-125,4.228616784862079e-06,0.0,7.433455521951906e-97,1.6221082075689873e-24,0.010482212954513428,0.0
22.4,-0.042127658,0.009041271155647438,7.380497639468254e-125,4.194514025307115e-06,0.0,5.007498766144686e-97,1.4090526013969569e-24,0.00903707664162213,0.0
22.416666666666668,-0.042127658,0.007779296681757577,6.044893005773497e-125,4.16068541930257e-06,0.0,3.3731947690843464e-97,1.2239766774546432e-24,0.007775135996338275,0.0
22.433333333333334,-0.04680851,0.006680176623259633,4.950983401318799e-125,4.127128771563534e-06,0.0,2.2722309893326179e-97,1.063206538912598e-24,0.006676049494488069,0.0
22.45,-0.04680851,0.005725304663740528,4.0550312175157314e-125,4.093841904297261e-06,0.0,1.530573048679561e-97,9.235506176092016e-25,0.005721210821836231,0.0
22.466666666666665,-0.04680851,0.004897761905972184,3.3212136439582265e-125,4.060822657064713e-06,0.0,1.0309704013099469e-97,8.022363616803044e-25,0.004893701083315119,0.0
22.48333333333333,-0.05148936,0.004182247182501825,2.720190407520672e-125,4.028068886643126e-06,0.0,6.944307026423357e-98,6.968552324180365e-25,0.004178219113615182,0.0
22.5,-0.05148936,0.0035649917089878905,2.2279306916977265e-125,3.995578466889683e-06,0.0,4.6773755532944904e-98,6.053149200320205e-25,0.003560996130521001,0.0
22.516666666666666,-0.05148936,0.0030336633091731548,1.824752335511666e-125,3.9633492886062756e-06,0.0,3.1504036988250226e-98,5.257978310315324e-25,0.0030296999598845484,0.0
22.53333333333333,-0.05148936,0.0025772645181704776,1.4945348983012622e-125,3.931379259405265e-06,0.0,2.1218801232327414e-98,4.5672502422864535e-25,0.0025733331389110724,0.0
22.55,-0.05148936,0.002186028045735071,1.2240751279329044e-125,3.899666303576365e-06,0.0,1.4291117100213397e-98,3.9672488034263025e-25,0.0021821283794314947,0.0
22.566666666666663,-0.05148936,0.0018513123551486984,1.0025590633275303e-125,3.8682083619545585e-06,0.0,9.625033219492297e-99,3.446058840001889e-25,0.0018474441467867437,0.0
22.58333333333333,-0.05148936,0.0015654994841551408,8.211296653099989e-126,3.8370033917889815e-06,0.0,6.4822988753008525e-99,2.9933297843447337e-25,0.0015616624807633518,0.0
22.6,-0.05148936,0.001321896697220056,6.72532689077238e-126,3.8060493666129395e-06,0.0,4.365627209694922e-99,2.600070240016818e-25,0.001318090647853443,0.0
22.616666666666667,-0.05148936,0.0011146431065633836,5.508266397470019e-126,3.7753442761149095e-06,0.0,2.940052296057459e-99,2.2584695315870444e-25,0.0011108677622872687,0.0
22.633333333333333,-0.05148936,0.0009386220251797588,4.511452145505389e-126,3.7448861260105047e-06,0.0,1.9799503624623467e-99,1.9617426799910116e-25,0.0009348771390537483,0.0
22.65,-0.05148936,0.0007893795101288404,3.6950273370579305e-126,3.7146729379154916e-06,0.0,1.3333507727681673e-99,1.7039957288562025e-25,0.0007856648371909249,0.0
22.666666666666668,-0.05148936,0.000663049310361709,3.026347807443755e-126,3.6847027492198103e-06,0.0,8.978947379666453e-100,1.4801087506452309e-25,0.0006593646076124891,0.0
22.683333333333334,-0.056170214,0.0005562842421111142,2.4786768078613005e-126,3.6549736129625887e-06,0.0,6.046406740409674e-100,1.2856342120119679e-25,0.0005526292684981517,0.0
22.7,-0.056170214,0.000466193868698988,2.0301159823619258e-126,3.6254835977080848e-06,0.0,4.0715543968952407e-100,1.1167086823076865e-25,0.0004625683851012799,0.0
22.716666666666665,-0.056170214,0.0003902882533959588,1.662729797206643e-126,3.596230787422671e-06,0.0,2.7416631956531296e-100,9.699761337613649e-26,0.00038669202260853614,0.0
22.73333333333333,-0.056170214,0.00032642747725724133,1.3618284153067946e-126,3.5672132813527534e-06,0.0,1.8461159221826233e-100,8.425213117236316e-26,0.0003228602639758886,0.0
22.75,-0.056170214,0.0002727765629247409,1.1153803433628435e-126,3.53842919390364e-06,0.0,1.243067941878692e-100,7.318118530693974e-26,0.00026923813373083726,0.0
22.766666666666666,-0.056170214,0.000227765415194464,9.135313678692733e-127,3.5098766545194123e-06,0.0,8.369929970040871e-101,6.35648004352468e-26,0.0002242555385399446,0.0
22.78333333333333,-0.056170214,0.00019005337535438424,7.482105457919042e-127,3.481553807563661e-06,0.0,5.6355962164145854e-101,5.521189420363249e-26,0.00018657182154682058,0.0
22.8,-0.056170214,0.00015849798519338354,6.128074963545347e-127,3.453458812201227e-06,0.0,3.79445168125312e-101,4.7956482807645555e-26,0.0001550445263811823,0.0
22.816666666666663,-0.056170214,0.00013212756504486442,5.019080911454829e-127,3.425589842280872e-06,0.0,2.5547553954856875e-101,4.165438478946786e-26,0.00012870197520258354,0.0
22.83333333333333,-0.056170214,0.0001101172256686983,4.110779746556524e-127,3.3979450862187907e-06,0.0,1.720048884762507e-101,3.618035766212488e-26,0.00010671928058247951,0.0
22.85,-0.060851064,9.17679540696537e-05,3.366852597383506e-127,3.370522746883146e-06,0.0,1.1580397001479264e-101,3.142561053453855e-26,8.839743132277055e-05,0.0
22.866666666666667,-0.060851064,7.648843678558894e-05,2.7575530879209208e-127,3.3433210414794882e-06,0.0,7.796457685163666e-102,2.729564337089928e-26,7.314511574410945e-05,0.0
22.883333333333333,-0.056170214,6.377930939583862e-05,2.2585179434180833e-127,3.3163382014369774e-06,0.0,5.248829310710717e-102,2.370836999833706e-26,6.0462971194401645e-05,0.0
22.9,-0.056170214,5.321954693909539e-05,1.8497928341692373e-127,3.2895724722956364e-06,0.0,3.5336118760721915e-102,2.0592487606802567e-26,4.9929974466799756e-05,0.0
22.916666666666668,-0.056170214,4.445473578304849e-05,1.5150345070784358e-127,3.263022113594401e-06,0.0,2.37884716104659e-102,1.7886060375954714e-26,4.1191713669454085e-05,0.0
22.933333333333334,-0.056170214,3.7186992657635194e-05,1.2408573033436214e-127,3.236685398760109e-06,0.0,1.601421142418726e-102,1.5535289112876868e-26,3.3950307258875087e-05,0.0
22.95,-0.05148936,3.1166320622356335e-05,1.0162979335980068e-127,3.2105606149973176e-06,0.0,1.0780426072177792e-102,1.3493442475665972e-26,2.7955760007359017e-05,0.0
22.966666666666665,-0.05148936,2.618321439752363e-05,8.323771101650354e-128,3.184646063178999e-06,0.0,7.257009122318119e-103,1.1719928564686687e-26,2.2998568334344632e-05,0.0
22.98333333333333,-0.05148936,2.2062348570593525e-05,6.817405087504893e-128,3.158940057738115e-06,0.0,4.8850702484158875e-103,1.0179488449042292e-26,1.8903408512855408e-05,0.0
23.0,-0.05148936,1.8657201599515837e-05,5.583647037619294e-128,3.1334409265600272e-06,0.0,3.2883299210173026e-103,8.841495615919105e-27,1.552376067295581e-05,0.0
23.016666666666666,-0.05148936,1.58454862484205e-05,4.573163193222023e-128,3.1081470108757804e-06,0.0,2.2134586175005771e-103,7.679347432853879e-27,1.2737339237544721e-05,0.0
23.03333333333333,-0.05148936,1.3525273129618726e-05,3.7455476580205086e-128,3.083056665156172e-06,0.0,1.4899061287548673e-103,6.669936539365375e-27,1.0442216464462555e-05,0.0
23.05,-0.05148936,1.1611708448122094e-05,3.0677067441207316e-128,3.058168257006712e-06,0.0,1.0028544560351139e-103,5.793191671029721e-27,8.553540191115381e-06,0.0
23.066666666666663,-0.05148936,1.0034239933629457e-05,2.512535697406446e-128,3.0334801670634013e-06,0.0,6.750072503616713e-104,5.0316787973970596e-27,7.000759766566056e-06,0.0
23.08333333333333,-0.05148936,8.734276399305886e-06,2.057834891749313e-128,3.0089907888892727e-06,0.0,4.54329062758617e-104,4.370254652519912e-27,5.725285610416614e-06,0.0
23.1,-0.05148936,7.663216494881786e-06,1.6854221563782225e-128,2.9846985288718283e-06,0.0,3.057906322949266e-104,3.795765777039365e-27,4.678517966009958e-06,0.0
23.116666666666667,-0.05148936,6.780791135752258e-06,1.3804057429585296e-128,2.9606018061212655e-06,0.0,2.0581140457392712e-104,3.2967870943644634e-27,3.820189329630992e-06,0.0
23.133333333333333,-0.05148936,6.05367190207472e-06,1.1305888620102164e-128,2.9366990523694323e-06,0.0,1.3851803505634136e-104,2.8633948284454705e-27,3.1169728497052875e-06,0.0
23.15,-0.05148936,5.454304521575115e-06,9.259819790239695e-129,2.912988711869674e-06,0.0,9.322552945494445e-105,2.4869692525406525e-27,2.541315809705442e-06,0.0
23.166666666666668,-0.05148936,4.9599324812183195e-06,7.584033693521318e-129,2.889469241297412e-06,0.0,6.274152489008752e-105,2.160023350728495e-27,2.0704632399209074e-06,0.0
23.183333333333334,-0.05148936,4.551780954210527e-06,6.211519599539448e-129,2.8661391096515444e-06,0.0,4.222473961253925e-105,1.8760539885026916e-27,1.6856418445589824e-06,0.0
23.2,-0.05148936,4.214375670965376e-06,5.087393764468704e-129,2.8429967981565734e-06,0.0,2.84165018322082e-105,1.6294126357939987e-27,1.3713788728088029e-06,0.0
23.216666666666665,-0.05148936,3.9349751892539575e-06,4.166704812336196e-129,2.820040800165551e-06,0.0,1.912343899590163e-105,1.4151930740784741e-27,1.1149343890884068e-06,0.0
23.23333333333333,-0.05148936,3.7030983057339293e-06,3.412636273903253e-129,2.7972696210637664e-06,0.0,1.286924731623776e-105,1.2291338565495763e-27,9.058286846701628e-07,0.0
23.25,-0.05148936,3.5101311669717525e-06,2.7950344103978967e-129,2.774681778173187e-06,0.0,8.660283206710945e-106,1.06753358335772e-27,7.354493887985656e-07,0.0
23.266666666666666,-0.05148936,3.349001044323348e-06,2.289202455932188e-129,2.7522758006577056e-06,0.0,5.827776135034971e-106,9.271773084644257e-28,5.967252436656426e-07,0.0
23.28333333333333,-0.04680851,3.2139057882767804e-06,1.874913065267554e-129,2.7300502294290295e-06,0.0,3.9216196437473687e-106,8.052726157735328e-28,4.83855558847751e-07,0.0
23.3,-0.04680851,3.100089722465169e-06,1.5355994786328465e-129,2.70800361705341e-06,0.0,2.6388818370301874e-106,6.993940942806665e-28,3.920861054117588e-07,0.0
23.316666666666663,-0.04680851,3.0036582181231272e-06,1.2576930613974232e-129,2.6861345276590873e-06,0.0,1.7756865616441086e-106,6.074351088326726e-28,3.175236904640398e-07,0.0
23.33333333333333,-0.04680851,2.9214244436333764e-06,1.030080729293614e-129,2.6644415368443984e-06,0.0,1.1948257804194514e-106,5.27565908027383e-28,2.5698290678897807e-07,0.0
23.35,-0.04680851,2.850782843582568e-06,8.436605636028393e-130,2.642923231586702e-06,0.0,8.039606586286484e-107,4.581972366879474e-28,2.078596119958664e-07,0.0
23.366666666666667,-0.04680851,2.7896047957509575e-06,6.909778469253493e-130,2.621578210151991e-06,0.0,5.409498054817577e-107,3.9794872971112542e-28,1.6802658559896646e-07,0.0
23.383333333333333,-0.04680851,2.736152647249424e-06,5.659269658520955e-130,2.6004050820051594e-06,0.0,3.639746379141295e-107,3.456214590921879e-28,1.3574756524426476e-07,0.0
23.4,-0.04680851,2.6890089637787587e-06,4.635072606181098e-130,2.579402467721059e-06,0.0,2.448935130637026e-107,3.001740884532919e-28,1.0960649605769979e-07,0.0
23.416666666666668,-0.04680851,2.6470183569558224e-06,3.796230589481771e-130,2.5585689988962103e-06,0.0,1.6476898552904165e-107,2.6070216108636768e-28,8.844935805961205e-08,0.0
23.433333333333334,-0.04680851,2.6092396994804304e-06,3.1091989807045505e-130,2.5379033180612433e-06,0.0,1.1085765937558913e-107,2.2642010979092176e-28,7.133638141918696e-08,0.0
23.45,-0.042127658,2.57490690999236e-06,2.5465038590732975e-130,2.517404078593977e-06,0.0,7.458440248831228e-108,1.9664563087651174e-28,5.750283139838287e-08,0.0
23.466666666666665,-0.042127658,2.5433968002183904e-06,2.085643376212124e-130,2.497069944633242e-06,0.0,5.017904834862846e-108,1.707861116844705e-28,4.63268555851485e-08,0.0
23.48333333333333,-0.042127658,2.5142027361608145e-06,1.7081879438163596e-130,2.4768995909933443e-06,0.0,3.3758951096572127e-108,1.4832684179595402e-28,3.730314516747037e-08,0.0
23.5,-0.042127658,2.4869130808942113e-06,1.3990432624558094e-130,2.45689170307922e-06,0.0,2.2711593621601957e-108,1.2882077354494095e-28,3.002137781499159e-08,0.0
23.516666666666666,-0.042127658,2.4611935660162435e-06,1.1458467219297756e-130,2.4370449768022713e-06,0.0,1.5279123304614376e-108,1.118796282491875e-28,2.4148589213972207e-08,0.0
23.53333333333333,-0.04680851,2.4367728878608266e-06,9.384730367150196e-131,2.4173581184968257e-06,0.0,1.027877708181612e-108,9.71661713210069e-29,1.9414769364001048e-08,0.0
23.55,-0.04680851,2.413430948223998e-06,7.686293480356955e-131,2.3978298448373e-06,0.0,6.91475291692403e-109,8.438750265484561e-29,1.5601103386697865e-08,0.0
23.566666666666663,-0.04680851,2.3909892617807932e-06,6.295236016027713e-131,2.378458882756002e-06,0.0,4.651618763664616e-109,7.328922887095666e-29,1.2530379024790995e-08,0.0
23.58333333333333,-0.04680851,2.3693031371231194e-06,5.155929401614715e-131,2.359243969361564e-06,0.0,3.129131481389615e-109,6.365040152549024e-29,1.0059167761555418e-08,0.0
23.6,-0.04680851,2.3482553083917795e-06,4.222812498212153e-131,2.3401838518580347e-06,0.0,2.1049209113697207e-109,5.527912062519384e-29,8.071456533744846e-09,0.0
23.616666666666667,-0.05148936,2.327750752296911e-06,3.458569646778982e-131,2.3212772874646454e-06,0.0,1.4159243403382631e-109,4.800871601190539e-29,6.4734648322655616e-09,0.0
23.633333333333333,-0.05148936,2.3077124729998177e-06,2.8326384406969194e-131,2.302523043336121e-06,0.0,9.52437810929826e-110,4.16944306713677e-29,5.189429663696362e-09,0.0
23.65,-0.05148936,2.2880780766025715e-06,2.3199875530785855e-131,2.283919896483708e-06,0.0,6.406569562848597e-110,3.621054000070299e-29,4.1581801188634744e-09,0.0
23.666666666666668,-0.05148936,2.2687969893067e-06,1.9001157461247913e-131,2.265466633696779e-06,0.0,4.30930092614554e-110,3.1447849737273914e-29,3.3303556099207294e-09,0.0
23.683333333333334,-0.05148936,2.2498281998653936e-06,1.5562320344421102e-131,2.2471620514650854e-06,0.0,2.898547884030366e-110,2.7311522781285546e-29,2.6661484003082644e-09,0.0
23.7,-0.05148936,2.231138428766262e-06,1.274584218212855e-131,2.2290049559015845e-06,0.0,1.9496045833457985e-110,2.3719191684614134e-29,2.1334728646776154e-09,0.0
23.716666666666665,-0.04680851,2.212700644476383e-06,1.0439089351438992e-131,2.210994162665914e-06,0.0,1.3113089259033459e-110,2.0599319259216278e-29,1.7064818104688918e-09,0.0
23.73333333333333,-0.04680851,2.1944928617476105e-06,8.549812394355193e-132,2.193128496888453e-06,0.0,8.81974321833009e-111,1.7889774692794717e-29,1.3643648591572473e-09,0.0
23.75,-0.04680851,2.1764971689895286e-06,7.002456959322934e-132,2.175406793094985e-06,0.0,5.931975234026696e-111,1.553659684539554e-29,1.0903758945437132e-09,0.0
23.766666666666666,-0.04680851,2.1586989415422693e-06,5.735142372811076e-132,2.15782789513197e-06,0.0,3.9896537165634226e-111,1.349292012337357e-29,8.710464102992593e-10,0.0
23.78333333333333,-0.04680851,2.1410862057119384e-06,4.697187016749784e-132,2.14039065609237e-06,0.0,2.68326510026639e-111,1.171804156072862e-29,6.955496195683034e-10,0.0
23.8,-0.04680851,2.1236491249899196e-06,3.847081553647908e-132,2.1230939382421035e-06,0.0,1.804614690183463e-111,1.0176610546471552e-29,5.551867478162027e-10,0.0
23.816666666666663,-0.04680851,2.106379585228719e-06,3.150828950057696e-132,2.1059366129470704e-06,0.0,1.2136625247143063e-111,8.837925076223155e-30,4.429722816488144e-10,0.0
23.83333333333333,-0.04680851,2.0892708599102406e-06,2.5805849169055277e-132,2.088917560600712e-06,0.0,8.162138573039728e-112,7.675320525197304e-30,3.532993095282964e-10,0.0
23.85,-0.04680851,2.0723173401970396e-06,2.1135443985573686e-132,2.072035670552211e-06,0.0,5.489118087344414e-112,6.665638780229784e-30,2.816696448287163e-10,0.0
23.866666666666667,-0.04680851,2.055514317350344e-06,1.731029581743726e-132,2.055289841035227e-06,0.0,3.691422820783861e-112,5.7887671670978394e-30,2.2447631511674094e-10,0.0
23.883333333333333,-0.04680851,2.0388578074522063e-06,1.417742954074585e-132,2.03867897909716e-06,0.0,2.482433599312708e-112,5.0272379979019736e-30,1.7882835504658162e-10,0.0
23.9,-0.05148936,2.0223444102821806e-06,1.1611555420895584e-132,2.022202000529044e-06,0.0,1.6693758940830302e-112,4.365880769314131e-30,1.4240975313647385e-10,0.0
23.916666666666668,-0.05148936,2.0059711957522217e-06,9.510058645266758e-133,2.005857829795929e-06,0.0,1.1225955197011296e-112,3.791520090006556e-30,1.1336595629273531e-10,0.0
23.933333333333334,-0.05148936,1.989735612564706e-06,7.788895639385342e-133,1.9896453999678677e-06,0.0,7.548925870764989e-113,3.292713325430129e-30,9.021259683820425e-11,0.0
23.95,-0.05148936,1.9736354147808076e-06,6.379233059699959e-133,1.9735636526514017e-06,0.0,5.0762117046913275e-113,2.859522738367803e-30,7.176212940607277e-11,0.0
23.966666666666665,-0.05148936,1.9576686028154553e-06,5.224695055529364e-133,1.957611537921619e-06,0.0,3.4133987168699636e-113,2.4833175900853097e-30,5.70648938361427e-11,0.0
23.98333333333333,-0.05148936,1.9418333760461816e-06,4.279108717258663e-133,1.941788014254742e-06,0.0,2.295234507697447e-113,2.1566022630741773e-30,4.536179143964402e-11,0.0
24.0,-0.05148936,1.9261280947665057e-06,3.504657550280264e-133,1.9260920484612374e-06,0.0,1.5433338342070393e-113,1.872866984196408e-30,3.604630526844125e-11,0.0
24.016666666666666,-0.05148936,1.910551249653922e-06,2.870369131111886e-133,1.910522615619482e-06,0.0,1.0377326431212922e-113,1.6264581767916205e-30,2.863403444031072e-11,0.0
24.03333333333333,-0.05148936,1.8951014372776734e-06,2.3508764660914623e-133,1.8950786990099139e-06,0.0,6.977564939398556e-114,1.4124658609393416e-30,2.2738267759515066e-11,0.0
24.05,-0.05148936,1.879777340458532e-06,1.92540351847143e-133,1.8797592900497362e-06,0.0,4.6915367589033296e-114,1.2266258603565961e-30,1.8050408795634453e-11,0.0
24.066666666666663,-0.05148936,1.8645777125243589e-06,1.5769343342854575e-133,1.8645633882281389e-06,0.0,3.1544177407336373e-114,1.0652348690957362e-30,1.4324296220045734e-11,0.0
24.08333333333333,-0.05148936,1.849501364692079e-06,1.2915325395476481e-133,1.8494900010419903e-06,0.0,2.1208802888816955e-114,9.250766871569358e-31,1.1363650088665553e-11,0.0
24.1,-0.05148936,1.834547155957551e-06,1.0577839947713298e-133,1.834538143932095e-06,0.0,1.425955558659437e-114,8.033581564349674e-31,9.012025456111822e-12,0.0
24.116666666666667,-0.05148936,1.819713984996084e-06,8.663403179209079e-134,1.8197068402199359e-06,0.0,9.58713250095649e-115,6.976535214977833e-31,7.1447761482109166e-12,0.0
24.133333333333333,-0.05148936,1.8050007836742095e-06,7.095450207131236e-134,1.8049951210448795e-06,0.0,6.445615462066663e-115,6.0585610739394e-31,5.662629330018332e-12,0.0
24.15,-0.05148936,1.7904065118521694e-06,5.811273069566019e-134,1.79040202530193e-06,0.0,4.33344209590076e-115,5.26136352338359e-31,4.486550239253453e-12,0.0
24.166666666666668,-0.05148936,1.7759301532197466e-06,4.759512874813648e-134,1.7759265995799506e-06,0.0,2.913362761288183e-115,4.569053596289971e-31,3.55363979613743e-12,0.0
24.183333333333334,-0.05148936,1.7615707119591165e-06,3.8981058237722074e-134,1.761567898100385e-06,0.0,1.958615161721932e-115,3.967832430212334e-31,2.813858731365316e-12,0.0
24.2,-0.05148936,1.7473272100692437e-06,3.1926009634593797e-134,1.7473249826564397e-06,0.0,1.3167297818322597e-115,3.4457163521451446e-31,2.227412803901504e-12,0.0
24.216666666666665,-0.05148936,1.7331986852193447e-06,2.6147823957029554e-134,1.7331969225527888e-06,0.0,8.851914753959402e-116,2.992298119887074e-31,1.7626665559682277e-12,0.0
24.23333333333333,-0.05148936,1.7191841890251526e-06,2.1415408405838744e-134,1.7191827945457074e-06,0.0,5.950737921428582e-116,2.5985395651258034e-31,1.3944794452484757e-12,0.0
24.25,-0.05148936,1.7052827856630912e-06,1.7539494262599364e-134,1.7052816827837196e-06,0.0,4.000345295264672e-116,2.2565915086855195e-31,1.1028793716379297e-12,0.0
24.266666666666666,-0.05148936,1.6914935507543022e-06,1.4365067441171443e-134,1.6914926787487023e-06,0.0,2.689163507093419e-116,1.9596373613873754e-31,8.720055999194138e-13,0.0
24.28333333333333,-0.05148936,1.6778155704641355e-06,1.1765168974005018e-134,1.6778148811974414e-06,0.0,1.8077152861009432e-116,1.7017572955894353e-31,6.892666941017159e-13,0.0
24.3,-0.05148936,1.664247940773656e-06,9.635817500811705e-135,1.6642473961036689e-06,0.0,1.2151669862318984e-116,1.4778102820819603e-31,5.446699871285443e-13,0.0
24.316666666666663,-0.05148936,1.65078976688841e-06,7.891850698021283e-135,1.650789336600565e-06,0.0,8.168362863685937e-117,1.2833316427624723e-31,4.302878450601579e-13,0.0
24.33333333333333,-0.05148936,1.6374401627566539e-06,6.463519337635467e-135,1.6374398229236767e-06,0.0,5.4906938504620954e-117,1.1144440784896622e-31,3.398329770989072e-13,0.0
24.35,-0.056170214,1.624198250674972e-06,5.2936977632628656e-135,1.6241979823543348e-06,0.0,3.6907327678539624e-117,9.677803998647732e-32,2.683206372223386e-13,0.0
24.366666666666667,-0.056170214,1.6110631609635494e-06,4.335599222898825e-135,1.6110629491635124e-06,0.0,2.480796583991624e-117,8.404164217493432e-32,2.1180003712567458e-13,0.0
24.383333333333333,-0.056170214,1.5980340316969458e-06,3.5509046883590974e-135,1.5980338645560793e-06,0.0,1.6674887423518138e-117,7.298126847456244e-32,1.671408664686083e-13,0.0
24.4,-0.05148936,1.585110008479234e-06,2.9082303275624647e-135,1.5851098766155601e-06,0.0,1.1207993867290816e-117,6.337638426672271e-32,1.3186367390904397e-13,0.0
24.416666666666668,-0.05148936,1.5722902442544393e-06,2.3818723393748733e-135,1.5722901402492947e-06,0.0,7.533314440890677e-118,5.503547077079755e-32,1.040051445707285e-13,0.0
24.433333333333334,-0.05148936,1.559573899145184e-06,1.950778953160685e-135,1.5595738171340523e-06,0.0,5.063345471235706e-118,4.7792207762370387e-32,8.201113149015997e-14,0.0
24.45,-0.05148936,1.546960140313802e-06,1.5977084800868687e-135,1.5469600756620495e-06,0.0,3.403159445340801e-118,4.1502158440818917e-32,6.465175243195773e-14,0.0
24.466666666666665,-0.05148936,1.5344481418414488e-06,1.3085397439335414e-135,1.5344480908874257e-06,0.0,2.2872852207160014e-118,3.603989039675357e-32,5.095402312396827e-14,0.0
24.48333333333333,-0.05148936,1.5220370846215471e-06,1.0717073132492421e-135,1.5220370444731246e-06,0.0,1.5372753293814384e-118,3.129647531657485e-32,4.014842259129817e-14,0.0
24.5,-0.05148936,1.509726156264724e-06,8.777389478505116e-136,1.5097261246382008e-06,0.0,1.0331807740006403e-118,2.7177317605952543e-32,3.162652320097169e-14,0.0
24.516666666666666,-0.05148936,1.4975145510129583e-06,7.188767605243408e-136,1.4975145261055532e-06,0.0,6.943753840383699e-119,2.3600268666372543e-32,2.4907405133504174e-14,0.0
24.53333333333333,-0.05148936,1.4854014696610994e-06,5.887669428198517e-136,1.4854014500500569e-06,0.0,4.666654797679941e-119,2.0493989249485574e-32,1.961104255308969e-14,0.0
24.55,-0.05148936,1.473386119484329e-06,4.8220564591140515e-136,1.473386104047108e-06,0.0,3.136248112849857e-119,1.779652725626039e-32,1.5437220953720096e-14,0.0
24.566666666666663,-0.05148936,1.4614677141704428e-06,3.949308533407528e-136,1.4614677020216015e-06,0.0,2.1076987769095615e-119,1.5454082640161728e-32,1.2148841346255682e-14,0.0
24.58333333333333,-0.05148936,1.449645473755969e-06,3.2345192181539086e-136,1.4496454641972664e-06,0.0,1.416446204671994e-119,1.3419934801318557e-32,9.55870255844623e-15,0.0
24.6,-0.05148936,1.4379186245654896e-06,2.6490997271806545e-136,1.4379186170464493e-06,0.0,9.518862527668038e-120,1.1653511096137764e-32,7.519040267536987e-15,0.0
24.616666666666667,-0.05148936,1.4262863991535367e-06,2.169635508106295e-136,1.4262863932402864e-06,0.0,6.396810267964161e-120,1.0119577898461106e-32,5.913250303794265e-15,0.0
24.633333333333333,-0.05148936,1.414748036248573e-06,1.776949771440178e-136,1.414748031599231e-06,0.0,4.2986822729737724e-120,8.787538090242302e-33,4.649342093067631e-15,0.0
24.65,-0.05148936,1.403302780698787e-06,1.455336508256193e-136,1.403302777044025e-06,0.0,2.8886884322016534e-120,7.630820980438047e-33,3.6547620970153975e-15,0.0
24.666666666666668,-0.05148936,1.3919498834193304e-06,1.1919323214455394e-136,1.3919498805470288e-06,0.0,1.9411520455092636e-120,6.626352492548125e-33,2.8723017409856946e-15,0.0
24.683333333333334,-0.05148936,1.3806886013408207e-06,9.762019472651401e-137,1.380688599083957e-06,0.0,1.3044033876502005e-120,5.754095060781388e-33,2.2568635586758022e-15,0.0
24.7,-0.05148936,1.3695181973588754e-06,7.995168908298322e-137,1.3695181955859691e-06,0.0,8.765118892681543e-121,4.996648063947156e-33,1.7729062880103687e-15,0.0
24.716666666666665,-0.056170214,1.358437940284594e-06,6.548103232122935e-137,1.358437938892167e-06,0.0,5.889755284692121e-121,4.3389008325950264e-33,1.3924269381030356e-15,0.0
24.73333333333333,-0.056170214,1.3474471047958251e-06,5.362944378373644e-137,1.3474471037024576e-06,0.0,3.957585006853319e-121,3.7677313126476366e-33,1.0933674127304359e-15,0.0
24.75,-0.056170214,1.3365449713891428e-06,4.392289618773616e-137,1.3365449705307861e-06,0.0,2.6592356996484155e-121,3.271744378688549e-33,8.583567121376215e-16,0.0
24.766666666666666,-0.05148936,1.3257308263324743e-06,3.597315642700423e-137,1.325730825658756e-06,0.0,1.786804378993332e-121,2.8410445802886374e-33,6.737183067948017e-16,0.0
24.78333333333333,-0.05148936,1.315003961618277e-06,2.9462257761626437e-137,1.31500396108959e-06,0.0,1.200579146243966e-121,2.467038791030711e-33,5.28686988943171e-16,0.0
24.8,-0.05148936,1.3043636749172714e-06,2.4129782358621603e-137,1.3043636745024802e-06,0.0,8.066742813023878e-122,2.142264825894323e-33,4.147911588120524e-16,0.0
24.816666666666663,-0.05148936,1.2938092695326665e-06,1.9762445545419002e-137,1.2938092692073008e-06,0.0,5.419999797941642e-122,1.8602426102607248e-33,3.253657263105992e-16,0.0
24.83333333333333,-0.05148936,1.283340054354813e-06,1.6185565194839738e-137,1.283340054099645e-06,0.0,3.6416146729362795e-122,1.615344933308777e-33,2.5516810915802875e-16,0.0
24.85,-0.05148936,1.272955343816351e-06,1.3256075055885257e-137,1.2729553436162754e-06,0.0,2.4467093784751395e-122,1.4026852089533846e-33,2.0007558427713667e-16,0.0
24.866666666666667,-0.05148936,1.2626544578477335e-06,1.0856802594774221e-137,1.2626544576908867e-06,0.0,1.6438586665967877e-122,1.2180200064979509e-33,1.5684681773725323e-16,0.0
24.883333333333333,-0.05148936,1.2524367218331522e-06,8.89178248487333e-138,1.2524367217102183e-06,0.0,1.1044352848312535e-122,1.0576644075974685e-33,1.2293401092049352e-16,0.0
24.9,-0.05148936,1.242301466566875e-06,7.282418305182719e-138,1.2423014664705401e-06,0.0,7.420100630449287e-123,9.184185018217835e-34,9.633495614136045e-17,0.0
24.916666666666668,-0.05148936,1.232248028209942e-06,5.964338931358523e-138,1.2322480281344654e-06,0.0,4.9850906213119937e-123,7.975035551583932e-34,7.547655158240191e-17,0.0
24.933333333333334,-0.05148936,1.2222757482472445e-06,4.884823887775795e-138,1.2222757481881214e-06,0.0,3.349115121152055e-123,6.925065786366321e-34,5.912310822521438e-17,0.0
24.95,-0.05148936,1.212383973444938e-06,4.000694684993987e-138,1.2123839733986338e-06,0.0,2.2499914434313617e-123,6.013321917237907e-34,4.630418954100706e-17,0.0
24.966666666666665,-0.05148936,1.2025720558082368e-06,3.2765878043578583e-138,1.202572055771979e-06,0.0,1.51156018731292e-123,5.221608205819118e-34,3.625783651239036e-17,0.0
24.98333333333333,-0.05148936,1.1928393525395357e-06,2.6835402556877426e-138,1.1928393525111497e-06,0.0,1.0154623502299874e-123,4.5341239757605965e-34,2.838590818444764e-17,0.0
25.0,-0.05148936,1.1831852259968803e-06,2.197831135622386e-138,1.1831852259746614e-06,0.0,6.821753558183391e-124,3.93714838111122e-34,2.221896052494102e-17,0.0
