time,signal,fit_total,peak_1,peak_2,peak_3,peak_4,peak_5,peak_6,peak_7,peak_8,peak_9,peak_10,peak_11
0.0,-0.004680851,0.0,0.0,0.0,0.0,0.0,0.0,0.0,0.0,0.0,0.0,0.0,0.0
0.0166666666666666,0.0,0.0,0.0,0.0,0.0,0.0,0.0,0.0,0.0,0.0,0.0,0.0,0.0
0.0333333333333333,0.0,0.0,0.0,0.0,0.0,0.0,0.0,0.0,0.0,0.0,0.0,0.0,0.0
0.05,0.0,0.0,0.0,0.0,0.0,0.0,0.0,0.0,0.0,0.0,0.0,0.0,0.0
0.0666666666666666,0.0,0.0,0.0,0.0,0.0,0.0,0.0,0.0,0.0,0.0,0.0,0.0,0.0
0.0833333333333333,0.0,0.0,0.0,0.0,0.0,0.0,0.0,0.0,0.0,0.0,0.0,0.0,0.0
0.1,0.0,0.0,0.0,0.0,0.0,0.0,0.0,0.0,0.0,0.0,0.0,0.0,0.0
0.1166666666666666,0.0,0.0,0.0,0.0,0.0,0.0,0.0,0.0,0.0,0.0,0.0,0.0,0.0
0.1333333333333333,0.0,0.0,0.0,0.0,0.0,0.0,0.0,0.0,0.0,0.0,0.0,0.0,0.0
0.15,0.0,0.0,0.0,0.0,0.0,0.0,0.0,0.0,0.0,0.0,0.0,0.0,0.0
0.1666666666666666,0.0,0.0,0.0,0.0,0.0,0.0,0.0,0.0,0.0,0.0,0.0,0.0,0.0
0.1833333333333333,0.0,0.0,0.0,0.0,0.0,0.0,0.0,0.0,0.0,0.0,0.0,0.0,0.0
0.2,0.0,0.0,0.0,0.0,0.0,0.0,0.0,0.0,0.0,0.0,0.0,0.0,0.0
0.2166666666666666,-0.004680851,0.0,0.0,0.0,0.0,0.0,0.0,0.0,0.0,0.0,0.0,0.0,0.0
0.2333333333333333,-0.004680851,0.0,0.0,0.0,0.0,0.0,0.0,0.0,0.0,0.0,0.0,0.0,0.0
0.25,-0.004680851,0.0,0.0,0.0,0.0,0.0,0.0,0.0,0.0,0.0,0.0,0.0,0.0
0.2666666666666666,-0.004680851,0.0,0.0,0.0,0.0,0.0,0.0,0.0,0.0,0.0,0.0,0.0,0.0
0.2833333333333333,-0.004680851,0.0,0.0,0.0,0.0,0.0,0.0,0.0,0.0,0.0,0.0,0.0,0.0
0.3,-0.004680851,0.0,0.0,0.0,0.0,0.0,0.0,0.0,0.0,0.0,0.0,0.0,0.0
0.3166666666666666,-0.004680851,0.0,0.0,0.0,0.0,0.0,0.0,0.0,0.0,0.0,0.0,0.0,0.0
0.3333333333333333,-0.004680851,0.0,0.0,0.0,0.0,0.0,0.0,0.0,0.0,0.0,0.0,0.0,0.0
0.35,-0.009361702,0.0,0.0,0.0,0.0,0.0,0.0,0.0,0.0,0.0,0.0,0.0,0.0
0.3666666666666666,-0.009361702,0.0,0.0,0.0,0.0,0.0,0.0,0.0,0.0,0.0,0.0,0.0,0.0
0.3833333333333333,-0.009361702,0.0,0.0,0.0,0.0,0.0,0.0,0.0,0.0,0.0,0.0,0.0,0.0
0.4,-0.009361702,0.0,0.0,0.0,0.0,0.0,0.0,0.0,0.0,0.0,0.0,0.0,0.0
0.4166666666666667,-0.009361702,0.0,0.0,0.0,0.0,0.0,0.0,0.0,0.0,0.0,0.0,0.0,0.0
0.4333333333333333,-0.009361702,0.0,0.0,0.0,0.0,0.0,0.0,0.0,0.0,0.0,0.0,0.0,0.0
0.45,-0.009361702,0.0,0.0,0.0,0.0,0.0,0.0,0.0,0.0,0.0,0.0,0.0,0.0
0.4666666666666667,-0.009361702,0.0,0.0,0.0,0.0,0.0,0.0,0.0,0.0,0.0,0.0,0.0,0.0
0.4833333333333333,-0.009361702,0.0,0.0,0.0,0.0,0.0,0.0,0.0,0.0,0.0,0.0,0.0,0.0
0.5,-0.009361702,0.0,0.0,0.0,0.0,0.0,0.0,0.0,0.0,0.0,0.0,0.0,0.0
0.5166666666666667,-0.009361702,0.0,0.0,0.0,0.0,0.0,0.0,0.0,0.0,0.0,0.0,0.0,0.0
0.5333333333333333,-0.009361702,0.0,0.0,0.0,0.0,0.0,0.0,0.0,0.0,0.0,0.0,0.0,0.0
0.55,-0.004680851,0.0,0.0,0.0,0.0,0.0,0.0,0.0,0.0,0.0,0.0,0.0,0.0
0.5666666666666667,-0.004680851,0.0,0.0,0.0,0.0,0.0,0.0,0.0,0.0,0.0,0.0,0.0,0.0
0.5833333333333334,-0.004680851,0.0,0.0,0.0,0.0,0.0,0.0,0.0,0.0,0.0,0.0,0.0,0.0
0.6,-0.004680851,0.0,0.0,0.0,0.0,0.0,0.0,0.0,0.0,0.0,0.0,0.0,0.0
0.6166666666666667,-0.004680851,0.0,0.0,0.0,0.0,0.0,0.0,0.0,0.0,0.0,0.0,0.0,0.0
0.6333333333333333,-0.004680851,0.0,0.0,0.0,0.0,0.0,0.0,0.0,0.0,0.0,0.0,0.0,0.0
0.65,-0.004680851,0.0,0.0,0.0,0.0,0.0,0.0,0.0,0.0,0.0,0.0,0.0,0.0
0.6666666666666666,-0.004680851,0.0,0.0,0.0,0.0,0.0,0.0,0.0,0.0,0.0,0.0,0.0,0.0
0.6833333333333333,-0.004680851,0.0,0.0,0.0,0.0,0.0,0.0,0.0,0.0,0.0,0.0,0.0,0.0
0.7,-0.004680851,0.0,0.0,0.0,0.0,0.0,0.0,0.0,0.0,0.0,0.0,0.0,0.0
0.7166666666666667,-0.004680851,0.0,0.0,0.0,0.0,0.0,0.0,0.0,0.0,0.0,0.0,0.0,0.0
0.7333333333333333,-0.004680851,0.0,0.0,0.0,0.0,0.0,0.0,0.0,0.0,0.0,0.0,0.0,0.0
0.75,-0.004680851,0.0,0.0,0.0,0.0,0.0,0.0,0.0,0.0,0.0,0.0,0.0,0.0
0.7666666666666667,-0.004680851,0.0,0.0,0.0,0.0,0.0,0.0,0.0,0.0,0.0,0.0,0.0,0.0
0.7833333333333333,-0.004680851,0.0021682091292514086,0.0,0.0021682091292514086,0.0,0.0,0.0,0.0,0.0,0.0,0.0,0.0,0.0
0.8,-0.004680851,0.002660506130877755,0.0,0.002660506130877755,0.0,0.0,0.0,0.0,0.0,0.0,0.0,0.0,0.0
0.8166666666666667,-0.004680851,0.002986887410017748,0.0,0.002986887410017748,0.0,0.0,0.0,0.0,0.0,0.0,0.0,0.0,0.0
0.8333333333333334,-0.004680851,0.003233451970799135,0.0,0.003233451970799135,0.0,0.0,0.0,0.0,0.0,0.0,0.0,0.0,0.0
0.85,-0.004680851,0.003431252143061179,0.0,0.003431252143061179,0.0,0.0,0.0,0.0,0.0,0.0,0.0,0.0,0.0
0.8666666666666667,-0.004680851,0.003595508958732479,0.0,0.003595508958732479,0.0,0.0,0.0,0.0,0.0,0.0,0.0,0.0,0.0
0.8833333333333333,-0.004680851,0.003734973077593101,0.0,0.003734973077593101,0.0,0.0,0.0,0.0,0.0,0.0,0.0,0.0,0.0
0.9,0.0,0.003855204225201569,0.0,0.003855204225201569,0.0,0.0,0.0,0.0,0.0,0.0,0.0,0.0,0.0
0.9166666666666666,0.0,0.003959987494568225,0.0,0.003959987494568225,0.0,0.0,0.0,0.0,0.0,0.0,0.0,0.0,0.0
0.9333333333333332,0.0,0.004052034101263595,0.0,0.004052034101263595,0.0,0.0,0.0,0.0,0.0,0.0,0.0,0.0,0.0
0.95,0.0,0.004133363282038727,0.0,0.004133363282038727,0.0,0.0,0.0,0.0,0.0,0.0,0.0,0.0,0.0
0.9666666666666668,0.0,0.004205526107946333,0.0,0.004205526107946333,0.0,0.0,0.0,0.0,0.0,0.0,0.0,0.0,0.0
0.9833333333333332,0.0,0.004269744318462038,0.0,0.004269744318462038,0.0,0.0,0.0,0.0,0.0,0.0,0.0,0.0,0.0
1.0,0.0,0.004327000472236217,0.0,0.004327000472236217,0.0,0.0,0.0,0.0,0.0,0.0,0.0,0.0,0.0
1.0166666666666666,0.0,0.0043780987323801795,0.0,0.0043780987323801795,0.0,0.0,0.0,0.0,0.0,0.0,0.0,0.0,0.0
1.0333333333333334,0.0,0.004423707166730458,0.0,0.004423707166730458,0.0,0.0,0.0,0.0,0.0,0.0,0.0,0.0,0.0
1.05,0.004680851,0.0044643879864803655,0.0,0.0044643879864803655,0.0,0.0,0.0,0.0,0.0,0.0,0.0,0.0,0.0
1.0666666666666669,0.0,0.004500619669156022,0.0,0.004500619669156022,0.0,0.0,0.0,0.0,0.0,0.0,0.0,0.0,0.0
1.0833333333333333,0.0,0.00453281347408309,0.0,0.00453281347408309,0.0,0.0,0.0,0.0,0.0,0.0,0.0,0.0,0.0
1.1,0.0,0.004561325992429316,0.0,0.004561325992429316,0.0,0.0,0.0,0.0,0.0,0.0,0.0,0.0,0.0
1.1166666666666667,0.0,0.00458646883511766,0.0,0.00458646883511766,0.0,0.0,0.0,0.0,0.0,0.0,0.0,0.0,0.0
1.1333333333333333,0.004680851,0.008944791469028756,0.004336275251960441,0.004608516217068315,0.0,0.0,0.0,0.0,0.0,0.0,0.0,0.0,0.0
1.15,0.004680851,0.0096951055410038,0.005067394571094402,0.004627710969909397,0.0,0.0,0.0,0.0,0.0,0.0,0.0,0.0,0.0
1.1666666666666667,0.004680851,0.009671499502502906,0.005027230139108655,0.004644269363394251,0.0,0.0,0.0,0.0,0.0,0.0,0.0,0.0,0.0
1.1833333333333331,0.004680851,0.009322328006132759,0.004663942994397258,0.0046583850117355,0.0,0.0,0.0,0.0,0.0,0.0,0.0,0.0,0.0
1.2,0.004680851,0.008841055441864979,0.004170823373347822,0.004670232068517158,0.0,0.0,0.0,0.0,0.0,0.0,0.0,0.0,0.0
1.2166666666666666,0.004680851,0.008324131875674093,0.0036441640132655424,0.00467996786240855,0.0,0.0,0.0,0.0,0.0,0.0,0.0,0.0,0.0
1.2333333333333334,0.004680851,0.007821088105057813,0.00313335301617649,0.0046877350888813235,0.0,0.0,0.0,0.0,0.0,0.0,0.0,0.0,0.0
1.25,0.004680851,0.007356368432723702,0.002662704786609838,0.004693663646113864,0.0,0.0,0.0,0.0,0.0,0.0,0.0,0.0,0.0
1.2666666666666666,0.004680851,0.00694042786057319,0.0022425556772728028,0.004697872183300387,0.0,0.0,0.0,0.0,0.0,0.0,0.0,0.0,0.0
1.2833333333333334,0.004680851,0.006575862117849033,0.0018753927031971741,0.0047004694146518585,0.0,0.0,0.0,0.0,0.0,0.0,0.0,0.0,0.0
1.3,0.004680851,0.006260951393667434,0.0015593961525768897,0.004701555241090545,0.0,0.0,0.0,0.0,0.0,0.0,0.0,0.0,0.0
1.3166666666666669,0.004680851,0.005991754303182891,0.0012905325901593281,0.004701221713023563,0.0,0.0,0.0,0.0,0.0,0.0,0.0,0.0,0.0
1.3333333333333333,0.004680851,0.005763350528925322,0.0010637966679850031,0.0046995538609403194,0.0,0.0,0.0,0.0,0.0,0.0,0.0,0.0,0.0
1.35,0.004680851,0.005570569226385991,0.0008739388109697405,0.00469663041541625,0.0,0.0,0.0,0.0,0.0,0.0,0.0,0.0,0.0
1.3666666666666667,0.004680851,0.005408402106786278,0.0007158776727273294,0.0046925244340589485,0.0,0.0,0.0,0.0,0.0,0.0,0.0,0.0,0.0
1.3833333333333333,0.004680851,0.00527222234854076,0.0005849184988038943,0.004687303849736865,0.0,0.0,0.0,0.0,0.0,0.0,0.0,0.0,0.0
1.4,0.004680851,0.005157884667209793,0.0004768527153213147,0.004681031951888478,0.0,0.0,0.0,0.0,0.0,0.0,0.0,0.0,0.0
1.4166666666666667,0.004680851,0.00506175394955953,0.0003879861388859119,0.004673767810673618,0.0,0.0,0.0,0.0,0.0,0.0,0.0,0.0,0.0
1.4333333333333331,0.004680851,0.004980692424495908,0.0003151257724084421,0.004665566652087466,0.0,0.0,0.0,0.0,0.0,0.0,0.0,0.0,0.0
1.45,0.004680851,0.0049120242777939875,0.0002555440869671825,0.004656480190826805,0.0,0.0,0.0,0.0,0.0,0.0,0.0,0.0,0.0
1.4666666666666666,0.004680851,0.004853489519162739,0.00020693259254988265,0.004646556926612856,0.0,0.0,0.0,0.0,0.0,0.0,0.0,0.0,0.0
1.4833333333333334,0.004680851,0.004803194333325252,0.0001673519245402499,0.004635842408785003,0.0,0.0,0.0,0.0,0.0,0.0,0.0,0.0,0.0
1.5,0.004680851,0.004759562195486467,0.00013518272224015908,0.004624379473246307,0.0,0.0,0.0,0.0,0.0,0.0,0.0,0.0,0.0
1.5166666666666666,0.004680851,0.004721288138315056,0.00010907968308070133,0.004612208455234355,0.0,0.0,0.0,0.0,0.0,0.0,0.0,0.0,0.0
1.5333333333333334,0.0,0.00468729735681162,8.792997592616324e-05,0.004599367380885457,0.0,0.0,0.0,0.0,0.0,0.0,0.0,0.0,0.0
1.55,0.0,0.004656708590665843,7.081645052779821e-05,0.0045858921401380455,0.0,0.0,0.0,0.0,0.0,0.0,0.0,0.0,0.0
1.5666666666666669,0.0,0.0046288022739019875,5.698563073543967e-05,0.004571816643166548,0.0,0.0,0.0,0.0,0.0,0.0,0.0,0.0,0.0
1.5833333333333333,0.0,0.004602993184804096,4.58202225656547e-05,0.004557172962238442,0.0,0.0,0.0,0.0,0.0,0.0,0.0,0.0,0.0
1.6,0.0,0.004578807196265221,3.681573563066722e-05,0.0045419914606345535,0.0,0.0,0.0,0.0,0.0,0.0,0.0,0.0,0.0
1.6166666666666667,0.0,0.00455586167199329,2.9560761935026223e-05,0.004526300910058264,0.0,0.0,0.0,0.0,0.0,0.0,0.0,0.0,0.0
1.6333333333333333,0.0,0.004533849047114256,2.3720449337723818e-05,0.004510128597776532,0.0,0.0,0.0,0.0,0.0,0.0,0.0,0.0,0.0
1.65,0.0,0.004512523152726877,1.9022728147338945e-05,0.004493500424579538,0.0,0.0,0.0,0.0,0.0,0.0,0.0,0.0,0.0
1.6666666666666667,0.0,0.004491687879951788,1.5246885439999191e-05,0.004476440994511789,0.0,0.0,0.0,0.0,0.0,0.0,0.0,0.0,0.0
1.6833333333333331,0.0,0.004471187821731201,1.2214124518861836e-05,0.004458973697212339,0.0,0.0,0.0,0.0,0.0,0.0,0.0,0.0,0.0
1.7,0.0,0.004450900574951692,9.779791349324212e-06,0.004441120783602368,0.0,0.0,0.0,0.0,0.0,0.0,0.0,0.0,0.0
1.7166666666666666,0.0,0.004430730428330695,7.82699275832493e-06,0.00442290343557237,0.0,0.0,0.0,0.0,0.0,0.0,0.0,0.0,0.0
1.7333333333333334,0.0,0.004410603201235901,6.2613709893690374e-06,0.004404341830246532,0.0,0.0,0.0,0.0,0.0,0.0,0.0,0.0,0.0
1.75,0.0,0.0043904620343808674,5.006835043845932e-06,0.004385455199337022,0.0,0.0,0.0,0.0,0.0,0.0,0.0,0.0,0.0
1.7666666666666666,0.0,0.004370263964895858,4.00208085166203e-06,0.004366261884044196,0.0,0.0,0.0,0.0,0.0,0.0,0.0,0.0,0.0
1.7833333333333334,0.0,0.004349977145681683,3.1977597723686913e-06,0.004346779385909314,0.0,0.0,0.0,0.0,0.0,0.0,0.0,0.0,0.0
1.8,0.0,0.004329578592477638,2.554178494804099e-06,0.004327024413982834,0.0,0.0,0.0,0.0,0.0,0.0,0.0,0.0,0.0
1.8166666666666669,0.0,0.004309052362072438,2.039433439087487e-06,0.004307012928633351,0.0,0.0,0.0,0.0,0.0,0.0,0.0,0.0,0.0
1.8333333333333333,0.0,0.004288388081956266,1.6278996676641216e-06,0.004286760182288602,0.0,0.0,0.0,0.0,0.0,0.0,0.0,0.0,0.0
1.85,0.0,0.004267579765851447,1.2990084810934785e-06,0.004266280757370354,0.0,0.0,0.0,0.0,0.0,0.0,0.0,0.0,0.0
1.8666666666666667,0.0,0.004246624861346829,1.0362596880259226e-06,0.004245588601658803,0.0,0.0,0.0,0.0,0.0,0.0,0.0,0.0,0.0
1.8833333333333333,0.0,0.004225523485642941,8.264243439749623e-07,0.004224697061298966,0.0,0.0,0.0,0.0,0.0,0.0,0.0,0.0,0.0
1.9,0.0,0.004204277813500518,6.589018596934678e-07,0.004203618911640825,0.0,0.0,0.0,0.0,0.0,0.0,0.0,0.0,0.0
1.9166666666666667,-0.004680851,0.0041828915881455845,5.252020587871234e-07,0.004182366386086798,0.0,0.0,0.0,0.0,0.0,0.0,0.0,0.0,0.0
1.9333333333333331,-0.004680851,0.00416136973135433,4.185282505937151e-07,0.0041609512031037365,0.0,0.0,0.0,0.0,0.0,0.0,0.0,0.0,0.0
1.95,-0.004680851,0.004139718033421399,3.334418793704568e-07,0.004139384591542028,0.0,0.0,0.0,0.0,0.0,0.0,0.0,0.0,0.0
1.9666666666666663,0.0,0.0041179429073764555,2.6559298500594375e-07,0.00411767731439145,0.0,0.0,0.0,0.0,0.0,0.0,0.0,0.0,0.0
1.9833333333333332,-0.004680851,0.0040960511947991255,2.11503707436609e-07,0.004095839691091689,0.0,0.0,0.0,0.0,0.0,0.0,0.0,0.0,0.0
2.0,-0.004680851,0.004074050013011946,1.6839450693879028e-07,0.004073881618505007,0.0,0.0,0.0,0.0,0.0,0.0,0.0,0.0,0.0
2.0166666666666666,-0.004680851,0.004051946635404727,1.340447556345416e-07,0.004051812590649092,0.0,0.0,0.0,0.0,0.0,0.0,0.0,0.0,0.0
2.033333333333333,-0.004680851,0.004029748398244664,1.0668096494619778e-07,0.004029641717279718,0.0,0.0,0.0,0.0,0.0,0.0,0.0,0.0,0.0
2.05,-0.004680851,0.004007462628623152,8.488721797983031e-08,0.004007377741405172,0.0,0.0,0.0,0.0,0.0,0.0,0.0,0.0,0.0
2.066666666666667,-0.004680851,0.003985096589238961,6.753343141868836e-08,0.003985029055807543,0.0,0.0,0.0,0.0,0.0,0.0,0.0,0.0,0.0
2.083333333333333,-0.004680851,0.003962657436564599,5.3717924864352866e-08,0.003962603718639735,0.0,0.0,0.0,0.0,0.0,0.0,0.0,0.0,0.0
2.1,-0.004680851,0.003940152189626114,4.272146467908971e-08,0.003940109468161435,0.0,0.0,0.0,0.0,0.0,0.0,0.0,0.0,0.0
2.1166666666666667,-0.004680851,0.0039175877071774825,3.397050531353801e-08,0.003917553736672169,0.0,0.0,0.0,0.0,0.0,0.0,0.0,0.0,0.0
2.1333333333333333,-0.004680851,0.003894970671494136,2.7007799175974233e-08,0.00389494366369496,0.0,0.0,0.0,0.0,0.0,0.0,0.0,0.0,0.0
2.15,0.0,0.0038723075773667653,2.1468906929643947e-08,0.0038722861084598357,0.0,0.0,0.0,0.0,0.0,0.0,0.0,0.0,0.0
2.1666666666666665,-0.004680851,0.0038496047251631456,1.7063430447631627e-08,0.003849587661732698,0.0,0.0,0.0,0.0,0.0,0.0,0.0,0.0,0.0
2.183333333333333,-0.004680851,0.003826868217055592,1.3560024106179955e-08,0.003826854657031486,0.0,0.0,0.0,0.0,0.0,0.0,0.0,0.0,0.0
2.2,0.0,0.0038041039556961243,1.0774427674358394e-08,0.00380409318126845,0.0,0.0,0.0,0.0,0.0,0.0,0.0,0.0,0.0
2.216666666666667,-0.004680851,0.0037813176447690903,8.559914676886118e-09,0.0037813090848544135,0.0,0.0,0.0,0.0,0.0,0.0,0.0,0.0,0.0
2.2333333333333334,-0.004680851,0.0037585147909692364,6.799670975579712e-09,0.003758507991298261,0.0,0.0,0.0,0.0,0.0,0.0,0.0,0.0,0.0
2.25,-0.004680851,0.003735700707047698,5.400715253809883e-09,0.003735695306332444,0.0,0.0,0.0,0.0,0.0,0.0,0.0,0.0,0.0
2.2666666666666666,-0.004680851,0.003712880515643916,4.289050793040085e-09,0.003712876226593123,0.0,0.0,0.0,0.0,0.0,0.0,0.0,0.0,0.0
2.283333333333333,-0.004680851,0.0036900591536816172,3.405800185531601e-09,0.0036900557478814315,0.0,0.0,0.0,0.0,0.0,0.0,0.0,0.0,0.0
2.3,-0.004680851,0.003667241377155059,2.704124480335855e-09,0.0036672386730305785,0.0,0.0,0.0,0.0,0.0,0.0,0.0,0.0,0.0
2.316666666666667,-0.004680851,0.00364443176616987,2.1467681631375656e-09,0.003644429619401707,0.0,0.0,0.0,0.0,0.0,0.0,0.0,0.0,0.0
2.333333333333333,-0.004680851,0.003621634730133181,1.7041032962558842e-09,0.0036216330260298844,0.0,0.0,0.0,0.0,0.0,0.0,0.0,0.0,0.0
2.35,-0.004680851,0.003598854513011808,1.3525716775980067e-09,0.0035988531604401303,0.0,0.0,0.0,0.0,0.0,0.0,0.0,0.0,0.0
2.3666666666666667,-0.004680851,0.0035760951985963343,1.0734442888936538e-09,0.0035760941251520456,0.0,0.0,0.0,0.0,0.0,0.0,0.0,0.0,0.0
2.3833333333333333,-0.004680851,0.0035533607157239824,8.51833615146039e-10,0.0035533598638903675,0.0,0.0,0.0,0.0,0.0,0.0,0.0,0.0,0.0
2.4,-0.004680851,0.003530654843425087,6.759074478315216e-10,0.0035306541675176393,0.0,0.0,0.0,0.0,0.0,0.0,0.0,0.0,0.0
2.4166666666666665,-0.004680851,0.003507981215967303,5.362631904135302e-10,0.0035079806797041124,0.0,0.0,0.0,0.0,0.0,0.0,0.0,0.0,0.0
2.433333333333333,-0.004680851,0.003485343327779035,4.2542999216056697e-10,0.003485342902349043,0.0,0.0,0.0,0.0,0.0,0.0,0.0,0.0,0.0
2.45,-0.004680851,0.0034627445382392798,3.374726662641855e-10,0.0034627442007666136,0.0,0.0,0.0,0.0,0.0,0.0,0.0,0.0,0.0
2.466666666666667,-0.004680851,0.003440188076325544,2.6767663798507956e-10,0.003440187808648906,0.0,0.0,0.0,0.0,0.0,0.0,0.0,0.0,0.0
2.4833333333333334,-0.004680851,0.0034176770451149266,2.1229738776569323e-10,0.003417676832817539,0.0,0.0,0.0,0.0,0.0,0.0,0.0,0.0,0.0
2.5,-0.004680851,0.003395214426136116,1.6836121867759107e-10,0.0033952142577748975,0.0,0.0,0.0,0.0,0.0,0.0,0.0,0.0,0.0
2.5166666666666666,-0.004680851,0.0033728030835720384,1.3350685969915388e-10,0.0033728029500651787,0.0,0.0,0.0,0.0,0.0,0.0,0.0,0.0,0.0
2.533333333333333,-0.004680851,0.0033504457683144607,1.058595539834812e-10,0.0033504456624549065,0.0,0.0,0.0,0.0,0.0,0.0,0.0,0.0,0.0
2.55,-0.004680851,0.003328145121872902,8.393098459552116e-11,0.0033281450379419176,0.0,0.0,0.0,0.0,0.0,0.0,0.0,0.0,0.0
2.566666666666667,-0.004680851,0.0033059036801410995,6.653974711358104e-11,0.0033059036136013522,0.0,0.0,0.0,0.0,0.0,0.0,0.0,0.0,0.0
2.583333333333333,-0.004680851,0.003283723877024807,5.274815921289004e-11,0.003283723824276648,0.0,0.0,0.0,0.0,0.0,0.0,0.0,0.0,0.0
2.6,-0.004680851,0.003261608047935123,4.1812057913010883e-11,0.003261608006123065,0.0,0.0,0.0,0.0,0.0,0.0,0.0,0.0,0.0
2.6166666666666667,-0.004680851,0.0032395584331517827,3.3140920285881287e-11,0.0032395584000108626,0.0,0.0,0.0,0.0,0.0,0.0,0.0,0.0,0.0
2.6333333333333333,-0.004680851,0.0032175771810609858,2.626618874960623e-11,0.003217577154794797,0.0,0.0,0.0,0.0,0.0,0.0,0.0,0.0,0.0
2.65,-0.004680851,0.0031956663512723964,2.0816116053604014e-11,0.00319566633045628,0.0,0.0,0.0,0.0,0.0,0.0,0.0,0.0,0.0
2.6666666666666665,-0.004680851,0.0031738279176199433,1.6495790365450017e-11,0.003173827901124153,0.0,0.0,0.0,0.0,0.0,0.0,0.0,0.0,0.0
2.683333333333333,-0.004680851,0.003152063771050971,1.307127556935906e-11,0.0031520637579796956,0.0,0.0,0.0,0.0,0.0,0.0,0.0,0.0,0.0
2.7,-0.004680851,0.003130375722408225,1.0357020380049608e-11,0.003130375712051205,0.0,0.0,0.0,0.0,0.0,0.0,0.0,0.0,0.0
2.716666666666667,-0.004680851,0.0031087655051090317,8.20586363514137e-12,0.0031087654969031682,0.0,0.0,0.0,0.0,0.0,0.0,0.0,0.0,0.0
2.7333333333333334,-0.004680851,0.003087234777725882,6.501101291050298e-12,0.0030872347712247806,0.0,0.0,0.0,0.0,0.0,0.0,0.0,0.0,0.0
2.75,-0.004680851,0.003065785126472508,5.150190487317202e-12,0.0030657851213223173,0.0,0.0,0.0,0.0,0.0,0.0,0.0,0.0,0.0
2.7666666666666666,-0.004680851,0.003044418067599383,4.0797533550356706e-12,0.0030444180635196294,0.0,0.0,0.0,0.0,0.0,0.0,0.0,0.0,0.0
2.783333333333333,-0.004680851,0.0030231350497023973,3.2316126374140747e-12,0.003023135046470785,0.0,0.0,0.0,0.0,0.0,0.0,0.0,0.0,0.0
2.8,-0.004680851,0.003001937455948339,2.559646334040157e-12,0.0030019374533886926,0.0,0.0,0.0,0.0,0.0,0.0,0.0,0.0,0.0
2.816666666666667,-0.004680851,0.0029808266062206403,2.027292394945244e-12,0.002980826604193348,0.0,0.0,0.0,0.0,0.0,0.0,0.0,0.0,0.0
2.833333333333333,-0.004680851,0.0029598037591887037,1.6055692989680867e-12,0.0029598037575831342,0.0,0.0,0.0,0.0,0.0,0.0,0.0,0.0,0.0
2.85,-0.004680851,0.0029388701143039336,1.2715060008584897e-12,0.0029388701130324277,0.0,0.0,0.0,0.0,0.0,0.0,0.0,0.0,0.0
2.8666666666666667,-0.004680851,0.002918026813725569,1.0068966924552e-12,0.002918026812718672,0.0,0.0,0.0,0.0,0.0,0.0,0.0,0.0,0.0
2.8833333333333333,-0.004680851,0.0028972749441791047,7.973132635384389e-13,0.0028972749433817916,0.0,0.0,0.0,0.0,0.0,0.0,0.0,0.0,0.0
2.9,-0.004680851,0.002876615538750132,6.313221965309741e-13,0.00287661553811881,0.0,0.0,0.0,0.0,0.0,0.0,0.0,0.0,0.0
2.9166666666666665,-0.004680851,0.002856049578616166,4.998636245212972e-13,0.0028560495781163025,0.0,0.0,0.0,0.0,0.0,0.0,0.0,0.0,0.0
2.933333333333333,-0.004680851,0.0028355779947189987,3.9575901100716367e-13,0.0028355779943232398,0.0,0.0,0.0,0.0,0.0,0.0,0.0,0.0,0.0
2.95,-0.004680851,0.002815201669379933,3.1332083870518403e-13,0.002815201669066612,0.0,0.0,0.0,0.0,0.0,0.0,0.0,0.0,0.0
2.966666666666667,-0.004680851,0.002794921437860197,2.4804319433171885e-13,0.0027949214376121537,0.0,0.0,0.0,0.0,0.0,0.0,0.0,0.0,0.0
2.9833333333333334,-0.004680851,0.0027747380898687003,1.9635650085498631e-13,0.002774738089672344,0.0,0.0,0.0,0.0,0.0,0.0,0.0,0.0,0.0
3.0,-0.004680851,0.002754652371019198,1.5543311222813291e-13,0.002754652370863765,0.0,0.0,0.0,0.0,0.0,0.0,0.0,0.0,0.0
3.0166666666666666,-0.004680851,0.0027346649842388453,1.2303323380165398e-13,0.002734664984115812,0.0,0.0,0.0,0.0,0.0,0.0,0.0,0.0,0.0
3.033333333333333,-0.004680851,0.002714776591130036,9.738281200956802e-14,0.0027147765910326533,0.0,0.0,0.0,0.0,0.0,0.0,0.0,0.0,0.0
3.05,-0.004680851,0.0026949878132873075,7.707676667612202e-14,0.0026949878132102307,0.0,0.0,0.0,0.0,0.0,0.0,0.0,0.0,0.0
3.066666666666667,-0.004680851,0.002675299233571045,6.100231141341566e-14,0.0026752992335100424,0.0,0.0,0.0,0.0,0.0,0.0,0.0,0.0,0.0
3.083333333333333,-0.009361702,0.00265571139733963,4.8278195919380744e-14,0.0026557113972913516,0.0,0.0,0.0,0.0,0.0,0.0,0.0,0.0,0.0
3.1,-0.009361702,0.0026362248136415837,3.820656715852286e-14,0.0026362248136033773,0.0,0.0,0.0,0.0,0.0,0.0,0.0,0.0,0.0
3.1166666666666667,-0.009361702,0.0026168399563692335,3.0234830941722303e-14,0.0026168399563389986,0.0,0.0,0.0,0.0,0.0,0.0,0.0,0.0,0.0
3.1333333333333333,-0.009361702,0.0025975572653753063,2.3925438242115482e-14,0.002597557265351381,0.0,0.0,0.0,0.0,0.0,0.0,0.0,0.0,0.0
3.15,-0.009361702,0.002578377147553844,1.893195099488993e-14,0.002578377147534912,0.0,0.0,0.0,0.0,0.0,0.0,0.0,0.0,0.0
3.1666666666666665,-0.009361702,0.0025592999778867318,1.4980083381319705e-14,0.0025592999778717516,0.0,0.0,0.0,0.0,0.0,0.0,0.0,0.0,0.0
3.183333333333333,-0.009361702,0.0025403261004571156,1.1852685139777016e-14,0.002540326100445263,0.0,0.0,0.0,0.0,0.0,0.0,0.0,0.0,0.0
3.2,-0.004680851,0.0025214558294308917,9.377847914402235e-15,0.002521455829421514,0.0,0.0,0.0,0.0,0.0,0.0,0.0,0.0,0.0
3.216666666666667,-0.004680851,0.0025026894500074174,7.419485655536069e-15,0.002502689449999998,0.0,0.0,0.0,0.0,0.0,0.0,0.0,0.0,0.0
3.2333333333333334,-0.009361702,0.0024840272193405693,5.8698748338930625e-15,0.0024840272193346995,0.0,0.0,0.0,0.0,0.0,0.0,0.0,0.0,0.0
3.25,-0.009361702,0.0024654693674311693,4.643747026663528e-15,0.0024654693674265255,0.0,0.0,0.0,0.0,0.0,0.0,0.0,0.0,0.0
3.2666666666666666,-0.009361702,0.0024470160979918098,3.673611070677019e-15,0.002447016097988136,0.0,0.0,0.0,0.0,0.0,0.0,0.0,0.0,0.0
3.283333333333333,-0.009361702,0.002428667589285047,2.9060490488151527e-15,0.002428667589282141,0.0,0.0,0.0,0.0,0.0,0.0,0.0,0.0,0.0
3.3,-0.009361702,0.0024104239949358877,2.2987835232315762e-15,0.0024104239949335887,0.0,0.0,0.0,0.0,0.0,0.0,0.0,0.0,0.0
3.316666666666667,-0.009361702,0.002392285444719446,1.818355540425371e-15,0.0023922854447176274,0.0,0.0,0.0,0.0,0.0,0.0,0.0,0.0,0.0
3.333333333333333,-0.009361702,0.0023742520453246636,1.4382862982891798e-15,0.0023742520453232255,0.0,0.0,0.0,0.0,0.0,0.0,0.0,0.0,0.0
3.35,-0.009361702,0.0023563238810948603,1.1376217988900145e-15,0.0023563238810937227,0.0,0.0,0.0,0.0,0.0,0.0,0.0,0.0,0.0
3.3666666666666667,-0.009361702,0.0023385010147459607,8.997807516501685e-16,0.002338501014745061,0.0,0.0,0.0,0.0,0.0,0.0,0.0,0.0,0.0
3.3833333333333333,-0.009361702,0.002320783488063095,7.11642580148496e-16,0.0023207834880623834,0.0,0.0,0.0,0.0,0.0,0.0,0.0,0.0,0.0
3.4,-0.009361702,0.0023031713225763572,5.628255257920692e-16,0.0023031713225757943,0.0,0.0,0.0,0.0,0.0,0.0,0.0,0.0,0.0
3.4166666666666665,-0.009361702,0.002285664520216365,4.451152494220818e-16,0.00228566452021592,0.0,0.0,0.0,0.0,0.0,0.0,0.0,0.0,0.0
3.433333333333333,-0.009361702,0.002268263063950336,3.5201257516938244e-16,0.0022682630639499837,0.0,0.0,0.0,0.0,0.0,0.0,0.0,0.0,0.0
3.45,-0.009361702,0.002250966918399295,2.783755493819827e-16,0.0022509669183990166,0.0,0.0,0.0,0.0,0.0,0.0,0.0,0.0,0.0
3.466666666666667,-0.009361702,0.0022337760304370503,2.201361576303226e-16,0.00223377603043683,0.0,0.0,0.0,0.0,0.0,0.0,0.0,0.0,0.0
3.4833333333333334,-0.009361702,0.002216690329771521,1.7407613705439088e-16,0.0022166903297713473,0.0,0.0,0.0,0.0,0.0,0.0,0.0,0.0,0.0
3.5,-0.009361702,0.002199709729509006,1.3764956338505074e-16,0.0021997097295088685,0.0,0.0,0.0,0.0,0.0,0.0,0.0,0.0,0.0
3.5166666666666666,-0.009361702,0.0021828341267019226,1.088424590973416e-16,0.002182834126701814,0.0,0.0,0.0,0.0,0.0,0.0,0.0,0.0,0.0
3.533333333333333,-0.009361702,0.00216606340288057,8.606170174698269e-17,0.002166063402880484,0.0,0.0,0.0,0.0,0.0,0.0,0.0,0.0,0.0
3.55,-0.009361702,0.002149397424569417,6.804712082551157e-17,0.002149397424569349,0.0,0.0,0.0,0.0,0.0,0.0,0.0,0.0,0.0
3.566666666666667,-0.009361702,0.0021328360437884,5.380194554225256e-17,0.002132836043788346,0.0,0.0,0.0,0.0,0.0,0.0,0.0,0.0,0.0
3.583333333333333,-0.009361702,0.002116379098539725,4.253777457929833e-17,0.0021163790985396823,0.0,0.0,0.0,0.0,0.0,0.0,0.0,0.0,0.0
3.6,-0.009361702,0.002100026413280602,3.36310373315312e-17,0.0021000264132805683,0.0,0.0,0.0,0.0,0.0,0.0,0.0,0.0,0.0
3.6166666666666663,-0.009361702,0.0020837777993823895,2.658854820286498e-17,0.002083777799382363,0.0,0.0,0.0,0.0,0.0,0.0,0.0,0.0,0.0
3.633333333333333,-0.009361702,0.00206763305557653,2.102025584052509e-17,0.0020676330555765093,0.0,0.0,0.0,0.0,0.0,0.0,0.0,0.0,0.0
3.65,-0.009361702,0.0020515919683877235,1.661768519609545e-17,0.002051591968387707,0.0,0.0,0.0,0.0,0.0,0.0,0.0,0.0,0.0
3.6666666666666665,-0.009361702,0.0020356543125547104,1.3136883736784014e-17,0.0020356543125546974,0.0,0.0,0.0,0.0,0.0,0.0,0.0,0.0,0.0
3.683333333333333,-0.009361702,0.002019819851439054,1.0384931199711556e-17,0.002019819851439044,0.0,0.0,0.0,0.0,0.0,0.0,0.0,0.0,0.0
3.7,-0.009361702,0.002004088337422283,8.209268609483833e-18,0.002004088337422275,0.0,0.0,0.0,0.0,0.0,0.0,0.0,0.0,0.0
3.716666666666667,-0.009361702,0.001988459512291757,6.48925765077483e-18,0.0019884595122917504,0.0,0.0,0.0,0.0,0.0,0.0,0.0,0.0,0.0
3.733333333333333,-0.009361702,0.001972933107615588,5.129504442027364e-18,0.0019729331076155827,0.0,0.0,0.0,0.0,0.0,0.0,0.0,0.0,0.0
3.75,-0.009361702,0.0019575088451069525,4.0545790534176625e-18,0.0019575088451069486,0.0,0.0,0.0,0.0,0.0,0.0,0.0,0.0,0.0
3.7666666666666666,-0.0140425535,0.0019421864369781122,3.204839102937971e-18,0.001942186436978109,0.0,0.0,0.0,0.0,0.0,0.0,0.0,0.0,0.0
3.783333333333333,-0.009361702,0.0019269655862844473,2.533126684528655e-18,0.0019269655862844447,0.0,0.0,0.0,0.0,0.0,0.0,0.0,0.0,0.0
3.8,-0.0140425535,0.001911845987258806,2.0021560843230508e-18,0.0019118459872588041,0.0,0.0,0.0,0.0,0.0,0.0,0.0,0.0,0.0
3.816666666666667,-0.009361702,0.0018968273256364501,1.5824478788906287e-18,0.0018968273256364486,0.0,0.0,0.0,0.0,0.0,0.0,0.0,0.0,0.0
3.8333333333333335,-0.009361702,0.0018819092789708802,1.2506951831517162e-18,0.001881909278970879,0.0,0.0,0.0,0.0,0.0,0.0,0.0,0.0,0.0
3.85,-0.009361702,0.0018670915169408018,9.884716875986336e-19,0.0018670915169408007,0.0,0.0,0.0,0.0,0.0,0.0,0.0,0.0,0.0
3.8666666666666663,-0.0140425535,0.0018523737016484965,7.812100100713758e-19,0.0018523737016484956,0.0,0.0,0.0,0.0,0.0,0.0,0.0,0.0,0.0
3.883333333333333,-0.0140425535,0.0018377554879098507,6.173938276248536e-19,0.00183775548790985,0.0,0.0,0.0,0.0,0.0,0.0,0.0,0.0,0.0
3.9,-0.0140425535,0.001823236523536273,4.879190727870763e-19,0.0018232365235362725,0.0,0.0,0.0,0.0,0.0,0.0,0.0,0.0,0.0
3.9166666666666665,-0.0140425535,0.001808816449608751,3.855888276209298e-19,0.0018088164496087506,0.0,0.0,0.0,0.0,0.0,0.0,0.0,0.0,0.0
3.933333333333333,-0.0140425535,0.001794494900744255,3.0471394427827393e-19,0.0017944949007442548,0.0,0.0,0.0,0.0,0.0,0.0,0.0,0.0,0.0
3.95,-0.0140425535,0.0017802715053547252,2.4079727030841776e-19,0.001780271505354725,0.0,0.0,0.0,0.0,0.0,0.0,0.0,0.0,0.0
3.966666666666667,-0.0140425535,0.0017661458858988439,1.9028398377520656e-19,0.0017661458858988436,0.0,0.0,0.0,0.0,0.0,0.0,0.0,0.0,0.0
3.983333333333333,-0.0140425535,0.0017521176591268,1.5036420273930172e-19,0.0017521176591267999,0.0,0.0,0.0,0.0,0.0,0.0,0.0,0.0,0.0
4.0,-0.0140425535,0.0017381864363182479,1.1881692800852247e-19,0.0017381864363182477,0.0,0.0,0.0,0.0,0.0,0.0,0.0,0.0,0.0
4.016666666666667,-0.0140425535,0.0017243518235136488,9.388666716335097e-20,0.0017243518235136488,0.0,0.0,0.0,0.0,0.0,0.0,0.0,0.0,0.0
4.033333333333333,-0.0140425535,0.0017106134217391828,7.418589823518298e-20,0.0017106134217391828,0.0,0.0,0.0,0.0,0.0,0.0,0.0,0.0,0.0
4.05,-0.0140425535,0.001696970827225411,5.861796312940791e-20,0.001696970827225411,0.0,0.0,0.0,0.0,0.0,0.0,0.0,0.0,0.0
4.066666666666666,-0.0140425535,0.0016834236316198654,4.6316113109622236e-20,0.0016834236316198654,0.0,0.0,0.0,0.0,0.0,0.0,0.0,0.0,0.0
4.083333333333333,-0.0140425535,0.0016699714221937317,3.65953240158159e-20,0.0016699714221937317,0.0,0.0,0.0,0.0,0.0,0.0,0.0,0.0,0.0
4.1,-0.0140425535,0.001656613782042789,2.8914206911743754e-20,0.001656613782042789,0.0,0.0,0.0,0.0,0.0,0.0,0.0,0.0,0.0
4.116666666666666,-0.018723404,0.0016433502902827718,2.2844899724860757e-20,0.0016433502902827718,0.0,0.0,0.0,0.0,0.0,0.0,0.0,0.0,0.0
4.133333333333334,-0.018723404,0.0016301805222392997,1.8049268145153743e-20,0.0016301805222392997,0.0,0.0,0.0,0.0,0.0,0.0,0.0,0.0,0.0
4.15,-0.018723404,0.0016171040496325306,1.4260094096837834e-20,0.0016171040496325306,0.0,0.0,0.0,0.0,0.0,0.0,0.0,0.0,0.0
4.166666666666667,-0.0140425535,0.0016041204407566752,1.1266206873945582e-20,0.0016041204407566752,0.0,0.0,0.0,0.0,0.0,0.0,0.0,0.0,0.0
4.183333333333334,-0.0140425535,0.0015912292606545227,8.900730868190108e-21,0.0015912292606545227,0.0,0.0,0.0,0.0,0.0,0.0,0.0,0.0,0.0
4.2,-0.0140425535,0.0015784300712871051,7.031796839476103e-21,0.0015784300712871051,0.0,0.0,0.0,0.0,0.0,0.0,0.0,0.0,0.0
4.216666666666667,-0.0140425535,0.0015657224316986374,5.5552004743360006e-21,0.0015657224316986374,0.0,0.0,0.0,0.0,0.0,0.0,0.0,0.0,0.0
4.233333333333333,-0.0140425535,0.0015531058981768575,4.388600127773501e-21,0.0015531058981768575,0.0,0.0,0.0,0.0,0.0,0.0,0.0,0.0,0.0
4.25,-0.0140425535,0.0015405800244088959,3.466931145504708e-21,0.0015405800244088959,0.0,0.0,0.0,0.0,0.0,0.0,0.0,0.0,0.0
4.266666666666667,-0.0140425535,0.0015281443616327864,2.738781757775174e-21,0.0015281443616327864,0.0,0.0,0.0,0.0,0.0,0.0,0.0,0.0,0.0
4.283333333333333,-0.0140425535,0.001515798458784748,2.163528971964106e-21,0.001515798458784748,0.0,0.0,0.0,0.0,0.0,0.0,0.0,0.0,0.0
4.3,-0.0140425535,0.0015035418626423375,1.709075133579453e-21,0.0015035418626423375,0.0,0.0,0.0,0.0,0.0,0.0,0.0,0.0,0.0
4.316666666666666,-0.0140425535,0.0014913741179635941,1.350059218008524e-21,0.0014913741179635941,0.0,0.0,0.0,0.0,0.0,0.0,0.0,0.0,0.0
4.333333333333333,-0.0140425535,0.0014792947676222727,1.0664433118610982e-21,0.0014792947676222727,0.0,0.0,0.0,0.0,0.0,0.0,0.0,0.0,0.0
4.35,-0.0140425535,0.0014673033527392847,8.423956082633154e-22,0.0014673033527392847,0.0,0.0,0.0,0.0,0.0,0.0,0.0,0.0,0.0
4.366666666666666,-0.0140425535,0.0014553994128104263,6.654077335708004e-22,0.0014553994128104263,0.0,0.0,0.0,0.0,0.0,0.0,0.0,0.0,0.0
4.383333333333334,-0.0140425535,0.0014435824858305148,5.2559725961841115e-22,0.0014435824858305148,0.0,0.0,0.0,0.0,0.0,0.0,0.0,0.0,0.0
4.4,-0.0140425535,0.0014318521084140073,4.1515655994923027e-22,0.0014318521084140073,0.0,0.0,0.0,0.0,0.0,0.0,0.0,0.0,0.0
4.416666666666667,-0.0140425535,0.001420207815912214,3.279173129479914e-22,0.001420207815912214,0.0,0.0,0.0,0.0,0.0,0.0,0.0,0.0,0.0
4.433333333333334,-0.0140425535,0.0014086491425271744,2.5900639201730665e-22,0.0014086491425271744,0.0,0.0,0.0,0.0,0.0,0.0,0.0,0.0,0.0
4.45,-0.0140425535,0.0013971756214223063,2.0457397065026666e-22,0.0013971756214223063,0.0,0.0,0.0,0.0,0.0,0.0,0.0,0.0,0.0
4.466666666666667,-0.0140425535,0.0013857867848298911,1.615786912935828e-22,0.0013857867848298911,0.0,0.0,0.0,0.0,0.0,0.0,0.0,0.0,0.0
4.483333333333333,-0.0140425535,0.001374482164155496,1.2761792482917792e-22,0.001374482164155496,0.0,0.0,0.0,0.0,0.0,0.0,0.0,0.0,0.0
4.5,-0.0140425535,0.0013632612900794005,1.007936590541379e-22,0.0013632612900794005,0.0,0.0,0.0,0.0,0.0,0.0,0.0,0.0,0.0
4.516666666666667,-0.0140425535,0.0013521236926551073,7.960653940167564e-23,0.0013521236926551073,0.0,0.0,0.0,0.0,0.0,0.0,0.0,0.0,0.0
4.533333333333333,-0.0140425535,0.0013410689014050228,6.287215373758963e-23,0.0013410689014050228,0.0,0.0,0.0,0.0,0.0,0.0,0.0,0.0,0.0
4.55,-0.0140425535,0.001330096445413364,4.965489266394848e-23,0.001330096445413364,0.0,0.0,0.0,0.0,0.0,0.0,0.0,0.0,0.0
4.566666666666666,-0.0140425535,0.0013192058534163818,3.921569634781131e-23,0.0013192058534163818,0.0,0.0,0.0,0.0,0.0,0.0,0.0,0.0,0.0
4.583333333333333,-0.0140425535,0.001308396653889952,3.097077299096668e-23,0.001308396653889952,0.0,0.0,0.0,0.0,0.0,0.0,0.0,0.0,0.0
4.6,-0.0140425535,0.00129766837513462,2.4458985760191526e-23,0.00129766837513462,0.0,0.0,0.0,0.0,0.0,0.0,0.0,0.0,0.0
4.616666666666666,-0.0140425535,0.0012870205453581463,1.9316088365183115e-23,0.0012870205453581463,0.0,0.0,0.0,0.0,0.0,0.0,0.0,0.0,0.0
4.633333333333334,-0.0140425535,0.0012764526927556317,1.525437142075564e-23,0.0012764526927556317,0.0,0.0,0.0,0.0,0.0,0.0,0.0,0.0,0.0
4.65,-0.0140425535,0.0012659643455872837,1.2046583534599508e-23,0.0012659643455872837,0.0,0.0,0.0,0.0,0.0,0.0,0.0,0.0,0.0
4.666666666666667,-0.0140425535,0.0012555550322538654,9.513229534252129e-24,0.0012555550322538654,0.0,0.0,0.0,0.0,0.0,0.0,0.0,0.0,0.0
4.683333333333334,-0.0140425535,0.001245224281369914,7.512536673478108e-24,0.001245224281369914,0.0,0.0,0.0,0.0,0.0,0.0,0.0,0.0,0.0
4.7,-0.0140425535,0.0012349716218347671,5.932528538885704e-24,0.0012349716218347671,0.0,0.0,0.0,0.0,0.0,0.0,0.0,0.0,0.0
4.716666666666667,-0.0140425535,0.0012247965829014587,4.6847640098904945e-24,0.0012247965829014587,0.0,0.0,0.0,0.0,0.0,0.0,0.0,0.0,0.0
4.733333333333333,-0.0140425535,0.0012146986942435359,3.6993915660864506e-24,0.0012146986942435359,0.0,0.0,0.0,0.0,0.0,0.0,0.0,0.0,0.0
4.75,-0.0140425535,0.0012046774860198597,2.9212426671846754e-24,0.0012046774860198597,0.0,0.0,0.0,0.0,0.0,0.0,0.0,0.0,0.0
4.766666666666667,-0.0140425535,0.0011947324889374224,2.3067459463631064e-24,0.0011947324889374224,0.0,0.0,0.0,0.0,0.0,0.0,0.0,0.0,0.0
4.783333333333333,-0.0140425535,0.0011848632343122532,1.8214897935101326e-24,0.0011848632343122532,0.0,0.0,0.0,0.0,0.0,0.0,0.0,0.0,0.0
4.8,-0.0140425535,0.0011750692541284422,1.4382971169527688e-24,0.0011750692541284422,0.0,0.0,0.0,0.0,0.0,0.0,0.0,0.0,0.0
4.816666666666666,-0.0140425535,0.0011653500810953463,1.1357046808832811e-24,0.0011653500810953463,0.0,0.0,0.0,0.0,0.0,0.0,0.0,0.0,0.0
4.833333333333333,-0.0140425535,0.0011557052487030076,8.96762016971946e-25,0.0011557052487030076,0.0,0.0,0.0,0.0,0.0,0.0,0.0,0.0,0.0
4.85,-0.0140425535,0.001146134291275843,7.080827637286294e-25,0.001146134291275843,0.0,0.0,0.0,0.0,0.0,0.0,0.0,0.0,0.0
4.866666666666666,-0.0140425535,0.0011366367440246413,5.590953925096883e-25,0.0011366367440246413,0.0,0.0,0.0,0.0,0.0,0.0,0.0,0.0,0.0
4.883333333333334,-0.0140425535,0.0011272121430969113,4.414514219622528e-25,0.0011272121430969113,0.0,0.0,0.0,0.0,0.0,0.0,0.0,0.0,0.0
4.9,-0.0140425535,0.0011178600256256258,3.485580251928965e-25,0.0011178600256256258,0.0,0.0,0.0,0.0,0.0,0.0,0.0,0.0,0.0
4.916666666666667,-0.0140425535,0.0011085799297763958,2.7520888749917373e-25,0.0011085799297763958,0.0,0.0,0.0,0.0,0.0,0.0,0.0,0.0,0.0
4.933333333333334,-0.0140425535,0.0010993713947931249,2.172926653909082e-25,0.0010993713947931249,0.0,0.0,0.0,0.0,0.0,0.0,0.0,0.0,0.0
4.95,-0.0140425535,0.001090233961042167,1.7156273661264535e-25,0.001090233961042167,0.0,0.0,0.0,0.0,0.0,0.0,0.0,0.0,0.0
4.966666666666667,-0.0140425535,0.001081167170055044,1.3545535831078792e-25,0.001081167170055044,0.0,0.0,0.0,0.0,0.0,0.0,0.0,0.0,0.0
4.983333333333333,-0.0140425535,0.0010721705645697394,1.0694605782990744e-25,0.0010721705645697394,0.0,0.0,0.0,0.0,0.0,0.0,0.0,0.0,0.0
5.0,-0.0140425535,0.0010632436885706239,8.443621912931776e-26,0.0010632436885706239,0.0,0.0,0.0,0.0,0.0,0.0,0.0,0.0,0.0
5.016666666666667,-0.0140425535,0.0010543860873270274,6.666351697466718e-26,0.0010543860873270274,0.0,0.0,0.0,0.0,0.0,0.0,0.0,0.0,0.0
5.033333333333333,-0.0140425535,0.001045597307430509,5.263118527649871e-26,0.001045597307430509,0.0,0.0,0.0,0.0,0.0,0.0,0.0,0.0,0.0
5.05,-0.0140425535,0.0010368768968308485,4.1552159788445686e-26,0.0010368768968308485,0.0,0.0,0.0,0.0,0.0,0.0,0.0,0.0,0.0
5.066666666666666,-0.0140425535,0.0010282244048707904,3.280496774919071e-26,0.0010282244048707904,0.0,0.0,0.0,0.0,0.0,0.0,0.0,0.0,0.0
5.083333333333333,-0.0140425535,0.001019639382319578,2.5898894487857105e-26,0.001019639382319578,0.0,0.0,0.0,0.0,0.0,0.0,0.0,0.0,0.0
5.1,-0.0140425535,0.0010111213814053028,2.0446476270343052e-26,0.0010111213814053028,0.0,0.0,0.0,0.0,0.0,0.0,0.0,0.0,0.0
5.116666666666666,-0.0140425535,0.001002669955846104,1.6141778780227355e-26,0.001002669955846104,0.0,0.0,0.0,0.0,0.0,0.0,0.0,0.0,0.0
5.133333333333334,-0.0140425535,0.000994284660880238,1.2743244538091257e-26,0.000994284660880238,0.0,0.0,0.0,0.0,0.0,0.0,0.0,0.0,0.0
5.15,-0.0140425535,0.0009859650532950625,1.0060148384259244e-26,0.0009859650532950625,0.0,0.0,0.0,0.0,0.0,0.0,0.0,0.0,0.0
5.166666666666667,-0.0140425535,0.0009777106914549388,7.941902192302155e-27,0.0009777106914549388,0.0,0.0,0.0,0.0,0.0,0.0,0.0,0.0,0.0
5.183333333333334,-0.0140425535,0.0009695211353281083,6.269609547433959e-27,0.0009695211353281083,0.0,0.0,0.0,0.0,0.0,0.0,0.0,0.0,0.0
5.2,-0.0140425535,0.0009613959465125395,4.9493971431523794e-27,0.0009613959465125395,0.0,0.0,0.0,0.0,0.0,0.0,0.0,0.0,0.0
5.216666666666667,-0.0140425535,0.0009533346882608003,3.907149172915178e-27,0.0009533346882608003,0.0,0.0,0.0,0.0,0.0,0.0,0.0,0.0,0.0
5.233333333333333,-0.0140425535,0.0009453369255039515,3.0843495910634326e-27,0.0009453369255039515,0.0,0.0,0.0,0.0,0.0,0.0,0.0,0.0,0.0
5.25,-0.0140425535,0.0009374022248745132,2.4347991877500053e-27,0.0009374022248745132,0.0,0.0,0.0,0.0,0.0,0.0,0.0,0.0,0.0
5.266666666666667,-0.018723404,0.0009295301547285064,1.9220234408244137e-27,0.0009295301547285064,0.0,0.0,0.0,0.0,0.0,0.0,0.0,0.0,0.0
5.283333333333333,-0.0140425535,0.0009217202851666056,1.5172258176544974e-27,0.0009217202851666056,0.0,0.0,0.0,0.0,0.0,0.0,0.0,0.0,0.0
5.3,-0.0140425535,0.0009139721880544207,1.1976717690782187e-27,0.0009139721880544207,0.0,0.0,0.0,0.0,0.0,0.0,0.0,0.0,0.0
5.316666666666666,-0.0140425535,0.000906285437041929,9.454127978069513e-28,0.000906285437041929,0.0,0.0,0.0,0.0,0.0,0.0,0.0,0.0,0.0
5.333333333333333,-0.0140425535,0.0008986596075820827,7.462790465276017e-28,0.0008986596075820827,0.0,0.0,0.0,0.0,0.0,0.0,0.0,0.0,0.0
5.35,-0.0140425535,0.0008910942769486083,5.890839043373282e-28,0.0008910942769486083,0.0,0.0,0.0,0.0,0.0,0.0,0.0,0.0,0.0
5.366666666666666,-0.0140425535,0.0008835890242530225,4.649960171813738e-28,0.0008835890242530225,0.0,0.0,0.0,0.0,0.0,0.0,0.0,0.0,0.0
5.383333333333334,-0.0140425535,0.0008761434304608812,3.6704347455348623e-28,0.0008761434304608812,0.0,0.0,0.0,0.0,0.0,0.0,0.0,0.0,0.0
5.4,-0.018723404,0.000868757078407286,2.89722356742037e-28,0.000868757078407286,0.0,0.0,0.0,0.0,0.0,0.0,0.0,0.0,0.0
5.416666666666667,-0.018723404,0.0008614295528116571,2.286876796647432e-28,0.0008614295528116571,0.0,0.0,0.0,0.0,0.0,0.0,0.0,0.0,0.0
5.433333333333334,-0.018723404,0.0008541604402918063,1.8050939579845957e-28,0.0008541604402918063,0.0,0.0,0.0,0.0,0.0,0.0,0.0,0.0,0.0
5.45,-0.018723404,0.0008469493293773143,1.4247975887369656e-28,0.0008469493293773143,0.0,0.0,0.0,0.0,0.0,0.0,0.0,0.0,0.0
5.466666666666667,-0.018723404,0.0008397958105222359,1.1246124139413375e-28,0.0008397958105222359,0.0,0.0,0.0,0.0,0.0,0.0,0.0,0.0,0.0
5.483333333333333,-0.018723404,0.0008326994761171544,8.876646917010257e-29,0.0008326994761171544,0.0,0.0,0.0,0.0,0.0,0.0,0.0,0.0,0.0
5.5,-0.018723404,0.0008256599205005909,7.006343346295661e-29,0.0008256599205005909,0.0,0.0,0.0,0.0,0.0,0.0,0.0,0.0,0.0
5.516666666666667,-0.018723404,0.0008186767399697985,5.530065973835372e-29,0.0008186767399697985,0.0,0.0,0.0,0.0,0.0,0.0,0.0,0.0,0.0
5.533333333333333,-0.018723404,0.0008117495327909451,4.364813195006833e-29,0.0008117495327909451,0.0,0.0,0.0,0.0,0.0,0.0,0.0,0.0,0.0
5.55,-0.018723404,0.000804877899208711,3.4450655521578635e-29,0.000804877899208711,0.0,0.0,0.0,0.0,0.0,0.0,0.0,0.0,0.0
5.566666666666666,-0.018723404,0.000798061441455306,2.719104034910612e-29,0.000798061441455306,0.0,0.0,0.0,0.0,0.0,0.0,0.0,0.0,0.0
5.583333333333333,-0.018723404,0.0007912997637589337,2.1461036373465046e-29,0.0007912997637589337,0.0,0.0,0.0,0.0,0.0,0.0,0.0,0.0,0.0
5.6,-0.018723404,0.0007845924723517018,1.6938389477580168e-29,0.0007845924723517018,0.0,0.0,0.0,0.0,0.0,0.0,0.0,0.0,0.0
5.616666666666666,-0.018723404,0.0007779391754770093,1.3368729075289229e-29,0.0007779391754770093,0.0,0.0,0.0,0.0,0.0,0.0,0.0,0.0,0.0
5.633333333333334,-0.018723404,0.0007713394833964124,1.0551270041910796e-29,0.0007713394833964124,0.0,0.0,0.0,0.0,0.0,0.0,0.0,0.0,0.0
5.65,-0.018723404,0.0007647930083959869,8.32752581874769e-30,0.0007647930083959869,0.0,0.0,0.0,0.0,0.0,0.0,0.0,0.0,0.0
5.666666666666667,-0.018723404,0.0007582993647922006,6.572398620203067e-30,0.0007582993647922006,0.0,0.0,0.0,0.0,0.0,0.0,0.0,0.0,0.0
5.683333333333334,-0.018723404,0.0007518581689373075,5.187146172569919e-30,0.0007518581689373075,0.0,0.0,0.0,0.0,0.0,0.0,0.0,0.0,0.0
5.7,-0.018723404,0.0007454690392242805,4.093829809986637e-30,0.0007454690392242805,0.0,0.0,0.0,0.0,0.0,0.0,0.0,0.0,0.0
5.716666666666667,-0.018723404,0.0007391315960912847,3.230931961038707e-30,0.0007391315960912847,0.0,0.0,0.0,0.0,0.0,0.0,0.0,0.0,0.0
5.733333333333333,-0.018723404,0.0007328454620257187,2.549896749553428e-30,0.0007328454620257187,0.0,0.0,0.0,0.0,0.0,0.0,0.0,0.0,0.0
5.75,-0.018723404,0.0007266102615678191,2.0123992928537168e-30,0.0007266102615678191,0.0,0.0,0.0,0.0,0.0,0.0,0.0,0.0,0.0
5.766666666666667,-0.018723404,0.000720425621313854,1.588190221531955e-30,0.000720425621313854,0.0,0.0,0.0,0.0,0.0,0.0,0.0,0.0,0.0
5.783333333333333,-0.018723404,0.0007142911699189053,1.2533942653170577e-30,0.0007142911699189053,0.0,0.0,0.0,0.0,0.0,0.0,0.0,0.0,0.0
5.8,-0.018723404,0.0007082065380992606,9.891672646290153e-31,0.0007082065380992606,0.0,0.0,0.0,0.0,0.0,0.0,0.0,0.0,0.0
5.816666666666666,-0.018723404,0.0007021713586344163,7.806361097356803e-31,0.0007021713586344163,0.0,0.0,0.0,0.0,0.0,0.0,0.0,0.0,0.0
5.833333333333333,-0.0140425535,0.000696185266368709,6.160620102249856e-31,0.000696185266368709,0.0,0.0,0.0,0.0,0.0,0.0,0.0,0.0,0.0
5.85,-0.0140425535,0.0006902478982125838,4.861800498334946e-31,0.0006902478982125838,0.0,0.0,0.0,0.0,0.0,0.0,0.0,0.0,0.0
5.866666666666666,-0.0140425535,0.0006843588931435055,3.8367789057435807e-31,0.0006843588931435055,0.0,0.0,0.0,0.0,0.0,0.0,0.0,0.0,0.0
5.883333333333334,-0.0140425535,0.0006785178922065295,3.0278431219734045e-31,0.0006785178922065295,0.0,0.0,0.0,0.0,0.0,0.0,0.0,0.0,0.0
5.9,-0.0140425535,0.0006727245385145345,2.389444477160077e-31,0.0006727245385145345,0.0,0.0,0.0,0.0,0.0,0.0,0.0,0.0,0.0
5.916666666666667,-0.0140425535,0.0006669784772481325,1.8856344995916349e-31,0.0006669784772481325,0.0,0.0,0.0,0.0,0.0,0.0,0.0,0.0,0.0
5.933333333333334,-0.0140425535,0.0006612793556552601,1.4880417171028127e-31,0.0006612793556552601,0.0,0.0,0.0,0.0,0.0,0.0,0.0,0.0,0.0
5.95,-0.0140425535,0.000655626823050464,1.1742747918961622e-31,0.000655626823050464,0.0,0.0,0.0,0.0,0.0,0.0,0.0,0.0,0.0
5.966666666666667,-0.0140425535,0.0006500205308138863,9.266621608427311e-32,0.0006500205308138863,0.0,0.0,0.0,0.0,0.0,0.0,0.0,0.0,0.0
5.983333333333333,-0.0140425535,0.0006444601323899618,7.312572777714566e-32,0.0006444601323899618,0.0,0.0,0.0,0.0,0.0,0.0,0.0,0.0,0.0
6.0,-0.0140425535,0.0006389452832858276,5.770534922858329e-32,0.0006389452832858276,0.0,0.0,0.0,0.0,0.0,0.0,0.0,0.0,0.0
6.016666666666667,-0.0140425535,0.0006334756410694651,4.5536439088580893e-32,0.0006334756410694651,0.0,0.0,0.0,0.0,0.0,0.0,0.0,0.0,0.0
6.033333333333333,-0.0140425535,0.0006280508653675722,3.593347334326599e-32,0.0006280508653675722,0.0,0.0,0.0,0.0,0.0,0.0,0.0,0.0,0.0
6.05,-0.0140425535,0.0006226706178631747,2.8355446449480773e-32,0.0006226706178631747,0.0,0.0,0.0,0.0,0.0,0.0,0.0,0.0,0.0
6.066666666666666,-0.0140425535,0.0006173345622929922,2.2375407787692042e-32,0.0006173345622929922,0.0,0.0,0.0,0.0,0.0,0.0,0.0,0.0,0.0
6.083333333333333,-0.009361702,0.0006120423644445544,1.765641896962361e-32,0.0006120423644445544,0.0,0.0,0.0,0.0,0.0,0.0,0.0,0.0,0.0
6.1,-0.009361702,0.0006067936921530844,1.393257880910312e-32,0.0006067936921530844,0.0,0.0,0.0,0.0,0.0,0.0,0.0,0.0,0.0
6.116666666666666,-0.009361702,0.00060158821529815,1.0994047917952553e-32,0.00060158821529815,0.0,0.0,0.0,0.0,0.0,0.0,0.0,0.0,0.0
6.133333333333334,-0.009361702,0.0005964256058000937,8.675229959446259e-33,0.0005964256058000937,0.0,0.0,0.0,0.0,0.0,0.0,0.0,0.0,0.0
6.15,-0.009361702,0.0005913055376162453,6.845444238018486e-33,0.0005913055376162453,0.0,0.0,0.0,0.0,0.0,0.0,0.0,0.0,0.0
6.166666666666667,-0.009361702,0.0005862276867369259,5.4015645172094464e-33,0.0005862276867369259,0.0,0.0,0.0,0.0,0.0,0.0,0.0,0.0,0.0
6.183333333333334,-0.009361702,0.0005811917311812456,4.262209625086541e-33,0.0005811917311812456,0.0,0.0,0.0,0.0,0.0,0.0,0.0,0.0,0.0
6.2,-0.009361702,0.0005761973509927087,3.363158752871093e-33,0.0005761973509927087,0.0,0.0,0.0,0.0,0.0,0.0,0.0,0.0,0.0
6.216666666666667,-0.009361702,0.0005712442282346227,2.6537332920546037e-33,0.0005712442282346227,0.0,0.0,0.0,0.0,0.0,0.0,0.0,0.0,0.0
6.233333333333333,-0.009361702,0.0005663320469853257,2.0939414664458766e-33,0.0005663320469853257,0.0,0.0,0.0,0.0,0.0,0.0,0.0,0.0,0.0
6.25,-0.009361702,0.000561460493333233,1.652224959748929e-33,0.000561460493333233,0.0,0.0,0.0,0.0,0.0,0.0,0.0,0.0,0.0
6.266666666666667,-0.004680851,0.000556629255371709,1.3036806328049558e-33,0.000556629255371709,0.0,0.0,0.0,0.0,0.0,0.0,0.0,0.0,0.0
6.283333333333333,-0.004680851,0.0005518380231937728,1.0286571747829871e-33,0.0005518380231937728,0.0,0.0,0.0,0.0,0.0,0.0,0.0,0.0,0.0
6.3,-0.004680851,0.0005470864888866382,8.116476447468578e-34,0.0005470864888866382,0.0,0.0,0.0,0.0,0.0,0.0,0.0,0.0,0.0
6.316666666666666,-0.004680851,0.0005423743465260996,6.404155223315696e-34,0.0005423743465260996,0.0,0.0,0.0,0.0,0.0,0.0,0.0,0.0,0.0
6.333333333333333,-0.004680851,0.0005377012921707602,5.053050365293057e-34,0.0005377012921707602,0.0,0.0,0.0,0.0,0.0,0.0,0.0,0.0,0.0
6.35,-0.004680851,0.0005330670238561196,3.986969199958597e-34,0.0005330670238561196,0.0,0.0,0.0,0.0,0.0,0.0,0.0,0.0,0.0
6.366666666666666,-0.004680851,0.0005284712415885109,3.1457892704092185e-34,0.0005284712415885109,0.0,0.0,0.0,0.0,0.0,0.0,0.0,0.0,0.0
6.383333333333334,-0.004680851,0.0005239136473389064,2.482069176489112e-34,0.0005239136473389064,0.0,0.0,0.0,0.0,0.0,0.0,0.0,0.0,0.0
6.4,0.0,0.0005193939450365877,1.95837411404808e-34,0.0005193939450365877,0.0,0.0,0.0,0.0,0.0,0.0,0.0,0.0,0.0
6.416666666666667,0.0,0.0005149118405626856,1.5451654129159397e-34,0.0005149118405626856,0.0,0.0,0.0,0.0,0.0,0.0,0.0,0.0,0.0
6.433333333333334,0.0,0.000510467041743598,1.2191351466859294e-34,0.000510467041743598,0.0,0.0,0.0,0.0,0.0,0.0,0.0,0.0,0.0
6.45,0.0,0.0005060592583442868,9.618919624159191e-35,0.0005060592583442868,0.0,0.0,0.0,0.0,0.0,0.0,0.0,0.0,0.0
6.466666666666667,0.004680851,0.0005016882020614614,7.589240669697926e-35,0.0005016882020614614,0.0,0.0,0.0,0.0,0.0,0.0,0.0,0.0,0.0
6.483333333333333,0.004680851,0.0004973535865166462,5.987809233174132e-35,0.0004973535865166462,0.0,0.0,0.0,0.0,0.0,0.0,0.0,0.0,0.0
6.5,0.004680851,0.0004930551272491463,4.724275341876068e-35,0.0004930551272491463,0.0,0.0,0.0,0.0,0.0,0.0,0.0,0.0,0.0
6.516666666666667,0.004680851,0.0004887925417089043,3.727349161339973e-35,0.0004887925417089043,0.0,0.0,0.0,0.0,0.0,0.0,0.0,0.0,0.0
6.533333333333333,0.009361702,0.000484565549249263,2.9407804212430156e-35,0.000484565549249263,0.0,0.0,0.0,0.0,0.0,0.0,0.0,0.0,0.0
6.55,0.009361702,0.0004803738711196265,2.3201858752197728e-35,0.0004803738711196265,0.0,0.0,0.0,0.0,0.0,0.0,0.0,0.0,0.0
6.566666666666666,0.009361702,0.0004762172304580348,1.830545939801141e-35,0.0004762172304580348,0.0,0.0,0.0,0.0,0.0,0.0,0.0,0.0,0.0
6.583333333333333,0.009361702,0.0004720953522836449,1.4442293757282138e-35,0.0004720953522836449,0.0,0.0,0.0,0.0,0.0,0.0,0.0,0.0,0.0
6.6,0.0140425535,0.0004680079634891302,1.1394346394463025e-35,0.0004680079634891302,0.0,0.0,0.0,0.0,0.0,0.0,0.0,0.0,0.0
6.616666666666666,0.0140425535,0.0004639547928329976,8.989600206135245e-36,0.0004639547928329976,0.0,0.0,0.0,0.0,0.0,0.0,0.0,0.0,0.0
6.633333333333334,0.0140425535,0.0004599355709318242,7.092332163861344e-36,0.0004599355709318242,0.0,0.0,0.0,0.0,0.0,0.0,0.0,0.0,0.0
6.65,0.0140425535,0.0004559500302524228,5.5954561947129055e-36,0.0004559500302524228,0.0,0.0,0.0,0.0,0.0,0.0,0.0,0.0,0.0
6.666666666666667,0.0140425535,0.00045199790510393087,4.4144813866898555e-36,0.00045199790510393087,0.0,0.0,0.0,0.0,0.0,0.0,0.0,0.0,0.0
6.683333333333334,0.0140425535,0.0004480789316298357,3.482744782836865e-36,0.0004480789316298357,0.0,0.0,0.0,0.0,0.0,0.0,0.0,0.0,0.0
6.7,0.0140425535,0.0004441928477999292,2.7476498965439296e-36,0.0004441928477999292,0.0,0.0,0.0,0.0,0.0,0.0,0.0,0.0,0.0
6.716666666666667,0.0140425535,0.0004403393934022041,2.167698791857063e-36,0.0004403393934022041,0.0,0.0,0.0,0.0,0.0,0.0,0.0,0.0,0.0
6.733333333333333,0.0140425535,0.00043651831003468607,1.7101503230604534e-36,0.00043651831003468607,0.0,0.0,0.0,0.0,0.0,0.0,0.0,0.0,0.0
6.75,0.018723404,0.0004327293410972137,1.3491724397620114e-36,0.0004327293410972137,0.0,0.0,0.0,0.0,0.0,0.0,0.0,0.0,0.0
6.766666666666667,0.018723404,0.00042897223178315887,1.0643843277374962e-36,0.00042897223178315887,0.0,0.0,0.0,0.0,0.0,0.0,0.0,0.0,0.0
6.783333333333333,0.018723404,0.0004252467290710995,8.397061426409438e-37,0.0004252467290710995,0.0,0.0,0.0,0.0,0.0,0.0,0.0,0.0,0.0
6.8,0.018723404,0.000421552581716442,6.6245144289240255e-37,0.000421552581716442,0.0,0.0,0.0,0.0,0.0,0.0,0.0,0.0,0.0
6.816666666666666,0.018723404,0.24874352047901613,5.22611117735999e-37,0.00041788954024299597,0.24832563093877313,0.0,0.0,0.0,0.0,0.0,0.0,0.0,0.0
6.833333333333333,0.018723404,0.16581531455418208,4.122884084697557e-37,0.0004142573569345077,0.16540105719724757,0.0,0.0,0.0,0.0,0.0,0.0,0.0,0.0
6.85,0.018723404,0.107815197532453,3.252531442514513e-37,0.00041065578582614857,0.10740454174662685,0.0,0.0,0.0,0.0,0.0,0.0,0.0,0.0
6.866666666666666,0.023404256,0.06958715883134385,2.565900392967586e-37,0.0004070845826959683,0.06918007424864789,0.0,0.0,0.0,0.0,0.0,0.0,0.0,0.0
6.883333333333334,0.023404256,0.044782505400296595,2.0242120495677615e-37,0.00040354350505630724,0.044378961895240286,0.0,0.0,0.0,0.0,0.0,0.0,0.0,0.0
6.9,0.028085107,0.02879966989967687,1.5968721735356358e-37,0.0004000323121451782,0.028399637587531692,0.0,0.0,0.0,0.0,0.0,0.0,0.0,0.0
6.916666666666667,0.028085107,0.018540817063999442,1.2597438510669447e-37,0.00039655076491761126,0.01814426629908183,0.0,0.0,0.0,0.0,0.0,0.0,0.0,0.0
6.933333333333334,0.03276596,0.011971758487834926,9.937846853631684e-38,0.0003930986260369733,0.011578659861797952,0.0,0.0,0.0,0.0,0.0,0.0,0.0,0.0
6.95,0.042127658,0.007772042021353808,7.839715861023119e-38,0.0003896756598662545,0.007382366361487554,0.0,0.0,0.0,0.0,0.0,0.0,0.0,0.0
6.966666666666667,0.04680851,0.005089938038720026,6.184524683291869e-38,0.00038628163245933315,0.004703656406260693,0.0,0.0,0.0,0.0,0.0,0.0,0.0,0.0
6.983333333333333,0.056170214,0.003378196129198698,4.878769779858527e-38,0.00038291631155221265,0.0029952798176464857,0.0,0.0,0.0,0.0,0.0,0.0,0.0,0.0
7.0,0.07021277,0.002286111439919169,3.8486846483577e-38,0.00037957946655423834,0.001906531973364931,0.0,0.0,0.0,0.0,0.0,0.0,0.0,0.0
7.016666666666667,0.079574466,0.0015893468872019375,3.036073953314039e-38,0.00037627086853929414,0.0012130760186626433,0.0,0.0,0.0,0.0,0.0,0.0,0.0,0.0
7.033333333333333,0.084255315,0.0011445936134803906,2.3950268777286617e-38,0.00037299029023697895,0.0007716033232434116,0.0,0.0,0.0,0.0,0.0,0.0,0.0,0.0
7.05,0.074893616,0.0008603989237541763,1.8893241476750762e-38,0.0003697375060237686,0.0004906614177304078,0.0,0.0,0.0,0.0,0.0,0.0,0.0,0.0
7.066666666666666,0.023404256,0.0006784494941755089,1.4903923352832723e-38,0.00036651229191416037,0.00031193720226134854,0.0,0.0,0.0,0.0,0.0,0.0,0.0,0.0
7.083333333333333,-0.10765957,0.0005615869991005464,1.1756899387345944e-38,0.00036331442555180755,0.0001982725735487389,0.0,0.0,0.0,0.0,0.0,0.0,0.0,0.0
7.1,-0.3744681,0.0004861460935676201,9.274341123100512e-39,0.00036014368620063846,0.00012600240736698162,0.0,0.0,0.0,0.0,0.0,0.0,0.0,0.0
7.116666666666666,-0.8425532,0.00043706150596708066,7.31596150570818e-39,0.0003569998547359692,8.006165123111144e-05,0.0,0.0,0.0,0.0,0.0,0.0,0.0,0.0
7.133333333333334,-1.5587233,0.0004047463185716883,5.771090036527655e-39,0.00035388271363560544,5.0863604936082845e-05,0.0,0.0,0.0,0.0,0.0,0.0,0.0,0.0
7.15,-2.5370212,0.00038310174608219765,4.552420717102152e-39,0.0003507920469709389,3.230969911125876e-05,0.0,0.0,0.0,0.0,0.0,0.0,0.0,0.0
7.166666666666667,-3.7306383,0.00036824905355439434,3.591079713626496e-39,0.0003477276403980371,2.0521413156357253e-05,0.0,0.0,0.0,0.0,0.0,0.0,0.0,0.0
7.183333333333334,-5.0319147,0.00035772199464823815,2.83273418651782e-39,0.00034468928114873105,1.3032713499507105e-05,0.0,0.0,0.0,0.0,0.0,0.0,0.0,0.0
7.2,-6.314468,0.0003499527434899239,2.234522520947533e-39,0.0003416767580216983,8.275985468225613e-06,0.0,0.0,0.0,0.0,0.0,0.0,0.0,0.0
7.216666666666667,-7.4238296,0.0003439447731128198,1.762632577706901e-39,0.0003386898613735466,5.2549117392732e-06,0.0,0.0,0.0,0.0,0.0,0.0,0.0,0.0
7.233333333333333,-8.24766,0.00033906475990452313,1.3903911782677123e-39,0.00033572838310989747,3.336376794625648e-06,0.0,0.0,0.0,0.0,0.0,0.0,0.0,0.0
7.25,-8.706383,0.00033491024116438296,1.096756909142708e-39,0.00033279211667647,2.118124487912917e-06,0.0,0.0,0.0,0.0,0.0,0.0,0.0,0.0
7.266666666666667,-8.790638,0.00033122546926413665,8.65131108515167e-40,0.00032988085705017,1.3446122139666797e-06,0.0,0.0,0.0,0.0,0.0,0.0,0.0,0.0
7.283333333333333,-8.52851,0.0003278479213144037,6.8241986852948165e-40,0.00032699440073017994,8.535205842237842e-07,0.0,0.0,0.0,0.0,0.0,0.0,0.0,0.0
7.3,-7.985532,0.0003246743024307973,5.382940641891167e-40,0.00032413254572905757,5.417567017397401e-07,0.0,0.0,0.0,0.0,0.0,0.0,0.0,0.0
7.316666666666666,-7.2459574,0.0003216389420980321,4.246056049670545e-40,0.0003212950915638382,3.4385053419388884e-07,0.0,0.0,0.0,0.0,0.0,0.0,0.0,0.0
7.333333333333333,-6.398723,0.0003187000679310779,3.349269295437531e-40,0.0003184818392471465,2.1822868393140206e-07,0.0,0.0,0.0,0.0,0.0,0.0,0.0,0.0
7.35,-5.5187235,0.00031583108565324777,2.641877258179552e-40,0.0003156925912783154,1.3849437493237808e-07,0.0,0.0,0.0,0.0,0.0,0.0,0.0,0.0
7.366666666666666,-4.6714892,0.00031301504010894913,2.08388350599494e-40,0.00031292715163451604,8.788847443308804e-08,0.0,0.0,0.0,0.0,0.0,0.0,0.0,0.0
7.383333333333334,-3.8804255,0.00031024109727302855,1.6437375634143956e-40,0.0003101853257618982,5.577151113037779e-08,0.0,0.0,0.0,0.0,0.0,0.0,0.0,0.0
7.4,-3.1829786,0.00030750231008840946,1.296551505941649e-40,0.0003074669205667418,3.5389521667638904e-08,0.0,0.0,0.0,0.0,0.0,0.0,0.0,0.0
7.416666666666667,-2.5744681,0.00030479419975398727,1.0226931061676545e-40,0.00030477174440662246,2.2455347364834908e-08,0.0,0.0,0.0,0.0,0.0,0.0,0.0,0.0
7.433333333333334,-2.0595744,0.00030211385490731157,8.066760306772555e-41,0.00030209960708158927,1.4247825722292953e-08,0.0,0.0,0.0,0.0,0.0,0.0,0.0,0.0
7.45,-1.6289362,0.0002994593596914459,6.362843707666289e-41,0.00029945031982535965,9.039866086257708e-09,0.0,0.0,0.0,0.0,0.0,0.0,0.0,0.0
7.466666666666667,-1.2685106,0.00029682943065773725,5.018820307137639e-41,0.0002968236952965267,5.73536121054359e-09,0.0,0.0,0.0,0.0,0.0,0.0,0.0,0.0
7.483333333333333,-0.973617,0.000294223186264814,3.9586794288714854e-41,0.00029421954756978625,3.6386950277522834e-09,0.0,0.0,0.0,0.0,0.0,0.0,0.0,0.0
7.5,-0.7348936,0.0002916400005604287,3.1224631937723597e-41,0.0002916376921271787,2.3084332500157883e-09,0.0,0.0,0.0,0.0,0.0,0.0,0.0,0.0
7.516666666666667,-0.533617,0.000289079410305576,2.4628765058466347e-41,0.00028907794584935077,1.4644562252504994e-09,0.0,0.0,0.0,0.0,0.0,0.0,0.0,0.0
7.533333333333333,-0.36978722,0.00028654105602340924,1.9426128953574716e-41,0.0002865401270068354,9.290165738227607e-10,0.0,0.0,0.0,0.0,0.0,0.0,0.0,0.0
7.55,-0.24340425,0.00028402464458205566,1.532245063392232e-41,0.00028402405525135185,5.8933070381911e-10,0.0,0.0,0.0,0.0,0.0,0.0,0.0,0.0
7.566666666666666,-0.13574468,0.0002815299254453641,1.208560887109646e-41,0.0002815295516071255,3.738382385577669e-10,0.0,0.0,0.0,0.0,0.0,0.0,0.0,0.0
7.583333333333333,-0.04680851,0.00027905667559845334,9.532508219137095e-42,0.00027905643846223057,2.371362227625475e-10,0.0,0.0,0.0,0.0,0.0,0.0,0.0,0.0
7.6,0.023404256,0.00027660468997872624,7.518724981433503e-42,0.0002766045395599532,1.5041877303503856e-10,0.0,0.0,0.0,0.0,0.0,0.0,0.0,0.0
7.616666666666666,0.084255315,0.00027417377540076547,5.930339777957629e-42,0.00027417367999017783,9.541058765727674e-11,0.0,0.0,0.0,0.0,0.0,0.0,0.0,0.0
7.633333333333334,0.13106383,0.00027176374669842256,4.6774949663391356e-42,0.00027176368618079746,6.05176250971613e-11,0.0,0.0,0.0,0.0,0.0,0.0,0.0,0.0
7.65,0.16851063,0.00026937442427386253,3.6893126718586666e-42,0.0002693743858891469,3.83847156363592e-11,0.0,0.0,0.0,0.0,0.0,0.0,0.0,0.0
7.666666666666667,0.2012766,0.00026700563253938644,2.909886096013724e-42,0.00026700560819346196,2.434592447682798e-11,0.0,0.0,0.0,0.0,0.0,0.0,0.0,0.0
7.683333333333334,0.2293617,0.000264657198925739,2.295117447473899e-42,0.00026465718348436183,1.5441377198230755e-11,0.0,0.0,0.0,0.0,0.0,0.0,0.0,0.0
7.7,0.25276595,0.00026232895324986,1.810223701910289e-42,0.00026232894345636017,9.79349983359116e-12,0.0,0.0,0.0,0.0,0.0,0.0,0.0,0.0
7.716666666666667,0.27148935,0.00026002072731069563,1.427769153374722e-42,0.0002600207210993996,6.211296007939978e-12,0.0,0.0,0.0,0.0,0.0,0.0,0.0,0.0
7.733333333333333,0.29021275,0.00025773235462971735,1.1261135035212864e-42,0.0002577323506904158,3.939301544570066e-12,0.0,0.0,0.0,0.0,0.0,0.0,0.0,0.0
7.75,0.3042553,0.0002554636702832533,8.881877293898326e-43,0.0002554636677849269,2.4983264155892315e-12,0.0,0.0,0.0,0.0,0.0,0.0,0.0,0.0
7.766666666666667,0.31361702,0.0002532145107930797,7.005285036665212e-43,0.00025321450920865233,1.584427363905992e-12,0.0,0.0,0.0,0.0,0.0,0.0,0.0,0.0
7.783333333333333,0.3229787,0.0002509847140539811,5.525165608844246e-43,0.0002509847130491596,1.0048215105228794e-12,0.0,0.0,0.0,0.0,0.0,0.0,0.0,0.0
7.8,0.32765958,0.00024877411928477493,4.357759353192378e-43,0.0002487741186475406,6.372343377645005e-13,0.0,0.0,0.0,0.0,0.0,0.0,0.0,0.0
7.816666666666666,0.33234042,0.00024658256699422963,3.4370009327844705e-43,0.0002465825665901162,4.0411343092112966e-13,0.0,0.0,0.0,0.0,0.0,0.0,0.0,0.0
7.833333333333333,0.33702126,0.0002444098989564439,2.710781583342651e-43,0.00024440989870017175,2.562721830513058e-13,0.0,0.0,0.0,0.0,0.0,0.0,0.0,0.0
7.85,0.34170213,0.0002422559581922378,2.1380008848302932e-43,0.00024225595802972261,1.6251517218593056e-13,0.0,0.0,0.0,0.0,0.0,0.0,0.0,0.0
7.866666666666666,0.34170213,0.000240120588954369,1.6862412923882281e-43,0.00024012058885131122,1.0305778364466566e-13,0.0,0.0,0.0,0.0,0.0,0.0,0.0,0.0
7.883333333333334,0.34170213,0.00023800363671518535,1.3299338872598614e-43,0.00023800363664983285,6.535251415917447e-14,0.0,0.0,0.0,0.0,0.0,0.0,0.0,0.0
7.9,0.34638298,0.00023590494815583837,1.0489115905762576e-43,0.0002359049481143966,4.14417973265844e-14,0.0,0.0,0.0,0.0,0.0,0.0,0.0,0.0
7.916666666666667,0.34638298,0.00023382437115649363,8.272679975880111e-44,0.00023382437113021458,2.6279058641273043e-14,0.0,0.0,0.0,0.0,0.0,0.0,0.0,0.0
7.933333333333334,0.34638298,0.00023176175478718987,6.524572762649127e-44,0.00023176175477052598,1.6663879461917002e-14,0.0,0.0,0.0,0.0,0.0,0.0,0.0,0.0
7.95,0.34638298,0.00022971694929911933,5.145842095911727e-44,0.00022971694928855267,1.0566658237547236e-14,0.0,0.0,0.0,0.0,0.0,0.0,0.0,0.0
7.966666666666667,0.35106382,0.0012115226830890407,4.0584421640937647e-44,0.00022768980610948756,6.700305098032295e-15,0.0009838328769728529,0.0,0.0,0.0,0.0,0.0,0.0,0.0
7.983333333333333,0.35106382,0.005532257798659495,3.200816695216656e-44,0.00022568017782251753,4.248611306860484e-15,0.005306577620832729,0.0,0.0,0.0,0.0,0.0,0.0,0.0
8.0,0.3557447,0.013977120170718104,2.524415217150971e-44,0.00022368791817287766,2.6939842544000603e-15,0.013753432252542531,0.0,0.0,0.0,0.0,0.0,0.0,0.0
8.016666666666667,0.36042553,0.0266269696574666,1.9909452888857394e-44,0.00022171288205394103,1.7082005503656764e-15,0.02640525677541095,0.0,0.0,0.0,0.0,0.0,0.0,0.0
8.033333333333333,0.36510637,0.04322912851212666,1.5702052304753278e-44,0.0002197549254993431,1.0831248751562744e-15,0.04300937358662623,0.0,0.0,0.0,0.0,0.0,0.0,0.0
8.05,0.3744681,0.06335273624927833,1.238374720790343e-44,0.00021781390567513815,6.86774532966511e-16,0.0631349223436025,0.0,0.0,0.0,0.0,0.0,0.0,0.0
8.066666666666666,0.37914893,0.08647548554041198,9.766665367178408e-45,0.00021588968087199266,4.3545764674132294e-16,0.08625959585953956,0.0,0.0,0.0,0.0,0.0,0.0,0.0
8.083333333333334,0.38851064,0.11203711033268367,7.702631402008013e-45,0.00021398211049741245,2.761047320813144e-16,0.11182312822218599,0.0,0.0,0.0,0.0,0.0,0.0,0.0
8.1,0.3931915,0.13947375831372102,6.074779362164692e-45,0.00021209105506800576,1.750644917057549e-16,0.13926166725865285,0.0,0.0,0.0,0.0,0.0,0.0,0.0
8.116666666666667,0.4025532,0.16824030007253907,4.790937370918566e-45,0.00021021637620178014,1.1099889821030456e-16,0.16803008369633718,0.0,0.0,0.0,0.0,0.0,0.0,0.0
8.133333333333333,0.40723404,0.19782459474431843,3.7784099554053035e-45,0.00020835793661047673,7.037780924444396e-17,0.19761623680770787,0.0,0.0,0.0,0.0,0.0,0.0,0.0
8.15,0.41659573,0.22775621242379548,2.9798627768052895e-45,0.00020651560009193868,4.4622036044315546e-17,0.2275496968237035,0.0,0.0,0.0,0.0,0.0,0.0,0.0
8.166666666666666,0.4212766,0.25761126456895633,2.3500768547008767e-45,0.00020468923152251766,2.829174072704846e-17,0.2574065753374338,0.0,0.0,0.0,0.0,0.0,0.0,0.0
8.183333333333334,0.43063828,0.2870144797404796,1.853388583786251e-45,0.00020287869684951289,1.7937697082714642e-17,0.28681160104363007,0.0,0.0,0.0,0.0,0.0,0.0,0.0
8.2,0.43531916,0.315639331715495,1.4616706506306543e-45,0.00020108386308365097,1.1372881401650513e-17,0.31543824785241137,0.0,0.0,0.0,0.0,0.0,0.0,0.0
8.216666666666667,0.44468084,0.3432068046839068,1.1527395690914957e-45,0.00019930459829159829,7.210596924573301e-18,0.3430075000856152,0.0,0.0,0.0,0.0,0.0,0.0,0.0
8.233333333333333,0.45404255,0.36948322515647924,9.090996971510325e-46,0.00019754077158851282,4.5716069589619505e-18,0.36928568438489073,0.0,0.0,0.0,0.0,0.0,0.0,0.0
8.25,0.46340424,0.3942774790150245,7.169526414529363e-46,0.00019579225313062952,2.8984350934751834e-18,0.39408168676189387,0.0,0.0,0.0,0.0,0.0,0.0,0.0
8.266666666666667,0.4680851,0.41743785067691896,5.654159761615823e-46,0.00019405891410788698,1.8376185658908158e-18,0.41724379176281107,0.0,0.0,0.0,0.0,0.0,0.0,0.0
8.283333333333333,0.48212767,0.4388486606875434,4.459070498420937e-46,0.00019234062673658715,1.1650493526226577e-18,0.43865632006080685,0.0,0.0,0.0,0.0,0.0,0.0,0.0
8.3,0.4868085,0.4584268323208291,3.516569982354872e-46,0.00019063726425209372,7.386360528981912e-19,0.458236195056577,0.0,0.0,0.0,0.0,0.0,0.0,0.0
8.316666666666666,0.4961702,0.47611848297498355,2.773274508304548e-46,0.0001889487009015678,4.682890127799304e-19,0.47592953427408197,0.0,0.0,0.0,0.0,0.0,0.0,0.0
8.333333333333334,0.5055319,0.49189560951722455,2.1870823207079823e-46,0.00018727481193674093,2.9688946144817555e-19,0.4917083347052878,0.0,0.0,0.0,0.0,0.0,0.0,0.0
8.35,0.5102128,0.5057529162709751,1.7247894284081382e-46,0.00018561547360672565,1.8822313398922877e-19,0.5055673007973683,0.0,0.0,0.0,0.0,0.0,0.0,0.0
8.366666666666667,0.5148936,0.5177048186028237,1.3602092400065993e-46,0.0001839705631508619,1.1932973584462556e-19,0.5175208480396728,0.0,0.0,0.0,0.0,0.0,0.0,0.0
8.383333333333333,0.52425534,0.5277826429784072,1.0726895585170691e-46,0.0001823399587916043,7.56522541163157e-20,0.5276003030196156,0.0,0.0,0.0,0.0,0.0,0.0,0.0
8.4,0.52893615,0.5360320351060225,8.459429691256443e-47,0.00018072353972744336,4.796148627081238e-20,0.5358513115662951,0.0,0.0,0.0,0.0,0.0,0.0,0.0
8.416666666666666,0.533617,0.5425105807549887,6.671243959640298e-47,0.00017912118612586767,3.040612038105406e-20,0.5423314595688629,0.0,0.0,0.0,0.0,0.0,0.0,0.0
8.433333333333334,0.5382979,0.5472856385454316,5.261035971632804e-47,0.00017753277911636034,1.927644993901246e-20,0.5471081057663152,0.0,0.0,0.0,0.0,0.0,0.0,0.0
8.45,0.5429787,0.5504323800850733,4.148914041210104e-47,0.0001759582007834376,1.2220551711008612e-20,0.5502564218842899,0.0,0.0,0.0,0.0,0.0,0.0,0.0
8.466666666666667,0.5476596,0.5520320299853222,3.271872155758234e-47,0.00017439733415972088,7.747334929709179e-21,0.5518576326511625,0.0,0.0,0.0,0.0,0.0,0.0,0.0
8.483333333333333,0.55234045,0.5521702962928775,2.580221224635657e-47,0.00017285006321905022,4.911471803887739e-21,0.5519974462296584,0.0,0.0,0.0,0.0,0.0,0.0,0.0
8.5,0.55234045,0.5509359805416449,2.0347745424479884e-47,0.00017131627286963254,3.113643077564021e-21,0.5507646642687754,0.0,0.0,0.0,0.0,0.0,0.0,0.0
8.516666666666667,0.55234045,0.5484197558173001,1.6046280795795923e-47,0.000169795848947231,1.9738942852816465e-21,0.5482499599683528,0.0,0.0,0.0,0.0,0.0,0.0,0.0
8.533333333333333,0.55234045,0.5447131008172068,1.2654098941740666e-47,0.00016828867820839024,1.251344484603078e-21,0.5445448121389984,0.0,0.0,0.0,0.0,0.0,0.0,0.0
8.55,0.5476596,0.5399073777885683,9.978995241575803e-48,0.00016679464832369887,7.932824549637663e-22,0.5397405831402446,0.0,0.0,0.0,0.0,0.0,0.0,0.0
8.566666666666666,0.5429787,0.534093042363262,7.869391689175987e-48,0.00016531364787109309,5.028944286601472e-22,0.533927728715391,0.0,0.0,0.0,0.0,0.0,0.0,0.0
8.583333333333334,0.533617,0.5273589736191762,6.205749940059404e-48,0.00016384556632919464,3.188040624541927e-22,0.527195128052847,0.0,0.0,0.0,0.0,0.0,0.0,0.0
8.6,0.52425534,0.5197919131375196,4.893799242353544e-48,0.00016239029407068972,2.0210122844863291e-22,0.5196295228434489,0.0,0.0,0.0,0.0,0.0,0.0,0.0
8.616666666666667,0.5148936,0.5114760023554402,3.859195686113653e-48,0.00016094772235574276,1.2811859845869537e-22,0.5113150546330845,0.0,0.0,0.0,0.0,0.0,0.0,0.0
8.633333333333333,0.50085104,0.5024924081033908,3.0433102662567323e-48,0.0001595177433254518,8.12182371132124e-23,0.5023328903600653,0.0,0.0,0.0,0.0,0.0,0.0,0.0
8.65,0.4868085,0.49291902684304106,2.3999071849779595e-48,0.00015810024999533834,5.1486471028293034e-23,0.4927609265930457,0.0,0.0,0.0,0.0,0.0,0.0,0.0
8.666666666666666,0.4680851,0.4828302587656782,1.8925242398106827e-48,0.00015669513624887757,3.2638554199541436e-23,0.4826735636294293,0.0,0.0,0.0,0.0,0.0,0.0,0.0
8.683333333333334,0.45404255,0.47229684355824464,1.4924069084177804e-48,0.0001553022968310641,2.0690307777530984e-23,0.47214154126141356,0.0,0.0,0.0,0.0,0.0,0.0,0.0
8.7,0.44,0.4613857502835277,1.1768791024905538e-48,0.00015392162734201862,1.3115995902004988e-23,0.46123182865618567,0.0,0.0,0.0,0.0,0.0,0.0,0.0
8.716666666666667,0.42595744,0.45016011444390985,9.280582966477817e-49,0.00015255302423062897,8.314457282005581e-24,0.45000756141967924,0.0,0.0,0.0,0.0,0.0,0.0,0.0
8.733333333333333,0.41191489,0.4386792158985583,7.31842244610054e-49,0.00015119638478823164,5.270658553687935e-24,0.4385280195137701,0.0,0.0,0.0,0.0,0.0,0.0,0.0
8.75,0.39787233,0.4269984918773281,5.771098788056327e-49,0.00014985160714232857,3.341136579985962e-24,0.42684864027018576,0.0,0.0,0.0,0.0,0.0,0.0,0.0
8.766666666666667,0.38851064,0.41516957987823433,4.5509112216603784e-49,0.00014851859025034425,2.1179805837813444e-24,0.415021061287984,0.0,0.0,0.0,0.0,0.0,0.0,0.0
8.783333333333333,0.37914893,0.4032403857470254,3.5886990929247e-49,0.00014719723389341818,1.3426046448446283e-24,0.40309318851313203,0.0,0.0,0.0,0.0,0.0,0.0,0.0
8.8,0.36978722,0.3912551727164301,2.8299226032722614e-49,0.00014588743867023534,8.510846705730158e-25,0.3911092852777599,0.0,0.0,0.0,0.0,0.0,0.0,0.0
8.816666666666666,0.36510637,0.3792546676286999,2.2315720212941257e-49,0.00014458910599089548,5.3950549068507845e-25,0.379110078522709,0.0,0.0,0.0,0.0,0.0,0.0,0.0
8.833333333333334,0.3557447,0.36727618097840165,1.7597302479875916e-49,0.00014330213807081714,3.419932014170968e-25,0.3671328788403308,0.0,0.0,0.0,0.0,0.0,0.0,0.0
8.85,0.35106382,0.35535373779395885,1.3876506304910022e-49,0.00014202643792468215,2.1678918060610192e-25,0.3552117113560342,0.0,0.0,0.0,0.0,0.0,0.0,0.0
8.866666666666667,0.34170213,0.3435182167269436,1.0942411105561504e-49,0.00014076190936041457,1.3742200685417198e-25,0.3433774548175832,0.0,0.0,0.0,0.0,0.0,0.0,0.0
8.883333333333333,0.33234042,0.33179749503918343,8.628688153497205e-50,0.00013950845697319878,8.711110923848933e-26,0.33165798658221024,0.0,0.0,0.0,0.0,0.0,0.0,0.0
8.9,0.32765958,0.3202165974704774,6.804173536496542e-50,0.00013826598613953287,5.521910952947061e-26,0.3200783314843379,0.0,0.0,0.0,0.0,0.0,0.0,0.0
8.916666666666666,0.3229787,0.3087978472359677,5.3654339853642425e-50,0.0001370344030113212,3.5002887618597e-26,0.3086608128329564,0.0,0.0,0.0,0.0,0.0,0.0,0.0
8.933333333333334,0.31829786,0.2975610176432523,4.2309042933225024e-50,0.00013581361451000132,2.2187940364415994e-26,0.29742520402874234,0.0,0.0,0.0,0.0,0.0,0.0,0.0
8.95,0.31829786,0.2865234830370891,3.3362641047405317e-50,0.00013460352832071046,1.4064644811564366e-26,0.28638887950876835,0.0,0.0,0.0,0.0,0.0,0.0,0.0
8.966666666666667,0.31829786,0.27570036797532316,2.630792076741926e-50,0.0001334040528864855,8.915367121238634e-27,0.2755669639224367,0.0,0.0,0.0,0.0,0.0,0.0,0.0
8.983333333333333,0.31829786,0.26510469371536255,2.0744907997362259e-50,0.00013221509740250304,5.651300457665234e-27,0.26497247861796003,0.0,0.0,0.0,0.0,0.0,0.0,0.0
9.0,0.3229787,0.254749434537428,1.6358195387848883e-50,0.00013103657181035323,3.582253266261065e-27,0.25461648467553727,1.9132900803432397e-06,0.0,0.0,0.0,0.0,0.0,0.0
9.016666666666667,0.32765958,0.24470141378110816,1.2899063013767063e-50,0.0001298683867923513,2.2707165213186445e-27,0.2445082218631198,6.332353119601986e-05,0.0,0.0,0.0,0.0,0.0,0.0
9.033333333333331,0.33702126,0.2352417736165661,1.0171379000560021e-50,0.00012871045376588577,1.4393563032207057e-27,0.23465524301445992,0.0004578201483402706,0.0,0.0,0.0,0.0,0.0,0.0
9.05,0.3557447,0.22696668081757082,8.020480994033286e-51,0.00012756268487780072,9.123731338284434e-28,0.22506354343856566,0.0017755746941273789,0.0,0.0,0.0,0.0,0.0,0.0
9.066666666666666,0.3744681,0.22075932681823296,6.324408297862345e-51,0.00012642499299881805,5.783296533377329e-28,0.21573768506589944,0.004895216759334711,0.0,0.0,0.0,0.0,0.0,0.0
9.083333333333334,0.39787233,0.2176819379737932,4.986987722280034e-51,0.00012529729171799076,3.6658716002122174e-28,0.2066809151207775,0.01087572556129772,0.0,0.0,0.0,0.0,0.0,0.0
9.1,0.42595744,0.21883802670452232,3.932381245311311e-51,0.00012417949533719683,2.32368829885292e-28,0.19789527918285993,0.020818568026325205,0.0,0.0,0.0,0.0,0.0,0.0
9.116666666666667,0.4587234,0.22523963676488684,3.100786437135622e-51,0.00012307151886566545,1.4729138393708097e-28,0.18938172856399146,0.0357348366820297,0.0,0.0,0.0,0.0,0.0,0.0
9.133333333333333,0.4961702,0.23769960198683432,2.4450459333877275e-51,0.00012197327801454096,9.336318978444027e-29,0.18114022198134205,0.056437406727477706,0.0,0.0,0.0,0.0,0.0,0.0
9.15,0.533617,0.2567576090448996,1.9279737666324137e-51,0.00012088468919148047,5.917971948038354e-29,0.173169821554372,0.0834669028013361,0.0,0.0,0.0,0.0,0.0,0.0
9.166666666666666,0.5710638,0.2826412273418736,1.5202469965864236e-51,0.00011980566949528932,3.7511896542509457e-29,0.16546878319269342,0.11705263847968485,0.0,0.0,0.0,0.0,0.0,0.0
9.183333333333334,0.6085106,0.31525842137814664,1.1987431213926789e-51,0.00011873613671058913,2.377738313527962e-29,0.15803464147494994,0.1571050437664861,0.0,0.0,0.0,0.0,0.0,0.0
9.2,0.6412766,0.35421564346727485,9.452290201967873e-52,0.00011767600930252299,1.5071553481567405e-29,0.1508642891463103,0.20323367831166203,0.0,0.0,0.0,0.0,0.0,0.0
9.216666666666669,0.6740425,0.398854739310916,7.453271033736163e-52,0.00011662520641149432,9.55324523382789e-30,0.14395405138449235,0.2547840627200121,0.0,0.0,0.0,0.0,0.0,0.0
9.233333333333333,0.6974468,0.44830203760021076,5.877000602814412e-52,0.00011558364784794241,6.055399384747132e-30,0.1372997550021994,0.3108866989501634,0.0,0.0,0.0,0.0,0.0,0.0
9.25,0.7161702,0.5015237231765086,4.634079859140932e-52,0.00011455125408714978,3.83825329498867e-30,0.130896792767756,0.3705123791546654,0.0,0.0,0.0,0.0,0.0,0.0
9.266666666666667,0.7348936,0.5573826144245388,3.6540143958012445e-52,0.00011352794626408713,2.4328955128246747e-30,0.12474018303634087,0.43252890344193395,0.0,0.0,0.0,0.0,0.0,0.0
9.283333333333331,0.7489362,0.6146925775453776,2.8812169457973926e-52,0.00011251364616829157,1.5420991010777232e-30,0.11882462489163077,0.4957554390075786,0.0,0.0,0.0,0.0,0.0,0.0
9.3,0.75829786,0.6722678842025263,2.2718551453667094e-52,0.00011150827623877802,9.774625445875087e-31,0.11314454900262015,0.5590118269236674,0.0,0.0,0.0,0.0,0.0,0.0
9.316666666666666,0.7723404,0.7289657795662315,1.7913658398755377e-52,0.00011051175955898778,6.195651662183388e-31,0.1076941644029894,0.6211611034036831,0.0,0.0,0.0,0.0,0.0,0.0
9.333333333333334,0.786383,0.7837213378826823,1.4124949964891513e-52,0.00010952401985176733,3.927108499896958e-31,0.10246750140102523,0.6811443124618053,0.0,0.0,0.0,0.0,0.0,0.0
9.35,0.8051064,0.8355743310377879,1.1137520866299273e-52,0.00010854498147438482,2.4891889296690556e-31,0.09745845082717702,0.7380073352291365,0.0,0.0,0.0,0.0,0.0,0.0
9.366666666666667,0.82382977,0.8836883273628955,8.781912997464414e-53,0.00010757456941357747,1.5777634330369402e-31,0.09266079982387287,0.790919952969609,0.0,0.0,0.0,0.0,0.0,0.0
9.383333333333333,0.847234,0.9273625880637022,6.92450480158057e-53,0.00010661270928063462,1.0000575414233601e-31,0.08806826437869739,0.8391877109757242,0.0,0.0,0.0,0.0,0.0,0.0
9.4,0.8753191,0.966037557006649,5.459932910931405e-53,0.00010565932730651235,6.338801923790482e-32,0.08367451879744889,0.8822573788818936,0.0,0.0,0.0,0.0,0.0,0.0
9.416666666666666,0.90340424,0.9992948676973367,4.305116328514113e-53,0.00010471435033698392,4.0178014732211233e-32,0.07947322230828645,0.9197169310387132,0.0,0.0,0.0,0.0,0.0,0.0
9.433333333333334,0.93148935,1.0268528402171284,3.394544284930269e-53,0.0001037777058278209,2.5466477534834463e-32,0.07545804298216631,0.9512910195291343,0.0,0.0,0.0,0.0,0.0,0.0
9.45,0.95957446,1.0485584300061506,2.676560557056924e-53,0.00010284932184000905,1.614166785912452e-32,0.07162267914832378,0.9768329015359867,0.0,0.0,0.0,0.0,0.0,0.0
9.466666666666669,0.9829787,1.0643765366554978,2.110433537263259e-53,0.00010192912703499633,1.023121166405482e-32,0.06796087847667508,0.9963137290517877,0.0,0.0,0.0,0.0,0.0,0.0
9.483333333333333,1.0017021,1.074377498593839,1.6640458972442064e-53,0.00010101705066997467,6.4849238018173e-33,0.06446645489192947,1.0098100266512395,0.0,0.0,0.0,0.0,0.0,0.0
9.5,1.0204256,1.0787235003608482,1.3120728248666337e-53,0.00010011302259319226,4.110378746697438e-33,0.06113330347686815,1.017490083861387,0.0,0.0,0.0,0.0,0.0,0.0
9.516666666666667,1.0251064,1.0776545122005659,1.0345455177357722e-53,9.921697323930082e-05,2.6053013920505052e-33,0.05795541351490541,1.0195998817124212,0.0,0.0,0.0,0.0,0.0,0.0
9.533333333333331,1.0297872,1.0714742739116978,8.157184642425293e-54,9.832883362473388e-05,1.651327746569314e-33,0.054926879814582844,1.0164490652634903,0.0,0.0,0.0,0.0,0.0,0.0
9.55,1.0251064,1.0605367312758796,6.431762703448167e-54,9.744853534311662e-05,1.0466651679671218e-33,0.05204191245129778,1.0083973702892386,0.0,0.0,0.0,0.0,0.0,0.0
9.566666666666666,1.0110638,1.0452332373729134,5.0712937502624115e-54,9.65760105607099e-05,6.634091561020648e-34,0.04929484505425849,0.9958418163080941,0.0,0.0,0.0,0.0,0.0,0.0
9.583333333333334,0.9923404,1.0259807448149774,3.9985870951981285e-54,9.571119201188304e-05,4.204887267963232e-34,0.04668014175945837,0.9792048918635071,0.0,0.0,0.0,0.0,0.0,0.0
9.6,0.96425533,1.0032111395058243,3.1527780237877105e-54,9.485401299462152e-05,2.66517952592553e-34,0.04419240294247473,0.9589238825503549,0.0,0.0,0.0,0.0,0.0,0.0
9.616666666666667,0.9361702,0.9773618022975957,2.4858749327638317e-54,9.400440736606384e-05,1.6892650803628206e-34,0.0418263698380282,0.9354414280522014,0.0,0.0,0.0,0.0,0.0,0.0
9.633333333333333,0.90340424,0.948867431652132,1.9600367072281277e-54,9.316230953807098e-05,1.0707014110953568e-34,0.03957692814663528,0.9091973411959587,0.0,0.0,0.0,0.0,0.0,0.0
9.65,0.8706383,0.9181531174937182,1.5454259052452224e-54,9.232765447282667e-05,6.786380225828652e-35,0.037439110722267036,0.8806216791169783,0.0,0.0,0.0,0.0,0.0,0.0
9.666666666666666,0.8425532,0.8856286229880307,1.2185159764051074e-54,9.150037767846911e-05,4.3013744789448517e-35,0.035408099428777415,0.8501290231815748,0.0,0.0,0.0,0.0,0.0,0.0
9.683333333333334,0.8097872,0.8516838059703015,9.607564930372635e-55,9.068041520475303e-05,2.726312156777695e-35,0.03347922624693814,0.8181138993081586,0.0,0.0,0.0,0.0,0.0,0.0
9.7,0.7817021,0.8166850940842446,7.57520679137742e-55,8.986770363874311e-05,1.7279977609624766e-35,0.031647973708268405,0.7849472526723374,0.0,0.0,0.0,0.0,0.0,0.0
9.716666666666669,0.75829786,0.7809729162888013,5.9727553424220165e-55,8.906218010053749e-05,1.0952418957378467e-35,0.029909974726436018,0.7509738793822647,0.0,0.0,0.0,0.0,0.0,0.0
9.733333333333333,0.7348936,0.7448599871927466,4.709274755174413e-55,8.826378223902288e-05,6.941865693985032e-36,0.028261011891877633,0.71651071151863,0.0,0.0,0.0,0.0,0.0,0.0
9.75,0.7161702,0.7086303387090812,3.713063772967405e-55,8.747244822765742e-05,4.399888386051126e-36,0.026697016290386462,0.681845849970467,0.0,0.0,0.0,0.0,0.0,0.0
9.766666666666667,0.70212764,0.6725389948962514,2.927587377891725e-55,8.668811676028717e-05,2.7887296507637632e-36,0.025214065901810984,0.6472382408776801,0.0,0.0,0.0,0.0,0.0,0.0
9.783333333333331,0.69276595,0.6368121897834707,2.308268929838673e-55,8.591072704698988e-05,1.7675449971617233e-36,0.023808383630611957,0.6129178954258117,0.0,0.0,0.0,0.0,0.0,0.0
9.8,0.68340427,0.6016480337813613,1.8199607893838218e-55,8.514021880994926e-05,1.1202987733821327e-36,0.022476335015910485,0.5790865585466409,0.0,0.0,0.0,0.0,0.0,0.0
9.816666666666666,0.6740425,0.5672175413738898,1.4349499252721576e-55,8.437653227935985e-05,7.100624839108175e-37,0.02121442566477358,0.5459187391768369,0.0,0.0,0.0,0.0,0.0,0.0
9.833333333333334,0.6693617,0.5336659406874587,1.1313853563458175e-55,8.361960818936004e-05,4.500477623643818e-37,0.020019298448815243,0.5135630226304541,0.0,0.0,0.0,0.0,0.0,0.0
9.85,0.66468084,0.5011142026372241,8.920382084410806e-56,8.286938777399562e-05,2.8524627778202976e-37,0.01888773050078149,0.48214359395364215,8.795026418717038e-09,0.0,0.0,0.0,0.0,0.0
9.866666666666667,0.6693617,0.4696686587603106,7.03324036402209e-56,8.212581276321139e-05,1.807926257212805e-37,0.017816630044559727,0.4517619095326275,7.993370360183546e-06,0.0,0.0,0.0,0.0,0.0
9.883333333333333,0.6787234,0.4396632782855488,5.545319402579706e-56,8.13888253788728e-05,1.1458843621314298e-37,0.01680303308906126,0.42249846247396705,0.00028039389714164617,0.0,0.0,0.0,0.0,0.0
9.9,0.7114894,0.41326125100927563,4.3721673673510625e-56,8.065836833081587e-05,7.262735604132465e-38,0.015844100013615133,0.3944145951824325,0.0029218974448972064,0.0,0.0,0.0,0.0,0.0
9.916666666666666,0.7770213,0.39861786382585845,3.4471969814526357e-56,7.993438481292615e-05,4.6031915119698944e-38,0.014937112069906633,0.3675543199945564,0.01604649737658247,0.0,0.0,0.0,0.0,0.0
9.933333333333334,0.8893617,0.4153678604740692,2.71790665026657e-56,7.921681849924558e-05,2.917542747595248e-38,0.014079467823056491,0.34194611559428584,0.05926306023822764,0.0,0.0,0.0,0.0,0.0
9.95,1.0765958,0.49800915160639364,2.1429009053378607e-56,7.850561354010886e-05,1.8491612911215247e-38,0.013268679552188205,0.31760467318851754,0.1670572932521478,0.0,0.0,0.0,0.0,0.0
9.966666666666669,1.3668085,0.6942613669715543,1.6895410971829021e-56,7.780071455830679e-05,1.1720111605424821e-38,0.012502369628730851,0.2945325720289765,0.3871486245992886,0.0,0.0,0.0,0.0,0.0
9.983333333333333,1.7880851,1.0579114836476426,1.3320930280622557e-56,7.710206664527908e-05,7.428277087226301e-39,0.011778266888774981,0.27272186883164184,0.7733342458605805,0.0,0.0,0.0,0.0,0.0
10.0,2.3638299,1.6381034774007233,1.0502664121197165e-56,7.640961535733286e-05,4.7080801105273395e-39,0.011094203014001896,0.25215558998043985,1.3747772747909242,0.0,0.0,0.0,0.0,0.0
10.016666666666667,3.1221275,2.4682520044368923,8.280632829916915e-57,7.572330671189195e-05,2.984001242607564e-39,0.010448108934064325,0.2328091191374461,2.22491905305867,0.0,0.0,0.0,0.0,0.0
10.033333333333331,4.077021,3.557576882480225,6.528699993204802e-57,7.50430871837713e-05,1.8912701512566603e-39,0.00983801126176675,0.21465147605374746,3.3330123520775268,0.0,0.0,0.0,0.0,0.0
10.05,5.2285104,4.887138581900584,5.147413211340431e-57,7.436890370147919e-05,1.1986918604410618e-39,0.00926202877100187,0.1976464850279215,4.680155699197959,0.0,0.0,0.0,0.0,0.0
10.066666666666666,6.5485106,6.410847240717744,4.0583592897441766e-57,7.370070364354849e-05,7.59732962149889e-40,0.008718368926116465,0.18175383363883132,6.220301337449152,0.0,0.0,0.0,0.0,0.0
10.083333333333334,8.013617,8.06072029948741,3.199713513253851e-57,7.303843483489238e-05,4.815194267660888e-40,0.008205324470200235,0.16693002413445215,7.885511912447924,0.0,0.0,0.0,0.0,0.0
10.1,9.562979,9.754931362698077,2.522730418828193e-57,7.238204554318931e-05,3.0518704491151137e-40,0.007721270078724869,0.153129221237155,9.594008489336654,0.0,0.0,0.0,0.0,0.0
10.116666666666667,11.131063,11.406960197656492,1.9889769097324252e-57,7.173148447529318e-05,1.9342732115694037e-40,0.007264659083973603,0.14030400117404268,11.259319805914,0.0,0.0,0.0,0.0,0.0
10.133333333333333,12.628936,12.934317523357127,1.5681506810429904e-57,7.108670077367104e-05,1.2259393588912847e-40,0.006834020274815629,0.12840600750365358,12.799006408877883,0.0,0.0,0.0,0.0,0.0
10.15,13.977021,14.265720085571553,1.236360142460106e-57,7.044764401286696e-05,7.769974849579937e-41,0.006427954775565497,0.11738651982838941,14.141835163323586,0.0,0.0,0.0,0.0,0.0
10.166666666666666,15.114468,15.346078373625085,9.747682146711779e-58,6.981426419599235e-05,4.924585667040078e-41,0.006045133006937271,0.10719694179399909,15.232766484559953,0.0,0.0,0.0,0.0,0.0
10.183333333333334,15.980425,16.139115634855777,7.685230259260047e-58,6.918651175124193e-05,3.1211830860901386e-41,0.005684291731437373,0.09778921491768608,16.0355729416949,0.0,0.0,0.0,0.0,0.0
10.2,16.551489,16.627794043127988,6.0591481784348974e-58,6.85643375284367e-05,1.978191185664286e-41,0.005344231184944765,0.08911616478638308,16.53326508281913,0.0,0.0,0.0,0.0,0.0
10.216666666666669,16.804255,16.812955645709657,4.777112076808207e-58,6.794769279559156e-05,1.253766769468538e-41,0.005023812295687917,0.08113178605382271,16.726732099667352,0.0,0.0,0.0,0.0,0.0
10.233333333333333,16.748085,16.71069645188956,3.766330768729467e-58,6.733652923550994e-05,7.946295793959559e-42,0.004721953991349483,0.0737914724638327,16.63211568890514,0.0,0.0,0.0,0.0,0.0
10.25,16.411064,16.34900421386833,2.969413370000226e-58,6.673079894240211e-05,5.036306871565513e-42,0.004437630594597158,0.067052197858607,16.277447654616182,0.0,0.0,0.0,0.0,0.0
10.266666666666667,15.825957,15.764133876813334,2.3411111738901646e-58,6.613045441853117e-05,3.191972432635127e-42,0.004169869306961571,0.060872653813035194,15.69902522323892,0.0,0.0,0.0,0.0,0.0
10.283333333333331,15.030212,14.99709882081125,1.8457488041383038e-58,6.553544857088255e-05,2.023045143920334e-42,0.0039177477806401784,0.055213349184538914,14.9379021883975,0.0,0.0,0.0,0.0,0.0
10.3,14.08,14.090545593408208,1.4551988281421473e-58,6.494573470785854e-05,1.2821874329570653e-42,0.00368039177751108,0.0500366764955559,14.036763579400434,0.0,0.0,0.0,0.0,0.0
10.316666666666666,13.026809,13.086172900474072,1.1472848602395205e-58,6.436126653599953e-05,8.126376923838517e-43,0.0034569729143800534,0.045306949683277406,13.037344616609879,0.0,0.0,0.0,0.0,0.0
10.333333333333334,11.917447,12.022763513954315,9.045225064388742e-59,6.378199815672754e-05,5.15041136515946e-43,0.0032467064932547355,0.04099041736723978,11.978462608095663,0.0,0.0,0.0,0.0,0.0
10.35,10.803404,10.934826019466392,7.1312667846021994e-59,6.320788406311631e-05,3.2642723541125323e-43,0.003048849415247204,0.03705525540700941,10.894658706760072,0.0,0.0,0.0,0.0,0.0
10.366666666666667,9.708085,9.851793150861567,5.622289248194437e-59,6.263887913668444e-05,2.0688565298351964e-43,0.0028626981765352767,0.03347154215468792,9.815396271651208,0.0,0.0,0.0,0.0,0.0
10.383333333333333,8.664255,8.79769312634355,4.4326034806323445e-59,6.207493864421421e-05,1.3112149275741935e-43,0.002687586944672647,0.030211219454684097,8.764732245005549,0.0,0.0,0.0,0.0,0.0
10.4,7.690638,7.791196571988632,3.4946507672707548e-59,6.151601823459297e-05,8.31030421911671e-44,0.002522885713417256,0.027248042108985595,7.761364128147994,0.0,0.0,0.0,0.0,0.0
10.416666666666666,6.8012767,6.845940323200903,2.7551667163347327e-59,6.096207393568006e-05,5.266953592818229e-44,0.002367998534150806,0.024557518212241846,6.818953844380575,0.0,0.0,0.0,0.0,0.0
10.433333333333334,6.000851,5.971036718486187,2.1721568939852947e-59,6.0413062151195966e-05,3.338117327222347e-44,0.002222361821881867,0.022116842468520238,5.946637101133634,0.0,0.0,0.0,0.0,0.0
10.45,5.284681,5.171689500294037,1.7125123312855664e-59,5.9868939657636894e-05,2.1156471757313914e-44,0.002085442733764688,0.019904824331375255,5.149639364289239,0.0,0.0,0.0,0.0,0.0
10.466666666666669,4.648085,4.449852343891035,1.3501295276016126e-59,5.932966360121119e-05,1.3408630788093711e-44,0.0019567376180182135,0.017901812560907213,4.429934464048508,0.0,0.0,0.0,0.0,0.0
10.483333333333333,4.0957446,3.804881295748584,1.0644282150935091e-59,5.87951914948007e-05,8.498165232040947e-45,0.0018357705310985553,0.016089617565577564,3.7868971124604127,0.0,0.0,0.0,0.0,0.0
10.5,3.613617,3.2341466344567955,8.391827301141384e-60,5.826548121494343e-05,5.3859889992491604e-45,0.0017220918209567997,0.014451432691994885,3.217914844462629,0.0,0.0,0.0,0.0,0.0
10.516666666666667,3.1970212,2.733582051053115,6.616006413181588e-60,5.774049099884162e-05,3.413542464224829e-45,0.0016152767742066362,0.012971755441913743,2.7189372783459955,0.0,0.0,0.0,0.0,0.0
10.533333333333331,2.8412766,2.2981592038081193,5.215963216857098e-60,5.7220179441390984e-05,2.1634393179433875e-45,0.0015149243250253107,0.011636309431162378,2.28495074987249,0.0,0.0,0.0,0.0,0.0
10.55,2.5323403,1.9222835751819298,4.112182193292617e-60,5.6704505492232814e-05,1.3711459689502578e-45,0.001420655823622138,0.010431967759060922,1.9103742470937546,0.0,0.0,0.0,0.0,0.0
10.566666666666666,2.2655318,1.6001132960063125,3.241973081247296e-60,5.619342845283024e-05,8.690049146961262e-46,0.0013321138621255472,0.009346678327808744,1.5893783103879253,0.0,0.0,0.0,0.0,0.0
10.583333333333334,2.0361702,1.3258064758707402,2.555910792479163e-60,5.5686907973564846e-05,5.507574066368125e-46,0.0012489611557626435,0.008369391538040321,1.3161324362689637,0.0,0.0,0.0,0.0,0.0
10.6,1.8395745,1.0937049159078858,2.0150285916888802e-60,5.518490405085746e-05,3.4905835364725356e-46,0.0011708794772359666,0.007489990688023184,1.0849888608385758,0.0,0.0,0.0,0.0,0.0
10.616666666666667,1.6663829,0.8984632150041664,1.5886051649228744e-60,5.4687377024309566e-05,2.2122556115902444e-46,0.0010975686422353909,0.006699225318468952,0.8906117336664378,0.0,0.0,0.0,0.0,0.0
10.633333333333333,1.5212766,0.7351325245016211,1.2524199203000111e-60,5.4194287573868306e-05,1.402077946357015e-46,0.001028745544062798,0.005988647671475605,0.7280609369985088,0.0,0.0,0.0,0.0,0.0
10.65,1.3948936,0.5992078313470872,9.873774507907196e-61,5.3705596717011925e-05,8.886046838579506e-47,0.0009641432353887833,0.005350552369485223,0.5928394301454962,0.0,0.0,0.0,0.0,0.0
10.666666666666666,1.2825532,0.4866468797197639,7.784230498630398e-61,5.322126580595819e-05,5.631766349884564e-47,0.0009035100552065639,0.004777919367235187,0.4809122290315162,0.0,0.0,0.0,0.0,0.0
10.683333333333334,1.1842554,0.39386785273979774,6.136876971066144e-61,5.274125652489311e-05,3.5692769973947527e-47,0.0008466087990956241,0.004264360185420504,0.38870414249875673,0.0,0.0,0.0,0.0,0.0
10.7,1.1,0.3177318607783633,4.8381396071650076e-61,5.226553088722266e-05,2.262119145019329e-47,0.0007932159309578669,0.003804067398205485,0.3130823119183127,0.0,0.0,0.0,0.0,0.0
10.716666666666669,1.0251064,0.25551521436561536,3.814245367080301e-61,5.179405123284432e-05,1.4336736345399018e-47,0.0007431208344399568,0.0033917673168934173,0.2513285321630491,0.0,0.0,0.0,0.0,0.0
10.733333333333333,0.95957446,0.2048754590956764,3.0070324419961193e-61,5.1326780225441115e-05,9.086250929009407e-48,0.0006961251023085606,0.0030226757881622224,0.20110533142498016,0.0,0.0,0.0,0.0,0.0
10.75,0.90340424,0.1638142535553021,2.3706468189143975e-61,5.086368084979507e-05,5.758624515176328e-48,0.0006520418620979256,0.0026924570065183727,0.160418891005836,0.0,0.0,0.0,0.0,0.0
10.766666666666667,0.85659575,0.13063939662826365,1.868937855565588e-61,5.0404716409123506e-05,3.6496600050584334e-48,0.0006106951364037185,0.0023971852263356764,0.12758111154911514,0.0,0.0,0.0,0.0,0.0
10.783333333333331,0.8144681,0.10392766156822512,1.4734049579988937e-61,4.9949850522434666e-05,2.313053453994077e-48,0.0005719192362504403,0.002133309248379921,0.10117248323307233,0.0,0.0,0.0,0.0,0.0
10.8,0.7770213,0.08248956598526287,1.1615787491630976e-61,4.949904712190386e-05,1.4659479410854073e-48,0.0005355581860141208,0.0018976195485326816,0.08000688920359417,0.0,0.0,0.0,0.0,0.0
10.816666666666666,0.7442553,0.06533678879431246,9.157447908351529e-62,4.9052270450271645e-05,9.290755843930682e-49,0.0005014651784357479,0.0016872179120007108,0.06309905343342573,0.0,0.0,0.0,0.0,0.0
10.833333333333334,0.7161702,0.051652623733330495,7.219373746190039e-62,4.8609485058260236e-05,5.888208372627827e-49,0.0004695020583138216,0.0014994894341880448,0.04963502275577037,0.0,0.0,0.0,0.0,0.0
10.85,0.6880851,0.040765619722508854,5.69146235016927e-62,4.817065580201177e-05,3.731770444407229e-49,0.0004395388335176367,0.0013320767492281506,0.03894583348396106,0.0,0.0,0.0,0.0,0.0
10.866666666666667,0.6693617,0.03212638676820852,4.486911296493989e-62,4.77357478405454e-05,2.3650825356934153e-49,0.00041145321201438635,0.001182856348564888,0.0304843414597887,0.0,0.0,0.0,0.0,0.0
10.883333333333333,0.6506383,0.025287429006110043,3.537287652102082e-62,4.730472663323548e-05,1.4989160664684869e-49,0.0003851301636545715,0.0010499168546421768,0.023805077261180058,0.0,0.0,0.0,0.0,0.0
10.9,0.6365957,0.01988579198715486,2.7886406403580253e-62,4.687755793730839e-05,9.499657868085184e-50,0.00036046150551004194,0.0009315391184409639,0.018546913805266546,0.0,0.0,0.0,0.0,0.0
10.916666666666666,0.62255317,0.015628269263337838,2.198436920639602e-62,4.6454207805359874e-05,6.020578912576134e-50,0.000337345509608237,0.0008261780140672608,0.01441829153185698,0.0,0.0,0.0,0.0,0.0
10.933333333333334,0.6085106,0.012278895237083318,1.733144409613152e-62,4.603464258289108e-05,3.815646949271879e-50,0.00031568653195385436,0.0007324458086463472,0.011184728253900225,0.0,0.0,0.0,0.0,0.0
10.95,0.5991489,0.009648450196802289,1.3663274062546575e-62,4.561882890586489e-05,2.4182308625779927e-50,0.0002953946617760288,0.0006490969912537494,0.008658339714866646,0.0,0.0,0.0,0.0,0.0
10.966666666666669,0.58978724,0.007585714002122402,1.077144822871541e-62,4.520673369828052e-05,1.532593512788464e-50,0.0002763853899843606,0.0005750144503684092,0.006689107428071352,0.0,0.0,0.0,0.0,0.0
10.983333333333333,0.5851064,0.005970222777581311,8.491662196980982e-63,4.4798324169768266e-05,9.713055200316653e-51,0.0002585792958614076,0.0005091968952528672,0.005157648262297268,0.0,0.0,0.0,0.0,0.0
11.0,0.5804255,0.004706305041384938,6.694383912789243e-63,4.439356781320168e-05,6.155798339995981e-51,0.0002419017510618849,0.0004507474226477959,0.00396926229984788,1.4175669627428236e-14,0.0,0.0,0.0,0.0
11.016666666666667,0.5804255,0.0037183541618838385,5.277494839463239e-63,4.399243240233054e-05,3.9013289242326776e-51,0.00022628264003051886,0.0003988631361364322,0.0030490594034932703,1.565498212865685e-07,0.0,0.0,0.0,0.0
11.033333333333331,0.58978724,0.002972421204208797,4.1604884342934696e-63,4.359488598943105e-05,2.4725233961688283e-51,0.0002116560959903721,0.0003528257314191147,0.0023379890499069123,2.6355440902966596e-05,0.0,0.0,0.0,0.0
11.05,0.61787236,0.0028814971547190225,3.279896372161824e-63,4.320089690297461e-05,1.5669960924567538e-51,0.00019796025169241887,0.0003119929664904495,0.001789621217862002,0.000538721821771178,0.0,0.0,0.0,0.0
11.066666666666666,0.66468084,0.006206873131241882,2.5856827008825274e-63,4.281043374531647e-05,9.93104800834377e-52,0.000185137004154529,0.00027579094128822015,0.0013675477673003086,0.004335586984753508,0.0,0.0,0.0,0.0
11.083333333333334,0.7442553,0.022075169289416073,2.0384010932928188e-63,4.2423465390400754e-05,6.293930109041275e-52,0.00017313179265400033,0.00024370711675342688,0.0010432934220921733,0.020572613492526072,0.0,0.0,0.0,0.0
11.1,0.8753191,0.07064455952360142,1.6069537075246397e-63,4.2039960981485206e-05,3.988856566401e-52,0.00016189338927271145,0.00021528400838305244,0.0007946430058136434,0.06943069915915052,0.0,0.0,0.0,0.0
11.116666666666667,1.0859574,0.1856524542042783,1.266824340691899e-63,4.1659889928882894e-05,2.527985600786529e-52,0.00015137370132723557,0.00019011349425338524,0.0006043069596100371,0.18466500015915877,0.0,0.0,0.0,0.0
11.133333333333333,1.3902128,0.41274412102902586,9.98685503450654e-64,4.128322190772278e-05,1.6021399368620498e-52,0.00014152758504852958,0.00016783168213411573,0.00045886047882029885,0.4119346180611152,0.0,0.0,0.0,0.0
11.15,1.8302127,0.8033340872856815,7.873002837558955e-64,4.0909926855727304e-05,1.0153738483431887e-52,0.00013231266990660509,0.00014811428469528907,0.00034790298755977856,0.8026648474166641,0.0,0.0,0.0,0.0
11.166666666666666,2.4246807,1.4055204333609606,6.206566141224973e-64,4.053997497100802e-05,6.435038957535581e-53,0.00012368919300528497,0.00013067245593064895,0.00026339430912958133,1.404962137427924,0.0,0.0,0.0,0.0
11.183333333333334,3.201702,2.2544813047970576,4.8928475894908096e-64,4.017333670987875e-05,4.078270887182703e-53,0.00011561984300050758,0.00011524904578338519,0.0001991319801378842,2.254011130591426,0.0,0.0,0.0,0.0
11.2,4.184681,3.3647127228456974,3.857192468849703e-64,3.980998278468613e-05,2.5846434572858603e-53,0.00010806961302292359,0.00010161523356934905,0.00015034089298126616,3.364312887123339,0.0,0.0,0.0,0.0
11.216666666666669,5.378298,4.72571294208497,3.0407467901537464e-64,3.944988416165724e-05,1.6380415050382932e-53,0.00010100566211153983,8.956750415480225e-05,0.00011335202143385278,4.725369567013108,0.0,0.0,0.0,0.0
11.233333333333333,6.7638297,6.3017019393517,2.397113129204604e-64,3.909301205876502e-05,1.0381230895099832e-53,9.439718469017771e-05,7.892493396977483e-05,8.53515599172589e-05,6.301404172661064,0.0,0.0,0.0,0.0
11.25,8.30383,8.035035957940648,1.8897142290027076e-64,3.873933794360951e-05,6.579190941504598e-54,8.821528764228253e-05,6.952675683333304e-05,6.4185543914924e-05,8.034775291014315,0.0,0.0,0.0,0.0
11.266666666666667,9.951489,9.852338989612464,1.4897145756452103e-64,3.838883353131767e-05,4.169613734079495e-54,8.243287456250714e-05,6.123018224459433e-05,4.820805422529098e-05,9.8521087296679,0.0,0.0,0.0,0.0
11.283333333333331,11.641276,11.672083739877671,1.1743818596883545e-64,3.8041470782458675e-05,2.6425234768180274e-54,7.702453678516753e-05,5.390844126367477e-05,3.616356070718552e-05,11.671878601868132,0.0,0.0,0.0,0.0
11.3,13.298298,13.412370523387413,9.257952261042484e-65,3.769722190097609e-05,1.6747175923555767e-54,7.196645081050006e-05,4.744903738186323e-05,2.7095934325935953e-05,13.412186314742993,0.0,0.0,0.0,0.0
11.316666666666666,14.852341,14.997879221321664,7.298269184221354e-65,3.735605933213756e-05,1.0613631645992995e-54,6.723628176946374e-05,4.175218187133844e-05,2.0278236610028934e-05,14.997712598562082,0.0,0.0,0.0,0.0
11.333333333333334,16.22851,16.365302462576167,5.753394554900753e-65,3.7017955760499554e-05,6.726453469831567e-55,6.281309258667578e-05,3.672939502319158e-05,1.5158656139574825e-05,16.365150743476658,0.0,0.0,0.0,0.0
11.35,17.365957,17.4669188610403,4.5355272492347855e-65,3.6682884107889396e-05,4.262927812573929e-55,5.867725851914012e-05,3.2302256439865216e-05,1.1318963275736556e-05,17.466779879677954,0.0,0.0,0.0,0.0
11.366666666666667,18.227234,18.27227195044474,3.5754503136728247e-65,3.6350817531403166e-05,2.701652714654001e-55,5.4810386765511794e-05,2.8401289155028468e-05,8.442647320509637e-06,18.272143945303966,0.0,0.0,0.0,0.0
11.383333333333333,18.784256,18.76815025937558,2.818597486459246e-65,3.602172942141978e-05,1.712185339250243e-55,5.119524085700054e-05,2.496496382132348e-05,6.290525978209211e-06,18.768031786915504,0.0,0.0,0.0,0.0
11.4,19.022978,18.95720717930091,2.221952250813545e-65,3.5695593399630793e-05,1.0851049327041137e-55,4.781566955652483e-05,2.1938810544311583e-05,4.68210907571126e-06,18.95709704711833,0.0,0.0,0.0,0.0
11.416666666666666,18.957447,18.855622715317317,1.7516032160949416e-65,3.537238331708635e-05,6.87689533910014e-56,4.4656540007507996e-05,1.9274627159230987e-05,3.481384327824206e-06,18.855519930382506,0.0,0.0,0.0,0.0
11.433333333333334,18.601702,18.490208943791508,1.380816915570063e-65,3.50520732522567e-05,4.358256708142699e-56,4.170367488773765e-05,1.6929773854987726e-05,2.5859945692764156e-06,18.490112672274943,0.0,0.0,0.0,0.0
11.45,17.997871,17.895316512819306,1.088518509242844e-65,3.47346375091095e-05,2.762058784094878e-56,3.8943793337062645e-05,1.4866545055993237e-05,1.919011033228986e-06,17.89522604883237,0.0,0.0,0.0,0.0
11.466666666666669,17.188086,17.109829615340153,8.58094057864568e-66,3.4420050615202126e-05,1.7504622400144668e-56,3.6364455440355676e-05,1.3051610385188922e-05,1.4226901023676198e-06,17.10974435653361,0.0,0.0,0.0,0.0
11.483333333333333,16.214468,16.17445728677746,6.764463065644794e-66,3.4108287319790314e-05,1.1093594772995974e-56,3.395401005922437e-05,1.1455517358665799e-05,1.0537427691619493e-06,16.174376715219953,0.0,0.0,0.0,0.0
11.5,15.12383,15.12945130538878,5.332503216609713e-66,3.379932259195083e-05,7.030586768691972e-57,3.1701545817341764e-05,1.0052249210851314e-05,7.797557592102265e-07,15.129374972515402,0.0,0.0,0.0,0.0
11.516666666666667,13.967659,14.012812962820961,4.203666805870805e-66,3.349313161872052e-05,4.4556449084401806e-57,2.959684505513577e-05,8.818831926103992e-06,5.764879611119107e-07,14.0127404775244,0.0,0.0,0.0,0.0
11.533333333333331,12.783404,12.858996495749139,3.3137886771279556e-66,3.3189689803249674e-05,2.823769870489886e-57,2.763034057981525e-05,7.734985163899612e-06,4.2583103100855464e-07,12.858927514902561,0.0,0.0,0.0,0.0
11.55,11.608511,11.698077209171482,2.612285868634442e-66,3.288897276297015e-05,1.789566151658265e-57,2.5793075046476197e-05,6.782812316493396e-06,3.1427316562652715e-07,11.69801143003819,0.0,0.0,0.0,0.0
11.566666666666666,10.471064,10.555326521279714,2.0592826553586973e-66,3.259095632777943e-05,1.1341381118445693e-57,2.407666281525522e-05,5.94652543530118e-06,2.3174347997663696e-07,10.555263675391656,0.0,0.0,0.0,0.0
11.583333333333334,9.385106,9.451122391583567,1.6233441235960236e-66,3.229561653823798e-05,7.187599436198298e-58,2.2473254138231777e-05,5.212201210218643e-06,1.70743849272056e-07,9.45106223976783,0.0,0.0,0.0,0.0
11.6,8.3740425,8.401119380424726,1.2796894748444124e-66,3.200292964378218e-05,4.555137825683534e-58,2.0975501538083577e-05,4.567564589267188e-06,1.2569755178366861e-07,8.401061708731403,0.0,0.0,0.0,0.0
11.616666666666667,7.4565954,7.416605353857621,1.0087835178927172e-66,3.1712872100951436e-05,2.886814745390393e-58,1.9576528248323475e-05,4.001796988451545e-06,9.246118829118907e-08,7.416549970199095,0.0,0.0,0.0,0.0
11.633333333333333,6.628085,6.504979216837072,7.952263001134116e-67,3.142542057162976e-05,1.8295153028567596e-58,1.8269898592381447e-05,3.5053663674170295e-06,6.795939891485255e-08,6.504925948192142,0.0,0.0,0.0,0.0
11.65,5.8885107,5.670294018247409,6.268777721131059e-67,3.114055192130144e-05,1.15945238543946e-58,1.7049590185808996e-05,3.0698767388756217e-06,4.991181008526514e-08,5.670242708316753,0.0,0.0,0.0,0.0
11.666666666666666,5.237872,4.9138207438649095,4.9416773694956303e-67,3.085824321732114e-05,7.3480065131951325e-59,1.590996785253741e-05,2.6879349420616856e-06,3.6629163131456104e-08,4.9137712510897344,0.0,0.0,0.0,0.0
11.683333333333334,4.6668086,4.234598948303865,3.895518650701477e-67,3.057847172719794e-05,4.656781819274533e-59,1.4845759152393528e-05,2.3530327455849943e-06,2.6861270041689835e-08,4.23455114417897,0.0,0.0,0.0,0.0
11.7,4.1659575,3.629950311293859,3.070828573302008e-67,3.030121491689343e-05,2.951222780856084e-59,1.385203142302757e-05,2.059442555651777e-06,1.9683747410696244e-08,3.629904078921216,0.0,0.0,0.0,0.0
11.716666666666669,3.7306383,3.0959397953327805,2.420723826267818e-67,3.0026450449133346e-05,1.8703283029977483e-59,1.2924170245011463e-05,1.8021251941343244e-06,1.4413730113490726e-08,3.095895028173162,0.0,0.0,0.0,0.0
11.733333333333333,3.3514893,2.627776138123963,1.9082457571992498e-67,2.9754156181733697e-05,1.1853140885481264e-59,1.2057859244181816e-05,1.576648379600542e-06,1.0547216695654903e-08,2.6277327389129406,0.0,0.0,0.0,0.0
11.75,3.0238297,2.2201489216545904,1.5042594787904455e-67,2.948431016593949e-05,7.511882701429532e-60,1.1249061150301796e-05,1.379114695154022e-06,7.71254312171903e-09,2.220106801387938,6.809781456210338e-11,0.0,0.0,0.0
11.766666666666667,2.738298,1.8675038265758692,1.1857976921306343e-67,2.9216890644778065e-05,4.7606242186891144e-60,1.0494000035862111e-05,1.2060979616058396e-06,5.635868207507589e-09,1.867462604059003,2.9989235589481343e-07,0.0,0.0,0.0
11.783333333333331,2.4902127,1.5642747209068435,9.347550912057817e-68,2.8951876051425136e-05,3.0170239639313674e-60,9.789144663297689e-06,1.0545870547279652e-06,4.1155950659380195e-09,1.564218287432973,1.66337505059312e-05,0.0,0.0,0.0
11.8,2.2748935,1.305189810817054,7.368591387514737e-68,2.8689245007584424e-05,1.912024151339933e-60,9.131192873124352e-06,9.219363126197775e-07,3.003433363391517e-09,1.3049295599741484,0.00022150546527895665,0.0,0.0,0.0
11.816666666666666,2.0923405,1.0858858251273815,5.808587117677573e-68,2.842897632188081e-05,1.2117352587903085e-60,8.51705694947874e-06,8.058217748845574e-07,2.1903915712428067e-09,1.08440915086646,0.0014389202154839647,0.0,0.0,0.0
11.833333333333334,1.9378723,0.9039044461263328,4.578844982565629e-68,2.817104898826609e-05,7.679304269467293e-61,7.943849903296993e-06,7.042025805722932e-07,1.5964254211020686e-09,0.8978079501575934,0.006059675270841844,0.0,0.0,0.0
11.85,1.8114893,0.7597873953402992,3.609447888476714e-68,2.7915442184438164e-05,4.86671334666044e-61,7.408872616919588e-06,6.152869277920386e-07,1.162795196402826e-09,0.7406647062874905,0.019086748288284303,0.0,0.0,0.0
11.866666666666667,1.7178723,0.6577820234741741,2.8452800273305077e-68,2.7662135270273102e-05,3.0842489113121884e-61,6.909601797243436e-06,5.375020655055326e-07,8.464280189113186e-10,0.6089306654743458,0.04881624791426731,0.0,0.0,0.0
11.883333333333333,1.6570213,0.6057538397220336,2.242893541167711e-68,2.7411107786270075e-05,1.9546222462910505e-61,6.443678687700516e-06,4.694678481733472e-07,6.157627598942499e-10,0.4989748688676471,0.10674464598430158,0.0,0.0,0.0
11.9,1.6382978,0.6141776736995228,1.7680384800010994e-68,2.716233945200878e-05,1.2387281868130865e-61,6.008898492307808e-06,4.099734374241339e-07,4.4769028277219324e-10,0.40757506585548925,0.20656902618496156,0.0,0.0,0.0
11.916666666666666,1.6663829,0.6943793153028148,1.3937156438186632e-68,2.6915810164620014e-05,7.85034908983824e-62,5.603200467838005e-06,3.5795678247287783e-07,3.253021578292642e-10,0.33189842466621416,0.36244801334388355,0.0,0.0,0.0
11.933333333333334,1.7506382,0.8564039608100757,1.0986416214341944e-68,2.667149999726827e-05,4.975098542680727e-62,5.22465864279491e-06,3.124865532627907e-07,2.3623558509743467e-10,0.2694754725553819,0.5868962793732649,0.0,0.0,0.0
11.95,1.8957447,1.106952524004004,8.66038769367512e-69,2.642938919764731e-05,3.15292888421947e-62,4.871473124367322e-06,2.7274623782348576e-07,1.7145760835452135e-10,0.21817000839140713,0.8887509418325794,0.0,0.0,0.0
11.966666666666669,2.1157446,1.4477683772125798,6.826813447127352e-69,2.618945818648744e-05,1.9981423948187756e-62,4.5419619568732905e-06,2.380201486378173e-07,1.2437272637606832e-10,0.1761471179221417,1.2715902897257734,0.0,0.0,0.0
11.983333333333333,2.4059575,1.874722426803674,5.381435668674114e-69,2.5951687556076004e-05,1.2663054222453022e-62,4.234553497415671e-06,2.0768111235330787e-07,9.016838381243917e-11,0.14184089398244074,1.732851138808899,0.0,0.0,0.0
12.0,2.7710638,2.377685251307826,4.2420686165422624e-69,2.571605806878896e-05,8.02509667671771e-63,3.94777927654261e-06,1.8117964337201916e-07,6.533529470574445e-11,0.11392302080626908,2.263732385419233,0.0,0.0,0.0
12.016666666666667,3.201702,2.941132008167864,3.3439259021710977e-69,2.5482550655635518e-05,5.085830186849845e-63,3.6802673136660327e-06,1.5803442507504622e-07,4.7316158388238955e-11,0.091273019069791,2.849829668198362,0.0,0.0,0.0
12.033333333333331,3.6885107,3.545322857915684,2.635936984400227e-69,2.525114641481409e-05,3.22309580348823e-63,3.4307358588274054e-06,1.3782394301218617e-07,3.4248589144399295e-11,0.07295065900769669,3.472343379167522,0.0,0.0,0.0
12.05,4.217447,4.167846776620637,2.077843459914388e-69,2.5021826610280418e-05,2.04260482200246e-63,3.197987534134288e-06,1.2017913260936096e-07,2.4777126218073447e-11,0.058170824076317386,4.109647612526265,0.0,0.0,0.0
12.066666666666666,4.765106,4.78530612218259,1.6379100707430647e-69,2.4794572670327734e-05,1.2944797797424436e-63,2.980903849820999e-06,1.0477692007744404e-07,1.791585729578596e-11,0.046280937823574717,4.7389973040876585,0.0,0.0,0.0
12.083333333333334,5.312766,5.374942753651354,1.291120295401145e-69,2.4569366186177963e-05,8.203628224186801e-64,2.7784400714174552e-06,9.133454948060228e-08,1.2948097742919854e-11,0.03674094268848962,5.338174371809109,0.0,0.0,0.0
12.1,5.8323402,5.9160510598851275,1.0177539384967394e-69,2.4346188910585397e-05,5.198959724089921e-64,2.5896204159557045e-06,7.96046015492652e-08,9.353179809238291e-12,0.029105732841118895,5.886918311620727,0.0,0.0,0.0
12.116666666666667,6.3097873,6.391076816874402,8.022658502263213e-70,2.412502275645115e-05,3.294782264895641e-64,2.4135335564968175e-06,6.937062098739581e-08,6.7530613135723284e-12,0.02300988622183311,6.3680403227188815,0.0,0.0,0.0
12.133333333333333,6.717021,6.786353694094376,6.324020266161992e-70,2.3905849795449726e-05,2.088030180733082e-64,2.249328415538607e-06,6.044327889223278e-08,4.873413743892543e-12,0.018154506987224584,6.768172971480788,0.0,0.0,0.0
12.15,7.0493617,7.092474910250818,4.98502836782304e-70,2.3688652256666227e-05,1.3232643451273576e-64,2.096210229061823e-06,5.265700562374775e-08,3.515281233351491e-12,0.014295972982024707,7.078153099745786,0.0,0.0,0.0
12.166666666666666,7.288085,7.304332450247927,3.9295376203446564e-70,2.3473412525245633e-05,8.3860266451005e-65,1.9534368641011985e-06,4.586703716215809e-08,2.5344517226906674e-12,0.011236378975974409,7.293070598552992,0.0,0.0,0.0
12.183333333333334,7.4238296,7.420879334514206,3.0975241809952945e-70,2.3260113141052534e-05,5.314539688747414e-65,1.820315373785893e-06,3.994682479108317e-08,1.8264509650988923e-12,0.00881547146977684,7.412038742667263,0.0,0.0,0.0
12.2,7.465957,7.444682399423422,2.4416724282986832e-70,2.304873679734254e-05,3.36802155473579e-65,1.6961987747903848e-06,3.478576394505572e-08,1.3156333927849016e-12,0.006903881913670422,7.4377537377871,0.0,0.0,0.0
12.216666666666669,7.414468,7.381335712470923,1.9246844331993505e-70,2.2839266339444148e-05,2.1344395615724634e-65,1.58048303307177e-06,3.02872033547699e-08,9.47256089450908e-13,0.005397479901891191,7.375913782531509,0.0,0.0,0.0
12.233333333333333,7.2787232,7.238800415428064,1.5171590464560777e-70,2.2631684763452217e-05,1.3526724816311293e-65,1.4726042446488044e-06,2.6366700293408445e-08,6.817235280505394e-13,0.004212684580025993,7.234563600191648,0.0,0.0,0.0
12.25,7.0587234,7.026727826302925,1.1959200101818558e-70,2.242597521493148e-05,8.572376610594789e-66,1.3720359990028392e-06,2.295049184481202e-08,4.904109685788402e-13,0.0032825898678557476,7.023421415472873,0.0,0.0,0.0
12.266666666666667,6.777872,6.755811165198657,9.426980312224504e-71,2.222212098763159e-05,5.432623729607292e-66,1.2782869134574736e-06,1.9974155743519728e-08,3.5263521798513805e-13,0.002553776267834048,6.7532338685484135,0.0,0.0,0.0
12.283333333333331,6.4502125,6.437199034922609,7.430918791886363e-71,2.2020105522212268e-05,3.442847665653354e-66,1.1908983276203695e-06,1.7381437534438772e-08,2.534587891805147e-13,0.0019836984006026404,6.435192108136466,0.0,0.0,0.0
12.3,6.0757446,6.081992068733115,5.857494365922995e-71,2.1819912404979236e-05,2.1818545027797198e-66,1.1094421476555646e-06,1.5123223616741333e-08,1.8209905328610431e-13,0.0015385526097308367,6.080430571645426,0.0,0.0,0.0
12.316666666666666,5.677872,5.7008338026742615,4.617221345972316e-71,2.162152536663093e-05,1.3827178362401355e-66,1.0335188307963986e-06,1.3156642216980476e-08,1.307763238851272e-13,0.0011915428015711576,5.69961959167172,0.0,0.0,0.0
12.333333333333334,5.2659574,5.303598306676985,3.639560663888374e-71,2.142492828101499e-05,8.762764590275925e-67,9.627555011108473e-07,1.1444276519930085e-08,9.388021247159638e-14,0.000921475048340691,5.302654432500492,0.0,0.0,0.0
12.35,4.8540425,4.89917058293997,2.868908415829239e-71,2.1230105163895833e-05,5.553266635335396e-67,8.968041880980414e-07,9.953476107300222e-09,6.736663462506821e-14,0.0007116223848045384,4.89843682369227,0.0,0.0,0.0
12.366666666666667,4.4514894,4.495311157521771,2.2614337125821547e-71,2.1037040171731896e-05,3.5192953127529487e-67,8.353401802243076e-07,8.655754545059745e-09,4.832187663396038e-14,0.0005488107305641445,4.494740465755052,0.0,0.0,0.0
12.383333333333333,4.0582976,4.09859345239122,1.7825860241884306e-71,2.0845717600463478e-05,2.2302970005085546e-67,7.780604860059058e-07,7.526262447071998e-09,3.4647598682997456e-14,0.0004226850666463778,4.09814913602019,0.0,0.0,0.0
12.4,3.6931915,3.714401150411526,1.40513027531892e-71,2.065612188431029e-05,1.4134143461541855e-67,7.246823957125922e-07,6.543326650187821e-09,2.483333853600753e-14,0.0003251220029140507,3.7140546410609803,0.0,0.0,0.0
12.416666666666666,3.3468084,3.346972544007808,1.1075979568583372e-71,2.04682375945795e-05,8.957278893106408e-68,6.749421372047373e-07,5.688047285249062e-09,1.7792290771948346e-14,0.0002497608166996503,3.3467016343233116,0.0,0.0,0.0
12.433333333333334,3.0331914,2.999479483647566,8.730661749706869e-72,2.028204943848324e-05,5.676524360366801e-68,6.285936198278232e-07,4.943945538445673e-09,1.2742819843528688e-14,0.00019163004864939084,2.9992669380119,0.0,0.0,0.0
12.45,2.7429786,2.6741297371562656,6.881952065525806e-72,2.0097542257966378e-05,3.5973999499938783e-68,5.854072606740464e-07,4.296655784819125e-09,9.123011508221955e-15,0.00014685093002613352,2.673962198980056,0.0,0.0,0.0
12.466666666666669,2.480851,2.372283099108147,5.424698296939983e-72,1.9914701028543666e-05,2.2797895191890673e-68,5.45168887882207e-07,3.7336565550691715e-09,6.52907944301351e-15,0.00011240239952992569,2.3721502331050375,0.0,0.0,0.0
12.483333333333333,2.2421277,2.0945732615717034,4.276012853672438e-72,1.973351085814719e-05,1.4447762453594084e-68,5.076787159866257e-07,3.2440354811874794e-09,4.670987895975519e-15,8.59353499263223e-05,2.0944670817881628,0.0,0.0,0.0
12.5,2.0314894,1.8410291301386672,3.370558609087267e-72,1.9553956985982667e-05,9.156009709028554e-69,4.7275038864339196e-07,2.8182839672111775e-09,3.340492951867474e-15,6.562611744543936e-05,1.8409434744955597,0.0,0.0,0.0
12.516666666666667,1.8395745,1.6111908415931184,2.6568328633040255e-72,1.9376024781396047e-05,5.802454051266377e-69,4.402100843609402e-07,2.4481178586613645e-09,2.3881375643087313e-15,5.006117110950997e-05,1.611120961739023,0.0,0.0,0.0
12.533333333333331,1.6710638,1.4042171472981495,2.0942381051208224e-72,1.919969974274921e-05,3.6771977868790553e-69,4.0989568114088655e-07,2.126320846859124e-09,1.7066991796428107e-15,3.81465453975447e-05,1.4041593890310056,0.0,0.0,0.0
12.55,1.5259575,1.2189820344984355,1.650772986350209e-72,1.9024967496304957e-05,2.330355002097818e-69,3.816559761974137e-07,1.8466077501410277e-09,1.2192853102976473e-15,2.9036848666787606e-05,1.218933589179687,0.0,0.0,0.0
12.566666666666666,1.3948936,1.0541594541056247,1.3012121923310773e-72,1.8851813795121808e-05,1.47681807132151e-69,3.553499571688829e-07,1.60350516989997e-09,8.7077560455701745e-16,2.207972327219357e-05,1.0541181656150942,0.0,0.0,0.0
12.583333333333334,1.2825532,0.9082958125217755,1.0256716951746295e-72,1.868022451795746e-05,9.359049151353044e-70,3.308461214652446e-07,1.3922473314254778e-09,6.216722904892102e-16,1.677247511415255e-05,0.908260027583774,0.0,0.0,0.0
12.6,1.1842554,0.7798704821467118,8.084777926965687e-73,1.8510185668181978e-05,5.93111407356892e-70,3.0802184061070184e-07,1.208685193057635e-09,4.436830870199659e-16,1.2728267126783476e-05,0.7798389344633906,0.0,0.0,0.0
12.616666666666667,1.1,0.6673450125539875,6.372756122054506e-73,1.8341683372699675e-05,3.7587258054547485e-70,2.8676276664276167e-07,1.0492071468834271e-09,3.165498230376431e-16,9.649813614851043e-06,0.6673167332450258,0.0,0.0,0.0
12.633333333333333,1.0251064,0.5692020072867958,5.023263767849844e-73,1.8174703880880342e-05,2.3820168821213877e-70,2.6696227781821536e-07,9.106698442415395e-10,2.257723809236556e-16,7.3089457356430285e-06,0.5691762557642314,0.0,0.0,0.0
12.65,0.95957446,0.4839747958430986,3.959534668237416e-73,1.8009233563499155e-05,1.5095546718036303e-70,2.485209610536714e-07,7.903378632837964e-10,1.6097586098315304e-16,5.53076372150655e-06,0.4839510065345145,0.0,0.0,0.0
12.666666666666666,0.9080851,0.4102691015999644,3.1210577177992445e-73,1.7845258911685832e-05,9.56649129993378e-71,2.313461286944236e-07,6.858310969718342e-10,1.1473965654609153e-16,4.181365805739151e-06,0.41024684294328706,0.0,0.0,0.0
12.683333333333334,0.86127657,0.3467779068176398,2.4601349773098763e-73,1.7682766535882228e-05,6.062564039124049e-71,2.1535136736073944e-07,5.950788809686325e-10,8.175810003853497e-17,3.158361254558654e-06,0.34675684974340304,0.0,0.0,0.0
12.7,0.8191489,0.2922906652306186,1.939168544878839e-73,1.7521743164809e-05,3.8420217776296935e-71,2.0045611676640738e-07,5.162800043879217e-10,5.823902203567857e-17,2.3835468052067586e-06,0.2922705589682517,0.0,0.0,0.0
12.716666666666669,0.786383,0.24569792770452545,1.52852190970588e-73,1.7362175644440738e-05,2.4347990927257e-71,1.86585276540552e-07,4.478678544541213e-10,4.1472952079970226e-17,1.7972613812468912e-06,0.24567858123435532,0.0,0.0,0.0
12.733333333333333,0.753617,0.2059923405367479,1.2048341486276122e-73,1.720405093698997e-05,1.5430012118129166e-71,1.736688392115168e-07,3.884800407079004e-10,2.952466287471964e-17,1.3540406343441799e-06,0.20597360838785728,0.0,0.0,0.0
12.75,0.72553194,0.1722668598180183,9.496910809523596e-74,1.7047356119899294e-05,9.778432245163516e-72,1.616415476309421e-07,3.3693192713577945e-10,2.101239554594457e-17,1.0192766216189798e-06,0.17224863120679718,0.0,0.0,0.0
12.766666666666667,0.70212764,0.1437109068720094,7.485777992216952e-74,1.689207838484246e-05,6.196864833962332e-72,1.504425752282151e-07,2.921935729761307e-10,1.4949899957677952e-17,7.66653554871558e-07,0.14369309740530087,0.0,0.0,0.0
12.783333333333331,0.6787234,0.11960507493402356,5.900529970641756e-74,1.6738205036733578e-05,3.9271242828214343e-72,1.400152275899843e-07,2.5336964624248054e-10,1.0633458853077266e-17,5.761818742223205e-07,0.11958762027851536,0.0,0.0,0.0
12.8,0.65999997,0.09931488984882056,4.650981303744007e-74,1.658572349274466e-05,2.488726079134094e-72,1.303066639575639e-07,2.1968192934018276e-10,7.561114228271497e-18,4.326929467738609e-07,0.09929774090603515,0.0,0.0,0.0
12.816666666666666,0.6365957,0.08228403009346476,3.666043920794579e-74,1.6434621281331705e-05,1.5771731806797996e-72,1.2126763732672886e-07,1.9045408452258482e-10,5.374937535997359e-18,3.246878865319414e-07,0.08226714932620548,0.0,0.0,0.0
12.833333333333334,0.61787236,0.06802732513220482,2.88968319289979e-74,1.628488604126856e-05,9.994970132815811e-73,1.1285225192016129e-07,1.6509838920664233e-10,3.819783961486323e-18,2.4345824790132054e-07,0.06801068377056534,0.0,0.0,0.0
12.85,0.5991489,0.0561237763801328,2.2777303047158914e-74,1.6136505520689395e-05,6.334078646695153e-73,1.050177368832352e-07,1.4310418810757917e-10,2.713834086744647e-18,1.8241517240739934e-07,0.05610735229859863,0.0,0.0,0.0
12.866666666666667,0.5804255,0.04620978165234252,1.795369608236796e-74,1.598946757613888e-05,4.014072725946336e-73,9.772423512883837e-08,1.2402784142328465e-10,1.9275614475476284e-18,1.3657815723375283e-07,0.046193557758346174,0.0,0.0,0.0
12.883333333333333,0.56170213,0.03797269124129904,1.4151580332516618e-74,1.5843760171630643e-05,2.543822809720318e-73,9.093460632732393e-08,1.0748397648770839e-10,1.3687209913693699e-18,1.0218590041092332e-07,0.03795665425313669,0.0,0.0,0.0
12.9,0.5382979,0.031144780763740457,1.1154638925669168e-74,1.569937137771342e-05,1.6120863992754156e-73,8.461424310336536e-08,9.313787492953565e-11,9.716384041674608e-19,7.640039492195388e-08,0.03112892028458684,0.0,0.0,0.0
12.916666666666666,0.51957446,0.02549769157459315,8.792362756084323e-75,1.5556289370545417e-05,1.021620520975839e-73,7.873089956306425e-08,8.069884886720442e-11,6.895705939074971e-19,5.7082166979651004e-08,0.025481999391457212,0.0,0.0,0.0
12.933333333333334,0.50085104,0.02083736273270624,6.930350283511044e-75,1.5414502430976152e-05,6.474268997469702e-74,7.325453133213329e-08,6.991447843594916e-11,4.89258477653818e-19,4.261973088917948e-08,0.020821832286098563,0.0,0.0,0.0
12.95,0.48212767,0.01699945811194285,5.462661401998423e-75,1.5273998943636304e-05,4.1029073557611415e-74,6.81571463398399e-08,6.056559932132755e-11,3.4704419152825847e-19,3.180031393648017e-08,0.016984084094973338,0.0,0.0,0.0
12.966666666666669,0.4680851,0.013845277231802658,4.3057904252574133e-75,1.5134767396035114e-05,2.600114787626362e-74,6.341266563366348e-08,5.246194326707915e-11,2.461043006089339e-19,2.3711961715458196e-08,0.01383005528731733,0.0,0.0,0.0
12.983333333333333,0.4493617,0.011258127774104261,3.3939153361502996e-75,1.4996796377665602e-05,1.6477570273703061e-74,5.8996793556726075e-08,4.543834699686826e-11,1.7447886117165109e-19,1.766947852695948e-08,0.011243054266016165,0.0,0.0,0.0
13.0,0.43531916,0.009140130699700804,2.675153046598267e-75,1.4860074579117005e-05,1.0442239870562284e-74,5.488689666399715e-08,3.9351455869476643e-11,1.2366784574258276e-19,1.3158452762308248e-08,0.009125202540420804,0.0,0.0,0.0
13.016666666666667,0.42595744,0.007409424635001432,2.1086076404841647e-75,1.472459079119515e-05,6.617500767495997e-75,5.1061890794474065e-08,3.407685807717877e-11,8.763191211971722e-20,9.792990305389426e-09,0.007394639155252279,0.0,0.0,0.0
13.033333333333331,0.41659573,0.005997734123463867,1.662043680913957e-75,1.4590333904050045e-05,4.19366928356358e-75,4.7502135754938996e-08,2.950659347319739e-11,6.208124666636378e-20,7.283827910066489e-09,0.005983088974089558,0.0,0.0,0.0
13.05,0.40723404,0.004848265896328032,1.3100522203356284e-75,1.4457292906310772e-05,2.6576280626100893e-75,4.418933710688173e-08,2.554698833070309e-11,4.396958192969532e-20,5.414298806112624e-09,0.0048337589742388195,0.0,0.0,0.0
13.066666666666666,0.4025532,0.003913898067497715,1.0326051799659224e-75,1.432545688422804e-05,1.6842015711381786e-75,4.1106454581786516e-08,2.2116773627224074e-11,3.113430012354428e-20,4.022232666909324e-09,0.0038995274598094647,0.0,0.0,0.0
13.083333333333334,0.4025532,0.0031556287414651217,8.139158580220862e-76,1.4194815020823578e-05,1.0673178705041101e-75,3.823761668136088e-08,1.9145449932339686e-11,2.2040519431206014e-20,2.9863363070253226e-09,0.0031413926833458597,0.0,0.0,0.0
13.1,0.39787233,0.0025412526555005023,6.415407410973449e-76,1.4065356595047155e-05,6.76384022915767e-76,3.556804104869119e-08,1.6571866756090803e-11,1.5599172306258977e-20,2.2159544523903714e-09,0.002527149498338087,0.0,0.0,0.0
13.116666666666667,0.39787233,0.0020442369355529433,5.0567152023316636e-76,1.3937070980940447e-05,4.286400502267702e-76,3.308396022370437e-08,1.4342988380330319e-11,1.1037719327842567e-20,1.6433780114483943e-09,0.0020302651228907794,0.0,0.0,0.0
13.133333333333333,0.39787233,0.0016427696597537858,3.985770336924058e-76,1.3809947646808162e-05,2.7163892431272035e-76,3.077255242199079e-08,1.241282182391552e-11,7.808295348783926e-21,1.218070670614901e-09,0.0016289277090710632,0.0,0.0,0.0
13.15,0.4025532,0.00131895756784753,3.14163387617025e-76,1.3683976154396138e-05,1.7214368908111414e-76,2.862187699997765e-08,1.0741485753624652e-11,5.522468280284415e-21,9.023387910944814e-10,0.001305244056735857,0.0,0.0,0.0
13.166666666666666,0.4025532,0.0010581518385102144,2.4762722884585527e-76,1.3559146158076488e-05,1.0909128546739237e-76,2.662081429185221e-08,9.294401905908424e-12,3.9049128208427516e-21,6.680862990177403e-10,0.0010445653941571452,0.0,0.0,0.0
13.183333333333334,0.4025532,0.0008483833168098608,1.9518244360753263e-76,1.3435447404039554e-05,6.913355076728075e-77,2.4759009524534033e-08,8.041592982233006e-12,2.760524187126949e-21,4.943845418419406e-10,0.0008349226079701618,0.0,0.0,0.0
13.2,0.4025532,0.0006798908707058819,1.538447330555669e-76,1.3312869729492843e-05,4.3811439058642105e-77,2.3026820536551026e-08,6.957073068506533e-12,1.9510789585825588e-21,3.656537933150058e-10,0.0006665546015449861,0.0,0.0,0.0
13.216666666666669,0.39787233,0.0005447286652343056,1.2126180930011419e-76,1.3191403061866682e-05,2.776425508658096e-77,2.1415269044921003e-08,6.0183184466490486e-12,1.3786758444876937e-21,2.7030345032209265e-10,0.0005315155705816252,0.0,0.0,0.0
13.233333333333333,0.39787233,0.0004364400555234224,9.55795510261088e-77,1.3071037418026808e-05,1.759480208487773e-77,1.9915995221204325e-08,5.205808248537034e-12,9.739899243170709e-22,1.9971594886313326e-10,0.0004233488971884173,0.0,0.0,0.0
13.25,0.3931915,0.0003497875140773916,7.533650361508338e-77,1.295176290349328e-05,1.1150198522394888e-77,1.8521215353807323e-08,4.5026257795807e-12,6.879433371081781e-22,1.4748804917942553e-10,0.00033681707796786957,0.0,0.0,0.0
13.266666666666667,0.38382977,0.00028052952957614353,5.938072129147152e-77,1.2833569711666542e-05,7.066114457707176e-78,1.7223682388518032e-08,3.894112537544283e-12,4.8580020825395615e-22,1.0886468961672663e-10,0.00026767862342328634,0.0,0.0,0.0
13.283333333333331,0.37914893,0.00022523675396742362,4.6804219931015646e-77,1.2716448123059693e-05,4.47794330926789e-78,1.6016649153125856e-08,3.3675679948884487e-12,3.429813071054773e-22,8.031681902936091e-11,0.00021250420551082377,0.0,0.0,0.0
13.3,0.36978722,0.00018114084488877352,3.689131111180835e-77,1.2600388504537375e-05,2.837764622284326e-78,1.4893834084972326e-08,2.9119891200415336e-12,2.420983459892165e-22,5.922680098930145e-11,0.00016852550041136107,0.0,0.0,0.0
13.316666666666666,0.36042553,0.00014601046599121495,2.9077877757085954e-77,1.2485381308561335e-05,1.7983491160994175e-78,1.3849389292395959e-08,2.5178444020759065e-12,1.7085303099341734e-22,4.3654132440702223e-11,0.00013351118912138438,0.0,0.0,0.0
13.333333333333334,0.34638298,0.00011804978367040273,2.2919274243015943e-77,1.2371417072442128e-05,1.1396500102412475e-78,1.2877870792339945e-08,2.1768778295555283e-12,1.2054908325877487e-22,3.216108473407269e-11,0.0001056654543892057,0.0,0.0,0.0
13.35,0.33702126,9.581555007704868e-05,1.8065024540473425e-77,1.2258486417597471e-05,7.222189004794759e-79,1.197421077697381e-08,1.881938871148726e-12,8.503864816384019e-23,2.3683022288934494e-11,8.354506388371307e-05,0.0,0.0,0.0
13.366666666666667,0.32765958,7.814950353969375e-05,1.4238878742804567e-77,1.2146580048816716e-05,4.5768434685751735e-79,1.1133691772032815e-08,1.6268350245400703e-12,5.997646087627606e-23,1.743201036611719e-11,6.59917707402596e-05,0.0,0.0,0.0
13.383333333333333,0.31829786,6.412336228308412e-05,1.1223093207092356e-77,1.2035688753531704e-05,2.900434943519138e-79,1.035192255879714e-08,1.4062039513506331e-12,4.22919979679356e-23,1.2825210209778692e-11,5.2077307375579446e-05,0.0,0.0,0.0
13.4,0.3042553,5.2994148097380104e-05,8.84603984912118e-78,1.1925803401093838e-05,1.8380615835403534e-79,9.624815740227674e-09,1.215402607970886e-12,2.981599227689648e-23,9.43171924412261e-12,4.1058709233424186e-05,0.0,0.0,0.0
13.416666666666666,0.29489362,4.416796479407034e-05,6.972439554374878e-78,1.181691494205732e-05,1.1648147152363264e-79,8.948566839805811e-09,1.0504111231006637e-12,2.101623104267452e-23,6.933128158187559e-12,3.234209330163393e-05,0.0,0.0,0.0
13.433333333333334,0.2855319,3.717068208706355e-05,5.495663975696959e-78,1.1709014407468427e-05,7.381650868515052e-80,8.31963482911332e-09,9.077494690426433e-13,1.4810703842117197e-23,5.094272402028549e-12,2.5453342042744143e-05,0.0,0.0,0.0
13.45,0.27617022,3.162424802797337e-05,4.331667677533747e-78,1.160209290816105e-05,4.677890101734373e-80,7.734723987187716e-09,7.844052312282185e-13,1.0435485069484655e-23,3.7415555725112804e-12,2.001441586986433e-05,0.0,0.0,0.0
13.466666666666669,0.2668085,2.722758027545645e-05,3.4142053527490185e-78,1.149614163405801e-05,2.9644654414029053e-80,7.190767001210592e-09,6.77771004121099e-13,7.351338764438584e-24,2.7468934481287096e-12,1.5724244449732778e-05,0.0,0.0,0.0
13.483333333333333,0.2574468,2.3741175245501672e-05,2.691061958838402e-78,1.1391151853478632e-05,1.878635966963014e-80,6.684909224184892e-09,5.855901359537349e-13,5.1777114692391894e-24,2.015827803763753e-12,1.2343335881380912e-05,0.0,0.0,0.0
13.5,0.25276595,2.097473059765371e-05,2.121081256174362e-78,1.1287114912451854e-05,1.1905255985537977e-80,6.214494010936389e-09,5.059097135329762e-13,3.646091973876816e-24,1.478731862936931e-12,9.681399206549344e-06,0.0,0.0,0.0
13.516666666666667,0.2480851,1.8777205747560377e-05,1.6718236609860094e-78,1.1184022234035673e-05,7.544573750515282e-81,5.777049059087995e-09,4.37039824945019e-13,2.5670628400341864e-24,1.0843067070029393e-12,7.587404943119084e-06,0.0,0.0,0.0
13.533333333333331,0.24340425,1.7028851596857773e-05,1.3177201348872609e-78,1.1081865317642074e-05,4.781129909638178e-81,5.370273686599558e-09,3.7751826529204233e-13,1.8070293963343405e-24,7.947743735297789e-13,5.941614833236463e-06,0.0,0.0,0.0
13.55,0.2387234,1.5634828215791335e-05,1.0386170583995685e-78,1.0980635738367765e-05,3.0298857078682033e-81,4.9920269820910795e-09,3.26079961134094e-13,1.2717873284978847e-24,5.823268360563803e-13,4.649199542034681e-06,0.0,0.0,0.0
13.566666666666666,0.23404256,1.4520101003158628e-05,8.186292840126362e-79,1.0880325146330933e-05,1.9200910172448513e-81,4.6403167684767074e-09,2.816304852825548e-13,8.949217008098685e-25,4.265040781171932e-13,3.6351348319246537e-06,0.0,0.0,0.0
13.583333333333334,0.2293617,1.3625364582514497e-05,6.452361007798373e-79,1.0780925266013266e-05,1.216794541659432e-81,4.3132893244562606e-09,2.4322311690648273e-13,6.29618611026427e-25,3.122591400590357e-13,2.8401254716945186e-06,0.0,0.0,0.0
13.6,0.2293617,1.290379164160865e-05,5.0856866506465666e-79,1.0682427895607937e-05,7.711032937549957e-82,4.0092198121681365e-09,2.100389742330693e-13,4.428868024435842e-25,2.285308476293229e-13,2.2173540876187217e-06,0.0,0.0,0.0
13.616666666666667,0.22468086,1.2318442982169213e-05,4.0084834732391644e-79,1.058482490637301e-05,4.8866105976552427e-82,3.726503362803129e-09,1.813698098896092e-13,3.114807909559851e-25,1.6719153036955708e-13,1.7298912238720587e-06,0.0,0.0,0.0
13.633333333333333,0.22468086,1.1840206802702853e-05,3.159440326876562e-79,1.0488108241990451e-05,3.0967259713790146e-82,3.4636467752481533e-09,1.566031134051177e-13,2.1902506657221647e-25,1.222715786526148e-13,1.348634635062461e-06,0.0,0.0,0.0
13.65,0.22468086,1.1446161003851124e-05,2.4902318221890898e-79,1.0392269917930614e-05,1.9624458886308462e-82,3.2192607858719245e-09,1.3520921265434866e-13,1.5398593734021585e-25,8.938827643473064e-14,1.050671600537149e-06,0.0,0.0,0.0
13.666666666666666,0.22,1.1118273174415469e-05,1.9627679728402354e-79,1.029730202082223e-05,1.2436336816304293e-82,2.992052870408629e-09,1.1673010703536107e-13,1.0824146102793625e-25,6.532529224224893e-14,8.179789186674305e-07,0.0,0.0,0.0
13.683333333333334,0.22,1.08423697872199e-05,1.547026350342643e-79,1.0203196707827656e-05,7.88110533616616e-83,2.7808205415433923e-09,1.0076980074736813e-13,7.607329427192622e-26,4.772323033876076e-14,6.3639211035767e-07,0.0,0.0,0.0
13.7,0.21531914,1.0607319749652791e-05,1.219343378997265e-79,1.0109946206023733e-05,4.994380897608508e-83,2.5844451082773e-09,8.698593539539963e-14,5.345612007349572e-26,3.485201262131134e-14,4.947889766828334e-07,0.0,0.0,0.0
13.716666666666669,0.21531914,1.0404388423786706e-05,9.61067528517876e-80,1.0017542811787683e-05,3.1650171108547636e-83,2.40188586545292e-09,7.50825479140031e-14,3.755691478673102e-26,2.5443526204318678e-14,3.844436256074964e-07,0.0,0.0,0.0
13.733333333333333,0.2106383,1.0226727055216013e-05,7.574977568194483e-80,9.925978890188554e-06,2.0057201475545753e-83,2.2321746839731142e-09,6.480380301488607e-14,2.6382155251731125e-26,1.856863416626641e-14,2.985159069710495e-07,0.0,0.0,0.0
13.75,0.20595744,1.0068969636824977e-05,5.970467886399793e-80,9.835246874383578e-06,1.2710554167444398e-83,2.0744109742485535e-09,5.5928569492256885e-14,1.8529305345493447e-26,1.3546828279506403e-14,2.3164828199175284e-07,0.0,0.0,0.0
13.766666666666667,0.2012766,9.926914917001755e-06,4.705816108838528e-80,9.745339265020066e-06,8.054869508117575e-84,1.9277569972812276e-09,4.8265727172834664e-14,1.3011792103851384e-26,9.879888587054882e-15,1.7964783683878918e-07,0.0,0.0,0.0
13.783333333333331,0.2012766,9.797275812725887e-06,3.70903650914316e-80,9.65624862964221e-06,5.104490590207241e-84,1.7914334995322014e-09,4.165010642876841e-14,9.135762575621207e-27,7.203191207046085e-15,1.3923570073084704e-07,0.0,0.0,0.0
13.8,0.19659574,9.677482126950927e-06,2.9233905340603726e-80,9.567967602102957e-06,3.2347906698859044e-84,1.6647156493485885e-09,3.59389752889941e-14,6.4133183237533805e-27,5.249984263442748e-15,1.0784976800966021e-07,0.0,0.0,0.0
13.816666666666666,0.19191489,9.565525375509621e-06,2.304157371525117e-80,9.480488881981229e-06,2.0499337816436784e-84,1.5469292542402183e-09,3.100900055448346e-14,4.501442190627593e-27,3.825188844080446e-15,8.348952943996359e-08,0.0,0.0,0.0
13.833333333333334,0.19191489,9.459836846018258e-06,1.816088519736174e-80,9.393805234003778e-06,1.29907241218546e-84,1.4374472397080987e-09,2.6753619177227483e-14,3.1590174409728293e-27,2.7861930750061e-15,6.459413523496126e-08,0.0,0.0,0.0
13.85,0.18723404,9.359191856770747e-06,1.4314014863642404e-80,9.307909487472322e-06,8.232405706511556e-85,1.335686371645804e-09,2.3080764702967407e-14,2.216585084527772e-27,2.0287782744475565e-15,4.994665781723502e-08,0.0,0.0,0.0
13.866666666666667,0.18255319,9.262634651573274e-06,1.1281984301031838e-80,9.222794535695399e-06,5.216990527951295e-85,1.2411042055611978e-09,1.991090097789968e-14,1.5550680158083941e-27,1.4768098613868402e-15,3.85989902846033e-08,0.0,0.0,0.0
13.883333333333333,0.17787234,9.169419532694509e-06,8.892197414089904e-81,9.138453335425308e-06,3.306078871241896e-85,1.1531962470119217e-09,1.717532173163201e-14,1.0908060233942377e-27,1.0746888616842255e-15,2.9812982772178486e-08,0.0,0.0,0.0
13.9,0.17319149,9.078964759510838e-06,7.00861621737713e-81,9.054878906299714e-06,2.0951072089138038e-85,1.0714933087141224e-09,1.4814680203779643e-14,7.650315946416686e-28,7.818268763817415e-16,2.3014344305902098e-08,0.0,0.0,0.0
13.916666666666666,0.16851063,8.990816473893407e-06,5.524017457372726e-81,8.97206433028822e-06,1.3276976058684657e-85,9.955590507793937e-10,1.277771779393252e-14,5.364700275935678e-28,5.686036194180221e-16,1.7756571208085042e-08,0.0,0.0,0.0
13.933333333333334,0.16382979,8.904620494065977e-06,4.353889337285901e-81,8.890002751143566e-06,8.41379591271271e-86,9.24987691461173e-10,1.1020164883150201e-14,3.761372448447071e-28,4.1341029390165397e-16,1.3692743797375306e-08,0.0,0.0,0.0
13.95,0.15914893,8.820100277884294e-06,3.4316209641631007e-81,8.808687373857709e-06,5.33193265851524e-86,8.594018766566201e-10,9.50379058551317e-15,2.6368324140870504e-28,3.0048793345929293e-16,1.0553492345647774e-08,0.0,0.0,0.0
13.966666666666669,0.15914893,8.737039719264247e-06,2.7047107132809805e-81,8.728111464122454e-06,3.3789146316878885e-86,7.984506972147135e-10,8.195581314947102e-15,1.848223786133456e-28,2.183475327617797e-16,8.129796030649767e-09,0.0,0.0,0.0
13.983333333333333,0.15446809,8.655269727776661e-06,2.131777697257817e-81,8.648268347794895e-06,2.1412612871551887e-86,7.41807843852312e-10,7.0670307601371015e-15,1.2952778389835994e-28,1.5861579627958176e-16,6.259564912267831e-09,0.0,0.0,0.0
14.0,0.14978723,8.574657767124967e-06,1.6802062370052479e-81,8.569151410367216e-06,1.3569442143865512e-86,6.891698901788509e-10,6.093526204767154e-15,9.076286146672941e-29,1.151921403205352e-16,4.8171806588548674e-09,0.0,0.0,0.0
14.016666666666667,0.14510638,8.49509970597918e-06,1.3242892600497126e-81,8.490754096441399e-06,8.599123874027668e-87,6.402546949827506e-10,5.253818160135748e-15,6.359028803039028e-29,8.363323043026718e-17,3.705349505347347e-09,0.0,0.0,0.0
14.033333333333331,0.14042553,8.416513474499579e-06,1.0437649493087597e-81,8.413069909208221e-06,5.44937004861956e-87,5.947999155393116e-10,4.529562034417662e-15,4.454626249589322e-29,6.070379387327948e-17,2.8487607855527164e-09,0.0,0.0,0.0
14.05,0.13574468,8.338834129825677e-06,8.226633483329365e-82,8.336092409930761e-06,3.4533315771113533e-87,5.525616242662424e-10,3.904922083983609e-15,3.120111478354654e-29,4.404889700318046e-17,2.1891543216797733e-09,0.0,0.0,0.0
14.066666666666666,0.13574468,8.262010020148141e-06,6.483972711924201e-82,8.259815217432586e-06,2.1884173235159385e-87,5.133130215803091e-10,3.3662292088203706e-15,2.1850822879189292e-29,3.195492223147868e-17,1.6814862957908472e-09,0.0,0.0,0.0
14.083333333333334,0.13106383,8.18599980472809e-06,5.110457706898554e-82,8.184232007590064e-06,1.386825739083502e-87,4.768432382995107e-10,2.9016852936162864e-15,1.530047132613228e-29,2.3175295298443196e-17,1.2909509748654718e-09,0.0,0.0,0.0
14.1,0.12638298,8.110770140339886e-06,4.0278937884996605e-82,8.109336512829299e-06,8.788475142175061e-88,4.42956221393553e-10,2.5011077822423988e-15,1.0712272810701247e-29,1.6803463771850876e-17,9.906687712836976e-10,0.0,0.0,0.0
14.116666666666667,0.12638298,8.036293886212635e-06,3.174649724636729e-82,8.035122521627247e-06,5.569356908408327e-88,4.114696973113184e-10,2.1557090267081007e-15,7.498919845717591e-30,1.2180345239046623e-17,7.598927201878433e-10,0.0,0.0,0.0
14.133333333333333,0.12170213,7.962548712103114e-06,2.5021492554543033e-82,7.961583878017306e-06,3.529364057965244e-88,3.8221420751178163e-10,1.857905690048868e-15,5.2487578248376404e-30,8.826912681440966e-18,5.826180115636552e-10,0.0,0.0,0.0
14.15,0.11702128,7.889516019590635e-06,1.9721057743457478e-82,7.888714481099028e-06,2.2365970842883038e-88,3.5503221119466525e-10,1.6011541214303216e-15,3.673292853275789e-30,6.395105205296141e-18,4.4650467286249933e-10,0.0,0.0,0.0
14.166666666666666,0.11702128,7.817180106576417e-06,1.5543427540380483e-82,7.816508284552208e-06,1.41735597225368e-88,3.2977725057213826e-10,1.3798081744149032e-15,2.5703734188576898e-30,4.632093858127837e-18,3.4204338919768314e-10,0.0,0.0,0.0
14.183333333333334,0.11702128,7.745527520499287e-06,1.2250758479359924e-82,7.744959296155033e-06,8.981937112570187e-89,3.063131743439222e-10,1.188996417407043e-15,1.7983697383702973e-30,3.354277181495101e-18,2.6190997755910964e-10,0.0,0.0,0.0
14.2,0.11234043,7.674546557895049e-06,9.655588764486969e-83,7.674061577306576e-06,5.691948616341298e-89,2.8451341533744776e-10,1.0245160988105536e-15,1.2580685067803225e-30,2.4283630276801104e-18,2.0046614618965242e-10,0.0,0.0,0.0
14.216666666666669,0.11234043,7.6042268773702414e-06,7.610166212936382e-83,7.603809242553253e-06,3.60704716503953e-89,2.642603185532952e-10,8.827415870781971e-16,8.799795385383608e-31,1.7576097512380518e-18,1.5337361393588026e-10,0.0,0.0,0.0
14.233333333333333,0.10765957,7.5345592004179464e-06,5.998036767673701e-83,7.53419645911955e-06,2.285822804901058e-89,2.4544451611582553e-10,7.605453151372923e-16,6.154379439963511e-31,1.2718226777567906e-18,1.1729602046385678e-10,0.0,0.0,0.0
14.25,0.10765957,7.4655350802286296e-06,4.727414749339702e-83,7.465217446442588e-06,1.44854900347323e-89,2.2796434587048406e-10,6.552295261438935e-16,4.303678324490997e-31,9.200830317764382e-19,8.966878402145503e-11,0.0,0.0,0.0
14.266666666666667,0.10765957,7.397146723103803e-06,3.725957440621434e-83,7.39686647571101e-06,9.179599064441839e-90,2.1172531059465655e-10,5.644673487967013e-16,3.0091206432995612e-31,6.654644862679951e-19,6.852151706496582e-11,0.0,0.0,0.0
14.283333333333331,0.10297872,7.329386850541148e-06,2.936646537317478e-83,7.3291378694076455e-06,5.817201744607849e-90,1.9663957499838152e-10,4.862519304055317e-16,2.10370131712141e-31,4.811950973210505e-19,5.234107177075865e-11,0.0,0.0,0.0
14.3,0.10297872,7.262248592749539e-06,2.314542008686321e-83,7.2620260008561466e-06,3.6864167455663433e-90,1.826254978866753e-10,4.1885252878934343e-16,1.4705292016296301e-31,3.4787000220847875e-19,3.9965976305155454e-11,0.0,0.0,0.0
14.316666666666666,0.10297872,7.195725406439693e-06,1.824223571951438e-83,7.195525293771762e-06,2.3361172001226257e-90,1.6960719703706237e-10,3.607766135284354e-16,1.0278002809408858e-31,2.5142777589120815e-19,3.050510986494714e-11,0.0,0.0,0.0
14.333333333333334,0.09829787,7.129811011354676e-06,1.4377741289016125e-83,7.129630221815733e-06,1.4804192260653814e-90,1.575141445151035e-10,3.1073715628075e-16,7.1827329583729e-32,1.8168162752017058e-19,2.3275083509012008e-11,0.0,0.0,0.0
14.35,0.09829787,7.064499341260692e-06,1.1331903644824431e-83,7.064335308153765e-06,9.3815522017937e-91,1.4628079030859848e-10,2.6762440153382737e-16,5.018997950892548e-32,1.3125360356484243e-19,1.77520488630285e-11,0.0,0.0,0.0
14.366666666666667,0.09829787,6.999784506090156e-06,8.931300242579933e-84,6.999635125018183e-06,5.945174085083267e-91,1.3584621230780777e-10,2.3048150566881203e-16,3.5066387020637376e-32,9.480143105105831e-20,1.3534629088382978e-11,0.0,0.0,0.0
14.383333333333333,0.09829787,6.9356607626826816e-06,7.039245538570605e-84,6.9355242932740396e-06,3.767509419663422e-91,1.2615379079584073e-10,1.984835156144894e-16,2.4496955984729674e-32,6.84577997491482e-20,1.031541929405697e-11,0.0,0.0,0.0
14.4,0.09829787,6.87212249215159e-06,5.5480088998879695e-84,6.87199748198884e-06,2.3875034744815614e-91,1.1715090574060171e-10,1.709192304394359e-16,1.7111209396136327e-32,4.942381953486629e-20,7.859086040706345e-12,0.0,0.0,0.0
14.416666666666666,0.09829787,6.809164182354621e-06,4.372680992501441e-84,6.8090494080061105e-06,1.51298134370267e-91,1.087886552982406e-10,1.4717555150520478e-16,1.1950804909885511e-32,3.5674338078706684e-20,5.985546001939286e-12,0.0,0.0,0.0
14.433333333333334,0.09829787,6.746780414295332e-06,3.4463394552189437e-84,6.7466748355225935e-06,9.58788969523669e-92,1.0102159404833985e-10,1.2672398060934872e-16,8.345682398612434e-33,2.5744395808080015e-20,4.557051941371217e-12,0.0,0.0,0.0
14.45,0.09829787,6.684965851550945e-06,2.716238634804644e-84,6.6848685756692104e-06,6.0759246758356604e-92,9.380748958385989e-11,1.0910897203297196e-16,5.8274045651758294e-33,1.857451762229551e-20,3.4682830237875495e-12,0.0,0.0,0.0
14.466666666666669,0.09829787,6.623715232029697e-06,2.140806456967321e-84,6.6236254860955495e-06,3.850362597129166e-92,8.710709617442396e-11,9.393788456581343e-17,4.068529573141872e-33,1.3398658850335351e-20,2.638744021274639e-12,0.0,0.0,0.0
14.483333333333333,0.09829787,6.563023361521393e-06,1.6872774582794764e-84,6.562940470558106e-06,2.440005332907652e-92,8.088394431062282e-11,8.087231427175901e-17,2.840201429322908e-33,9.663065712948414e-21,2.0069380947483523e-12,0.0,0.0,0.0
14.5,0.09829787,6.5028851086278486e-06,1.3298272210875455e-84,6.502808478511905e-06,1.5462503771488604e-92,7.51041450198127e-11,6.96206187211631e-17,1.9824878120711623e-33,6.967535891280867e-21,1.525901295664779e-12,0.0,0.0,0.0
14.516666666666667,0.09829787,6.443295400755861e-06,1.0481019988737289e-84,6.443224504705922e-06,9.798706724710303e-93,6.973620792111362e-11,5.993146929615134e-17,1.383636433033873e-33,5.022905669878554e-21,1.1597820814161988e-12,0.0,0.0,0.0
14.533333333333331,0.09829787,6.384249220927921e-06,8.260598183041092e-85,6.384183588781844e-06,6.209513828191423e-93,6.475087205903326e-11,5.1588290525409956e-17,9.655702706170847e-34,3.620288592098311e-21,8.812224257742662e-13,0.0,0.0,0.0
14.55,0.09829787,6.325741605222866e-06,6.510570771783437e-85,6.32568081487631e-06,3.935014494594556e-93,6.012094862204469e-11,4.440446470650765e-17,6.737465693636048e-34,2.6088225962728217e-21,6.693535257420956e-13,0.0,0.0,0.0
14.566666666666666,0.09361702,6.26776764070227e-06,5.131286341664271e-85,6.267711311226816e-06,2.4936469915980872e-93,5.582117471464083e-11,3.821919674080412e-17,4.700676673446013e-34,1.8795760464812516e-21,5.082625181363501e-13,0.0,0.0,0.0
14.583333333333334,0.09361702,6.21032246371109e-06,4.0442040225713534e-85,6.21027024978078e-06,1.5802416711449365e-93,5.182807740926265e-11,3.289394849718426e-17,3.2792586238157695e-34,1.3539108097434971e-21,3.858200052547264e-13,0.0,0.0,0.0
14.6,0.09361702,6.153401258467757e-06,3.1874214038693843e-85,6.1533528458082365e-06,1.0014100523111508e-93,4.811984735844294e-11,2.830936444627078e-17,2.2874034642842507e-34,9.750700108081415e-22,2.9278385171997627e-13,0.0,0.0,0.0
14.616666666666667,0.09361702,6.096999255877824e-06,2.512149810503909e-85,6.0969543575177325e-06,6.346003154379705e-94,4.467622129761076e-11,2.436262103391895e-17,1.5953722450392097e-34,7.020982850428822e-22,2.22114430958795e-13,0.0,0.0,0.0
14.633333333333333,0.09361702,6.04111173252115e-06,1.9799362541331444e-85,6.0410700856757284e-06,4.0215041530369515e-94,4.1478372815723217e-11,2.0965141523404486e-17,1.1125864737542198e-34,5.054487911343901e-22,1.6845164028234608e-13,0.0,0.0,0.0
14.65,0.08893617,5.985734009773654e-06,1.5604738861825602e-85,5.985695373229174e-06,2.54845318911717e-94,3.8508810814293775e-11,1.8040626029579516e-17,7.758152897059364e-35,3.6380972771150805e-22,1.2771562461428424e-13,0.0,0.0,0.0
14.666666666666666,0.08893617,5.930861453034165e-06,1.2298762861462736e-85,5.930825604931461e-06,1.614970901441306e-94,3.575128511584264e-11,1.5523353368298984e-17,5.409237305050203e-35,2.6181232948577266e-22,9.680206446881903e-14,0.0,0.0,0.0
14.683333333333334,0.08893617,5.876489471033403e-06,9.693173271734434e-86,5.876456206971605e-06,1.0234170420849444e-94,3.31906987203932e-11,1.3356717299810239e-17,3.7710926185459935e-35,1.883758662024952e-22,7.334972052483321e-14,0.0,0.0,0.0
14.7,0.084255315,5.822613515207588e-06,7.639591754918445e-86,5.8225826466066855e-06,6.485455595768479e-95,3.0813026243653575e-11,1.1491964884613308e-17,2.628767319124043e-35,1.3551286806081414e-22,5.556316739474629e-14,0.0,0.0,0.0
14.716666666666669,0.084255315,5.7692290791230695e-06,6.0210738553551684e-86,5.769200431797416e-06,4.109871455669772e-95,2.8605238103088883e-11,9.88710910586289e-18,1.8322772739929848e-35,9.746678400443585e-23,4.207766395065795e-14,0.0,0.0,0.0
14.733333333333333,0.084255315,5.716331697941772e-06,4.7454498276987276e-86,5.716305110847035e-06,2.604449197730087e-95,2.6555230048412438e-11,8.505991740007845e-18,1.276981648268147e-35,7.008971086802279e-23,3.185618207933344e-14,0.0,0.0,0.0
14.75,0.079574466,5.663916947919129e-06,3.740076172879891e-86,5.663892272043181e-06,1.650454081979128e-95,2.4651757661201918e-11,7.317475760096118e-18,8.898828553644669e-36,5.039345462614439e-23,2.4110969171988168e-14,0.0,0.0,0.0
14.766666666666667,0.079574466,5.611980445928607e-06,2.9476990351048664e-86,5.611957543303017e-06,1.0459017891354627e-95,2.2884375474616213e-11,6.294749405879572e-18,6.200633362324706e-36,3.622571074335232e-23,1.8243820357615693e-14,0.0,0.0,0.0
14.783333333333331,0.079574466,5.560517849007819e-06,2.3231939205770115e-86,5.560496591821402e-06,6.627935451693032e-96,2.1243380388574098e-11,5.4147265134384384e-18,4.320107945614717e-36,2.6036541709472436e-23,1.3800613691567202e-14,0.0,0.0,0.0
14.8,0.079574466,5.509524853922581e-06,1.8309960952274993e-86,5.50950512372213e-06,4.200157146213669e-96,1.971975907848631e-11,4.6575298181299865e-18,3.0095999973080044e-36,1.871000717150224e-23,1.0436714376567766e-14,0.0,0.0,0.0
14.816666666666666,0.074893616,5.458997196746054e-06,1.4430753453720538e-86,5.458978883712272e-06,2.661660834979374e-96,1.8305139116765217e-11,4.006045774414239e-18,2.0964228654533403e-36,1.3442793981186398e-23,7.890658672971333e-15,0.0,0.0,0.0
14.833333333333334,0.074893616,5.4089306524505315e-06,1.1373397809815562e-86,5.408913654739397e-06,1.6867075722262965e-96,1.6991743545979674e-11,3.4455410144545968e-18,1.4601760579197645e-36,9.656744015386789e-24,5.964142750270842e-15,0.0,0.0,0.0
14.85,0.074893616,5.3593210345104334e-06,8.963777909295767e-87,5.359305257651999e-06,1.0688746597556386e-96,1.577234866083356e-11,2.96333192880598e-18,1.016923012333318e-36,6.935825017236215e-24,4.5068110158891845e-15,0.0,0.0,0.0
14.866666666666667,0.074893616,5.310164194514709e-06,7.064665140881404e-87,5.310149550862691e-06,6.773508408908861e-97,1.4640244773144008e-11,2.548500026697936e-18,7.081540328825252e-37,4.980723189483252e-24,3.4046966452496576e-15,0.0,0.0,0.0
14.883333333333333,0.074893616,5.261456021787836e-06,5.567903657797194e-87,5.261442430014455e-06,4.292402847554505e-97,1.3589199749831065e-11,2.1916467461126563e-18,4.930880544589403e-37,3.576137277759945e-24,2.5714403232616576e-15,0.0,0.0,0.0
14.9,0.074893616,5.213192443018418e-06,4.388251199110119e-87,5.213179827649784e-06,2.720114475509058e-97,1.2613425128648627e-11,1.88468225718318e-18,3.433037949542039e-37,2.5672258435000294e-24,1.941621636061303e-15,0.0,0.0,0.0
14.916666666666666,0.074893616,5.165369421894654e-06,3.4585247413770577e-87,5.165357712882707e-06,1.7237480846687493e-97,1.1707544630087968e-11,1.6206435555461063e-18,2.389958618253185e-37,1.8426493623475638e-24,1.46569645530035e-15,0.0,0.0,0.0
14.933333333333334,0.074893616,5.117982958746148e-06,2.725774553900825e-87,5.117972091073703e-06,1.0923462439349808e-97,1.0866564896615298e-11,1.3935377916734482e-18,1.6636428197751165e-37,1.3223629178584408e-24,1.1061547580784999e-15,0.0,0.0,0.0
14.95,0.074893616,5.0710290901915325e-06,2.1482687908398513e-87,5.071019003507427e-06,6.922241571670707e-98,1.0085848302262961e-11,1.1982073421402455e-18,1.157945195054972e-37,9.48830323595715e-25,8.346055829561737e-16,0.0,0.0,0.0
14.966666666666669,0.074893616,5.02450388879156e-06,1.6931169078000725e-87,5.024494527073278e-06,4.3866510808022166e-98,9.36108768660697e-12,1.0302136115449608e-18,8.058874604719189e-38,6.807019143007295e-25,6.295660806880952e-16,0.0,0.0,0.0
14.983333333333333,0.074893616,4.9784034627073484e-06,1.3343965673937596e-87,4.9783947739488e-06,2.7798370631400265e-98,8.688282877421771e-12,8.857369700070792e-19,5.608148942464914e-38,4.8826601016086305e-25,4.74785104006136e-16,0.0,0.0,0.0
15.0,0.074893616,4.93272395536333e-06,1.0516773688403017e-87,4.93271589128572e-06,1.7615926924617672e-98,8.063718875828116e-12,7.614905899683011e-19,3.9023273212549026e-38,3.5017706048152455e-25,3.5797248359409927e-16,0.0,0.0,0.0
15.016666666666667,0.074893616,4.887461545115018e-06,8.288573335457036e-88,4.887454060898941e-06,1.1163273602082342e-98,7.48394558662693e-12,6.546462553267302e-19,2.715108119075798e-38,2.5110255980983735e-25,2.698361015924777e-16,0.0,0.0,0.0
15.033333333333331,0.074893616,4.842612444920958e-06,6.53245888384199e-88,4.842605498958058e-06,7.074203492450293e-99,6.945758984748899e-12,5.627704825435552e-19,1.8889049402864584e-38,1.800310420091119e-25,2.0335242150189805e-16,0.0,0.0,0.0
15.05,0.074893616,4.79817290201902e-06,5.14841125250084e-88,4.7981664556817066e-06,4.482945284759107e-99,6.446183616425547e-12,4.837695231653725e-19,1.313992467908176e-38,1.290556468236137e-25,1.5321403460490377e-16,0.0,0.0,0.0
15.066666666666666,0.07021277,4.754139197606696e-06,4.057601786131628e-88,4.754133215034528e-06,2.840856123204181e-99,5.982456340816929e-12,4.158420152680844e-19,9.139779216815085e-39,9.249974531467201e-26,1.1541138730142222e-16,0.0,0.0,0.0
15.083333333333334,0.07021277,4.71050764652531e-06,3.1979028226159173e-88,4.710502094426812e-06,1.8002588372462437e-99,5.5520112244618485e-12,3.5743822202564654e-19,6.356804338324181e-39,6.62885486969324e-26,8.691618906317228e-17,0.0,0.0,0.0
15.1,0.07021277,4.667274596948046e-06,2.5203493866086214e-88,4.667269444416789e-06,1.1408290606074852e-99,5.152465507089372e-12,3.072249427137109e-19,4.4208170757651893e-39,4.749757825349537e-26,6.544184998607987e-17,0.0,0.0,0.0
15.116666666666667,0.07021277,4.624436430071555e-06,1.9863505071456368e-88,4.624431648415465e-06,7.22946420331596e-100,4.781606563059645e-12,2.640553082238781e-19,3.074164175062847e-39,3.4028274889493534e-26,4.9262256214790567e-17,0.0,0.0,0.0
15.133333333333333,0.07021277,4.581989559811212e-06,1.565491346139408e-88,4.581985122394122e-06,4.58132983579807e-100,4.437379788040492e-12,2.269427823990325e-19,2.137532011667819e-39,2.4374988991487926e-26,3.707471446341645e-17,0.0,0.0,0.0
15.15,0.06553192,4.539930432499783e-06,1.233800969906093e-88,4.539926314594347e-06,2.9031997751431806e-100,4.1178773454816094e-12,1.9503878462077794e-19,1.4861392368521272e-39,1.7457637390576418e-26,2.7896328574680517e-17,0.0,0.0,0.0
15.166666666666666,0.06553192,4.498255526589462e-06,9.723871133349747e-89,4.498251705240596e-06,1.8397643371305603e-100,3.821327712062498e-12,1.6761343017465888e-19,1.0331607973818949e-39,1.2501541355441407e-26,2.0985674011954877e-17,0.0,0.0,0.0
15.183333333333334,0.06553192,4.456961352357195e-06,7.663601859737855e-89,4.456957806255302e-06,1.1658626357197422e-100,3.5460859655746812e-12,1.440389547857244e-19,7.181879636528059e-40,8.95115773598975e-27,1.5783609905765734e-17,0.0,0.0,0.0
15.2,0.060851064,4.4160444516132274e-06,6.0398524130891765e-89,4.416041160976472e-06,7.38809524798401e-101,3.29062476268821e-12,1.237754499079657e-19,4.991951406509134e-40,6.408153555322637e-27,1.1868564429488899e-17,0.0,0.0,0.0
15.216666666666669,0.060851064,4.375501397412735e-06,4.760136128591977e-89,4.375498343877748e-06,4.681850068172723e-101,3.0535259577563812e-12,1.0635858720286234e-19,3.4694835658431205e-40,4.5869620953384065e-27,8.92276307369754e-18,0.0,0.0,0.0
15.233333333333333,0.060851064,4.335328793770599e-06,3.751561526747922e-89,4.335325960290983e-06,2.9668967453754394e-101,2.8334728172611523e-12,9.138905530836751e-20,2.4111365834874917e-40,3.282890663630289e-27,6.7067283310541195e-18,0.0,0.0,0.0
15.25,0.056170214,4.29552327537903e-06,2.9566807210483204e-89,4.295520646131124e-06,1.8801273948440626e-101,2.629242787702725e-12,7.852347047323124e-20,1.6754887416273646e-40,2.3492389421555246e-27,5.040029831913594e-18,0.0,0.0,0.0
15.266666666666667,0.056170214,4.256081507328334e-06,2.3302174050525932e-89,4.256079067623702e-06,1.1914396198539003e-101,2.4397007777186315e-12,6.746655577006372e-20,1.1641908139271225e-40,1.6808847691082257e-27,3.786756511998938e-18,0.0,0.0,0.0
15.283333333333331,0.056170214,4.2170001848303585e-06,1.8364880684451144e-89,4.216997921034539e-06,7.550169714550832e-102,2.263792917984155e-12,5.79644121416122e-20,8.088537478842773e-41,1.202511223335965e-27,2.844555209379722e-18,0.0,0.0,0.0
15.3,0.056170214,4.178276032944843e-06,1.4473695719681112e-89,4.178273932401892e-06,4.784552294760625e-102,2.100540765021538e-12,4.97987291155417e-20,5.619261473389348e-41,8.601639617435054e-28,2.1363622012004277e-18,0.0,0.0,0.0
15.316666666666666,0.056170214,4.139905806308596e-06,1.1406973272197922e-89,4.139903857271031e-06,3.0319763804394803e-102,1.9490359174390542e-12,4.2781804191564643e-20,3.9034813393483057e-41,6.151977131799075e-28,1.6041676084800073e-18,0.0,0.0,0.0
15.333333333333334,0.056170214,4.101886288867248e-06,8.990028511757815e-90,4.101884480430992e-06,1.9213666060656365e-102,1.8084350153441245e-12,3.6752258133910784e-20,2.711370226394672e-41,4.399365030471762e-28,1.2043140027079235e-18,0.0,0.0,0.0
15.35,0.05148936,4.0642142936098375e-06,7.085187935561667e-90,4.064212615653807e-06,1.217571796317299e-102,1.677955095745001e-12,3.157134909941386e-20,1.883170340256646e-41,3.1456293420224583e-28,9.03952583585546e-19,0.0,0.0,0.0
15.366666666666667,0.05148936,4.026886662305838e-06,5.583947685249257e-90,4.0268851054358535e-06,7.715762268931785e-103,1.556869278675788e-12,2.711980204756306e-20,1.3078401703597165e-41,2.2488878608429773e-28,6.783725411512636e-19,0.0,0.0,0.0
15.383333333333333,0.05148936,3.989900265244976e-06,4.400793282276881e-90,3.9898988207416825e-06,4.889483828248094e-103,1.4445027605683076e-12,2.329508151653624e-20,9.082057331959486e-42,1.6075748144186683e-28,5.089889219287443e-19,0.0,0.0,0.0
15.4,0.05148936,3.953252000979399e-06,3.4683287807469086e-90,3.953250660749904e-06,3.09846866041924e-103,1.340229093054109e-12,2.0009045868820268e-20,6.306356502353214e-42,1.1489950522952792e-28,3.8182698017976525e-19,0.0,0.0,0.0
15.416666666666666,0.04680851,3.916938796068458e-06,2.733437913549745e-90,3.9169375526014285e-06,1.9635009679298207e-103,1.2434667269249382e-12,1.7185929736245153e-20,4.378624678488756e-42,8.211247102062534e-29,2.863807693568215e-19,0.0,0.0,0.0
15.433333333333334,0.04680851,3.880957604825922e-06,2.154258584397794e-90,3.88095645114989e-06,1.2442712028058519e-103,1.1536758024140095e-12,1.4760608820386357e-20,3.0399193067211446e-42,5.867383891973793e-29,2.1475376150610152e-19,0.0,0.0,0.0
15.45,0.05148936,3.845305409069595e-06,1.697798382425538e-90,3.845304338714253e-06,7.884949189017133e-104,1.0703551682952122e-12,1.2677107597073406e-20,2.1103365988051337e-42,4.192033294040089e-29,1.6101195370533052e-19,0.0,0.0,0.0
15.466666666666669,0.05148936,3.8099792178733484e-06,1.3380553056951587e-90,3.809978224833603e-06,4.996693002772649e-104,9.930396135364878e-13,1.0887315976613748e-20,1.4648965344864666e-42,2.9946784048687804e-29,1.206970306410843e-19,0.0,0.0,0.0
15.483333333333333,0.05148936,3.774976067321535e-06,1.05453665450937e-90,3.7749751460241384e-06,3.1664042126569644e-104,9.21297296396214e-13,9.349885708039398e-21,1.0167821692320228e-42,2.139051863070281e-29,9.046006210788238e-20,0.0,0.0,0.0
15.5,0.05148936,3.7402930202656152e-06,8.310917336490879e-91,3.7402921655381826e-06,2.0065498877158397e-104,8.547273569218871e-13,8.029281392594828e-21,7.0569142909559585e-43,1.5277014728753098e-29,6.778595227790988e-20,0.0,0.0,0.0
15.516666666666667,0.05148936,3.7059271660832536e-06,6.549918761327273e-91,3.705926373125496e-06,1.2715501369100588e-104,7.929576998064243e-13,6.894964480647509e-21,4.897426368213019e-43,1.0909431954653214e-29,5.07862014415226e-20,0.0,0.0,0.0
15.533333333333331,0.05148936,3.6718756204395034e-06,5.162053877668921e-91,3.671874884796524e-06,8.057808399554492e-105,7.356429354813543e-13,5.920691646082602e-21,3.3985004923245796e-43,7.789554677208832e-30,3.804307785713529e-20,0.0,0.0,0.0
15.55,0.05148936,3.6381355250503027e-06,4.06826113931068e-91,3.638134842587801e-06,5.106229196029758e-105,6.824624681865516e-13,5.0839115311932436e-21,2.358160200450506e-43,5.561223688650929e-30,2.8492470956801754e-20,0.0,0.0,0.0
15.566666666666666,0.05148936,3.6047040474482193e-06,3.2062308001149124e-91,3.6047034143294732e-06,3.2358143257593535e-105,6.33118720554788e-13,4.365246091585099e-21,1.6361609175137802e-43,3.969864879220418e-30,2.1335842369646786e-20,0.0,0.0,0.0
15.583333333333334,0.05148936,3.5715783807502604e-06,2.5268555302603e-91,3.5715777934147557e-06,2.050533191723198e-105,5.873354849913705e-13,3.748044695169009e-21,1.1351301475005153e-43,2.8335383485091476e-30,1.5974060893141106e-20,0.0,0.0,0.0
15.6,0.05148936,3.538755743427941e-06,1.9914330703268604e-91,3.5387551985715327e-06,1.2994211617385104e-105,5.448563928196759e-13,3.2180007853616197e-21,7.874671165913798e-44,2.0222314015479524e-30,1.1957692482600855e-20,0.0,0.0,0.0
15.616666666666667,0.05148936,3.5062333790793565e-06,1.5694615843764392e-91,3.5062328736358517e-06,8.234419507785596e-106,5.054434928037375e-13,2.762822343513305e-21,5.462437894628094e-44,1.443049949299854e-30,8.949660517469462e-21,0.0,0.0,0.0
15.633333333333333,0.05148936,3.474008556203513e-06,1.2369021329107486e-91,3.4740080873275725e-06,5.218142851850074e-106,4.688759312552791e-13,2.3719486115811068e-21,3.788856011486346e-44,1.0296295678393725e-30,6.69720364331801e-21,0.0,0.0,0.0
15.65,0.05148936,3.4420785679765662e-06,9.748092935826416e-92,3.4420781330278325e-06,3.306730963905839e-106,4.3494872648580934e-13,2.036306590845211e-21,2.6278306888738447e-44,7.345648457956719e-31,5.0108202828546254e-21,0.0,0.0,0.0
15.666666666666666,0.05148936,3.410440732030213e-06,7.682519272576083e-92,3.410440328558577e-06,2.0954711343376037e-106,4.0347163087888194e-13,1.74810173992647e-21,1.8224454375672554e-44,5.23997396475916e-31,3.7484622080459504e-21,0.0,0.0,0.0
15.683333333333334,0.05148936,3.3790923902320854e-06,6.054626138305042e-92,3.3790920159640064e-06,1.3278971116623897e-106,3.7426807433543235e-13,1.5006380760216477e-21,1.2638040657720884e-44,3.7374752836248026e-31,2.8036709141624426e-21,0.0,0.0,0.0
15.7,0.05148936,3.3480309084681274e-06,4.771673074245767e-92,3.348030561293941e-06,8.414863839848148e-107,3.4717418328934985e-13,1.2881635548349484e-21,8.763411441474028e-45,2.6654963632307057e-31,2.0966750115774006e-21,0.0,0.0,0.0
15.716666666666669,0.05148936,3.350742128207276e-06,3.760570261136579e-92,3.3172533543891083e-06,5.332485503265104e-107,3.2203786990278104e-13,1.1057371823585132e-21,6.076242209742217e-45,1.9007665210070864e-31,1.5677108794160968e-21,3.3488451780294596e-08,0.0,0.0
15.733333333333333,0.05148936,4.759601448593582e-06,2.963714818239265e-92,3.286757808668342e-06,3.379186781463359e-107,2.9871798643430704e-13,9.491148085541884e-22,4.212748687923657e-45,1.3552852577837422e-31,1.1720123125244358e-21,1.4728433412072525e-06,0.0,0.0
15.75,0.05148936,1.580408218663464e-05,2.335709324048703e-92,3.2565413609175893e-06,2.1413844072909136e-107,2.7708354012902257e-13,8.146509803806058e-22,2.9205510618097014e-45,9.662383211941637e-32,8.76052830044512e-22,1.2547540548633508e-05,0.0,0.0
15.766666666666667,0.05148936,5.781510064989501e-05,1.8407756320403784e-92,3.2266014710809053e-06,1.3569910981836492e-107,2.570129643107977e-13,6.992145992100562e-22,2.0245709829748923e-45,6.887946147757127e-32,6.547279863074024e-22,5.458849892180114e-05,0.0,0.0
15.783333333333331,0.05148936,0.00016752850308811822,1.4507166607015505e-92,3.1969356220531624e-06,8.599224477953169e-108,2.383934416641045e-13,6.001164438300601e-22,1.4033640254542408e-45,4.9096157723848047e-32,4.892429280860658e-22,0.0001643315672276716,0.0,0.0
15.8,0.04680851,0.0003950775146609376,1.14331005142955e-92,3.1675413194746534e-06,5.449309796068284e-108,2.2112027597868066e-13,5.150468921222129e-22,9.726956429844775e-46,3.499112267620797e-32,3.6552896971005476e-22,0.0003919099731203427,0.0,0.0
15.816666666666666,0.04680851,0.0007990152066352436,9.010421885843216e-93,3.1384160915275486e-06,3.453215137913489e-108,2.0509630889562609e-13,4.420224083356395e-22,6.741446196991024e-46,2.493567825043466e-32,2.730569192755349e-22,0.0007958767903386197,0.0,0.0
15.833333333333334,0.04680851,0.0014399613386244642,7.101104643291875e-93,3.1095574887340474e-06,2.188294149120998e-108,1.9023137843989563e-13,3.7933956394687508e-22,4.6719567760280736e-46,1.7767967712453402e-32,2.0394790350780376e-22,0.0014368517809454989,0.0,0.0
15.85,0.04680851,0.002374206726474399,5.596369512641528e-93,3.0809630837564286e-06,1.3867165159285493e-108,1.7644181635342524e-13,3.2553553300524804e-22,3.237534231292674e-46,1.2659248086234524e-32,1.523072269406253e-22,0.002371125763214201,0.0,0.0
15.866666666666667,0.04680851,0.0036481986182405083,4.410486886191694e-93,3.0526304711987405e-06,8.787586298365604e-109,1.6364998145566455e-13,2.793541515378825e-22,2.2433647866482285e-46,9.018451363817293e-33,1.1372540901824744e-22,0.00364514598760566,0.0,0.0
15.883333333333333,0.04680851,0.005294430932111872,3.4758927892066705e-93,3.024557267410396e-06,5.56866951287803e-109,1.5178382645610344e-13,2.3971675842590087e-22,1.554374169711189e-46,6.424069651824239e-33,8.490450860831021e-23,0.005291406374692678,0.0,0.0
15.9,0.04680851,0.0073289367091069245,2.739339721944138e-93,2.9967411102913606e-06,3.528850113103491e-109,1.4077649582684155e-13,2.056971450763892e-22,1.0769153056926037e-46,4.575547238363711e-33,6.337832523978477e-23,0.007325939967855856,0.0,0.0
15.916666666666666,0.042127658,0.009750343357010272,2.1588631001471384e-93,2.9691796590991514e-06,2.2362219548343168e-109,1.3056595251392338e-13,1.7650003571448554e-22,7.460672874009061e-47,3.258597223556869e-33,4.7302928802807747e-23,0.009747374177220608,0.0,0.0
15.933333333333334,0.042127658,0.012540298824985623,1.701390478578422e-93,2.941870594257513e-06,1.4170870487703188e-109,1.2109463142448542e-13,1.5144260136297866e-22,5.168268621312402e-47,2.3204566834206037e-33,3.5299867056219936e-23,0.012537356954270272,0.0,0.0
15.95,0.042127658,0.015664994245663297,1.3408573592835633e-93,2.914811617166784e-06,8.980036010205147e-110,1.12309117774017e-13,1.299385804214245e-22,3.5799993677020713e-47,1.6522345275656925e-33,2.633882325603839e-23,0.015662079433933822,0.0,0.0
15.966666666666669,0.042127658,0.01907747891784497,1.0567222448110586e-93,2.8880004500159465e-06,5.690619597721847e-110,1.0415984851463373e-13,1.114846387984189e-22,2.4796579232688443e-47,1.1763205010634777e-33,1.964981264387715e-23,0.019074590917290794,0.0,0.0
15.983333333333333,0.042127658,0.022720470842126077,8.327963405058606e-94,2.861434835596362e-06,3.606126522821784e-110,9.660083519232868e-14,9.564865416412252e-23,1.7174009703422462e-47,8.374052501321115e-34,1.4657492794366297e-23,0.02271760940719388,0.0,0.0
16.0,0.042127658,0.026529396854919923,6.563212347946305e-94,2.835112537117071e-06,2.285189885775533e-110,8.958940669900308e-14,8.205965325602395e-23,1.1893862138158892e-47,5.960765366346667e-34,1.0932026379296482e-23,0.026526561742293217,0.0,0.0
16.016666666666666,0.042127658,0.030435440088272078,5.172420131896722e-94,2.809031338021865e-06,1.4481166760835967e-110,8.308597049472553e-14,7.039916930591867e-23,8.236553370163507e-48,4.242530756055115e-34,8.152331470053119e-24,0.03043263105685097,0.0,0.0
16.033333333333335,0.04680851,0.034368421130396995,4.0763439527090495e-94,2.783189041807835e-06,9.176662195066826e-111,7.705379097729152e-14,6.039381943345324e-23,5.70347717171116e-48,3.0192903854563673e-34,6.078600905859568e-24,0.034365637941278136,0.0,0.0
16.05,0.04680851,0.03825938739949015,3.212532583984025e-94,2.7575834718456438e-06,5.815216181148941e-111,7.145878377075827e-14,5.180893002352804e-23,3.949168145144513e-48,2.1485326890418764e-34,4.5317561582617925e-24,0.038256629815946845,0.0,0.0
16.066666666666666,0.04680851,0.0420428293603171,2.531768271963394e-94,2.7322124712012824e-06,3.685079934709588e-111,6.626932479230877e-14,4.444306231683431e-23,2.734282741273152e-48,1.5287501976039081e-34,3.378088270066509e-24,0.04204009714777963,0.0,0.0
16.083333333333332,0.04680851,0.0456584803186611,1.9952625787630732e-94,2.7070739024595114e-06,2.3352204797105264e-111,6.145607303838211e-14,3.8123311251263823e-23,1.8930114716133984e-48,1.0876491997857184e-34,2.5177781471084793e-24,0.04565577324469718,0.0,0.0
16.1,0.05148936,0.049052687753133095,1.572446416962719e-94,2.6821656475487845e-06,1.479819679132666e-111,5.699180610664885e-14,3.27012684740935e-23,1.3104946370509375e-48,7.737473907562802e-35,1.8763177043198166e-24,0.04905000558742856,0.0,0.0
16.116666666666667,0.05148936,0.052179368400430526,1.2392283697034707e-94,2.6574856075677755e-06,9.377555347512508e-112,5.285126754076374e-14,2.804955581202022e-23,9.071718717103075e-49,5.503866083153301e-35,1.3980998292169105e-24,0.05217671091477011,0.0,0.0
16.133333333333333,0.056170214,0.05500057702506566,9.766220689160705e-95,2.6330317026133938e-06,5.942516605878271e-112,4.9011025150085756e-14,2.405884869125958e-23,6.2793743658793136e-49,3.9146694645162377e-35,1.0416295995265065e-24,0.054997943993314036,0.0,0.0
16.15,0.056170214,0.05748673070802059,7.696644298767265e-95,2.6088018716103737e-06,3.7657466845156066e-112,4.5449339517233115e-14,2.0635320346957438e-23,4.346260906026991e-49,2.784076634750424e-35,7.759472446483671e-25,0.05748412190610353,0.0,0.0
16.166666666666668,0.056170214,0.05961653746097578,6.065631107341326e-95,2.5847940721423247e-06,2.3863367611246973e-112,4.2146041962610286e-14,1.7698447410993257e-23,3.008070241821559e-49,1.9798230946088252e-35,5.779566368834973e-25,0.059613952666861494,0.0,0.0
16.183333333333334,0.060851064,0.06137668093452572,4.7802462497003456e-95,2.561006280284347e-06,1.5122106475980573e-112,3.908242128737977e-14,1.5179125844569854e-23,2.081771499364402e-49,1.4077675908612065e-35,4.304303755132928e-25,0.06137411992820635,0.0,0.0
16.2,0.060851064,0.06276131282875559,3.7672482690817595e-95,2.537436490437046e-06,9.582807916413167e-113,3.6241118664878085e-14,1.3018053379563158e-23,1.4406258097378512e-49,1.0009103420008721e-35,3.2052032925747117e-25,0.06275877539222892,0.0,0.0
16.216666666666665,0.06553192,0.06377140214337185,2.968916017123011e-95,2.514082715162086e-06,6.072579453002912e-113,3.360603009560771e-14,1.1164340816490131e-23,9.968791491091605e-50,7.115727131305144e-36,2.3864573116715327e-25,0.06376888806062309,0.0,0.0
16.233333333333334,0.06553192,0.06441398633054062,2.3397598390384847e-95,2.4909429850191668e-06,3.848163892697599e-113,3.1162215882784895e-14,9.574319839591828e-24,6.897745424927541e-50,5.058287917018469e-36,1.7766324395401156e-25,0.06441149538752443,0.0,0.0
16.25,0.06553192,0.0647013643324424,1.843929664729114e-95,2.4680153484044757e-06,2.438562251744983e-113,2.889581662433272e-14,8.210519573599201e-24,4.772492762855676e-50,3.595408243431018e-36,1.322475799733731e-25,0.0646988963170651,0.0,0.0
16.266666666666666,0.06553192,0.06465026588109093,1.4531723316550773e-95,2.4452978713905285e-06,1.545304486242343e-113,2.6793975253296998e-14,7.040788027512702e-24,3.3018474170595024e-50,2.5553684531098736e-36,9.842932449190842e-26,0.06464782058319275,0.0,0.0
16.283333333333335,0.06553192,0.06428102568873136,1.14522175710353e-95,2.4227886375674753e-06,9.792514347196378e-114,2.484476469221604e-14,6.037537938787239e-24,2.284243843781662e-50,1.8160163390359907e-36,7.325011201522348e-26,0.06427860290006894,0.0,0.0
16.3,0.06553192,0.06361678554736724,9.025302386870773e-96,2.40048574788579e-06,6.2054645687552005e-114,2.3037120718092e-14,5.177099424430363e-24,1.5801626903639507e-50,1.2904676558829754e-36,5.450539447976611e-26,0.06361438506159632,0.0,0.0
16.316666666666666,0.060851064,0.062682742088184,7.11268597508138e-96,2.3783873205003658e-06,3.932369481384289e-114,2.1360779663522953e-14,4.4391643306142914e-24,1.0930377346108843e-50,9.169293824226014e-37,4.0552578196152107e-26,0.06268036370084214,0.0,0.0
16.333333333333332,0.060851064,0.06150545315993724,5.605381956868436e-96,2.3564914906159874e-06,2.4919209812844432e-114,1.9806220606409307e-14,3.8063093069292514e-24,7.560363074179623e-51,6.514578030408538e-37,3.0167937691319593e-26,0.061503096668426814,0.0,0.0
16.35,0.060851064,0.06011221154818104,4.417499315248018e-96,2.3347964103341795e-06,1.5791164217195536e-114,1.8364611725552905e-14,3.263586464735994e-24,5.229069655380485e-51,4.6280555733965055e-37,2.2439920740637648e-26,0.06010987675175234,0.0,0.0
16.366666666666667,0.056170214,0.05853049110910774,3.481348292160521e-96,2.313300248501422e-06,1.0006771124994467e-114,1.702776052262522e-14,2.7981720536846754e-24,3.616434560005717e-51,3.287554427047733e-37,1.668960009129451e-26,0.05852817780884221,0.0,0.0
16.383333333333333,0.056170214,0.05678746733397116,2.743583377289123e-96,2.292001190558692e-06,6.341233091849827e-115,1.578806763245072e-14,2.3990649427886426e-24,2.5009864242415706e-51,2.3351225825378574e-37,1.2411372928437698e-26,0.05678517533276481,0.0,0.0
16.4,0.056170214,0.05490961186948948,2.162163624396633e-96,2.2708974383923664e-06,4.018402191698898e-115,1.4638483963514536e-14,2.0568278538396142e-24,1.7294847098066043e-51,1.6584752506045122e-37,9.228760304052095e-27,0.05490734097203644,0.0,0.0
16.416666666666668,0.05148936,0.05292235855637394,1.7039570994952838e-96,2.2499872101864184e-06,2.546437498421859e-115,1.3572470929111594e-14,1.7633652923231594e-24,1.1959056476724506e-51,1.1777988211474229e-37,6.861465963620396e-27,0.052920108569150186,0.0,0.0
16.433333333333334,0.05148936,0.05084983706178554,1.342852965812598e-96,2.2292687402759867e-06,1.613662009532653e-115,1.2583963546758958e-14,1.5117329774935989e-24,8.268981721485975e-52,8.363658147011677e-38,5.100829675062973e-27,0.05084760779303268,0.0,0.0
16.45,0.05148936,0.04871466911588982,1.058273634269616e-96,2.208740279002163e-06,1.0225676818720396e-115,1.1667336199447565e-14,1.2959743087543232e-24,5.7171843811442665e-52,5.93860849618697e-38,3.791538271634945e-27,0.04871246037559915,0.0,0.0
16.466666666666665,0.05148936,0.04653782165972221,8.340022029617981e-97,2.1884000925681342e-06,6.479947481411658e-116,1.0817370867140958e-14,1.1109800370487473e-24,3.952642558370893e-52,4.216349522607676e-38,2.81800090265811e-27,0.04653563325961882,0.0,0.0
16.483333333333334,0.04680851,0.04433851081401667,6.572583736554735e-97,2.1682464628965734e-06,4.1063016014573054e-116,1.0029227650678332e-14,9.523678522561683e-25,2.7325504445943936e-52,2.9933136478777447e-38,2.0942003018445024e-27,0.04433634256754374,0.0,0.0
16.5,0.04680851,0.04213415043220738,5.179701911090904e-97,2.148277687488321e-06,2.6021368820162536e-116,9.29841742302022e-15,8.163790632159441e-25,1.8889665140075656e-52,2.12486712193849e-38,1.5561342262557793e-27,0.042132002154510594,0.0,0.0
16.516666666666666,0.04680851,0.03994033905527324,4.08200108746521e-97,2.128492079282291e-06,1.6489571411379496e-116,8.620776454626506e-15,6.99789946791027e-25,1.3057375049461322e-52,1.5082574398327958e-38,1.1561867186574903e-27,0.03993821056318534,0.0,0.0
16.533333333333335,0.04680851,0.037770879296355406,3.216926775694443e-97,2.1088879665166317e-06,1.0449332126094765e-116,7.99244287077224e-15,5.998356856284893e-25,9.025331618453655e-53,1.0704922822103113e-38,8.589370093289696e-28,0.0377687704083809,0.0,0.0
16.55,0.04680851,0.035637824009308414,2.5351808520461937e-97,2.089463692591167e-06,6.621671545507248e-117,7.409834808821694e-15,5.141451089662811e-25,6.238012617362954e-53,7.597245908010638e-39,6.380392615014257e-28,0.035635734545608415,0.0,0.0
16.566666666666666,0.042127658,0.03355154400325751,1.9979123349112832e-97,2.070217615930984e-06,4.196108143248282e-117,6.869630152966975e-15,4.406847038315549e-25,4.311270184486366e-53,5.3913014851879785e-39,4.738998453112062e-28,0.033549473785634706,0.0,0.0
16.583333333333332,0.042127658,0.03152081252582692,1.5745034719965703e-97,2.0511481098512906e-06,2.6590447525607984e-117,6.3687477327488896e-15,3.77710581170582e-25,2.9794785471736565e-53,3.825569135435064e-39,3.519485084348433e-28,0.0315187613777107,0.0,0.0
16.6,0.042127658,0.029552902226902388,1.240824985797818e-97,2.032253562423454e-06,1.685018051204464e-117,5.904329879847329e-15,3.23727267900517e-25,2.058976706712248e-53,2.714336592322389e-39,2.613517485287486e-28,0.02955086997333406,0.0,0.0
16.616666666666667,0.042127658,0.02765369081323137,9.77861057278482e-98,2.013532376342244e-06,1.0677839919645203e-117,5.473726245221024e-15,2.7745235592881996e-25,1.4227836640932531e-53,1.9257360698777972e-39,1.940553975309461e-28,0.027651677280849555,0.0,0.0
16.633333333333333,0.042127658,0.02582777209645799,7.706256957392608e-98,1.9949829687942336e-06,6.76647047029235e-118,5.074478785716424e-15,2.3778617657666366e-25,9.831113030590224e-54,1.3661407635583378e-39,1.440722680907178e-28,0.025825777113484123,0.0,0.0
16.65,0.042127658,0.024078569611699643,6.073087464486025e-98,1.976603771327398e-06,4.287863122898357e-118,4.704307835808426e-15,2.0378578677564473e-25,6.792708951806661e-54,9.690807352701908e-40,1.0695219926778154e-28,0.02407659300792361,0.0,0.0
16.666666666666668,0.042127658,0.022408450431851926,4.7860287275155595e-98,1.958393229721844e-06,2.717187283885827e-118,4.361099186200688e-15,1.7464265463317316e-25,4.693101393351421e-54,6.873698772195561e-40,7.938784495478401e-29,0.02240649203861784,0.0,0.0
16.683333333333334,0.037446808,0.02081883721860004,3.771731616706515e-98,1.9403498038617436e-06,1.7218613250296092e-118,4.042892096649871e-15,1.496635188464815e-25,3.242302973680632e-54,4.8751418564796135e-40,5.892147058297459e-29,0.020816896868792137,0.0,0.0
16.7,0.037446808,0.01931031693083949,2.972391290361673e-98,1.922471967608339e-06,1.0911305293685048e-118,3.747868175603902e-15,1.2825397101683039e-25,2.2398765978083693e-54,3.457406479923711e-40,4.3726902561088095e-29,0.019308394458868134,0.0,0.0
16.716666666666665,0.037446808,0.017882744953002103,2.3424530501371027e-98,1.9047582086741245e-06,6.914410849779981e-119,3.4743410641009606e-15,1.09904373917444e-25,1.5472893720348028e-54,2.451772926092564e-40,3.244738653350414e-29,0.017880840194789954,0.0,0.0
16.733333333333334,0.037446808,0.01653534370910604,1.8460162847634875e-98,1.8872070284981365e-06,4.3816087383385416e-119,3.22074686587826e-15,9.417778369722326e-26,1.068799044188561e-54,1.7385086732331773e-40,2.4075033251191923e-29,0.01653345650207432,0.0,0.0
16.75,0.037446808,0.015266795093891342,1.4547885661279121e-98,1.8698169421223631e-06,2.7765912151130667e-119,2.9856352698215674e-15,8.069959114228768e-26,7.382402939998593e-55,1.2326519985870655e-40,1.7861195600484133e-29,0.015264925276946234,0.0,0.0
16.766666666666666,0.037446808,0.01407532628159711,1.1464733113472213e-98,1.8525864780692313e-06,1.7595039061122573e-119,2.767661314766673e-15,6.914863757182774e-26,5.0989026405517486e-55,8.739192454140414e-41,1.3249848248892817e-29,0.014073473695116273,0.0,0.0
16.783333333333335,0.037446808,0.012958788667909808,9.034991308096224e-99,1.8355141782201972e-06,1.1149835612310769e-119,2.565577750266484e-15,5.924959566095332e-26,3.521543740925986e-55,6.195402243946486e-41,9.828071680598724e-30,0.012956953153729023,0.0,0.0
16.8,0.037446808,0.011914729863818634,7.120184529169149e-99,1.8185985976954513e-06,7.065560716254022e-120,2.3782279502794985e-15,5.076643527380672e-26,2.4320189626775624e-55,4.3917265149691224e-41,7.289253315971594e-30,0.01191291126521856,0.0,0.0
16.816666666666666,0.037446808,0.010940458794331621,5.611183609132251e-99,1.8018383047346352e-06,4.4773880988760854e-120,2.20453933983731e-15,4.3496819953580873e-26,1.6794939213093333e-55,3.1129262089580807e-41,5.405742672298447e-30,0.010938656956024683,0.0,0.0
16.833333333333332,0.03276596,0.010033104063093302,4.421986700994073e-99,1.7852318805786568e-06,2.837283862865948e-120,2.0435172976297095e-15,3.726730165129496e-26,1.1597586818743075e-55,2.2063291776721743e-41,4.00853397495226e-30,0.010031318831210681,0.0,0.0
16.85,0.03276596,0.009189665828766529,3.4848180398334655e-99,1.7687779193525673e-06,1.7979631038915247e-120,1.8942395001164097e-15,3.192920009643402e-26,8.008195205630304e-56,1.5636513262852736e-41,2.9721718740437745e-30,0.009187897050845282,0.0,0.0
16.866666666666667,0.03276596,0.008407061503449144,2.74626538571348e-99,1.7524750279494688e-06,1.1393540558439243e-120,1.7558506752557475e-15,2.735506936165726e-26,5.529420231502494e-56,1.1080971421048018e-41,2.2035387617976085e-30,0.008405309028419438,0.0,0.0
16.883333333333333,0.03276596,0.007682165630064117,2.1642360303566406e-99,1.7363218259154424e-06,7.21998957134173e-121,1.6275577362409149e-15,2.3435668029516278e-26,3.817706839189517e-56,7.852071395398425e-42,1.6335264158204383e-30,0.007680429308236573,0.0,0.0
16.9,0.03276596,0.007011844327157179,1.7055578968983763e-99,1.7203169453355312e-06,4.575245244879089e-121,1.508625267771529e-15,2.0077361256890276e-26,2.6357468178238077e-56,5.5636437140718864e-42,1.2108506787697275e-30,0.007010124010210335,0.0,0.0
16.916666666666668,0.028085107,0.006392984708183492,1.3440890237306393e-99,1.7044590307207194e-06,2.8992931337439934e-121,1.3983713393694836e-15,1.719989323182261e-26,1.8196298181067485e-56,3.941878413057573e-42,8.974582252406681e-31,0.006391280249151373,0.0,0.0
16.933333333333334,0.028085107,0.0058225196903390645,1.0592276947339266e-99,1.6887467388959412e-06,1.8372566016512532e-121,1.2961636220878453e-15,1.4734477267297363e-26,1.2561477957414174e-56,2.7926477262351783e-42,6.651159796239077e-31,0.005820830943598873,0.0,0.0
16.95,0.03276596,0.005297448607206816,8.347383099554037e-100,1.6731787388890573e-06,1.1642532183883084e-121,1.2014157866683565e-15,1.2622158282875196e-26,8.671153600561049e-57,1.9783279137739527e-42,4.9287894764011395e-31,0.005295775428466726,0.0,0.0
16.966666666666665,0.028085107,0.004814854031686463,6.578260840974104e-100,1.6577537118208411e-06,7.37776841774404e-122,1.1135841627875537e-15,1.0812408864584697e-26,5.985377713110865e-57,1.4013601572033417e-42,3.652104189201758e-31,0.004813196277973528,0.0,0.0
16.983333333333334,0.028085107,0.004371915202359685,5.184078403679562e-100,1.6424703507959564e-06,4.6752251678869075e-122,1.0321646405010333e-15,9.261925617441441e-27,4.1312824607095034e-57,9.925920379101147e-43,2.7058661369725893e-31,0.004370272732007857,0.0,0.0
17.0,0.028085107,0.003965918428949764,4.085373423857752e-100,1.6273273607948972e-06,2.9626475370666824e-122,9.566897963596187e-16,7.933597263539829e-27,2.851392217863184e-57,7.0301001621155134e-43,2.0046103445931412e-31,0.003964291101588012,0.0,0.0
17.016666666666666,0.028085107,0.003594264831989689,3.219524137399609e-100,1.6123234585668747e-06,1.8774024645933132e-122,8.8672622793685e-16,6.795620003316932e-27,1.9679219654211834e-57,4.978770530797221e-43,1.4849587414980297e-31,0.0035926525085302357,0.0,0.0
17.033333333333335,0.03276596,0.0032544757491970357,2.537180353535912e-100,1.5974573725236886e-06,1.1896924960519298e-122,8.218720816819975e-16,5.820739144118271e-27,1.3581186938272775e-57,3.5257600014039866e-43,1.099916749239546e-31,0.00325287829182369,0.0,0.0
17.05,0.03276596,0.0029441961171667915,1.999450805028082e-100,1.582727842634542e-06,7.538969791658655e-123,7.617547601024725e-16,4.985598990691251e-27,9.372309440182939e-58,2.496626561314128e-43,8.146414368701369e-32,0.0029426133893233953,0.0,0.0
17.066666666666666,0.03276596,0.0026611961125182493,1.5756865790072667e-100,1.5681336203217728e-06,4.777373831154977e-123,7.060287952906273e-16,4.2701855572376844e-27,6.46747331853363e-58,1.767766071956745e-43,6.033018737577307e-32,0.0026596279788972214,0.0,0.0
17.083333333333332,0.03276596,0.0024033713121146202,1.2417343031289209e-100,1.553673468357533e-06,3.027376197888568e-123,6.543738767488146e-16,3.657348860617464e-27,4.462743265536252e-58,1.2516028183266675e-43,4.4675002776561745e-32,0.0024018176386456083,0.0,0.0
17.1,0.03276596,0.002168741607847273,9.78559533157727e-101,1.5393461607614006e-06,1.9184191480866003e-123,6.064930223368483e-16,3.1323934411202364e-27,3.079275078768541e-58,8.860922983431111e-44,3.3079312670006885e-32,0.002167202261685905,0.0,0.0
17.116666666666667,0.03276596,0.0019554490880914314,7.71161886075861e-101,1.5251504826988938e-06,1.2156835832556163e-123,5.621108819740699e-16,2.682727375435244e-27,2.1245868646301526e-58,6.272811578296518e-44,2.4491228884371203e-32,0.0019539239376081706,0.0,0.0
17.133333333333333,0.03276596,0.0017617550755487084,6.077200896283854e-101,1.5110852303808786e-06,7.703667795899054e-124,5.209721644777723e-16,2.2975614342476864e-27,1.4658178709287823e-58,4.440343141868504e-44,1.813122394015662e-32,0.0017602439903178066,0.0,0.0
17.15,0.03276596,0.0015860364899892984,4.7891822242614057e-101,1.4971492109639021e-06,4.881738190637281e-124,4.828401786154117e-16,1.9676512270565544e-27,1.0112653829293946e-58,3.142982699382453e-44,1.342166341528745e-32,0.0015845393407778515,0.0,0.0
17.166666666666668,0.03276596,0.0014267816845154914,3.774147450413529e-101,1.4833412424513978e-06,3.0935088702977996e-124,4.474954800931966e-16,1.6850761974452665e-27,6.976377475264797e-59,2.224532581535469e-44,9.934556209582938e-33,0.0014252983432725924,0.0,0.0
17.183333333333334,0.03276596,0.0012825858854739055,2.974240604469657e-101,1.4696601535957876e-06,1.960325506093185e-124,4.1473461680246443e-16,1.4430502072813445e-27,4.812542691651963e-59,1.5743708111916124e-44,7.352816589419382e-33,0.001281116225319895,0.0,0.0
17.2,0.03276596,0.001152146349079495,2.343867554338126e-101,1.4561047838014425e-06,1.2422384269920248e-124,3.8436896520074288e-16,1.2357591988529535e-27,3.319702032038964e-59,1.1141583487519375e-44,5.441546612860407e-33,0.0011506902442953092,0.0,0.0
17.216666666666665,0.03276596,0.0010342573321892082,1.8470972878404685e-101,1.4426739830285138e-06,7.87193813372326e-125,3.5622365121992086e-16,1.0582220675307128e-27,2.2898318386606928e-59,7.884217417567022e-45,4.0267489771660126e-33,0.0010328146582058236,0.0,0.0
17.233333333333334,0.03276596,0.0009278049604510689,1.4556139501530574e-101,1.4293666116976457e-06,4.988366216424043e-125,3.3013654957201925e-16,9.061714293882253e-28,1.5793854820022414e-59,5.578818078398122e-45,2.97954922081866e-33,0.0009263755938390411,0.0,0.0
17.25,0.03276596,0.0008317620642177382,1.1471029143532426e-101,1.4161815405955176e-06,3.1610759510002675e-125,3.059573557667654e-16,7.759514413969632e-28,1.0893134092862965e-59,3.9472796122004875e-45,2.2045024936745902e-33,0.0008303458826768367,0.0,0.0
17.266666666666666,0.03276596,0.0007451830410910786,9.039788994634211e-102,1.403117650781228e-06,2.0031407997750513e-125,2.8354672556672974e-16,6.644302375238424e-28,7.512730386279855e-60,2.7927098465938552e-45,1.6309282865133066e-33,0.0007437799234400139,0.0,0.0
17.283333333333335,0.028085107,0.0006671987936900016,7.123836449323986e-102,1.3901738334935323e-06,1.2693692322798475e-125,2.6277547698779447e-16,5.689248919208718e-28,5.181113315941908e-60,1.9757232992923646e-45,1.2064896248981947e-33,0.0006658086198562453,0.0,0.0
17.3,0.028085107,0.0005970117821285274,5.613960135829401e-102,1.3773489900589065e-06,8.043858143394549e-126,2.4352385030680734e-16,4.871371186408465e-28,3.5729653142299883e-60,1.397651687408975e-45,8.924358073731628e-34,0.0005956344331382249,0.0,0.0
17.316666666666666,0.028085107,0.0005338912226756856,4.424095022643407e-102,1.3646420318004221e-06,5.097306914644086e-126,2.2568082186703906e-16,4.170981730152187e-28,2.4638542797317237e-60,9.886542932715668e-46,6.600780081473466e-34,0.0005325265806436595,0.0,0.0
17.333333333333332,0.028085107,0.0004771684570596504,3.4864168078405026e-102,1.3520518799474406e-06,3.230108493194903e-126,2.0914346777700688e-16,3.5712163905145175e-28,1.6989548326397584e-60,6.992987883535887e-46,4.881784792898931e-34,0.00047581640517949385,0.0,0.0
17.35,0.028085107,0.00042623251079038294,2.7474759893032356e-102,1.3395774655461285e-06,2.0468847062870634e-126,1.9381637388101823e-16,3.0576297514546545e-28,1.1714650325356302e-60,4.9459993316964904e-46,3.6101670228570963e-34,0.000424892933324643,0.0,0.0
17.366666666666667,0.028085107,0.00038052585362784944,2.1651512708226397e-102,1.3272177293707652e-06,1.2970884677358792e-126,1.796110886422379e-16,2.617848515225122e-28,8.077139693436137e-61,3.4979889328417093e-46,2.669570922987083e-34,0.00037919863589829905,0.0,0.0
17.383333333333333,0.028085107,0.0003395403708347111,1.7062486575018907e-102,1.3149716218358303e-06,8.21950683348897e-127,1.664456158224912e-16,2.2412745093867055e-28,5.568865272211448e-61,2.4737513806318343e-46,1.973882695761007e-34,0.0003382253992127088,0.0,0.0
17.4,0.023404256,0.0003028135500484245,1.3446093954930571e-102,1.3028381029088994e-06,5.208610349831034e-127,1.5424394406889943e-16,1.9188302257676515e-28,3.839341696036008e-61,1.749311085642721e-46,1.459375753235851e-34,0.00030151071194536134,0.0,0.0
17.416666666666668,0.023404256,0.00026992488541383047,1.0596189132483834e-102,1.2908161420243076e-06,3.3006382207491975e-127,1.429356107268721e-16,1.6427408056520035e-28,2.6468409245016756e-61,1.2369483502690717e-46,1.0788946106058467e-34,0.00026863406927166324,0.0,0.0
17.433333333333334,0.023404256,0.000240492497967104,8.35031777128675e-103,1.2789047179975994e-06,2.0915773277599423e-127,1.3245529739334193e-16,1.4063472554963524e-28,1.8246518885203136e-61,8.746005357216357e-47,7.975487345647894e-35,0.00023921359324897393,0.0,0.0
17.45,0.023404256,0.00021416996909078378,6.580456859967547e-103,1.2671028189407112e-06,1.3254088712657262e-127,1.2274245490437288e-16,1.2039464232173222e-28,1.2578052071420794e-61,6.183604499979799e-47,5.895246148430028e-35,0.00021290286627172032,0.0,0.0
17.466666666666665,0.023404256,0.00019064338211013037,5.185717239123486e-103,1.2554094421779614e-06,8.398964918954672e-128,1.1374095561856112e-16,1.0306539043109135e-28,8.670178231782972e-62,4.3716722763862666e-47,4.357258820028446e-35,0.00018938797266783867,0.0,0.0
17.483333333333334,0.023404256,0.0001696285657185887,4.086592762333964e-103,1.2438235941627505e-06,5.322327667778023e-128,1.053987710126693e-16,8.822865949501983e-29,5.976184732077155e-62,3.0904914895738394e-47,3.2202654105083933e-35,0.00016838474212432057,0.0,0.0
17.5,0.023404256,0.00015086853185683255,3.220428298810418e-103,1.232344290395039e-06,3.372697542681282e-128,9.766767274990798e-17,7.55262078806865e-29,4.1190914548361925e-62,2.184649155255473e-47,2.3797813882052765e-35,0.00014963618756633985,0.0,0.0
17.516666666666666,0.023404256,0.00013413109988065486,2.537848256721387e-103,1.2209705553395375e-06,2.1372392004745254e-128,9.050295551467688e-17,6.465124368240584e-29,2.838967159255696e-62,1.5442235707540641e-47,1.758529820169434e-35,0.00013291012932522482,5.0893625641760085e-21,0.0
17.533333333333335,0.023404256,0.00011920683694095332,1.999942054240834e-103,1.2097014223446443e-06,1.354343455878466e-128,8.386318003145428e-17,5.53410414121732e-29,1.9565948056184647e-62,1.0914732867103326e-47,1.2993611468401361e-35,0.00011799699687628627,1.3864223854848685e-10,0.0
17.55,0.018723404,0.00010594558724635232,1.5760461102843257e-103,1.1985359335621203e-06,8.582314857956619e-129,7.77099348002903e-17,4.737061738519491e-29,1.3484135149906639e-62,7.714195356292674e-48,9.600142250430376e-36,0.00010470779907190372,3.925224080877145e-08,0.0
17.566666666666666,0.023404256,9.508133757685149e-05,1.2419959278390948e-103,1.1874731398674548e-06,5.4385111188831307e-129,7.200761518790817e-17,4.0547312118813743e-29,9.292381882813292e-63,5.4518371131367435e-48,7.092401254420648e-36,9.28722536070997e-05,1.0216108298123223e-06,0.0
17.583333333333332,0.023404256,9.321604857868949e-05,9.787486376759042e-104,1.176512100780965e-06,3.44631956794941e-129,6.672321861222817e-17,3.47061497766514e-29,6.403432454151393e-63,3.85274225290737e-48,5.239344426518934e-36,8.233706640580121e-05,9.702470072040593e-06,0.0
17.6,0.023404256,0.00012677234371204384,7.712974862650824e-104,1.1656518843896045e-06,2.1838913042358515e-129,6.18261546497457e-17,2.970586329747462e-29,4.412457394360542e-63,2.7225258514835266e-48,3.870158969267035e-36,7.296435168119904e-05,5.264234014639337e-05,0.0
17.616666666666667,0.023404256,0.0002656853045563088,6.078163924679911e-104,1.1548915672694668e-06,1.3839055156262237e-129,5.728806898020369e-17,2.5425489794354187e-29,3.040396357587425e-63,1.9237523668808488e-48,2.8585713964929863e-36,6.463018358172207e-05,0.00019990022940726,0.0
17.633333333333333,0.023404256,0.000651034502322518,4.789858115059654e-104,1.1442302344089763e-06,8.769640889512905e-130,5.3082680161827834e-17,2.176145447422424e-29,2.0948934828142524e-63,1.3592568985887951e-48,2.1112411720721006e-36,5.72232705660209e-05,0.0005926670015220351,0.0
17.65,0.028085107,0.0015168610174474816,3.7746147928545527e-104,1.1336669791327792e-06,5.55721408199527e-130,4.918562830354261e-17,1.8625073037344294e-29,1.4433638632310303e-63,9.603494069878335e-49,1.5591768951011514e-36,5.064374393992073e-05,0.001465083606528379,0.0
17.666666666666668,0.028085107,0.0031970090237355827,2.9745575443036763e-104,1.1232009030263132e-06,3.5215381205653255e-130,4.5574334768365345e-17,1.5940412549711286e-29,9.94424753412839e-64,6.784728455593779e-49,1.1513884045093311e-36,4.480205232130145e-05,0.0031510837705112094,0.0
17.683333333333334,0.037446808,0.006111921394695625,2.3440769354704993e-104,1.1128311158610595e-06,2.2315550719486503e-130,4.2227872105114145e-17,1.3642459378966683e-29,6.850942406516147e-64,4.793042308276437e-49,8.501927631838924e-37,3.961795416355641e-05,0.006071190609416166,0.0
17.7,0.042127658,0.010735694827395031,1.8472305315076374e-104,1.1025567355204421e-06,1.414108631671081e-130,3.912684346387551e-17,1.1675550151030026e-29,4.719663914825568e-64,3.385834841924291e-49,6.277434952378245e-37,3.5019600854348546e-05,0.010699572669805124,0.0
17.716666666666665,0.05148936,0.017548389236129933,1.4556939760941548e-104,1.0923768879264273e-06,8.96102907193787e-131,3.6253270804818237e-17,9.992027996703504e-30,3.2512792528318535e-64,2.391641677596275e-49,4.6346450076177455e-37,3.094270330544724e-05,0.017516354155936522,0.0
17.733333333333334,0.060851064,0.026981446678084903,1.1471463360289824e-104,1.082290706966752e-06,5.678491088776165e-131,3.3590491260086386e-17,8.551091765613054e-30,2.2396491384216468e-64,1.689283001042253e-49,3.4215298641705376e-37,2.7329775354251342e-05,0.02695303461202365,0.0
17.75,0.07021277,0.03936482166578878,9.039976700000492e-105,1.0722973344228238e-06,3.598387755031424e-131,3.112306105508149e-17,7.31781051847974e-30,1.542724198578832e-64,1.1931218117514135e-49,2.525770988746102e-37,2.412944770248488e-05,0.03933961992075184,0.0
17.766666666666666,0.084255315,0.05488338206350883,7.123862881470093e-105,1.062395919898252e-06,2.2802523993981074e-131,2.8836666438570525e-17,6.2622795786254954e-30,1.062623115231251e-64,8.426424832553017e-50,1.8643933661502546e-37,2.1295846517637355e-05,0.05486102382107127,0.0
17.783333333333335,0.10297872,0.0735479361863687,5.613885421408732e-105,1.0525856207480311e-06,1.4449666784832935e-131,2.6718041111129596e-17,5.35889782481738e-30,7.3190204670697975e-65,5.9508393535355905e-50,1.37610393311209e-37,1.878803121429838e-05,0.07352809556953363,0.0
17.8,0.12170213,0.09518355669329158,4.423961003761505e-105,1.0428656020083633e-06,9.156567322117294e-132,2.475488967852201e-17,4.5857488214401676e-30,5.040916136613353e-65,4.202323941237683e-50,1.0156292423403372e-37,1.6569486312544203e-05,0.095165944341377,0.0
17.816666666666666,0.14042553,0.11943527546032007,3.486252100727326e-105,1.0332350363270965e-06,5.802397848588891e-132,2.2935816691056028e-17,3.924070878316945e-30,3.4717533473023538e-65,2.9674087276318623e-50,7.495309903859469e-38,1.4607662636759842e-05,0.11941963456264695,0.0
17.833333333333332,0.16382979,0.14578910351022734,2.7472997181047585e-105,1.0236931038947928e-06,3.6769037721078237e-132,2.1250260861903853e-17,3.35780327107251e-30,2.3909539120138255e-65,2.0952790349409365e-50,5.531139221798062e-38,1.2873563469036246e-05,0.1457752062536544,0.0
17.85,0.18723404,0.17360488326517962,2.1649758112833602e-105,1.0142389923764263e-06,2.330005655242325e-132,1.9688434086958112e-17,2.873197684955164e-30,1.6465562389994054e-65,1.479391553124956e-50,4.0814111377432057e-38,1.1341371605348794e-05,0.17359252765458186,0.0
17.866666666666667,0.2106383,0.2021567435899435,1.706081642835294e-105,1.0048718968436855e-06,1.4764938301734804e-132,1.8241264916278302e-17,2.4584855144330514e-30,1.1338745975213921e-65,1.0444827792643397e-50,3.011459446183552e-38,9.988113579419099e-06,0.20214575060446724,0.0
17.883333333333333,0.23404256,0.2306768247550035,1.344455174193757e-105,9.955910197078751e-07,9.356345455632503e-133,1.6900346152633124e-17,2.103592995255694e-30,7.807943205879843e-66,7.373886142886318e-51,2.2218501725228853e-38,8.793357618037697e-06,0.23066703580636574,0.0
17.9,0.26212767,0.2583983292090785,1.0594796012581293e-105,9.86395570653434e-07,5.9289912739165e-133,1.565788627627441e-17,1.7998972972744882e-30,5.376399080264602e-66,5.20557462273197e-51,1.6391690798306006e-38,7.73894217261768e-06,0.25838960387133525,0.0
17.916666666666668,0.2855319,0.28459466979496145,8.349080109752012e-106,9.772847665720456e-07,3.757122234922739e-133,1.4506664416962738e-17,1.5400176927512424e-30,3.701942360189677e-66,3.674668287176953e-51,1.209216670145358e-38,6.808732134952488e-06,0.2845868837780599,0.0
17.933333333333334,0.30893618,0.30861237086877413,6.579371565200093e-106,9.682578314973444e-07,2.3808376912209184e-133,1.3439988614588693e-17,1.3176367598342042e-30,2.54889049278223e-66,2.593850442264467e-51,8.919818985094871e-39,5.98840009092248e-06,0.3086054142108517,0.0
17.95,0.32765958,0.3298962955694573,5.184775498492273e-106,9.593139965401902e-07,1.5087045669597619e-133,1.2451657128550366e-17,1.1273473046150566e-30,1.754915223600872e-66,1.8308347894172037e-51,6.579299435696559e-39,5.265230194676253e-06,0.3298900710252661,0.0
17.966666666666665,0.34638298,0.3480066236820524,4.085782616447778e-106,9.504524998245533e-07,9.560455227739036e-134,1.1535922573529267e-17,9.645213050768562e-31,1.2082160829170075e-66,1.2922035304066622e-51,4.8526068982911616e-39,4.627942458212507e-06,0.3480010452870943,0.0
17.983333333333334,0.36042553,0.36262772362167955,3.2197363793705375e-106,9.416725864239513e-07,6.058329506334385e-134,1.0687458675483568e-17,8.25197711186644e-31,8.317956753238052e-67,9.119905533887318e-52,3.578842352997007e-39,4.066535447952935e-06,0.36262271541364516,0.0
18.0,0.36978722,0.3735696151717508,2.537260927339968e-106,9.329735082984752e-07,3.839079985429021e-134,9.90132945670758e-18,7.059863901324489e-31,5.726276905249612e-67,6.436170086958064e-52,2.639259981334826e-39,3.572145561578898e-06,0.3735651100526809,0.0
18.016666666666666,0.37914893,0.3807630985494216,1.9994461296049015e-106,9.2435452423236e-07,2.432771852580346e-134,9.172960672720655e-18,6.0398589517807095e-31,3.9419557157678125e-67,4.541952072887218e-52,1.94622959640367e-39,3.1369212258553104e-06,0.3807590372736715,0.0
18.03333333333333,0.38382977,0.384249840696006,1.5756292814451016e-106,9.158148997721393e-07,1.5416136817754522e-134,8.498113336669838e-18,5.167130701741518e-31,2.7135317755324074e-67,3.2050554584805077e-52,1.4350876102194377e-39,2.753910510192679e-06,0.384246170970596,0.0
18.05,0.38851064,0.38416878399123866,1.2416469861217182e-106,9.073539071653402e-07,9.768990375238127e-135,7.872859178895618e-18,4.42042787436175e-31,1.8678496814693642e-67,2.261552226058099e-52,1.058121028956256e-39,2.4169607920848147e-06,0.3841654596765394,0.0
18.066666666666663,0.38382977,0.38074020470326164,9.784575636471393e-107,8.989708252997387e-07,6.190471943041458e-135,7.293557900417871e-18,3.7815636135413446e-31,1.2856798576051619e-67,1.5957169884348385e-52,7.801264611395717e-40,2.1206292401193536e-06,0.3807371851031962,0.0
18.08333333333333,0.3744681,0.3742486289351544,7.71055451042342e-107,8.906649396431494e-07,3.9228146612139874e-135,6.756836089386478e-18,3.2349738961630933e-31,8.849275756687172e-68,1.125857417504879e-52,5.751320219305664e-40,1.86010299875994e-06,0.374245878167216,0.0
18.1,0.36510637,0.36502564156529854,6.076157046431783e-107,8.824355421837716e-07,2.4858319887276043e-135,6.259567679095187e-18,2.7673395335596954e-31,6.090692209691638e-68,7.943086603470056e-53,4.239777903034375e-40,1.6311280673199684e-06,0.365023128001689,0.0
18.116666666666667,0.3557447,0.3534334240113634,4.788198327655429e-107,8.742819313710688e-07,1.5752362870189814e-135,5.798855834998594e-18,2.3672626118024242e-31,4.191888073347788e-68,5.603684593288405e-53,3.1253008154446517e-40,1.429945964211793e-06,0.3534311197834678,0.0
18.133333333333333,0.34170213,0.3398496501639748,3.7732452444882256e-107,8.662034120571608e-07,9.982046659247888e-136,5.3720161663817276e-18,2.024989536175505e-31,2.8849405452717736e-68,3.9530895203244253e-53,2.3036359289524032e-40,1.2532373573851618e-06,0.33984753072320534,0.0
18.15,0.3229787,0.3246541720885243,2.973429863564385e-107,8.581992954387681e-07,6.3254792639559615e-136,4.976561165944825e-18,1.7321739719135004e-31,1.985401220086885e-68,2.7885491094020664e-53,1.6978890230939195e-40,1.0980719235338131e-06,0.32465221581730536,0.0
18.166666666666668,0.30893618,0.3082177488208206,2.3431501961689045e-107,8.50268898999665e-07,4.008364712670445e-136,4.610185787612557e-18,1.4816739380721736e-31,1.366293469436918e-68,1.9669744825428115e-53,1.2513486652721779e-40,9.618637727881419e-07,0.3082159366881488,0.0
18.183333333333334,0.29021275,0.290892919271605,1.8464702741277405e-107,8.424115464536604e-07,2.5400424641121974e-136,4.270754079425285e-18,1.267378137541414e-31,9.40208242980232e-69,1.3873883188234444e-53,9.221914314002765e-41,8.423318428392671e-07,0.2908912345282157,0.0
18.2,0.27148935,0.27300699687802216,1.4550713086285474e-107,8.346265676880688e-07,1.6095878214494548e-136,3.9562867944296394e-18,1.08405731359218e-31,6.469765392902263e-69,9.785348971702703e-54,6.795754480748845e-41,7.37464727317905e-07,0.2730054247867271,0.0
18.216666666666665,0.25276595,0.2548570694465518,1.1466371247133965e-107,8.269132987077226e-07,1.0199721908891613e-136,3.664949908112996e-18,9.272370290437592e-32,4.451818900222604e-69,6.901344028650512e-54,5.00758421802455e-41,6.454894583192262e-07,0.25485559704379473,0.0
18.23333333333333,0.23404256,0.23670682090972558,9.035818223924623e-108,8.192710815794622e-07,6.463413459409167e-137,3.3950439761366003e-18,7.93088782742555e-32,3.0631691912125073e-69,4.8670993000905796e-54,3.6897161912079744e-41,5.648438127168707e-07,0.23670543679483128,0.0
18.25,0.21531914,0.21878494947523602,7.120471258886238e-108,8.116992643771358e-07,4.0957694205456497e-137,3.144994270958001e-18,6.783368220787447e-32,2.1076043338687782e-69,3.4323060283909007e-54,2.718516121042523e-41,4.94151756812589e-07,0.21878364362421482,0.0
18.266666666666666,0.19659574,0.20128493517317037,5.611122576884742e-108,8.04197201127099e-07,2.595428169340708e-137,2.913341640413877e-18,5.801783904419856e-32,1.450079599803861e-69,2.420366654244301e-54,2.002835340137768e-41,4.322016843510274e-07,0.2012836987742849,0.0
18.28333333333333,0.18255319,0.18436590513189938,4.4217129036601354e-108,7.967642517541917e-07,1.6446840572294433e-137,2.6987340354892587e-18,4.962154740115466e-32,9.976525695139536e-70,1.7066944454203236e-54,1.4754792022766747e-41,3.7792713939039785e-07,0.18436473044050822,0.0
18.3,0.16382979,0.16815435312902785,3.4844247729941925e-108,7.893997820282081e-07,1.042211606593182e-137,2.4999186583527217e-18,4.2439639094803876e-32,6.863594082291623e-70,1.2033998117554109e-54,1.0869149976155276e-41,3.30389748327942e-07,0.1681532333394975,0.0
18.316666666666663,0.14978723,0.15274648745773806,2.745815877454954e-108,7.821031635108624e-07,6.604337858419882e-138,2.3157346853066977e-18,3.6296580463377046e-32,4.721812088623985e-70,8.484841749701733e-55,8.006318114060702e-42,2.8876411487082583e-07,0.15274541659045968,0.0
18.33333333333333,0.13574468,0.138211004743166,2.163772012342085e-108,7.748737735032008e-07,4.185068913855513e-138,2.145106522613743e-18,3.1042194685988895e-32,3.2482594508653297e-70,5.982149883878715e-55,5.897188386425509e-42,2.523244582310608e-07,0.13820997754493428,0.0
18.35,0.12638298,0.12459211436461441,1.705105889340664e-108,7.67710994993517e-07,2.6520145325333983e-138,1.9870375562306903e-18,2.65480011718603e-32,2.2344862332744566e-70,4.217456981985523e-55,4.3434236044286215e-42,2.204327985921984e-07,0.12459112622082083,0.0
18.366666666666667,0.11702128,0.11191266643445878,1.3436649190624542e-108,7.606142166057286e-07,1.680541107121125e-138,1.840604359326093e-18,2.270408306507157e-32,1.5370559495707207e-70,2.973198821867235e-55,3.198854778828166e-42,1.9252851520574047e-07,0.11191171329172697,0.0
18.383333333333333,0.10765957,0.10017726420163092,1.0588400794122386e-108,7.535828325482002e-07,1.0649331230369797e-138,1.7049513240960557e-18,1.9416406724596145e-32,1.0572720423228453e-70,2.0959323097153163e-55,2.3557659393976562e-42,1.681191215668144e-07,0.1001763424996768,0.0
18.4,0.09829787,0.08937526808807546,8.343908538632109e-109,7.466162425630546e-07,6.748317157588873e-139,1.57928568684005e-18,1.6604528009265274e-32,7.272252625932038e-71,1.4774427224153434e-55,1.7347829794718783e-42,1.4677211920831478e-07,0.08937437469971368,0.0
18.416666666666668,0.08893617,0.079483622526285,6.575192439299268e-109,7.397138518759208e-07,4.276304188193081e-139,1.4628729175242295e-18,1.419962958779156e-32,5.001915617531813e-71,1.0414159940146784e-55,1.2774199371371927e-42,1.2810780693811152e-07,0.0794827547046262,0.0
18.433333333333334,0.084255315,0.07046945787022062,5.181400607559911e-109,7.328750711461514e-07,2.7098275309248677e-139,1.3550324471633475e-18,1.2142841532388518e-32,3.4402421847694716e-71,7.340372708866672e-56,9.405846198953248e-43,1.1179293600652314e-07,0.07046861320221347,0.0
18.45,0.079574466,0.06229243768768434,4.0830589137182386e-109,7.260993164174649e-07,1.717175431837088e-139,1.255133708299909e-18,1.0383804335270816e-32,2.3660666948401455e-71,5.173594035190513e-56,6.925287737994504e-43,9.753511389344577e-08,0.06229161405325403,0.0
18.466666666666665,0.074893616,0.05490683669892411,3.217539538259818e-109,7.193860090690602e-07,1.0881471707013456e-139,1.1625924656668749e-18,8.879439377109435e-33,1.6272351393011425e-71,3.646254994942359e-56,5.098631900220764e-43,8.507787029553383e-08,0.05490603223504474,0.0
18.48333333333333,0.07021277,0.04826334663896357,2.535490048200649e-109,7.127345757671515e-07,6.895417450613535e-140,1.0768674157941644e-18,7.592896917875206e-33,1.1190746769168038e-71,2.569699076817092e-56,3.753578486342233e-43,7.419630860730488e-08,0.048262559708079196,0.0
18.5,0.06553192,0.04231061662478984,1.9980193988251298e-109,7.061444484169481e-07,4.369517124434909e-140,9.974570358718942e-19,6.492655995644695e-33,7.695791651730531e-72,1.8109152585770712e-56,2.763207304459772e-43,6.469327484804829e-08,0.04230984578706658,0.0
18.516666666666666,0.060851064,0.03699654149792827,1.5744804172529215e-109,6.996150641150697e-07,2.7688937027134633e-140,9.238966636227309e-19,5.551754312344465e-33,5.292161259963114e-72,1.2761293632613357e-56,2.0340315144136817e-43,5.639598369835588e-08,0.036995785486880456,0.0
18.53333333333333,0.056170214,0.0322693164126597,1.2407223328280203e-109,6.931458651023806e-07,1.7546038475487444e-140,8.557557912693516e-19,4.7471293466189864e-33,3.6391371822689684e-72,8.99232665976831e-57,1.4971945771260548e-43,4.9153048175122704e-08,0.032268574113746416,0.0
18.55,0.056170214,0.028078278980688796,9.777137192872018e-110,6.867362987172549e-07,1.1118644053065256e-140,7.926355579203897e-19,4.05905463966097e-33,2.5023579323994373e-72,6.336221231679744e-57,1.101983998042567e-43,4.283186558133573e-08,0.028077549412524497,0.0
18.566666666666663,0.05148936,0.024374561883595332,7.704573329757955e-110,6.803858173492748e-07,7.045706258435457e-141,7.341664258440288e-19,3.470657515519399e-33,1.7206246239389162e-72,4.4644663972696905e-57,8.110524127980762e-44,3.7316317797063694e-08,0.024373844181460186,0.0
18.58333333333333,0.05148936,0.02111157932143491,6.071349741369556e-110,6.740938783933188e-07,4.464750507839923e-141,6.80006027161292e-19,2.967506479293466e-33,1.1830649607856273e-72,3.1455010674948187e-57,5.968968087332283e-44,3.2504748803246676e-08,0.021110872722807712,0.0
18.6,0.05148936,0.018245370245773832,4.784336133685297e-110,6.678599442040894e-07,2.8292401591672157e-141,6.298371684766164e-19,2.5372582328046577e-33,8.134237693920656e-73,2.2161096801528038e-57,4.392648076955626e-44,2.830818661513196e-08,0.018244674077643012,0.0
18.616666666666667,0.04680851,0.015734820260786864,3.770143604562548e-110,6.61683482051047e-07,1.7928435335573053e-141,5.833659818756765e-19,2.1693556989569936e-33,5.592564336170802e-73,1.561255145589419e-57,3.232440160422444e-44,2.4648780605656328e-08,0.015734133928524206,0.0
18.633333333333333,0.04680851,0.013541782564853994,2.970939972138705e-110,6.555639640737303e-07,1.1360957126729983e-141,5.403202115672698e-19,1.8547696883077742e-33,3.844952998600845e-73,1.0998610308543518e-57,2.3785463490522274e-44,2.145842857328415e-08,0.013541105542461346,0.0
18.65,0.04680851,0.01163111651130111,2.3411521403409093e-110,6.495008672375045e-07,7.199252560040643e-142,5.004476262308416e-19,1.5857779045278028e-33,2.6433644896648248e-73,7.747884334212803e-58,1.7501283329382617e-44,1.8677570900571808e-08,0.011630448332862971,0.0
18.666666666666668,0.042127658,0.009970660422869601,1.8448674750392545e-110,6.434936732896956e-07,4.562048047565936e-142,4.635145478580598e-19,1.3557758952407775e-33,1.8172266220572818e-73,5.457703085732034e-58,1.2876725423416263e-44,1.6254131800926303e-08,0.009970000675064511,0.0
18.683333333333334,0.042127658,0.008531153304028833,1.453786020315995e-110,6.375418687161228e-07,2.8908945969914984e-142,4.2930448855123984e-19,1.1591153333177285e-33,1.2492438068554074e-73,3.8443084375172245e-58,9.473672040260057e-45,1.4142589999426878e-08,0.008530501619570117,0.0
18.7,0.042127658,0.007286118136866913,1.1456067920530997e-110,6.316449446980251e-07,1.8319120401305873e-142,3.9761688736614455e-19,9.909656799610111e-34,8.58759288726148e-74,2.7077475254689003e-58,6.969614183108107e-45,1.2303163272590755e-08,0.007285474188758942,0.0
18.716666666666665,0.037446808,0.006211717577136084,9.027561363280186e-111,6.258023970693729e-07,1.1608522136861513e-142,3.682659398660043e-19,8.4719585105104e-34,5.903123513012906e-74,1.9071278707806694e-58,5.127158185549921e-45,1.0701093111708446e-08,0.006211081073645902,0.0
18.73333333333333,0.037446808,0.00528659112607571,7.113856440927022e-111,6.200137262745679e-07,7.356126823925641e-143,3.410795135903009e-19,7.242729960956562e-34,4.0576868234577836e-74,1.3431769793024393e-58,3.771571894448437e-45,9.30601740154586e-09,0.005285961806332034,0.0
18.75,0.037446808,0.004491681265284846,5.605824833525676e-111,6.142784373265231e-07,4.66145439661286e-143,3.1589814313948105e-19,6.19175916588179e-34,2.789083154253253e-74,9.459507515086841e-59,2.7742517317242676e-45,8.091420444773079e-09,0.0044910588954270745,0.0
18.766666666666666,0.037446808,0.0038100546187999004,4.417471218786091e-111,6.085960397651243e-07,2.9538853109601463e-143,2.9257409903806097e-19,5.293210077939322e-34,1.917038059723361e-74,6.66171043270605e-59,2.040550030450449e-45,7.034150933684544e-09,0.0038094389886092015,0.0
18.78333333333333,0.037446808,0.0032267229522924307,3.481029579565616e-111,6.029660476160608e-07,1.871827296506765e-143,2.709705249659123e-19,4.5249891363765706e-34,1.3176085169038021e-74,4.691211258132686e-59,1.500813197305967e-45,6.1139995936058005e-09,0.0032261138722452206,0.0
18.8,0.037446808,0.0027284677308461514,2.7430989800085913e-111,5.97387979350028e-07,1.1861452693690856e-143,2.5096063834394695e-19,3.868203458949588e-34,9.055834729092214e-75,3.303439235974737e-59,1.1037841355273062e-45,5.313329213746218e-09,0.0027278650295375875,0.0
18.816666666666663,0.037446808,0.0023036710261628035,2.161598468786003e-111,5.91861357842313e-07,7.516401040233938e-144,2.3242698962746606e-19,3.3066974266167003e-34,6.223820649541336e-75,2.3261077225840526e-59,8.117454701649714e-46,4.6167506561484095e-09,0.0023030745480543046,0.0
18.83333333333333,0.03276596,0.0019421547801488767,1.7033674744884224e-111,5.86385710332718e-07,4.7630151721815225e-144,2.1526077600087419e-19,2.826656325370438e-34,4.27732438103169e-75,1.6378554418197094e-59,5.969444524997267e-46,4.010839205191693e-09,0.0019415643835993385,0.0
18.85,0.03276596,0.0016350297815370196,1.3422748643232405e-111,5.809605683858703e-07,3.0182412068217985e-144,1.9936120548307812e-19,2.416267347702206e-34,2.9395028931607657e-75,1.1531973421803323e-59,4.389614582147961e-46,3.483886300696701e-09,0.001634445337082333,0.0
18.866666666666667,0.03276596,0.0013745551814024807,1.057728841486245e-111,5.755854678518849e-07,1.9126076190725277e-144,1.8463490774505203e-19,2.0654296577435142e-34,2.020050528966928e-75,8.119215945741787e-60,3.2277313674366435e-46,3.0256822975730345e-09,0.001373976570252331,0.0
18.883333333333333,0.03276596,0.0011540089478757067,8.335027126898496e-112,5.702599488273666e-07,1.2119864860644337e-144,1.709953882121813e-19,1.765506423246068e-34,1.3881527549204562e-75,5.716194812157995e-60,2.373269180791038e-46,2.6273264235382324e-09,0.0011534360606004557,0.0
18.9,0.03276596,0.0009675693260704724,6.568095685604406e-112,5.64983555616786e-07,7.680148753592629e-145,1.5836252227521964e-19,1.5091127434697582e-34,9.538915909117063e-76,4.02422721564944e-60,1.744919274051711e-46,2.281060572003689e-09,0.0009670020614542835,0.0
18.916666666666668,0.03276596,0.0008102071130235257,5.175731129312988e-112,5.597558366941882e-07,4.866776976480569e-145,1.4666208666635027e-19,1.2899342797331755e-34,6.554620688702774e-76,2.832960917382909e-60,1.282869566618308e-46,1.9801239771169368e-09,0.0008096453770628543,0.0
18.933333333333334,0.028085107,0.0006775883670620165,4.0785306176394646e-112,5.545763446652633e-07,3.0839918144836322e-145,1.358253252726707e-19,1.1025721462664202e-34,4.503839861452114e-76,1.9942580900685703e-60,9.431235424888147e-47,1.7186261787195197e-09,0.0006770320720911724,0.0
18.95,0.028085107,0.000565987035374199,3.2139234625871734e-112,5.494446362297409e-07,1.954271719716992e-145,1.2578854685933826e-19,9.424102613822288e-35,3.0946048096034063e-76,1.4037989217934627e-60,6.933199350206657e-47,1.4914360023766429e-09,0.0005654360993019668,0.0
18.966666666666665,0.028085107,0.00047220689277190986,2.5326030023496967e-112,5.443602721441382e-07,1.2383877207273043e-145,1.1649275235997133e-19,8.055019085296214e-35,2.1262502607949158e-76,9.881236212900048e-61,5.0965689552397e-47,1.2940845587880842e-09,0.0004716612384152068,0.0
18.98333333333333,0.028085107,0.00039351213000813874,1.9957148509934284e-112,5.393228171848402e-07,7.8474450966548145e-146,1.0788328956360538e-19,6.884727269127029e-35,1.4608665303665616e-76,6.955054935012657e-61,3.746289479340301e-47,1.1226805123124275e-09,0.0003929716845104415,0.0
19.0,0.028085107,0.0003275659040335327,1.5726411876585153e-112,5.343318401115109e-07,4.972787417985629e-146,9.990953318667503e-20,5.884377535250681e-35,1.0036764206531853e-76,4.89522688958031e-61,2.753620383361528e-47,9.738360840376521e-10,0.00032703059835733706,0.0
19.016666666666666,0.028085107,0.000272376158816244,1.2392547367303832e-112,5.293869136308434e-07,3.151167301477801e-146,9.252458846605082e-20,5.029304824799996e-35,6.895471594870197e-77,3.4453086581755696e-61,2.0238867387943377e-47,8.446024443420757e-10,0.0002718459273001687,0.0
19.03333333333333,0.028085107,0.00022624803839780007,9.76542873624254e-113,5.244876143606262e-07,1.9968387143647635e-146,8.568501654579386e-20,4.298422018071367e-35,4.737195883401605e-77,2.424747746111551e-61,1.487468706542741e-47,7.324133163358689e-10,0.00022572281837012303,0.0
19.05,0.028085107,0.00018774223921220418,7.69523396597157e-113,5.196335227941399e-07,1.265361086332816e-146,7.935058005706862e-20,3.673701196271351e-35,3.2543621210653584e-77,1.7064288384635693e-61,1.0931734124303002e-47,6.350357577172317e-10,0.00018722197065365224,0.0
19.066666666666663,0.028085107,0.00015563868266122547,6.063901368191891e-113,5.148242232648843e-07,8.01836682436127e-147,7.348400740800999e-20,3.1397300695168127e-35,2.2356181126300975e-77,1.2008618782415718e-61,8.033595593196897e-48,5.505272168501943e-10,0.00015512330791074365,0.0
19.08333333333333,0.028085107,0.00012890492853179184,4.7783968517843803e-113,5.100593039116045e-07,5.08109513314451e-147,6.80507744091534e-20,2.6833326855107564e-35,1.5357361912448564e-77,8.45047773753603e-62,5.903514660538105e-48,4.77198071426064e-10,0.00012839439202980875,0.0
19.1,0.028085107,0.00010666879268599679,3.7654084229797956e-113,5.053383566436517e-07,3.2197984867194306e-147,6.301890196093461e-20,2.293245108857058e-35,1.0549282453885666e-77,5.946382776745953e-62,4.3380164348497936e-48,4.135789568028505e-10,0.00010616304075039627,0.0
19.116666666666667,0.023404256,8.819467669481564e-05,2.967165369260346e-113,5.006609771066539e-07,2.0403281316937393e-147,5.835876862313349e-20,1.959838108603982e-35,7.246304336736315e-78,4.184156559628542e-62,3.187511040661236e-48,3.5839227769555046e-10,8.769365732543123e-05,0.0
19.133333333333333,0.023404256,7.286316130730403e-05,2.338143713154579e-113,4.960267646484824e-07,1.2929189574005446e-147,5.4042936972780307e-20,1.6748800442881005e-35,4.977343487578131e-78,2.944059092990891e-62,2.3420289041265038e-48,3.1052737279141546e-10,7.23668240152827e-05,0.0
19.15,0.028085107,6.015345879323038e-05,1.8424700614157176e-113,4.914353222855462e-07,8.192992348943893e-148,5.0045992737312646e-20,1.4313341266617744e-35,3.418740158326601e-78,2.071422642435946e-62,1.7207308363656655e-48,2.690188683841562e-10,5.96617544520764e-05,0.0
19.166666666666668,0.028085107,4.962836051281696e-05,1.451875801058912e-113,4.868862566693755e-07,5.1917498085573754e-148,4.6344395764099323e-20,1.2231850725356835e-35,2.348129570009626e-78,1.4573859623007007e-62,1.2641943929765552e-48,2.330278154011604e-10,4.914124122833214e-05,0.0
19.183333333333334,0.028085107,4.092135503873573e-05,1.1440849774113167e-113,4.823791780535222e-07,3.289916854562247e-148,4.291634195639309e-20,1.0452908943977806e-35,1.6127444268625643e-78,1.025331212557243e-62,9.287420173459144e-49,2.0182525524642075e-10,4.043877403542692e-05,0.0
19.2,0.028085107,3.372562845935721e-05,9.015439202560139e-114,4.779137002607436e-07,2.084759922041393e-148,3.974163536962461e-20,8.932561823168243e-36,1.107634856681671e-78,7.213359440925764e-63,6.822707175369012e-49,1.7477790458205571e-10,3.324753998119184e-05,0.0
19.216666666666665,0.023404256,2.778469195707181e-05,7.104201725938137e-114,4.734894406504949e-07,1.3210739756366553e-148,3.6801569721155305e-20,7.633237632051502e-36,7.607032914993609e-79,5.074518430132315e-63,5.011859200737903e-49,1.51335688302842e-10,2.7311051180732978e-05,0.0
19.23333333333333,0.023404256,2.2884412324570882e-05,5.598136337920544e-114,4.691060200867113e-07,8.371401775685954e-149,3.4078818621418104e-20,6.522820737145156e-36,5.224222160587591e-79,3.5697353934551995e-63,3.681472576279944e-49,1.310208842046551e-10,2.2415175283599933e-05,0.0
19.25,0.023404256,1.8846248786088866e-05,4.4113493067913265e-114,4.6476306290588107e-07,5.304802203640416e-149,3.155733388521828e-20,5.573859689192546e-36,3.587696385156805e-79,2.5110838319741376e-63,2.7041136616218756e-49,1.1341867281172573e-10,1.8381372304510144e-05,0.0
19.266666666666666,0.023404256,1.55215244231744e-05,3.476155665641377e-114,4.6046019688541196e-07,3.3615545691527004e-149,2.9222251329055933e-20,4.762890189531402e-36,2.463754762329915e-79,1.7663243594914807e-63,1.986136374407222e-49,9.816891203728956e-11,1.5060966057376922e-05,0.0
19.28333333333333,0.023404256,1.2786582803234921e-05,2.7392191302398574e-114,4.561970532122765e-07,2.130154466500903e-149,2.7059803503955153e-20,4.069856279931551e-36,1.691870280136532e-79,1.2424068269911264e-63,1.4587270071660496e-49,8.49589792721036e-11,1.2330300791043346e-05,0.0
19.3,0.023404256,1.0538700240322324e-05,2.158510311397044e-114,4.5197326645194394e-07,1.3498390556989797e-149,2.505723885374583e-20,3.477615513421143e-36,1.1617815638590435e-79,8.738590493629386e-64,1.0713217009315057e-49,7.351754353346436e-11,1.0086653456326821e-05,0.0
19.316666666666663,0.023404256,8.69264166448728e-06,1.700909753679829e-114,4.4778847451760287e-07,8.553676939444592e-150,2.320274682619588e-20,2.9715159276457845e-36,7.977554434017799e-80,6.146150608775009e-64,7.867681759975035e-50,6.360914782127849e-11,8.244789580821833e-06,0.0
19.33333333333333,0.023404256,7.177763529413997e-06,1.3403191051509e-114,4.4364231863964287e-07,5.420304173764442e-150,2.148538849911376e-20,2.53903440738672e-36,5.4777598887248866e-80,4.322642538527114e-64,5.777696902697108e-50,5.5029497131984024e-11,6.7340661812772005e-06,0.0
19.35,0.023404256,5.935580739399534e-06,1.0561727003479473e-114,4.3953444333543054e-07,3.4347444890985407e-150,1.9895032315731046e-20,2.1694675322719003e-36,3.761180438314752e-80,3.040043688037073e-64,4.242715355500546e-50,4.7601360951111687e-11,5.495998694703132e-06,0.0
19.366666666666667,0.023404256,4.9177264130397525e-06,8.322646734575756e-115,4.3546449637935425e-07,2.1765325862147693e-150,1.8422294553465893e-20,1.8536672964461396e-36,2.582458492370528e-80,2.1379363240163337e-64,3.1154034001441975e-50,4.117101072244398e-11,4.4822207456496576e-06,0.0
19.383333333333333,0.023404256,4.084243601308619e-06,6.558247127538507e-115,4.314321287731301e-07,1.3792273910860013e-150,1.7058484177795907e-20,1.5838151907053096e-36,1.773089169253431e-80,1.5034680682857122e-64,2.2875258897341282e-50,3.560512298831892e-11,3.6527758674124832e-06,0.0
19.4,0.023404256,3.4021570105910815e-06,5.167897469920618e-115,4.274369947163911e-07,8.739901441966261e-151,1.5795551758584688e-20,1.3532290814106549e-36,1.2173512098183039e-80,1.0572512666258832e-64,1.6795740752877713e-50,3.0788087797126684e-11,2.9746892277868776e-06,0.0
19.416666666666668,0.023404256,2.844280503277477e-06,4.072300281840408e-115,4.2347875157753083e-07,5.538308693901358e-151,1.462604214989429e-20,1.1561981275379446e-36,8.357749216685517e-81,7.434415739443235e-65,1.23314402779487e-50,2.6619669743033814e-11,2.420775132030189e-06,0.0
19.433333333333334,0.023404256,2.3882228037694258e-06,3.208968802387693e-115,4.1955705986482456e-07,3.5095201824517724e-151,1.3543050656313454e-20,9.878416673021303e-37,5.73787324102742e-81,5.227573622362326e-65,9.053364843374575e-51,2.3012975782255976e-11,1.9686427309288054e-06,0.0
19.45,0.018723404,2.015559557210796e-06,2.528663214530787e-115,4.1567158319779573e-07,2.223915551870002e-151,1.2540182429180764e-20,8.43988595861204e-37,3.9391341874089955e-81,3.675684420342858e-65,6.646421776378715e-51,1.989268988428885e-11,1.5998680813231035e-06,0.0
19.466666666666665,0.018723404,1.7111447903370531e-06,1.9925823646238668e-115,4.118219882788542e-07,1.409252460152121e-151,1.1611514854959605e-20,7.210742601389054e-37,2.704200279304722e-81,2.584408034492388e-65,4.879187516267926e-51,1.7193539734857616e-11,1.2993056085184526e-06,0.0
19.48333333333333,0.018723404,1.4625390146370664e-06,1.570150818201513e-115,4.080079448651857e-07,8.930160690011516e-152,1.0751562715492579e-20,6.160523281987303e-37,1.8563729184812264e-81,1.8170580943985112e-65,3.581697760246042e-51,1.4858965205405446e-11,1.0545162108066646e-06,0.0
19.5,0.018723404,1.259534786104324e-06,1.2372750456837663e-115,4.042291257408969e-07,5.658869882783037e-152,9.955245916067724e-21,5.263194594545725e-37,1.2743241930407918e-81,1.2775016428654045e-65,2.6291311725644014e-51,1.2839962225497372e-11,8.552928204011916e-07,0.0
19.516666666666666,0.018723404,1.093763576961052e-06,9.749692861464868e-116,4.004852066894173e-07,3.5859159420118795e-152,9.217859592235518e-21,4.496509173739962e-37,8.747480961295501e-82,8.981297978913218e-66,1.9298232938642068e-51,1.1094079112666145e-11,6.932672761925129e-07,0.0
19.53333333333333,0.018723404,9.583703966816106e-07,7.682727201738033e-116,3.9677586646613877e-07,2.2723250933944707e-152,8.535046420216365e-21,3.841455359708182e-37,6.004467480893817e-82,6.313959414965026e-66,1.4164618494481312e-51,9.584545392981055e-12,5.615849456700703e-07,0.0
19.55,0.018723404,8.47744787162836e-07,6.053961963369993e-116,3.9310078677131904e-07,1.4399280322531602e-152,7.902770968628925e-21,3.2817868192121287e-37,4.121491814131442e-82,4.438636366386159e-66,1.0396193255535044e-51,8.279515740949824e-12,4.546357208757682e-07,0.0
19.566666666666663,0.018723404,7.572986665293292e-07,4.770498474714858e-116,3.8945965222322167e-07,9.124541934287508e-153,7.317295941202296e-21,2.803620512395788e-37,2.828934414842826e-82,3.120200533408452e-66,7.630025808727632e-52,7.151413928118961e-12,3.678318628921721e-07,0.0
19.58333333333333,0.018723404,6.832830570150066e-07,3.7591324925921266e-116,3.8585215033149513e-07,5.782043027569834e-153,6.775160171193525e-21,2.3950930796315764e-37,1.9416897978864866e-82,2.193313252483233e-66,5.5996379268054214e-52,6.176363638683122e-12,2.97424730319866e-07,0.0
19.6,0.018723404,6.22637047263279e-07,2.9621790299602736e-116,3.822779714708047e-07,3.663966800962354e-153,6.273158238485513e-21,2.0460671636387064e-37,1.3326784956472728e-82,1.541714980372242e-66,4.109379381208092e-52,5.333694724878891e-12,2.4035374209774323e-07,0.0
19.616666666666667,0.0140425535,5.728634450634011e-07,2.3341823044044434e-116,3.787368088546981e-07,2.3217834098651706e-153,5.808321589828605e-21,1.747880413730805e-37,9.146596939438715e-83,1.0836595247711556e-66,3.015608474899495e-52,4.6055149674807455e-12,1.9412203069372967e-07,0.0
19.633333333333333,0.0140425535,5.319265047058163e-07,1.8393231664087325e-116,3.7522835850970115e-07,1.471268174024816e-153,5.377901051485073e-21,1.4931309720373713e-37,6.277436705458269e-83,7.616702626461277e-67,2.2128713884319393e-52,3.97633870585648e-12,1.566941698574039e-07,0.0
19.65,0.0140425535,4.981678910166754e-07,1.4493761450472758e-116,3.7175231924965954e-07,9.323134309230801e-154,4.979350631692821e-21,1.275494141738189e-37,4.308179910315095e-83,5.353361746123285e-67,1.6237530003696375e-52,3.4327648325999513e-12,1.2641213900217823e-07,0.0
19.666666666666668,0.0140425535,4.702376930274336e-07,1.1420995946215618e-116,3.68308392650304e-07,5.9078846090573916e-154,4.610312517905612e-21,1.0895657069110283e-37,2.9566100321366442e-83,3.762458185560699e-67,1.1914241735483118e-52,2.963197631416198e-12,1.0192633717949353e-07,0.0
19.683333333333334,0.0140425535,4.4703784405150783e-07,8.999671265916212e-117,3.6489628302405617e-07,3.7437085488432817e-154,4.268603180769545e-21,9.307280314768638e-38,2.0290045717002194e-83,2.6442488748957226e-67,8.741693380575259e-53,2.5576047926461247e-12,8.21390034226547e-08,0.0
19.7,0.0140425535,4.276757586229415e-07,7.091679755633596e-117,3.6151569739505064e-07,2.3723131796293016e-154,3.9522005032725135e-21,7.950356271212463e-38,1.3923897173114699e-83,1.85831180233369e-67,6.41368349496056e-53,2.207307685062969e-12,6.61578539202018e-08,0.0
19.716666666666665,0.0140425535,4.114263747045115e-07,5.588192861930559e-117,3.5816634547439257e-07,1.5032872557944415e-154,3.659231859511377e-21,6.791173608356895e-38,9.554928233583874e-84,1.3059318318800182e-67,4.7054628036229535e-53,1.90479960977106e-12,5.3258124430505514e-08,0.0
19.73333333333333,0.0140425535,3.9770110400227016e-07,4.403453943864192e-117,3.5484793963563657e-07,9.526028873647901e-155,3.3879630730809115e-21,5.800928836941146e-38,6.556664011878194e-84,9.177156779557389e-68,3.4520740392820824e-53,1.6435883247270893e-12,4.28515207783055e-08,0.0
19.75,0.0140425535,3.8602245445933614e-07,3.469887004218364e-117,3.5156019489048714e-07,6.03645232743325e-155,3.1367881902454644e-21,4.955012137895466e-38,4.499117594211471e-84,6.4488395158132e-68,2.5324499254496216e-53,1.4180596175460555e-12,3.4460841509228345e-08,0.0
19.766666666666666,0.0140425535,3.7600330576260304e-07,2.734242367909623e-117,3.483028288647236e-07,3.825177747866436e-155,2.904220007827149e-21,4.2323970655733804e-38,3.0871711870277786e-84,4.531487816084961e-68,1.8577390501981181e-53,1.223359129377918e-12,2.7699253538747186e-08,0.0
19.78333333333333,0.0140425535,3.6732999832896265e-07,2.154559476586394e-117,3.4507556177433434e-07,2.4239375706423988e-155,2.688881300168337e-21,3.6151190240769504e-38,2.1182785550443766e-84,3.1840944871975804e-68,1.3627359162318827e-53,1.0552900020640132e-12,2.225338126462351e-08,0.0
19.8,0.0140425535,3.5974854492170524e-07,1.697773571921814e-117,3.418781164018792e-07,1.5359999581332966e-155,2.489496693624995e-21,3.0878296101080247e-38,1.4534311148361845e-84,2.2372628616262543e-68,9.995900233968392e-54,9.102242417494907e-13,1.7869518295581788e-08,0.0
19.816666666666663,0.0140425535,3.530533969698076e-07,1.3378297638430504e-117,3.3871021807305965e-07,9.733318652219266e-156,2.304885140843358e-21,2.637415791306981e-38,9.972290012994899e-85,1.571933138821754e-68,7.331881063370443e-54,7.850259709432393e-13,1.4342393870774678e-08,0.0
19.83333333333333,0.0140425535,3.47078299170554e-07,1.0541969184103699e-117,3.355715946334982e-07,6.167805128573499e-156,2.133952950588926e-21,2.2526744921692062e-38,6.84202168957078e-85,1.1044273892209416e-68,5.377646696927327e-54,6.769849831788675e-13,1.1506027552070463e-08,0.0
19.85,0.0140425535,3.416888496865609e-07,8.30696603685931e-118,3.3246197642573683e-07,3.9084117495836216e-156,1.9756873321572968e-21,1.9240345298981307e-38,4.694216644347518e-85,7.75936822802929e-69,3.944142038282089e-54,5.837592247227869e-13,9.226289501597344e-09,0.0
19.866666666666667,0.0140425535,3.3677645224024816e-07,6.545803012595135e-118,3.2938109626644174e-07,2.4766802510302754e-156,1.829150416413046e-21,1.6433190137555866e-38,3.2205569511907357e-85,5.451320338738754e-69,2.8926528720610135e-54,5.033250103585365e-13,7.394852648794176e-09,0.0
19.883333333333333,0.0140425535,3.322534031967763e-07,5.158022509908093e-118,3.263286894238071e-07,1.569421278549222e-156,1.6934737182992383e-21,1.4035423225270186e-38,2.2094696787096466e-85,3.829686678539839e-69,2.1214053231583327e-54,4.3393393878088186e-13,5.924279839028756e-09,0.0
19.9,0.0140425535,3.280489034211955e-07,4.064464545592321e-118,3.233044935951752e-07,9.945098677912622e-157,1.5678530082531227e-21,1.1987366303287633e-38,1.5157736471807578e-85,2.69036395606176e-69,1.5557313973800623e-54,3.74075610709588e-13,4.744035750408046e-09,0.0
19.916666666666668,0.0140425535,3.241058230524783e-07,3.2027515596265272e-118,3.203082488848501e-07,6.302003230914553e-157,1.4515435623603718e-21,1.0238036822622022e-38,1.0398481846538321e-85,1.889927438578828e-69,1.1408519100497901e-54,3.224453722243411e-13,3.79725172225456e-09,0.0
19.933333333333334,0.018723404,3.2037807881454725e-07,2.5237304565776757e-118,3.173396977821233e-07,3.9934487119153804e-157,1.3438557633058951e-21,8.743881464369765e-39,7.133371437417051e-86,1.3275949091583226e-69,8.36580413379352e-55,2.7791640941958403e-13,3.038103116013171e-09,0.0
19.95,0.018723404,3.1682850929146743e-07,1.988668947407755e-118,3.143985851394864e-07,2.5305653998793345e-157,1.2441510262371896e-21,7.467694030621845e-39,4.893381650268562e-86,9.325506540632536e-70,6.1343695880040764e-55,2.3951561035370993e-13,2.4296846363694243e-09,0.0
19.966666666666665,0.018723404,3.134271547327135e-07,1.5670462782342272e-118,3.114846581510507e-07,1.60356653832237e-157,1.1518380255654058e-21,6.377690878465515e-39,3.3567015167051644e-86,6.550368594876352e-70,4.497965052160234e-55,2.0640268822853392e-13,1.942290178973445e-09,0.0
19.98333333333333,0.018723404,3.1014986525347127e-07,1.2348123343952581e-118,3.0859766633115944e-07,1.0161466035305214e-157,1.0663692004956812e-21,5.446720971258537e-39,2.3025325616642963e-86,4.6009292179553836e-70,3.297965995937367e-55,1.7785212734992256e-13,1.5520210701834602e-09,0.0
20.0,0.018723404,3.0697717543937196e-07,9.730158228133929e-119,3.057373614931938e-07,6.4391081529124806e-158,9.872375187162554e-22,4.6515909559628645e-39,1.579386025714178e-86,3.23155774392238e-70,2.4180222514573447e-55,1.532375720544448e-13,1.2396607086050675e-09,0.0
20.016666666666666,0.018723404,3.0389339492011085e-07,7.667232867860659e-119,3.029034977285745e-07,4.080327616542436e-158,9.139734791921787e-22,3.9724885251285256e-39,1.0833288050847016e-86,2.2696813779863432e-70,1.772794925545615e-55,1.320183296244566e-13,9.897651732057883e-10,0.0
20.03333333333333,0.018723404,3.008858739081484e-07,6.041672956182063e-119,3.0009583138594655e-07,2.5856177182567166e-158,8.461423364144696e-22,3.392489757584838e-39,7.430564604867952e-87,1.594059481467628e-70,1.2996932340110469e-55,1.1372770228567683e-13,7.899287944987114e-10,0.0
20.05,0.018723404,2.97944410391006e-07,4.760752230733608e-119,2.973141210505626e-07,1.6384513894898206e-158,7.833415297572664e-22,2.897138213234369e-39,5.096510179439296e-87,1.1195174182521512e-70,9.528124673510319e-56,9.796290158210193e-14,6.301913775410239e-10,0.0
20.066666666666663,0.018723404,2.950607719342074e-07,3.7514032899214045e-119,2.945581275238496e-07,1.0382519904832109e-158,7.2519830280094e-22,2.474085336015307e-39,3.495534311549597e-87,7.862197332737666e-71,6.984869273835154e-56,8.43763315299441e-14,5.025600340255164e-10,0.0
20.08333333333333,0.018723404,2.922283101562565e-07,2.956049751074467e-119,2.918276138031546e-07,6.579182741074511e-159,6.713674985956363e-22,2.112783239101673e-39,2.397418590945464e-87,5.521331542088034e-71,5.120277217109642e-56,7.266805564072335e-14,4.0062368504560855e-10,0.0
20.1,0.018723404,2.894416500901824e-07,2.329322020159824e-119,2.891223450616855e-07,4.169088286676135e-159,6.215295178750242e-22,1.804222245342271e-39,1.6442347694605766e-87,3.877310329936233e-71,3.753298201010324e-56,6.257928775985154e-14,3.192424492085251e-10,0.0
20.116666666666667,0.023404256,2.866964400227645e-07,1.8354693424198183e-119,2.8644208862862976e-07,2.6418624404706036e-159,5.753884281873659e-22,1.5407066659319447e-39,1.1276478072193318e-87,2.7227276142408206e-71,2.751168131979078e-56,5.388676819957349e-14,2.542975073659547e-10,0.0
20.133333333333333,0.023404256,2.839891501458381e-07,1.4463205181979882e-119,2.8378661396944797e-07,1.6740918219803e-159,5.326702127991403e-22,1.3156632488385781e-39,7.733442455834299e-88,1.911898249433702e-71,2.01653480018543e-56,4.6397905296269885e-14,2.0248977848430882e-10,0.0
20.15,0.023404256,2.813169105811995e-07,1.139676963445538e-119,2.81155692666353e-07,1.0608361607998203e-159,4.931211490488803e-22,1.1234775390518677e-39,5.30349295955021e-88,1.3424939843652057e-71,1.4780151953373584e-56,3.994657867514171e-14,1.611779682673579e-10,0.0
20.166666666666668,0.023404256,2.786773811473913e-07,8.980464549245253e-120,2.785490983989665e-07,6.722291198607539e-160,4.5650630658999095e-22,9.59354085328775e-40,3.636980125499087e-88,9.426423810950843e-72,1.0832700266417818e-56,3.438951449258849e-14,1.2824835890979064e-10,0.0
20.183333333333334,0.023404256,2.760686467014194e-07,7.07645332539644e-120,2.759666069251493e-07,4.259771405210788e-160,4.226081566672819e-22,8.191970199515939e-40,2.4940760085778905e-88,6.618638522612501e-72,7.939246108244406e-57,2.9603155037409805e-14,1.0201017311457636e-10,0.0
20.2,0.023404256,2.7348913307513984e-07,5.5761224388711646e-120,2.7340799606200344e-07,2.6993253455725116e-160,3.912252842250475e-22,6.99508043729481e-40,1.7102842650899412e-88,4.647051636039119e-72,5.818440181594192e-57,2.5480955556247156e-14,8.11115321804777e-11,0.0
20.216666666666665,0.023404256,2.7093753958681356e-07,4.393885824204628e-120,2.708730456670516e-07,1.7105041709018987e-160,3.6217119525020956e-22,5.972992805981341e-40,1.1727806900435296e-88,3.2626727424343723e-72,4.264014898596225e-57,2.1931050243961036e-14,6.447198871138681e-11,0.0
20.23333333333333,0.023404256,2.6841278488564287e-07,3.462302788239855e-120,2.683615376195849e-07,1.0839094653561877e-160,3.352732123143918e-22,5.100188354031662e-40,8.041836454226358e-89,2.290639568977329e-72,3.1247533582683034e-57,1.88742371940758e-14,5.122839182048007e-11,0.0
20.25,0.023404256,2.6591396351563497e-07,2.7282309759521575e-120,2.6587325580218037e-07,6.8684991146893495e-161,3.103714517983528e-22,4.354872039443152e-40,5.514214075423968e-89,1.6081526686244022e-72,2.2898009070933962e-57,1.624223890151197e-14,4.069147121538132e-11,0.0
20.266666666666666,0.023404256,2.634403110930123e-07,2.1497949481229037e-120,2.6340798608238867e-07,4.352418533265262e-161,2.873178767631307e-22,3.718429539254995e-40,3.780959245886954e-89,1.1289770461824016e-72,1.6778947344094302e-57,1.3976200791082342e-14,3.2311034422592815e-11,0.0
20.28333333333333,0.023404256,2.6099117640152145e-07,1.6939974536149297e-120,2.609655162945824e-07,2.7580327691062457e-161,2.65975419877819e-22,3.1749632578115458e-40,2.5924500051502827e-89,7.925566481509322e-73,1.2294666881519272e-57,1.2025395333418353e-14,2.5648081543482837e-11,0.0
20.3,0.023404256,2.5856599904101965e-07,1.3348371388299771e-120,2.58545636221977e-07,1.7477051239875654e-161,2.462171712267333e-22,2.710895991443881e-40,1.7774968313993467e-89,5.5636900088223075e-73,9.008530360041852e-58,1.0346103711558727e-14,2.0352472938639954e-11,0.0
20.316666666666663,0.018723404,2.5616429153168257e-07,1.0518253246242112e-120,2.5614813757881154e-07,1.1074824784709017e-161,2.279256262008139e-22,2.3146323886365315e-40,1.2187015513245777e-89,3.905557092299607e-73,6.600492013528528e-58,8.900650808489707e-15,1.6145052220008395e-11,0.0
20.33333333333333,0.018723404,2.537856249914085e-07,8.288172442672778e-121,2.5377281399268764e-07,7.0178734943539195e-162,2.109919890322373e-22,1.976269781339174e-40,8.35556856993019e-90,2.7415145621413556e-73,4.8359735171799504e-58,7.65657257842697e-15,1.2803342148049517e-11,0.0
20.35,0.018723404,2.51429617677395e-07,6.530910733534812e-121,2.51419460987076e-07,4.447072129126008e-162,1.9531552785929987e-22,1.6873511904834085e-40,5.728551179721833e-90,1.9243571059618475e-73,3.543046202526027e-58,6.585897711769038e-15,1.015010442114874e-11,0.0
20.366666666666667,0.018723404,2.490959258224653e-07,5.1462221703999695e-121,2.4908787596398023e-07,2.818011615111207e-162,1.808029775121521e-22,1.440654357409342e-40,3.9273876026607435e-90,1.3507294459220197e-73,2.595703437200802e-58,5.664527965337837e-15,8.044193956934504e-12,0.0
20.383333333333333,0.018723404,2.467842363090741e-07,4.05511457839361e-121,2.467778581867523e-07,1.7857117292015788e-162,1.6736798649143983e-22,1.2300115488318478e-40,2.6924828196592085e-90,9.480662801380345e-74,1.9015981223403238e-58,4.871703657738112e-15,6.373250618032002e-12,0.0
20.4,0.0140425535,2.444942608143148e-07,3.195343437264376e-121,2.444892087630708e-07,1.1315660027248322e-162,1.5493060487255081e-22,1.0501556484068218e-40,1.8458327880257798e-90,6.654213175686015e-74,1.3930537541780512e-58,4.189542669346526e-15,5.047861701170571e-12,0.0
20.416666666666668,0.0140425535,2.4222573113186815e-07,2.5178611214843653e-121,2.42221730628073e-07,7.170482789030707e-163,1.4341681010935665e-22,8.96588701886654e-41,1.2653831348868095e-90,4.6702748507922366e-74,1.020475384727785e-58,3.602642876501603e-15,3.99690115210036e-12,0.0
20.433333333333334,0.0140425535,2.399783954352135e-07,1.984018951401239e-121,2.399752285276394e-07,4.543775567599631e-163,1.3275806793503307e-22,7.654696415267854e-41,8.674451604005678e-91,3.2777508153501436e-74,7.475199206406274e-59,3.0977393236533973e-15,3.1638098346342125e-12,0.0
20.45,0.0140425535,2.3775201529328905e-07,1.5633624498792762e-121,2.3774950900182812e-07,2.879289368385223e-163,1.22890925764463e-22,6.535183926833851e-41,5.946375716596314e-91,2.3003675641544726e-74,5.4755612580283785e-59,2.6634086246900335e-15,2.503628052162395e-12,0.0
20.466666666666665,0.0140425535,2.3554636328741753e-07,1.2318940370827602e-121,2.35544380368464e-07,1.8245414025080342e-163,1.1375663619460077e-22,5.579339732824173e-41,4.076176922175439e-91,1.6143822971624587e-74,4.010700225144188e-59,2.2898141106627513e-15,1.980629139303277e-12,0.0
20.48333333333333,0.0140425535,2.3336122110848086e-07,9.707040602148248e-122,2.33359652706874e-07,1.1561710738848622e-163,1.0530080837670601e-22,4.763245451684375e-41,2.7941138452397114e-91,1.1329309224258445e-74,2.9376327848299355e-59,1.968486127520499e-15,1.5664331206145586e-12,0.0
20.5,0.0140425535,2.3119637803753663e-07,7.64892066110326e-122,2.3119513784177186e-07,7.326396927749653e-164,9.747308519886907e-23,4.0664767391088874e-41,1.9152505281172973e-91,7.950389577900697e-75,2.15159540610737e-59,1.6921326531653395e-15,1.2385036320251814e-12,0.0
20.516666666666666,0.0140425535,2.2905162973246159e-07,6.027167810845255e-122,2.2905064932729086e-07,4.642573159777939e-164,9.022684436962866e-23,3.4715930784976886e-41,1.312796880555182e-91,5.579064304150342e-75,1.5758307186901275e-59,1.4544760645029792e-15,9.789506945790628e-13,0.0
20.53333333333333,0.0140425535,2.2692677725873451e-07,4.749263087779591e-122,2.2692600243115617e-07,2.941894107008739e-164,8.351892163453461e-23,2.963702043174615e-41,8.998289531858177e-92,3.9149150596606215e-75,1.154102605998757e-59,1.250112456345562e-15,7.735774658215785e-13,0.0
20.55,0.0140425535,2.248216263149327e-07,3.742303371039104e-122,2.248210141190088e-07,1.8642119358086212e-164,7.730935448825986e-23,2.530087164780736e-41,6.16755315744227e-92,2.747080473795827e-75,8.452111938026402e-60,1.0743904072732962e-15,6.111215334073003e-13,0.0
20.566666666666663,0.0140425535,2.227359866134459e-07,2.9488424620781593e-122,2.2273550303886848e-07,1.1813089659324946e-164,7.156114486583687e-23,2.15989012688887e-41,4.22723488912169e-92,1.92756274223696e-75,6.189735207769436e-60,9.233065134587392e-16,4.826512708290067e-13,0.0
20.58333333333333,0.0140425535,2.2066967138488907e-07,2.3236139268283702e-122,2.2066928950573464e-07,7.485687348999995e-165,6.624003940870817e-23,1.84383935652128e-41,2.897279740371063e-92,1.3524892100902918e-75,4.53278339217471e-60,7.934153791663817e-16,3.8108573894423787e-13,0.0
20.6,0.009361702,2.186224969810709e-07,1.8309487527352145e-122,2.18622195486334e-07,4.743510173232119e-165,6.131432600514224e-23,1.574018242547638e-41,1.985706594695137e-92,9.489586319512883e-76,3.319280683563799e-60,6.817520700756169e-16,3.0081298475647886e-13,0.0
20.616666666666667,0.009361702,2.1659428255644856e-07,1.4427405086254163e-122,2.165940445840049e-07,3.0058545151409287e-165,5.675464540064026e-23,1.3436671976406476e-41,1.3609129765786078e-92,6.658079535451225e-76,2.4305757504840767e-60,5.857653095787102e-16,2.37386678291704e-13,0.0
20.633333333333333,0.009361702,2.1458484981206877e-07,1.136841927720892e-122,2.145846620237145e-07,1.904741505050985e-165,5.2533816763047785e-23,1.147014624157691e-41,9.326877863083114e-93,4.671312746312192e-76,1.7797564034380777e-60,5.032599347000707e-16,1.8728509428567707e-13,0.0
20.65,0.009361702,2.125940227892574e-07,8.958014447883081e-123,2.125938746372178e-07,1.2069911962020373e-165,4.8626676169570514e-23,9.79132564979516e-42,6.391943247875757e-93,3.277307698054593e-76,1.3031614991601252e-60,4.3234733238036427e-16,1.4771969220411422e-13,0.0
20.666666666666668,0.009361702,2.1062162770289326e-07,7.058676112702868e-123,2.106215108483507e-07,7.648427033288388e-166,4.5009927059228414e-23,8.358134359004613e-42,4.380465316006986e-93,2.2992375316805016e-76,9.54162274107964e-61,3.7140275298724613e-16,1.1648313976317572e-13,0.0
20.683333333333334,0.009361702,2.0866749280617828e-07,5.562045935471911e-123,2.0866740065845673e-07,4.846632852644866e-166,4.1662001765041254e-23,7.134647619572663e-42,3.001914545160321e-93,1.613016650675273e-76,6.986064923152674e-61,3.1902854987798806e-16,9.182869294681337e-14,0.0
20.7,0.009361702,2.0673144828046122e-07,4.382740009132222e-123,2.0673137563194395e-07,3.071199896093314e-166,3.8562933305734666e-23,6.090192891848459e-42,2.0571557604243462e-93,1.1315722520301523e-76,5.1148089840916634e-61,2.740225249441393e-16,7.237449472467673e-14,0.0
20.716666666666665,0.009361702,2.04813326144997e-07,3.453477783236304e-123,2.048132688819768e-07,1.946148678510956e-166,3.569423667743489e-23,5.1985822688326596e-42,1.4097004143473776e-93,7.938056692181161e-77,3.744662640030677e-61,2.3535067316914253e-16,5.702766947801453e-14,0.0
20.73333333333333,0.009361702,2.0291296018255884e-07,2.7212437573726828e-123,2.0291291505629717e-07,1.2332295306292144e-166,3.303879894199042e-23,4.437457031168012e-42,9.660004016731653e-94,5.568453671605934e-77,2.7414637203864753e-61,2.021237167873111e-16,4.4924137928805416e-14,0.0
20.75,0.009361702,2.01030185877661e-07,2.1442629745581682e-123,2.0103015032317204e-07,7.814690536402476e-167,3.0580777460592007e-23,3.787727960071541e-42,6.619400265052604e-94,3.906101931699307e-77,2.006960775437501e-61,1.7357690377631422e-16,3.5380912039273714e-14,0.0
20.766666666666666,0.009361702,1.9916484036482172e-07,1.6896177732782512e-123,1.9916481235747507e-07,4.951988440879599e-167,2.8305505669556774e-23,3.2330974239535073e-42,4.535768319583842e-94,2.7399404234238097e-77,1.4692032907252333e-61,1.4905261798171323e-16,2.7858293994212416e-14,0.0
20.78333333333333,0.004680851,1.9731676238480572e-07,1.3313698387314824e-123,1.9731674032688786e-07,3.137960185680347e-167,2.6199405839749914e-23,2.759651295861601e-42,3.107949802290268e-94,1.9218845352836648e-77,1.0755028750695166e-61,1.2798541074830911e-16,2.192993243071308e-14,0.0
20.8,0.004680851,1.954857922472305e-07,1.0490804197424833e-123,1.9548577487823132e-07,1.988452425254081e-167,2.4249908302463357e-23,2.3555105024072183e-42,2.1295511105160572e-94,1.348037979934369e-77,7.872777607421745e-62,1.0988911788966399e-16,1.7259110042809414e-14,0.0
20.816666666666663,0.004680851,1.9367177179823928e-07,8.266442921223528e-124,1.9367175812392194e-07,1.2600359891123145e-167,2.2445376662821095e-23,2.0105334939211772e-42,1.459127045210199e-94,9.455089988037763e-78,5.762768382220317e-62,9.43457723465253e-17,1.357997152115977e-14,0.0
20.83333333333333,0.009361702,1.9187454439220942e-07,6.513709477423345e-124,1.9187453362854632e-07,7.984554023376091e-168,2.0775038557227723e-23,1.716062197358709e-42,9.997447710656874e-95,6.631594234960066e-78,4.218141728074237e-62,8.099606298882458e-17,1.068266701547074e-14,0.0
20.85,0.009361702,1.9009395486669377e-07,5.132605922765947e-124,1.900939463955647e-07,5.059625200510103e-168,1.922892154421078e-23,1.4647050996403627e-42,6.849773284446477e-95,4.651135616282721e-78,3.0874365488263426e-62,6.953112458605673e-17,8.401597910183977e-15,0.0
20.866666666666667,0.009361702,1.8832984951993844e-07,4.044336480160877e-124,1.8832984285413312e-07,3.206165965861741e-168,1.7797793748377596e-23,1.2501520367343865e-42,4.693040503613778e-95,3.2620369539850313e-78,2.2597574785239055e-62,5.968547376750103e-17,6.606119829973003e-15,0.0
20.883333333333333,0.004680851,1.8658207609046416e-07,3.1868121535021062e-124,1.8658207084604188e-07,2.031672123780092e-168,1.6473108905366734e-23,1.0670160560107497e-42,3.215314682214478e-95,2.287744947303115e-78,1.6539127285420554e-62,5.123093147434015e-17,5.193191326946069e-15,0.0
20.9,0.004680851,1.848504837383117e-07,2.5111084701630482e-124,1.8485047961277758e-07,1.287422850989408e-168,1.524695548174347e-23,9.106983959690762e-43,2.2028441284798427e-95,1.6044095000997035e-78,1.210459769996175e-62,4.3971394536579283e-17,4.081562726051986e-15,0.0
20.916666666666668,0.004680851,1.8313492302762457e-07,1.978674266790058e-124,1.8313491978270244e-07,8.158095303195571e-169,1.4112009567912892e-23,7.772732052391664e-43,1.50915963920082e-95,1.1251534964507347e-78,8.858806001984568e-63,3.773833807755874e-17,3.2071837579308063e-15,0.0
20.933333333333334,0.004680851,1.8143524591031197e-07,1.5591322801819566e-124,1.8143524335834964e-07,5.169592435812586e-169,1.3061491264483881e-23,6.633891161948186e-43,1.0338981363654232e-95,7.890368561057367e-79,6.483165822303195e-63,3.238694688009393e-17,2.5195753788095283e-15,0.0
20.95,0.004680851,1.7975130571058992e-07,1.2285460669530118e-124,1.79751303703833e-07,3.2758484786778155e-169,1.2089124303211874e-23,5.661852099122563e-43,7.082906455191941e-96,5.533141907201477e-79,4.744453808036966e-63,2.779278800437901e-17,1.9789641377494044e-15,0.0
20.966666666666665,0.004680851,1.780829571102422e-07,9.680543793907034e-125,1.780829555323738e-07,2.0758275708516103e-169,1.1189098662819819e-23,4.832192690655828e-43,4.852175147371558e-96,3.880032538505815e-79,3.47194243728643e-63,2.3848949142953865e-17,1.5540194449773885e-15,0.0
20.98333333333333,0.0,1.7643005613447166e-07,7.62795088091188e-125,1.7643005489394071e-07,1.315402660634052e-169,1.035603595774147e-23,4.1240652265914356e-43,3.323936112195034e-96,2.7207460258255347e-79,2.5406571128341817e-63,2.0463577702794735e-17,1.2200673814752018e-15,0.0
21.0,0.0,1.7479246013823895e-07,6.01057260503624e-125,1.747924591630001e-07,8.33539386426306e-170,9.584957394267911e-24,3.519673489265667e-43,2.276984784441531e-96,1.9077864173393893e-79,1.8591177177805138e-63,1.755776465264771e-17,9.576810663312042e-16,0.0
21.016666666666666,0.0,1.731700277930152e-07,4.736130207757337e-125,1.7317002702638299e-07,5.28194051522929e-170,8.87125410380193e-24,3.0038262682636923e-43,1.559763945482922e-96,1.3377059256740485e-79,1.3603637840561715e-63,1.506372496630981e-17,7.515684924554001e-16,0.0
21.03333333333333,0.0,1.7156261907387502e-07,3.731910728298932e-125,1.715626184712565e-07,3.347039640483635e-170,8.210659677011868e-24,2.5635561793185995e-43,1.0684370509090938e-96,9.379522613402084e-80,9.953839121506e-64,1.2923233203347324e-17,5.896952874072411e-16,0.0
21.05,0.0,1.6997009524688862e-07,2.9406185052177653e-125,1.6997009477320937e-07,2.1209389905145254e-170,7.599224735734897e-24,2.1877942392790105e-43,7.31863928309103e-97,6.576427551024237e-80,7.283055207874732e-64,1.1086278547450817e-17,4.625929550279171e-16,0.0
21.066666666666663,0.0,1.6839231885676883e-07,2.3171062711320952e-125,1.683923184844454e-07,1.3439882331698031e-170,7.033293391559465e-24,1.8670920446899912e-43,5.013062399269648e-97,4.610930778959679e-80,5.3287342381693014e-64,9.5099085982444e-18,3.6281352031941533e-16,0.0
21.08333333333333,-0.004680851,1.6682915371473814e-07,1.8257993442676903e-125,1.668291534220812e-07,8.516530910603222e-171,6.509481451207121e-24,1.5933845930958966e-43,3.433738908758816e-97,3.23278228419662e-80,3.8987199369789395e-64,8.157235496199822e-18,2.8449970198797286e-16,0.0
21.1,-0.004680851,1.6528046488659836e-07,1.438665962290344e-125,1.6528046465655556e-07,5.396720894318409e-171,6.02465623920178e-24,1.3597878036493077e-43,2.351921625747982e-97,2.2664891296804618e-80,2.8523812972683982e-64,6.996581648231297e-18,2.2304622438117258e-16,0.0
21.116666666666667,-0.004680851,1.637461186809769e-07,1.1336179618837365e-125,1.6374611850014314e-07,3.4197720564913097e-171,5.575917917903133e-24,1.1604256624126641e-43,1.610904754316603e-97,1.5889864237719709e-80,2.0867995240962983e-64,6.000745496153362e-18,1.748330101432131e-16,0.0
21.133333333333333,-0.009361702,1.6222598263772928e-07,8.932505593098163e-126,1.6222598249556788e-07,2.1670270433139996e-171,5.160582193867636e-24,9.902826595957074e-44,1.103337421868548e-97,1.1139767609150167e-80,1.5266571971868036e-64,5.14637050276362e-18,1.3701504976978392e-16,0.0
21.15,-0.009361702,1.6071992551649858e-07,7.038493334007296e-126,1.6071992540472822e-07,1.373192660309922e-171,4.776164307732488e-24,8.450778194189877e-44,7.556806920417285e-98,7.809469053618811e-81,1.1168375965029762e-64,4.4134028821912035e-18,1.0735694861598179e-16,0.0
21.166666666666668,-0.009361702,1.5922781728540645e-07,5.546077567714852e-126,1.5922781719751914e-07,8.701589398861803e-172,4.4203642124296226e-24,7.211571641625413e-44,5.175589475005289e-98,5.474649921413056e-81,8.170079079341788e-65,3.784625625194725e-18,8.410268346307745e-17,0.0
21.183333333333334,-0.0140425535,1.577495291098783e-07,4.370106332166217e-126,1.5774952904075997e-07,5.513986139200165e-172,4.091052851594629e-24,6.154019157841719e-44,3.5446459131667414e-98,3.8377855244501283e-81,5.976546147525899e-65,3.245258111900096e-18,6.587310019498633e-17,0.0
21.2,-0.0140425535,1.562849333415873e-07,3.443482645432636e-126,1.5628493328721944e-07,3.494079035626672e-172,3.7862594565658224e-24,5.251501328113421e-44,2.427601869575494e-98,2.690262042195902e-81,4.371818461164619e-65,2.7826121032422635e-18,5.158526287707209e-17,0.0
21.216666666666665,-0.0140425535,1.5483390350751905e-07,2.7133362850532267e-126,1.5483390346474423e-07,2.2141128357056904e-172,3.504159786418108e-24,4.4812981689494713e-44,1.662545960363474e-98,1.8858104515173245e-81,3.1978775512196203e-65,2.3857961919495768e-18,4.038901074802067e-17,0.0
21.23333333333333,-0.0140425535,1.533963142991478e-07,2.1380072653978428e-126,1.5339631426548528e-07,1.4030293163222127e-172,3.2430652410750646e-24,3.824018108778472e-44,1.1385745535183024e-98,1.3218771555919379e-81,2.3391035702121512e-65,2.0454619033825397e-18,3.161706310083128e-17,0.0
21.25,-0.0140425535,1.5197204156172024e-07,1.6846689096032155e-126,1.5197204153522087e-07,8.890654076113121e-173,3.001412782728994e-24,3.263110556725197e-44,7.797240461599983e-99,9.265605270527257e-82,1.71090157682927e-65,1.7535855910033186e-18,2.4745787932897583e-17,0.0
21.266666666666666,-0.018723404,1.5056096228364946e-07,1.3274549033341373e-126,1.5056096226278182e-07,5.633789950502248e-173,2.7777556055994565e-24,2.78444982798894e-44,5.339640859627989e-99,6.494506624228537e-82,1.251378234038648e-65,1.5032810922964765e-18,1.9364362231404142e-17,0.0
21.28333333333333,-0.018723404,1.49162954586006e-07,1.0459834713249814e-126,1.4916295456956683e-07,3.569994605702388e-173,2.570754498507147e-24,2.375979983509238e-44,3.6565781294872112e-99,4.5520627398424446e-82,9.152509838039621e-66,1.2886388171820149e-18,1.5150534331797373e-17,0.0
21.3,-0.018723404,1.4777789771211424e-07,8.241944748085428e-127,1.4777789769915808e-07,2.262217929672642e-173,2.379169848856475e-24,2.0274116691659523e-44,2.503971497264683e-99,3.1905095816013404e-82,6.693910342141875e-66,1.104587548376642e-18,1.185157921239677e-17,0.0
21.316666666666663,-0.018723404,1.4640567201724733e-07,6.494330811530349e-127,1.4640567200703122e-07,1.433511864121349e-173,2.2018542404306894e-24,1.729963343942762e-44,1.7146506271322784e-99,2.2361536396026716e-82,4.895619980438178e-66,9.467757555464675e-19,9.26933741172118e-18,0.0
21.33333333333333,-0.018723404,1.4504615895841522e-07,5.1172772487356385e-127,1.450461589503553e-07,9.083811518455178e-174,2.0377456009334526e-24,1.47614039994496e-44,1.174123191260253e-99,1.5672310618417842e-82,3.580335033104202e-66,8.114696743286043e-19,7.248464494467386e-18,0.0
21.35,-0.018723404,1.4369924108425394e-07,4.0322116425633e-127,1.4369924107789127e-07,5.756187187827025e-174,1.8858608584787874e-24,1.2595466277808045e-44,8.0397672439505e-100,1.0983841564324487e-82,2.6183508530626104e-66,6.954657875957577e-19,5.667204085041934e-18,0.0
21.366666666666667,-0.018723404,1.423648020250068e-07,3.1772217255437763e-127,1.4236480201998065e-07,3.6475535289216874e-174,1.745290069255161e-24,1.0747232923943353e-44,5.505098512925163e-100,7.697777602937979e-83,1.91478606012032e-66,5.960156784861401e-19,4.430144042323409e-18,0.0
21.383333333333333,-0.018723404,1.4133746799136616e-07,2.5035228542874467e-127,1.410427264786215e-07,2.3113643525487105e-174,1.6151909813924572e-24,9.170117773100329e-45,3.7694548648597925e-100,5.3946883765924815e-83,1.4002350943848413e-66,5.107615102957553e-19,3.4625307381994e-18,2.947415087713469e-10
21.4,-0.018723404,1.9394518139386341e-07,1.9726744968940243e-127,1.397329002176419e-07,1.464654261493878e-174,1.4947840026537578e-24,7.824363467719759e-45,2.580975350108088e-100,3.780570153955893e-83,1.0239293327921699e-66,4.376806338423388e-19,2.7058072309628745e-18,5.421228117307803e-08
21.416666666666668,-0.018723404,1.1756369936305094e-06,1.5543869185456995e-127,1.3843521005295814e-07,9.28115017045428e-175,1.3833475419752407e-24,6.676040802443652e-45,1.7671810523854214e-100,2.649343119266406e-83,7.48733691872324e-67,3.750380339627817e-19,2.1141126033553003e-18,1.0372017835750621e-06
21.433333333333334,-0.018723404,7.993355281239207e-06,1.2247929241331628e-127,1.3714954384292427e-07,5.881233894744526e-175,1.2802136971013252e-24,5.696194648523947e-45,1.20995756628051e-100,1.8565605341370646e-83,5.474861954668572e-67,3.2134550822714233e-19,1.6515359728304373e-18,7.85620573739431e-06
21.45,-0.0140425535,3.595054745221683e-05,9.650860505935547e-128,1.35875790478768e-07,3.7267913177152516e-175,1.1847642626202823e-24,4.860114993763299e-45,8.284211152532968e-101,1.3009782987595396e-83,4.003201174529079e-67,2.7532662688788314e-19,1.2899629177883366e-18,3.5814671661736496e-05
21.466666666666665,-0.0140425535,0.00011855792697254377,7.604475095081562e-128,1.3461383987511512e-07,2.3615746070526165e-175,1.0964270346129345e-24,4.1467147759869417e-45,5.671842077551098e-101,9.116351330939015e-84,2.9270500095851137e-67,2.358866571060646e-19,1.0073868512809935e-18,0.0001184233131326674
21.48333333333333,-0.0140425535,0.0003138699669912404,5.992006552661329e-128,1.3336358296060074e-07,1.4964707674569917e-175,1.0146723898906143e-24,3.537998870159639e-45,3.883193871567191e-101,6.387959450884082e-84,2.140136105845794e-67,2.0208674967638988e-19,7.865852248101411e-19,0.0003137366034082788
21.5,-0.009361702,0.000706849203574773,4.721447357093722e-128,1.3212491166856392e-07,9.482760385446972e-176,9.390101194330717e-25,3.0186108789037595e-45,2.658557226315989e-101,4.476033972146419e-84,1.5647364841876693e-67,1.7312178545405292e-19,6.140819441927607e-19,0.0007067170786631036
21.516666666666666,-0.004680851,0.0014065681221179594,3.720299112760258e-128,1.3089771892783165e-07,6.008987324321307e-176,8.689864971503294e-25,2.5754463307378146e-45,1.8200988343186093e-101,3.1362794713944938e-84,1.1440094881075747e-67,1.4830136374000704e-19,4.793342752312287e-19,0.001406437224399031
21.53333333333333,-0.004680851,0.0025384854930816138,2.931435888725062e-128,1.2968189865358201e-07,3.8077442509176564e-176,8.041815664921125e-25,2.1973225588556302e-45,1.2460514407128834e-101,2.1974870568106e-84,8.36385866264149e-68,1.2703348796235619e-19,3.74095791895343e-19,0.0025383558111829597
21.55,0.0,0.004233114155159637,2.3098446789701726e-128,1.284773457382937e-07,2.4128716815392092e-176,7.4420662872656705e-25,1.8746969575710196e-45,8.53039292835018e-102,1.5396716608593557e-84,6.114661557127514e-68,1.0881056678172767e-19,2.919173475471002e-19,0.004232985677813899
21.566666666666663,0.004680851,0.006612959719883119,1.8200570037313677e-128,1.2728395604277875e-07,1.528975948753636e-176,6.887019179097668e-25,1.5994265293697064e-45,5.8397490893088196e-102,1.0787483828590106e-84,4.470199250239849e-68,9.319740269245776e-20,2.277562392669284e-19,0.006612832435927076
21.58333333333333,0.009361702,0.009779682887329586,1.4341251056530893e-128,1.2610162638729392e-07,9.688734466687265e-177,6.373344486792175e-25,1.3645626733594206e-45,3.9977114905027996e-102,7.557923309391382e-85,3.2679100601820037e-68,7.982088653305684e-20,1.7767016563000351e-19,0.009779556785703199
21.6,0.0140425535,0.01380315034601087,1.1300272672943997e-128,1.2493025454273593e-07,6.139505965201941e-177,5.897960240345032e-25,1.1641760518292194e-45,2.736659978897703e-102,5.295111580776253e-85,2.3889227371479497e-68,6.836115612741527e-20,1.3857762616404633e-19,0.013803025415756327
21.616666666666667,0.023404256,0.018713545991284882,8.904112608598131e-129,1.237697392219196e-07,3.890449390293997e-177,5.458013912201925e-25,9.932071278448087e-46,1.8733649383306592e-102,3.7096940564994e-85,1.7463164506747774e-68,5.854401147108788e-20,1.0807037255151806e-19,0.01871342222154566
21.633333333333333,0.028085107,0.024497154654847433,7.01604233886835e-129,1.226199800709272e-07,2.465279060472353e-177,5.050865347085948e-25,8.473386123108873e-46,1.2823781531844263e-102,2.598911227316807e-85,1.276534793681502e-68,5.013440824545313e-20,8.426663043375369e-20,0.02449703203486736
21.65,0.037446808,0.031095908031791925,5.528325367443656e-129,1.2148087766054623e-07,1.562184686488223e-177,4.67407096097226e-25,7.228866099224505e-46,8.778130479005254e-103,1.8206866149576535e-85,9.331066309594718e-69,4.293087666540493e-20,6.569624959588279e-20,0.031095786550914266
21.666666666666668,0.042127658,0.038410360467246545,4.356069765484111e-129,1.203523334777797e-07,9.899166709393699e-178,4.325369114912549e-25,6.167077237343965e-46,6.008695189026214e-103,1.2754674701688779e-85,6.820541248181633e-69,3.6760734327132365e-20,5.121085330842573e-20,0.03841024011491306
21.683333333333334,0.05148936,0.046305469059584076,3.432384209552101e-129,1.192342499174368e-07,6.272849568254362e-178,4.0026665764170053e-25,5.261197795202115e-46,4.112922795666352e-103,8.934989305416131e-86,4.985346925343633e-69,3.1475980323688867e-20,3.991355777956787e-20,0.04630534982533416
21.7,0.056170214,0.054618389969601354,2.7045611277868317e-129,1.1812653027379779e-07,3.974944597423796e-178,3.7040259875826124e-25,4.4883417374091505e-46,2.8152256141948746e-103,6.259060940493499e-86,3.6438538598659304e-69,2.694977386834512e-20,3.110400887856263e-20,0.05461827184307108
21.716666666666665,0.06553192,0.0631674554068167,2.1310691686217577e-129,1.1702907873235758e-07,2.518820735120845e-178,3.427654265155774e-25,3.82898141413995e-46,1.926939764211793e-103,4.384447209129827e-86,2.6632722966864983e-69,2.3073414380023008e-20,2.4235405305617914e-20,0.06316733837773797
21.73333333333333,0.074893616,0.07176153880610099,1.679183384873611e-129,1.1594180036164366e-07,1.5961121829057932e-178,3.1718918632739593e-25,3.266454898046181e-46,1.3189106646256156e-103,3.0712209554687017e-86,1.9465218562947295e-69,1.9753751759755483e-20,1.8880899997699933e-20,0.07176142286430064
21.75,0.079574466,0.08020912157443853,1.3231179130897902e-129,1.1486460110510767e-07,1.0114153443716295e-178,2.9352028347727566e-25,2.786545569299128e-46,9.027239191014047e-104,2.1512845612394496e-86,1.4226305347790695e-69,1.69109656959446e-20,1.4707337786068017e-20,0.08020900670983742
21.766666666666666,0.08893617,0.08832651718556751,1.0425545997351958e-129,1.1379738777309434e-07,6.409079173783006e-179,2.716165631707586e-25,2.3771233572535564e-46,6.17855433547348e-104,1.5068682033428574e-86,1.0397145752965212e-69,1.4476661514257363e-20,1.1454730919343537e-20,0.08832640338817974
21.78333333333333,0.09829787,0.09594486492260527,8.21483618060629e-130,1.1274006803487974e-07,4.0612685509447006e-179,2.5134645901452445e-25,2.0278385993975315e-46,4.228741739303336e-104,1.055463736583034e-86,7.598455757866605e-70,1.2392237537373838e-20,8.920221526671078e-21,0.09594475218253724
21.8,0.10297872,0.10291565886089639,6.472899213790484e-130,1.1169255041078501e-07,2.5735212144873967e-179,2.3258820483645875e-25,1.7298608030436415e-46,2.8941953908093986e-104,7.392682121039144e-87,5.552975822700388e-70,1.0607485314101762e-20,6.945552202373785e-21,0.10291554716834597
21.816666666666663,0.10765957,0.1091147156255712,5.100334057011325e-130,1.1065474426436222e-07,1.630773968315553e-179,2.152291051380169e-25,1.475655725907479e-46,1.980783213571666e-104,5.177873607860385e-87,4.058032288093444e-70,9.079389565631658e-21,5.407278948299596e-21,0.10911460497082692
21.83333333333333,0.11234043,0.11444459971771956,4.018817076228953e-130,1.0962655979464917e-07,1.033379307859504e-179,1.9916485982024603e-25,1.2587951567516207e-46,1.3556216042247541e-104,3.626532580127141e-87,2.965476736665134e-70,7.771099407087977e-21,4.2091274971056926e-21,0.11444449009115977
21.85,0.11702128,0.11883561444336724,3.1666327265813914e-130,1.0860790802849718e-07,6.548257139332757e-180,1.84298939148622e-25,1.0737946009028082e-46,9.277532242984698e-105,2.5399342587510586e-87,2.167019840642131e-70,6.651046445031889e-21,3.276024582565658e-21,0.11883550583545921
21.866666666666667,0.12170213,0.12224552943924859,2.495151918129164e-130,1.0759870081297123e-07,4.149460764170528e-180,1.7054200522146107e-25,9.15974778387692e-47,6.349199018765596e-105,1.7788697537189363e-87,1.583509349032446e-70,5.692188820649448e-21,2.5494378790549527e-21,0.12224542184054778
21.883333333333333,0.12638298,0.12465825437212062,1.9660571166879756e-130,1.0659885080781212e-07,2.6294055364724533e-180,1.578113764843319e-25,7.813434423618035e-47,4.345081297317128e-105,1.2458238378064882e-87,1.1570917281601068e-70,4.871363245232017e-21,1.983738259979655e-21,0.12465814777326982
21.9,0.12638298,0.12608168585260068,1.549155841235119e-130,1.056082714779759e-07,1.6661859081652692e-180,1.4603053208973994e-25,6.664945375174183e-47,2.973509918685534e-105,8.724890014390523e-88,8.454820538604684e-71,4.1687296288867276e-21,1.543360549560765e-21,0.1260815802443292
21.916666666666668,0.12638298,0.12654495489533563,1.2206577934559823e-130,1.0462687708623635e-07,1.0558186146592406e-180,1.351286531391738e-25,5.685221551209572e-47,2.0348547573412416e-105,6.110182081465358e-88,6.177752154765515e-71,3.56729509503576e-21,1.2005878445766614e-21,0.12654485026845855
21.933333333333334,0.12638298,0.1260952894933462,9.618173100893903e-131,1.0365458268585755e-07,6.690447168095785e-181,1.2504019806479833e-25,4.849471142560962e-47,1.392483315414173e-105,4.278969966626431e-88,4.513839209307575e-71,3.0525060536102688e-21,9.338227236509674e-22,0.1260951858387635
21.95,0.12638298,0.12479468498378368,7.578636742957604e-131,1.0269130411333148e-07,4.239561603091365e-181,1.1570450961183865e-25,4.136543171083e-47,9.528820918877673e-106,2.9965066555512304e-88,3.2980044668873904e-71,2.6118986189995538e-21,7.262385604608825e-22,0.12479458229247957
21.966666666666665,0.12170213,0.12271654736749231,5.971582477618166e-131,1.0173695798118406e-07,2.68649927927736e-181,1.0706545107150594e-25,3.5283929773495416e-47,6.520500473753395e-106,2.0983706592927466e-88,2.4096056864122363e-71,2.234799042693933e-21,5.64727529629561e-22,0.12271644563053433
21.98333333333333,0.12170213,0.11994244455412506,4.705303278834224e-131,1.00791461670845e-07,1.7023642102676775e-181,9.907106958886613e-26,3.009626155571191e-47,4.461853614610725e-106,1.4694003567579338e-88,1.7604769300003663e-71,1.912067017659975e-21,4.390801615159483e-22,0.11994234376266338
22.0,0.11702128,0.11655906998553904,3.707538326441771e-131,9.98547333255849e-08,1.0787435349688594e-181,9.167328453179854e-26,2.5671094261961034e-47,3.053109258091861e-106,1.0289377041460566e-88,1.2861876935545062e-71,1.6358757297504419e-21,3.4134557720966946e-22,0.11655897013080571
22.016666666666666,0.11234043,0.11265549400075235,2.9213495163558706e-131,9.892669184351568e-08,6.835714337920096e-182,8.482759905691975e-26,2.189638624749612e-47,2.0891135031867458e-106,7.204918200666896e-89,9.396541751342537e-72,1.3995234048309029e-21,2.6533268842449286e-22,0.11265539507406051
22.03333333333333,0.10765957,0.10832075186463286,2.301872335704286e-131,9.800725687065467e-08,4.3316123047549175e-182,7.849283314684606e-26,1.8676554260533256e-47,1.4294679017776166e-106,5.044987407099389e-89,6.864698465642415e-72,1.197271849379081e-21,2.0622135986781792e-22,0.10832065385737599
22.05,0.10297872,0.10364179434189537,1.8137556992436942e-131,9.709634879405304e-08,2.7448285730543795e-182,7.263087652149821e-26,1.593005652318195e-47,9.780914920598964e-107,3.5325002779517716e-89,5.014927237276182e-72,1.024208124739691e-21,1.6025933693139248e-22,0.10364169724554657
22.066666666666663,0.09829787,0.09870180742596385,1.4291446568899643e-131,9.61938887349876e-08,1.7393254321818172e-182,6.720645994490178e-26,1.3587330626857962e-47,6.692328892859595e-107,2.4734061476383333e-89,3.6635117847508447e-72,8.761260461458877e-22,1.245260559837641e-22,0.09870171123207512
22.08333333333333,0.09361702,0.09357889239638303,1.1260908595908169e-131,9.52997985422124e-08,1.102164560604599e-182,6.218694355879874e-26,1.158903417034342e-47,4.578970149999892e-107,1.7318082605614195e-89,2.6762111066689255e-72,7.494246700579753e-22,9.674860407017725e-23,0.0935787970965845
22.1,0.084255315,0.088345085624084,8.873000796627647e-132,9.441400078527435e-08,6.984125130951944e-183,5.754212097625263e-26,9.88454370816399e-48,3.1329330182839104e-107,1.2125379616640422e-89,1.9549380357520484e-72,6.410213384823081e-22,7.515833426361829e-23,0.08834499121008321
22.116666666666667,0.079574466,0.08306568916308808,6.99145314883778e-132,9.353641874789161e-08,4.425654996049263e-183,5.324403796253076e-26,8.430674095982907e-48,2.143518262670525e-107,8.489499252948546e-90,1.4280240070073022e-72,5.482771962890834e-22,5.837917145886457e-23,0.08306559562666933
22.133333333333333,0.074893616,0.07779887775841139,5.5088916056221554e-132,9.266697642138622e-08,2.804420111808534e-183,4.926682461777552e-26,7.190585882645515e-48,1.466547272767828e-107,5.943743015731452e-90,1.0431047850435401e-72,4.689333953710891e-22,4.534061675202034e-23,0.07779878509143497
22.15,0.07021277,0.07259554501417641,4.340710752366853e-132,9.1805598498184e-08,1.7770864887541505e-183,4.5586540056745305e-26,6.132853145449266e-48,1.0033622679204921e-107,4.161301844946852e-90,7.619216530565336e-73,4.0105645482458456e-22,3.5209998363889265e-23,0.07259545320857791
22.166666666666668,0.060851064,0.06749935064389773,3.4202457499326643e-132,9.095221036536962e-08,1.1260924097793359e-183,4.2181028655554585e-26,5.230668215830019e-48,6.864553637896777e-108,2.9133300315636994e-90,5.565224337357003e-73,3.429914652339858e-22,2.733971840445264e-23,0.06749925969168737
22.183333333333334,0.056170214,0.06254693152412202,2.6949680553692057e-132,9.010673809830249e-08,7.135747463914802e-184,3.90297870045518e-26,4.4611631990755456e-48,4.696341820370592e-108,2.0395833131769206e-90,4.064854911859759e-73,2.93322012799651e-22,2.1226181896352136e-23,0.06254684141738392
22.2,0.05148936,0.05776824128475035,2.1234878317737277e-132,8.926910845428971e-08,4.5217327128904776e-184,3.611384077049466e-26,3.804831141020456e-48,3.212920455608367e-108,1.4278564186676884e-90,2.9689129712768584e-73,2.5083585990880473e-22,1.6477825376278775e-23,0.0577681520156419
22.216666666666665,0.04680851,0.05318698603250595,1.673191991492611e-132,8.84392488663182e-08,2.8653011655530774e-184,3.34156307304546e-26,3.2450322113186704e-48,2.1980276180148365e-108,9.99583262819354e-91,2.1684028153798643e-73,2.144955566362215e-22,1.2790232368216845e-23,0.05318689759325708
22.23333333333333,0.042127658,0.04882112720734713,1.3183830884963742e-132,8.761708743684312e-08,1.815664659822798e-184,3.091890729472772e-26,2.767572420274916e-48,1.5036931891375772e-108,6.997530307740188e-91,1.5836987221308533e-73,1.8341327584667643e-22,9.926767436306047e-24,0.04882103959025969
22.25,0.037446808,0.04468342625763888,1.0388128562002342e-132,8.680255293163419e-08,1.1505380319852134e-184,2.860863288684073e-26,2.3603442185359005e-48,1.0286751664005082e-108,4.8984874685552305e-91,1.1566322834707036e-73,1.5682926586636227e-22,7.70350698617933e-24,0.04468333945508595
22.266666666666666,0.03276596,0.04078200958199167,8.185267071028765e-133,8.5995574773678e-08,7.290650719037496e-185,2.647089159573337e-26,2.0130198923757787e-48,7.037043450378987e-109,3.4290249150391274e-91,8.447111461567855e-74,1.3409340150457667e-22,5.9775150415758695e-24,0.0407819235864169
22.28333333333333,0.028085107,0.0371209358647614,6.449532554384884e-133,8.519608303713505e-08,4.61988941981782e-185,2.44928055587092e-26,1.7167900013269916e-48,4.813879143764034e-109,2.4003287749485172e-91,6.1689513019407325e-74,1.1464938860603347e-22,4.637722695664392e-24,0.037120850668678367
22.3,0.023404256,0.033700751411471885,5.081869061537259e-133,8.440400844135351e-08,2.9274995927288355e-185,2.26624575740508e-26,1.4641402431489838e-48,3.293010570840057e-109,1.680205101134868e-91,4.5051026627439555e-74,9.802124107128212e-23,3.597833946784686e-24,0.03370066700746344
22.316666666666663,0.018723404,0.03051902228944042,4.004225707857432e-133,8.361928234493788e-08,1.8550775980853216e-185,2.0968819479456796e-26,1.2486611023182981e-48,2.2525999883141463e-109,1.1761030281184588e-91,3.2899424909132896e-74,8.380170391642039e-23,2.7908084144140794e-24,0.030518938670158074
22.33333333333333,0.018723404,0.027570834947990022,3.155102519168932e-133,8.284183673986987e-08,1.1755126129786059e-185,1.940168586697334e-26,1.0648854668713214e-48,1.540877307976675e-109,8.232276792542085e-92,2.4024934667497e-74,7.164234275757611e-23,2.1645709794921086e-24,0.02757075210615328
22.35,0.0140425535,0.024849259506944037,2.486040781864757e-133,8.207160424568532e-08,7.448905775651806e-186,1.7951612737061255e-26,9.081501054572113e-49,1.0540108688905242e-109,5.762170596412536e-92,1.7543912369658503e-74,6.124506021738287e-23,1.6786759326659382e-24,0.024849177435339792
22.366666666666667,0.0140425535,0.02234577205616684,1.958857616785378e-133,8.130851810370488e-08,4.72017003001817e-186,1.6609860723983794e-26,7.744774996946427e-49,7.209666659864024e-110,4.03314500134494e-92,1.281094123426356e-74,5.235483411763786e-23,1.3017136018943697e-24,0.022345690747648736
22.383333333333333,0.009361702,0.020050634112289,1.5434669644704962e-133,8.055251217131417e-08,2.9910438528928467e-186,1.5368342552080204e-26,6.60475041617559e-49,4.9314923810654895e-110,2.8228848415894975e-92,9.354617069627828e-75,4.4753501766203074e-23,1.0092944545105032e-24,0.020050553559776828
22.4,0.004680851,0.01795322885142842,1.2161626332932488e-133,7.980352091629976e-08,1.895343337138859e-186,1.4219574407843677e-26,5.6324904512598275e-49,3.37314220554133e-110,1.9757596545617258e-92,6.830640135424637e-75,3.825443987091791e-23,7.824822807763562e-25,0.017953149047907502
22.416666666666668,0.004680851,0.01604235490581647,9.582654299344503e-134,7.906147941123526e-08,1.2010275798740933e-186,1.3156630936144828e-26,4.803313950192718e-49,2.307193695059041e-110,1.3828233813056871e-92,4.987549771954172e-75,3.269801122208839e-23,6.0657656754632295e-25,0.016042275844337057
22.433333333333334,0.004680851,0.014306479409315209,7.5505716835209e-134,7.832632332791981e-08,7.610585042473088e-187,1.2173103590675916e-26,4.0961697684462014e-49,1.578071227266365e-110,9.678119718847215e-93,3.6416948776566235e-75,2.7947667795913426e-23,4.701663554975656e-25,0.01430640108299188
22.45,0.0,0.012733952635189382,5.949407244307793e-134,7.759798893186618e-08,4.822620425779478e-187,1.1263062088762548e-26,3.4931030351475474e-49,1.0793500215332528e-110,6.773403763860669e-93,2.658951239229989e-75,2.3886615787056355e-23,3.6439513909423484e-25,0.01273387503720045
22.466666666666665,0.0,0.011313187022886435,4.687782030804406e-134,7.687641307684072e-08,3.055963019675744e-187,1.0421018739306633e-26,2.9787998732553557e-49,7.382291389912119e-111,4.740396430146406e-93,1.9413673700387497e-75,2.0414961659815427e-23,2.8238980397117415e-25,0.011313110146473357
22.48333333333333,-0.004680851,0.010032803671465213,3.693694487943186e-134,7.61615331994521e-08,1.9364802996925139e-187,9.641895429823875e-27,2.5401990451308476e-49,5.0490916760225476e-111,3.3175242570548233e-93,1.4174104904843548e-75,1.7447269939611264e-23,2.188170500317345e-25,0.010032727509932013
22.5,-0.004680851,0.008881749516287835,2.910411396035807e-134,7.545328731379096e-08,1.2270946063497974e-187,8.920993074482301e-27,2.166160688492738e-49,3.4532541372412465e-111,2.3216958364776554e-93,1.03484225351791e-75,1.4910473429158673e-23,1.6953888099377008e-25,0.00888167406300052
22.516666666666666,-0.004680851,0.007849388430546413,2.29323015004611e-134,7.475161400611776e-08,7.775762490568312e-188,8.253963339791868e-27,1.847183752611041e-49,2.3617670268364047e-111,1.6247566861213712e-93,7.555153386232938e-76,1.2742085065851609e-23,1.3134506695812576e-25,0.007849313678932407
22.53333333333333,-0.009361702,0.006925569429121391,1.8069276090588476e-134,7.405645242959903e-08,4.927287479381309e-188,7.636782478249938e-27,1.5751649772593123e-49,1.6152465298567532e-111,1.1370070605718997e-93,5.515730906660561e-76,1.0888667943698782e-23,1.017454065053962e-25,0.006925495372668961
22.55,-0.009361702,0.0061006750210624225,1.4237499270142512e-134,7.336774229909238e-08,3.1222867940222574e-188,7.065727112879617e-27,1.3431933085699516e-49,1.10467326511317e-111,7.956642265378531e-94,4.026739501759205e-76,9.304526280280981e-24,7.880844081665194e-26,0.0061006016533201235
22.566666666666663,-0.009361702,0.00536565257743364,1.121828648117819e-134,7.268542388597992e-08,1.9785073059552482e-188,6.537351827296716e-27,1.1453745430915352e-49,7.554785761223037e-112,5.567860796628143e-94,2.939643795565342e-76,7.950585467182378e-24,6.103624721620577e-26,0.005365579892009754
22.58333333333333,-0.009361702,0.0047120313692474445,8.839326761893257e-135,7.200943801304703e-08,1.2537256179611365e-188,6.048468426761305e-27,9.7668175672074e-50,5.166587193294544e-112,3.896178040899715e-94,2.1459846963692784e-76,6.793433930211404e-24,4.726725237906141e-26,0.004711959359809431
22.6,-0.009361702,0.0041319276988312,6.964848947554244e-135,7.133972604940972e-08,7.944513687042387e-189,5.5961267456942016e-27,8.328277281273303e-50,3.533285173249667e-112,2.726347010091924e-94,1.566568170371679e-76,5.8045034539867605e-24,3.66008033448133e-26,0.004131856359105151
22.616666666666667,-0.0140425535,0.0036180403078000033,5.4878731773101667e-135,7.067622990548933e-08,5.034219074440296e-189,5.177596886409947e-27,7.101561233106011e-50,2.4162783030742996e-112,1.9077233944451641e-94,1.1435700440497778e-76,4.959367988759946e-24,2.8338631908084013e-26,0.003617969631570098
22.633333333333333,-0.0140425535,0.0031636380042389606,4.3241055095984614e-135,7.00188920280298e-08,3.190045517716042e-189,4.790352782398384e-27,6.055486831149005e-50,1.6523748267788527e-112,1.3348781905696175e-94,8.34770446455208e-77,4.237143836860005e-24,2.193943398108618e-26,0.0031635679853469325
22.65,-0.0140425535,0.0027625412171258454,3.407127218066603e-135,6.936765539516422e-08,2.021443582206416e-189,4.43205698743933e-27,5.1634606090749645e-50,1.1299612644852902e-112,9.340279048079121e-95,6.093435392701681e-77,3.619976581323716e-24,1.6983629434954524e-26,0.0027624718494704504
22.666666666666668,-0.0140425535,0.002409098962169044,2.6846042251895408e-135,6.872246351152461e-08,1.280932797571525e-189,4.1005465991795245e-27,4.402803034330154e-50,7.727018091566448e-113,6.535368336954714e-95,4.4478305648039614e-77,3.0926022296406373e-24,1.3146023618708582e-26,0.0024090302397055323
22.683333333333334,-0.0140425535,0.0020981624934405265,2.1153003485312124e-135,6.808326040339738e-08,8.116915829448287e-190,3.793820232612901e-27,3.7541726286117203e-50,5.283889254275487e-113,4.5726958497953726e-95,3.2465729474977442e-77,2.641971852106654e-24,1.0174601145230485e-26,0.002098094410180123
22.7,-0.009361702,0.0018250567215729603,1.6667239071170338e-135,6.744999061392244e-08,5.143464127714195e-190,3.5100259652001756e-27,3.201074796957376e-50,3.6131742429213174e-113,3.199385789338949e-95,2.3696981539924397e-77,2.2569305406890284e-24,7.874078218003434e-27,0.0018249892715823464
22.716666666666665,-0.009361702,0.0015855503030781696,1.3132733805377001e-135,6.682259919833699e-08,3.2592701871944477e-190,3.247450181198784e-27,2.7294429088552985e-50,2.470685936715318e-113,2.2384787720932105e-95,1.7296246123484524e-77,1.9279428379817955e-24,6.093147095438745e-27,0.0015854834804789712
22.73333333333333,-0.009361702,0.001375825146961405,1.0347762938533868e-135,6.620103171926221e-08,2.0653087695504503e-190,3.00450724816515e-27,2.3272810060155467e-50,1.689427799814021e-113,1.566143110444801e-95,1.2624136219137488e-77,1.6468579187926128e-24,4.714584955063363e-27,0.0013757589459296859
22.75,-0.009361702,0.0011924459441216776,8.153379424550306e-136,6.55852342420342e-08,1.3087285909010977e-190,2.7797299635899492e-27,1.9843590735534828e-50,1.1551947374860795e-113,1.095726149434021e-95,9.213878985668766e-78,1.4067087765961228e-24,3.647584744352591e-27,0.0011923803588874357
22.766666666666666,-0.009361702,0.0010323302014569233,6.424342534110367e-136,6.497515333007688e-08,8.2930477809348e-191,2.5717607142474965e-27,1.6919531438597133e-50,7.898857092137828e-114,7.665928214857242e-96,6.724722682918828e-78,1.2015404970049547e-24,2.821809493174037e-27,0.0010322652263035934
22.78333333333333,-0.009361702,0.0008927191552420205,5.0619701258508115e-136,6.437073604031704e-08,5.255072611373379e-191,2.379343295118266e-27,1.442623639089632e-50,5.400908470436192e-114,5.363146155096133e-96,4.907918310088705e-78,1.0262634106623578e-24,2.1827832663338613e-27,0.0008926547845059801
22.8,-0.009361702,0.0007711498461125156,3.988506650722405e-136,6.377192991864233e-08,3.3299924676623075e-191,2.2013153387057244e-27,1.2300263277980094e-50,3.6928604882008205e-114,3.752033446954348e-96,3.5818827802050056e-78,8.765275257856668e-25,1.6883186425984825e-27,0.000771086074182597
22.816666666666663,-0.009361702,0.0006654285596248834,3.1426854677083437e-136,6.31786829954008e-08,2.1101229328593375e-191,2.0366013092311935e-27,1.0487510983016212e-50,2.5249484956975584e-114,2.6248589830732243e-96,2.614065931877512e-78,7.486151607298354e-25,1.3057479042735605e-27,0.000665365380941888
22.83333333333333,-0.009361702,0.0005736057705773487,2.476232208493112e-136,6.259094378093987e-08,1.3371257121918615e-191,1.8842060195826432e-27,8.94184456834412e-51,1.7263772432380516e-114,1.8362739800577676e-96,1.9077121962417258e-78,6.393491420301754e-25,1.0097773481406772e-27,0.0005735431796335678
22.85,-0.009361702,0.0004939526747477033,1.9511096345578733e-136,6.200866126118926e-08,8.4729901061556e-192,1.743208632034756e-27,7.623922603257968e-51,1.1803544832757894e-114,1.2845802320631766e-96,1.392195907926783e-78,5.460143142372354e-25,7.808246547674851e-28,0.0004938906660864422
22.866666666666667,-0.009361702,0.0004249393471437741,1.5373467474286551e-136,6.143178489328271e-08,5.369095575754709e-192,1.6127571066605234e-27,6.500197069279648e-51,8.070172059960626e-115,8.98622443088805e-97,1.0159657180007234e-78,4.662904337269642e-25,6.037306966787126e-28,0.0004248779153588808
22.883333333333333,-0.009361702,0.0003652145300379534,1.2113282564668763e-136,6.086026460121874e-08,3.4022447075109953e-192,1.4920630640444526e-27,5.542060452439178e-51,5.517555873939819e-115,6.286162175428573e-97,7.413938597473802e-79,3.981947974873757e-25,4.667615595269807e-28,0.0003651536697733522
22.9,-0.009361702,0.00031358702580626255,9.54446781534988e-137,6.029405077156346e-08,2.1559065699080613e-192,1.3803970313979945e-27,4.725118366628912e-51,3.7722833522898634e-115,4.397301224632837e-97,5.410160791702752e-79,3.4003319643154185e-25,3.608354727459187e-28,0.000313526731755491
22.916666666666668,-0.009361702,0.00026900864784017484,7.520408694679386e-137,5.973309424919129e-08,1.3661371499962706e-192,1.2770840434783156e-27,4.0285692374525106e-51,2.5790247631383857e-115,3.075949416894697e-97,3.947868181065822e-79,2.9035798687098696e-25,2.789240227613964e-28,0.00026894891474592563
22.933333333333334,-0.009361702,0.0002305586665689432,5.92558214985398e-137,5.9177346333065695e-08,8.656825107951529e-193,1.1814995718457853e-27,3.434675292999813e-51,1.7631951046692225e-115,2.1516147868773884e-97,2.880755650459235e-79,2.479322483803516e-25,2.1558840409772206e-28,0.00023049948922261013
22.95,-0.0140425535,0.00019742967603588677,4.6689632937207735e-137,5.862675877205749e-08,5.485585172605375e-193,1.0930657579669616e-27,2.9283114253958956e-51,1.205421410061882e-115,1.505019860259608e-97,2.1020427112445417e-79,2.1169914564395926e-25,1.6662029013259407e-28,0.0001973710492771147
22.966666666666665,-0.0140425535,0.0001689147987288961,3.6788302744818185e-137,5.808128376080251e-08,3.476059953043151e-193,1.0112479274966446e-27,2.4965804636081103e-51,8.240833066036186e-116,1.0527187118007406e-97,1.53379744595451e-79,1.807557396432754e-25,1.2876374900158554e-28,0.0001688567174451353
22.98333333333333,-0.0140425535,0.00014439614177810703,2.8986708299940586e-137,5.75408739355965e-08,2.20268062070845e-193,9.3555136476231e-28,2.1284850839101567e-51,5.633743045319754e-116,7.363340368546921e-98,1.1191437412223623e-79,1.543306028362594e-25,9.94999360256255e-29,0.00014433860090417143
23.0,-0.0140425535,0.00012333441559754402,2.2839569034208117e-137,5.70054823703285e-08,1.3957761730935683e-193,8.655183280381228e-28,1.814648022361852e-51,3.8513826662806787e-116,5.1502682870439746e-98,8.165732366772377e-80,1.317646864645921e-25,7.688040717873646e-29,0.00012327741011517368
23.016666666666666,-0.0140425535,0.00010525962603816642,1.79960323890037e-137,5.6475062572451e-08,8.844636864821783e-194,8.007252876432333e-28,1.547073480122289e-51,2.632873796119832e-116,3.6022785633934435e-98,5.957936224430516e-80,1.124949680852197e-25,5.939808630976602e-29,0.00010520315097559397
23.03333333333333,-0.0140425535,8.976275268883206e-05,1.4179649120490786e-137,5.5949568478986745e-08,5.604594678826613e-194,7.407803702387987e-28,1.3189436584646619e-51,1.799853524953428e-116,2.5195165734227194e-98,4.346983788750911e-80,9.604047581262932e-26,4.5887389821258293e-29,8.970680312035308e-05
23.05,-0.0140425535,7.648832872936037e-05,1.117259508336395e-137,5.5428954452572706e-08,3.5514719635221196e-194,6.853209939379463e-28,1.124445252543928e-51,1.2303765621565084e-116,1.7621774973786584e-98,3.1715508463463386e-80,8.199034424996583e-26,3.544692743330298e-29,7.64328997749078e-05
23.066666666666663,-0.0140425535,6.512784138649332e-05,8.803238980379321e-138,5.4913175277540804e-08,2.2504664770420826e-194,6.340116799900139e-28,9.586214938986985e-52,8.410711138902781e-117,1.2324650406272633e-98,2.3139120548333803e-80,6.999360711079278e-26,2.7379681501771556e-29,6.507292821121578e-05
23.08333333333333,-0.0140425535,5.541387630471843e-05,6.936346527591772e-138,5.440218615603249e-08,1.4260563365274123e-194,5.865420278625292e-28,8.172459806598349e-52,5.7493822379976104e-117,8.619699275208174e-99,1.6881598077846317e-80,5.975047431370329e-26,2.1146717045937797e-29,5.53594741185624e-05
23.1,-0.0140425535,4.711493380221967e-05,5.46536195269411e-138,5.389594270415188e-08,9.036511269199218e-195,5.426248415272272e-28,6.967150879481404e-52,3.930098733620865e-117,6.028401750080725e-99,1.231606085299191e-80,5.1004877916388204e-26,1.6331365330103442e-29,4.706103785951552e-05
23.116666666666667,-0.0140425535,4.003084986128387e-05,4.306326303231238e-138,5.3394400948152624e-08,5.726178520726966e-195,5.019943956653872e-28,5.939562230130399e-52,2.6864549829739792e-117,4.216041219159694e-99,8.985074508524853e-81,4.3538102540060324e-26,1.261151381303609e-29,3.997745546033571e-05
23.133333333333333,-0.0140425535,3.39887596624937e-05,3.393085459233956e-138,5.289751732065895e-08,3.628515226539254e-195,4.644048313499394e-28,5.063495922791567e-52,1.8363248770166783e-117,2.9484931127106783e-99,6.554855937266815e-81,3.71633426866782e-26,9.738169707608974e-30,3.3935862145173035e-05
23.15,-0.0140425535,2.883954640265819e-05,2.6735143524144877e-138,5.2405248656923104e-08,2.299285992197699e-195,4.296286715405447e-28,4.3166149083950844e-52,1.2552011463285759e-117,2.061996937257861e-99,4.781853379109054e-81,3.1721052225714267e-26,7.518878303292805e-30,2.8787141154001266e-05
23.166666666666668,-0.0140425535,2.4454722953334662e-05,2.1065418923990503e-138,5.1917552191115956e-08,1.4569914877781616e-195,3.9745544744869794e-28,3.679874177767972e-52,8.579678443330193e-118,1.4420109660366735e-99,3.4883577731046126e-81,2.707497088555435e-26,5.804897742258617e-30,2.4402805401143545e-05
23.183333333333334,-0.0140425535,2.0723698557496595e-05,1.6598067996847722e-138,5.143438555265259e-08,9.232536066559264e-196,3.676904274971045e-28,3.1370357044591622e-52,5.864386499455104e-118,1.0084207636879946e-99,2.5447051604045506e-81,2.310872930720103e-26,4.4812801449388765e-30,2.067226417194394e-05
23.2,-0.018723404,1.7551387181210865e-05,1.3078105531924983e-138,5.095570676255043e-08,5.850392298803749e-196,3.4015344121478723e-28,2.674254838459709e-52,4.008372412273686e-118,7.051925000106575e-100,1.856289163509958e-81,1.9722948515279396e-26,3.459201156830662e-30,1.7500431474448315e-05
23.216666666666665,-0.018723404,1.4856118305007756e-05,1.0304620325519032e-138,5.0481474229821525e-08,3.7072249737130634e-196,3.146777909811038e-28,2.2797276285923493e-52,2.7397280989927938e-118,4.931355357427206e-100,1.3540837348433817e-81,1.68327618847778e-26,2.6700287686176635e-30,1.4805636830777934e-05
23.23333333333333,-0.0140425535,1.2567814837367858e-05,8.119307908530965e-139,5.001164674789829e-08,2.3491614909224927e-196,2.9110924506024127e-28,1.9433901004854854e-52,1.8725818036335032e-118,3.4484000501177003e-100,9.877275571427406e-82,1.436569813185483e-26,2.060737434442427e-30,1.251780319061996e-05
23.25,-0.0140425535,1.0626406451562795e-05,6.397435084411891e-139,4.954618349109108e-08,1.4885957730690274e-196,2.6930510585723107e-28,1.6566618381781102e-52,1.279876557405069e-118,2.4113582369042976e-100,7.20477795402348e-82,1.225987279051903e-26,1.590362661394321e-30,1.0576860268071704e-05
23.266666666666666,-0.0140425535,8.980449985348313e-06,5.040720577344476e-139,4.908504401107928e-08,9.43280089536557e-197,2.491333477794955e-28,1.412227344069767e-52,8.747608453880172e-119,1.686159274451706e-100,5.255279704817788e-82,1.0462443273721822e-26,1.2272602409174707e-30,8.931364941337234e-06
23.28333333333333,-0.0140425535,7.585931604923405e-06,3.971725451556681e-139,4.862818823343363e-08,5.977292813054712e-197,2.3047181950670083e-28,1.2038496127552312e-52,5.97866978888113e-119,1.1790391998181671e-100,3.833212530381981e-82,8.928289145437952e-27,9.469876895882093e-31,7.537303416689971e-06
23.3,-0.0140425535,6.4052282286448085e-06,3.1294331324053296e-139,4.81755764541712e-08,3.787637196732221e-197,2.132075058598721e-28,1.026211173669271e-52,4.0861451944548685e-119,8.24424141881195e-101,2.795901162497974e-82,7.618884810406766e-27,7.306667861678281e-31,6.357052652190637e-06
23.316666666666663,-0.0140425535,5.4062082437675435e-06,2.4657667562051455e-139,4.772716933634213e-08,2.4001157795845097e-197,1.9723584481935441e-28,8.747785562246273e-53,2.792653360466525e-119,5.764557618589952e-101,2.0392600238231507e-82,6.501336597818022e-27,5.637180626565614e-31,5.358481074431202e-06
23.33333333333333,-0.0140425535,4.5614538447606976e-06,1.9428450738389128e-139,4.728292790664621e-08,1.5208836438024288e-197,1.8246009557336194e-28,7.456867270162732e-53,1.9085972540503058e-119,4.030640965581561e-101,1.4873572533450798e-82,5.5475602919485385e-27,4.348828421299948e-31,4.514170916854051e-06
23.35,-0.018723404,3.847589389629176e-06,1.5308202862825738e-139,4.6842813552082795e-08,9.637397327867336e-198,1.6879075378641547e-28,6.356405568230551e-53,1.304384403091252e-119,2.818221413699791e-101,1.0848005778909828e-82,4.733578647134629e-27,3.354675512927474e-31,3.8007465760770934e-06
23.366666666666667,-0.018723404,3.2447020269846487e-06,1.2061744041280869e-139,4.640678801663019e-08,6.1069380888294e-198,1.5614501056114404e-28,5.418308084746515e-53,8.914376123074725e-120,1.9704662081961323e-101,7.911821225199167e-83,4.038921402420641e-27,2.587598373700742e-31,3.1982952389680183e-06
23.383333333333333,-0.018723404,2.7358425075095507e-06,9.503768936871237e-140,4.5974813397954875e-08,3.869788663737818e-198,1.4444625183021606e-28,4.618625061871747e-53,6.092147091113298e-120,1.3777035476309875e-101,5.770254806261876e-83,3.446112856314192e-27,1.995774675267271e-31,2.689867694111596e-06
23.4,-0.0140425535,2.3065955749112053e-06,7.48826992923976e-140,4.5546852144152385e-08,2.4521721565525014e-198,1.3362359515889058e-28,3.9369386209114154e-53,4.1633592838372496e-120,9.63242165305352e-102,4.208288533996497e-83,2.9402342371349937e-27,1.539198432532422e-31,2.261048722767053e-06
23.416666666666668,-0.0140425535,1.944710649035274e-06,5.900203282322252e-140,4.5122867050517125e-08,1.5538698631402586e-198,1.2361146116386722e-28,3.355842043923872e-53,2.8451914769887065e-120,6.734543092220961e-102,3.0690788087234844e-83,2.5085499631784106e-27,1.1869880936665702e-31,1.8995877819847567e-06
23.433333333333334,-0.0140425535,1.6397846824879794e-06,4.648922652613108e-140,4.4702821256342576e-08,9.846418911798627e-199,1.1434917696282333e-28,2.860495807524724e-53,1.9443445194173e-120,4.708404307123354e-102,2.238219160813544e-83,2.140188475316252e-27,9.153073191455227e-32,1.5950818612316368e-06
23.45,-0.0140425535,1.3829901060728618e-06,3.6630051429860316e-140,4.428667824175007e-08,6.239387403252012e-199,1.0578060926204791e-28,2.4382490587477806e-53,1.3287065279705644e-120,3.2917916597972966e-102,1.6322596236632091e-83,1.8258696819603292e-27,7.057591301846432e-32,1.3387034278311117e-06
23.466666666666665,-0.0140425535,1.1668416909356134e-06,2.886174588458061e-140,4.387440182454703e-08,3.9537169360582835e-199,9.785382486816783e-29,2.0783168890481228e-53,9.079858043968512e-121,2.3013566686966313e-102,1.1903315607389563e-83,1.5576722161266254e-27,5.441457564687783e-32,1.1229672891110663e-06
23.48333333333333,-0.0140425535,9.849969589407775e-07,2.274089386425892e-140,4.346595615711458e-08,2.5053544228051233e-199,9.0520776575299e-29,1.771505183342759e-53,6.2047345267516976e-121,1.608898105867628e-102,8.68038053599313e-84,1.3288346953455458e-27,4.195109797949804e-32,9.41531002783663e-07
23.5,-0.0140425535,8.320854789766209e-07,1.7918115291684503e-140,4.306130572332289e-08,1.5875695127261021e-199,8.373701253188779e-29,1.5099760325359294e-53,4.239957670116728e-121,1.124776373825916e-102,6.329970811625107e-84,1.13358602191566e-27,3.234006826332468e-32,7.89024173253298e-07
23.516666666666666,-0.0140425535,7.035630061480294e-07,1.4118123772512068e-140,4.266041533547563e-08,1.005996121295349e-199,7.746140733306209e-29,1.2870477310613368e-53,2.8973037019540543e-121,7.863155875735904e-103,4.615904339983669e-84,9.670004844666739e-28,2.4929192832214666e-32,6.609025908125537e-07
23.53333333333333,-0.0140425535,5.95586962816301e-07,1.1124013479922655e-140,4.2263250131281596e-08,6.374701312199247e-200,7.165591321530813e-29,1.0970242618886593e-53,1.979797266983135e-121,5.496935713733694e-103,3.36592212778687e-84,8.248740399076737e-28,1.9215219693133054e-32,5.533237126850194e-07
23.55,-0.0140425535,5.049102339444699e-07,8.764878319197986e-141,4.1869775570855004e-08,4.0394603853116545e-200,6.628532985149926e-29,9.350499225877133e-54,1.352825036657433e-121,3.842709221295346e-103,2.454389714058574e-84,7.036186829210376e-28,1.480991312216e-32,4.630404583736149e-07
23.566666666666663,-0.0140425535,4.2879066213063803e-07,6.906056698869206e-141,4.1479957433743206e-08,2.5596868927628105e-200,6.13170913564402e-29,7.969853865338107e-54,9.243932606900573e-122,2.6862566097423745e-103,1.7896792225770891e-84,6.001722613106373e-28,1.1413789328288481e-32,3.8731070469689483e-07
23.58333333333333,-0.0140425535,3.6491398720434004e-07,5.441445097952572e-141,4.109376181598065e-08,1.6219979995465655e-200,5.672106921690743e-29,6.7930203946824e-54,6.316349458275113e-122,1.8778054705076161e-103,1.3049657334451795e-84,5.119214809268447e-28,8.795844487527074e-33,3.238202253883594e-07
23.6,-0.0140425535,3.1132828772937054e-07,4.287441700666623e-141,4.0711155127171614e-08,1.0278121858683127e-200,5.246938995622298e-29,5.789918973008426e-54,4.315884200854626e-122,1.3126436717696394e-103,9.515142116070868e-85,4.366361731352201e-28,6.777909158049243e-33,2.706171326021989e-07
23.616666666666667,-0.0140425535,2.6638825292827395e-07,3.378174410549943e-141,4.0332104087598884e-08,6.512941677862401e-201,4.853626643222642e-29,4.934908080988189e-54,2.948951881185191e-122,9.17563782357157e-104,6.937831244702824e-85,3.7241317904602337e-28,5.222574189526334e-33,2.2605614884067504e-07
23.633333333333333,-0.0140425535,2.2870784852891725e-07,2.6617408655815657e-141,3.9956575725358264e-08,4.127058210870659e-201,4.489784174979914e-29,4.206129797640486e-54,2.0149295730086752e-122,6.413850892412915e-104,5.058531835975896e-85,3.176284449688043e-28,4.023873554562806e-33,1.8875127280355898e-07
23.65,-0.0140425535,1.9712014336790121e-07,2.0972458389515585e-141,3.958453737352071e-08,2.615194405355124e-201,4.153204484517958e-29,3.5849516357125836e-54,1.3767223160748396e-122,4.4832675401584116e-104,3.6882263632753224e-85,2.7089612877074433e-28,3.1000951488662044e-33,1.575356059943805e-07
23.666666666666668,-0.0140425535,1.706432392884782e-07,1.6524669234541875e-141,3.92159566673197e-08,1.6571710629463976e-201,3.8418456869726586e-29,3.055490698717362e-54,9.406480150256228e-123,3.133745127241221e-104,2.68907548898652e-85,2.3103369209982855e-28,2.388233966644795e-33,1.3142728262115848e-07
23.683333333333334,-0.0140425535,1.484513984971314e-07,1.3020152588875138e-141,3.8850801541365035e-08,1.0501000582345182e-201,3.553818756595889e-29,2.6042080212974876e-54,6.426910592065967e-123,2.190412571473243e-104,1.9605629344428315e-85,1.9703210314863832e-28,1.8397127706385728e-33,1.0960059695576636e-07
23.7,-0.0140425535,1.298505932224724e-07,1.0258863181575613e-141,3.8489040226881594e-08,6.654171696912778e-202,3.287376088897946e-29,2.2195627439371653e-54,4.3910836505109626e-123,1.5310219920695134e-104,1.4293907593448032e-85,1.6803040250441586e-28,1.4170808698170215e-33,9.136155299559081e-08
23.716666666666665,-0.0140425535,1.142578150079761e-07,8.083180318227949e-142,3.813064124897371e-08,4.216550457701478e-202,3.0409009182225474e-29,1.8917172986868337e-54,3.0000984996427474e-123,1.0701143959810997e-104,1.0421099977447562e-85,1.4329399384139822e-28,1.091467631550488e-33,7.61271737590024e-08
23.73333333333333,-0.0140425535,1.011835776820089e-07,6.3689107332918766e-142,3.7775573423915155e-08,2.6719023353281454e-202,2.812897526807886e-29,1.6122860833510825e-54,2.0497159543682562e-123,7.479494951615224e-105,7.597462859475816e-86,1.2219611448120075e-28,8.40618323411536e-34,6.340800425809374e-08
23.75,-0.0140425535,9.021713110128491e-08,5.018199494748672e-142,3.742380585646329e-08,1.693104781794014e-202,2.601982186166279e-29,1.374121210662191e-54,1.4003810568310172e-123,5.227663770338436e-105,5.53880481367487e-86,1.042020205014861e-28,6.4737922864278064e-34,5.279332524482162e-08
23.766666666666666,-0.0140425535,8.101397400613011e-08,3.953944316412423e-142,3.707530793719852e-08,1.0728699268692944e-202,2.4068747760365896e-29,1.17112986455697e-54,9.567383105078614e-124,3.653729109473111e-105,4.037904183150236e-86,8.885548909680501e-29,4.985293552721584e-34,4.393866606893159e-08
23.78333333333333,-0.0140425535,7.328531537091325e-08,3.1153944467204353e-142,3.673004933988761e-08,6.798455929262672e-203,2.2263910302523448e-29,9.981186018864314e-55,6.536338076222144e-124,2.553632430834263e-105,2.9436654547014543e-86,7.576729898535276e-29,3.8387950618142497e-34,3.655526603102564e-08
23.8,-0.0140425535,6.678918588524154e-08,2.4546829178030707e-142,3.638800001887169e-08,4.3079780345966684e-203,2.0594353626550322e-29,8.506606252617028e-55,4.465501786593251e-124,1.7847351796597173e-105,2.145919409152552e-86,6.460539926046461e-29,2.955775751188346e-34,3.0401185866369854e-08
23.816666666666663,-0.0140425535,6.132294588153257e-08,1.934094214459479e-142,3.604913020647842e-08,2.7298366047939134e-203,1.9049942296845998e-29,7.249826387802017e-55,3.050706726161698e-124,1.247333423430794e-105,1.564339097202311e-86,5.508651944380157e-29,2.275729011581108e-34,2.5273815675054156e-08
23.83333333333333,-0.0140425535,5.671697419197442e-08,1.5239114002608589e-142,3.571341041045678e-08,1.729815581796319e-203,1.762129989518218e-29,6.178683980228356e-55,2.084131398801601e-124,8.717354933875429e-106,1.1403573007574984e-86,4.696900966620138e-29,1.7520329318838782e-34,2.1003563781517642e-08
23.85,-0.0140425535,5.28293549904258e-08,1.200719813371474e-142,3.538081141143724e-08,1.096132200024158e-203,1.6299752206302557e-29,5.265764917001738e-55,1.4237842736760591e-124,6.09228636486369e-106,8.312728021033921e-87,4.0046730785461795e-29,1.3487665387314e-34,1.744854357898856e-08
23.866666666666667,-0.0140425535,4.954140744644202e-08,9.460705057000258e-143,3.505130426041415e-08,6.945860327445045e-204,1.5077274654184763e-29,4.487702555043968e-55,9.726526133363166e-125,4.2576437193647736e-106,6.059527936572377e-87,3.4143840619237756e-29,1.0382555063353968e-34,1.4490103186027873e-08
23.883333333333333,-0.0140425535,4.675392667552124e-08,7.454271332281688e-143,3.4724860276250965e-08,4.401382732790745e-204,1.394644367109826e-29,3.8245802835701505e-55,6.644553594054443e-125,2.975443921279547e-106,4.416992175172227e-87,2.9110344985383485e-29,7.991803310654495e-35,1.2029066399270276e-08
23.9,-0.0140425535,4.438402460350876e-08,5.873361848641862e-143,3.440145104320931e-08,2.789023695026096e-204,1.2900391705363888e-29,3.2594222522191833e-55,4.539085432870765e-125,2.0793504177008113e-106,3.219638448657429e-87,2.4818301464147905e-29,6.151181687144315e-35,9.982573560299455e-09
23.916666666666668,-0.0140425535,4.236247648368428e-08,4.627731854467744e-143,3.408104840850019e-08,1.7673202429765356e-204,1.1932765595682508e-29,2.777759257058925e-55,3.100740456176565e-125,1.4531052678102758e-106,2.346822469729781e-87,2.1158580207512418e-29,4.734190037961759e-35,8.28142807518409e-09
23.933333333333334,-0.0140425535,4.063149335120723e-08,3.6462755325200553e-143,3.3763624479858164e-08,1.1198975104652128e-204,1.103768806025302e-29,2.3672586953734798e-55,2.1181513937917337e-125,1.0154533248284386e-106,1.710590469314156e-87,1.8038100131501318e-29,3.643395537804407e-35,6.867868871349066e-09
23.95,-0.0140425535,3.91428530481731e-08,2.872967068697253e-143,3.3449151623137174e-08,7.096452266640506e-205,1.0209722067718813e-29,2.0174091358685195e-55,1.4469153250181718e-125,7.096045097548248e-107,1.2468222845542821e-87,1.5377470788088953e-29,2.8037584600094837e-35,5.69370142503592e-09
23.966666666666665,-0.009361702,3.785633292722467e-08,2.2636625237886035e-143,3.313760245992888e-08,4.496807244980433e-205,9.443837874397744e-30,1.719251445446801e-55,9.883796259958278e-126,4.958682444677362e-107,9.087737653009995e-88,1.3108980424052518e-29,2.1574892893770236e-35,4.718730467295793e-09
23.98333333333333,-0.0140425535,3.6738396219828093e-08,1.7835799531174747e-143,3.2828949865203084e-08,2.8494906585164343e-205,8.735382528358327e-30,1.4651496025516454e-55,6.751480453209184e-126,3.4650521269407135e-107,6.623686117480962e-88,1.1174879450500921e-29,1.6600860934417947e-35,3.909446354625008e-09
24.0,-0.0140425535,3.576109157460887e-08,1.4053139342493737e-143,3.252316696496944e-08,1.8056359073134186e-205,8.080051655825481e-30,1.2485953405879879e-55,4.611782529580393e-126,2.4212900089888534e-107,4.8276576387802436e-88,9.525915987387543e-30,1.27728149614363e-35,3.2379246096394315e-09
24.016666666666666,-0.009361702,3.4901131634779025e-08,1.107271167722444e-143,3.222022713396102e-08,1.1441767203120671e-205,7.473863359183282e-30,1.0640416289607702e-55,3.150164352402709e-126,1.6919106581150302e-107,3.518568095787696e-88,8.120086498625454e-30,9.826906164236278e-36,2.680904500818001e-09
24.03333333333333,-0.009361702,3.413912190536571e-08,8.724378512774419e-144,3.1920103993338745e-08,7.250300575335272e-206,6.913134068612579e-30,9.067607358524069e-56,2.1517519540456912e-126,1.1822290794644449e-107,2.564414675060397e-88,6.921569954746286e-30,7.559991530592922e-36,2.21901791202697e-09
24.05,-0.009361702,3.345891570898494e-08,6.874084662789177e-144,3.162277140841729e-08,4.594295184757452e-206,6.394456201215642e-30,7.727232448006184e-56,1.4697579314847034e-126,8.260749642722604e-108,1.8689744418341904e-88,5.899818587468659e-30,5.8156766460634206e-36,1.8361443005676448e-09
24.066666666666663,-0.0140425535,3.284707486973413e-08,5.416205369211117e-144,3.1328203486412154e-08,2.9112651312843826e-206,5.914677492399834e-30,6.58494932444864e-56,1.003908299791579e-126,5.7720609809154304e-108,1.36210725700632e-88,5.028782250163543e-30,4.4735651561350665e-36,1.5188713833219773e-09
24.08333333333333,-0.0140425535,3.2292419006185835e-08,4.2675168016209684e-144,3.103637457420627e-08,1.8447800865386546e-206,5.4708818744107234e-30,5.611488711530171e-56,6.857043670327453e-127,4.033072276896425e-108,9.92686477222161e-89,4.2862467692354536e-30,3.4409787033868746e-36,1.2560444319795626e-09
24.1,-0.0140425535,3.178564904818751e-08,3.362445282434195e-144,3.074725925613877e-08,1.1689809259802777e-206,5.060371786256486e-30,4.781905092613465e-56,4.6835421906020205e-127,2.817959581295961e-108,7.234454320838931e-89,3.65326954856254e-30,2.6465800394310172e-36,1.0383897920487401e-09
24.116666666666667,-0.0140425535,3.131903289620553e-08,2.6493240491820236e-144,3.046083235181325e-08,7.407475566643029e-207,4.680651807926794e-30,4.074938132905728e-56,3.1989438834338256e-127,1.9689160100367548e-108,5.272205684242108e-89,3.1136981446190123e-30,2.0354621844219942e-36,8.582005443922735e-10
24.133333333333333,-0.0140425535,3.088614308262591e-08,2.0874438778597344e-144,3.0177068913925715e-08,4.693891106457256e-207,4.329413519811376e-30,3.4724683920255415e-56,2.1849096475530277e-127,1.375666981385541e-108,3.8421279498995856e-89,2.6537596255058846e-30,1.5653668331688777e-36,7.090741687001953e-10
24.15,-0.0140425535,3.048163792801281e-08,1.64472920702541e-144,2.9895944226113434e-08,2.9743753454533303e-207,4.004521495643551e-30,2.9590534075646208e-56,1.492296193515959e-127,9.611543701565663e-109,2.7999110434008454e-89,2.261710315524791e-30,1.2037725244333824e-36,5.856937018993799e-10
24.166666666666668,-0.009361702,3.010107905957613e-08,1.295907107656852e-144,2.9617433800823074e-08,1.8847706701085084e-207,3.704000344143047e-30,2.521532284556583e-56,1.0192278467252639e-127,6.715319814122035e-109,2.0403731213974342e-89,1.9275370531149037e-30,9.256526715408609e-37,4.836452587530548e-10
24.183333333333334,-0.009361702,2.9740779314507834e-08,1.0210645768757955e-144,2.9341513377198713e-08,1.1943214632329953e-207,3.42602272088019e-30,2.1486886770019117e-56,6.961170051195793e-128,4.691740641040543e-109,1.4868526228696224e-89,1.6427023923784275e-30,7.117494633557636e-37,3.9926593730911934e-10
24.2,-0.0140425535,2.9397676021679585e-08,8.045118003751184e-145,2.9068158918988906e-08,7.568049070312421e-208,3.168898237753943e-30,1.8309635403982043e-56,4.754314757546713e-128,3.277895077325693e-109,1.0834758631847208e-89,1.3999272897988689e-30,5.472450191997563e-37,3.2951710269067954e-10
24.216666666666665,-0.009361702,2.906922547047892e-08,6.338864940773042e-145,2.8797346612473203e-08,4.795640525430926e-208,2.9310632029059568e-30,1.5602103067544902e-56,3.247045360245587e-128,2.2900758738496714e-109,7.895207805194031e-90,1.1930057661204221e-30,4.207384356586624e-37,2.7187885800571664e-10
24.23333333333333,-0.0140425535,2.8753315059828456e-08,4.9944819717114196e-145,2.8529052864408042e-08,3.0388501421020887e-208,2.7110711289181188e-30,1.3294862182991193e-56,2.2176016202168752e-128,1.5999207914046373e-109,5.753086650196461e-90,1.016646842579761e-30,3.2345835998837336e-37,2.2426219542041327e-10
24.25,-0.0140425535,2.8448190194423296e-08,3.935222317764521e-145,2.826325429999098e-08,1.9256259333472985e-208,2.5075839517916245e-30,1.1328744807425109e-56,1.514514607979714e-128,1.117740264862639e-109,4.192096865374896e-90,8.663397411708804e-31,2.486568996604803e-37,1.8493589443231564e-10
24.266666666666666,-0.0140425535,2.815239347644908e-08,3.1006158800918478e-145,2.7999927760844234e-08,1.2202099123386287e-208,2.3193639075064857e-30,9.653326851453213e-57,1.0343277507035922e-128,7.808671056459929e-110,3.054602942474055e-90,7.382389277758684e-31,1.911431370204502e-37,1.5246571560484543e-10
24.28333333333333,-0.0140425535,2.7864714144278923e-08,2.4430172485565307e-145,2.773905030301611e-08,7.732094465411246e-209,2.1452660169392302e-30,8.225636192995863e-57,7.063788266351822e-129,5.455156255377254e-110,2.2257239722411884e-90,6.290660796730961e-31,1.469241148684041e-37,1.2566384126281311e-10
24.3,-0.0140425535,2.758414604736366e-08,1.9248858127086233e-145,2.7480599195001435e-08,4.899589938765216e-209,1.984231133602699e-30,7.009051622277725e-57,4.8240518507430085e-129,3.8109312222971064e-110,1.6217389238671611e-90,5.360264878190066e-31,1.129285502208093e-37,1.0354685236222536e-10
24.316666666666663,-0.0140425535,2.7309852729219045e-08,1.5166427105817737e-145,2.722455191578014e-08,3.1047189843881093e-209,1.835279512074516e-30,5.972364435667515e-57,3.2944359705761964e-129,2.662250344769755e-110,1.181635949502147e-90,4.567377702118551e-31,8.67942260051333e-38,8.530081343890691e-11
24.33333333333333,-0.0140425535,2.7041138426928843e-08,1.1949822792567037e-145,2.6970886152873056e-08,1.967364545760041e-209,1.6975048581366038e-30,5.088978657119855e-57,2.2498056190339177e-129,1.85977563324365e-110,8.609532821667523e-91,3.8916908482577926e-31,6.670439420642895e-38,7.025227405578647e-11
24.35,-0.0140425535,2.6777423993369848e-08,9.4154161612806e-146,2.671957980041694e-08,1.2466581033406178e-209,1.5700688245626854e-30,4.3362294128157574e-57,1.5363980838013264e-129,1.299170379331046e-110,6.272903851015541e-91,3.315892969338039e-31,5.12618996885881e-38,5.78441929529086e-11
24.366666666666667,-0.0140425535,2.6518226913675778e-08,7.418523024063583e-146,2.6470610957256495e-08,7.899686713714195e-210,1.4521959191904433e-30,3.6948020078364134e-57,1.0491977780732824e-129,9.075395867929375e-111,4.5703646074312545e-91,2.8252278284475648e-31,3.939233319383092e-38,4.7615956419281733e-11
24.383333333333333,-0.0140425535,2.6263144725570293e-08,5.845144475469207e-146,2.6223957925053503e-08,5.0057868464377213e-210,1.3431687944101406e-30,3.1482368306582503e-57,7.1648289220907646e-130,6.3395578870984784e-111,3.32986215211545e-91,2.4071174590717313e-31,3.026952333472745e-38,3.91868005167909e-11
24.4,-0.0140425535,2.6011841268530128e-08,4.605459044626481e-146,2.5979599206414226e-08,3.172011970953168e-210,1.2423238895133645e-30,2.68250740776174e-57,4.8927064170987155e-130,4.428394540384107e-111,2.426022758130557e-91,2.0508408597981244e-31,2.325821819979845e-38,3.2242062115900416e-11
24.416666666666668,-0.0140425535,2.576403528299777e-08,3.6286950500323945e-146,2.573751350303356e-08,2.0100055795297568e-210,1.1490473994810595e-30,2.2856608028519417e-57,3.3410838111776943e-130,3.0933395744631395e-111,1.76748896904017e-91,1.7472600461519089e-31,1.7869993383821862e-38,2.6521779964209775e-11
24.433333333333334,-0.0140425535,2.551949096117549e-08,2.8590904409728364e-146,2.5497679713856575e-08,1.2736781214415025e-210,1.06277154576795e-30,1.9475111509919448e-57,2.2815000138256243e-130,2.1607417325661904e-111,1.287691406134174e-91,1.4885864851851908e-31,1.3729336385553845e-38,2.181124731891332e-11
24.45,-0.009361702,2.52780101179023e-08,2.25270948904659e-146,2.5260076933256336e-08,8.070902393823445e-211,9.829711264699049e-31,1.6593784781213292e-57,1.5579319566024914e-130,1.5092879626811615e-111,9.381237784674083e-92,1.26818196472972e-31,1.0547560201821627e-38,1.7933184645964332e-11
24.466666666666665,-0.009361702,2.503942570594281e-08,1.774934606965115e-146,2.5024684449229386e-08,5.114279772930162e-211,9.091603249529098e-31,1.4138661157702585e-57,1.0638279874827022e-130,1.054229968565631e-111,6.834421665743093e-92,1.0803888246188291e-31,8.102739962678372e-39,1.4741256713426312e-11
24.48333333333333,-0.009361702,2.4803596446526493e-08,1.3984901118473606e-146,2.4791481741607198e-08,3.2407598496233057e-211,8.408897575887729e-31,1.2046710089272231e-57,7.264224626884425e-131,7.363641267989222e-112,4.978937709432303e-92,9.203852238512481e-32,6.224282849496014e-39,1.2114704919293588e-11
24.5,-0.009361702,2.457040238471629e-08,1.1018851166894e-146,2.4560448480284268e-08,2.0535685181991403e-211,7.777437426909478e-31,1.0264220572495314e-57,4.960232774821716e-131,5.1433244215219095e-112,3.627145105603069e-92,7.840617545273851e-32,4.7810620017223526e-39,9.953904432022697e-12
24.516666666666666,-0.009361702,2.4339741211433974e-08,8.681866599985051e-147,2.4331564523462714e-08,1.301282312502227e-211,7.193377740844575e-31,8.745423476596263e-58,3.3869579179299413e-131,3.592437821897808e-112,2.6423266135223033e-92,6.679162565667859e-32,3.672291735403217e-39,8.176687971260119e-12
24.53333333333333,-0.009361702,2.411152522080531e-08,6.840530355725617e-147,2.4104809915912633e-08,8.245819736012969e-212,6.653161839839092e-31,7.451317482139326e-58,2.3126638175115465e-131,2.509161766618829e-112,1.9248700585726824e-92,5.689641504851443e-32,2.8205111728298657e-39,6.715304892679223e-12
24.55,-0.009361702,2.3885678793812808e-08,5.389721382444387e-147,2.38801648872488e-08,5.22511828931473e-212,6.153499810010194e-31,6.34866854614306e-58,1.5791020023469113e-131,1.7525165876249804e-112,1.4021991569440887e-92,4.846620006162237e-32,2.1661894098920482e-39,5.5139065640085455e-12
24.566666666666663,-0.009361702,2.3662136317804235e-08,4.246613450197709e-147,2.365760985022338e-08,3.310994031399356e-212,5.69134850164382e-31,5.409157251951198e-58,1.0782087390654685e-131,1.2240233492317518e-112,1.0214364931600475e-92,4.1284235812682e-32,1.663577704563792e-39,4.5264675808553636e-12
24.58333333333333,-0.009361702,2.3440840466832203e-08,3.345946725250877e-147,2.343712539903351e-08,2.0980732655314496e-212,5.263893028162832e-31,4.608652190384462e-58,7.36191005317935e-132,8.548922327823925e-113,7.44057398065933e-93,3.516582205423605e-32,1.2775206148320806e-39,3.715067798694444e-12
24.6,-0.009361702,2.3221740780621227e-08,2.6363021745994107e-147,2.321869230764568e-08,1.3294832886586825e-212,4.8685296515982715e-31,3.92659074736295e-58,5.026586655003221e-132,5.970726229541257e-113,5.4199455859657605e-93,2.995356895704521e-32,9.810045192078454e-40,3.0484729755481307e-12
24.616666666666667,-0.009361702,2.300479249060068e-08,2.0771661157793816e-147,2.300229152813489e-08,8.424518657818329e-213,4.5028499507053975e-31,3.345451424934537e-58,3.4320282938106964e-132,4.170009822401704e-113,3.947997315971544e-93,2.5513361799814344e-32,7.532731142101806e-40,2.5009624657890766e-12
24.633333333333333,-0.009361702,2.278995555028274e-08,1.6366173341854656e-147,2.278790418903872e-08,5.3383530358074095e-213,4.164626175635763e-31,2.850304167941496e-58,2.34327670492154e-132,2.912333759365263e-113,2.875757248514409e-93,2.173092146563895e-32,5.7837883856219295e-40,2.0513612440192004e-12
24.65,-0.009361702,2.2577193834600584e-08,1.28950473066791e-147,2.257551159372733e-08,3.382746604746783e-213,3.8517977002799988e-31,2.4284271673970216e-58,1.599894449993596e-132,2.033945783827953e-113,2.094696304375646e-93,1.8508872841820638e-32,4.4406944580794014e-40,1.6822408732534833e-12
24.666666666666668,-0.009361702,2.2366474478905125e-08,1.0160114651725155e-147,2.2365095218788e-08,2.1435401545694918e-213,3.5624584900444748e-31,2.068980315200032e-58,1.0923307029477574e-132,1.420469050410948e-113,1.5257500599342145e-93,1.5764246178542932e-32,3.4093223077259393e-40,1.3792601171249382e-12
24.683333333333334,-0.009361702,2.215776733336758e-08,8.00523626229595e-148,2.2156636712424888e-08,1.358293934062408e-213,3.294845508986329e-31,1.762726936709864e-58,7.457821994591178e-133,9.920152959048331e-114,1.1113202488586694e-93,1.3426347511984088e-32,2.617363229454312e-40,1.1306209426914003e-12
24.7,-0.009361702,2.1951044512717318e-08,6.307388407108426e-148,2.1950117892872874e-08,8.60708080041274e-214,3.047327995928775e-31,1.501796665095162e-58,5.0917252400599995e-133,6.927860999122902e-114,8.094472997891293e-94,1.1434943679459709e-32,2.0092723195802048e-40,9.266198444427279e-13
24.716666666666665,-0.009361702,2.17462800247145e-08,4.969639358979941e-148,2.1745520746826892e-08,5.454035744806699e-214,2.8183975444473687e-31,1.2794833759498269e-58,3.4762659347329143e-133,4.838092641175049e-114,5.895646910650257e-94,9.738715487968395e-33,1.542384213150471e-40,7.592778876080581e-13
24.73333333333333,-0.009361702,2.1543449463626647e-08,3.915615584811411e-148,2.1542827427885083e-08,3.456050350201228e-214,2.6066589264954467e-31,1.090072999430052e-58,2.3733190301567526e-133,3.378651726624641e-114,4.294057993779756e-94,8.293939447334132e-33,1.183928307226317e-40,6.220357415633247e-13
24.75,-0.009361702,2.134252975735974e-08,3.0851415874725037e-148,2.1342020255006462e-08,2.1899899568900112e-214,2.410821603946644e-31,9.28696793138879e-59,1.6202959931577655e-133,2.3594290340959225e-114,3.127504292258364e-94,7.063364319400528e-33,9.087352966915998e-41,5.095023532764799e-13
24.766666666666666,-0.009361702,2.1143498958863458e-08,2.430804483703691e-148,2.1143081710983014e-08,1.3877274107417605e-214,2.2296918765079444e-31,7.912063117709889e-59,1.1061848670819891e-133,1.6476488964775732e-114,2.277831050808755e-94,6.015253714093461e-33,6.97474999182778e-41,4.172478804435602e-13
24.78333333333333,-0.009361702,2.094633607405959e-08,1.9152471936655802e-148,2.0945994440925402e-08,8.793589565746526e-215,2.0621656183140525e-31,6.740668658611203e-59,7.551899418506273e-134,1.150579675309758e-114,1.6589706599024956e-94,5.122570208412349e-33,5.353024655657271e-41,3.416331341890523e-13
24.8,-0.009361702,2.075102091989307e-08,1.5090357130068684e-148,2.075074125076306e-08,5.572219264438057e-215,1.9072215590902176e-31,5.742667360992998e-59,5.155607199048259e-134,8.034576901785963e-115,1.2082297360069366e-94,4.3622800837226074e-33,4.1081783322834213e-41,2.796691300093323e-13
24.816666666666663,-0.0140425535,2.055753400721932e-08,1.1889787118189844e-148,2.055730510575807e-08,3.530938755280569e-215,1.7639150690713366e-31,4.892398137319175e-59,3.5196428532486883e-134,5.61052661784351e-115,8.799418422794453e-95,3.714760862273578e-33,3.152672589309874e-41,2.289014612505828e-13
24.83333333333333,-0.0140425535,2.036585644416399e-08,9.368035275696187e-149,2.0365669129032128e-08,2.2374438920495452e-215,1.6313724099239067e-31,4.167996819105918e-59,2.402771842497848e-134,3.9177665821962656e-115,6.408436267860355e-95,3.163296454348018e-33,2.419290870235459e-41,1.8731513186173356e-13
24.85,-0.0140425535,2.0175969856355698e-08,7.381129652049372e-149,2.017581660010804e-08,1.4177971645904786e-215,1.5087854167457034e-31,3.5508344630618297e-59,1.6402938007860985e-134,2.7356958815838175e-115,4.66706486297722e-95,2.693646969910379e-33,1.8564233718395902e-41,1.5325624765766662e-13
24.866666666666667,-0.0140425535,1.9987856321059524e-08,5.81563348580818e-149,1.9987730953464113e-08,8.984130154493785e-216,1.3954065788340428e-31,3.025038733865636e-59,1.1197625444063809e-134,1.9102553216751712e-115,3.398828779636184e-95,2.293682160244345e-33,1.4244453294157012e-41,1.25367595411092e-13
24.883333333333333,-0.0140425535,1.98014983127612e-08,4.58216898415361e-149,1.98013957771016e-08,5.6929575825976847e-216,1.290544489333179e-31,2.5770860787893907e-59,7.6440835141034e-135,1.3338573181905335e-115,2.475189399008058e-95,1.953069084643909e-33,1.0929352978988626e-41,1.0253565960238669e-13
24.9,-0.0140425535,1.961687865818244e-08,3.610314641163294e-149,1.9616794811125917e-08,3.607446029721071e-216,1.1935596361128417e-31,2.195454225581342e-59,5.2181927198688436e-135,9.313688380214415e-116,1.8025250160240718e-95,1.6630059863243273e-33,8.385387149377718e-42,8.384705652131119e-14
24.916666666666668,-0.0140425535,1.9433980499060888e-08,2.844584782758145e-149,1.9433911946340574e-08,2.2859236372419822e-216,1.1038605082987816e-31,1.8703260827722355e-59,3.562132100137343e-135,6.503219509124917e-116,1.312646836015359e-95,1.4159955457951842e-33,6.433271416188906e-42,6.855272031437125e-14
24.933333333333334,-0.0140425535,1.925278726132285e-08,2.24126181001775e-149,1.9252731222854356e-08,1.4485169314861284e-216,1.020899994794655e-31,1.5933374405413366e-59,2.4316169008728344e-135,4.5407701642710297e-116,9.558907043170308e-96,1.2056516892456668e-33,4.935382416594314e-42,5.603846849633311e-14
24.95,-0.0140425535,1.9073282629516933e-08,1.7659002927718755e-149,1.9073236828700786e-08,9.17878960482205e-217,9.441720529064406e-32,1.3573619942767791e-59,1.6598755268511657e-135,3.170480138617004e-116,6.9608510878301296e-96,1.0265349897922303e-33,3.786081972987575e-42,4.5800816146408346e-14
24.966666666666665,-0.0140425535,1.8895450525578427e-08,1.3913604211504258e-149,1.889541309847104e-08,5.816305851510702e-217,8.732086268208385e-32,1.156328170807455e-59,1.1330553793397464e-135,2.213680690757314e-116,5.068859181699181e-96,8.740124327216511e-34,2.904287277964329e-42,3.7427107390588386e-14
24.98333333333333,-0.0140425535,1.871927509115608e-08,1.096258543757781e-149,1.8719244511958885e-08,3.6856071210440015e-217,8.075767972067654e-32,9.850630535218882e-60,7.734317735846277e-136,1.5456079872278055e-116,3.691066786129219e-96,7.441379408608625e-34,2.2277660257578106e-42,3.057919719548224e-14
25.0,-0.0140425535,1.8544740672870415e-08,8.637463326316119e-150,1.8544715692818357e-08,2.335451337163156e-217,7.468761446122401e-32,8.391593981619288e-60,5.279443538379937e-136,1.0791409667293454e-116,2.687740838380354e-96,6.335505889035073e-34,1.708756234296521e-42,2.4980052057864577e-14
