time,signal,baseline,corrected
0.0,5.2565956,-0.8793766485308884,6.135972248530888
0.0166666666666666,2.0268085,-0.8790342499299372,2.905842749929937
0.0333333333333333,0.7770213,-0.8786920336725921,1.6557133336725922
0.05,0.29957446,-0.8783499661249433,1.1779244261249433
0.0666666666666666,0.11234043,-0.8780080136530817,0.9903484436530817
0.0833333333333333,0.042127658,-0.8776661426230974,0.9197938006230973
0.1,0.0140425535,-0.8773243194010811,0.8913668729010812
0.1166666666666666,0.004680851,-0.8769825103531232,0.8816633613531233
0.1333333333333333,0.0,-0.8766406818453143,0.8766406818453143
0.15,0.0,-0.8762988002437448,0.8762988002437448
0.1666666666666666,-0.0140425535,-0.8759568319145052,0.8619142784145052
0.1833333333333333,-0.042127658,-0.875614743223686,0.8334870852236861
0.2,-0.079574466,-0.8752725005373776,0.7956980345373776
0.2166666666666666,-0.11702128,-0.8749300702216876,0.7579087902216876
0.2333333333333333,-0.15446809,-0.874587450542125,0.720119360542125
0.25,-0.19191489,-0.8742446221397195,0.6823297321397195
0.2666666666666666,-0.2293617,-0.8739015480263245,0.6445398480263245
0.2833333333333333,-0.2668085,-0.8735581874906977,0.6067496874906977
0.3,-0.3042553,-0.8732144959354489,0.5689591959354489
0.3166666666666666,-0.33702126,-0.8728704246797008,0.5358491646797008
0.3333333333333333,-0.3744681,-0.8725259207210964,0.49805782072109633
0.35,-0.40723404,-0.8721809264648819,0.46494688646488186
0.3666666666666666,-0.43531916,-0.871835379425174,0.436516219425174
0.3833333333333333,-0.4680851,-0.8714892119022802,0.40340411190228026
0.4,-0.4961702,-0.8711423506201118,0.3749721506201118
0.4166666666666667,-0.51957446,-0.8707947163274288,0.3512202563274288
0.4333333333333333,-0.5429787,-0.8704462233400087,0.3274675233400086
0.45,-0.56638294,-0.8700967790257714,0.3037138390257714
0.4666666666666667,-0.5851064,-0.8697462832089755,0.2846398832089755
0.4833333333333333,-0.6085106,-0.8693946275291253,0.2608840275291253
0.5,-0.6319149,-0.8690416947818541,0.23712679478185417
0.5166666666666667,-0.6506383,-0.8686873582007617,0.2180490582007617
0.5333333333333333,-0.6693617,-0.8683314806732692,0.1989697806732692
0.55,-0.6880851,-0.8679739138770333,0.17988881387703326
0.5666666666666667,-0.7068085,-0.8676144973137343,0.16080599731373435
0.5833333333333334,-0.72085106,-0.8672530572485253,0.14640199724852532
0.6,-0.7348936,-0.8668894055644475,0.13199580556444745
0.6166666666666667,-0.7442553,-0.866523338547055,0.12226803854705504
0.6333333333333333,-0.753617,-0.8661546356193299,0.11253763561932995
0.65,-0.75829786,-0.8657830580456998,0.10748519804569978
0.6666666666666666,-0.76765954,-0.8654083477973051,0.0977488077973051
0.6833333333333333,-0.7817021,-0.8650302264300466,0.08332812643004661
0.7,-0.79106385,-0.8646483940190772,0.07358454401907721
0.7166666666666667,-0.8004255,-0.8642625282063466,0.06383702820634662
0.7333333333333333,-0.8097872,-0.8638722836531096,0.0540850836531096
0.75,-0.8191489,-0.8634772916576553,0.04432839165765534
0.7666666666666667,-0.82382977,-0.8630771602174052,0.0392473902174052
0.7833333333333333,-0.82851064,-0.8626714745106749,0.034160834510674976
0.8,-0.83319145,-0.8622597975562624,0.02906834755626242
0.8166666666666667,-0.8378723,-0.8618416712982094,0.02396937129820942
0.8333333333333334,-0.8425532,-0.8614166180565032,0.018863418056503156
0.85,-0.8425532,-0.86098414230138,0.018430942301379982
0.8666666666666667,-0.847234,-0.8605437326889835,0.0133097326889835
0.8833333333333333,-0.8519149,-0.8600948643217565,0.008179964321756494
0.9,-0.85659575,-0.8596370011748997,0.0030412511748997284
0.9166666666666666,-0.85659575,-0.8591695986627998,0.0025738486627998602
0.9333333333333332,-0.86127657,-0.8586921062575895,-0.0025844637424105033
0.95,-0.86127657,-0.8582039700538127,-0.00307259994618736
0.9666666666666668,-0.86127657,-0.8577046352393267,-0.003571934760673301
0.9833333333333332,-0.86595744,-0.857193548412575,-0.008763891587424966
1.0,-0.86595744,-0.8566701597021608,-0.009287280297839207
1.0166666666666666,-0.86595744,-0.8561339246758293,-0.009823515324170695
1.0333333333333334,-0.86595744,-0.8555843061835624,-0.010373133816437563
1.05,-0.86595744,-0.8550207758894355,-0.010936664110564487
1.0666666666666669,-0.86595744,-0.854442815508345,-0.011514624491654968
1.0833333333333333,-0.86595744,-0.8538499177838222,-0.012107522216177724
1.1,-0.86595744,-0.853241587264308,-0.01271585273569198
1.1166666666666667,-0.86595744,-0.8526173407254498,-0.013340099274550155
1.1333333333333333,-0.86595744,-0.8519767076066819,-0.013980732393318096
1.15,-0.86595744,-0.8513192303180056,-0.014638209681994363
1.1666666666666667,-0.86595744,-0.8506444645238418,-0.015312975476158175
1.1833333333333331,-0.86595744,-0.8499519791972838,-0.016005460802716143
1.2,-0.86595744,-0.8492413569251293,-0.016716083074870713
1.2166666666666666,-0.86127657,-0.8485121940094948,-0.012764375990505172
1.2333333333333334,-0.86127657,-0.84776410037973,-0.013512469620269973
1.25,-0.86127657,-0.8469966996245553,-0.014279870375444759
1.2666666666666666,-0.86127657,-0.8462096291311573,-0.015066940868842749
1.2833333333333334,-0.86127657,-0.8454025400981251,-0.01587402990187492
1.3,-0.86127657,-0.8445750976350959,-0.016701472364904157
1.3166666666666669,-0.85659575,-0.8437269809063617,-0.012868769093638321
1.3333333333333333,-0.85659575,-0.842857883272868,-0.013737866727131953
1.35,-0.85659575,-0.8419675121711668,-0.014628237828833157
1.3666666666666667,-0.85659575,-0.8410555887764718,-0.015540161223528193
1.3833333333333333,-0.8519149,-0.8401218477096852,-0.011793052290314798
1.4,-0.8519149,-0.8391660365307494,-0.012748863469250638
1.4166666666666667,-0.8519149,-0.838187915071037,-0.01372698492896307
1.4333333333333331,-0.8519149,-0.8371872546570143,-0.014727645342985762
1.45,-0.847234,-0.8361638372768054,-0.01107016272319461
1.4666666666666666,-0.847234,-0.8351174549509792,-0.012116545049020822
1.4833333333333334,-0.8425532,-0.8340479088184125,-0.008505291181587493
1.5,-0.8378723,-0.8329550081586898,-0.0049172918413101785
1.5166666666666666,-0.83319145,-0.8318385696151867,-0.001352880384813293
1.5333333333333334,-0.83319145,-0.8306984163679296,-0.0024930336320703184
1.55,-0.83319145,-0.8295343775283905,-0.0036570724716094016
1.5666666666666669,-0.82851064,-0.8283462875086445,-0.00016435249135549057
1.5833333333333333,-0.82851064,-0.8271339854058166,-0.0013766545941833463
1.6,-0.82851064,-0.8258973145370755,-0.002613325462924476
1.6166666666666667,-0.82851064,-0.8246361216775822,-0.003874518322417808
1.6333333333333333,-0.82851064,-0.8233502563736191,-0.005160383626380827
1.65,-0.82382977,-0.8220395703630752,-0.0017901996369248385
1.6666666666666667,-0.82382977,-0.8207039170329009,-0.0031258529670991075
1.6833333333333331,-0.82382977,-0.819343150979407,-0.004486619020592997
1.7,-0.8191489,-0.8179571279506114,-0.0011917720493885842
1.7166666666666666,-0.8191489,-0.8165457046779007,-0.0026031953220992943
1.7333333333333334,-0.8144681,-0.8151087390577549,0.0006406390577549104
1.75,-0.8144681,-0.8136460901737275,-0.0008220098262725628
1.7666666666666666,-0.8097872,-0.8121576183408099,0.0023704183408098656
1.7833333333333334,-0.8051064,-0.8106431848304734,0.0055367848304733736
1.8,-0.8097872,-0.8091026517672353,-0.000684548232764759
1.8166666666666669,-0.8097872,-0.8075358819585402,-0.0022513180414598377
1.8333333333333333,-0.8051064,-0.8059427384183827,0.0008363384183827094
1.85,-0.8051064,-0.8043230840780674,-0.0007833159219325925
1.8666666666666667,-0.8051064,-0.802676781444752,-0.0024296185552480365
1.8833333333333333,-0.8004255,-0.8010036922781885,0.0005781922781884496
1.9,-0.8004255,-0.7993036775711985,-0.0011218224288015444
1.9166666666666667,-0.79574466,-0.7975765972939055,0.0018319372939055167
1.9333333333333331,-0.79574466,-0.7958223104005939,7.765040059393158e-05
1.95,-0.79106385,-0.7940406748656081,0.0029768248656081298
1.9666666666666663,-0.79106385,-0.792231547733128,0.0011676977331279703
1.9833333333333332,-0.786383,-0.790394785161969,0.004011785161968984
2.0,-0.786383,-0.7885302424472125,0.0021472424472124274
2.0166666666666666,-0.786383,-0.7866377740019054,0.0002547740019053224
2.033333333333333,-0.7817021,-0.7847172330654479,0.0030151330654479835
2.05,-0.7817021,-0.7827684711182828,0.0010663711182828939
2.066666666666667,-0.7817021,-0.7807913378009588,-0.0009107621990411818
2.083333333333333,-0.7770213,-0.778785680894059,0.0017643808940589478
2.1,-0.7770213,-0.7767513463399035,-0.00026995366009652244
2.1166666666666667,-0.7723404,-0.7746881782898951,0.002347778289895075
2.1333333333333333,-0.7723404,-0.7725960194694999,0.0002556194694998126
2.15,-0.76765954,-0.7704747113257094,0.002815171325709409
2.1666666666666665,-0.76765954,-0.7683240944639436,0.0006645544639435341
2.183333333333333,-0.76297873,-0.7661440088392337,0.003165278839233676
2.2,-0.76297873,-0.7639342942081224,0.0009555642081223725
2.216666666666667,-0.76297873,-0.7616947903073852,-0.001283939692614866
2.2333333333333334,-0.76297873,-0.7594253370553894,-0.003553392944610656
2.25,-0.75829786,-0.7571257747494782,-0.001172085250521815
2.2666666666666666,-0.75829786,-0.754795944251137,-0.003501915748862938
2.283333333333333,-0.753617,-0.7524356874406455,-0.001181312559354497
2.3,-0.753617,-0.7500448474190176,-0.003572152580982424
2.316666666666667,-0.7489362,-0.7476232687538827,-0.0013129312461173104
2.333333333333333,-0.7489362,-0.7451707980339585,-0.0037654019660415816
2.35,-0.7442553,-0.7426872842270749,-0.001568015772925091
2.3666666666666667,-0.7442553,-0.740172579138398,-0.004082720861601996
2.3833333333333333,-0.73957443,-0.7376265378978009,-0.0019478921021991447
2.4,-0.73957443,-0.7350490195156152,-0.0045254104843848175
2.4166666666666665,-0.73957443,-0.7324398872745793,-0.0071345427254206895
2.433333333333333,-0.7348936,-0.7297990097280093,-0.005094590271990773
2.45,-0.7348936,-0.7271262617226056,-0.007767338277394398
2.466666666666667,-0.73021275,-0.7244215253653472,-0.0057912246346527585
2.4833333333333334,-0.73021275,-0.7216846911572362,-0.008528058842763753
2.5,-0.73021275,-0.7189156587999529,-0.011297091200047071
2.5166666666666666,-0.72553194,-0.7161143376962658,-0.00941760230373423
2.533333333333333,-0.72553194,-0.7132806471706578,-0.01225129282934223
2.55,-0.72553194,-0.710414516434624,-0.015117423565375931
2.566666666666667,-0.72085106,-0.7075158845346536,-0.01333517546534635
2.583333333333333,-0.72085106,-0.7045846997924596,-0.016266360207540353
2.6,-0.72085106,-0.7016209190709962,-0.01923014092900377
2.6166666666666667,-0.7068085,-0.6986245068929593,-0.008183993107040655
2.6333333333333333,-0.6974468,-0.6955954344363907,-0.0018513655636093196
2.65,-0.69276595,-0.6925336784317833,-0.00023227156821670203
2.6666666666666665,-0.68340427,-0.6894392201987425,0.00603495019874245
2.683333333333333,-0.68340427,-0.6863120446374601,0.002907774637460059
2.7,-0.6787234,-0.6831521392121624,0.004428739212162469
2.716666666666667,-0.6787234,-0.6799594929557172,0.0012360929557172495
2.7333333333333334,-0.6740425,-0.6767340955267543,0.0026915955267543534
2.75,-0.6693617,-0.6734759365533787,0.004114236553378725
2.7666666666666666,-0.6693617,-0.6701850050893312,0.000823305089331261
2.783333333333333,-0.6693617,-0.6668612892301217,-0.0025004107698782807
2.8,-0.66468084,-0.6635047761113532,-0.0011760638886468833
2.816666666666667,-0.66468084,-0.6601154521208225,-0.004565387879177596
2.833333333333333,-0.65999997,-0.6566933033911214,-0.0033066666088785723
2.85,-0.65531915,-0.6532383165930411,-0.0020808334069588597
2.8666666666666667,-0.65531915,-0.6497504801468944,-0.005568669853105557
2.8833333333333333,-0.6506383,-0.6462297855532568,-0.0044085144467431725
2.9,-0.6506383,-0.6426762285857385,-0.007962071414261529
2.9166666666666665,-0.6459574,-0.6390898103174221,-0.006867589682577946
2.933333333333333,-0.6412766,-0.6354705378562019,-0.005806062143798085
2.95,-0.6412766,-0.631818425234774,-0.009458174765225924
2.966666666666667,-0.6365957,-0.6281334941791641,-0.0084622058208359
2.9833333333333334,-0.6319149,-0.6244157748355578,-0.0074991251644421775
3.0,-0.6319149,-0.6206653064084372,-0.011249593591562745
3.0166666666666666,-0.62723404,-0.6168821376465043,-0.010351902353495701
3.033333333333333,-0.62723404,-0.6130663274205173,-0.014167712579482794
3.05,-0.62723404,-0.6092179454320286,-0.018016094567971486
3.066666666666667,-0.61787236,-0.6053370727863744,-0.012535287213625623
3.083333333333333,-0.6131915,-0.6014238026866283,-0.011767697313371683
3.1,-0.6131915,-0.5974782409905927,-0.015713259009407343
3.1166666666666667,-0.6085106,-0.5935005065841092,-0.015010093415890768
3.1333333333333333,-0.6038298,-0.589490731831202,-0.01433906816879793
3.15,-0.5991489,-0.5854490628510831,-0.013699837148916871
3.1666666666666665,-0.5991489,-0.5813756598813709,-0.01777324011862913
3.183333333333333,-0.59446806,-0.5772706974908156,-0.017197362509184355
3.2,-0.58978724,-0.5731343646078735,-0.016652875392126565
3.216666666666667,-0.5851064,-0.5689668646243271,-0.01613953537567292
3.2333333333333334,-0.5804255,-0.5647684153489306,-0.01565708465106941
3.25,-0.5757447,-0.5605392489756243,-0.015205451024375649
3.2666666666666666,-0.5710638,-0.556279612051842,-0.014784187948158056
3.283333333333333,-0.56638294,-0.5519897652418552,-0.014393174758144833
3.3,-0.56170213,-0.5476699831352021,-0.014032146864797923
3.316666666666667,-0.55702126,-0.5433205541493972,-0.01370070585060279
3.333333333333333,-0.55234045,-0.538941780340606,-0.013398669659393958
3.35,-0.5476596,-0.5345339769806281,-0.013125623019371924
3.3666666666666667,-0.5429787,-0.5300974723670675,-0.012881227632932535
3.3833333333333333,-0.5382979,-0.525632607609949,-0.012665292390050986
3.4,-0.533617,-0.5211397361118028,-0.012477263888197254
3.4166666666666665,-0.52893615,-0.5166192227624095,-0.012316927237590591
3.433333333333333,-0.51957446,-0.5120714433009056,-0.007503016699094367
3.45,-0.5148936,-0.5074967834367438,-0.007396816563256192
3.466666666666667,-0.5102128,-0.5028956377635239,-0.00731716223647616
3.4833333333333334,-0.5055319,-0.4982684086766286,-0.0072634913233714515
3.5,-0.50085104,-0.49361550507903734,-0.007235534920962683
3.5166666666666666,-0.49148935,-0.488937340914678,-0.0025520090853219934
3.533333333333333,-0.4868085,-0.4842343335686175,-0.002574166431382474
3.55,-0.4774468,-0.47950690232961535,0.002060102329615343
3.566666666666667,-0.4680851,-0.4747554667348191,0.006670366734819133
3.583333333333333,-0.46340424,-0.46998044484042517,0.006576204840425148
3.6,-0.4587234,-0.4651822515956592,0.006458851595659176
3.6166666666666663,-0.4493617,-0.46036129717712604,0.010999597177126064
3.633333333333333,-0.44468084,-0.45551798533109616,0.010837145331096143
3.65,-0.44,-0.4506527117714097,0.010652711771409695
3.6666666666666665,-0.43063828,-0.44576586279496755,0.015127582794967565
3.683333333333333,-0.42595744,-0.4408578140037305,0.014900374003730454
3.7,-0.4212766,-0.43592892890656854,0.014652328906568535
3.716666666666667,-0.41659573,-0.4309795576364174,0.014383827636417379
3.733333333333333,-0.40723404,-0.42601003582763675,0.018775995827636727
3.75,-0.4025532,-0.42102068369874607,0.018467483698746068
3.7666666666666666,-0.39787233,-0.41601180538601595,0.018139475386015957
3.783333333333333,-0.38851064,-0.4109836882710893,0.022473048271089258
3.8,-0.38382977,-0.4059366025505746,0.022106832550574607
3.816666666666667,-0.37914893,-0.4008708007758838,0.021721870775883778
3.8333333333333335,-0.3744681,-0.39578651730640146,0.021318417306401438
3.85,-0.36510637,-0.39068396791194504,0.025577597911945027
3.8666666666666663,-0.36042553,-0.38556334939700176,0.02513781939700177
3.883333333333333,-0.3557447,-0.3804248392031474,0.024680139203147378
3.9,-0.35106382,-0.3752685950154043,0.0242047750154043
3.9166666666666665,-0.34638298,-0.37009475465136793,0.023711774651367923
3.933333333333333,-0.34170213,-0.3649034359890841,0.023201305989084098
3.95,-0.33702126,-0.35969473690517306,0.022673476905173073
3.966666666666667,-0.33234042,-0.3544687355265779,0.022128315526577902
3.983333333333333,-0.32765958,-0.349225490582598,0.02156591058259799
4.0,-0.3229787,-0.3439650419344149,0.020986341934414898
4.016666666666667,-0.31829786,-0.3386874112258965,0.02038955122589653
4.033333333333333,-0.31361702,-0.3333926029253973,0.019775582925397273
4.05,-0.31361702,-0.32808060537722944,0.014463585377229415
4.066666666666666,-0.30893618,-0.32275139207468856,0.013815212074688554
4.083333333333333,-0.30893618,-0.31740492321466973,0.008468743214669727
4.1,-0.3042553,-0.3120411475697012,0.0077858475697011875
4.116666666666666,-0.29957446,-0.30666000452357706,0.00708554452357707
4.133333333333334,-0.29957446,-0.30126142636733133,0.001686966367331344
4.15,-0.29489362,-0.29584534082312264,0.0009517208231226149
4.166666666666667,-0.29489362,-0.29041167375015525,-0.00448194624984477
4.183333333333334,-0.29021275,-0.28496035197713676,-0.005252398022863258
4.2,-0.29021275,-0.27949130617885465,-0.010721443821145371
4.216666666666667,-0.2855319,-0.27400447375668247,-0.01152742624331754
4.233333333333333,-0.2855319,-0.2684998016330947,-0.01703209836690528
4.25,-0.2855319,-0.26297724887841045,-0.022554651121589553
4.266666666666667,-0.2855319,-0.2574367891227881,-0.028095110877211893
4.283333333333333,-0.2855319,-0.25187841269278716,-0.03365348730721285
4.3,-0.2855319,-0.24630212864601775,-0.03922977135398226
4.316666666666666,-0.2855319,-0.2407079675656662,-0.0448239324343338
4.333333333333333,-0.2855319,-0.2350959846951642,-0.05043591530483579
4.35,-0.2855319,-0.2294662617843177,-0.056065638215682306
4.366666666666666,-0.2855319,-0.22381890756987038,-0.06171299243012962
4.383333333333334,-0.28085107,-0.21815405721281872,-0.06269701278718126
4.4,-0.28085107,-0.2124718711625055,-0.06837919883749449
4.416666666666667,-0.27617022,-0.2067725333556091,-0.06939768664439092
4.433333333333334,-0.2668085,-0.20105624913246323,-0.06575225086753678
4.45,-0.2574468,-0.1953232427166799,-0.062123557283320086
4.466666666666667,-0.2387234,-0.18957375459148976,-0.049149645408510245
4.483333333333333,-0.2106383,-0.18380803861876202,-0.02683026138123798
4.5,-0.17787234,-0.17802635918350884,0.00015401918350885224
4.516666666666667,-0.12638298,-0.17222898842858445,0.04584600842858444
4.533333333333333,-0.056170214,-0.1664162036281725,0.1102459896281725
4.55,0.042127658,-0.1605882847393823,0.20271594273938232
4.566666666666666,0.15914893,-0.15474551216528976,0.3138944421652897
4.583333333333333,0.30893618,-0.14888816475903136,0.45782434475903133
4.6,0.47276595,-0.14301651809663557,0.6157824680966355
4.616666666666666,0.6459574,-0.1371308430446824,0.7830882430446824
4.633333333333334,0.8097872,-0.13123140464755137,0.9410186046475514
4.65,0.96425533,-0.12531846138765942,1.0895737913876593
4.666666666666667,1.1,-0.11939226482643411,1.2193922648264341
4.683333333333334,1.2357447,-0.11345305968330155,1.3491977596833014
4.7,1.3855319,-0.1075010844214045,1.4930329844214045
4.716666666666667,1.5821277,-0.10153657238362485,1.6836642723836248
4.733333333333333,1.8348936,-0.0955597535409348,1.9304533535409347
4.75,2.1578722,-0.08957085658863403,2.247443056588634
4.766666666666667,2.5744681,-0.0835701102158892,2.658038210215889
4.783333333333333,3.0893617,-0.07755774286392711,3.166919442863927
4.8,3.7119148,-0.07153398248000337,3.7834487824800034
4.816666666666666,4.45617,-0.06549905643736603,4.521669056437366
4.833333333333333,5.3268085,-0.05945319153083302,5.386261691530834
4.85,6.347234,-0.05339661401717713,6.400630614017177
4.866666666666666,7.5174465,-0.04732954967422926,7.564776049674229
4.883333333333334,8.842128,-0.041252223867052955,8.883380223867054
4.9,10.302553,-0.03516486161266388,10.337717861612663
4.916666666666667,11.861277,-0.02906768763904063,11.89034468763904
4.933333333333334,13.471489,-0.022960926434777172,13.494449926434777
4.95,15.058298,-0.016844802288347734,15.07514280228835
4.966666666666667,16.551489,-0.010719539317154778,16.562208539317155
4.983333333333333,17.885532,-0.004585361488392062,17.890117361488393
5.0,18.999575,0.0015575073664488063,18.99801749263355
5.016666666666667,19.874893,0.007708843541798355,19.8671841564582
5.033333333333333,20.51617,0.013868423451434669,20.502301576548565
5.05,20.942127,0.020036023624212404,20.922090976375788
5.066666666666666,21.194893,0.026211420701504805,21.168681579298497
5.083333333333333,21.311914,0.03239439143591846,21.279519608564083
5.1,21.330639,0.03858471269099391,21.292054287309007
5.116666666666666,21.283829,0.04478216144159542,21.239046838558405
5.133333333333334,21.194893,0.05098651477477759,21.143906485225223
5.15,21.077871,0.05719754989093665,21.02067345010906
5.166666666666667,20.951488,0.06341504410509911,20.888072955894902
5.183333333333334,20.829786,0.06963877484823801,20.760147225151762
5.2,20.726809,0.07586851966852455,20.650940480331474
5.216666666666667,20.642553,0.08210405623245359,20.560448943767547
5.233333333333333,20.591064,0.08834516232580013,20.5027188376742
5.25,20.56766,0.09459161585437928,20.47306838414562
5.266666666666667,20.57702,0.10084319484458874,20.47617680515541
5.283333333333333,20.623829,0.10709967744370372,20.516729322556298
5.3,20.698723,0.11336084191987793,20.585362158080123
5.316666666666666,20.806383,0.11962646666179941,20.6867565333382
5.333333333333333,20.937447,0.12589633017795857,20.81155066982204
5.35,21.087234,0.1321702110955176,20.955063788904482
5.366666666666666,21.255745,0.13844788815883405,21.117297111841168
5.383333333333334,21.428936,0.14472914022777755,21.284206859772222
5.4,21.602127,0.15101374627606765,21.451113253723932
5.416666666666667,21.78,0.15730148538993552,21.622698514610065
5.433333333333334,21.957872,0.1635921367674455,21.794279863232553
5.45,22.088936,0.16988547971877357,21.91905052028123
5.466666666666667,22.074894,0.17618129366768387,21.898712706332315
5.483333333333333,21.770638,0.18247935815438274,21.58815864184562
5.5,21.045107,0.1887794528398205,20.85632754716018
5.516666666666667,19.865532,0.1950813575114689,19.670450642488532
5.533333333333333,18.31617,0.20138485209052975,18.11478514790947
5.55,16.598297,0.20768971664051983,16.39060728335948
5.566666666666666,14.931914,0.21399573137713934,14.717918268622862
5.583333333333333,13.462128,0.2203026766793107,13.24182532332069
5.6,12.259149,0.22661033310124712,12.032538666898754
5.616666666666666,11.322979,0.23291848138540266,11.090060518614598
5.633333333333334,10.597446,0.23922690247613212,10.358219097523868
5.65,10.035745,0.24553537753386034,9.79020962246614
5.666666666666667,9.600426,0.25184368794953976,9.34858231205046
5.683333333333334,9.235319,0.25815161535913056,8.97716738464087
5.7,8.926383,0.2644589416578589,8.66192405834214
5.716666666666667,8.645532,0.27076544901393984,8.37476655098606
5.733333333333333,8.397447,0.277070919881483,8.120376080118517
5.75,8.172766,0.283375137012414,7.889390862987585
5.766666666666667,7.9714894,0.289677883467238,7.681811516532762
5.783333333333333,7.788936,0.2959789426245708,7.4929570573754285
5.8,7.629787,0.3022780981895493,7.327508901810451
5.816666666666666,7.4940424,0.3085751342012259,7.185467265798774
5.833333333333333,7.3770213,0.31486983503912014,7.06215146496088
5.85,7.2787232,0.32116198542916197,6.957561214570838
5.866666666666666,7.1897874,0.3274513704491903,6.86233602955081
5.883333333333334,7.124255,0.3337377755340822,6.790517224465917
5.9,7.0587234,0.34002098648061524,6.7187024135193845
5.916666666666667,6.9931912,0.3463007894521315,6.6468904105478686
5.933333333333334,6.946383,0.35257697098304863,6.593806029016951
5.95,6.8902125,0.358849317983274,6.531363182016726
5.966666666666667,6.8199997,0.3651176177426958,6.4548820822573045
5.983333333333333,6.759149,0.3713816579358884,6.3877673420641115
6.0,6.6795745,0.37764122662709143,6.301933273372908
6.016666666666667,6.5859575,0.383896112275589,6.202061387724411
6.033333333333333,6.4923406,0.3901461037416638,6.1021944962583365
6.05,6.3940425,0.39639099029310876,5.997651509706891
6.066666666666666,6.281702,0.40263056161224625,5.879071438387754
6.083333333333333,6.1693616,0.4088646078034378,5.760496992196562
6.1,6.057021,0.41509291940102017,5.64192808059898
6.116666666666666,5.9446807,0.4213152873775292,5.523365412622471
6.133333333333334,5.8276596,0.4275315031519421,5.400128096848057
6.15,5.7340426,0.4337413585976845,5.300301241402316
6.166666666666667,5.654468,0.43994464605029754,5.214523353949702
6.183333333333334,5.5795746,0.44614115831451284,5.133433441685487
6.2,5.523404,0.4523306886704332,5.071073311329567
6.216666666666667,5.5046806,0.4585130308786948,5.046167569121305
6.233333333333333,5.495319,0.4646879791845222,5.030631020815478
6.25,5.495319,0.47085532832057053,5.024463671679429
6.266666666666667,5.5187235,0.4770148735085413,5.041708626491459
6.283333333333333,5.5655317,0.4831664104595885,5.0823652895404114
6.3,5.631064,0.4893097353735771,5.141754264626424
6.316666666666666,5.687234,0.4954446449373131,5.191789355062687
6.333333333333333,5.7434044,0.5015709363219596,5.241833463678041
6.35,5.818298,0.507688407179807,5.310609592820193
6.366666666666666,5.879149,0.5137968556406416,5.365352144359358
6.383333333333334,5.9212766,0.5198960803079616,5.401380519692038
6.4,5.9540424,0.525985880255355,5.428056519744644
6.416666666666667,5.972766,0.5320660550232779,5.440699944976722
6.433333333333334,5.9821277,0.5381364046164413,5.443991295383559
6.45,5.972766,0.5441967295021501,5.428569270497849
6.466666666666667,5.94,0.5502468306098122,5.389753169390188
6.483333333333333,5.8931913,0.5562865093317082,5.336904790668291
6.5,5.8323402,0.5623155675252501,5.27002463247475
6.516666666666667,5.7621274,0.5683338075168366,5.193793592483163
6.533333333333333,5.6731915,0.5743410321072596,5.09885046789274
6.55,5.5748935,0.580337044578662,4.994556455421338
6.566666666666666,5.462553,0.5863216487032277,4.876231351296772
6.583333333333333,5.33617,0.5922946487537724,4.743875351246228
6.6,5.2051063,0.5982558495163295,4.6068504504836705
6.616666666666666,5.06,0.6042050563046769,4.455794943695323
6.633333333333334,4.9148936,0.6101420749766545,4.304751525023345
6.65,4.765106,0.6160667119526363,4.149039288047364
6.666666666666667,4.6153193,0.6219787742364158,3.9933405257635846
6.683333333333334,4.470213,0.6278780694387687,3.8423349305612318
6.7,4.3204255,0.6337644058035188,3.686661094196481
6.716666666666667,4.1612763,0.6396375922360692,3.521638707763931
6.733333333333333,4.0021276,0.6454974383343276,3.356630161665672
6.75,3.861702,0.6513437544216047,3.210358245578395
6.766666666666667,3.7306383,0.6571763515808995,3.0734619484191006
6.783333333333333,3.608936,0.6629950416898,2.9459409583102
6.8,3.4965956,0.6687996374550179,2.827795962544982
6.816666666666666,3.3795745,0.674589952445481,2.7049845475545187
6.833333333333333,3.2859573,0.6803658011229565,2.6055914988770437
6.85,3.2157447,0.6861269988692272,2.529617701130773
6.866666666666666,3.173617,0.6918733620091014,2.4817436379908986
6.883333333333334,3.145532,0.6976047078286032,2.4479272921713973
6.9,3.140851,0.7033208545879681,2.437530145412032
6.916666666666667,3.1642554,0.7090216215291405,2.4552337784708596
6.933333333333334,3.2110639,0.7147068288773268,2.4963570711226732
6.95,3.2812765,0.7203762978366411,2.560900202163359
6.966666666666667,3.3748937,0.726029850580058,2.648863849419942
6.983333333333333,3.4825532,0.7316673102342054,2.7508858897657946
7.0,3.5995743,0.7372885008597683,2.8622857991402317
7.016666666666667,3.7212765,0.742893247428237,2.978383252571763
7.033333333333333,3.8382978,0.7484813757958295,3.0898164242041704
7.05,3.96,0.7540527126755805,3.2059472873244195
7.066666666666666,4.0723405,0.759607085608576,3.312733414391424
7.083333333333333,4.1893616,0.7651443229358621,3.4242172770641375
7.1,4.301702,0.7706642537719314,3.531037746228068
7.116666666666666,4.3765955,0.7761667079806014,3.6004287920193985
7.133333333333334,4.4374466,0.7816515161537502,3.6557950838462503
7.15,4.4748936,0.7871185095936196,3.68777509040638
7.166666666666667,4.488936,0.79256752029901,3.6963684797009897
7.183333333333334,4.488936,0.7979983809552341,3.6909376190447656
7.2,4.4842553,0.8034109249276176,3.6808443750723825
7.216666666666667,4.465532,0.8088049862581885,3.6567270137418113
7.233333333333333,4.4421277,0.8141803996652137,3.6279473003347866
7.25,4.4046807,0.8195370005450553,3.585143699454945
7.266666666666667,4.371915,0.8248746249761969,3.5470403750238035
7.283333333333333,4.3297873,0.8301931097251561,3.4995941902748435
7.3,4.2829785,0.8354922922543262,3.4474862077456736
7.316666666666666,4.2268085,0.8407720107314202,3.3860364892685797
7.333333333333333,4.170638,0.8460321040407033,3.324605895959297
7.35,4.114468,0.851272411795749,3.2631955882042507
7.366666666666666,4.048936,0.856492774353802,3.1924432256461985
7.383333333333334,3.9740424,0.8616930328320878,3.112349367167912
7.4,3.8897872,0.8668730291263489,3.022914170873651
7.416666666666667,3.805532,0.8720326059320228,2.933499394067977
7.433333333333334,3.702553,0.8771716067682949,2.825381393231705
7.45,3.5995743,0.8822898760059966,2.7172844239940033
7.466666666666667,3.487234,0.8873872588993504,2.5998467411006496
7.483333333333333,3.3748937,0.8924636016216648,2.482430098378335
7.5,3.2531915,0.897518751305814,2.355672748694186
7.516666666666667,3.1361701,0.902552556090038,2.233617543909962
7.533333333333333,3.014468,0.9075648651694159,2.106903134830584
7.55,2.8974469,0.9125555288535558,1.984891371146444
7.566666666666666,2.7804255,0.9175243986318157,1.8629011013681844
7.583333333333333,2.668085,0.92247132724577,1.7456136727542302
7.6,2.5604255,0.9273961687706185,1.6330293312293815
7.616666666666666,2.452766,0.9322987787073714,1.5204672212926287
7.633333333333334,2.359149,0.9371790140891865,1.4219699859108135
7.65,2.2655318,0.9420367336020794,1.3234950663979208
7.666666666666667,2.1719148,0.9468717977216767,1.2250430022783234
7.683333333333334,2.0876596,0.9516840688700309,1.135975531129969
7.7,2.008085,0.9564734115928154,1.0516115884071846
7.716666666666667,1.9331914,0.9612396927546125,0.9719517072453874
7.733333333333333,1.8629787,0.9659827817490294,0.8969959182509706
7.75,1.8021276,0.9707025507182548,0.8314250492817451
7.766666666666667,1.7412766,0.9753988747732357,0.7658777252267642
7.783333333333333,1.6897873,0.9800716322060579,0.7097156677939422
7.8,1.6476595,0.9847207046850596,0.6629387953149405
7.816666666666666,1.6195744,0.9893459774233139,0.6302284225766862
7.833333333333333,1.5961702,0.993947339314094,0.602222860685906
7.85,1.5821277,0.9985246830275964,0.5836030169724036
7.866666666666666,1.5868084,1.003077905065331,0.5837304949346691
7.883333333333334,1.6055319,1.0076069057706767,0.5979249942293232
7.9,1.6382978,1.012111589294454,0.6261862107055458
7.916666666666667,1.6897873,1.0165918635165876,0.6731954364834125
7.933333333333334,1.7646809,1.0210476399264907,0.7436332600735094
7.95,1.8582978,1.025478833465249,0.8328189665347512
7.966666666666667,1.98,1.0298853623341266,0.9501146376658733
7.983333333333333,2.1251063,1.0342671477750653,1.0908391522249348
8.0,2.2842553,1.0386241138299381,1.2456311861700617
8.016666666666667,2.4668086,1.0429561870853985,1.4238524129146013
8.033333333333333,2.6587234,1.0472632964129565,1.6114601035870435
8.05,2.86,1.0515453727128217,1.8084546272871782
8.066666666666666,3.0706382,1.055802348669951,2.014835851330049
8.083333333333334,3.2812765,1.0600341585282673,2.221242341471733
8.1,3.487234,1.0642407378909937,2.4229932621090065
8.116666666666667,3.6838298,1.0684220235526252,2.6154077764473747
8.133333333333333,3.8663828,1.0725779533620006,2.7938048466379994
8.15,4.030213,1.0767084661154018,2.953504533884598
8.166666666666666,4.170638,1.0808135014774332,3.0898244985225674
8.183333333333334,4.2829785,1.084892999925155,3.1980855000748445
8.2,4.3672338,1.0889469027099177,3.2782868972900827
8.216666666666667,4.423404,1.0929751518334316,3.330428848166568
8.233333333333333,4.4468083,1.0969776900339836,3.3498306099660162
8.25,4.4421277,1.1009544607805266,3.341173239219474
8.266666666666667,4.4140425,1.1049054082739862,3.3091370917260137
8.283333333333333,4.3578725,1.1088304774547195,3.2490420225452805
8.3,4.2829785,1.112729614015957,3.1702488859840425
8.316666666666666,4.1940427,1.1166027644228058,3.077439935577194
8.333333333333334,4.091064,1.1204498759360118,2.9706141240639887
8.35,3.9834042,1.1242708966398136,2.8591333033601862
8.366666666666667,3.8710637,1.1280657754729961,2.742997924527004
8.383333333333333,3.7634041,1.1318344622619798,2.63156963773802
8.4,3.6557446,1.1355769077547555,2.520167692245244
8.416666666666666,3.5621276,1.1392930636544976,2.4228345363455026
8.433333333333334,3.4778724,1.142982882651655,2.334889517348345
8.45,3.4029787,1.14664631845348,2.2563323815465197
8.466666666666667,3.3514893,1.1502833258101697,2.20120597418983
8.483333333333333,3.3187234,1.153893860536999,2.164829539463001
8.5,3.3046808,1.1574778795321956,2.1472029204678043
8.516666666666667,3.3046808,1.1610353407905651,2.1436454592094347
8.533333333333333,3.3187234,1.164566203412729,2.154157196587271
8.55,3.3421276,1.1680704276106186,2.1740571723893813
8.566666666666666,3.365532,1.1715479747101052,2.193984025289895
8.583333333333334,3.3842552,1.174998807151646,2.209256392848354
8.6,3.393617,1.1784228884898404,2.2151941115101597
8.616666666666667,3.3842552,1.1818201833936135,2.202435016606387
8.633333333333333,3.3514893,1.1851906576489162,2.1662986423510837
8.65,3.295319,1.1885342781648647,2.1067847218351354
8.666666666666666,3.2157447,1.191851012987676,2.023893687012324
8.683333333333334,3.1174467,1.1951408313213099,1.92230586867869
8.7,3.0051064,1.1984037035587631,1.8067026964412367
8.716666666666667,2.8740425,1.2016396013265351,1.6724028986734647
8.733333333333333,2.738298,1.2048484975494176,1.5334495024505823
8.75,2.6025531,1.2080303665355248,1.3945227334644754
8.766666666666667,2.4668086,1.211185184088959,1.2556234159110409
8.783333333333333,2.3310637,1.2143129276626228,1.1167507723373773
8.8,2.204681,1.2174135765573832,0.9872674234426166
8.816666666666666,2.0876596,1.2204871121776817,0.8671724878223181
8.833333333333334,1.9753191,1.2235335183592313,0.7517855816407688
8.85,1.8817021,1.2265527818133282,0.6551493181866719
8.866666666666667,1.7880851,1.2295448926817758,0.5585402073182242
8.883333333333333,1.7085106,1.2325098451979692,0.47600075480203086
8.9,1.6382978,1.2354476385061073,0.40285016149389263
8.916666666666666,1.5821277,1.2383582776161646,0.34376942238383545
8.933333333333334,1.5306383,1.241241774445444,0.28939652555455586
8.95,1.4885106,1.2440981489891423,0.24441245101085762
8.966666666666667,1.4557446,1.2469274305586722,0.2088171694413279
8.983333333333333,1.4276595,1.2497296590660223,0.1779298409339778
9.0,1.4042553,1.2525048863324222,0.1517504136675778
9.016666666666667,1.3855319,1.255253177399914,0.13027872260008588
9.033333333333331,1.3761702,1.2579746118022808,0.11819558819771925
9.05,1.3668085,1.2606692847924026,0.1061392152075975
9.066666666666666,1.3574468,1.2633373085251667,0.09410949147483327
9.083333333333334,1.3574468,1.2659788132170973,0.09146798678290269
9.1,1.3574468,1.2685939483577309,0.08885285164226908
9.116666666666667,1.3527659,1.2711828840580148,0.08158301594198525
9.133333333333333,1.3574468,1.2737458125769447,0.0837009874230552
9.15,1.3574468,1.2762829501124582,0.08116384988754177
9.166666666666666,1.3574468,1.2787945382401902,0.07865226175980977
9.183333333333334,1.3574468,1.281280844760942,0.07616595523905789
9.2,1.3574468,1.2837421637079125,0.07370463629208746
9.216666666666669,1.3527659,1.2861788145025814,0.06658708549741865
9.233333333333333,1.348085,1.2885911403240224,0.059493859675977534
9.25,1.3387234,1.2909795058199858,0.047743894180014124
9.266666666666667,1.3340425,1.2933442943269977,0.04069820567300231
9.283333333333331,1.3246808,1.2956859047235878,0.028994895276412302
9.3,1.3153192,1.2980047479952146,0.01731445200478543
9.316666666666666,1.3059574,1.3003012436249743,0.0056561563750257005
9.333333333333334,1.2919148,1.3025758159574907,-0.010661015957490694
9.35,1.2825532,1.304828890586767,-0.02227569058676715
9.366666666666667,1.2685106,1.3070608907816146,-0.03855029078161465
9.383333333333333,1.259149,1.3092722340734895,-0.0501232340734894
9.4,1.2451063,1.3114633290214992,-0.0663570290214992
9.416666666666666,1.2310638,1.3136345722572198,-0.08257077225721976
9.433333333333334,1.2170212,1.3157863459087493,-0.0987651459087493
9.45,1.2076596,1.3179190154835771,-0.1102594154835772
9.466666666666669,1.1982979,1.3200329278962455,-0.12173502789624546
9.483333333333333,1.1889361,1.3221284079535627,-0.13319230795356263
9.5,1.1795745,1.3242057563375642,-0.14463125633756424
9.516666666666667,1.1795745,1.3262652492336706,-0.14669074923367065
9.533333333333331,1.1889361,1.3283071392847074,-0.1393710392847074
9.55,1.1889361,1.3303316575659223,-0.14139555756592226
9.566666666666666,1.193617,1.3323390162225568,-0.13872201622255687
9.583333333333334,1.2029787,1.3343294113632231,-0.13135071136322307
9.6,1.2170212,1.336303025576957,-0.11928182557695699
9.616666666666667,1.2404255,1.3382600301978722,-0.09783453019787225
9.633333333333333,1.2731915,1.3402005872820848,-0.06700908728208477
9.65,1.3153192,1.3421248514468005,-0.02680565144680047
9.666666666666666,1.3761702,1.344032971623973,0.03213722837602706
9.683333333333334,1.446383,1.345925092763004,0.10045790723699599
9.7,1.5306383,1.347801357488296,0.1828369425117038
9.716666666666669,1.633617,1.3496619076722731,0.283955092327727
9.733333333333333,1.7553191,1.3515068859105337,0.4038122140894662
9.75,1.8910638,1.3533364368860539,0.5377273631139461
9.766666666666667,2.0502129,1.355150708609492,0.695062191390508
9.783333333333331,2.2187233,1.3569498534739002,0.8617734465261
9.8,2.4059575,1.3587340290483851,1.0472234709516148
9.816666666666666,2.6119149,1.3605033986244317,1.2514115013755682
9.833333333333334,2.831915,1.362258131465005,1.4696568685349949
9.85,3.0659573,1.3639984026958485,1.7019588973041515
9.866666666666667,3.3093617,1.3657243927628084,1.9436373072371917
9.883333333333333,3.5527658,1.367436286319393,2.185329513680607
9.9,3.805532,1.3691342703771958,2.4363977296228043
9.916666666666666,4.053617,1.3708185320611308,2.682798467938869
9.933333333333334,4.301702,1.3724892586960895,2.9292127413039104
9.95,4.5357447,1.3741466380693952,3.161598061930605
9.966666666666669,4.765106,1.3757908585456595,3.3893151414543405
9.983333333333333,4.9851065,1.3774221091058825,3.607684390894117
10.0,5.186383,1.3790405793525218,3.8073424206474784
10.016666666666667,5.3642554,1.3806464595021355,3.9836089404978647
10.033333333333331,5.5046806,1.3822399403715635,4.122440659628436
10.05,5.626383,1.3838212133640166,4.242561786635983
10.066666666666666,5.724681,1.3853904704564566,4.339290529543543
10.083333333333334,5.7948937,1.3869479041887978,4.4079457958112025
10.1,5.841702,1.3884937076555366,4.453208292344463
10.116666666666667,5.8604255,1.3900280744999214,4.470397425500078
10.133333333333333,5.846383,1.3915511989108158,4.454831801089185
10.15,5.7995744,1.393063275622684,4.406511124377316
10.166666666666666,5.724681,1.394564499918457,4.330116500081544
10.183333333333334,5.621702,1.3960550676356136,4.225646932364386
10.2,5.495319,1.3975351751756153,4.0977838248243845
10.216666666666669,5.345532,1.3990050195168262,3.946526980483174
10.233333333333333,5.177021,1.4004647982312444,3.7765562017687557
10.25,4.994468,1.4019147095051403,3.59255329049486
10.266666666666667,4.7931914,1.4033549521641029,3.3898364478358975
10.283333333333331,4.587234,1.4047857257025922,3.1824482742974074
10.3,4.371915,1.4062072303187492,2.9657077696812513
10.316666666666666,4.151915,1.4076196669552226,2.7442953330447772
10.333333333333334,3.9365957,1.4090232373458473,2.5275724626541525
10.35,3.7165956,1.410418144069459,2.3061774559305412
10.366666666666667,3.5059574,1.411804590608035,2.094152809391965
10.383333333333333,3.3046808,1.4131827814109332,1.8914980185890666
10.4,3.1080852,1.4145529219641064,1.6935322780358937
10.416666666666666,2.9255319,1.4159152188631647,1.5096166811368354
10.433333333333334,2.7523403,1.4172698798782983,1.3350704201217019
10.45,2.5931914,1.4186171140114179,1.174574285988582
10.466666666666669,2.4434042,1.419957131568962,1.0234470684310377
10.483333333333333,2.3076596,1.4212901443160164,0.8863694556839836
10.5,2.1859574,1.4226163660061515,0.7633410339938485
10.516666666666667,2.073617,1.4239360138437023,0.6496809861562978
10.533333333333331,1.9753191,1.4252493105619215,0.5500697894380786
10.55,1.8817021,1.4265564866729106,0.45514561332708947
10.566666666666666,1.8021276,1.4278577822676448,0.3742698177323551
10.583333333333334,1.7319149,1.4291534483015012,0.3027614516984989
10.6,1.6710638,1.4304437472924698,0.24062005270753017
10.616666666666667,1.6148936,1.4317289534648714,0.18316464653512865
10.633333333333333,1.5680851,1.4330093523729401,0.13507574762705987
10.65,1.5306383,1.4342852400403763,0.09635305995962362
10.666666666666666,1.4978724,1.4355569216541226,0.06231547834587747
10.683333333333334,1.4697872,1.4368247098677476,0.0329624901322525
10.7,1.446383,1.4380889227312725,0.00829407726872744
10.716666666666669,1.4323404,1.4393498812805123,-0.007009481280512375
10.733333333333333,1.4182979,1.4406079068319932,-0.022310006831993245
10.75,1.413617,1.4418633180385099,-0.028246318038509965
10.766666666666667,1.4089361,1.443116427792413,-0.03418032779241287
10.783333333333331,1.4089361,1.4443675400119105,-0.03543144001191045
10.8,1.4089361,1.4456169464100386,-0.03668084641003855
10.816666666666666,1.4089361,1.4468649233209416,-0.03792882332094161
10.833333333333334,1.4089361,1.4481117286627816,-0.03917562866278157
10.85,1.4089361,1.4493575991573482,-0.04042149915734816
10.866666666666667,1.4042553,1.4506027479289432,-0.046347447928943186
10.883333333333333,1.3995744,1.4518473626243311,-0.05227296262433101
10.9,1.3948936,1.4530916040008535,-0.0581980040008534
10.916666666666666,1.3902128,1.4543356040532134,-0.06412280405321336
10.933333333333334,1.3855319,1.455579464804658,-0.07004756480465812
10.95,1.3855319,1.4568232590407058,-0.07129135904070583
10.966666666666669,1.380851,1.4580670318890985,-0.07721603188909842
10.983333333333333,1.380851,1.459310802693754,-0.07845980269375397
11.0,1.380851,1.460554566918103,-0.07970356691810299
11.016666666666667,1.380851,1.4617982983135518,-0.08094729831355174
11.033333333333331,1.3855319,1.4630419512633144,-0.07751005126331445
11.05,1.3948936,1.4642854632920372,-0.06939186329203717
11.066666666666666,1.413617,1.465528757673969,-0.05191175767396916
11.083333333333334,1.4370213,1.4667717460784133,-0.029750446078413262
11.1,1.4744681,1.4680143311984426,0.006453768801557347
11.116666666666667,1.5212766,1.469256409311719,0.0520201906882809
11.133333333333333,1.5868084,1.4704978727028117,0.11631052729718827
11.15,1.6663829,1.4717386119205398,0.1946442880794601
11.166666666666666,1.7646809,1.4729785178459127,0.2917023821540874
11.183333333333334,1.8770213,1.4742174835473452,0.40280381645265484
11.2,2.012766,1.4754554059006215,0.5373105940993785
11.216666666666669,2.167234,1.4766921869155853,0.6905418130844148
11.233333333333333,2.3357446,1.4779277347704924,0.8578168652295075
11.25,2.5229788,1.479161964494729,1.0438168355052713
11.266666666666667,2.7102127,1.4803947982661476,1.2298179017338524
11.283333333333331,2.9068084,1.4816261652899256,1.4251822347100744
11.3,3.0987234,1.4828560011877672,1.6158673988122327
11.316666666666666,3.2859573,1.4840842468178475,1.8018730531821527
11.333333333333334,3.454468,1.4853108464465103,1.9691571535534895
11.35,3.6042552,1.486535745491103,2.117719454508897
11.366666666666667,3.7306383,1.4877588895486293,2.2428794104513705
11.383333333333333,3.828936,1.4889802246590573,2.339955775340943
11.4,3.899149,1.4901996975278617,2.4089493024721382
11.416666666666666,3.9365957,1.4914172556431913,2.4451784443568085
11.433333333333334,3.9412766,1.4926328473369952,2.448643752663005
11.45,3.9131916,1.493846421825669,2.419345178174331
11.466666666666669,3.861702,1.4950579292409791,2.366644070759021
11.483333333333333,3.7821276,1.4962673206587198,2.2858602793412803
11.5,3.6838298,1.497474548130114,2.1863552518698857
11.516666666666667,3.5714893,1.4986795647175108,2.0728097352824895
11.533333333333331,3.4451063,1.4998823245370085,1.9452239754629914
11.55,3.3093617,1.5010827828058355,1.8082789171941647
11.566666666666666,3.168936,1.5022808958941916,1.6666551041058084
11.583333333333334,3.0238297,1.5034766213801962,1.5203530786198036
11.6,2.8834043,1.5046699180978753,1.3787343819021247
11.616666666666667,2.7429786,1.5058607461721105,1.2371178538278893
11.633333333333333,2.607234,1.5070490669947625,1.1001849330052376
11.65,2.480851,1.5082348432079313,0.9726161567920686
11.666666666666666,2.359149,1.509418039127355,0.8497309608726449
11.683333333333334,2.2468085,1.5105986226693144,0.7362098773306858
11.7,2.1438298,1.511776567678151,0.6320532323218488
11.716666666666669,2.0502129,1.5129518557441908,0.5372610442558092
11.733333333333333,1.9612765,1.5141244773593172,0.4471520226406829
11.75,1.8817021,1.5152944324242201,0.3664076675757799
11.766666666666667,1.8114893,1.516461730228109,0.29502756977189115
11.783333333333331,1.7459574,1.5176263889793975,0.2283310110206025
11.8,1.6897873,1.5187884349273664,0.17099886507263373
11.816666666666666,1.633617,1.5199479011151624,0.11366909888483767
11.833333333333334,1.5914893,1.5211048258585937,0.07038447414140636
11.85,1.5493617,1.5222592509687458,0.02710244903125414
11.866666666666667,1.5165957,1.5234112197357195,-0.006815519735719366
11.883333333333333,1.4931915,1.524560774700355,-0.03136927470035489
11.9,1.4697872,1.5257079551983477,-0.055920755198347605
11.916666666666666,1.4604255,1.526852794557882,-0.0664272945578821
11.933333333333334,1.446383,1.5279953167153273,-0.08161231671532732
11.95,1.4417021,1.5291355324804807,-0.08743343248048063
11.966666666666669,1.4417021,1.5302734356355598,-0.08857133563555974
11.983333333333333,1.4417021,1.5314089995423745,-0.08970689954237443
12.0,1.4417021,1.5325421746471761,-0.09084007464717603
12.016666666666667,1.4510639,1.533672886962851,-0.08260898696285102
12.033333333333331,1.4604255,1.5348010375588144,-0.07437553755881443
12.05,1.4697872,1.5359265031309715,-0.06613930313097138
12.066666666666666,1.4838297,1.537049137706909,-0.05321943770690907
12.083333333333334,1.4931915,1.5381687756055082,-0.04497727560550824
12.1,1.5119148,1.5392852357432614,-0.027370435743261368
12.116666666666667,1.5306383,1.5403983268792167,-0.009760026879216843
12.133333333333333,1.5446808,1.5415078520285554,0.0031729479714446285
12.15,1.5634042,1.5426136121666423,0.020790587833357632
12.166666666666666,1.5821277,1.5437154097371144,0.03841229026288562
12.183333333333334,1.5961702,1.5448130520642862,0.051357147935713776
12.2,1.6055319,1.5459063546667933,0.05962554533320663
12.216666666666669,1.6148936,1.5469951443899548,0.06789845561004526
12.233333333333333,1.6289362,1.548079262283328,0.08085693771667213
12.25,1.6429787,1.549158566125276,0.09382013387472399
12.266666666666667,1.6523404,1.550232932592012,0.10210746740798804
12.283333333333331,1.6617022,1.5513022589576244,0.1103999410423755
12.3,1.6757447,1.5523664642692485,0.12337823573075157
12.316666666666666,1.6851064,1.5534254899471436,0.13168091005285643
12.333333333333334,1.6851064,1.554479299802425,0.13062710019757495
12.35,1.6851064,1.5555278796077485,0.12957852039225148
12.366666666666667,1.6851064,1.5565712364055486,0.12853516359445138
12.383333333333333,1.6804255,1.5576093978865324,0.1228161021134675
12.4,1.6757447,1.558642412254606,0.117102287745394
12.416666666666666,1.6710638,1.559670348560072,0.11139345143992796
12.433333333333334,1.6570213,1.5606932971604521,0.0963280028395479
12.45,1.6476595,1.561711370113362,0.08594812988663802
12.466666666666669,1.6382978,1.5627247010618865,0.07557309893811337
12.483333333333333,1.6289362,1.5637334446361906,0.06520275536380948
12.5,1.6148936,1.5647377753614131,0.05015582463858692
12.516666666666667,1.6055319,1.5657378860888986,0.03979401391110127
12.533333333333331,1.5914893,1.5667339860120784,0.024755313987921745
12.55,1.5821277,1.5677262982100804,0.014401401789919666
12.566666666666666,1.5774468,1.5687150568612993,0.00873174313870062
12.583333333333334,1.5680851,1.569700504073851,-0.0016154040738509678
12.6,1.5634042,1.570682886584521,-0.007278686584521132
12.616666666666667,1.5587233,1.5716624522436886,-0.012939152243688579
12.633333333333333,1.5493617,1.5726394461907334,-0.023277746190733417
12.65,1.5493617,1.573614107070164,-0.02425240707016396
12.666666666666666,1.5493617,1.5745866633996133,-0.02522496339961333
12.683333333333334,1.5493617,1.5755573299938224,-0.02619562999382241
12.7,1.5493617,1.5765263053660972,-0.027164605366097216
12.716666666666669,1.5493617,1.5774937693949207,-0.028132069394920745
12.733333333333333,1.5540426,1.5784598816973356,-0.02441728169733559
12.75,1.5540426,1.579424780827503,-0.025382180827502987
12.766666666666667,1.5587233,1.5803885842753025,-0.021665284275302454
12.783333333333331,1.5587233,1.5813513893923812,-0.022628089392381145
12.8,1.5634042,1.5823132751229878,-0.018909075122987895
12.816666666666666,1.572766,1.583274304391308,-0.010508304391307899
12.833333333333334,1.5774468,1.5842345272053395,-0.0067877272053396
12.85,1.5821277,1.5851939840057214,-0.003066284005721398
12.866666666666667,1.5914893,1.586152709274761,0.0053365907252391764
12.883333333333333,1.5868084,1.587110735251592,-0.0003023352515920674
12.9,1.5961702,1.5880680953867004,0.008102104613299632
12.916666666666666,1.600851,1.5890248277284182,0.01182617227158178
12.933333333333334,1.6055319,1.5899809781315735,0.015550921868426437
12.95,1.6148936,1.590936603207453,0.023956996792547036
12.966666666666669,1.6242553,1.591891772926762,0.03236352707323786
12.983333333333333,1.633617,1.5928465727970138,0.04077042720298629
13.0,1.6476595,1.5938011056771715,0.05385839432282857
13.016666666666667,1.6663829,1.5947554930525032,0.0716274069474967
13.033333333333331,1.6851064,1.5957098758528472,0.08939652414715282
13.05,1.7038298,1.5966644146198021,0.10716538538019793
13.066666666666666,1.727234,1.5976192890332013,0.12961471096679866
13.083333333333334,1.7459574,1.598574697775024,0.14738270222497607
13.1,1.7646809,1.5995308598066114,0.16515004019338875
13.116666666666667,1.7787234,1.6004880141952835,0.17823538580471654
13.133333333333333,1.792766,1.6014464194742966,0.19131958052570353
13.15,1.8021276,1.6024063520113918,0.19972124798860813
13.166666666666666,1.8068085,1.6033681042833874,0.20344039571661265
13.183333333333334,1.8068085,1.6043319829617326,0.2024765170382674
13.2,1.7974468,1.6052983069015816,0.1921484930984183
13.216666666666669,1.7787234,1.6062674052912913,0.17245599470870876
13.233333333333333,1.7506382,1.6072396159818618,0.1433985840181382
13.25,1.6991489,1.608215283998983,0.09093361600101701
13.266666666666667,1.6242553,1.609194760233655,0.015060539766345027
13.283333333333331,1.5306383,1.6101784002362665,-0.07954010023626656
13.3,1.3855319,1.6111665630764929,-0.22563466307649294
13.316666666666666,1.193617,1.6121596102610947,-0.41854261026109474
13.333333333333334,0.9502128,1.6131579046818447,-0.6629451046818448
13.35,0.6506383,1.6141618096248664,-0.9635235096248664
13.366666666666667,0.29489362,1.6151716878490463,-1.3202780678490462
13.383333333333333,-0.11702128,1.6161879007602755,-1.7332091807602756
13.4,-0.56638294,1.6172108076907974,-2.1835937476907974
13.416666666666666,-1.0531914,1.618240765308629,-2.6714321653086293
13.433333333333334,-1.5587233,1.6192781271840027,-3.178001427184003
13.45,-2.0642552,1.6203232435433153,-3.684578443543315
13.466666666666669,-2.5510638,1.6213764612633312,-4.172440261263331
13.483333333333333,-3.0051064,1.6224381241787587,-4.6275445241787585
13.5,-3.4076595,1.6235085738144475,-5.031168073814447
13.516666666666667,-3.744681,1.6245881508376567,-5.369269150837656
13.533333333333331,-3.9974468,1.6256771965204084,-5.623123996520409
13.55,-4.1659575,1.6267760521467833,-5.7927335521467835
13.566666666666666,-4.2502127,1.6278850587993612,-5.878097758799361
13.583333333333334,-4.2502127,1.6290045572700818,-5.879217257270081
13.6,-4.170638,1.6301348880145743,-5.800772888014574
13.616666666666667,-4.020851,1.6312763911234194,-5.65212739112342
13.633333333333333,-3.8102126,1.6324294062994613,-5.442642006299462
13.65,-3.5527658,1.6335942728363508,-5.186360072836351
13.666666666666666,-3.2625532,1.6347713295951525,-4.897324529595153
13.683333333333334,-2.9395745,1.6359609149773073,-4.575535414977307
13.7,-2.607234,1.6371633668930476,-4.244397366893048
13.716666666666669,-2.2655318,1.638379022724144,-3.903910822724144
13.733333333333333,-1.9285107,1.639608219279778,-3.5681189192797778
13.75,-1.600851,1.6408512927446446,-3.2417022927446446
13.766666666666667,-1.2919148,1.642108578618111,-2.934023378618111
13.783333333333331,-0.99702126,1.6433804116428554,-2.6404016716428553
13.8,-0.72553194,1.644667125721952,-2.370199065721952
13.816666666666666,-0.4774468,1.6459690538230072,-2.123415853823007
13.833333333333334,-0.2480851,1.647286527867453,-1.895371627867453
13.85,-0.042127658,1.6486198786024682,-1.6907475366024682
13.866666666666667,0.14042553,1.6499694354572596,-1.5095439054572597
13.883333333333333,0.30893618,1.65133552637954,-1.34239934637954
13.9,0.4587234,1.6527184776506063,-1.1939950776506063
13.916666666666666,0.58978724,1.6541186136769133,-1.064331373676913
13.933333333333334,0.7068085,1.6555362567555318,-0.9487277567555319
13.95,0.8097872,1.6569717268103528,-0.8471845268103527
13.966666666666669,0.8987234,1.658425341108537,-0.7597019411085371
13.983333333333333,0.9782979,1.6598974139443146,-0.6815995139443145
14.0,1.0485107,1.661388256293699,-0.612877556293699
14.016666666666667,1.1093616,1.6628981754434546,-0.5535365754434547
14.033333333333331,1.160851,1.6644274745974261,-0.503576474597426
14.05,1.2123404,1.6659764524756127,-0.45363605247561267
14.066666666666666,1.2544681,1.6675454029236996,-0.4130773029236996
14.083333333333334,1.2919148,1.669134614495438,-0.37721981449543796
14.1,1.3246808,1.6707443699658027,-0.34606356996580256
14.116666666666667,1.3527659,1.6723749458273032,-0.3196090458273031
14.133333333333333,1.3761702,1.6740266117400857,-0.2978564117400857
14.15,1.4042553,1.6756996299337505,-0.27144432993375056
14.166666666666666,1.4229788,1.677394254555101,-0.25441545455510095
14.183333333333334,1.4417021,1.679110730949328,-0.23740863094932796
14.2,1.4604255,1.6808492948385827,-0.22042379483858277
14.216666666666669,1.4791489,1.682610171393901,-0.20346127139390102
14.233333333333333,1.5025532,1.6843935741798113,-0.18184037417981136
14.25,1.5306383,1.6861997039645271,-0.15556140396452722
14.266666666666667,1.5493617,1.6880287472706343,-0.1386670472706344
14.283333333333331,1.5587233,1.689880874798436,-0.13115757479843593
14.3,1.5774468,1.6917562399761934,-0.11430943997619347
14.316666666666666,1.5914893,1.6936549776692345,-0.10216567766923434
14.333333333333334,1.6055319,1.695577203084223,-0.0900453030842232
14.35,1.6195744,1.6975230109014474,-0.07794861090144733
14.366666666666667,1.633617,1.6994924746663886,-0.06587547466638854
14.383333333333333,1.6429787,1.7014856464701409,-0.058506946470140875
14.4,1.6570213,1.7035025569466482,-0.046481256946648175
14.416666666666666,1.6663829,1.7055432160185922,-0.03916031601859227
14.433333333333334,1.6757447,1.70760761380862,-0.03186291380861994
14.45,1.6897873,1.7096957219498443,-0.019908421949844213
14.466666666666669,1.6991489,1.71180749500324,-0.01265859500324007
14.483333333333333,1.7038298,1.713942872207909,-0.010113072207909024
14.5,1.7085106,1.7161017792442665,-0.007591179244266444
14.516666666666667,1.7131915,1.718284129974494,-0.005092629974494001
14.533333333333331,1.7178723,1.7204898281727314,-0.0026175281727314204
14.55,1.7225531,1.7227187694907748,-0.0001656694907747891
14.566666666666666,1.727234,1.7249708439127296,0.002263156087270346
14.583333333333334,1.7319149,1.727245938417828,0.004668961582172004
14.6,1.727234,1.7295439391909653,-0.0023099391909653377
14.616666666666667,1.7319149,1.7318647332131345,5.016678686553533e-05
14.633333333333333,1.7319149,1.7342082092184796,-0.002293309218479589
14.65,1.7365957,1.7365742578811743,2.14421188258207e-05
14.666666666666666,1.7365957,1.7389627712590918,-0.0023670712590917464
14.683333333333334,1.7412766,1.741373641537785,-9.704153778500313e-05
14.7,1.7459574,1.743806759328561,0.002150640671438886
14.716666666666669,1.7506382,1.7462620119768737,0.004376188023126337
14.733333333333333,1.7506382,1.7487392819342404,0.0018989180657595917
14.75,1.7412766,1.751238445062857,-0.009961845062857133
14.766666666666667,1.727234,1.753759368977605,-0.026525368977605046
14.783333333333331,1.7225531,1.756301911344238,-0.033748811344237906
14.8,1.7225531,1.7588659181923847,-0.03631281819238463
14.816666666666666,1.7178723,1.7614512222735668,-0.043578922273566745
14.833333333333334,1.7319149,1.7640576415972384,-0.0321427415972384
14.85,1.7412766,1.7666849782147351,-0.025408378214735183
14.866666666666667,1.7506382,1.769333016689457,-0.01869481668945694
14.883333333333333,1.7553191,1.7720015227650041,-0.0166824227650042
14.9,1.7553191,1.7746902419519355,-0.019371141951935567
14.916666666666666,1.7553191,1.7773988984011326,-0.022079798401132722
14.933333333333334,1.7553191,1.7801271938411463,-0.02480809384114635
14.95,1.7506382,1.7828748068793154,-0.0322366068793154
14.966666666666669,1.7506382,1.785641392755208,-0.03500319275520791
14.983333333333333,1.7506382,1.7884265836364897,-0.03778838363648962
15.0,1.7553191,1.7912299893570809,-0.03591088935708098
15.016666666666667,1.7553191,1.7940511978415485,-0.03873209784154863
15.033333333333331,1.7553191,1.7968897750309551,-0.04157067503095524
15.05,1.76,1.799745264667487,-0.03974526466748696
15.066666666666666,1.7646809,1.802617188021153,-0.0379362880211529
15.083333333333334,1.7740425,1.8055050435267204,-0.0314625435267204
15.1,1.7787234,1.8084083065170264,-0.029684906517026377
15.116666666666667,1.7834042,1.811326429138269,-0.027922229138268806
15.133333333333333,1.7880851,1.8142588405949753,-0.026173740594975348
15.15,1.792766,1.817204947463082,-0.02443894746308195
15.166666666666666,1.7974468,1.8201641341778705,-0.022717334177870585
15.183333333333334,1.7974468,1.8231357636844598,-0.025688963684459942
15.2,1.8021276,1.8261191780244854,-0.023991578024485483
15.216666666666669,1.8068085,1.8291136990435513,-0.022305199043551216
15.233333333333333,1.8114893,1.8321186290997942,-0.02062932909979409
15.25,1.8161702,1.8351332518775112,-0.01896305187751124
15.266666666666667,1.8208511,1.8381568334470084,-0.017305733447008365
15.283333333333331,1.8255318,1.8411886235831127,-0.01565682358311271
15.3,1.8302127,1.8442278573704496,-0.014015157370449671
15.316666666666666,1.8348936,1.8472737571244366,-0.01238015712443663
15.333333333333334,1.8442553,1.8503255346066514,-0.006070234606651459
15.35,1.8489362,1.8533823935744744,-0.0044461935744744
15.366666666666667,1.853617,1.8564435325713728,-0.002826532571372775
15.383333333333333,1.8629787,1.8595081479037376,0.003470552096262347
15.4,1.8676596,1.8625754367724863,0.005084163227513816
15.416666666666666,1.8770213,1.8656446004652927,0.011376699534707324
15.433333333333334,1.8863829,1.8687148475519593,0.017668052448040816
15.45,1.8957447,1.8717853968378724,0.023959303162127688
15.466666666666669,1.9051063,1.8748554801317718,0.030250819868228085
15.483333333333333,1.914468,1.8779243448101632,0.03654365518983682
15.5,1.9238298,1.880991256075297,0.04283854392470299
15.516666666666667,1.9331914,1.8840554989073128,0.04913590109268706
15.533333333333331,1.9425532,1.8871163796510348,0.05543682034896524
15.55,1.9519149,1.8901732272441176,0.06174167275588238
15.566666666666666,1.9612765,1.8932253940327741,0.06805110596722597
15.583333333333334,1.9753191,1.8962722561615224,0.07904684383847771
15.6,1.9846808,1.8993132138122717,0.08536758618772833
15.616666666666667,1.9940425,1.9023476910751447,0.09169480892485526
15.633333333333333,1.9987234,1.9053751354910413,0.09334826450895872
15.65,2.0034041,1.9083950175796887,0.09500908242031136
15.666666666666666,2.012766,1.9114068301239395,0.10135916987606053
15.683333333333334,2.012766,1.9144100875193932,0.09835591248060682
15.7,2.0174468,1.917404325255871,0.10004247474412908
15.716666666666669,2.0174468,1.920389099573863,0.09705770042613704
15.733333333333333,2.0221276,1.923363987298445,0.0987636127015552
15.75,2.0221276,1.926328585818788,0.09579901418121217
15.766666666666667,2.0221276,1.9292825132115525,0.0928450867884476
15.783333333333331,2.0221276,1.9322254085278288,0.08990219147217138
15.8,2.0174468,1.9351569321781399,0.08228986782186021
15.816666666666666,2.0174468,1.9380767663902103,0.07937003360978978
15.833333333333334,2.0174468,1.9409846156323538,0.07646218436764629
15.85,2.012766,1.9438802070346934,0.06888579296530661
15.866666666666667,2.008085,1.9467632907199628,0.06132170928003711
15.883333333333333,2.0034041,1.9496336400452305,0.05377045995476948
15.9,1.9987234,1.9524910518546958,0.04623234814530419
15.916666666666666,1.9987234,1.9553353466499321,0.0433880533500679
15.933333333333334,2.0034041,1.9581663686503192,0.04523773134968079
15.95,2.0034041,1.960983985813493,0.04242011418650704
15.966666666666669,1.9987234,1.9637880897939555,0.03493531020604457
15.983333333333333,1.9987234,1.9665785958786666,0.03214480412133347
16.0,1.9987234,1.9693554428729134,0.02936795712708662
16.016666666666666,2.0034041,1.972118592971248,0.0312855070287521
16.033333333333335,2.0034041,1.9748680316377611,0.028536068362238876
16.05,2.008085,1.977603767497659,0.030481232502340916
16.066666666666666,2.012766,1.9803258322804522,0.03244016771954783
16.083333333333332,2.012766,1.9830342807891674,0.02973171921083262
16.1,2.0174468,1.985729190895892,0.031717609104108035
16.116666666666667,2.0221276,1.9884106635977377,0.033716936402262476
16.133333333333333,2.0268085,1.991078823133787,0.03572967686621298
16.15,2.0314894,1.9937338172795886,0.03775558272041124
16.166666666666668,2.0361702,1.9963758176240436,0.03979438237595634
16.183333333333334,2.040851,1.9990050198047993,0.041845980195200694
16.2,2.045532,2.001621643704115,0.04391035629588513
16.216666666666665,2.045532,2.004225933570467,0.04130606642953305
16.233333333333334,2.045532,2.0068181581911655,0.03871384180883464
16.25,2.045532,2.0093986108087276,0.036133389191272514
16.266666666666666,2.045532,2.01196760873817,0.033564391261830195
16.283333333333335,2.045532,2.0145254927555927,0.031006507244407455
16.3,2.045532,2.017072626154093,0.02845937384590691
16.316666666666666,2.045532,2.019609393352595,0.0259226066474052
16.333333333333332,2.040851,2.022136198354312,0.018714801645688173
16.35,2.040851,2.0246534627677533,0.016197537232246706
16.366666666666667,2.040851,2.027161623556521,0.013689376443478896
16.383333333333333,2.040851,2.0296611308190577,0.011189869180942225
16.4,2.040851,2.0321524453928044,0.008698554607195597
16.416666666666668,2.0361702,2.0346360361576443,0.001534163842355607
16.433333333333334,2.0361702,2.03711237743226,-0.0009421774322602161
16.45,2.0361702,2.0395819469670746,-0.0034117469670746914
16.466666666666665,2.0361702,2.042045224001677,-0.005875024001677165
16.483333333333334,2.0361702,2.044502687661619,-0.00833248766161887
16.5,2.040851,2.046954815245396,-0.006103815245396049
16.516666666666666,2.040851,2.049402080986103,-0.00855108098610291
16.533333333333335,2.045532,2.0518449548373083,-0.0063129548373082045
16.55,2.0502129,2.0542839018298538,-0.00407100182985376
16.566666666666666,2.0502129,2.0567193817517344,-0.006506481751734405
16.583333333333332,2.0548935,2.05915184901604,-0.004258349016040164
16.6,2.0642552,2.061581752977885,0.0026734470221150275
16.616666666666667,2.068936,2.064009538421324,0.004926461578675934
16.633333333333333,2.0642552,2.0664356465661853,-0.0021804465661854344
16.65,2.068936,2.068860516887395,7.548311260485718e-05
16.666666666666668,2.068936,2.071284589154302,-0.0023485891543022497
16.683333333333334,2.0782979,2.073708305080383,0.004589594919616857
16.7,2.0782979,2.076132109777652,0.002165790222347752
16.716666666666665,2.0876596,2.0785564530000604,0.009103146999939415
16.733333333333334,2.0876596,2.080981790154933,0.006677809845066829
16.75,2.0923405,2.083408583235381,0.008931916764619352
16.766666666666666,2.1017022,2.085837301663635,0.015864898336364952
16.783333333333335,2.1017022,2.088268423195418,0.01343377680458202
16.8,2.1110637,2.0907024347876986,0.020361265212301305
16.816666666666666,2.1110637,2.093139833416132,0.01792386658386791
16.833333333333332,2.1017022,2.095581126527864,0.006121073472136196
16.85,2.1017022,2.0980268323233036,0.003675367676696517
16.866666666666667,2.1063828,2.1004774799652535,0.005905320034746531
16.883333333333333,2.1110637,2.1029336098093725,0.008130090190627381
16.9,2.1157446,2.1053957730445148,0.010348826955485446
16.916666666666668,2.1204255,2.1078645313474884,0.012560968652511662
16.933333333333334,2.1204255,2.110340455983918,0.010085044016082012
16.95,2.1251063,2.1128241267530017,0.012282173246998429
16.966666666666665,2.1204255,2.115316130354641,0.005109369645359241
16.983333333333334,2.1204255,2.1178170587834693,0.00260844121653081
17.0,2.1204255,2.1203275075369596,9.799246304043052e-05
17.016666666666666,2.1204255,2.1228480736911184,-0.0024225736911183127
17.033333333333335,2.1204255,2.125379354192231,-0.004953854192230711
17.05,2.1251063,2.1279219440437798,-0.0028156440437796526
17.066666666666666,2.1251063,2.130476434870172,-0.005370134870172016
17.083333333333332,2.1251063,2.133043413597507,-0.00793711359750704
17.1,2.1204255,2.1356234609450597,-0.015197960945059652
17.116666666666667,2.1204255,2.1382171495693587,-0.017791649569358636
17.133333333333333,2.1251063,2.140825042678399,-0.0157187426783989
17.15,2.1297872,2.1434476933075364,-0.013660493307536381
17.166666666666668,2.134468,2.146085644121529,-0.01161764412152877
17.183333333333334,2.134468,2.1487394275115457,-0.014271427511545642
17.2,2.139149,2.1514095657565493,-0.012260565756549102
17.216666666666665,2.1438298,2.154096571369486,-0.010266771369486172
17.233333333333334,2.1485107,2.156800947168365,-0.008290247168365017
17.25,2.1531916,2.159523186387869,-0.006331586387869237
17.266666666666666,2.1578722,2.1622637727656153,-0.004391572765615415
17.283333333333335,2.1578722,2.165023180542182,-0.007150980542181884
17.3,2.167234,2.167801874319607,-0.0005678743196066982
17.316666666666666,2.167234,2.1706003090306747,-0.0033663090306745858
17.333333333333332,2.162553,2.1734189297631423,-0.010865929763142379
17.35,2.1578722,2.1762581713697724,-0.01838597136977249
17.366666666666667,2.1578722,2.179118457630536,-0.021246257630536114
17.383333333333333,2.1578722,2.182000200098239,-0.0241280000982389
17.4,2.162553,2.1849037968288263,-0.022350796828826347
17.416666666666668,2.167234,2.1878296310894414,-0.02059563108944129
17.433333333333334,2.167234,2.1907780700833497,-0.023544070083349578
17.45,2.167234,2.193749463476538,-0.02651546347653788
17.466666666666665,2.167234,2.1967441419375584,-0.0295101419375583
17.483333333333334,2.167234,2.199762415750459,-0.03252841575045906
17.5,2.167234,2.202804573577286,-0.03557057357728599
17.516666666666666,2.167234,2.205870881423045,-0.03863688142304511
17.533333333333335,2.1719148,2.2089615818796164,-0.0370467818796163
17.55,2.1719148,2.2120768934107717,-0.04016209341077159
17.566666666666666,2.1765957,2.21521701025657,-0.038621310256569785
17.583333333333332,2.1812766,2.2183821025178228,-0.03710550251782285
17.6,2.1812766,2.2215723161094676,-0.040295716109467694
17.616666666666667,2.1812766,2.2247877725396363,-0.043511172539636433
17.633333333333333,2.1812766,2.228028568677561,-0.04675196867756126
17.65,2.1859574,2.231294776498126,-0.04533737649812597
17.666666666666668,2.1906383,2.2345864429458255,-0.04394814294582572
17.683333333333334,2.1906383,2.2379035899515736,-0.04726528995157375
17.7,2.1953192,2.2412462144430485,-0.045927014443048364
17.716666666666665,2.1953192,2.2446142882677185,-0.049295088267718334
17.733333333333334,2.2,2.2480077581362363,-0.048007758136236145
17.75,2.204681,2.2514265455828673,-0.046745545582867365
17.766666666666666,2.204681,2.254870546941526,-0.05018954694152633
17.783333333333335,2.2093618,2.258339633337796,-0.04897783333779593
17.8,2.2140424,2.2618336506383363,-0.04779125063833645
17.816666666666666,2.2140424,2.2653524194589982,-0.05131001945899838
17.833333333333332,2.2187233,2.268895735123797,-0.05017243512379688
17.85,2.2234042,2.272463367783666,-0.049059167783665814
17.866666666666667,2.2234042,2.2760550626472456,-0.0526508626472455
17.883333333333333,2.2374468,2.279670540320729,-0.042223740320729064
17.9,2.2514894,2.283309497064201,-0.03182009706420086
17.916666666666668,2.2561703,2.286971605236621,-0.030801305236621168
17.933333333333334,2.2608511,2.290656513920398,-0.02980541392039804
17.95,2.2655318,2.29436384969731,-0.02883204969730979
17.966666666666665,2.2702127,2.298093217572257,-0.027880517572256736
17.983333333333334,2.2795744,2.3018442020209373,-0.022269802020937313
18.0,2.2842553,2.305616368149544,-0.02136106814954397
18.016666666666666,2.293617,2.309409262949678,-0.015792262949678282
18.03333333333333,2.298298,2.3132224166234936,-0.014924416623493642
18.05,2.3029788,2.3170553439610835,-0.014076543961083487
18.066666666666663,2.3076596,2.320907545749068,-0.01324794574906818
18.08333333333333,2.3170211,2.3247785099717064,-0.007757409971706597
18.1,2.321702,2.3286677130831235,-0.006965713083123326
18.116666666666667,2.3263829,2.3325746213181904,-0.006191721318190346
18.133333333333333,2.3310637,2.336498692009381,-0.005434992009381023
18.15,2.3357446,2.340439374701274,-0.004694774701273996
18.166666666666668,2.3404255,2.3443961124207453,-0.0039706124207454785
18.183333333333334,2.3451064,2.3483683429904083,-0.003261942990408162
18.2,2.3497872,2.3523555000610514,-0.002568300061051243
18.216666666666665,2.354468,2.3563570143722985,-0.001889014372298714
18.23333333333333,2.359149,2.3603723147921523,-0.001223314792152319
18.25,2.3638299,2.3644008296548105,-0.000570929654810648
18.266666666666666,2.3731914,2.368441988234392,0.004749411765608169
18.28333333333333,2.3778722,2.372495222356298,0.005376977643702041
18.3,2.382553,2.376559967977456,0.005993032022544309
18.316666666666663,2.387234,2.3806356668435287,0.006598333156471181
18.33333333333333,2.3965957,2.384721767999226,0.011873932000774357
18.35,2.4012766,2.388817729406007,0.012458870593992977
18.366666666666667,2.4059575,2.392923019340332,0.013034480659667835
18.383333333333333,2.42,2.3970371177414553,0.022962882258544592
18.4,2.42,2.401159517489863,0.018840482510137146
18.416666666666668,2.4340425,2.405289725508559,0.02875277449144109
18.433333333333334,2.4340425,2.4094272637368315,0.024615236263168416
18.45,2.4340425,2.413571670043477,0.02047082995652305
18.466666666666665,2.4387233,2.417722499054608,0.02100080094539214
18.48333333333333,2.4434042,2.421879322925846,0.021524877074153626
18.5,2.4434042,2.4260417320316754,0.017362467968324413
18.516666666666666,2.448085,2.4302093354416794,0.01787566455832046
18.53333333333333,2.452766,2.434381761573248,0.018384238426751853
18.55,2.4621277,2.4385586586570525,0.02356904134294746
18.566666666666663,2.4668086,2.4427396950102125,0.02406890498978731
18.58333333333333,2.4714894,2.44692455922896,0.02456484077103971
18.6,2.480851,2.451112960550097,0.029738039449902942
18.616666666666667,2.4902127,2.455304629154123,0.03490807084587688
18.633333333333333,2.4948936,2.459499316180417,0.035394283819583094
18.65,2.4995744,2.4636967937293104,0.03587760627068981
18.666666666666668,2.4995744,2.4678968544965496,0.03167754550345059
18.683333333333334,2.4995744,2.472099311591061,0.027475088408939197
18.7,2.5042553,2.476303998557774,0.02795130144222613
18.716666666666665,2.5042553,2.4805107695467337,0.02374453045326641
18.73333333333333,2.5089362,2.484719499486558,0.024216700513441936
18.75,2.513617,2.488930084431298,0.024686915568702172
18.766666666666666,2.513617,2.493142441312932,0.020474558687067823
18.78333333333333,2.513617,2.497356507282662,0.016260492717337982
18.8,2.513617,2.501572238684439,0.012044761315561203
18.816666666666663,2.518298,2.5057896096730374,0.012508390326962715
18.83333333333333,2.5276597,2.510008610696466,0.017651089303534206
18.85,2.5370212,2.514229247094338,0.022791952905661716
18.866666666666667,2.546383,2.518451537889109,0.027931462110891037
18.883333333333333,2.541702,2.5226755147150204,0.019026485284979522
18.9,2.5370212,2.526901220586233,0.010119979413766966
18.916666666666668,2.5370212,2.5311287085628322,0.005892491437167635
18.933333333333334,2.5323403,2.5353580402943448,-0.0030177402943447618
18.95,2.5370212,2.539589284444416,-0.00256808444441603
18.966666666666665,2.541702,2.543822515129831,-0.0021205151298309133
18.98333333333333,2.546383,2.5480578102878666,-0.001674810287866535
19.0,2.5557446,2.5522952499121834,0.0034493500878167715
19.016666666666666,2.5604255,2.5565349147201903,0.0038905852798096774
19.03333333333333,2.5604255,2.5607768852089703,-0.00035138520897026737
19.05,2.5604255,2.565021240679491,-0.0045957406794912
19.066666666666663,2.5604255,2.5692680579671308,-0.008842557967130737
19.08333333333333,2.5651064,2.5735174101046496,-0.00841101010464973
19.1,2.5697873,2.577769365209246,-0.007982065209245714
19.116666666666667,2.5744681,2.582023985678496,-0.007555885678496299
19.133333333333333,2.579149,2.5862813277683747,-0.00713232776837458
19.15,2.5838296,2.590541441192288,-0.0067118411922879595
19.166666666666668,2.5885105,2.5948043685496973,-0.006293868549697379
19.183333333333334,2.5978723,2.5990701446836653,-0.001197844683665128
19.2,2.5978723,2.6033387957454486,-0.005466495745448441
19.216666666666665,2.5931914,2.6076103382139397,-0.014418938213939914
19.23333333333333,2.5931914,2.611884777905955,-0.018693377905955266
19.25,2.5978723,2.6161621090137,-0.01828980901369981
19.266666666666666,2.6025531,2.6204423133580894,-0.01788921335808924
19.28333333333333,2.607234,2.624725359910034,-0.01749135991003392
19.3,2.6119149,2.6290112043095477,-0.017096304309547783
19.316666666666663,2.6165957,2.6332997881305698,-0.016704088130569783
19.33333333333333,2.6212766,2.637591038101614,-0.016314438101614037
19.35,2.6259575,2.6418848654983824,-0.01592736549838225
19.366666666666667,2.6306384,2.6461811657218144,-0.015542765721814344
19.383333333333333,2.6306384,2.650479818075157,-0.019841418075157158
19.4,2.6353192,2.654780685753729,-0.01946148575372897
19.416666666666668,2.6399999,2.659083616260201,-0.01908371626020111
19.433333333333334,2.6446807,2.6633884419786336,-0.018707741978633674
19.45,2.6540425,2.6676949812340296,-0.013652481234029512
19.466666666666665,2.6587234,2.6720030393462606,-0.013279639346260641
19.48333333333333,2.6634042,2.6763124093564556,-0.012908209356455647
19.5,2.672766,2.6806228723777985,-0.007856872377798307
19.516666666666666,2.6774468,2.684934198014907,-0.007487398014907054
19.53333333333333,2.6821277,2.6892461448455807,-0.007118444845580552
19.55,2.6868086,2.693558460958607,-0.00674986095860719
19.566666666666663,2.6914892,2.697870884750721,-0.006381684750721206
19.58333333333333,2.69617,2.702183145680563,-0.006013145680562992
19.6,2.69617,2.7064949649797634,-0.010324964979763429
19.616666666666667,2.700851,2.710806056321328,-0.00995505632132776
19.633333333333333,2.7055318,2.7151161262330614,-0.009584326233061269
19.65,2.7102127,2.719424874339378,-0.009212174339377821
19.666666666666668,2.7148936,2.723731993566409,-0.008838393566409142
19.683333333333334,2.7242553,2.7280371702977226,-0.0037818702977228114
19.7,2.7289362,2.7323400844678982,-0.0034038844678980773
19.716666666666665,2.733617,2.7366404098114554,-0.0030234098114552133
19.73333333333333,2.738298,2.740937814103807,-0.002639814103807314
19.75,2.738298,2.745231959387479,-0.006933959387479316
19.766666666666666,2.7429786,2.7495225024520966,-0.006543902452096795
19.78333333333333,2.7476594,2.75380909559478,-0.00614969559478018
19.8,2.7523403,2.758091387142704,-0.005751087142703781
19.816666666666663,2.761702,2.7623690215003998,-0.000667021500399656
19.83333333333333,2.766383,2.766641639378506,-0.0002586393785062313
19.85,2.7710638,2.7709088782714497,0.0001549217285501392
19.866666666666667,2.7757447,2.7751703730084376,0.0005743269915625682
19.883333333333333,2.7804255,2.7794257565379525,0.0009997434620476753
19.9,2.7851064,2.783674660908525,0.0014317390914753148
19.916666666666668,2.7897873,2.7879167184088347,0.0018705815911652657
19.933333333333334,2.7944682,2.7921515628304663,0.002316637169533564
19.95,2.7991488,2.796378831192484,0.002769968807516232
19.966666666666665,2.7991488,2.800598165581497,-0.0014493655814966644
19.98333333333333,2.8085105,2.804809215082598,0.00370128491740207
20.0,2.827234,2.809011637776818,0.018222362223181854
20.016666666666666,2.8365958,2.813205102477329,0.0233906975226712
20.03333333333333,2.8459575,2.8173892903817013,0.028568209618298646
20.05,2.8506382,2.821563896609352,0.029074303390648204
20.066666666666663,2.855319,2.825728631593569,0.029590368406431367
20.08333333333333,2.86,2.8298832226826316,0.030116777317368282
20.1,2.8646808,2.834027415703086,0.030653384296913888
20.116666666666667,2.8693616,2.838160976445892,0.03120062355410802
20.133333333333333,2.8693616,2.8422836920310686,0.027077907968931392
20.15,2.8740425,2.84639537210056,0.027647127899439905
20.166666666666668,2.8787234,2.850495849590539,0.028227550409461344
20.183333333333334,2.8834043,2.854584981089881,0.02881931891011913
20.2,2.8880851,2.858662646977125,0.02942245302287505
20.216666666666665,2.892766,2.8627287510757347,0.030037248924265292
20.23333333333333,2.8974469,2.866783219530511,0.030663680469488863
20.25,2.9021277,2.8708259994373755,0.03130170056262438
20.266666666666666,2.9021277,2.874857057821255,0.027270642178744975
20.28333333333333,2.9021277,2.878876380809961,0.023251319190038977
20.3,2.9021277,2.8828839727705096,0.019243727229490304
20.316666666666663,2.9021277,2.8868798553480954,0.01524784465190443
20.33333333333333,2.9021277,2.89086406664516,0.011263633354839708
20.35,2.9068084,2.8948366602926567,0.011971739707343332
20.366666666666667,2.9114892,2.898797704457638,0.012691495542362041
20.383333333333333,2.9114892,2.9027472808303756,0.008741919169624524
20.4,2.9161701,2.9066854835203917,0.009484616479608299
20.416666666666668,2.920851,2.9106124181829798,0.010238581817020087
20.433333333333334,2.9255319,2.9145282011275215,0.011003698872478651
20.45,2.9302127,2.918432958453326,0.011779741546673606
20.466666666666665,2.9302127,2.922326825257657,0.007885874742342924
20.48333333333333,2.9348936,2.926209945164045,0.008683654835955235
20.5,2.9395745,2.9300824699207118,0.009492030079288227
20.516666666666666,2.9395745,2.9339445591181574,0.005629940881842543
20.53333333333333,2.9442554,2.9377963801721982,0.006459019827801615
20.55,2.9489362,2.941638108254526,0.007298091745473911
20.566666666666663,2.953617,2.9454699261448782,0.0081470738551217
20.58333333333333,2.9582977,2.9492920241775633,0.009005675822436832
20.6,2.9582977,2.953104599926169,0.005193100073831225
20.616666666666667,2.9629786,2.956907857849319,0.006070742150681152
20.633333333333333,2.9676595,2.960702008943562,0.006957491056438059
20.65,2.9723403,2.964487270179762,0.007853029820237722
20.666666666666668,2.9723403,2.968263864165415,0.004076435834584835
20.683333333333334,2.9770212,2.9720320187700087,0.0049891812299911464
20.7,2.981702,2.9757919669750894,0.005910033024910444
20.716666666666665,2.981702,2.979543946690873,0.002158053309126995
20.73333333333333,2.986383,2.983288200317005,0.0030947996829948643
20.75,2.9910638,2.987024974076229,0.004038825923771139
20.766666666666666,2.9910638,2.9907545176813484,0.00030928231865168243
20.78333333333333,2.9957447,2.9944770840008066,0.001267615999193339
20.8,3.0004256,2.9981929286620117,0.0022326713379881014
20.816666666666663,3.0051064,3.001902309854195,0.0032040901458048054
20.83333333333333,3.009787,3.0056054882833867,0.004181511716613517
20.85,3.009787,3.0093027270437567,0.0004842729562435366
20.866666666666667,3.014468,3.012994291173236,0.0014737088267637866
20.883333333333333,3.014468,3.0166804473523823,-0.002212447352382352
20.9,3.0191488,3.020361463314204,-0.001212663314204221
20.916666666666668,3.0238297,3.0240376073109174,-0.00020790731091757664
20.933333333333334,3.0331914,3.027709147395177,0.005482252604823046
20.95,3.0331914,3.0313763507715747,0.0018150492284254582
20.966666666666665,3.0331914,3.0350394832669716,-0.0018480832669713898
20.98333333333333,3.0378723,3.0386988086641065,-0.0008265086641063846
21.0,3.0378723,3.0423545883672616,-0.0044822883672615
21.016666666666666,3.0378723,3.04600708113788,-0.008134781137879799
21.03333333333333,3.0425532,3.0496565426401387,-0.007103342640138788
21.05,3.047234,3.053303225053168,-0.0060692250531682035
21.066666666666663,3.047234,3.056947377007229,-0.009713377007229074
21.08333333333333,3.0565958,3.060589243582322,-0.003993443582321898
21.1,3.0612767,3.064229066418103,-0.0029523664181030362
21.116666666666667,3.0659573,3.06786708367552,-0.0019097836755199715
21.133333333333333,3.0706382,3.071503530106804,-0.0008653301068042296
21.15,3.075319,3.0751386371798644,0.00018036282013556004
21.166666666666668,3.08,3.0787726329886858,0.0012273670113143176
21.183333333333334,3.08,3.08240574229706,-0.0024057422970598097
21.2,3.0846808,3.0860381872714564,-0.0013573872714562896
21.216666666666665,3.0893617,3.0896701881231583,-0.00030848812315831253
21.23333333333333,3.0940425,3.0933019638179395,0.0007405361820604917
21.25,3.0940425,3.0969337332113254,-0.002891233211325339
21.266666666666666,3.0987234,3.100565715763789,-0.0018423157637892373
21.28333333333333,3.1034043,3.104198131984209,-0.0007938319842093478
21.3,3.1080852,3.107831203581465,0.00025399641853507404
21.316666666666663,3.112766,3.11146515336849,0.0013008466315103107
21.33333333333333,3.112766,3.115100204672194,-0.002334204672193696
21.35,3.1221275,3.11873658078186,0.0033909192181398318
21.366666666666667,3.1268084,3.1223745042815834,0.0044338957184164585
21.383333333333333,3.1268084,3.1260141961042356,0.0007942038957642339
21.4,3.1314893,3.129655874650632,0.0018334253493681452
21.416666666666668,3.1314893,3.133299755230023,-0.0018104552300228782
21.433333333333334,3.1268084,3.1369460497690866,-0.01013764976908682
21.45,3.1314893,3.140594966238167,-0.009105666238166776
21.466666666666665,3.1314893,3.144246708253223,-0.012757408253222913
21.48333333333333,3.1361701,3.1479014746274676,-0.011731374627467428
21.5,3.140851,3.1515594589257994,-0.010708458925799302
21.516666666666666,3.145532,3.1552208487644355,-0.00968884876443532
21.53333333333333,3.1502128,3.1588858251172516,-0.008673025117251765
21.55,3.1548936,3.1625545616767874,-0.007660961676787537
21.566666666666663,3.1642554,3.166227224318265,-0.0019718243182649253
21.58333333333333,3.168936,3.169903970715237,-0.000967970715237243
21.6,3.168936,3.1735849498443276,-0.004648949844327621
21.616666666666667,3.168936,3.177270302155956,-0.008334302155955875
21.633333333333333,3.173617,3.1809601601481043,-0.007343160148104211
21.65,3.173617,3.1846546488139085,-0.01103764881390834
21.666666666666668,3.1782978,3.1883538862300753,-0.010056086230075145
21.683333333333334,3.1829786,3.1920579840286454,-0.009079384028645165
21.7,3.1876595,3.195767047417007,-0.0081075474170067
21.716666666666665,3.1923404,3.19948117497444,-0.0071407749744398785
21.73333333333333,3.1970212,3.203200458282389,-0.006179258282389188
21.75,3.201702,3.206924981806237,-0.005222981806237037
21.766666666666666,3.206383,3.2106548229533742,-0.004271822953374027
21.78333333333333,3.2110639,3.2143900522374054,-0.0033261522374052888
21.8,3.2110639,3.2181307333131968,-0.007066833313196685
21.816666666666663,3.2110639,3.221876923099018,-0.010813023099017993
21.83333333333333,3.2157447,3.2256286720818466,-0.009883972081846437
21.85,3.2204256,3.229386024649196,-0.008960424649195886
21.866666666666667,3.2251062,3.2331490191897476,-0.008042819189747696
21.883333333333333,3.229787,3.2369176879216504,-0.0071306879216503916
21.9,3.2391489,3.2406920566894106,-0.0015431566894106297
21.916666666666668,3.2438297,3.2444721442829287,-0.0006424442829287003
21.933333333333334,3.2438297,3.248257961570637,-0.0044282615706370265
21.95,3.2438297,3.252049510564596,-0.008219810564595864
21.966666666666665,3.2438297,3.2558467837401404,-0.012017083740140322
21.98333333333333,3.2485106,3.259649763624011,-0.011139163624011239
22.0,3.2485106,3.263458422664975,-0.014947822664975075
22.016666666666666,3.2531915,3.2672727234009633,-0.014081223400963516
22.03333333333333,3.2578723,3.271092619137204,-0.013220319137204228
22.05,3.2625532,3.2749180548623116,-0.012364854862311425
22.066666666666663,3.267234,3.2787489683303526,-0.011514968330352371
22.08333333333333,3.271915,3.2825852907372943,-0.010670290737294419
22.1,3.2812765,3.2864269477008174,-0.0051504477008172955
22.116666666666667,3.2906382,3.2902738600533823,0.00036433994661777547
22.133333333333333,3.3,3.2941259445735094,0.005874055426490443
22.15,3.3046808,3.29798311491996,0.006697685080039761
22.166666666666668,3.3093617,3.3018452832446674,0.0075164167553327665
22.183333333333334,3.3140426,3.3057123624338094,0.008330237566190668
22.2,3.3187234,3.309584268110606,0.009139131889394303
22.216666666666665,3.3187234,3.3134609205488776,0.005262479451122459
22.23333333333333,3.3234043,3.3173422461326947,0.006062053867305295
22.25,3.3234043,3.32122817877838,0.002176121221619809
22.266666666666666,3.3327658,3.3251186607711603,0.007647139228839528
22.28333333333333,3.3327658,3.3290136429879933,0.003752157012006485
22.3,3.3421276,3.3329130848242103,0.00921451517578964
22.316666666666663,3.3514893,3.336816953830352,0.014672346169648076
22.33333333333333,3.3561702,3.3407252254922555,0.015444974507744735
22.35,3.3561702,3.34463788276162,0.01153231723838033
22.366666666666667,3.3514893,3.3485549153594856,0.0029343846405143204
22.383333333333333,3.3561702,3.352476318998958,0.0036938810010420653
22.4,3.3561702,3.356402094451882,-0.0002318944518817645
22.416666666666668,3.360851,3.3603322465916836,0.0005187534083161971
22.433333333333334,3.360851,3.3642667834537523,-0.0034157834537524856
22.45,3.365532,3.3682057155682568,-0.002673715568256796
22.466666666666665,3.3748937,3.3721490555099223,0.002744644490077608
22.48333333333333,3.3795745,3.3760968171307244,0.0034776828692755224
22.5,3.3842552,3.3800490147263056,0.00420618527369454
22.516666666666666,3.3795745,3.3840056620769245,-0.004431162076924622
22.53333333333333,3.3795745,3.3879667716400665,-0.008392271640066618
22.55,3.3842552,3.391932353439871,-0.007677153439870743
22.566666666666663,3.388936,3.39590241438791,-0.006966414387910014
22.58333333333333,3.3982978,3.3998769578831034,-0.001579157883103477
22.6,3.4029787,3.4038559835686657,-0.0008772835686658986
22.616666666666667,3.4076595,3.4078394870590967,-0.0001799870590968311
22.633333333333333,3.4076595,3.4118274592916054,-0.004167959291605516
22.65,3.4076595,3.4158198857531703,-0.008160385753170463
22.666666666666668,3.4123404,3.419816745600652,-0.00747634560065169
22.683333333333334,3.4170213,3.423818011127241,-0.006796711127241117
22.7,3.4170213,3.427823647012756,-0.010802347012755842
22.716666666666665,3.4217021,3.4318336097963904,-0.010131509796390326
22.73333333333333,3.426383,3.435847847820305,-0.009464847820304989
22.75,3.426383,3.439866301238649,-0.013483301238649048
22.766666666666666,3.431064,3.4438889021428336,-0.012824902142833494
22.78333333333333,3.4357445,3.4479155742355556,-0.012171074235555412
22.8,3.4404254,3.4519462322200134,-0.011520832220013322
22.816666666666663,3.4451063,3.455980781138526,-0.010874481138526182
22.83333333333333,3.454468,3.4600191158562,-0.005551115856200273
22.85,3.459149,3.464061120798047,-0.004912120798047148
22.866666666666667,3.459149,3.4681066697737877,-0.008957669773787647
22.883333333333333,3.4638298,3.4721556259344077,-0.008325825934407671
22.9,3.4638298,3.4762078415948467,-0.012378041594846678
22.916666666666668,3.4638298,3.480263157874694,-0.01643335787469402
22.933333333333334,3.4685106,3.484321404391861,-0.015810804391860778
22.95,3.4731915,3.48838239904049,-0.015190899040490091
22.966666666666665,3.4778724,3.492445947764095,-0.014573547764094918
22.98333333333333,3.4825532,3.4965118441436944,-0.01395864414369452
23.0,3.487234,3.50057986906556,-0.013345869065560123
23.016666666666666,3.487234,3.5046497902252263,-0.017415790225226324
23.03333333333333,3.4919147,3.508721361668233,-0.01680666166823297
23.05,3.4965956,3.5127943233862253,-0.0161987233862253
23.066666666666663,3.5012765,3.516868400987459,-0.015591900987458995
23.08333333333333,3.5059574,3.520943305461033,-0.014985905461033067
23.1,3.5106382,3.5250187333435905,-0.014380533343590685
23.116666666666667,3.515319,3.529094367118996,-0.013775367118995963
23.133333333333333,3.52,3.5331698753724936,-0.013169875372493589
23.15,3.52,3.53724491321861,-0.01724491321860988
23.166666666666668,3.5293617,3.5413191225270033,-0.01195742252700338
23.183333333333334,3.5340426,3.5453921321982746,-0.011349532198274837
23.2,3.5387235,3.5494635584493555,-0.010740058449355327
23.216666666666665,3.543404,3.5535330053862184,-0.010129005386218193
23.23333333333333,3.548085,3.557600065678076,-0.009515065678076251
23.25,3.5527658,3.561664321425154,-0.008898521425154016
23.266666666666666,3.5574467,3.565725345398991,-0.008278645398991369
23.28333333333333,3.5621276,3.5697827022872164,-0.00765510228721622
23.3,3.5668085,3.573835950216193,-0.00702745021619311
23.316666666666663,3.5761702,3.577884642444124,-0.00171444244412422
23.33333333333333,3.580851,3.581928329283442,-0.0010773292834418413
23.35,3.5902128,3.585966560170388,0.004246239829612364
23.366666666666667,3.5948937,3.589998885877562,0.004894814122438085
23.383333333333333,3.6042552,3.5940248608532377,0.01023033914676219
23.4,3.608936,3.598044045639267,0.010891954360733092
23.416666666666668,3.6182978,3.602056009087075,0.016241790912925325
23.433333333333334,3.6276596,3.6060603307353567,0.021599269264643173
23.45,3.6323404,3.610056603127013,0.022283796872986983
23.466666666666665,3.6417022,3.614044434021465,0.02765776597853531
23.48333333333333,3.646383,3.618023448459463,0.028359551540537264
23.5,3.6557446,3.6219932906385957,0.033751309361404136
23.516666666666666,3.6604254,3.6259536255587066,0.034471774441293235
23.53333333333333,3.6697872,3.6299041403975547,0.039883059602445314
23.55,3.679149,3.6338445455781416,0.045304454421858154
23.566666666666663,3.6838298,3.637774575490263,0.04605522450973698
23.58333333333333,3.6931915,3.6416939891353315,0.051497510864668694
23.6,3.6978724,3.645602570457551,0.052269829542448853
23.616666666666667,3.707234,3.649500128624626,0.057733871375374335
23.633333333333333,3.7119148,3.653386498052887,0.058528301947113004
23.65,3.7165956,3.6572615384300304,0.05933406156996979
23.666666666666668,3.7212765,3.661125134532563,0.060151365467437046
23.683333333333334,3.7259574,3.664977196084565,0.060980203915435016
23.7,3.7306383,3.6688176576884817,0.06182064231151818
23.716666666666665,3.7353191,3.672646478678519,0.06267262132148099
23.73333333333333,3.74,3.6764636430488578,0.06353635695114246
23.75,3.744681,3.680269159342089,0.06441184065791106
23.766666666666666,3.7493618,3.684063060608031,0.06529873939196884
23.78333333333333,3.7540426,3.687845404367548,0.06619719563245186
23.8,3.7540426,3.6916162726410864,0.062426327358913625
23.816666666666663,3.7587233,3.6953757720293274,0.06334752797067278
23.83333333333333,3.7587233,3.699124033823617,0.059599266176383114
23.85,3.7587233,3.7028612141448,0.05586208585520014
23.866666666666667,3.7587233,3.7065874940980787,0.05213580590192146
23.883333333333333,3.7634041,3.7103030799168293,0.053101020083170525
23.9,3.7634041,3.7140082030852937,0.04939589691470614
23.916666666666668,3.7634041,3.717703120416411,0.045700979583588985
23.933333333333334,3.768085,3.721388114055884,0.04669688594411614
23.95,3.768085,3.725063491171797,0.0430215088282031
23.966666666666665,3.768085,3.728729583579957,0.03935541642004292
23.98333333333333,3.768085,3.7323867472689045,0.035698252731095614
24.0,3.768085,3.7360353617863122,0.03204963821368789
24.016666666666666,3.768085,3.739675829448512,0.02840917055148795
24.03333333333333,3.768085,3.743308574137626,0.02477642586237394
24.05,3.768085,3.746934039954162,0.02115096004583794
24.066666666666663,3.768085,3.750552689721808,0.01753231027819213
24.08333333333333,3.768085,3.754165003299821,0.013919996700179293
24.1,3.768085,3.7577714755622225,0.010313524437777666
24.116666666666667,3.768085,3.7613726142765302,0.0067123857234698825
24.133333333333333,3.7727659,3.7649689378737143,0.007796962126285667
24.15,3.7727659,3.768560972993594,0.004204927006405956
24.166666666666668,3.7727659,3.772149252006412,0.0006166479935880709
24.183333333333334,3.7727659,3.775734310416545,-0.002968410416544831
24.2,3.7727659,3.7793166843376196,-0.006550784337619575
24.216666666666665,3.7774467,3.7828969080420176,-0.005450208042017568
24.23333333333333,3.7774467,3.7864755115330406,-0.009028811533040582
24.25,3.7774467,3.7900530182620766,-0.012606318262076588
24.266666666666666,3.7774467,3.7936299429424647,-0.01618324294246465
24.28333333333333,3.7821276,3.7972067895515753,-0.01507918955157539
24.3,3.7821276,3.8007840494702982,-0.01865644947029832
24.316666666666663,3.7821276,3.804362199772955,-0.022234599772954944
24.33333333333333,3.7868085,3.807941701719262,-0.02113320171926203
24.35,3.7868085,3.811522999374035,-0.02471449937403536
24.366666666666667,3.7914894,3.8151065183361954,-0.023617118336195286
24.383333333333333,3.7914894,3.818692664594158,-0.027203264594157783
24.4,3.7914894,3.822281823720738,-0.030792423720737983
24.416666666666668,3.7961702,3.8258743601828247,-0.029704160182824513
24.433333333333334,3.7961702,3.829470616675364,-0.03330041667536365
24.45,3.800851,3.8330709135837564,-0.0322199135837562
24.466666666666665,3.800851,3.83667554839171,-0.035824548391709676
24.48333333333333,3.805532,3.8402847948173173,-0.03475279481731741
24.5,3.8102126,3.8438989020115026,-0.0336863020115028
24.516666666666666,3.8102126,3.847518094072258,-0.03730549407225814
24.53333333333333,3.8148935,3.8511425698374384,-0.03624906983743825
24.55,3.8195744,3.8547725031402846,-0.0351981031402846
24.566666666666663,3.8195744,3.8584080433196877,-0.03883364331968764
24.58333333333333,3.8242552,3.862049316166268,-0.037794116166268044
24.6,3.828936,3.8656964251334935,-0.036760425133493424
24.616666666666667,3.8382978,3.869349452651962,-0.03105165265196197
24.633333333333333,3.8382978,3.873008461876897,-0.03471066187689731
24.65,3.8476596,3.876673498626329,-0.02901389862632886
24.666666666666668,3.8710637,3.8803445932051073,-0.009280893205107166
24.683333333333334,3.8804255,3.8840217621959465,-0.0035962621959466645
24.7,3.8851063,3.887705010120927,-0.0025987101209272723
24.716666666666665,3.8897872,3.8913943310365777,-0.0016071310365779468
24.73333333333333,3.894468,3.895089709979416,-0.0006217099794163516
24.75,3.899149,3.8987911245149065,0.0003578754850934729
24.766666666666666,3.899149,3.902498546093483,-0.0033495460934829246
24.78333333333333,3.9038298,3.906211941337896,-0.0023821413378959377
24.8,3.9085107,3.909931273026407,-0.0014205730264071903
24.816666666666663,3.9085107,3.913656500771495,-0.005145800771495068
24.83333333333333,3.9085107,3.917387581331373,-0.008876881331373099
24.85,3.9131916,3.921124468781156,-0.007932868781155733
24.866666666666667,3.9178722,3.924867114270335,-0.006994914270334718
24.883333333333333,3.922553,3.9286154654492678,-0.0060624654492675845
24.9,3.927234,3.932369465426207,-0.00513546542620702
24.916666666666668,3.9319148,3.9361290514094502,-0.004214251409450309
24.933333333333334,3.9319148,3.939894153799756,-0.007979353799755895
24.95,3.9365957,3.9436646955208885,-0.007068995520888688
24.966666666666665,3.9365957,3.947440591001118,-0.010844891001118295
24.98333333333333,3.9412766,3.951221745450293,-0.009945145450292792
25.0,3.9459574,3.955008054260725,-0.009050654260724933
25.016666666666666,3.9506383,3.958799402848327,-0.008161102848327051
25.03333333333333,3.9506383,3.962595666472905,-0.011957366472905129
25.05,3.9553192,3.966396710265135,-0.01107751026513526
25.066666666666663,3.96,3.970202389826842,-0.010202389826841962
25.08333333333333,3.964681,3.9740125521886136,-0.009331552188613479
25.1,3.9693615,3.977827036881672,-0.008465536881671731
25.116666666666667,3.9740424,3.9816456775737743,-0.007603277573774214
25.133333333333333,3.9787233,3.985468304039853,-0.006745004039852898
25.15,3.992766,3.989294744410921,0.003471255589079014
25.166666666666668,3.9974468,3.9931248276400733,0.004321972359926818
25.183333333333334,4.0068083,3.996958386120612,0.009849913879388161
25.2,4.0114894,4.000795257875311,0.010694142124688888
25.216666666666665,4.020851,4.004635288542359,0.016215711457641113
25.23333333333333,4.0348935,4.008478332893907,0.026415167106092596
25.25,4.0395746,4.012324256094496,0.027250343905503627
25.266666666666666,4.0395746,4.0161729347134045,0.023401665286595374
25.28333333333333,4.0442553,4.020024257717867,0.024231042282132798
25.3,4.0395746,4.023878127300407,0.015696472699592512
25.316666666666663,4.0395746,4.027734459340964,0.011840140659035825
25.33333333333333,4.0395746,4.031593183261161,0.007981416738839009
25.35,4.0395746,4.035454241103459,0.004120358896541276
25.366666666666667,4.0395746,4.039317585932912,0.00025701406708833474
25.383333333333333,4.0442553,4.043183179677214,0.0010721203227852527
25.4,4.048936,4.047050990729044,0.0018850092709561395
25.416666666666668,4.053617,4.050920992152175,0.002696007847824866
25.433333333333334,4.0582976,4.054793159795785,0.0035044402042156975
25.45,4.0629787,4.058667470857502,0.004311229142498263
25.466666666666665,4.0629787,4.062543902427157,0.00043479757284359266
25.48333333333333,4.0582976,4.066422430305641,-0.008124830305640707
25.5,4.0582976,4.070303028330936,-0.01200542833093543
25.516666666666666,4.0629787,4.074185668006183,-0.011206968006182372
25.53333333333333,4.0723405,4.0780703183376055,-0.00572981833760533
25.55,4.081702,4.081956946035264,-0.00025494603526432513
25.566666666666663,4.091064,4.085845515742019,0.005218484257981437
25.58333333333333,4.0957446,4.089735990161401,0.006008609838598744
25.6,4.0957446,4.093628330309582,0.0021162696904175604
25.616666666666667,4.1004257,4.097522495813985,0.0029032041860146407
25.633333333333333,4.1004257,4.101418445176596,-0.0009927451765960882
25.65,4.1051064,4.105316136417247,-0.00020973641724619796
25.666666666666668,4.109787,4.109215527840659,0.0005714721593408356
25.683333333333334,4.114468,4.113116578948141,0.0013514210518588143
25.7,4.1191487,4.117019251712682,0.002129448287318425
25.716666666666665,4.12383,4.1209235119542615,0.0029064880457383424
25.73333333333333,4.1285105,4.124829330742837,0.0036811692571632193
25.75,4.1331916,4.1287366853712655,0.004454914628734485
25.766666666666666,4.1425533,4.1326455597470595,0.009907740252940833
25.78333333333333,4.147234,4.13655594419221,0.01067805580778991
25.8,4.151915,4.140467835467626,0.011447164532373932
25.816666666666663,4.1565957,4.144381236637865,0.012214463362134609
25.83333333333333,4.1565957,4.148296157201191,0.008299542798808623
25.85,4.1612763,4.152212613109543,0.009063686890456779
25.866666666666667,4.1659575,4.156130626858585,0.009826873141415504
25.883333333333333,4.1659575,4.160050227807855,0.00590727219214493
25.9,4.170638,4.163971452364143,0.0066665476358576115
25.916666666666668,4.170638,4.167894344176931,0.0027436558230693464
25.933333333333334,4.170638,4.171818954070834,-0.0011809540708336286
25.95,4.175319,4.175745339750448,-0.0004263397504482569
25.966666666666665,4.184681,4.1796735653131964,0.005007434686803869
25.98333333333333,4.184681,4.183603700605572,0.0010772993944279108
26.0,4.1940427,4.1875358204581925,0.006506879541807287
26.016666666666666,4.1987233,4.191470003623424,0.007253296376576124
26.03333333333333,4.208085,4.195406332042508,0.012678667957491285
26.05,4.208085,4.199344890479888,0.008740109520111616
26.066666666666663,4.208085,4.20328576625976,0.004799233740239828
26.08333333333333,4.208085,4.207229049143931,0.0008559508560690432
26.1,4.208085,4.211174831117273,-0.003089831117273789
26.116666666666667,4.2127657,4.2151232065178075,-0.0023575065178071952
26.133333333333333,4.217447,4.219074272242746,-0.0016272722427457254
26.15,4.2221274,4.2230281277833335,-0.0009007277833337213
26.166666666666668,4.2268085,4.2269848753239945,-0.00017637532399472633
26.183333333333334,4.231489,4.230944619638186,0.0005443803618137011
26.2,4.240851,4.234907467708394,0.005943532291605713
26.216666666666665,4.245532,4.238873528306407,0.00665847169359246
26.23333333333333,4.245532,4.242842911864038,0.0026890881359618035
26.25,4.2502127,4.24681573035187,0.0033969696481293
26.266666666666666,4.254894,4.250792097404979,0.004101902595021301
26.28333333333333,4.2595744,4.2547721285182645,0.0048022714817355094
26.3,4.2595744,4.258755941619827,0.000818458380172693
26.316666666666663,4.264255,4.262743657812887,0.0015113421871131294
26.33333333333333,4.268936,4.266735401912121,0.00220059808787898
26.35,4.273617,4.270731302706256,0.002885697293743661
26.366666666666667,4.278298,4.274731492877455,0.0035665071225450262
26.383333333333333,4.2829785,4.278736108813172,0.004242391186827454
26.4,4.2876596,4.282745290331991,0.004914309668008876
26.416666666666668,4.2923403,4.286759180344904,0.00558111965509589
26.433333333333334,4.2923403,4.290777924687727,0.001562375312273545
26.45,4.2970214,4.294801671841971,0.0022197281580291772
26.466666666666665,4.301702,4.298830572879348,0.002871427120651582
26.48333333333333,4.306383,4.302864781451827,0.0035182185481730244
26.5,4.306383,4.306904453559537,-0.0005214535595365888
26.516666666666666,4.311064,4.31094974733473,0.00011425266526998712
26.53333333333333,4.3157444,4.315000823084742,0.0007435769152577265
26.55,4.3204255,4.319057843102907,0.0013676568970923952
26.566666666666663,4.325106,4.323120971493206,0.001985028506793718
26.58333333333333,4.3297873,4.32719037393903,0.0025969260609697287
26.6,4.334468,4.331266217444511,0.0032017825554895296
26.616666666666667,4.334468,4.3353486700766695,-0.0008806700766692543
26.633333333333333,4.339149,4.3394379007366215,-0.0002889007366215779
26.65,4.3438296,4.3435340792024775,0.0002955207975228191
26.666666666666668,4.3485107,4.3476373761680405,0.0008733238319598158
26.683333333333334,4.3531914,4.3517479633121,0.001443436687900146
26.7,4.3578725,4.355866013127162,0.002006486872837776
26.716666666666665,4.3578725,4.35999169874804,-0.0021191987480397856
26.73333333333333,4.3672338,4.364125193808476,0.003108606191523755
26.75,4.3672338,4.368266672354063,-0.0010328723540631302
26.766666666666666,4.371915,4.372416308529358,-0.0005013085293574804
26.78333333333333,4.3765955,4.376574276275009,2.122372499080427e-05
26.8,4.3812766,4.380740749270363,0.0005358507296362447
26.816666666666663,4.3859572,4.384915900839713,0.0010412991602866128
26.83333333333333,4.3859572,4.389099903850321,-0.0031427038503206717
26.85,4.3906384,4.3932929306304995,-0.002654530630499252
26.866666666666667,4.395319,4.3974951529358455,-0.002176152935845721
26.883333333333333,4.4,4.401706741681167,-0.0017067416811666902
26.9,4.4046807,4.405927866673954,-0.00124716667395397
26.916666666666668,4.409362,4.4101586963707184,-0.0007966963707186636
26.933333333333334,4.4140425,4.414399397677494,-0.00035689767749413903
26.95,4.4187236,4.418650135815771,7.346418422926604e-05
26.966666666666665,4.423404,4.422911074275144,0.0004929257248553753
26.98333333333333,4.423404,4.4271823747758505,-0.003778374775850857
27.0,4.428085,4.431464197479356,-0.0033791974793553337
27.016666666666666,4.432766,4.435756700949565,-0.002990700949564662
27.03333333333333,4.4374466,4.440060042100399,-0.0026134421003982666
27.05,4.4421277,4.4443743761509635,-0.0022466761509631894
27.066666666666663,4.4468083,4.448699856609514,-0.0018915566095145664
27.08333333333333,4.4514894,4.4530366353074635,-0.0015472353074637013
27.1,4.45617,4.457384862193458,-0.0012148621934580106
27.116666666666667,4.460851,4.461744685116057,-0.0008936851160568082
27.133333333333333,4.465532,4.466116249609056,-0.000584249609056009
27.15,4.470213,4.4704996986936845,-0.00028669869368425083
27.166666666666668,4.470213,4.47489517271179,-0.004682172711789612
27.183333333333334,4.4748936,4.479302809413678,-0.004409209413678283
27.2,4.479574,4.4837227440183485,-0.004148744018348083
27.216666666666665,4.4842553,4.488155109057247,-0.003899809057246628
27.23333333333333,4.488936,4.492600034319739,-0.0036640343197396064
27.25,4.493617,4.497057646814189,-0.0034406468141883195
27.266666666666666,4.4982977,4.501528070457321,-0.003230370457321108
27.28333333333333,4.502979,4.506011426014354,-0.0030324260143537174
27.3,4.5076594,4.510507830788123,-0.0028484307881235793
27.316666666666663,4.5123405,4.5150173983695705,-0.002676898369570857
27.33333333333333,4.517021,4.519540238456605,-0.0025192384566050663
27.35,4.5217023,4.5240764569590475,-0.002374156959047191
27.366666666666667,4.5217023,4.52862615609826,-0.006923856098259407
27.383333333333333,4.526383,4.533189434515578,-0.006806434515578275
27.4,4.5357447,4.53776638740365,-0.002021687403649608
27.416666666666668,4.5404253,4.54235710646453,-0.0019318064645297284
27.433333333333334,4.5404253,4.5469616796973025,-0.006536379697302586
27.45,4.549787,4.551580191228121,-0.0017931912281206053
27.466666666666665,4.549787,4.556212721182501,-0.00642572118250051
27.48333333333333,4.559149,4.5608593455998605,-0.0017103455998608297
27.5,4.56383,4.565520136390115,-0.001690136390114283
27.516666666666666,4.5685105,4.5701951613323235,-0.0016846613323231452
27.53333333333333,4.5685105,4.574884484115259,-0.00637398411525858
27.55,4.5731916,4.57958816441988,-0.006396564419879347
27.566666666666663,4.5778723,4.584306258043607,-0.00643395804360658
27.58333333333333,4.582553,4.589038817066328,-0.0064858170663280035
27.6,4.5919147,4.593785890058107,-0.0018711900581065422
27.616666666666667,4.596596,4.5985475223285395,-0.0019515223285395678
27.633333333333333,4.6012764,4.603323755700075,-0.00204735570007486
27.65,4.6059575,4.608114628310731,-0.0021571283107313377
27.666666666666668,4.610638,4.612920174736319,-0.002282174736318865
27.683333333333334,4.6153193,4.6177404262152555,-0.0024211262152551427
27.7,4.62,4.622575410663871,-0.002575410663871125
27.716666666666665,4.624681,4.627425152983168,-0.002744152983168213
27.73333333333333,4.6293616,4.632289675134304,-0.0029280751343039313
27.75,4.6340423,4.637168996484366,-0.0031266964843661427
27.766666666666666,4.6387234,4.642063134204699,-0.0033397342046992406
27.78333333333333,4.643404,4.646972103714566,-0.003568103714565396
27.8,4.648085,4.651895918642879,-0.0038109186428787467
27.816666666666663,4.657447,4.656834590808781,0.0006124091912189655
27.83333333333333,4.6621275,4.661788130199793,0.00033936980020765617
27.85,4.6668086,4.666756544926311,5.20550736897718e-05
27.866666666666667,4.6714892,4.671739841436044,-0.00025064143604414113
27.883333333333333,4.6761703,4.676738024763727,-0.0005677247637274618
27.9,4.680851,4.681751098801681,-0.0009000988016811817
27.916666666666668,4.685532,4.686779066576947,-0.0012470665769468425
27.933333333333334,4.6902127,4.69182193052059,-0.0016092305205903656
27.95,4.6948934,4.696879692714847,-0.001986292714847515
27.966666666666665,4.6995745,4.701952355103787,-0.0023778551037869633
27.98333333333333,4.708936,4.707039919653152,0.0018960803468477394
28.0,4.713617,4.7121423884450975,0.001474611554902694
28.016666666666666,4.718298,4.717259763693485,0.0010382363065151168
28.03333333333333,4.7229786,4.722392047665588,0.0005865523344121826
28.05,4.7276597,4.727539242495965,0.00012045750403544275
28.066666666666663,4.7323403,4.732701349668308,-0.0003610496683084108
28.08333333333333,4.7370214,4.737878369969189,-0.0008569699691891586
28.1,4.741702,4.743070303387851,-0.0013683033878510997
28.116666666666667,4.7463827,4.748277148955134,-0.0018944489551344645
28.133333333333333,4.751064,4.7534989045145455,-0.0024349045145450887
28.15,4.7557445,4.758735566418671,-0.0029910664186711955
28.166666666666668,4.7604256,4.763987129144171,-0.0035615291441715158
28.183333333333334,4.765106,4.769253584624556,-0.004147584624555556
28.2,4.7697873,4.7745349215724815,-0.004747621572481542
28.216666666666665,4.774468,4.779831124777422,-0.005363124777422179
28.23333333333333,4.779149,4.785142174364793,-0.005993174364792964
28.25,4.788511,4.790468045313916,-0.0019570453139161614
28.266666666666666,4.788511,4.7958087070133795,-0.007297707013379728
28.28333333333333,4.7931914,4.801164122847192,-0.007972722847191527
28.3,4.797872,4.8065342496152414,-0.008662249615241535
28.316666666666663,4.802553,4.81191903642363,-0.00936603642363032
28.33333333333333,4.807234,4.817318423724418,-0.010084423724418201
28.35,4.811915,4.822732342567186,-0.010817342567186472
28.366666666666667,4.8212767,4.8281607141158585,-0.00688401411585815
28.383333333333333,4.8259573,4.833603449618877,-0.007646149618877551
28.4,4.8306384,4.839060450632372,-0.008422050632372446
28.416666666666668,4.835319,4.844531609655444,-0.009212609655444126
28.433333333333334,4.84,4.8500168111247,-0.010016811124700098
28.45,4.844681,4.8555159328824775,-0.010834932882477943
28.466666666666665,4.8493614,4.861028848027701,-0.011667448027700367
28.48333333333333,4.858723,4.866555426823348,-0.007832426823347838
28.5,4.8774467,4.872095538612785,0.005351161387214809
28.516666666666666,4.8868084,4.877649054001599,0.009159345998400958
28.53333333333333,4.89617,4.883215846963994,0.012954153036005778
28.55,4.905532,4.888795796731295,0.01673620326870484
28.566666666666663,4.9102125,4.894388789207602,0.015823710792398415
28.58333333333333,4.9195743,4.8999947183880135,0.019579581611986363
28.6,4.9242554,4.9056134874291635,0.01864191257083636
28.616666666666667,4.928936,4.911245009124441,0.017690990875559365
28.633333333333333,4.928936,4.91688920632337,0.012046793676629974
28.65,4.928936,4.922546012056385,0.006389987943615338
28.666666666666668,4.933617,4.928215369323795,0.005401630676204583
28.683333333333334,4.9382977,4.933897230508241,0.004400469491758763
28.7,4.942979,4.939591556370483,0.0033874436295171506
28.716666666666665,4.942979,4.945298314387892,-0.00231931438789168
28.73333333333333,4.9476595,4.951017476686402,-0.003357976686401365
28.75,4.957021,4.956749017795566,0.0002719822044339182
28.766666666666666,4.957021,4.962492912907437,-0.00547191290743676
28.78333333333333,4.961702,4.968249135866206,-0.006547135866206588
28.8,4.9710636,4.974017657540223,-0.002954057540223154
28.816666666666663,4.9757447,4.9797984444013235,-0.004053744401323556
28.83333333333333,4.9804254,4.985591457440301,-0.005166057440301408
28.85,4.9851065,4.991396651618175,-0.006290151618175699
28.866666666666667,4.989787,4.99721397548031,-0.00742697548031046
28.883333333333333,4.994468,5.003043371224942,-0.008575371224941897
28.9,5.00383,5.00888477496308,-0.005054774963079822
28.916666666666668,5.0085106,5.014738117020369,-0.0062275170203687225
28.933333333333334,5.013191,5.020603322645945,-0.007412322645945046
28.95,5.0178723,5.026480312979461,-0.008608012979461677
28.966666666666665,5.0319147,5.0323690059761805,-0.00045430597618079105
28.98333333333333,5.036596,5.038269316958706,-0.0016733169587057617
29.0,5.0459576,5.04418115898364,0.0017764410163607636
29.016666666666666,5.050638,5.050104443307554,0.0005335566924458135
29.03333333333333,5.0553193,5.056039079262029,-0.0007197792620292631
29.05,5.0646806,5.061984973947786,0.00269562605221374
29.066666666666663,5.0693617,5.067942032017858,0.0014196679821418812
29.08333333333333,5.0740423,5.073910155161937,0.0001321448380631196
29.1,5.0787234,5.079889241492186,-0.0011658414921855709
29.116666666666667,5.0787234,5.08587918479863,-0.007155784798629661
29.133333333333333,5.0787234,5.091879873488271,-0.013156473488270315
29.15,5.083404,5.097891189406615,-0.014487189406614753
29.166666666666668,5.088085,5.103913006796404,-0.015828006796403393
29.183333333333334,5.092766,5.1099451909999924,-0.017179190999992322
29.2,5.097447,5.115987597106423,-0.01854059710642275
29.216666666666665,5.1068087,5.122040068505525,-0.015231368505524756
29.23333333333333,5.1114893,5.128102435753829,-0.016613135753829056
29.25,5.11617,5.134174515364848,-0.01800451536484804
29.266666666666666,5.1255317,5.140256108659402,-0.0147244086594025
29.28333333333333,5.130213,5.146347000791323,-0.016134000791322656
29.3,5.1348934,5.152446959988651,-0.01755355998865049
29.316666666666663,5.144255,5.1585557375674025,-0.014300737567402244
29.33333333333333,5.1489363,5.164673068234928,-0.015736768234928533
29.35,5.153617,5.170798670924721,-0.017181670924721004
29.366666666666667,5.1629786,5.176932249697905,-0.013953649697905135
29.383333333333333,5.1676593,5.183073494906323,-0.015414194906322898
29.4,5.1723404,5.189222084296824,-0.01688168429682335
29.416666666666668,5.181702,5.195377684258336,-0.013675684258336318
29.433333333333334,5.191064,5.201539951211875,-0.010475951211875056
29.45,5.2051063,5.207708533032191,-0.0026022330321913145
29.466666666666665,5.214468,5.213883070586952,0.0005849294130477745
29.48333333333333,5.2238297,5.220063199631403,0.0037665003685969367
29.5,5.2285104,5.226248552952591,0.002261847047408949
29.516666666666666,5.237872,5.2324387627214755,0.0054332372785248495
29.53333333333333,5.242553,5.238633463165422,0.003919536834578352
29.55,5.2565956,5.244832293299924,0.011763306700076193
29.566666666666663,5.2612767,5.251034899544127,0.010241800455872863
29.58333333333333,5.2706385,5.257240938347127,0.01339756165287298
29.6,5.2799997,5.263450078584954,0.016549621415046012
29.616666666666667,5.2893615,5.269662003654935,0.019699496345064738
29.633333333333333,5.3034043,5.275876413384495,0.027527886615505537
29.65,5.3174467,5.2820930254916565,0.03535367450834315
29.666666666666668,5.340851,5.288311576522236,0.052539423477763414
29.683333333333334,5.3595743,5.294531822397828,0.06504247760217208
29.7,5.3829784,5.300753538591201,0.08222486140879859
29.716666666666665,5.406383,5.306976520252823,0.0994064797471772
29.73333333333333,5.434468,5.3132005821264725,0.12126741787352735
29.75,5.4531913,5.319425558295457,0.13376574170454347
29.766666666666666,5.471915,5.325651301499903,0.14626369850009713
29.78333333333333,5.495319,5.3318776822918785,0.16344131770812176
29.8,5.528085,5.338104614334781,0.18998038566521913
29.816666666666663,5.560851,5.344332140132841,0.21651885986715946
29.83333333333333,5.593617,5.350560147106092,0.24305685289390766
29.85,5.6357446,5.3567885226746705,0.27895607732532923
29.866666666666667,5.6731915,5.363017154258711,0.3101743457412889
29.883333333333333,5.715319,5.369245929278348,0.34607307072165217
29.9,5.757447,5.375474735153719,0.3819722648462811
29.916666666666668,5.7995744,5.381703459304958,0.4178709406950416
29.933333333333334,5.841702,5.387931989152203,0.4537700108477969
29.95,5.8838296,5.394160212115587,0.4896693878844136
29.966666666666665,5.94,5.400388015615247,0.5396119843847531
29.98333333333333,5.9914894,5.406615287071318,0.5848741129286816
30.0,6.033617,5.412841913903937,0.6207750860960628
