time,signal,fit_total,peak_1,peak_2,peak_3,peak_4,peak_5,peak_6,peak_7
0.0,-0.004680851,0.0,0.0,0.0,0.0,0.0,0.0,0.0,0.0
0.0166666666666666,-0.004680851,0.0,0.0,0.0,0.0,0.0,0.0,0.0,0.0
0.0333333333333333,0.0,0.0,0.0,0.0,0.0,0.0,0.0,0.0,0.0
0.05,0.0,0.0,0.0,0.0,0.0,0.0,0.0,0.0,0.0
0.0666666666666666,0.0,0.0,0.0,0.0,0.0,0.0,0.0,0.0,0.0
0.0833333333333333,0.0,0.0,0.0,0.0,0.0,0.0,0.0,0.0,0.0
0.1,0.0,0.0,0.0,0.0,0.0,0.0,0.0,0.0,0.0
0.1166666666666666,0.0,0.0,0.0,0.0,0.0,0.0,0.0,0.0,0.0
0.1333333333333333,0.0,0.0,0.0,0.0,0.0,0.0,0.0,0.0,0.0
0.15,0.0,0.0,0.0,0.0,0.0,0.0,0.0,0.0,0.0
0.1666666666666666,0.0,0.0,0.0,0.0,0.0,0.0,0.0,0.0,0.0
0.1833333333333333,0.0,0.0,0.0,0.0,0.0,0.0,0.0,0.0,0.0
0.2,0.0,0.0,0.0,0.0,0.0,0.0,0.0,0.0,0.0
0.2166666666666666,0.0,0.0,0.0,0.0,0.0,0.0,0.0,0.0,0.0
0.2333333333333333,-0.004680851,0.0,0.0,0.0,0.0,0.0,0.0,0.0,0.0
0.25,-0.004680851,0.0,0.0,0.0,0.0,0.0,0.0,0.0,0.0
0.2666666666666666,-0.004680851,0.0,0.0,0.0,0.0,0.0,0.0,0.0,0.0
0.2833333333333333,-0.004680851,0.0,0.0,0.0,0.0,0.0,0.0,0.0,0.0
0.3,-0.004680851,0.0,0.0,0.0,0.0,0.0,0.0,0.0,0.0
0.3166666666666666,-0.004680851,0.0,0.0,0.0,0.0,0.0,0.0,0.0,0.0
0.3333333333333333,0.0,0.0,0.0,0.0,0.0,0.0,0.0,0.0,0.0
0.35,0.0,0.0,0.0,0.0,0.0,0.0,0.0,0.0,0.0
0.3666666666666666,0.0,0.0,0.0,0.0,0.0,0.0,0.0,0.0,0.0
0.3833333333333333,0.0,0.0,0.0,0.0,0.0,0.0,0.0,0.0,0.0
0.4,0.0,0.0,0.0,0.0,0.0,0.0,0.0,0.0,0.0
0.4166666666666667,-0.004680851,0.0,0.0,0.0,0.0,0.0,0.0,0.0,0.0
0.4333333333333333,-0.004680851,0.0,0.0,0.0,0.0,0.0,0.0,0.0,0.0
0.45,-0.004680851,0.0,0.0,0.0,0.0,0.0,0.0,0.0,0.0
0.4666666666666667,-0.004680851,0.0,0.0,0.0,0.0,0.0,0.0,0.0,0.0
0.4833333333333333,-0.004680851,0.0,0.0,0.0,0.0,0.0,0.0,0.0,0.0
0.5,-0.004680851,0.0,0.0,0.0,0.0,0.0,0.0,0.0,0.0
0.5166666666666667,-0.004680851,0.0,0.0,0.0,0.0,0.0,0.0,0.0,0.0
0.5333333333333333,0.0,0.0,0.0,0.0,0.0,0.0,0.0,0.0,0.0
0.55,0.0,0.0,0.0,0.0,0.0,0.0,0.0,0.0,0.0
0.5666666666666667,0.0,0.0,0.0,0.0,0.0,0.0,0.0,0.0,0.0
0.5833333333333334,0.0,0.0,0.0,0.0,0.0,0.0,0.0,0.0,0.0
0.6,0.0,0.0,0.0,0.0,0.0,0.0,0.0,0.0,0.0
0.6166666666666667,0.0,0.0,0.0,0.0,0.0,0.0,0.0,0.0,0.0
0.6333333333333333,-0.004680851,0.0,0.0,0.0,0.0,0.0,0.0,0.0,0.0
0.65,-0.004680851,0.0,0.0,0.0,0.0,0.0,0.0,0.0,0.0
0.6666666666666666,-0.004680851,0.0,0.0,0.0,0.0,0.0,0.0,0.0,0.0
0.6833333333333333,-0.004680851,0.0,0.0,0.0,0.0,0.0,0.0,0.0,0.0
0.7,-0.004680851,0.0,0.0,0.0,0.0,0.0,0.0,0.0,0.0
0.7166666666666667,-0.004680851,0.0,0.0,0.0,0.0,0.0,0.0,0.0,0.0
0.7333333333333333,-0.004680851,0.0,0.0,0.0,0.0,0.0,0.0,0.0,0.0
0.75,-0.004680851,0.0,0.0,0.0,0.0,0.0,0.0,0.0,0.0
0.7666666666666667,-0.004680851,0.0,0.0,0.0,0.0,0.0,0.0,0.0,0.0
0.7833333333333333,-0.004680851,0.0,0.0,0.0,0.0,0.0,0.0,0.0,0.0
0.8,-0.004680851,0.0,0.0,0.0,0.0,0.0,0.0,0.0,0.0
0.8166666666666667,-0.004680851,0.0,0.0,0.0,0.0,0.0,0.0,0.0,0.0
0.8333333333333334,-0.004680851,0.0,0.0,0.0,0.0,0.0,0.0,0.0,0.0
0.85,-0.004680851,0.0,0.0,0.0,0.0,0.0,0.0,0.0,0.0
0.8666666666666667,-0.004680851,0.0,0.0,0.0,0.0,0.0,0.0,0.0,0.0
0.8833333333333333,-0.004680851,0.0,0.0,0.0,0.0,0.0,0.0,0.0,0.0
0.9,-0.004680851,0.0,0.0,0.0,0.0,0.0,0.0,0.0,0.0
0.9166666666666666,-0.004680851,0.0,0.0,0.0,0.0,0.0,0.0,0.0,0.0
0.9333333333333332,-0.004680851,0.0,0.0,0.0,0.0,0.0,0.0,0.0,0.0
0.95,-0.004680851,0.0,0.0,0.0,0.0,0.0,0.0,0.0,0.0
0.9666666666666668,-0.004680851,0.0,0.0,0.0,0.0,0.0,0.0,0.0,0.0
0.9833333333333332,-0.004680851,0.0,0.0,0.0,0.0,0.0,0.0,0.0,0.0
1.0,-0.004680851,0.0,0.0,0.0,0.0,0.0,0.0,0.0,0.0
1.0166666666666666,-0.004680851,0.0,0.0,0.0,0.0,0.0,0.0,0.0,0.0
1.0333333333333334,-0.004680851,0.0,0.0,0.0,0.0,0.0,0.0,0.0,0.0
1.05,-0.004680851,0.0,0.0,0.0,0.0,0.0,0.0,0.0,0.0
1.0666666666666669,-0.004680851,0.0,0.0,0.0,0.0,0.0,0.0,0.0,0.0
1.0833333333333333,-0.004680851,0.0,0.0,0.0,0.0,0.0,0.0,0.0,0.0
1.1,-0.004680851,0.0,0.0,0.0,0.0,0.0,0.0,0.0,0.0
1.1166666666666667,-0.004680851,0.0,0.0,0.0,0.0,0.0,0.0,0.0,0.0
1.1333333333333333,-0.004680851,0.0,0.0,0.0,0.0,0.0,0.0,0.0,0.0
1.15,-0.004680851,0.0,0.0,0.0,0.0,0.0,0.0,0.0,0.0
1.1666666666666667,-0.004680851,0.0,0.0,0.0,0.0,0.0,0.0,0.0,0.0
1.1833333333333331,-0.004680851,0.0,0.0,0.0,0.0,0.0,0.0,0.0,0.0
1.2,-0.004680851,0.0,0.0,0.0,0.0,0.0,0.0,0.0,0.0
1.2166666666666666,-0.004680851,0.0,0.0,0.0,0.0,0.0,0.0,0.0,0.0
1.2333333333333334,-0.004680851,0.0,0.0,0.0,0.0,0.0,0.0,0.0,0.0
1.25,-0.004680851,0.0,0.0,0.0,0.0,0.0,0.0,0.0,0.0
1.2666666666666666,-0.009361702,0.0,0.0,0.0,0.0,0.0,0.0,0.0,0.0
1.2833333333333334,-0.009361702,0.0,0.0,0.0,0.0,0.0,0.0,0.0,0.0
1.3,-0.009361702,0.0,0.0,0.0,0.0,0.0,0.0,0.0,0.0
1.3166666666666669,-0.009361702,0.0,0.0,0.0,0.0,0.0,0.0,0.0,0.0
1.3333333333333333,-0.009361702,0.0,0.0,0.0,0.0,0.0,0.0,0.0,0.0
1.35,-0.009361702,0.0,0.0,0.0,0.0,0.0,0.0,0.0,0.0
1.3666666666666667,-0.009361702,0.0,0.0,0.0,0.0,0.0,0.0,0.0,0.0
1.3833333333333333,-0.009361702,0.0,0.0,0.0,0.0,0.0,0.0,0.0,0.0
1.4,-0.009361702,0.0,0.0,0.0,0.0,0.0,0.0,0.0,0.0
1.4166666666666667,-0.009361702,0.0,0.0,0.0,0.0,0.0,0.0,0.0,0.0
1.4333333333333331,-0.009361702,0.0,0.0,0.0,0.0,0.0,0.0,0.0,0.0
1.45,-0.009361702,0.0,0.0,0.0,0.0,0.0,0.0,0.0,0.0
1.4666666666666666,-0.009361702,0.0,0.0,0.0,0.0,0.0,0.0,0.0,0.0
1.4833333333333334,-0.009361702,0.0,0.0,0.0,0.0,0.0,0.0,0.0,0.0
1.5,-0.009361702,0.0,0.0,0.0,0.0,0.0,0.0,0.0,0.0
1.5166666666666666,-0.009361702,0.0,0.0,0.0,0.0,0.0,0.0,0.0,0.0
1.5333333333333334,-0.009361702,0.0,0.0,0.0,0.0,0.0,0.0,0.0,0.0
1.55,-0.009361702,0.0,0.0,0.0,0.0,0.0,0.0,0.0,0.0
1.5666666666666669,-0.0140425535,0.0,0.0,0.0,0.0,0.0,0.0,0.0,0.0
1.5833333333333333,-0.0140425535,0.0,0.0,0.0,0.0,0.0,0.0,0.0,0.0
1.6,-0.009361702,0.0,0.0,0.0,0.0,0.0,0.0,0.0,0.0
1.6166666666666667,-0.009361702,0.0,0.0,0.0,0.0,0.0,0.0,0.0,0.0
1.6333333333333333,-0.009361702,0.0,0.0,0.0,0.0,0.0,0.0,0.0,0.0
1.65,-0.009361702,0.0,0.0,0.0,0.0,0.0,0.0,0.0,0.0
1.6666666666666667,-0.009361702,0.0,0.0,0.0,0.0,0.0,0.0,0.0,0.0
1.6833333333333331,-0.009361702,0.0,0.0,0.0,0.0,0.0,0.0,0.0,0.0
1.7,-0.009361702,0.0,0.0,0.0,0.0,0.0,0.0,0.0,0.0
1.7166666666666666,-0.009361702,0.0,0.0,0.0,0.0,0.0,0.0,0.0,0.0
1.7333333333333334,-0.009361702,0.0,0.0,0.0,0.0,0.0,0.0,0.0,0.0
1.75,-0.0140425535,0.0,0.0,0.0,0.0,0.0,0.0,0.0,0.0
1.7666666666666666,-0.0140425535,0.0,0.0,0.0,0.0,0.0,0.0,0.0,0.0
1.7833333333333334,-0.0140425535,0.0,0.0,0.0,0.0,0.0,0.0,0.0,0.0
1.8,-0.0140425535,0.0,0.0,0.0,0.0,0.0,0.0,0.0,0.0
1.8166666666666669,-0.0140425535,0.0,0.0,0.0,0.0,0.0,0.0,0.0,0.0
1.8333333333333333,-0.0140425535,0.0,0.0,0.0,0.0,0.0,0.0,0.0,0.0
1.85,-0.0140425535,0.0,0.0,0.0,0.0,0.0,0.0,0.0,0.0
1.8666666666666667,-0.0140425535,0.0,0.0,0.0,0.0,0.0,0.0,0.0,0.0
1.8833333333333333,-0.0140425535,0.0,0.0,0.0,0.0,0.0,0.0,0.0,0.0
1.9,-0.0140425535,0.0,0.0,0.0,0.0,0.0,0.0,0.0,0.0
1.9166666666666667,-0.0140425535,0.0,0.0,0.0,0.0,0.0,0.0,0.0,0.0
1.9333333333333331,-0.0140425535,0.0,0.0,0.0,0.0,0.0,0.0,0.0,0.0
1.95,-0.0140425535,0.0,0.0,0.0,0.0,0.0,0.0,0.0,0.0
1.9666666666666663,-0.0140425535,0.0,0.0,0.0,0.0,0.0,0.0,0.0,0.0
1.9833333333333332,-0.0140425535,0.0,0.0,0.0,0.0,0.0,0.0,0.0,0.0
2.0,-0.0140425535,0.0,0.0,0.0,0.0,0.0,0.0,0.0,0.0
2.0166666666666666,-0.0140425535,0.0,0.0,0.0,0.0,0.0,0.0,0.0,0.0
2.033333333333333,-0.0140425535,0.0,0.0,0.0,0.0,0.0,0.0,0.0,0.0
2.05,-0.0140425535,0.0,0.0,0.0,0.0,0.0,0.0,0.0,0.0
2.066666666666667,-0.0140425535,0.0,0.0,0.0,0.0,0.0,0.0,0.0,0.0
2.083333333333333,-0.0140425535,0.0,0.0,0.0,0.0,0.0,0.0,0.0,0.0
2.1,-0.0140425535,0.0,0.0,0.0,0.0,0.0,0.0,0.0,0.0
2.1166666666666667,-0.0140425535,0.0,0.0,0.0,0.0,0.0,0.0,0.0,0.0
2.1333333333333333,-0.0140425535,0.0,0.0,0.0,0.0,0.0,0.0,0.0,0.0
2.15,-0.0140425535,0.0,0.0,0.0,0.0,0.0,0.0,0.0,0.0
2.1666666666666665,-0.0140425535,0.0,0.0,0.0,0.0,0.0,0.0,0.0,0.0
2.183333333333333,-0.0140425535,0.0,0.0,0.0,0.0,0.0,0.0,0.0,0.0
2.2,-0.0140425535,0.0,0.0,0.0,0.0,0.0,0.0,0.0,0.0
2.216666666666667,-0.0140425535,0.0,0.0,0.0,0.0,0.0,0.0,0.0,0.0
2.2333333333333334,-0.0140425535,0.0,0.0,0.0,0.0,0.0,0.0,0.0,0.0
2.25,-0.0140425535,0.0,0.0,0.0,0.0,0.0,0.0,0.0,0.0
2.2666666666666666,-0.0140425535,0.0,0.0,0.0,0.0,0.0,0.0,0.0,0.0
2.283333333333333,-0.0140425535,0.0,0.0,0.0,0.0,0.0,0.0,0.0,0.0
2.3,-0.0140425535,0.0,0.0,0.0,0.0,0.0,0.0,0.0,0.0
2.316666666666667,-0.0140425535,0.0,0.0,0.0,0.0,0.0,0.0,0.0,0.0
2.333333333333333,-0.0140425535,0.0,0.0,0.0,0.0,0.0,0.0,0.0,0.0
2.35,-0.0140425535,0.0,0.0,0.0,0.0,0.0,0.0,0.0,0.0
2.3666666666666667,-0.009361702,0.0,0.0,0.0,0.0,0.0,0.0,0.0,0.0
2.3833333333333333,-0.009361702,0.0,0.0,0.0,0.0,0.0,0.0,0.0,0.0
2.4,-0.009361702,0.0,0.0,0.0,0.0,0.0,0.0,0.0,0.0
2.4166666666666665,-0.009361702,0.0,0.0,0.0,0.0,0.0,0.0,0.0,0.0
2.433333333333333,-0.009361702,0.0,0.0,0.0,0.0,0.0,0.0,0.0,0.0
2.45,-0.009361702,0.0,0.0,0.0,0.0,0.0,0.0,0.0,0.0
2.466666666666667,-0.009361702,0.0,0.0,0.0,0.0,0.0,0.0,0.0,0.0
2.4833333333333334,-0.009361702,0.0,0.0,0.0,0.0,0.0,0.0,0.0,0.0
2.5,-0.009361702,0.0,0.0,0.0,0.0,0.0,0.0,0.0,0.0
2.5166666666666666,-0.009361702,0.0,0.0,0.0,0.0,0.0,0.0,0.0,0.0
2.533333333333333,-0.009361702,0.0,0.0,0.0,0.0,0.0,0.0,0.0,0.0
2.55,-0.009361702,0.0,0.0,0.0,0.0,0.0,0.0,0.0,0.0
2.566666666666667,-0.009361702,0.0,0.0,0.0,0.0,0.0,0.0,0.0,0.0
2.583333333333333,-0.009361702,0.0,0.0,0.0,0.0,0.0,0.0,0.0,0.0
2.6,-0.009361702,0.0,0.0,0.0,0.0,0.0,0.0,0.0,0.0
2.6166666666666667,-0.009361702,0.0,0.0,0.0,0.0,0.0,0.0,0.0,0.0
2.6333333333333333,-0.009361702,0.0,0.0,0.0,0.0,0.0,0.0,0.0,0.0
2.65,-0.009361702,0.0,0.0,0.0,0.0,0.0,0.0,0.0,0.0
2.6666666666666665,-0.0140425535,0.0,0.0,0.0,0.0,0.0,0.0,0.0,0.0
2.683333333333333,-0.0140425535,0.0,0.0,0.0,0.0,0.0,0.0,0.0,0.0
2.7,-0.0140425535,0.0,0.0,0.0,0.0,0.0,0.0,0.0,0.0
2.716666666666667,-0.009361702,0.0,0.0,0.0,0.0,0.0,0.0,0.0,0.0
2.7333333333333334,-0.009361702,0.0,0.0,0.0,0.0,0.0,0.0,0.0,0.0
2.75,-0.009361702,0.0,0.0,0.0,0.0,0.0,0.0,0.0,0.0
2.7666666666666666,-0.009361702,0.0,0.0,0.0,0.0,0.0,0.0,0.0,0.0
2.783333333333333,-0.009361702,0.0,0.0,0.0,0.0,0.0,0.0,0.0,0.0
2.8,-0.009361702,0.0,0.0,0.0,0.0,0.0,0.0,0.0,0.0
2.816666666666667,-0.009361702,0.0,0.0,0.0,0.0,0.0,0.0,0.0,0.0
2.833333333333333,-0.009361702,0.0,0.0,0.0,0.0,0.0,0.0,0.0,0.0
2.85,-0.0140425535,0.0,0.0,0.0,0.0,0.0,0.0,0.0,0.0
2.8666666666666667,-0.0140425535,0.0,0.0,0.0,0.0,0.0,0.0,0.0,0.0
2.8833333333333333,-0.0140425535,0.0,0.0,0.0,0.0,0.0,0.0,0.0,0.0
2.9,-0.0140425535,0.0,0.0,0.0,0.0,0.0,0.0,0.0,0.0
2.9166666666666665,-0.0140425535,0.0,0.0,0.0,0.0,0.0,0.0,0.0,0.0
2.933333333333333,-0.0140425535,0.0,0.0,0.0,0.0,0.0,0.0,0.0,0.0
2.95,-0.009361702,0.0,0.0,0.0,0.0,0.0,0.0,0.0,0.0
2.966666666666667,-0.009361702,0.0,0.0,0.0,0.0,0.0,0.0,0.0,0.0
2.9833333333333334,-0.009361702,0.0,0.0,0.0,0.0,0.0,0.0,0.0,0.0
3.0,-0.009361702,0.0,0.0,0.0,0.0,0.0,0.0,0.0,0.0
3.0166666666666666,-0.0140425535,0.0,0.0,0.0,0.0,0.0,0.0,0.0,0.0
3.033333333333333,-0.0140425535,0.0,0.0,0.0,0.0,0.0,0.0,0.0,0.0
3.05,-0.0140425535,0.0,0.0,0.0,0.0,0.0,0.0,0.0,0.0
3.066666666666667,-0.0140425535,0.0,0.0,0.0,0.0,0.0,0.0,0.0,0.0
3.083333333333333,-0.009361702,0.0,0.0,0.0,0.0,0.0,0.0,0.0,0.0
3.1,-0.009361702,0.0,0.0,0.0,0.0,0.0,0.0,0.0,0.0
3.1166666666666667,-0.009361702,0.0,0.0,0.0,0.0,0.0,0.0,0.0,0.0
3.1333333333333333,-0.009361702,0.0,0.0,0.0,0.0,0.0,0.0,0.0,0.0
3.15,-0.009361702,0.0,0.0,0.0,0.0,0.0,0.0,0.0,0.0
3.1666666666666665,-0.009361702,0.0,0.0,0.0,0.0,0.0,0.0,0.0,0.0
3.183333333333333,-0.009361702,0.0,0.0,0.0,0.0,0.0,0.0,0.0,0.0
3.2,-0.009361702,0.0,0.0,0.0,0.0,0.0,0.0,0.0,0.0
3.216666666666667,-0.009361702,0.0,0.0,0.0,0.0,0.0,0.0,0.0,0.0
3.2333333333333334,-0.009361702,0.0,0.0,0.0,0.0,0.0,0.0,0.0,0.0
3.25,-0.009361702,0.0,0.0,0.0,0.0,0.0,0.0,0.0,0.0
3.2666666666666666,-0.009361702,0.0,0.0,0.0,0.0,0.0,0.0,0.0,0.0
3.283333333333333,-0.009361702,0.0,0.0,0.0,0.0,0.0,0.0,0.0,0.0
3.3,-0.009361702,0.0,0.0,0.0,0.0,0.0,0.0,0.0,0.0
3.316666666666667,-0.0140425535,0.0,0.0,0.0,0.0,0.0,0.0,0.0,0.0
3.333333333333333,-0.0140425535,0.0,0.0,0.0,0.0,0.0,0.0,0.0,0.0
3.35,-0.0140425535,0.0,0.0,0.0,0.0,0.0,0.0,0.0,0.0
3.3666666666666667,-0.0140425535,0.0,0.0,0.0,0.0,0.0,0.0,0.0,0.0
3.3833333333333333,-0.0140425535,0.0,0.0,0.0,0.0,0.0,0.0,0.0,0.0
3.4,-0.0140425535,0.0,0.0,0.0,0.0,0.0,0.0,0.0,0.0
3.4166666666666665,-0.0140425535,0.0,0.0,0.0,0.0,0.0,0.0,0.0,0.0
3.433333333333333,-0.0140425535,0.0,0.0,0.0,0.0,0.0,0.0,0.0,0.0
3.45,-0.0140425535,0.0,0.0,0.0,0.0,0.0,0.0,0.0,0.0
3.466666666666667,-0.0140425535,0.0,0.0,0.0,0.0,0.0,0.0,0.0,0.0
3.4833333333333334,-0.0140425535,0.0,0.0,0.0,0.0,0.0,0.0,0.0,0.0
3.5,-0.0140425535,0.0,0.0,0.0,0.0,0.0,0.0,0.0,0.0
3.5166666666666666,-0.0140425535,0.0,0.0,0.0,0.0,0.0,0.0,0.0,0.0
3.533333333333333,-0.0140425535,0.0,0.0,0.0,0.0,0.0,0.0,0.0,0.0
3.55,-0.0140425535,0.0,0.0,0.0,0.0,0.0,0.0,0.0,0.0
3.566666666666667,-0.0140425535,0.0,0.0,0.0,0.0,0.0,0.0,0.0,0.0
3.583333333333333,-0.018723404,0.0,0.0,0.0,0.0,0.0,0.0,0.0,0.0
3.6,-0.0140425535,0.0,0.0,0.0,0.0,0.0,0.0,0.0,0.0
3.6166666666666663,-0.018723404,0.0,0.0,0.0,0.0,0.0,0.0,0.0,0.0
3.633333333333333,-0.018723404,0.0,0.0,0.0,0.0,0.0,0.0,0.0,0.0
3.65,-0.018723404,0.0,0.0,0.0,0.0,0.0,0.0,0.0,0.0
3.6666666666666665,-0.018723404,0.0,0.0,0.0,0.0,0.0,0.0,0.0,0.0
3.683333333333333,-0.018723404,0.0,0.0,0.0,0.0,0.0,0.0,0.0,0.0
3.7,-0.018723404,0.0,0.0,0.0,0.0,0.0,0.0,0.0,0.0
3.716666666666667,-0.018723404,0.0,0.0,0.0,0.0,0.0,0.0,0.0,0.0
3.733333333333333,-0.018723404,0.0,0.0,0.0,0.0,0.0,0.0,0.0,0.0
3.75,-0.018723404,0.0,0.0,0.0,0.0,0.0,0.0,0.0,0.0
3.7666666666666666,-0.018723404,0.0,0.0,0.0,0.0,0.0,0.0,0.0,0.0
3.783333333333333,-0.018723404,0.0,0.0,0.0,0.0,0.0,0.0,0.0,0.0
3.8,-0.018723404,0.0,0.0,0.0,0.0,0.0,0.0,0.0,0.0
3.816666666666667,-0.018723404,0.0,0.0,0.0,0.0,0.0,0.0,0.0,0.0
3.8333333333333335,-0.018723404,0.0,0.0,0.0,0.0,0.0,0.0,0.0,0.0
3.85,-0.0140425535,0.0,0.0,0.0,0.0,0.0,0.0,0.0,0.0
3.8666666666666663,-0.0140425535,0.0,0.0,0.0,0.0,0.0,0.0,0.0,0.0
3.883333333333333,-0.0140425535,0.0,0.0,0.0,0.0,0.0,0.0,0.0,0.0
3.9,-0.0140425535,0.0,0.0,0.0,0.0,0.0,0.0,0.0,0.0
3.9166666666666665,-0.0140425535,0.0,0.0,0.0,0.0,0.0,0.0,0.0,0.0
3.933333333333333,-0.0140425535,0.0,0.0,0.0,0.0,0.0,0.0,0.0,0.0
3.95,-0.0140425535,0.0,0.0,0.0,0.0,0.0,0.0,0.0,0.0
3.966666666666667,-0.0140425535,0.0,0.0,0.0,0.0,0.0,0.0,0.0,0.0
3.983333333333333,-0.0140425535,0.0,0.0,0.0,0.0,0.0,0.0,0.0,0.0
4.0,-0.0140425535,0.0,0.0,0.0,0.0,0.0,0.0,0.0,0.0
4.016666666666667,-0.0140425535,0.0,0.0,0.0,0.0,0.0,0.0,0.0,0.0
4.033333333333333,-0.0140425535,0.0,0.0,0.0,0.0,0.0,0.0,0.0,0.0
4.05,-0.0140425535,0.0,0.0,0.0,0.0,0.0,0.0,0.0,0.0
4.066666666666666,-0.0140425535,0.0,0.0,0.0,0.0,0.0,0.0,0.0,0.0
4.083333333333333,-0.0140425535,0.0,0.0,0.0,0.0,0.0,0.0,0.0,0.0
4.1,-0.0140425535,0.0,0.0,0.0,0.0,0.0,0.0,0.0,0.0
4.116666666666666,-0.0140425535,0.0,0.0,0.0,0.0,0.0,0.0,0.0,0.0
4.133333333333334,-0.0140425535,0.0,0.0,0.0,0.0,0.0,0.0,0.0,0.0
4.15,-0.0140425535,0.0,0.0,0.0,0.0,0.0,0.0,0.0,0.0
4.166666666666667,-0.0140425535,0.0,0.0,0.0,0.0,0.0,0.0,0.0,0.0
4.183333333333334,-0.0140425535,0.0,0.0,0.0,0.0,0.0,0.0,0.0,0.0
4.2,-0.009361702,0.0,0.0,0.0,0.0,0.0,0.0,0.0,0.0
4.216666666666667,-0.009361702,0.0,0.0,0.0,0.0,0.0,0.0,0.0,0.0
4.233333333333333,-0.009361702,0.0,0.0,0.0,0.0,0.0,0.0,0.0,0.0
4.25,-0.009361702,0.0,0.0,0.0,0.0,0.0,0.0,0.0,0.0
4.266666666666667,-0.009361702,0.0,0.0,0.0,0.0,0.0,0.0,0.0,0.0
4.283333333333333,-0.009361702,0.0,0.0,0.0,0.0,0.0,0.0,0.0,0.0
4.3,-0.009361702,0.0,0.0,0.0,0.0,0.0,0.0,0.0,0.0
4.316666666666666,-0.009361702,0.0,0.0,0.0,0.0,0.0,0.0,0.0,0.0
4.333333333333333,-0.009361702,0.0,0.0,0.0,0.0,0.0,0.0,0.0,0.0
4.35,-0.009361702,0.0,0.0,0.0,0.0,0.0,0.0,0.0,0.0
4.366666666666666,-0.009361702,0.0,0.0,0.0,0.0,0.0,0.0,0.0,0.0
4.383333333333334,-0.009361702,0.0,0.0,0.0,0.0,0.0,0.0,0.0,0.0
4.4,-0.009361702,0.0,0.0,0.0,0.0,0.0,0.0,0.0,0.0
4.416666666666667,-0.009361702,0.0,0.0,0.0,0.0,0.0,0.0,0.0,0.0
4.433333333333334,-0.009361702,0.0,0.0,0.0,0.0,0.0,0.0,0.0,0.0
4.45,-0.009361702,0.0,0.0,0.0,0.0,0.0,0.0,0.0,0.0
4.466666666666667,-0.009361702,0.0,0.0,0.0,0.0,0.0,0.0,0.0,0.0
4.483333333333333,-0.009361702,0.0,0.0,0.0,0.0,0.0,0.0,0.0,0.0
4.5,-0.009361702,0.0,0.0,0.0,0.0,0.0,0.0,0.0,0.0
4.516666666666667,-0.009361702,0.0,0.0,0.0,0.0,0.0,0.0,0.0,0.0
4.533333333333333,-0.009361702,0.0,0.0,0.0,0.0,0.0,0.0,0.0,0.0
4.55,-0.009361702,0.0,0.0,0.0,0.0,0.0,0.0,0.0,0.0
4.566666666666666,-0.009361702,0.0,0.0,0.0,0.0,0.0,0.0,0.0,0.0
4.583333333333333,-0.004680851,0.0,0.0,0.0,0.0,0.0,0.0,0.0,0.0
4.6,-0.009361702,0.0,0.0,0.0,0.0,0.0,0.0,0.0,0.0
4.616666666666666,-0.004680851,0.0,0.0,0.0,0.0,0.0,0.0,0.0,0.0
4.633333333333334,-0.004680851,0.0,0.0,0.0,0.0,0.0,0.0,0.0,0.0
4.65,-0.004680851,0.0,0.0,0.0,0.0,0.0,0.0,0.0,0.0
4.666666666666667,-0.004680851,0.0,0.0,0.0,0.0,0.0,0.0,0.0,0.0
4.683333333333334,-0.004680851,0.0,0.0,0.0,0.0,0.0,0.0,0.0,0.0
4.7,-0.004680851,0.0,0.0,0.0,0.0,0.0,0.0,0.0,0.0
4.716666666666667,-0.009361702,0.0,0.0,0.0,0.0,0.0,0.0,0.0,0.0
4.733333333333333,-0.009361702,0.0,0.0,0.0,0.0,0.0,0.0,0.0,0.0
4.75,-0.009361702,0.0,0.0,0.0,0.0,0.0,0.0,0.0,0.0
4.766666666666667,-0.004680851,0.0,0.0,0.0,0.0,0.0,0.0,0.0,0.0
4.783333333333333,-0.004680851,0.0,0.0,0.0,0.0,0.0,0.0,0.0,0.0
4.8,-0.004680851,0.0,0.0,0.0,0.0,0.0,0.0,0.0,0.0
4.816666666666666,-0.004680851,0.0,0.0,0.0,0.0,0.0,0.0,0.0,0.0
4.833333333333333,-0.004680851,0.0,0.0,0.0,0.0,0.0,0.0,0.0,0.0
4.85,-0.004680851,0.0,0.0,0.0,0.0,0.0,0.0,0.0,0.0
4.866666666666666,-0.004680851,0.0,0.0,0.0,0.0,0.0,0.0,0.0,0.0
4.883333333333334,-0.004680851,0.0,0.0,0.0,0.0,0.0,0.0,0.0,0.0
4.9,-0.004680851,0.0,0.0,0.0,0.0,0.0,0.0,0.0,0.0
4.916666666666667,-0.004680851,0.0,0.0,0.0,0.0,0.0,0.0,0.0,0.0
4.933333333333334,-0.004680851,0.0,0.0,0.0,0.0,0.0,0.0,0.0,0.0
4.95,-0.004680851,0.0,0.0,0.0,0.0,0.0,0.0,0.0,0.0
4.966666666666667,-0.004680851,0.0,0.0,0.0,0.0,0.0,0.0,0.0,0.0
4.983333333333333,-0.004680851,0.0,0.0,0.0,0.0,0.0,0.0,0.0,0.0
5.0,-0.004680851,0.0,0.0,0.0,0.0,0.0,0.0,0.0,0.0
5.016666666666667,0.0,0.0,0.0,0.0,0.0,0.0,0.0,0.0,0.0
5.033333333333333,0.0,0.0,0.0,0.0,0.0,0.0,0.0,0.0,0.0
5.05,-0.004680851,0.0,0.0,0.0,0.0,0.0,0.0,0.0,0.0
5.066666666666666,-0.004680851,0.0,0.0,0.0,0.0,0.0,0.0,0.0,0.0
5.083333333333333,-0.004680851,0.0,0.0,0.0,0.0,0.0,0.0,0.0,0.0
5.1,-0.004680851,0.0,0.0,0.0,0.0,0.0,0.0,0.0,0.0
5.116666666666666,-0.004680851,0.0,0.0,0.0,0.0,0.0,0.0,0.0,0.0
5.133333333333334,-0.004680851,0.0,0.0,0.0,0.0,0.0,0.0,0.0,0.0
5.15,-0.004680851,0.0,0.0,0.0,0.0,0.0,0.0,0.0,0.0
5.166666666666667,-0.004680851,0.0,0.0,0.0,0.0,0.0,0.0,0.0,0.0
5.183333333333334,-0.004680851,0.0,0.0,0.0,0.0,0.0,0.0,0.0,0.0
5.2,0.0,0.0,0.0,0.0,0.0,0.0,0.0,0.0,0.0
5.216666666666667,0.0,0.0,0.0,0.0,0.0,0.0,0.0,0.0,0.0
5.233333333333333,0.0,0.0,0.0,0.0,0.0,0.0,0.0,0.0,0.0
5.25,0.0,0.0,0.0,0.0,0.0,0.0,0.0,0.0,0.0
5.266666666666667,-0.004680851,0.0,0.0,0.0,0.0,0.0,0.0,0.0,0.0
5.283333333333333,-0.004680851,0.0,0.0,0.0,0.0,0.0,0.0,0.0,0.0
5.3,0.0,0.0,0.0,0.0,0.0,0.0,0.0,0.0,0.0
5.316666666666666,0.0,0.0,0.0,0.0,0.0,0.0,0.0,0.0,0.0
5.333333333333333,0.0,0.0,0.0,0.0,0.0,0.0,0.0,0.0,0.0
5.35,0.0,0.0,0.0,0.0,0.0,0.0,0.0,0.0,0.0
5.366666666666666,0.0,0.0,0.0,0.0,0.0,0.0,0.0,0.0,0.0
5.383333333333334,0.0,0.0,0.0,0.0,0.0,0.0,0.0,0.0,0.0
5.4,0.0,0.0,0.0,0.0,0.0,0.0,0.0,0.0,0.0
5.416666666666667,0.0,0.0,0.0,0.0,0.0,0.0,0.0,0.0,0.0
5.433333333333334,0.0,0.0,0.0,0.0,0.0,0.0,0.0,0.0,0.0
5.45,0.0,0.0,0.0,0.0,0.0,0.0,0.0,0.0,0.0
5.466666666666667,0.0,0.0,0.0,0.0,0.0,0.0,0.0,0.0,0.0
5.483333333333333,0.0,0.0,0.0,0.0,0.0,0.0,0.0,0.0,0.0
5.5,0.0,0.0,0.0,0.0,0.0,0.0,0.0,0.0,0.0
5.516666666666667,0.0,0.0,0.0,0.0,0.0,0.0,0.0,0.0,0.0
5.533333333333333,0.0,0.0,0.0,0.0,0.0,0.0,0.0,0.0,0.0
5.55,0.0,0.0,0.0,0.0,0.0,0.0,0.0,0.0,0.0
5.566666666666666,0.0,0.0,0.0,0.0,0.0,0.0,0.0,0.0,0.0
5.583333333333333,0.0,0.0,0.0,0.0,0.0,0.0,0.0,0.0,0.0
5.6,0.0,0.0,0.0,0.0,0.0,0.0,0.0,0.0,0.0
5.616666666666666,0.0,0.0,0.0,0.0,0.0,0.0,0.0,0.0,0.0
5.633333333333334,0.0,0.0,0.0,0.0,0.0,0.0,0.0,0.0,0.0
5.65,0.0,0.0,0.0,0.0,0.0,0.0,0.0,0.0,0.0
5.666666666666667,0.0,0.0,0.0,0.0,0.0,0.0,0.0,0.0,0.0
5.683333333333334,0.0,0.0,0.0,0.0,0.0,0.0,0.0,0.0,0.0
5.7,0.0,0.0,0.0,0.0,0.0,0.0,0.0,0.0,0.0
5.716666666666667,0.0,0.0,0.0,0.0,0.0,0.0,0.0,0.0,0.0
5.733333333333333,0.0,0.0,0.0,0.0,0.0,0.0,0.0,0.0,0.0
5.75,0.0,0.0,0.0,0.0,0.0,0.0,0.0,0.0,0.0
5.766666666666667,0.0,0.0,0.0,0.0,0.0,0.0,0.0,0.0,0.0
5.783333333333333,0.0,0.0,0.0,0.0,0.0,0.0,0.0,0.0,0.0
5.8,0.0,0.0,0.0,0.0,0.0,0.0,0.0,0.0,0.0
5.816666666666666,-0.004680851,0.0,0.0,0.0,0.0,0.0,0.0,0.0,0.0
5.833333333333333,-0.004680851,0.0,0.0,0.0,0.0,0.0,0.0,0.0,0.0
5.85,-0.004680851,0.0,0.0,0.0,0.0,0.0,0.0,0.0,0.0
5.866666666666666,-0.004680851,0.0,0.0,0.0,0.0,0.0,0.0,0.0,0.0
5.883333333333334,-0.004680851,0.0,0.0,0.0,0.0,0.0,0.0,0.0,0.0
5.9,0.0,0.0,0.0,0.0,0.0,0.0,0.0,0.0,0.0
5.916666666666667,0.0,0.0,0.0,0.0,0.0,0.0,0.0,0.0,0.0
5.933333333333334,0.0,0.0,0.0,0.0,0.0,0.0,0.0,0.0,0.0
5.95,0.0,0.0,0.0,0.0,0.0,0.0,0.0,0.0,0.0
5.966666666666667,0.0,0.0,0.0,0.0,0.0,0.0,0.0,0.0,0.0
5.983333333333333,-0.004680851,0.0,0.0,0.0,0.0,0.0,0.0,0.0,0.0
6.0,-0.004680851,0.0,0.0,0.0,0.0,0.0,0.0,0.0,0.0
6.016666666666667,-0.004680851,0.0,0.0,0.0,0.0,0.0,0.0,0.0,0.0
6.033333333333333,-0.004680851,0.0,0.0,0.0,0.0,0.0,0.0,0.0,0.0
6.05,0.0,0.0,0.0,0.0,0.0,0.0,0.0,0.0,0.0
6.066666666666666,0.0,0.0,0.0,0.0,0.0,0.0,0.0,0.0,0.0
6.083333333333333,0.0,0.0,0.0,0.0,0.0,0.0,0.0,0.0,0.0
6.1,0.0,0.0,0.0,0.0,0.0,0.0,0.0,0.0,0.0
6.116666666666666,0.0,0.0,0.0,0.0,0.0,0.0,0.0,0.0,0.0
6.133333333333334,0.0,0.0,0.0,0.0,0.0,0.0,0.0,0.0,0.0
6.15,0.0,0.0,0.0,0.0,0.0,0.0,0.0,0.0,0.0
6.166666666666667,0.0,0.0,0.0,0.0,0.0,0.0,0.0,0.0,0.0
6.183333333333334,-0.004680851,0.0,0.0,0.0,0.0,0.0,0.0,0.0,0.0
6.2,-0.004680851,0.0,0.0,0.0,0.0,0.0,0.0,0.0,0.0
6.216666666666667,-0.004680851,0.0,0.0,0.0,0.0,0.0,0.0,0.0,0.0
6.233333333333333,-0.004680851,0.0,0.0,0.0,0.0,0.0,0.0,0.0,0.0
6.25,0.0,0.0,0.0,0.0,0.0,0.0,0.0,0.0,0.0
6.266666666666667,0.0,0.0,0.0,0.0,0.0,0.0,0.0,0.0,0.0
6.283333333333333,-0.004680851,0.0,0.0,0.0,0.0,0.0,0.0,0.0,0.0
6.3,-0.004680851,0.0,0.0,0.0,0.0,0.0,0.0,0.0,0.0
6.316666666666666,-0.004680851,0.0,0.0,0.0,0.0,0.0,0.0,0.0,0.0
6.333333333333333,-0.004680851,0.0,0.0,0.0,0.0,0.0,0.0,0.0,0.0
6.35,-0.004680851,0.0,0.0,0.0,0.0,0.0,0.0,0.0,0.0
6.366666666666666,-0.004680851,0.0,0.0,0.0,0.0,0.0,0.0,0.0,0.0
6.383333333333334,-0.004680851,0.0,0.0,0.0,0.0,0.0,0.0,0.0,0.0
6.4,-0.004680851,0.0,0.0,0.0,0.0,0.0,0.0,0.0,0.0
6.416666666666667,-0.004680851,0.0,0.0,0.0,0.0,0.0,0.0,0.0,0.0
6.433333333333334,-0.004680851,0.0,0.0,0.0,0.0,0.0,0.0,0.0,0.0
6.45,-0.004680851,0.0,0.0,0.0,0.0,0.0,0.0,0.0,0.0
6.466666666666667,-0.004680851,0.0,0.0,0.0,0.0,0.0,0.0,0.0,0.0
6.483333333333333,-0.004680851,0.0,0.0,0.0,0.0,0.0,0.0,0.0,0.0
6.5,-0.004680851,0.0,0.0,0.0,0.0,0.0,0.0,0.0,0.0
6.516666666666667,-0.004680851,0.0,0.0,0.0,0.0,0.0,0.0,0.0,0.0
6.533333333333333,-0.004680851,0.0,0.0,0.0,0.0,0.0,0.0,0.0,0.0
6.55,-0.004680851,0.0,0.0,0.0,0.0,0.0,0.0,0.0,0.0
6.566666666666666,-0.004680851,0.0,0.0,0.0,0.0,0.0,0.0,0.0,0.0
6.583333333333333,-0.004680851,0.0,0.0,0.0,0.0,0.0,0.0,0.0,0.0
6.6,-0.004680851,0.0,0.0,0.0,0.0,0.0,0.0,0.0,0.0
6.616666666666666,-0.004680851,0.0,0.0,0.0,0.0,0.0,0.0,0.0,0.0
6.633333333333334,-0.004680851,0.0,0.0,0.0,0.0,0.0,0.0,0.0,0.0
6.65,-0.004680851,0.0,0.0,0.0,0.0,0.0,0.0,0.0,0.0
6.666666666666667,-0.004680851,0.0,0.0,0.0,0.0,0.0,0.0,0.0,0.0
6.683333333333334,-0.009361702,0.0,0.0,0.0,0.0,0.0,0.0,0.0,0.0
6.7,-0.009361702,0.0,0.0,0.0,0.0,0.0,0.0,0.0,0.0
6.716666666666667,-0.009361702,0.0,0.0,0.0,0.0,0.0,0.0,0.0,0.0
6.733333333333333,-0.009361702,0.0,0.0,0.0,0.0,0.0,0.0,0.0,0.0
6.75,-0.009361702,0.0,0.0,0.0,0.0,0.0,0.0,0.0,0.0
6.766666666666667,-0.009361702,0.0,0.0,0.0,0.0,0.0,0.0,0.0,0.0
6.783333333333333,-0.009361702,0.0,0.0,0.0,0.0,0.0,0.0,0.0,0.0
6.8,-0.009361702,0.0,0.0,0.0,0.0,0.0,0.0,0.0,0.0
6.816666666666666,-0.009361702,0.0,0.0,0.0,0.0,0.0,0.0,0.0,0.0
6.833333333333333,-0.009361702,0.0,0.0,0.0,0.0,0.0,0.0,0.0,0.0
6.85,-0.004680851,0.0,0.0,0.0,0.0,0.0,0.0,0.0,0.0
6.866666666666666,-0.004680851,0.0,0.0,0.0,0.0,0.0,0.0,0.0,0.0
6.883333333333334,-0.004680851,0.0,0.0,0.0,0.0,0.0,0.0,0.0,0.0
6.9,-0.004680851,0.0,0.0,0.0,0.0,0.0,0.0,0.0,0.0
6.916666666666667,-0.004680851,0.0,0.0,0.0,0.0,0.0,0.0,0.0,0.0
6.933333333333334,-0.004680851,0.0,0.0,0.0,0.0,0.0,0.0,0.0,0.0
6.95,-0.004680851,0.0,0.0,0.0,0.0,0.0,0.0,0.0,0.0
6.966666666666667,-0.004680851,0.0,0.0,0.0,0.0,0.0,0.0,0.0,0.0
6.983333333333333,-0.004680851,0.0,0.0,0.0,0.0,0.0,0.0,0.0,0.0
7.0,-0.004680851,0.0,0.0,0.0,0.0,0.0,0.0,0.0,0.0
7.016666666666667,0.0,0.0,0.0,0.0,0.0,0.0,0.0,0.0,0.0
7.033333333333333,0.0,0.0,0.0,0.0,0.0,0.0,0.0,0.0,0.0
7.05,0.0,0.0,0.0,0.0,0.0,0.0,0.0,0.0,0.0
7.066666666666666,0.004680851,0.0,0.0,0.0,0.0,0.0,0.0,0.0,0.0
7.083333333333333,0.004680851,0.0,0.0,0.0,0.0,0.0,0.0,0.0,0.0
7.1,0.009361702,0.0,0.0,0.0,0.0,0.0,0.0,0.0,0.0
7.116666666666666,0.0140425535,0.0,0.0,0.0,0.0,0.0,0.0,0.0,0.0
7.133333333333334,0.018723404,0.0,0.0,0.0,0.0,0.0,0.0,0.0,0.0
7.15,0.0140425535,0.0,0.0,0.0,0.0,0.0,0.0,0.0,0.0
7.166666666666667,0.0,0.0,0.0,0.0,0.0,0.0,0.0,0.0,0.0
7.183333333333334,-0.04680851,0.0,0.0,0.0,0.0,0.0,0.0,0.0,0.0
7.2,-0.13574468,0.0,0.0,0.0,0.0,0.0,0.0,0.0,0.0
7.216666666666667,-0.30893618,0.0,0.0,0.0,0.0,0.0,0.0,0.0,0.0
7.233333333333333,-0.6038298,0.0,0.0,0.0,0.0,0.0,0.0,0.0,0.0
7.25,-1.0485107,0.0,0.0,0.0,0.0,0.0,0.0,0.0,0.0
7.266666666666667,-1.6570213,0.0,0.0,0.0,0.0,0.0,0.0,0.0,0.0
7.283333333333333,-2.42,0.0,0.0,0.0,0.0,0.0,0.0,0.0,0.0
7.3,-3.2812765,0.0,0.0,0.0,0.0,0.0,0.0,0.0,0.0
7.316666666666666,-4.1659575,0.0,0.0,0.0,0.0,0.0,0.0,0.0,0.0
7.333333333333333,-4.989787,0.0,0.0,0.0,0.0,0.0,0.0,0.0,0.0
7.35,-5.66383,0.0,0.0,0.0,0.0,0.0,0.0,0.0,0.0
7.366666666666666,-6.1225533,0.0,0.0,0.0,0.0,0.0,0.0,0.0,0.0
7.383333333333334,-6.3285108,0.0,0.0,0.0,0.0,0.0,0.0,0.0,0.0
7.4,-6.291064,0.0,0.0,0.0,0.0,0.0,0.0,0.0,0.0
7.416666666666667,-6.0242553,0.0,0.0,0.0,0.0,0.0,0.0,0.0,0.0
7.433333333333334,-5.584255,0.0,0.0,0.0,0.0,0.0,0.0,0.0,0.0
7.45,-5.022553,0.0,0.0,0.0,0.0,0.0,0.0,0.0,0.0
7.466666666666667,-4.4,0.0,0.0,0.0,0.0,0.0,0.0,0.0,0.0
7.483333333333333,-3.7587233,0.0,0.0,0.0,0.0,0.0,0.0,0.0,0.0
7.5,-3.1361701,0.0,0.0,0.0,0.0,0.0,0.0,0.0,0.0
7.516666666666667,-2.5604255,0.0,0.0,0.0,0.0,0.0,0.0,0.0,0.0
7.533333333333333,-2.045532,0.0,0.0,0.0,0.0,0.0,0.0,0.0,0.0
7.55,-1.6055319,0.0,0.0,0.0,0.0,0.0,0.0,0.0,0.0
7.566666666666666,-1.2404255,0.0,0.0,0.0,0.0,0.0,0.0,0.0,0.0
7.583333333333333,-0.9361702,0.0,0.0,0.0,0.0,0.0,0.0,0.0,0.0
7.6,-0.6974468,0.0,0.0,0.0,0.0,0.0,0.0,0.0,0.0
7.616666666666666,-0.5055319,0.0,0.0,0.0,0.0,0.0,0.0,0.0,0.0
7.633333333333334,-0.3557447,0.0,0.0,0.0,0.0,0.0,0.0,0.0,0.0
7.65,-0.2387234,0.0,0.0,0.0,0.0,0.0,0.0,0.0,0.0
7.666666666666667,-0.14510638,0.0,0.0,0.0,0.0,0.0,0.0,0.0,0.0
7.683333333333334,-0.07021277,0.0,0.0,0.0,0.0,0.0,0.0,0.0,0.0
7.7,-0.009361702,0.0,0.0,0.0,0.0,0.0,0.0,0.0,0.0
7.716666666666667,0.037446808,0.0,0.0,0.0,0.0,0.0,0.0,0.0,0.0
7.733333333333333,0.079574466,0.0,0.0,0.0,0.0,0.0,0.0,0.0,0.0
7.75,0.11234043,0.0,0.0,0.0,0.0,0.0,0.0,0.0,0.0
7.766666666666667,0.14510638,0.0,0.0,0.0,0.0,0.0,0.0,0.0,0.0
7.783333333333333,0.17319149,0.0,0.0,0.0,0.0,0.0,0.0,0.0,0.0
7.8,0.2012766,0.0,0.0,0.0,0.0,0.0,0.0,0.0,0.0
7.816666666666666,0.2293617,0.0,0.0,0.0,0.0,0.0,0.0,0.0,0.0
7.833333333333333,0.2574468,0.0,0.0,0.0,0.0,0.0,0.0,0.0,0.0
7.85,0.28085107,0.0,0.0,0.0,0.0,0.0,0.0,0.0,0.0
7.866666666666666,0.29957446,0.0,0.0,0.0,0.0,0.0,0.0,0.0,0.0
7.883333333333334,0.3229787,0.0,0.0,0.0,0.0,0.0,0.0,0.0,0.0
7.9,0.34170213,6.068878447116596e-08,6.068878447116596e-08,0.0,0.0,0.0,0.0,0.0,0.0
7.916666666666667,0.3557447,7.659266330058714e-06,7.659266330058714e-06,0.0,0.0,0.0,0.0,0.0,0.0
7.933333333333334,0.36510637,9.225975690244527e-05,9.225975690244527e-05,0.0,0.0,0.0,0.0,0.0,0.0
7.95,0.3744681,0.00047878962430710214,0.00047878962430710214,0.0,0.0,0.0,0.0,0.0,0.0
7.966666666666667,0.37914893,0.001603788770018029,0.001603788770018029,0.0,0.0,0.0,0.0,0.0,0.0
7.983333333333333,0.38382977,0.004105122525728384,0.004105122525728384,0.0,0.0,0.0,0.0,0.0,0.0
8.0,0.37914893,0.008757275419481276,0.008757275419481276,0.0,0.0,0.0,0.0,0.0,0.0
8.016666666666667,0.3744681,0.01637700551671039,0.01637700551671039,0.0,0.0,0.0,0.0,0.0,0.0
8.033333333333333,0.36978722,0.02772332781595939,0.02772332781595939,0.0,0.0,0.0,0.0,0.0,0.0
8.05,0.36042553,0.043409680687903233,0.043409680687903233,0.0,0.0,0.0,0.0,0.0,0.0
8.066666666666666,0.3557447,0.06383891827722385,0.06383891827722385,0.0,0.0,0.0,0.0,0.0,0.0
8.083333333333334,0.34638298,0.08916542542461456,0.08916542542461456,0.0,0.0,0.0,0.0,0.0,0.0
8.1,0.34638298,0.11928389547578976,0.11928389547578976,0.0,0.0,0.0,0.0,0.0,0.0
8.116666666666667,0.34638298,0.1538412241103913,0.1538412241103913,0.0,0.0,0.0,0.0,0.0,0.0
8.133333333333333,0.34638298,0.19226632923367823,0.19226632923367823,0.0,0.0,0.0,0.0,0.0,0.0
8.15,0.3557447,0.23381217368879495,0.23381217368879495,0.0,0.0,0.0,0.0,0.0,0.0
8.166666666666666,0.36978722,0.2776045038204799,0.2776045038204799,0.0,0.0,0.0,0.0,0.0,0.0
8.183333333333334,0.38851064,0.32269252619987865,0.32269252619987865,0.0,0.0,0.0,0.0,0.0,0.0
8.2,0.40723404,0.36809769261559167,0.36809769261559167,0.0,0.0,0.0,0.0,0.0,0.0
8.216666666666667,0.43531916,0.41285777863048595,0.41285777863048595,0.0,0.0,0.0,0.0,0.0,0.0
8.233333333333333,0.4680851,0.45606440871109,0.45606440871109,0.0,0.0,0.0,0.0,0.0,0.0
8.25,0.50085104,0.49689303202709456,0.49689303202709456,0.0,0.0,0.0,0.0,0.0,0.0
8.266666666666667,0.533617,0.5346250531509987,0.5346250531509987,0.0,0.0,0.0,0.0,0.0,0.0
8.283333333333333,0.56638294,0.5686623615375,0.5686623615375,0.0,0.0,0.0,0.0,0.0,0.0
8.3,0.59446806,0.5985348897641789,0.5985348897641789,0.0,0.0,0.0,0.0,0.0,0.0
8.316666666666666,0.62255317,0.6239020798918579,0.6239020798918579,0.0,0.0,0.0,0.0,0.0,0.0
8.333333333333334,0.6459574,0.6445492717536179,0.6445492717536179,0.0,0.0,0.0,0.0,0.0,0.0
8.35,0.65999997,0.6603800698119905,0.6603800698119905,0.0,0.0,0.0,0.0,0.0,0.0
8.366666666666667,0.6740425,0.6714057189485839,0.6714057189485839,0.0,0.0,0.0,0.0,0.0,0.0
8.383333333333333,0.6787234,0.6777324444945944,0.6777324444945944,0.0,0.0,0.0,0.0,0.0,0.0
8.4,0.68340427,0.679547605388287,0.679547605388287,0.0,0.0,0.0,0.0,0.0,0.0
8.416666666666666,0.6787234,0.6771053858052943,0.6771053858052943,0.0,0.0,0.0,0.0,0.0,0.0
8.433333333333334,0.6693617,0.6707126210989612,0.6707126210989612,0.0,0.0,0.0,0.0,0.0,0.0
8.45,0.65999997,0.6607152267180081,0.6607152267180081,0.0,0.0,0.0,0.0,0.0,0.0
8.466666666666667,0.6459574,0.6474855797670794,0.6474855797670794,0.0,0.0,0.0,0.0,0.0,0.0
8.483333333333333,0.6319149,0.6314110957996388,0.6314110957996388,0.0,0.0,0.0,0.0,0.0,0.0
8.5,0.6085106,0.6128841503721487,0.6128841503721487,0.0,0.0,0.0,0.0,0.0,0.0
8.516666666666667,0.58978724,0.592293416644503,0.592293416644503,0.0,0.0,0.0,0.0,0.0,0.0
8.533333333333333,0.5710638,0.570016626730002,0.570016626730002,0.0,0.0,0.0,0.0,0.0,0.0
8.55,0.5476596,0.5464147147562226,0.5464147147562226,0.0,0.0,0.0,0.0,0.0,0.0
8.566666666666666,0.52425534,0.5218272624388743,0.5218272624388743,0.0,0.0,0.0,0.0,0.0,0.0
8.583333333333334,0.50085104,0.4965691418901564,0.4965691418901564,0.0,0.0,0.0,0.0,0.0,0.0
8.6,0.4774468,0.4709282337743803,0.4709282337743803,0.0,0.0,0.0,0.0,0.0,0.0
8.616666666666667,0.4587234,0.44516409018151126,0.44516409018151126,0.0,0.0,0.0,0.0,0.0,0.0
8.633333333333333,0.43531916,0.4195074091869268,0.4195074091869268,0.0,0.0,0.0,0.0,0.0,0.0
8.65,0.41659573,0.39416019060058294,0.39416019060058294,0.0,0.0,0.0,0.0,0.0,0.0
8.666666666666666,0.3931915,0.3692964486341338,0.3692964486341338,0.0,0.0,0.0,0.0,0.0,0.0
8.683333333333334,0.37914893,0.34506336604890325,0.34506336604890325,0.0,0.0,0.0,0.0,0.0,0.0
8.7,0.36042553,0.32158278487974695,0.32158278487974695,0.0,0.0,0.0,0.0,0.0,0.0
8.716666666666667,0.34638298,0.29895294030852076,0.29895294030852076,0.0,0.0,0.0,0.0,0.0,0.0
8.733333333333333,0.33234042,0.2772503560862513,0.2772503560862513,0.0,0.0,0.0,0.0,0.0,0.0
8.75,0.31829786,0.2565318316084418,0.2565318316084418,0.0,0.0,0.0,0.0,0.0,0.0
8.766666666666667,0.30893618,0.2368364619855698,0.2368364619855698,0.0,0.0,0.0,0.0,0.0,0.0
8.783333333333333,0.29489362,0.21818764297266383,0.21818764297266383,0.0,0.0,0.0,0.0,0.0,0.0
8.8,0.2855319,0.2005950222649433,0.2005950222649433,0.0,0.0,0.0,0.0,0.0,0.0
8.816666666666666,0.28085107,0.18405636733591252,0.18405636733591252,0.0,0.0,0.0,0.0,0.0,0.0
8.833333333333334,0.27148935,0.1685593276500306,0.1685593276500306,0.0,0.0,0.0,0.0,0.0,0.0
8.85,0.2668085,0.15408307572667587,0.15408307572667587,0.0,0.0,0.0,0.0,0.0,0.0
8.866666666666667,0.26212767,0.1405998171990432,0.1405998171990432,0.0,0.0,0.0,0.0,0.0,0.0
8.883333333333333,0.2574468,0.12807616475779565,0.12807616475779565,0.0,0.0,0.0,0.0,0.0,0.0
8.9,0.2574468,0.11647437476566752,0.11647437476566752,0.0,0.0,0.0,0.0,0.0,0.0
8.916666666666666,0.25276595,0.10575344845668803,0.10575344845668803,0.0,0.0,0.0,0.0,0.0,0.0
8.933333333333334,0.25276595,0.09587010207631737,0.09587010207631737,0.0,0.0,0.0,0.0,0.0,0.0
8.95,0.25276595,0.08677961216191138,0.08677961216191138,0.0,0.0,0.0,0.0,0.0,0.0
8.966666666666667,0.25276595,0.07843654348873098,0.07843654348873098,0.0,0.0,0.0,0.0,0.0,0.0
8.983333333333333,0.2574468,0.07079536809370435,0.07079536809370435,0.0,0.0,0.0,0.0,0.0,0.0
9.0,0.26212767,0.06381098430955631,0.06381098430955631,0.0,0.0,0.0,0.0,0.0,0.0
9.016666666666667,0.27148935,0.05744839942961931,0.05743914496197386,9.254467645448842e-06,0.0,0.0,0.0,0.0,0.0
9.033333333333331,0.2855319,0.05681023045374186,0.051636803861070966,0.005173426592670892,0.0,0.0,0.0,0.0,0.0
9.05,0.30893618,0.07693363351317256,0.046362389507830344,0.030571244005342224,0.0,0.0,0.0,0.0,0.0
9.066666666666666,0.34170213,0.12611147465332204,0.041576014581671504,0.08453546007165054,0.0,0.0,0.0,0.0,0.0
9.083333333333334,0.38851064,0.20539318733079362,0.03723962931559353,0.1681535580152001,0.0,0.0,0.0,0.0,0.0
9.1,0.4493617,0.31127844528617693,0.03331712633344688,0.2779613189527301,0.0,0.0,0.0,0.0,0.0
9.116666666666667,0.52425534,0.4377882825362634,0.029774403946810038,0.40801387858945337,0.0,0.0,0.0,0.0,0.0
9.133333333333333,0.61787236,0.577929811714523,0.02657939430925424,0.5513504174052687,0.0,0.0,0.0,0.0,0.0
9.15,0.72553194,0.7246734291949903,0.023702062221167164,0.7009713669738231,0.0,0.0,0.0,0.0,0.0
9.166666666666666,0.847234,0.8715615144641649,0.02111437978299302,0.8504471346811718,0.0,0.0,0.0,0.0,0.0
9.183333333333334,0.9782979,1.0130490709685487,0.018790281519335844,0.9942587894492129,0.0,0.0,0.0,0.0,0.0
9.2,1.1093616,1.144656006955417,0.016705604048880638,1.1279504029065364,0.0,0.0,0.0,0.0,0.0
9.216666666666669,1.2357447,1.262992149488693,0.014838013860942802,1.2481541356277503,0.0,0.0,0.0,0.0,0.0
9.233333333333333,1.348085,1.3657006371500393,0.013166926282300042,1.3525337108677393,0.0,0.0,0.0,0.0,0.0
9.25,1.446383,1.451353001333715,0.011673418279665167,1.4396795830540499,0.0,0.0,0.0,0.0,0.0
9.266666666666667,1.5212766,1.5193196396561452,0.01034013734446743,1.5089795023116779,0.0,0.0,0.0,0.0,0.0
9.283333333333331,1.5774468,1.5696320483080721,0.009151208347086574,1.5604808399609855,0.0,0.0,0.0,0.0,0.0
9.3,1.6102128,1.6028476744394426,0.008092139926296182,1.5947555345131466,0.0,0.0,0.0,0.0,0.0
9.316666666666666,1.6242553,1.6199241907814053,0.0071497316946709105,1.6127744590867343,0.0,0.0,0.0,0.0,0.0
9.333333333333334,1.6195744,1.6221070608932953,0.006311983290015943,1.6157950776032792,0.0,0.0,0.0,0.0,0.0
9.35,1.600851,1.610832192205192,0.005568006084160165,1.605264186121032,0.0,0.0,0.0,0.0,0.0
9.366666666666667,1.572766,1.587644055229704,0.004907938171155095,1.5827361170585488,0.0,0.0,0.0,0.0,0.0
9.383333333333333,1.5353191,1.5541287150080587,0.004322863094521764,1.549805851913537,0.0,0.0,0.0,0.0,0.0
9.4,1.4931915,1.5118606456146306,0.003804732635088718,1.508055912979542,0.0,0.0,0.0,0.0,0.0
9.416666666666666,1.446383,1.4623618805478626,0.00334629386469511,1.4590155866831676,0.0,0.0,0.0,0.0,0.0
9.433333333333334,1.3948936,1.4070719149392323,0.0029410205741801847,1.4041308943650521,0.0,0.0,0.0,0.0,0.0
9.45,1.3434043,1.3473267623062817,0.0025830491043985783,1.3447437132018831,0.0,0.0,0.0,0.0,0.0
9.466666666666669,1.2919148,1.284345636328951,0.002267118544363685,1.2820785177845873,0.0,0.0,0.0,0.0,0.0
9.483333333333333,1.2404255,1.2192238455059379,0.001988515209091239,1.2172353302968466,0.0,0.0,0.0,0.0,0.0
9.5,1.1889361,1.15293063297647,0.0017430212694951647,1.1511876117069748,0.0,0.0,0.0,0.0,0.0
9.516666666666667,1.1327659,1.0863108493789697,0.001526867376173574,1.0847839820027962,0.0,0.0,0.0,0.0,0.0
9.533333333333331,1.0812765,1.0200895024938843,0.001336689096643408,1.018752813397241,0.0,0.0,0.0,0.0,0.0
9.55,1.034468,0.9548783764672727,0.0011694869702530337,0.9537088894970197,0.0,0.0,0.0,0.0,0.0
9.566666666666666,0.9829787,0.8911840512640982,0.0010225899754610932,0.890161461288637,0.0,0.0,0.0,0.0,0.0
9.583333333333334,0.93148935,0.8294167772712796,0.0008936221994063149,0.8285231550718732,0.0,0.0,0.0,0.0,0.0
9.6,0.88468087,0.7698997696797413,0.0007804724988254482,0.7691192971809159,0.0,0.0,0.0,0.0,0.0
9.616666666666667,0.8378723,0.7128785823974594,0.0006812669436284365,0.7121973154538309,0.0,0.0,0.0,0.0,0.0
9.633333333333333,0.79106385,0.658530302396591,0.0005943438391569841,0.657935958557434,0.0,0.0,0.0,0.0,0.0
9.65,0.7442553,0.6069723735779929,0.0005182311297624278,0.6064541424482305,0.0,0.0,0.0,0.0,0.0
9.666666666666666,0.7068085,0.5582709156677176,0.00045162599436468124,0.5578192896733529,0.0,0.0,0.0,0.0,0.0
9.683333333333334,0.66468084,0.5124484496533976,0.0003933764536884026,0.5120550731997092,0.0,0.0,0.0,0.0,0.0
9.7,0.62723404,0.46949097814505825,0.0003424648185804131,0.46914851332647783,0.0,0.0,0.0,0.0,0.0
9.716666666666669,0.59446806,0.4293543980734593,0.0002979928189130585,0.42905640525454625,0.0,0.0,0.0,0.0,0.0
9.733333333333333,0.5710638,0.3919702455056273,0.0002591682628461706,0.39171107724278115,0.0,0.0,0.0,0.0,0.0
9.75,0.5476596,0.35725078913960745,0.00022529308647068792,0.35702549605313677,1.9940582970289315e-27,0.0,0.0,0.0,0.0
9.766666666666667,0.5382979,0.3250935789816684,0.00019575266394677207,0.324897748541047,7.777667462495473e-08,0.0,0.0,0.0,0.0
9.783333333333331,0.5429787,0.29541125988768285,0.00017000625806367205,0.29521493663090287,2.6316998716297576e-05,0.0,0.0,0.0,0.0
9.8,0.5757447,0.2686856406917475,0.000147578500604798,0.2678565282668093,0.0006815339243334073,0.0,0.0,0.0,0.0
9.816666666666666,0.6506383,0.24896923146939598,0.000128051800935971,0.24269720987540072,0.006143969793059287,0.0,0.0,0.0,0.0
9.833333333333334,0.7817021,0.25076495766257473,0.00011105958980545152,0.21960928695425216,0.031044611118517126,0.0,0.0,0.0,0.0
9.85,1.0017021,0.30729905726275275,9.628031342483512e-05,0.19846467905380907,0.1087380978955188,0.0,0.0,0.0,0.0
9.866666666666667,1.3434043,0.4749569752479951,8.34321004753627e-05,0.17913655402098078,0.29573698912653895,0.0,0.0,0.0,0.0
9.883333333333333,1.8442553,0.829893879100031,7.226803175230853e-05,0.1615006442221836,0.6683209668460951,0.0,0.0,0.0,0.0
9.9,2.5510638,1.4565182846355442,6.257194872502205e-05,0.14543628480567167,1.3110194278811476,0.0,0.0,0.0,0.0
9.916666666666666,3.515319,2.4309854410328495,5.415474336382057e-05,0.13082721109270343,2.3001040751967823,0.0,0.0,0.0,0.0
9.933333333333334,4.774468,3.80443996631663,4.6851077183183905e-05,0.11756214905632964,3.6868309661831176,0.0,0.0,0.0,0.0
9.95,6.342553,5.59036343929708,4.0516482593832575e-05,0.10553522967332105,5.484787693141165,0.0,0.0,0.0,0.0
9.966666666666669,8.228936,7.758717309491171,3.502480436647485e-05,0.09464625480688314,7.664036029879922,0.0,0.0,0.0,0.0
9.983333333333333,10.405532,10.237527579823995,3.026594331164695e-05,0.08480083926036727,10.152696474620317,0.0,0.0,0.0,0.0
10.0,12.820851,12.920829637703891,2.614386819796406e-05,0.07591045078003991,12.844893043055652,0.0,0.0,0.0,0.0
10.016666666666667,15.390638,15.680830323650545,2.257486549088889e-05,0.067892367108485,15.612915381676569,0.0,0.0,0.0,0.0
10.033333333333331,18.007235,18.381797475023756,1.9485999720816127e-05,0.060669566716503934,18.321108422307532,0.0,0.0,0.0,0.0
10.05,20.534893,20.89341076657629,1.681376020791409e-05,0.05417056757918387,20.8392233852369,0.0,0.0,0.0,0.0
10.066666666666666,22.842552,23.10187979252082,1.4502872505618447e-05,0.04832922631172701,23.053536063336587,0.0,0.0,0.0,0.0
10.083333333333334,24.80383,24.917839234741184,1.2505255298061335e-05,0.04308450813834611,24.87474222134754,0.0,0.0,0.0,0.0
10.1,26.320425,26.280700428396464,1.0779105621078115e-05,0.03838023652491103,26.242309412765934,0.0,0.0,0.0,0.0
10.116666666666667,27.322126,27.15967242354768,9.288097192401052e-06,0.03416482985179186,27.125498305598693,0.0,0.0,0.0,0.0
10.133333333333333,27.771488,27.55202192258091,8.000678353856846e-06,0.030391031225108337,27.521622890677445,0.0,0.0,0.0,0.0
10.15,27.682552,27.47932266229858,6.889457664962243e-06,0.02701563640846128,27.452300136432452,0.0,0.0,0.0,0.0
10.166666666666666,27.111488,26.982480237322115,5.930666560266335e-06,0.02399922388932156,26.95847508276623,0.0,0.0,0.0,0.0
10.183333333333334,26.147234,26.11624918221555,5.103689707755721e-06,0.02130589026045767,26.094938188265385,0.0,0.0,0.0,0.0
10.2,24.878723,24.94382732708945,4.3906547971154705e-06,0.018902993383591235,24.924919943051062,0.0,0.0,0.0,0.0
10.216666666666669,23.394894,23.531954138054402,3.776074457875543e-06,0.016760905196763456,23.51518945678318,0.0,0.0,0.0,0.0
10.233333333333333,21.78,21.94678213454827,3.2465338706593584e-06,0.014852775516511657,21.931926112497887,0.0,0.0,0.0,0.0
10.25,20.104256,20.250651298645433,2.790418400964495e-06,0.01315430775940202,20.23749420046763,0.0,0.0,0.0,0.0
10.266666666666667,18.42383,18.49978507772479,2.3976762642791476e-06,0.011643547154345402,18.488139132894183,0.0,0.0,0.0,0.0
10.283333333333331,16.77617,16.742846054994015,2.0596118330176447e-06,0.010300681727757981,16.732543313654425,0.0,0.0,0.0,0.0
10.3,15.184681,15.020238058565942,1.7687057280852794e-06,0.009107856109456879,15.011128433750757,0.0,0.0,0.0,0.0
10.316666666666666,13.677446,13.36401516948076,1.518458308346539e-06,0.008048998020356609,13.355964653002095,0.0,0.0,0.0,0.0
10.333333333333334,12.273191,11.79825133640869,1.3032535866521415e-06,0.007109657156629864,11.791140375998474,0.0,0.0,0.0,0.0
10.35,10.976596,10.33973151649436,1.1182409674815994e-06,0.006276856072899068,10.333453542180495,0.0,0.0,0.0,0.0
10.366666666666667,9.79234,8.998841354815438,9.592325241419632e-07,0.005538952583752862,8.993301442999162,0.0,0.0,0.0,0.0
10.383333333333333,8.715745,7.780553171987957,8.226138177542566e-07,0.0048855131437443656,7.7756668362303945,0.0,0.0,0.0,0.0
10.4,7.751489,6.6854282228019,7.052665103428248e-07,0.0043071966268436014,6.681120320908547,0.0,0.0,0.0,0.0
10.416666666666666,6.885532,5.710576549780612,6.045012441552987e-07,0.003795647903532388,5.706780297375835,0.0,0.0,0.0,0.0
10.433333333333334,6.1225533,4.850534853661372,5.17999452383723e-07,0.0033434006042347172,4.847190935057685,0.0,0.0,0.0,0.0
10.45,5.4485106,4.098038883407343,4.4376293585943097e-07,0.002943788458943765,4.095094651185463,0.0,0.0,0.0,0.0
10.466666666666669,4.858723,3.4446796629188956,3.800701888329202e-07,0.002590864612469107,3.4420884182362377,0.0,0.0,0.0,0.0
10.483333333333333,4.339149,2.8814425212362065,3.254385870996663e-07,0.00227932833079196,2.8791628674668273,0.0,0.0,0.0,0.0
10.5,3.8897872,2.3991346963641367,2.785916656844783e-07,0.002004458534966696,2.397129959237504,0.0,0.0,0.0,0.0
10.516666666666667,3.5059574,1.9887116724868368,2.3843081299842275e-07,0.0017620536235187396,1.9869493804325051,0.0,0.0,0.0,0.0
10.533333333333331,3.173617,1.6415148566799396,2.0401079555263964e-07,0.0015483770712383755,1.6399662755979056,0.0,0.0,0.0,0.0
10.55,2.892766,1.349434161070158,1.7451860347887838e-07,0.001360108320762115,1.3480738782307924,0.0,0.0,0.0,0.0
10.566666666666666,2.6493616,1.105008941268521,1.4925517361133662e-07,0.0011942985126177697,1.1038144935007295,0.0,0.0,0.0,0.0
10.583333333333334,2.4434042,0.9014799019236021,1.2761960491711576e-07,0.0010483306288946003,0.9004314436751025,0.0,0.0,0.0,0.0
10.6,2.2655318,0.7328032988350305,1.0909553167179728e-07,0.0009198836549207827,0.7318833060845781,0.0,0.0,0.0,0.0
10.616666666666667,2.1157446,0.5936372630405656,9.323936388388047e-08,0.0008069003919116888,0.5928302694092901,0.0,0.0,0.0,0.0
10.633333333333333,1.9846808,0.47930850634410727,7.967014289087864e-08,0.0007075585812252714,0.4786008680927391,0.0,0.0,0.0,0.0
10.65,1.8723404,0.3857661511036213,6.806079349409501e-08,0.0006202450274131665,0.38514583801541463,0.0,0.0,0.0,0.0
10.666666666666666,1.7787234,0.30952803085023584,5.813058309683089e-08,0.0005435324325485675,0.30898444028710415,0.0,0.0,0.0,0.0
10.683333333333334,1.6991489,0.24762357241405905,4.9638623612525464e-08,0.00047615867824628446,0.24714736409718915,0.0,0.0,0.0,0.0
10.7,1.6289362,0.19753631156442397,4.237827389878538e-08,0.00041700831431542147,0.19711926087183465,0.0,0.0,0.0,0.0
10.716666666666669,1.572766,0.15714821336005855,3.617231957366909e-08,0.0003650960340768029,0.15678308115366216,0.0,0.0,0.0,0.0
10.733333333333333,1.5212766,0.12468725538998231,3.0868823653281615e-08,0.0003195519360420439,0.1243676725851166,0.0,0.0,0.0,0.0
10.75,1.4838297,0.09867917043039341,2.633755583901966e-08,0.00027960838991129513,0.09839953570292628,0.0,0.0,0.0,0.0
10.766666666666667,1.4510639,0.07790381515487912,2.246692076295812e-08,0.00024458834174435434,0.07765920434621401,0.0,0.0,0.0,0.0
10.783333333333331,1.4229788,0.06135631294794763,1.9161316318666745e-08,0.000213894908743821,0.06114239887788749,0.0,0.0,0.0,0.0
10.8,1.3995744,0.04821289178588208,1.6338862579160082e-08,0.00018700212842115985,0.048025873318598346,0.0,0.0,0.0,0.0
10.816666666666666,1.3855319,0.03780118437357325,1.3929449922648931e-08,0.00016344674006038936,0.03763772370406294,0.0,0.0,0.0,0.0
10.833333333333334,1.3714893,0.029574661195434324,1.1873062015231843e-08,0.00014282088841834106,0.029431828433953967,0.0,0.0,0.0,0.0
10.85,1.3668085,0.023090814107206013,1.011833538149894e-08,0.00012476565057577217,0.02296603833829486,0.0,0.0,0.0,0.0
10.866666666666667,1.3668085,0.017992687122598314,8.621322554292589e-09,0.0001089652968488289,0.01788371320442693,0.0,0.0,0.0,0.0
10.883333333333333,1.3668085,0.013993352850692706,7.34443034272855e-09,9.514220575599135e-05,0.013898203300506373,0.0,0.0,0.0,0.0
10.9,1.3714893,0.010862950262243043,6.255508687791936e-09,8.305236127814892e-05,0.010779891645456206,0.0,0.0,0.0,0.0
10.916666666666666,1.380851,0.008417926421449956,5.327068969916027e-09,7.248136811462774e-05,0.008345439726266357,0.0,0.0,0.0,0.0
10.933333333333334,1.3948936,0.00651215723402087,4.535613564571999e-09,6.324092738755947e-05,0.006448911771019745,0.0,0.0,0.0,0.0
10.95,1.4089361,0.0050296570032968575,3.8610609723448964e-09,5.516572134047596e-05,0.004974487420895409,0.0,0.0,0.0,0.0
10.966666666666669,1.4323404,0.0038786214463581176,3.286253033261305e-09,4.8110661069841336e-05,0.003830507499035243,0.0,0.0,0.0,0.0
10.983333333333333,1.4557446,0.002986582315223621,2.796532618209389e-09,4.19484562730553e-05,0.0029446310624179463,9.32890190668138e-19,0.0,0.0,0.0
11.0,1.4838297,0.002296573071873738,2.3793818137938954e-09,3.6567470441843525e-05,0.0022599131098244274,9.011222565293601e-08,0.0,0.0,0.0
11.016666666666667,1.5165957,0.0017831798819425144,2.0241120161931505e-09,3.1869828921669656e-05,0.0017316406806258179,1.966734828301073e-05,0.0,0.0,0.0
11.033333333333331,1.5587233,0.0017743547853383283,1.7215985550511198e-09,2.776975083759559e-05,0.001324790388748513,0.0004217929241536649,0.0,0.0,0.0
11.05,1.6148936,0.004458026397029885,1.464053506630567e-09,2.4192079094084843e-05,0.0010119926748801942,0.003421840179002099,0.0,0.0,0.0
11.066666666666666,1.6897873,0.01700273383533797,1.2448312492578342e-09,2.1070985526106347e-05,0.0007719073472459364,0.01620975425773468,0.0,0.0,0.0
11.083333333333334,1.792766,0.055140865213190705,1.0582620833264454e-09,1.8348830844425006e-05,0.0005879315227565864,0.05453458380132761,0.0,0.0,0.0
11.1,1.9331914,0.14521638402049736,8.995098999386334e-10,1.5975161309277637e-05,0.0004471751292422233,0.14475323283043595,0.0,0.0,0.0
11.116666666666667,2.1297872,0.323235918740387,7.644504514545443e-10,1.3905826110957417e-05,0.00033965095905731803,0.32288236119076824,0.0,0.0,0.0
11.133333333333333,2.4059575,0.6307245732332012,6.495672666002333e-10,1.2102201258304859e-05,0.00025763614882726664,0.6304548342335483,0.0,0.0,0.0
11.15,2.7804255,1.1083522580863794,5.518626734062727e-10,1.0530507399285822e-05,0.00019517016220523377,1.1081465568649123,0.0,0.0,0.0
11.166666666666666,3.2859573,1.7889102780793875,4.687817546610353e-10,9.161210442399857e-06,0.00014766111579379927,1.7887534552843696,0.0,0.0,0.0
11.183333333333334,3.9412766,2.6912248045583054,3.981473710003229e-10,7.968495132180333e-06,0.00011157783316178593,2.691105257831864,0.0,0.0,0.0
11.2,4.774468,3.816170158221875,3.3810465332962917e-10,6.929802873420305e-06,8.420953360301307e-05,3.816079018547294,0.0,0.0,0.0
11.216666666666669,5.8042555,5.145334204457251,2.870735951129353e-10,6.025426112149978e-06,6.347873161865783e-05,5.145264700012447,0.0,0.0,0.0
11.233333333333333,7.030638,6.64229701802119,2.4370857144849005e-10,5.238152480546377e-06,4.779588716285496e-05,6.642243983737838,0.0,0.0,0.0
11.25,8.41617,8.256039501787045,2.068637803386244e-10,4.552952710167934e-06,3.594673083764073e-05,8.255999001896633,0.0,0.0,0.0
11.266666666666667,9.928085,9.925749032780764,1.7556374607109627e-10,3.956707024302641e-06,2.7005098267956553e-05,9.925718070799908,0.0,0.0,0.0
11.283333333333331,11.49617,11.586224219361576,1.4897814853862104e-10,3.4379653457006965e-06,2.0265632369080897e-05,11.586200515614882,0.0,0.0,0.0
11.3,13.059574,13.17315723377778,1.2640034854046435e-10,2.986737209494442e-06,1.5191924666671969e-05,13.173139054989502,0.0,0.0,0.0
11.316666666666666,14.538723,14.627735370241643,1.0722907013481753e-10,2.5943077606467343e-06,1.1376627888196183e-05,14.627721399198766,0.0,0.0,0.0
11.333333333333334,15.863404,15.900202383602545,9.09527790956256e-11,2.2530766479659163e-06,8.510831424824558e-06,15.90019161960352,0.0,0.0,0.0
11.35,16.972765,16.95221507326393,7.713636332318173e-11,1.9564170089777758e-06,6.360589482832475e-06,16.9522067561803,0.0,0.0,0.0
11.366666666666667,17.82468,17.757995666990137,6.540977825371803e-11,1.6985520774284282e-06,4.748961656898974e-06,17.757989219410995,0.0,0.0,0.0
11.383333333333333,18.400425,18.304402938679818,5.5458369277299735e-11,1.4744472430119004e-06,3.542293777048471e-06,18.30439792188334,0.0,0.0,0.0
11.4,18.685957,18.590121962810677,4.701462507890037e-11,1.279715655584262e-06,2.639754505954635e-06,18.5901180432935,0.0,0.0,0.0
11.416666666666666,18.695318,18.62420816923724,3.985115167363091e-11,1.1105356976856973e-06,1.9653673353616336e-06,18.624205093294353,0.0,0.0,0.0
11.433333333333334,18.451914,18.424223964569805,3.377468757905985e-11,9.635788532207828e-07,1.4619519308973565e-06,18.424221539005245,0.0,0.0,0.0
11.45,17.99319,18.014185086300728,2.8621006798743623e-11,8.359466798399887e-07,1.086523988359686e-06,18.014183163801437,0.0,0.0,0.0
11.466666666666669,17.356596,17.422498210418667,2.4250578718863077e-11,7.251157507468927e-07,8.068074262784171e-07,17.422496678471237,0.0,0.0,0.0
11.483333333333333,16.579575,16.680028980196745,2.0544873191285894e-11,6.288895708435408e-07,5.985935814102395e-07,16.680027752693046,0.0,0.0,0.0
11.5,15.713616,15.81839661296952,1.7403215460256703e-11,5.453565945437559e-07,4.4374438996382594e-07,15.818395623851133,0.0,0.0,0.0
11.516666666666667,14.79149,14.868551762737875,1.4740109588505922e-11,4.728535802108199e-07,3.286844790288552e-07,14.868550961185075,0.0,0.0,0.0
11.533333333333331,13.831915,13.859660876343483,1.2482960996189171e-11,4.0993361075484213e-07,2.4326390595365947e-07,13.859660223133483,0.0,0.0,0.0
11.55,12.87234,12.81829401169835,1.0570138938200409e-11,3.553381930094182e-07,1.7990149990275856e-07,12.818293476448087,0.0,0.0,0.0
11.566666666666666,11.926808,11.767894095005936,8.949328464750128e-12,3.0797292146209875e-07,1.32940348968326e-07,11.767893654083716,0.0,0.0,0.0
11.583333333333334,11.0,10.728493297046537,7.576128853290934e-12,2.6688625595011055e-07,9.816346646490346e-08,10.728492931989239,0.0,0.0,0.0
11.6,10.105957,9.716635621197172,6.412861852350596e-12,2.3125101912196867e-07,7.243024488668141e-08,9.716635317509494,0.0,0.0,0.0
11.616666666666667,9.258723,8.745462756746612,5.427558498180463e-12,2.0034826874889408e-07,5.340387980470966e-08,8.745462502989035,0.0,0.0,0.0
11.633333333333333,8.46766,7.82492158701204,4.593097889231618e-12,1.7355324318267152e-07,3.934722367016867e-08,7.82492137410698,0.0,0.0,0.0
11.65,7.7327657,6.962055374611095,3.8864752474167165e-12,1.5032311613188688e-07,2.8970053451022788e-08,6.962055195314039,0.0,0.0,0.0
11.666666666666666,7.0587234,6.161345653944996,3.2881799582898238e-12,1.301863301154415e-07,2.1314922762577602e-08,6.161345502440454,0.0,0.0,0.0
11.683333333333334,6.440851,5.425077503999761,2.7816671495979944e-12,1.1273330702072177e-07,1.5671937886361682e-08,5.425077374548893,1.042840932095363e-09,0.0,0.0
11.7,5.879149,4.753706989052648,2.352908811758545e-12,9.760835964738236e-08,1.1515192040075141e-08,4.753706475048716,4.0487802735425215e-07,0.0,0.0
11.716666666666669,5.373617,4.146223550023769,1.990012546735504e-12,8.450265039824252e-08,8.455399992825004e-09,4.146211654354227,1.1802709501516611e-05,0.0,0.0
11.733333333333333,4.9242554,3.6005410207566424,1.6828978065692485e-12,7.314806277636295e-08,6.204637832608378e-09,3.6004217440727295,0.00011919732952919006,0.0,0.0
11.75,4.5217023,3.1139828104451093,1.4230209947309388e-12,6.331186840388053e-08,4.550118642790494e-09,3.113309312021209,0.0006734305604900908,0.0,0.0
11.766666666666667,4.1659575,2.683882476508919,1.2031420912317688e-12,5.4792087195373724e-08,3.334706305408116e-09,2.6812475421877666,0.0026348761931558936,0.0,0.0
11.783333333333331,3.8523405,2.308229627259104,1.0171265590264525e-12,4.741345136035651e-08,2.4424490536367584e-09,2.300229070607987,0.008000506794199592,0.0,0.0
11.8,3.580851,1.986225790942719,8.597772229239598e-13,4.10238953090345e-08,1.78784904930193e-09,1.9660476049522788,0.020178143177836082,0.0,0.0
11.816666666666666,3.3468084,1.7186108057586935,7.266916070108348e-13,3.549150349636603e-08,1.3079099560269073e-09,1.6744445644061674,0.04416620455238596,0.0,0.0
11.833333333333334,3.1502128,1.5076696769226992,6.141408930391052e-13,3.070185694102272e-08,9.562482578735025e-10,1.4212238900571084,0.08644575520687134,0.0,0.0
11.85,2.986383,1.3569047334742808,5.189672378551399e-13,2.655572675538831e-08,6.987363424842798e-10,1.2023386886652114,0.15456601755408725,0.0,0.0
11.866666666666667,2.8646808,1.2704298990353102,4.3849667768063776e-13,2.2967069657815933e-08,5.102815031696876e-10,1.0139535733746659,0.2564763021828547,0.0,0.0
11.883333333333333,2.7757447,1.2521941279754343,3.704652636508118e-13,1.986128623016586e-08,3.724465882245424e-10,0.852486533488521,0.39970757425280995,0.0,0.0
11.9,2.7242553,1.3051622761364334,3.1295642732557636e-13,1.7173707737869738e-08,2.716937361604279e-10,0.7146339705498201,0.5905282881408989,0.0,0.0
11.916666666666666,2.7148936,1.4305757934885754,2.6434787617945334e-13,1.4848281739390965e-08,1.9808901260643582e-10,0.5973822365357074,0.8331935419062331,0.0,0.0
11.933333333333334,2.7523403,1.6273899424646756,2.2326657523394442e-13,1.2836430558151485e-08,1.4434770499797877e-10,0.4980086474042213,1.1293812820794527,0.0,0.0
11.95,2.8365958,1.8919478992586678,1.88550588747929e-13,1.1096060044046706e-08,1.0513120242979038e-10,0.41407455648544217,1.4778733315718457,0.0,0.0
11.966666666666669,2.9770212,2.2179135526426355,1.5921674095305652e-13,9.59069897579389e-09,7.652953413974045e-11,0.3434126830361618,1.874500859939086,0.0,0.0
11.983333333333333,3.1782978,2.5964504903255254,1.3443321209263763e-13,8.28875200414103e-09,5.5680811701928826e-11,0.2841105196988316,2.3123399622821266,0.0,0.0
12.0,3.431064,3.0166084700967497,1.1349631964677639e-13,7.162851257027338e-09,4.049154808692045e-11,0.23449130032436527,2.782117162568928,0.0,0.0
12.016666666666667,3.7306383,3.465862199700524,9.581084814224886e-14,6.189293662897712e-09,2.94312530484038e-11,0.19309370337637188,3.2727684901053316,0.0,0.0
12.033333333333331,4.0723405,3.93074026543038,8.087338736223251e-14,5.347552733924437e-09,2.1381679454879344e-11,0.15865119889434304,3.772089061167022,0.0,0.0
12.05,4.4421277,4.397483123533689,6.825822065239486e-14,4.619855018804539e-09,1.5526252326547785e-11,0.13007171897480307,4.267411399923437,0.0,0.0
12.066666666666666,4.8306384,4.852676148451535,5.760537454575192e-14,3.9908127128789646e-09,1.1269022234937089e-11,0.10641814124338156,4.746258003206014,0.0,0.0
12.083333333333334,5.214468,5.28381461092435,4.861049995458637e-14,3.4471050258881725e-09,8.175297102914941e-12,0.08688991892601212,5.1969246885430085,0.0,0.0
12.1,5.5889363,5.679770102045596,4.101630528194968e-14,2.9772018759950067e-09,5.928180869695311e-12,0.0708060662743793,5.608964032788046,0.0,0.0
12.116666666666667,5.9306383,6.031140655453325,3.460530432947749e-14,2.571124321273286e-09,4.296776431782167e-12,0.0575896103432107,5.973551042534659,0.0,0.0
12.133333333333333,6.2395744,6.330478423524396,2.9193677964230705e-14,2.2202368728972887e-09,3.1129363343762386e-12,0.04675354552130447,6.283724875779713,0.0,0.0
12.15,6.497021,6.572398455388759,2.462607912494144e-14,1.917067471866364e-09,2.25427342386624e-12,0.037888272021296646,6.534510181448116,0.0,0.0
12.166666666666666,6.698298,6.75357952040827,2.0771236722489636e-14,1.6551514655967029e-09,1.6317531506524106e-12,0.030650460270022155,6.722929058481443,0.0,0.0
12.183333333333334,6.838723,6.872672952544435,1.7518236021429873e-14,1.4288964028386235e-09,1.1806371262985359e-12,0.024753256710435958,6.847919694403904,0.0,0.0
12.2,6.913617,6.930138320310709,1.477337177481782e-14,1.2334648845111825e-09,8.538764911475688e-13,0.019957730220265122,6.91018058885611,0.0,0.0
12.216666666666669,6.9276595,6.92802566201195,1.2457486229406781e-14,1.0646730723431916e-09,6.172950700614758e-13,0.01606544985768155,6.9119602110889655,0.0,0.0
12.233333333333333,6.880851,6.8697234505577915,1.0503717552545014e-14,9.189027737963029e-10,4.460793581072842e-13,0.012912082021538271,6.856811367616894,0.0,0.0
12.25,6.777872,6.759689769827755,8.8555956208809e-15,7.930252968155208e-10,3.2222215625324793e-13,0.010361896767985952,6.749327872266413,0.0,0.0
12.266666666666667,6.623404,6.603181778327997,7.465431764470256e-15,6.843355069158931e-10,2.326617364867686e-13,0.008303077668911262,6.59487869997451,0.0,0.0
12.283333333333331,6.4268084,6.405995742270469,6.2929572412785275e-15,5.904947266679854e-10,1.6792800055706725e-13,0.006643736209962869,6.399352005469837,0.0,0.0
12.3,6.188085,6.174227015580351,5.3041721500223405e-15,5.094812978946755e-10,1.2115800211735305e-13,0.005308539514863745,6.16891847555588,0.0,0.0
12.316666666666666,5.9212766,5.914056540430875,4.47037236345606e-15,4.395477833992735e-10,8.73804199823231e-14,0.004235868546832045,5.909820671444403,0.0,0.0
12.333333333333334,5.626383,5.631567888092995,3.7673270406455534e-15,3.7918392091676946e-10,6.299576465234267e-14,0.003375432433075191,5.6281924552806695,0.0,0.0
12.35,5.312766,5.332596649805794,3.174583492143247e-15,3.270845599198608e-10,4.539895904789214e-14,0.002686272867205972,5.329910376611455,0.0,0.0
12.366666666666667,4.994468,5.022612167856738,2.674879742178858e-15,2.821219142669174e-10,3.270542795388004e-14,0.0021351004504496737,5.020477067124131,0.0,0.0
12.383333333333333,4.6668086,4.706630178019277,2.2536481554058064e-15,2.4332155249870146e-10,2.3552402516586754e-14,0.0016949121976879698,4.704935265578242,0.0,0.0
12.4,4.3485107,4.389153898520126,1.898596055776203e-15,2.0984162465057745e-10,1.6954853113311037e-14,0.0013438461805459936,4.38781005212972,0.0,0.0
12.416666666666666,4.030213,4.07414041185937,1.599351432529992e-15,1.809548912957476e-10,1.220107929465636e-14,0.0010642353734228098,4.073076176304978,0.0,0.0
12.433333333333334,3.7306383,3.7649887970460956,1.3471636630474041e-15,1.560331785159734e-10,8.777074712025141e-15,0.000841828208418789,3.7641469686816333,0.0,0.0
12.45,3.4404254,3.4645463290741945,1.1346507353008343e-15,1.345339327793891e-10,6.311761194164888e-15,0.0006651481529191402,3.463881180786734,0.0,0.0
12.466666666666669,3.168936,3.1751291172179674,9.555857669593524e-16,1.159885933052424e-10,4.5373512091986704e-15,0.000524968835416172,3.1746041482665572,0.0,0.0
12.483333333333333,2.9114892,2.898553754303953,8.047167303971952e-16,9.999253729636539e-11,3.2606721197875884e-15,0.0004138849063275635,2.8981398692976286,0.0,0.0
12.5,2.672766,2.6361768508112533,6.7761423390038e-16,8.61963861879237e-11,2.3424296009242947e-15,0.00032596198108084394,2.635850888743973,0.0,0.0
12.516666666666667,2.452766,2.388939691984068,5.705430055046826e-16,7.429848946253739e-11,1.682218501218086e-15,0.0002564517240576571,2.3886832401857094,0.0,0.0
12.533333333333331,2.2514894,2.157415651272581,4.80353399358293e-16,6.403842719490204e-11,1.2076926609592216e-15,0.0002015604447951558,2.1572140907637456,0.0,0.0
12.55,2.0642552,1.9418583941618834,4.0438981412948004e-16,5.519139381676882e-11,8.667429287847569e-16,0.00015826154049365844,1.9417001325661971,0.0,0.0
12.566666666666666,1.9004256,1.74224929376867,3.4041339472074203e-16,4.7563344071165334e-11,6.218501001909034e-16,0.00012414377645480755,1.7421251499446508,0.0,0.0
12.583333333333334,1.7506382,1.5583428399726997,2.865367959211507e-16,4.098679813188475e-11,4.460096602824586e-16,9.728878982827209e-05,1.558245551141884,0.0,0.0
12.6,1.6148936,1.389709148523185,2.4116913107181505e-16,3.531721672932032e-11,3.197919907239771e-16,7.61723691716252e-05,1.3896329761186956,0.0,0.0
12.616666666666667,1.4978724,1.2357729606172019,2.0296952001981334e-16,3.042986913151163e-11,2.2922249599923473e-16,5.958503594326508e-05,1.2357133755508283,0.0,0.0
12.633333333333333,1.3948936,1.095848765097867,1.708078967996065e-16,2.6217127227586913e-11,1.6425355547111883e-16,4.656826333404245e-05,1.0958021968083156,0.0,0.0
12.65,1.3012766,0.9691718752031712,1.4373194554785346e-16,2.2586127964010212e-11,1.1766349146249113e-16,3.6363338274554016e-05,0.9691355118423102,0.0,0.0
12.666666666666666,1.2170212,0.8549254519564816,1.209392090057515e-16,1.9456754178577674e-11,8.426351858562859e-17,2.8370426098566917e-05,0.8548970815109261,0.0,0.0
12.683333333333334,1.1468085,0.7522635901927307,1.0175356256458383e-16,1.675989062427059e-11,6.0326735770154e-17,2.2115853175128915e-05,0.7522414743227955,0.0,0.0
12.7,1.0812765,0.66033067490716,8.560537237387625e-17,1.443591781502326e-11,4.3177141536588535e-17,1.722599706000353e-05,0.660313448895664,0.0,0.0
12.716666666666669,1.0251064,0.5782772794446719,7.20147621171659e-17,1.2433411379496996e-11,3.0893932517298064e-17,1.3406480140009775e-05,0.5782638729520984,0.0,0.0
12.733333333333333,0.96893615,0.5052729174024175,6.057750268051701e-17,1.0708018982413075e-11,2.209882299061054e-17,1.0425612998846285e-05,0.5052624917787106,0.0,0.0
12.75,0.92212766,0.4405159812050898,5.095311464063883e-17,9.221490657020813e-12,1.5803129929422026e-17,8.101237617323147e-06,0.4405078799582509,0.0,0.0
12.766666666666667,0.88,0.38324120603811607,4.2854837438360646e-17,7.94084166601458e-12,1.1297866735276946e-17,6.290286240457345e-06,0.3832349157439347,0.0,0.0
12.783333333333331,0.8425532,0.33272499169493475,3.604117310086384e-17,6.837629840082907e-12,8.074775993664024e-18,4.880506142735149e-06,0.3327201111819543,0.0,0.0
12.8,0.8051064,0.2882888999884381,3.0308757974002675e-17,5.8873317927202075e-12,5.769610889049535e-18,3.78390928844833e-06,0.2882851160732623,0.0,0.0
12.816666666666666,0.7723404,0.24930162431678451,2.5486354426697826e-17,5.068804528320168e-12,4.121410357454069e-18,2.9315937253309633e-06,0.24929869271799035,0.0,0.0
12.833333333333334,0.7442553,0.21517970294990532,2.142978699421391e-17,4.363820792458074e-12,2.9432675937754973e-18,2.2696543530074822e-06,0.21517743329118846,0.0,0.0
12.85,0.7114894,0.18538722039682648,1.801767486733688e-17,3.756668097263975e-12,2.1013550644866756e-18,1.7559576701510035e-06,0.18538546443539963,0.0,0.0
12.866666666666667,0.68340427,0.15943471323189237,1.5147835796627323e-17,3.2338027242460355e-12,1.4998787758691168e-18,1.3576008481877629e-06,0.15943335562781036,0.0,0.0
12.883333333333333,0.65999997,0.1368774690826441,1.2734256030318502e-17,2.7835511908223355e-12,1.0702891174987915e-18,1.048912150077127e-06,0.13687642016771046,0.0,0.0
12.9,0.6365957,0.11731338090871321,1.0704537402816747e-17,2.395852690165921e-12,7.635464754557123e-19,8.09879060203633e-07,0.11731257102725715,0.0,0.0
12.916666666666666,0.6131915,0.10038049378859161,8.997746613053298e-18,2.062036898466465e-12,5.445784207981996e-19,6.249139399653662e-07,0.1003798688725896,0.0,0.0
12.933333333333334,0.59446806,0.08575435853939166,7.562603479184823e-18,1.7746323081107153e-12,3.883086925012261e-19,4.818857294620258e-07,0.08575387665188755,0.0,0.0
12.95,0.5757447,0.07314528582657916,6.355954867267586e-18,1.5272009058372396e-12,2.7681311377901334e-19,3.713611153569865e-07,0.07314491446393659,0.0,0.0
12.966666666666669,0.56638294,0.06229557605321782,5.341489352682239e-18,1.3141955856704312e-12,1.9728323707919094e-19,2.8601043548708735e-07,0.06229529004146813,0.0,0.0
12.983333333333333,0.55234045,0.05297678423523974,4.4886547260609065e-18,1.1308371795549482e-12,1.4056874990725876e-19,2.2014300269392732e-07,0.05297656409110621,0.0,0.0
13.0,0.5429787,0.04498706518406266,3.771746404338114e-18,9.730084146051385e-13,1.0013445337086043e-19,1.6934399513642794e-07,0.044986895839094515,0.0,0.0
13.016666666666667,0.533617,0.03814863249683422,3.1691398247452296e-18,8.371624738661925e-13,7.131411449175726e-20,1.3019097290217668e-07,0.03814850230502415,0.0,0.0
13.033333333333331,0.52893615,0.03230535493201282,2.6626441305745012e-18,7.20244155314472e-13,5.077684544590963e-20,1.0003275774320616e-07,0.032305254898534835,0.0,0.0
13.05,0.52893615,0.027320505542051954,2.236958025267596e-18,6.1962189832327e-13,3.6145582604070567e-20,7.681710774615507e-08,0.027320428724324584,0.0,0.0
13.066666666666666,0.52893615,0.02307467225627643,1.8792116795201507e-18,5.330291838668762e-13,2.5724387730377598e-20,5.895653431856468e-08,0.023074613299209082,0.0,0.0
13.083333333333334,0.52893615,0.01946383326812625,1.5785811121906596e-18,4.5851401942327e-13,1.8303585354912124e-20,4.522390669782614e-08,0.019463788043761036,0.0,0.0
13.1,0.52893615,0.01639759640145578,1.3259636037528367e-18,3.9439539626836953e-13,1.3020557493962257e-20,3.467129805455845e-08,0.016397561729763328,0.0,0.0
13.116666666666667,0.52425534,0.01379759844096027,1.1137045031678886e-18,3.3922575943217905e-13,9.260325426537177e-21,2.6566949606877937e-08,0.013797571873671435,0.0,0.0
13.133333333333333,0.52425534,0.01159605805664143,9.353673080073795e-19,2.9175866230405e-13,6.584565654264474e-21,2.0346346350418202e-08,0.01159603771000332,0.0,0.0
13.15,0.51957446,0.009734474290724516,7.8554017780612755e-19,2.5092089156944807e-13,4.680941042964169e-21,1.5574274570896553e-08,0.009734458716199023,0.0,0.0
13.166666666666666,0.5148936,0.008162461482615537,6.596731194281873e-19,2.1578844629372437e-13,3.3269424846208077e-21,1.1915418352131449e-08,0.008162449566981396,0.0,0.0
13.183333333333334,0.5102128,0.006836710873528825,5.539409922719038e-19,1.8556583966078946e-13,2.3640922088122632e-21,9.111590248920888e-09,0.006836701761753009,0.0,0.0
13.2,0.5055319,0.005720068862384018,4.651282470775635e-19,1.5956826496235366e-13,1.679544163947857e-21,6.964112096111361e-09,0.005720061898112354,0.0,0.0
13.216666666666669,0.4961702,0.00478072189719353,3.9053195740257677e-19,1.3720623050030312e-13,1.1929637030216119e-21,5.320190767509518e-09,0.004780716576865556,0.0,0.0
13.233333333333333,0.48212767,0.003991478212917573,3.278802464540582e-19,1.1797232248126218e-13,8.471741436379504e-22,4.06239043470301e-09,0.003991474150409166,0.0,0.0
13.25,0.47276595,0.003329137010430756,2.752636698967197e-19,1.0142980193027271e-13,6.014903682813835e-22,3.1005031322558256e-09,0.0033291339098261937,0.0,0.0
13.266666666666667,0.46340424,0.0027739361648204015,2.3107750096603473e-19,8.720278215261224e-14,4.269686961424183e-22,2.3652754966519237e-09,0.002773933799457702,0.0,0.0
13.283333333333331,0.4493617,0.0023090701164927407,1.939731890719034e-19,7.496776821019303e-14,3.03023007381183e-22,1.8035710583618972e-09,0.0023090683128467143,0.0,0.0
13.3,0.43531916,0.001920270205034757,1.6281753665944167e-19,6.444637001493915e-14,2.1501472850445976e-22,1.3746419966313286e-09,0.0019202688303283138,0.0,0.0
13.316666666666666,0.42595744,0.0015954403294837778,1.3665836947336466e-19,5.539902663321079e-14,1.5253681286585059e-22,1.0472577444422544e-09,0.0015954392821706342,0.0,0.0
13.333333333333334,0.41191489,0.0013243414411905447,1.1469566935824352e-19,4.761960181110741e-14,1.0819215736154025e-22,7.974948980705397e-10,0.001324340643648027,0.0,0.0
13.35,0.39787233,0.001098318983040685,9.625730205566241e-20,4.0930730061075823e-14,7.672419503591252e-23,6.070371713637643e-10,0.0010983183759625827,0.0,0.0
13.366666666666667,0.38851064,0.0009100679714245354,8.077860996408267e-20,3.5179809318625714e-14,5.439827506388078e-23,4.6186847481732544e-10,0.0009100675095208806,0.0,0.0
13.383333333333333,0.37914893,0.0007534309681554567,6.778525558337279e-20,3.023555055008365e-14,3.856158844023709e-23,3.5126880684180554e-10,0.0007534306168564142,0.0,0.0
13.4,0.36510637,0.0006232247041279167,5.687879880492504e-20,2.5985007083320313e-14,2.733017797385238e-23,2.6704324493873096e-10,0.0006232244370586867,0.0,0.0
13.416666666666666,0.3557447,0.0005150915924652379,4.772457322300076e-20,2.2331017115786783e-14,1.9366382799968128e-23,2.0293026220864116e-10,0.0005150913895126445,0.0,0.0
13.433333333333334,0.34638298,0.00042537280532987037,4.0041495669348814e-20,1.9190002062766404e-14,1.37206223458042e-23,1.5414791608769572e-10,0.00042537265116276426,0.0,0.0
13.45,0.33702126,0.0003509999857222812,3.3593501264091736e-20,1.6490071346390645e-14,9.71894412359065e-24,1.170459752004619e-10,0.0003509998686598159,0.0,0.0
13.466666666666669,0.33234042,0.0002894030245904355,2.8182345159919655e-20,1.4169391067503759e-14,6.88311546408154e-24,8.883939902045825e-11,0.0002894029357368671,0.0,0.0
13.483333333333333,0.3229787,0.0002384316561368661,2.3641553290181245e-20,1.2174779898925446e-14,4.87385303272906e-24,6.740425454600501e-11,0.00023843158872043676,0.0,0.0
13.5,0.31829786,0.00019628891247301875,1.9831339040557862e-20,1.046050062016236e-14,3.450499020472055e-24,5.1121525234282496e-11,0.000196288861341033,0.0,0.0
13.516666666666667,0.31361702,0.0001614747351161743,1.6634331881670465e-20,8.987220092596389e-15,2.442385333763508e-24,3.875763516880799e-11,0.0001614746963495519,0.0,0.0
13.533333333333331,0.31361702,0.00013273826775892606,1.39519884954973e-20,7.721114247383948e-15,1.728502196664417e-24,2.937310448450623e-11,0.00013273823837810044,0.0,0.0
13.55,0.30893618,0.00010903755481044797,1.170157753433773e-20,6.633097909423083e-15,1.2230658449486222e-24,2.2252747380182084e-11,0.00010903753255106747,0.0,0.0
13.566666666666666,0.3042553,8.950554591597779e-05,9.81364648349295e-21,5.698162081765366e-15,8.652757946932247e-25,1.6852358447437806e-11,8.950552905792117e-05,0.0,0.0
13.583333333333334,0.3042553,7.342146042375042e-05,8.229893676892324e-21,4.894803727940956e-15,6.12046953664992e-25,1.2758012286508865e-11,7.342144766084332e-05,0.0,0.0
13.6,0.29957446,6.018669988142961e-05,6.901380775441815e-21,4.204535168441854e-15,4.32853608459659e-25,9.655007127226372e-12,6.018669022221794e-05,0.0,0.0
13.616666666666667,0.29957446,4.930461325299423e-05,5.787031328547472e-21,3.611461998227752e-15,3.0607235012454525e-25,7.304178447959029e-12,4.930460594520431e-05,0.0,0.0
13.633333333333333,0.29957446,4.036352064117915e-05,4.852369709631393e-21,3.1019199744664943e-15,2.16388680319884e-25,5.523841987823103e-12,4.0363515114235236e-05,0.0,0.0
13.65,0.29957446,3.3022488701919776e-05,4.068462006920866e-21,2.664162652105025e-15,1.5295827762420737e-25,4.176034532181733e-12,3.3022484523221075e-05,0.0,0.0
13.666666666666666,0.29489362,2.69994263040542e-05,3.411026580577652e-21,2.2880926889188657e-15,1.081035736991185e-25,3.1560342646478297e-12,2.699942314573184e-05,0.0,0.0
13.683333333333334,0.29489362,2.2061133816212788e-05,2.859687150750421e-21,1.9650307269086266e-15,7.638997080795772e-26,2.384382522011124e-12,2.2061131429865232e-05,0.0,0.0
13.7,0.29021275,1.8014995036374684e-05,2.39734561360333e-21,1.6875166053129627e-15,5.397124816417994e-26,1.8008125387082505e-12,1.8014993233874627e-05,0.0,0.0
13.716666666666669,0.2855319,1.470204841555599e-05,2.0096554243333158e-21,1.4491383910326369e-15,3.8125802650602865e-26,1.359631351542493e-12,1.4702047054475499e-05,0.0,0.0
13.733333333333333,0.2855319,1.1991214928642342e-05,1.6845794475120439e-21,1.2443853412595075e-15,2.692815066106842e-26,1.026208537848307e-12,1.1991213901189417e-05,0.0,0.0
13.75,0.28085107,9.774494651165187e-06,1.4120187481548755e-21,1.0685214546447252e-15,1.9016283220816966e-26,7.743076236947994e-13,9.77449387578904e-06,0.0,0.0
13.766666666666667,0.27148935,7.962973636731505e-06,1.1835009594795897e-21,9.174767335644888e-16,1.342693510806179e-26,5.840587640288677e-13,7.962973051755262e-06,0.0,0.0
13.783333333333331,0.2668085,6.483507779047783e-06,9.919186807267079e-22,7.877536813907205e-16,9.478963467478861e-27,4.40419219831897e-13,6.483507337840809e-06,0.0,0.0
13.8,0.26212767,5.2759716165377155e-06,8.313098856758066e-22,6.763469041640725e-16,6.690800341575334e-27,3.320047303075284e-13,5.2759712838566375e-06,0.0,0.0
13.816666666666666,0.2574468,4.290978045555482e-06,6.966736058356085e-22,5.806739834485352e-16,4.7220339036354964e-27,2.5020277564625194e-13,4.290977794772031e-06,0.0,0.0
13.833333333333334,0.25276595,3.4879901264239136e-06,5.83815230601953e-22,4.985160431066602e-16,3.332072808220015e-27,1.884999958651683e-13,3.4879899374254013e-06,0.0,0.0
13.85,0.2480851,2.833759006744438e-06,4.89216672666381e-22,4.279666530309722e-16,2.3509032148442445e-27,1.41972240566544e-13,2.83375886434423e-06,0.0,0.0
13.866666666666667,0.24340425,2.3010328035734127e-06,4.0992740810555874e-22,3.6738790245501143e-16,1.6584043619820143e-27,1.0689807157413508e-13,2.301032696307953e-06,0.0,0.0
13.883333333333333,0.23404256,1.8674903854568395e-06,3.434730400100925e-22,3.1537263862190467e-16,1.1697203590982897e-27,8.046594131892527e-14,1.8674903046755252e-06,0.0,0.0
13.9,0.2293617,1.514861638768362e-06,2.877785716466717e-22,2.707120069841451e-16,8.249167423663696e-28,6.05524243841805e-14,1.5148615779452254e-06,0.0,0.0
13.916666666666666,0.22468086,1.2282022144153957e-06,2.411040263302698e-22,2.3236754991551903e-16,5.816679680218233e-28,4.555432218331163e-14,1.2282021686287057e-06,0.0,0.0
13.933333333333334,0.22,9.952961220872987e-07,2.0199043014123616e-22,1.994472248605266e-16,4.100885491222189e-28,3.4261599199723614e-14,9.95296087626252e-07,0.0,0.0
13.95,0.2106383,8.061640328627954e-07,1.6921449190017942e-22,1.7118479227851172e-16,2.890800350726774e-28,2.576125471266602e-14,8.061640069303557e-07,0.0,0.0
13.966666666666669,0.20595744,6.526589057960726e-07,1.4175058210961873e-22,1.4692210067996065e-16,2.0374971398760904e-28,1.936462371379091e-14,6.526588862845267e-07,0.0,0.0
13.983333333333333,0.2012766,5.281336877322397e-07,1.187388370400063e-22,1.260938622433531e-16,1.4358691191743085e-28,1.455241560091048e-14,5.281336730537302e-07,0.0,0.0
14.0,0.19659574,4.2716844773013786e-07,9.945840262813495e-23,1.0821456944035254e-16,1.0117474566632477e-28,1.0933176959551668e-14,4.2716843668874623e-07,0.0,0.0
14.016666666666667,0.19191489,3.453464823932637e-07,8.330499112677366e-23,9.28672520764809e-17,7.128026078046966e-29,8.211910191186794e-15,3.4534647408848617e-07,0.0,0.0
14.033333333333331,0.18723404,2.7907073727980484e-07,6.977205633138586e-23,7.969381628336646e-17,5.021191670867742e-29,6.166372743784774e-15,2.790707310337382e-07,0.0,0.0
14.05,0.18255319,2.2541339236526962e-07,5.843500477870158e-23,6.838674323433981e-17,3.536593497258744e-29,4.629182973187703e-15,2.2541338766769986e-07,0.0,0.0
14.066666666666666,0.17787234,1.819927067333204e-07,4.893795397637011e-23,5.868195651976372e-17,2.4906045127099247e-29,3.4743143912298683e-15,1.81992703200324e-07,0.0,0.0
14.083333333333334,0.17319149,1.468722516843676e-07,4.098262735197733e-23,5.0352693920468296e-17,1.7537437330178673e-29,2.606905339035108e-15,1.4687224902710952e-07,0.0,0.0
14.1,0.16851063,1.184785178626246e-07,3.4319041613233536e-23,4.3204242366886827e-17,1.2347233911284345e-29,1.955572630240208e-15,1.1847851586384769e-07,0.0,0.0
14.116666666666667,0.16851063,9.553359062263809e-08,2.873769761286641e-23,3.706941469187493e-17,8.69192246530142e-30,1.466615692819987e-15,9.553358911895294e-08,0.0,0.0
14.133333333333333,0.16382979,7.700017363571105e-08,2.4063032312387204e-23,3.180466382873332e-17,6.117938022164874e-30,1.0996475756265e-15,7.700017250425878e-08,0.0,0.0
14.15,0.15914893,6.203672451987005e-08,2.0147928465961585e-23,2.7286744760581e-17,4.305640803280078e-30,8.243025445469059e-16,6.203672366828074e-08,0.0,0.0
14.166666666666666,0.15914893,4.9960865463801096e-08,1.6869111398693988e-23,2.3409847127413387e-17,3.0298033406172072e-30,6.177557239829562e-16,4.996086482263551e-08,0.0,0.0
14.183333333333334,0.15446809,4.021956090722565e-08,1.4123289739587367e-23,2.0083132230248253e-17,2.1317458560637994e-30,4.628550531088509e-16,4.021956042428745e-08,0.0,0.0
14.2,0.15446809,3.236482541263277e-08,1.1823920034183916e-23,1.722861748523417e-17,1.4996888956059013e-30,3.467148096915362e-16,3.2364825048689326e-08,0.0,0.0
14.216666666666669,0.15446809,2.6033947956805522e-08,9.89849451538427e-24,1.4779359387130426e-17,1.054901957265516e-30,2.596569610957596e-16,2.6033947682369193e-08,0.0,0.0
14.233333333333333,0.14978723,2.093340232673628e-08,8.286267549576585e-24,1.2677892924337956e-17,7.419396876362841e-31,1.9441455135989575e-16,2.093340211964383e-08,0.0,0.0
14.25,0.14978723,1.682576404417885e-08,6.936349899458114e-24,1.0874891304032105e-17,5.217603752827713e-31,1.455324348161401e-16,1.6825763887771515e-08,0.0,0.0
14.266666666666667,0.14510638,1.3519078003655619e-08,5.806111375188847e-24,9.328014931460143e-18,3.668765643227303e-31,1.0891659315438099e-16,1.3519077885411006e-08,0.0,0.0
14.283333333333331,0.14510638,1.0858222540481622e-08,4.859842034487237e-24,8.000922958504818e-18,2.579381778020597e-31,8.14952894260424e-17,1.0858222450985405e-08,0.0,0.0
14.3,0.14510638,8.717898878420052e-09,4.067630136213462e-24,6.862424473476297e-18,1.8132532127752147e-31,6.096437620874464e-17,8.717898810593247e-09,0.0,0.0
14.316666666666666,0.14042553,6.996943088430303e-09,3.40442179943491e-24,5.885749632869076e-18,1.274526416271824e-31,4.5595909474301534e-17,6.996943036948641e-09,0.0,0.0
14.333333333333334,0.14042553,5.613713502123701e-09,2.849232979596608e-24,5.047923810627407e-18,8.957507208844961e-32,3.4094371389881905e-17,5.613713462981403e-09,0.0,0.0
14.35,0.14042553,4.502352177916618e-09,2.384489120380778e-24,4.3292302250550344e-18,6.294682202307065e-32,2.5488687417060287e-17,4.502352148098698e-09,0.0,0.0
14.366666666666667,0.14042553,3.6097563372419714e-09,1.995471821066608e-24,3.7127485526132195e-18,4.422920597065111e-32,1.9051147631612145e-17,3.609756314478073e-09,0.0,0.0
14.383333333333333,0.14042553,2.893126173641454e-09,1.6698551980752e-24,3.183958798648163e-18,3.1073740715598276e-32,1.4236544709035706e-17,2.8931261562209486e-09,0.0,0.0
14.4,0.13574468,2.3179803239261847e-09,1.3973174193760992e-24,2.730401208036683e-18,2.182867421929132e-32,1.0636499278320265e-17,2.3179803105592827e-09,0.0,0.0
14.416666666666666,0.13574468,1.8565505930075775e-09,1.1692152384133168e-24,2.341384298692758e-18,1.5332429264368397e-32,7.945191468819597e-18,1.8565505827210006e-09,0.0,0.0
14.433333333333334,0.13574468,1.4864840761941774e-09,9.783113230346244e-25,2.0077342177576235e-18,1.0768240012467911e-32,5.933656629739439e-18,1.4864840682527856e-09,0.0,0.0
14.45,0.13574468,1.1897943090129722e-09,8.185458257330702e-25,1.7215795798580164e-18,7.561866136996549e-33,4.430509671439851e-18,1.1897943028608821e-09,0.0,0.0
14.466666666666669,0.13106383,9.520140560640232e-10,6.848450256174434e-25,1.4761667711729176e-18,5.3096279956420395e-33,3.3074937629298103e-18,9.52014051280362e-10,0.0,0.0
14.483333333333333,0.13106383,7.615112868875791e-10,5.729610329615917e-25,1.265701411230491e-18,3.7277810994007175e-33,2.468648550433783e-18,7.615112831532286e-10,0.0,0.0
14.5,0.13106383,6.089371548108584e-10,4.793375200316944e-25,1.0852122727008003e-18,2.6169067699192245e-33,1.842193278951622e-18,6.089371518834524e-10,0.0,0.0
14.516666666666667,0.13106383,4.86780702329013e-10,4.0099725744509914e-25,9.304344820202763e-19,1.8368681336055852e-33,1.3744457844663614e-18,4.867807000241323e-10,0.0,0.0
14.533333333333331,0.12638298,3.890098156426929e-10,3.3544791896658585e-25,7.977092725440199e-19,1.2891988984477773e-33,1.0252677860252349e-18,3.890098138197155e-10,0.0,0.0
14.55,0.12638298,3.1078184734904507e-10,2.8060319070774963e-25,6.83897947464317e-19,9.04720477837151e-34,7.646541738936272e-19,3.107818459004927e-10,0.0,0.0
14.566666666666666,0.12638298,2.4821048800690053e-10,2.347167010268256e-25,5.863080408693462e-19,6.348363601869282e-34,5.701795433920565e-19,2.482104868504127e-10,0.0,0.0
14.583333333333334,0.12170213,1.9817803149755492e-10,1.963266900149612e-25,5.026299497131433e-19,4.454124672064833e-34,4.250869479551389e-19,1.9817803056983782e-10,0.0,0.0
14.6,0.12170213,1.5818425759736573e-10,1.6420967486915237e-25,4.308825537162565e-19,3.1247585880991136e-34,3.1685766829093057e-19,1.5818425684962535e-10,0.0,0.0
14.616666666666667,0.12170213,1.2622483908297895e-10,1.373416502267793e-25,3.693665499711861e-19,2.1919185710559524e-34,2.3614117458131015e-19,1.2622483847747108e-10,0.0,0.0
14.633333333333333,0.12170213,1.00693544215407e-10,1.1486559951109608e-25,3.166244091560929e-19,1.5373987446959784e-34,1.759547455468774e-19,1.0069354372282773e-10,0.0,0.0
14.65,0.11702128,8.03036089894755e-11,9.606429191813177e-26,2.714060149395792e-19,1.0782093667961558e-34,1.3108491910081047e-19,8.030360858698447e-11,0.0,0.0
14.666666666666666,0.11702128,6.402454621829962e-11,8.03375060770358e-26,2.3263918098121647e-19,7.560916818344632e-35,9.76399751251137e-20,6.402454588802039e-11,0.0,0.0
14.683333333333334,0.11702128,5.103138028295008e-11,6.718296084504024e-26,1.9940435397961062e-19,5.301526145718094e-35,7.27154116388253e-20,5.103138001083024e-11,0.0,0.0
14.7,0.11234043,4.066387966131559e-11,5.618035052233244e-26,1.7091290914366193e-19,3.716915992075835e-35,5.414393742632594e-20,4.066387943625869e-11,0.0,0.0
14.716666666666669,0.11234043,3.239383050123433e-11,4.697797965092663e-26,1.4648852853827419e-19,2.6056751659516355e-35,4.0308667282555396e-20,3.239383031443709e-11,0.0,0.0
14.733333333333333,0.11234043,2.5798774900822083e-11,3.928157456416017e-26,1.2555122493983923e-19,1.8264752410840523e-35,3.000357090140237e-20,2.5798774745267247e-11,0.0,0.0
14.75,0.11234043,2.0540944542977914e-11,3.284491755143995e-26,1.0760363580797703e-19,1.2801580346479156e-35,2.2329243574628025e-20,2.0540944413045e-11,0.0,0.0
14.766666666666667,0.11234043,1.635036795779022e-11,2.746200705257193e-26,9.22192651823203e-20,8.971601096196233e-36,1.661507415841701e-20,1.6350367848955854e-11,0.0,0.0
14.783333333333331,0.10765957,1.3011329343792742e-11,2.296049550413455e-26,7.903239698449787e-20,6.286851246091413e-36,1.236113655289617e-20,1.3011329252399186e-11,0.0,0.0
14.8,0.10765957,1.035151778891877e-11,1.9196196841680526e-26,6.77294424115903e-20,4.405077558693582e-36,9.194815150642873e-21,1.0351517711994493e-11,0.0,0.0
14.816666666666666,0.10765957,8.233335357985062e-12,1.6048489485128128e-26,5.804151776147474e-20,3.086251839938174e-36,6.838434683695986e-21,8.233335293105094e-12,0.0,0.0
14.833333333333334,0.10765957,6.546936893402876e-12,1.341646896422663e-26,4.973807791800354e-20,2.162055668178913e-36,5.08510728881237e-21,6.546936838579677e-12,0.0,0.0
14.85,0.10765957,5.204658391337387e-12,1.1215728067940781e-26,4.262145551936005e-20,1.5144689238834583e-36,3.780714312702606e-21,5.204658344935206e-12,0.0,0.0
14.866666666666667,0.10765957,4.136558411713586e-12,9.375662272707479e-27,3.6522177114674847e-20,1.060747749748141e-36,2.8104672282553492e-21,4.136558372380932e-12,0.0,0.0
14.883333333333333,0.10765957,3.2868513441278015e-12,7.837214845821006e-27,3.1294945879753985e-20,7.428863900526827e-37,2.0888858318187234e-21,3.286851310743962e-12,0.0,0.0
14.9,0.10297872,2.6110550556246795e-12,6.550989955938413e-27,2.681519613911051e-20,5.2022531719208085e-37,1.552326178564085e-21,2.6110550272571505e-12,0.0,0.0
14.916666666666666,0.10297872,2.073710566782966e-12,5.475673792324891e-27,2.297613839524789e-20,3.642668334126026e-37,1.1534105883214047e-21,2.0737105426534115e-12,0.0,0.0
14.933333333333334,0.10297872,1.6465596143573557e-12,4.5767134659902915e-27,1.9686225111860417e-20,2.5503929893065658e-37,8.568762992506757e-22,1.6465595938142497e-12,0.0,0.0
14.95,0.10297872,1.3070886121940424e-12,3.825211647729149e-27,1.6866977405692418e-20,1.785476634637538e-37,6.364820111288182e-22,1.3070885946905791e-12,0.0,0.0
14.966666666666669,0.09829787,1.037365705469811e-12,3.1970017485629264e-27,1.4451121304109715e-20,1.2498591819702972e-37,4.72703151890105e-22,1.0373656905459833e-12,0.0,0.0
14.983333333333333,0.09829787,8.231122031365554e-13,2.671874183612611e-27,1.2380989521289085e-20,8.748389355718566e-38,3.5101507771890245e-22,8.231121904045481e-13,0.0,0.0
15.0,0.09829787,6.529613756251038e-13,2.2329290622533122e-27,1.060715096621215e-20,6.122876226201417e-38,2.6061445249580294e-22,6.529613647573362e-13,0.0,0.0
15.016666666666667,0.09829787,5.178669875068426e-13,1.86603466737408e-27,9.087235567259396e-21,4.284927386555077e-38,1.9346713717271626e-22,5.17866978226138e-13,0.0,0.0
15.033333333333331,0.09361702,4.10631454979136e-13,1.5593744518197618e-27,7.784926607044205e-21,2.998418933536026e-38,1.435993345108074e-22,4.1063144705060853e-13,0.0,0.0
15.05,0.09361702,3.2552954331469566e-13,1.3030680971748403e-27,6.669096715469518e-21,2.0979844337309747e-38,1.0656993070739691e-22,3.2552953653902773e-13,0.0,0.0
15.066666666666666,0.08893617,2.580083452645233e-13,1.0888545381343306e-27,5.7130670616073655e-21,1.4678225683816197e-38,7.90777836533953e-23,2.5800833947237736e-13,0.0,0.0
15.083333333333334,0.08893617,2.0444814526327795e-13,9.098268295058434e-28,4.893972195614212e-21,1.0268486853724445e-38,5.866949522330473e-23,2.0444814031063536e-13,0.0,0.0
15.1,0.08893617,1.619718668688195e-13,7.602103849660551e-28,4.192215488916668e-21,7.182922372380828e-39,4.3521993016423e-23,1.6197186263308124e-13,0.0,0.0
15.116666666666667,0.08893617,1.2829327529659102e-13,6.351774994225103e-28,3.591002263000433e-21,5.0240963878356174e-39,3.228079744979206e-23,1.2829327167330732e-13,0.0,0.0
15.133333333333333,0.084255315,1.0159608609011662e-13,5.306922240886789e-28,3.075939534735428e-21,3.5138001437134366e-39,2.3939731855679524e-23,1.0159608299023683e-13,0.0,0.0
15.15,0.084255315,8.043771350330432e-14,4.4338063188583e-28,2.634692882477231e-21,2.457302861482445e-39,1.7751470701839145e-23,8.043771085085953e-14,0.0,0.0
15.166666666666666,0.084255315,6.367265714294396e-14,3.704223212961843e-28,2.256692289331992e-21,1.7183161979153614e-39,1.3161030892231884e-23,6.367265487309027e-14,0.0,0.0
15.183333333333334,0.084255315,5.0391536231402617e-14,3.0945968505440127e-28,1.932879979782575e-21,1.2014632133357405e-39,9.756329520685441e-24,5.0391534288766e-14,0.0,0.0
15.2,0.079574466,3.987258831305815e-14,2.585220376350702e-28,1.6554942606892825e-21,8.400034987524522e-40,7.231434592848933e-24,3.9872586650332197e-14,0.0,0.0
15.216666666666669,0.079574466,3.154309405059916e-14,2.159621704182937e-28,1.4178842309334424e-21,5.87239363804513e-40,5.3592544472678e-24,3.154309262735546e-14,0.0,0.0
15.233333333333333,0.079574466,2.4948704540682412e-14,1.8040330080209436e-28,1.2143509557979769e-21,4.1049974730888154e-40,3.9712448108184106e-24,2.4948703322360032e-14,0.0,0.0
15.25,0.079574466,1.9729058422175363e-14,1.506947140238808e-28,1.040011329827901e-21,2.8692904929880344e-40,2.9423325989324374e-24,1.972905737922155e-14,0.0,0.0
15.266666666666667,0.074893616,1.5598403842834397e-14,1.2587467464174627e-28,8.90681390208476e-22,2.005396505008729e-40,2.1797171043274615e-24,1.5598402949973163e-14,0.0,0.0
15.283333333333331,0.074893616,1.2330201802611385e-14,1.0513941736849811e-28,7.627763043365172e-22,1.4014910018085951e-40,1.614552631935273e-24,1.2330201038220423e-14,0.0,0.0
15.3,0.074893616,9.74489586944378e-15,8.781722166564413e-29,6.532246511547426e-22,9.79365754583223e-41,1.1957721195829487e-24,9.74489521502327e-15,0.0,0.0
15.316666666666666,0.074893616,7.700199451723901e-15,7.334673739724093e-29,5.593949553166061e-22,6.843279325122639e-41,8.855013173222017e-25,7.700198891443371e-15,0.0,0.0
15.333333333333334,0.074893616,6.0833842511967295e-15,6.12588651100871e-29,4.790327243764518e-22,4.78132851211179e-41,6.556544262156089e-25,6.0833837715082894e-15,0.0,0.0
15.35,0.074893616,4.805159034651875e-15,5.116160849570736e-29,4.102064888442992e-22,3.340396909218726e-41,4.854071858661454e-25,4.805158623959928e-15,0.0,0.0
15.366666666666667,0.074893616,3.794811902738527e-15,4.272741193864839e-29,3.512615590055738e-22,2.3335275999901015e-41,3.593215288944936e-25,3.794811551117604e-15,0.0,0.0
15.383333333333333,0.074893616,2.9963561517865853e-15,3.5682575810490636e-29,3.0078039595526303e-22,1.6300217345155865e-41,2.659539968590767e-25,2.9963558507401996e-15,0.0,0.0
15.4,0.074893616,2.365473093620498e-15,2.979840887729994e-29,2.5754865167419706e-22,1.138517306342035e-41,1.968232756168173e-25,2.365472835874993e-15,0.0,0.0
15.416666666666666,0.074893616,1.8670875913601833e-15,2.4883832982251384e-29,2.205260679124245e-22,7.951551341938931e-42,1.4564428307702969e-25,1.8670873706884462e-15,0.0,0.0
15.433333333333334,0.074893616,1.4734457977076147e-15,2.0779201828798396e-29,1.8882153933594236e-22,5.553033424878008e-42,1.0776007358211321e-25,1.4734456087782944e-15,0.0,0.0
15.45,0.074893616,1.1625914100741663e-15,1.7351134715835302e-29,1.6167174558191304e-22,3.877707931832616e-42,7.972052674322577e-26,1.162591248322683e-15,0.0,0.0
15.466666666666669,0.074893616,9.171580903767736e-16,1.4488198713551672e-29,1.3842284190433297e-22,2.7076123477365065e-42,5.896993804181577e-26,9.171579518949473e-16,0.0,0.0
15.483333333333333,0.074893616,7.234126573248425e-16,1.2097300062161167e-29,1.18514770995009e-22,1.89044764837759e-42,4.36153939014669e-26,7.23412538766444e-16,0.0,0.0
15.5,0.074893616,5.704971386818523e-16,1.0100668399381735e-29,1.0146782106247375e-22,1.3198050785005394e-42,3.225506505499568e-26,5.704970371817661e-16,0.0,0.0
15.516666666666667,0.07021277,4.498284818237775e-16,8.433336507914936e-30,8.687110882854932e-23,9.213446055974133e-43,2.385093541741325e-26,4.498283949288093e-16,0.0,0.0
15.533333333333331,0.07021277,3.546232295399911e-16,7.041034232820894e-30,7.437271202979898e-23,6.4313441724534616e-43,1.763447982037644e-26,3.5462315514963755e-16,0.0,0.0
15.55,0.07021277,2.795212255657222e-16,5.87842856250383e-30,6.367121538103731e-23,4.488993174056125e-43,1.303676990883856e-26,2.7952116188146416e-16,0.0,0.0
15.566666666666666,0.07021277,2.2028777985990472e-16,4.9076530239752694e-30,5.450846770521285e-23,3.1330250300894716e-43,9.636688507620611e-27,2.2028772534179543e-16,0.0,0.0
15.583333333333334,0.07021277,1.735779828725628e-16,4.097078871252046e-30,4.6663376860716336e-23,2.1864859682865233e-43,7.122565881037501e-27,1.7357793620205928e-16,0.0,0.0
15.6,0.07021277,1.3675023828000294e-16,3.420288344668339e-30,3.99465938916638e-23,1.5258000275501238e-43,5.26376288271234e-27,1.3675019832814188e-16,0.0,0.0
15.616666666666667,0.06553192,1.0771876567150281e-16,2.8552167989855653e-30,3.4195959078203764e-23,1.0646744142064592e-43,3.889624705787085e-27,1.0771873147165125e-16,0.0,0.0
15.633333333333333,0.06553192,8.483695218172588e-17,2.383435949006719e-30,2.9272600778659615e-23,7.428557197933478e-44,2.8738954909299445e-27,8.483692290624882e-17,0.0,0.0
15.65,0.06553192,6.680511932765078e-17,1.9895550381235484e-30,2.5057593566505457e-23,5.182755958354085e-44,2.123178337215588e-27,6.680509426793204e-17,0.0,0.0
15.666666666666666,0.06553192,5.259760912312446e-17,1.660720544390883e-30,2.1449095544847537e-23,3.615645626389971e-44,1.5683917562243446e-27,5.2597587672458864e-17,0.0,0.0
15.683333333333334,0.06553192,4.1405154042583944e-17,1.3861982228502267e-30,1.8359896187724824e-23,2.522202448118312e-44,1.1584453143212194e-27,4.140513568152792e-17,0.0,0.0
15.7,0.06553192,3.258933588567736e-17,1.1570239444000903e-30,1.571531588457025e-23,1.759313307422114e-44,8.555586112589833e-28,3.258932016950476e-17,0.0,0.0
15.716666666666669,0.06553192,2.5646604555071334e-17,9.657120162016351e-31,1.345140678571339e-23,1.2270881585031205e-44,6.317970146694972e-28,2.5646591103031786e-17,0.0,0.0
15.733333333333333,0.06553192,2.017985532316209e-17,8.06011528076929e-31,1.1513411763768582e-23,8.558109645584574e-45,4.66508188726642e-28,2.0179843809283013e-17,0.0,0.0
15.75,0.060851064,1.5875980999994536e-17,6.727028234987916e-31,9.854444490205276e-24,5.968285649881123e-45,3.444254191505517e-28,1.5875971145204947e-17,0.0,0.0
15.766666666666667,0.060851064,1.2488146275556248e-17,5.614274926873495e-31,8.434358926003828e-24,4.1618957453138974e-45,2.5426446053488017e-28,1.2488137840942495e-17,0.0,0.0
15.783333333333331,0.060851064,9.821793443442213e-18,4.685463708878576e-31,7.218781066453254e-24,2.9020360404489527e-45,1.8768561393795788e-28,9.821786224472992e-18,0.0,0.0
15.8,0.060851064,7.723596035672512e-18,3.910209321305886e-31,6.1782796713888874e-24,2.0234132063803548e-45,1.3852605931885155e-28,7.723589857253924e-18,0.0,0.0
15.816666666666666,0.060851064,6.072740961808384e-18,3.263142269324158e-31,5.287656046359599e-24,1.4107065955182823e-45,1.022321407309013e-28,6.072735674049779e-18,0.0,0.0
15.833333333333334,0.056170214,4.774049549133249e-18,2.7230814596608947e-31,4.5253357970537216e-24,9.834659183775618e-46,7.543957219178721e-29,4.7740450237217405e-18,0.0,0.0
15.85,0.056170214,3.752550557768272e-18,2.272343211557983e-31,3.8728479270972394e-24,6.855712452908167e-46,5.56630589271267e-29,3.752546684864454e-18,0.0,0.0
15.866666666666667,0.056170214,2.9491994476118435e-18,1.8961641805501743e-31,3.3143787465514555e-24,4.778776239946319e-46,4.106684239628598e-29,2.9491961331918404e-18,0.0,0.0
15.883333333333333,0.056170214,2.3175023812819494e-18,1.58221943023954e-31,2.8363898552793138e-24,3.3308247165886476e-46,3.0295089612681706e-29,2.3174995448616407e-18,0.0,0.0
15.9,0.056170214,1.820854205887402e-18,1.3202199759556288e-31,2.427291004777711e-24,2.321442870013128e-46,2.234653299258598e-29,1.8208517785739188e-18,0.0,0.0
15.916666666666666,0.056170214,1.430439775521921e-18,1.1015767049139714e-31,2.077159960949764e-24,1.61783980556571e-46,1.648182646654212e-29,1.430437698345368e-18,0.0,0.0
15.933333333333334,0.060851064,1.1235796798525497e-18,9.191197336808443e-32,1.7775026201742977e-24,1.1274167498676047e-46,1.2155087298083159e-29,1.1235779023376825e-18,0.0,0.0
15.95,0.060851064,8.824264925570238e-19,7.668640652088879e-32,1.5210475989904804e-24,7.856064715523625e-47,8.963315294150827e-30,8.824249715003848e-19,0.0,0.0
15.966666666666669,0.060851064,6.929374398832669e-19,6.398139127313833e-32,1.3015703469278812e-24,5.4739065367377e-47,6.609024976039088e-30,6.92936138306247e-19,0.0,0.0
15.983333333333333,0.060851064,5.44065016664855e-19,5.337993151400573e-32,1.1137425423588249e-24,3.813832457665773e-47,4.872642184952039e-30,5.440639029173866e-19,0.0,0.0
16.0,0.06553192,4.271194168014095e-19,4.4533971884506956e-32,9.530031397452574e-25,2.657038824343287e-47,3.592115838206598e-30,4.271184637946331e-19,0.0,0.0
16.016666666666666,0.06553192,3.352663872544422e-19,3.7153007857258107e-32,8.154479578974547e-25,1.850999903641369e-47,2.6478605223737725e-30,3.352655718037993e-19,0.0,0.0
16.033333333333335,0.07021277,2.6313180442668006e-19,3.0994576253265575e-32,6.977351453482009e-25,1.2893987522809398e-47,1.9516372833830737e-30,2.6313110668955206e-19,0.0,0.0
16.05,0.074893616,2.064903406045097e-19,2.585631596645606e-32,5.970042413949364e-25,8.981328785951822e-48,1.4383434711266303e-30,2.0648974359880411e-19,0.0,0.0
16.066666666666666,0.074893616,1.6202037678609595e-19,2.1569339809420687e-32,5.108068789441369e-25,6.255565707647519e-48,1.0599512010710987e-30,1.620198659781355e-19,0.0,0.0
16.083333333333332,0.084255315,1.2711109606291322e-19,1.799270111205008e-32,4.3704745587703735e-25,4.356777436560078e-48,7.810326050508983e-31,1.271106590146583e-19,0.0,0.0
16.1,0.084255315,9.971067160156755e-20,1.5008774384766996e-32,3.739323419770508e-25,3.0341503124431327e-48,5.754568263703416e-31,9.971029766863511e-20,0.0,0.0
16.116666666666667,0.08893617,7.820681332401053e-20,1.2519399158802923e-32,3.199263942922694e-25,2.1129143065334812e-48,4.239521824319315e-31,7.820649339717977e-20,0.0,0.0
16.133333333333333,0.09361702,6.133279040484171e-20,1.0442661005341811e-32,2.7371573009563255e-25,1.4712954459609485e-48,3.123070637070972e-31,6.133251668878887e-20,0.0,0.0
16.15,0.09361702,4.809350756466948e-20,8.710204522232143e-33,2.341758575884262e-25,1.0244511461792227e-48,2.3004234978850207e-31,4.809327338857314e-20,0.0,0.0
16.166666666666668,0.09829787,3.770736463528322e-20,7.264990436991067e-33,2.0034439379876175e-25,7.132735313370932e-49,1.694318644634355e-31,3.7707164290712725e-20,0.0,0.0
16.183333333333334,0.09829787,2.956053636602158e-20,6.059423472556664e-33,1.7139770986635662e-25,4.965861409540817e-49,1.2477970083728526e-31,2.9560364968180876e-20,0.0,0.0
16.2,0.09829787,2.317102451548795e-20,5.053789729211999e-33,1.46630938741177e-25,3.4570594572865336e-49,9.188710979106398e-32,2.3170877884452268e-20,0.0,0.0
16.216666666666665,0.09829787,1.8160397634529336e-20,4.2149524462998326e-33,1.2544086153916982e-25,2.4065395642430998e-49,6.765926690309448e-32,1.816027219359592e-20,0.0,0.0
16.233333333333334,0.09829787,1.4231577709818362e-20,3.515263449814317e-33,1.0731125834739575e-25,1.6751480662024964e-49,4.981524498551168e-32,1.4231470398506683e-20,0.0,0.0
16.25,0.09829787,1.115138233568382e-20,2.9316546416153788e-33,9.18003688286992e-26,1.1659705071379575e-49,3.6674126477564073e-32,1.1151290535275385e-20,0.0,0.0
16.266666666666666,0.09829787,8.736806294299358e-21,2.4448797724564346e-33,7.853015897619232e-26,8.115144044126959e-50,2.699728233677756e-32,8.73672776411094e-21,0.0,0.0
16.283333333333335,0.09361702,6.844243105753626e-21,2.0388816560526323e-33,6.717713403959638e-26,5.647800335471391e-50,1.987207945725235e-32,6.844175928597676e-21,0.0,0.0
16.3,0.09361702,5.361017680835506e-21,1.7002640852169857e-33,5.746447504054104e-26,3.9304022628917423e-50,1.4626142842097942e-32,5.360960216344139e-21,0.0,0.0
16.316666666666666,0.08893617,4.1987354617620786e-21,1.4178511374696385e-33,4.915530831412787e-26,2.735075763848646e-50,1.0764150595398632e-32,4.198686306441583e-21,0.0,0.0
16.333333333333332,0.08893617,3.288059086220108e-21,1.182319418214919e-33,4.20469449312422e-26,1.9031654420087117e-50,7.921244284185958e-33,3.2880170392660732e-21,0.0,0.0
16.35,0.084255315,2.5746067387555585e-21,9.858911779071861e-34,3.5965950331354467e-26,1.3242155224306349e-50,5.828690045793416e-33,2.5745707727984126e-21,0.0,0.0
16.366666666666667,0.079574466,2.0157317516223608e-21,8.220782335371764e-34,3.0763924595415394e-26,9.213314182970529e-51,4.28857147443877e-33,2.015700987692655e-21,0.0,0.0
16.383333333333333,0.079574466,1.5779944585950158e-21,6.85468289347222e-34,2.631389099772527e-26,6.409856239425997e-51,3.155140490992298e-33,1.5779681447001775e-21,0.0,0.0
16.4,0.074893616,1.235177762385052e-21,5.715466412900938e-34,2.2507205209875153e-26,4.459190465120608e-51,2.321075832831217e-33,1.2351552551769496e-21,0.0,0.0
16.416666666666668,0.074893616,9.66729689857061e-22,4.765474097653306e-34,1.9250910144607752e-26,3.101981513477418e-51,1.707358625314395e-33,9.667104389447325e-22,0.0,0.0
16.433333333333334,0.07021277,7.565412221955741e-22,3.973294135101199e-34,1.6465472227474702e-26,2.157734270904423e-51,1.255813615307425e-33,7.565247567216934e-22,0.0,0.0
16.45,0.07021277,5.919873503486828e-22,3.3127260583377826e-34,1.408284413030163e-26,1.5008331265897412e-51,9.236147215609203e-34,5.919732675032977e-22,0.0,0.0
16.466666666666665,0.06553192,4.63174761429572e-22,2.7619166909732154e-34,1.2044806916152885e-26,1.0438609915100849e-51,6.792379496623716e-34,4.631627166217004e-22,0.0,0.0
16.483333333333334,0.060851064,3.623517079776371e-22,2.3026392651656417e-34,1.0301551321982e-26,7.259870336523157e-52,4.994806686845752e-34,3.623414064255854e-22,0.0,0.0
16.5,0.060851064,2.8344515621788144e-22,1.9196920043518538e-34,8.810463706342979e-27,5.048834242774292e-52,3.6726646997550627e-34,2.8343634575361585e-22,0.0,0.0
16.516666666666666,0.056170214,2.216978080384596e-22,1.6003963855507516e-34,7.535087155647396e-27,3.510989513552471e-52,2.7002870717053456e-34,2.216902729508739e-22,0.0,0.0
16.533333333333335,0.056170214,1.733834819550527e-22,1.3341785706947776e-34,6.444232493645767e-27,2.4414297946400828e-52,1.9852027027294667e-34,1.733770377222271e-22,0.0,0.0
16.55,0.05148936,1.3558396503073032e-22,1.1122202294144672e-34,5.5112175779052e-27,1.697599946816253e-52,1.4593727913780028e-34,1.3557845381289524e-22,0.0,0.0
16.566666666666666,0.04680851,1.0601408123264255e-22,9.271672565901271e-35,4.713216382134037e-27,1.180328750503962e-52,1.0727395662933522e-34,1.0600936801606043e-22,0.0,0.0
16.583333333333332,0.04680851,8.288457483956632e-23,7.728867915187233e-35,4.0307020296879584e-27,8.20629743071386e-53,7.88477344305084e-35,8.28805441373805e-23,0.0,0.0
16.6,0.042127658,6.479464756456664e-23,6.442645341106439e-35,3.446970225996327e-27,5.705165798907397e-53,5.794970126860359e-35,6.479120059421826e-23,0.0,0.0
16.616666666666667,0.042127658,5.064774652618319e-23,5.370356792150041e-35,2.9477314913043232e-27,3.966122721985256e-53,4.258733281871158e-35,5.0644798794595594e-23,0.0,0.0
16.633333333333333,0.042127658,3.958558043633209e-23,4.4764389644335037e-35,2.5207622673192846e-27,2.7570268802686234e-53,3.129515688654277e-35,3.958305967398871e-23,0.0,0.0
16.65,0.037446808,3.0936424584999097e-23,3.7312370601389614e-35,2.1556064026247032e-27,1.9164298987408315e-53,2.29954264147179e-35,3.0934268978536166e-23,0.0,0.0
16.666666666666668,0.037446808,2.4174625195947385e-23,3.110023714602127e-35,1.8433197467531696e-27,1.332054736198397e-53,1.6895600595710265e-35,2.4172781876152637e-23,0.0,0.0
16.683333333333334,0.037446808,1.888888062909157e-23,2.5921807282664355e-35,1.5762516313030146e-27,9.258241602151423e-54,1.2412916182813238e-35,1.8887304377421935e-23,0.0,0.0
16.7,0.03276596,1.4757400084246798e-23,2.1605166030980865e-35,1.3478579138562544e-27,6.434463821520202e-54,9.118895088541424e-36,1.4756052226302217e-23,0.0,0.0
16.716666666666665,0.03276596,1.1528450838000009e-23,1.8006973581736384e-35,1.1525410284815243e-27,4.471711119477139e-54,6.69852231801842e-36,1.1527298296946822e-23,0.0,0.0
16.733333333333334,0.03276596,9.00512689999214e-24,1.5007718330132847e-35,9.855131439106185e-28,3.107511510735446e-54,4.9202183304758254e-36,9.004141386828302e-24,0.0,0.0
16.75,0.028085107,7.033424370124545e-24,1.2507758025567368e-35,8.426790930172207e-28,2.159382061627804e-54,3.6137532810553225e-36,7.032581691015407e-24,0.0,0.0
16.766666666666666,0.028085107,5.492906678932359e-24,1.0424018268482833e-35,7.205362186524592e-28,1.5004588011981366e-54,2.654003932497141e-36,5.4921861427006286e-24,0.0,0.0
16.783333333333335,0.028085107,4.2893980460467744e-24,8.687239269879902e-36,6.160886928940436e-28,1.0425493195685374e-54,1.9490085419517667e-36,4.288781957343244e-24,0.0,0.0
16.8,0.028085107,3.34926511499016e-24,7.23967988024622e-36,5.267742193468127e-28,7.243478832036652e-55,1.4311831605358176e-36,3.3487383407621424e-24,0.0,0.0
16.816666666666666,0.028085107,2.6149420506372428e-24,6.033202987378466e-36,4.504013298590246e-28,5.032409080561616e-55,1.050863149807633e-36,2.6144916493002996e-24,0.0,0.0
16.833333333333332,0.028085107,2.0414290944252726e-24,5.027678973472081e-36,3.850957452204631e-28,3.4960926887638694e-55,7.715547566258016e-37,2.041043998674253e-24,0.0,0.0
16.85,0.028085107,1.5935531146075246e-24,4.189654425345032e-36,3.2925449035879366e-28,2.4286688355599703e-55,5.664442337786969e-37,1.5932238601124097e-24,0.0,0.0
16.866666666666667,0.023404256,1.2438245573252075e-24,3.491242053644094e-36,2.8150664362261667e-28,1.687066199391691e-55,4.158316636382734e-37,1.2435430506776779e-24,0.0,0.0
16.883333333333333,0.023404256,9.707611384180992e-25,2.90919508588147e-36,2.406797615275692e-28,1.1718567121847309e-55,3.052446842173248e-37,9.705204586533572e-25,0.0,0.0
16.9,0.023404256,7.57576763969145e-25,2.4241354949878434e-36,2.0577115878285993e-28,8.139459429198481e-56,2.2405208503372746e-37,7.57370992807714e-25,0.0,0.0
16.916666666666668,0.023404256,5.91156214018934e-25,2.019910510631999e-36,1.7592334187406054e-28,5.653213355501455e-56,1.6444488277250167e-37,5.909802906748756e-25,0.0,0.0
16.933333333333334,0.023404256,4.612533893230698e-25,1.683056102496655e-36,1.5040299583885574e-28,3.9262147574493318e-56,1.206875292206169e-37,4.611029863254272e-25,0.0,0.0
16.95,0.023404256,3.598644406860141e-25,1.402349662864966e-36,1.2858301060018445e-28,2.726664382888674e-56,8.856767661974109e-38,3.59735857673923e-25,0.0,0.0
16.966666666666665,0.023404256,2.807376857254696e-25,1.1684370669614105e-36,1.0992710742819576e-28,1.8935133694630114e-56,6.499187907445833e-38,2.80627758616808e-25,0.0,0.0
16.983333333333334,0.023404256,2.1899050482146936e-25,9.735217508465579e-37,9.397668959438017e-29,1.3148742480564242e-56,4.768854614052396e-38,2.188965281308538e-25,0.0,0.0
17.0,0.023404256,1.7080989481135796e-25,8.111054995205572e-37,8.0339595605059e-29,9.130179435200367e-57,3.498971286704654e-38,1.707295552149068e-25,0.0,0.0
17.016666666666666,0.018723404,1.332184361474436e-25,6.757723499914048e-37,6.868047987955077e-29,6.339481667601402e-57,2.567072537526248e-38,1.331497556668626e-25,0.0,0.0
17.033333333333335,0.018723404,1.0389140262543933e-25,5.6300844194699125e-37,5.871258550389732e-29,4.401570140620753e-57,1.8832480487647554e-38,1.038326900393536e-25,0.0,0.0
17.05,0.018723404,8.101385202758649e-26,4.690518394815922e-37,5.0190707712152947e-29,3.055913355986732e-57,1.3814930076470804e-38,8.096366131939147e-26,0.0,0.0
17.066666666666666,0.018723404,6.316896877716273e-26,3.907673404098043e-37,4.290517585390682e-29,2.1215539136717716e-57,1.0133554099625799e-38,6.312606360090792e-26,0.0,0.0
17.083333333333332,0.018723404,4.9250832945483065e-26,3.255421178650409e-37,3.6676706508060627e-29,1.4728103516671268e-57,7.432706391730555e-39,4.921415623864203e-26,0.0,0.0
17.1,0.018723404,3.8396278777447903e-26,2.711987294960077e-37,3.1352001706180284e-29,1.0223965950121743e-57,5.451354247660397e-39,3.836492677546507e-26,0.0,0.0
17.116666666666667,0.018723404,2.9931670418685314e-26,2.259226054762271e-37,2.679998445369506e-29,7.096951929961328e-58,3.997921141322864e-39,2.99048704340017e-26,0.0,0.0
17.133333333333333,0.018723404,2.333133328144864e-26,1.8820160677087475e-37,2.2908579328253346e-29,4.926112505638027e-58,2.9318151387785843e-39,2.3308424701929254e-26,0.0,0.0
17.15,0.018723404,1.818509169998106e-26,1.5677564554747606e-37,1.958195927222345e-29,3.4191399130865976e-58,2.1498671924123426e-39,1.8165509740549908e-26,0.0,0.0
17.166666666666668,0.018723404,1.4172920420707595e-26,1.3059469351941899e-37,1.6738191106020493e-29,2.373064773089485e-58,1.576374927059032e-39,1.4156182229469404e-26,0.0,0.0
17.183333333333334,0.018723404,1.104515287459366e-26,1.0878378242550195e-37,1.4307222049297363e-29,1.6469581915062184e-58,1.155793873767559e-39,1.1030845652434423e-26,0.0,0.0
17.2,0.018723404,8.607029557505616e-27,9.061383298930341e-38,1.2229157886232139e-29,1.1429728319859917e-58,8.473725398755559e-40,8.594800399527923e-27,0.0,0.0
17.216666666666665,0.018723404,6.706635910126458e-27,7.547734225657587e-38,1.0452790553209012e-29,7.931762085138655e-59,6.2121460286049654e-40,6.69618311949715e-27,0.0,0.0
17.233333333333334,0.018723404,5.22548704466642e-27,6.286812058632334e-38,8.934339036417343e-30,5.504070350926553e-59,4.553887956524931e-40,5.216552705566679e-27,0.0,0.0
17.25,0.018723404,4.0711791862175576e-27,5.23644041185327e-38,7.636372692690169e-30,3.8192570237213194e-59,3.3380787838538312e-40,4.0635428134721695e-27,0.0,0.0
17.266666666666666,0.018723404,3.171654696016837e-27,4.3614780716453624e-38,6.526890576853212e-30,2.6500526002963957e-59,2.4467214018821687e-40,3.1651278053961245e-27,0.0,0.0
17.283333333333335,0.018723404,2.47072677580663e-27,3.632646090205796e-38,5.5785341822810954e-30,1.8387000442176298e-59,1.793272528311028e-40,2.4651482415878433e-27,0.0,0.0
17.3,0.0140425535,1.9245874802675226e-27,3.025550327002234e-38,4.7679142716792705e-30,1.2756988021980162e-59,1.3142622828400662e-40,1.9198195659654564e-27,0.0,0.0
17.316666666666666,0.0140425535,1.4990832293025791e-27,2.519866886387215e-38,4.075035272322285e-30,8.850470570618845e-60,9.63145511965071e-41,1.4950081940049619e-27,0.0,0.0
17.333333333333332,0.0140425535,1.1675893205764281e-27,2.098663318363306e-38,3.482803102480566e-30,6.139961020171455e-60,7.057908335618445e-41,1.1641065174528903e-27,0.0,0.0
17.35,0.0140425535,1.1607399188331723e-10,1.7478329665043092e-38,2.976604342073841e-30,4.2593760650383617e-60,5.171714056202898e-41,9.063752886246016e-28,1.1607399188331723e-10,0.0
17.366666666666667,0.0140425535,3.1432555354766285e-08,1.4556236125283793e-38,2.54394641077853e-30,2.9546603303708204e-60,3.789374361773749e-41,7.056507024102843e-28,3.1432555354766285e-08,0.0
17.383333333333333,0.0140425535,7.487155842740084e-07,1.2122447058961012e-38,2.1741499137092522e-30,2.0495117939252533e-60,2.776356105840749e-41,5.493360270089195e-28,7.487155842740084e-07,0.0
17.4,0.0140425535,6.5921240462589584e-06,1.0095400833019342e-38,1.8580855950339246e-30,1.4215909473062918e-60,2.0340311896957587e-41,4.276152284616633e-28,6.5921240462589584e-06,0.0
17.416666666666668,0.018723404,3.364315409704373e-05,8.407152639179899e-39,1.5879494348023075e-30,9.860077412447368e-61,1.490098435409851e-41,3.3283977045179822e-28,3.364315409704373e-05,0.0
17.433333333333334,0.018723404,0.00012160837026219964,7.001102241925761e-39,1.3570703606884106e-30,6.838605144689526e-61,1.0915593430769932e-41,2.590504943895421e-28,0.00012160837026219964,0.0
17.45,0.018723404,0.00034645872090538054,5.830100712966971e-39,1.1597458471929215e-30,4.7428167099774056e-61,7.995670978388984e-42,2.0160485552632625e-28,0.00034645872090538054,0.0
17.466666666666665,0.018723404,0.0008292259409505631,4.85487297311766e-39,9.911013597469012e-31,3.2891739508227916e-61,5.856494995139084e-42,1.5688632435971477e-28,0.0008292259409505631,0.0
17.483333333333334,0.018723404,0.0017374106485721972,4.042703489412102e-39,8.469701868755947e-31,2.2809675671573157e-61,4.289395222370053e-42,1.220778616503262e-28,0.0017374106485721972,0.0
17.5,0.018723404,0.0032775183130604396,3.3663412491204363e-39,7.23790704481369e-31,1.5817331760266073e-61,3.141448194506158e-42,9.49853545484221e-29,0.0032775183130604396,0.0
17.516666666666666,0.023404256,0.005679446771418474,2.8030874448541823e-39,6.185185446576513e-31,1.096804594878167e-61,2.300591001316029e-42,7.390000628756644e-29,0.005679446771418474,0.0
17.533333333333335,0.028085107,0.009175142200649768,2.334035399458441e-39,5.285515077594752e-31,7.605141515134268e-62,1.684708361336017e-42,5.749109448880233e-29,0.009175142200649768,0.0
17.55,0.03276596,0.013974833161838484,1.9434373386190604e-39,4.516653697045425e-31,5.273117108048042e-62,1.2336329731131885e-42,4.4722403122800127e-29,0.013974833161838484,0.0
17.566666666666666,0.037446808,0.020244252553929126,1.6181768521356073e-39,3.8595900435082315e-31,3.656029470936435e-62,9.032817827157036e-43,3.478710754963763e-29,0.020244252553929126,0.0
17.583333333333332,0.04680851,0.02808574603575413,1.347329412521903e-39,3.2980746985914427e-31,2.5347445036724346e-62,6.613581356022625e-43,2.7057042094677586e-29,0.02808574603575413,0.0
17.6,0.05148936,0.0375252887010393,1.1217962594488408e-39,2.81821903822229e-31,1.7572801299034543e-62,4.842018400614982e-43,2.1043176591233372e-29,0.0375252887010393,0.0
17.616666666666667,0.060851064,0.048506425743657176,9.33999408460298e-40,2.408152394328109e-31,1.2182325184567798e-62,3.544806850977683e-43,1.6364827852004733e-29,0.048506425743657176,0.0
17.633333333333333,0.07021277,0.0608912030604069,7.77627583968474e-40,2.0577289818195474e-31,8.445042383275588e-63,2.5949873274141383e-43,1.2725677533921902e-29,0.0608912030604069,0.0
17.65,0.084255315,0.07446738072377916,6.474245778043531e-40,1.7582773704141552e-31,5.854044359179982e-63,1.8995667008339366e-43,9.895093213272521e-30,0.07446738072377916,0.0
17.666666666666668,0.09361702,0.08896068454986181,5.390129522503211e-40,1.5023863279633972e-31,4.05782009081658e-63,1.3904347480527802e-43,7.69358112467684e-30,0.08896068454986181,0.0
17.683333333333334,0.10765957,0.10405055735642225,4.487471877788075e-40,1.2837217572908759e-31,2.8126276633570145e-63,1.0177088503959918e-43,5.981457564252247e-30,0.10405055735642225,0.0
17.7,0.12170213,0.11938779637192423,3.73591360045159e-40,1.0968702140998592e-31,1.9494605417977135e-63,7.448579868873037e-44,4.650027505145549e-30,0.11938779637192423,0.0
17.716666666666665,0.13574468,0.1346125614694192,3.1101725086388624e-40,9.372051480730305e-32,1.351137277796776e-63,5.451305351698077e-44,3.6147160750760615e-30,0.1346125614694192,0.0
17.733333333333334,0.14978723,0.14937145789711026,2.5891948129143597e-40,8.007725689456193e-32,9.36412919421114e-64,3.9893740293329664e-44,2.8097209917352542e-30,0.14937145789711026,0.0
17.75,0.16382979,0.16333268577725554,2.1554482434899938e-40,6.841933178427798e-32,6.489605280832125e-64,2.9193511136969224e-44,2.1838494794826653e-30,0.16333268577725554,0.0
17.766666666666666,0.17787234,0.1761985625734123,1.794333293457749e-40,5.845795332901724e-32,4.4973035702360245e-64,2.136216899129436e-44,1.697277555338068e-30,0.1761985625734123,0.0
17.783333333333335,0.18723404,0.18771502939157353,1.4936928504417606e-40,4.994632510941312e-32,3.116515069250153e-64,1.5630825409033346e-44,1.3190275180871872e-30,0.18771502939157353,0.0
17.8,0.19659574,0.19767802317856795,1.2434037823949005e-40,4.2673537634219166e-32,2.1595806871122774e-64,1.1436579115007148e-44,1.0250046226823768e-30,0.19767802317856795,0.0
17.816666666666666,0.20595744,0.20593682009969863,1.035036787059844e-40,3.645935214520079e-32,1.4964178658557637e-64,8.367353838488178e-45,7.964690964928336e-31,0.20593682009969863,0.0
17.833333333333332,0.2106383,0.21239462430070086,8.615731005404619e-41,3.114974227867265e-32,1.0368588748980528e-64,6.121502186781658e-45,6.188470555109165e-31,0.21239462430070086,0.0
17.85,0.21531914,0.2170067909144452,7.171685648493078e-41,2.661308352316553e-32,7.184057468302716e-65,4.478224572455938e-45,4.808052232479157e-31,0.2170067909144452,0.0
17.866666666666667,0.22,0.219777137051945,5.969571408574322e-41,2.2736896389298973e-32,4.9774097972093295e-65,3.27590893474116e-45,3.735309802590032e-31,0.219777137051945,0.0
17.883333333333333,0.22,0.22075281687328566,4.968872747959486e-41,1.9425062866290413e-32,3.448422886617776e-65,2.3962712136070985e-45,2.901722204699753e-31,0.22075281687328566,0.0
17.9,0.22,0.22001822526376724,4.135856275340188e-41,1.6595447416045185e-32,2.3890279276930145e-65,1.7527437373961248e-45,2.2540157416756404e-31,0.22001822526376724,0.0
17.916666666666668,0.22,0.21768835799353187,3.4424359309983846e-41,1.4177863737757773e-32,1.6550289276788685e-65,1.281974200748665e-45,1.750774097582627e-31,0.21768835799353187,0.0
17.933333333333334,0.21531914,0.2139020028447616,2.8652279700003685e-41,1.2112337069305054e-32,1.1464989797134013e-65,9.37602286830271e-46,1.3598014052162847e-31,0.2139020028447616,0.0
17.95,0.2106383,0.20881507336855779,2.3847640138610264e-41,1.034761908649518e-32,7.94192064789163e-66,6.857039401361563e-46,1.0560712294695524e-31,0.20881507336855779,0.0
17.966666666666665,0.2012766,0.2025943307351381,1.9848357431340388e-41,8.839918697191728e-33,5.501248556032126e-66,5.014565963981443e-46,8.20131393019256e-32,0.2025943307351381,0.0
17.983333333333334,0.19659574,0.19541167426955755,1.6519492197998082e-41,7.551817358031951e-33,3.8104907378760963e-66,3.666982777584189e-46,6.368634211613433e-32,0.19541167426955755,0.0
18.0,0.18723404,0.18743912112478456,1.3748705070459206e-41,6.45134209828978e-33,2.639274348249625e-66,2.6814105307541123e-46,4.945178398588455e-32,0.18743912112478456,0.0
18.016666666666666,0.17787234,0.17884454236874184,1.1442473182104797e-41,5.511173330671665e-33,1.8279832483558625e-66,1.960635084560316e-46,3.839640405319683e-32,0.17884454236874184,0.0
18.03333333333333,0.16851063,0.16978817779281416,9.522939789117465e-42,4.707967858500277e-33,1.2660300058441093e-66,1.43353845379273e-46,2.9810702913664144e-32,0.16978817779281416,0.0
18.05,0.16382979,0.16041991542746317,7.925291121956644e-42,4.021780334901953e-33,8.767988322302251e-67,1.0480961871773674e-46,2.3143396408309982e-32,0.16041991542746317,0.0
18.066666666666663,0.15446809,0.15087729391000096,6.595572271213697e-42,3.435568862468636e-33,6.072117494330892e-67,7.662531090118496e-47,1.796616260170464e-32,0.15087729391000096,0.0
18.08333333333333,0.14042553,0.14128416589268777,5.4888686589863754e-42,2.9347725013857355e-33,4.204987153043069e-67,5.6017377101636835e-47,1.3946237292061538e-32,0.14128416589268777,0.0
18.1,0.13106383,0.13174994773130158,4.567791929204855e-42,2.5069502315171084e-33,2.9118804850658074e-67,4.094989558628593e-47,1.0825112164336256e-32,0.13174994773130158,0.0
18.116666666666667,0.12170213,0.12236937372830549,3.8012193196553004e-42,2.141472433237986e-33,2.016354303819826e-67,2.99338399093888e-47,8.401977733891459e-33,0.12236937372830549,0.0
18.133333333333333,0.11702128,0.11322267114306005,3.1632440978386555e-42,1.829257250418832e-33,1.3961903672494185e-67,2.1880224008405568e-47,6.52085509654085e-33,0.11322267114306005,0.0
18.15,0.10765957,0.10437607396848819,2.6323017379353052e-42,1.5625453089202265e-33,9.667339707415139e-68,1.59926668430351e-47,5.0605953182066674e-33,0.10437607396848819,0.0
18.166666666666668,0.09829787,0.09588259812752577,2.1904424250129038e-42,1.3347072126470015e-33,6.693510288501939e-68,1.1688799365151623e-47,3.9271079440173426e-33,0.09588259812752577,0.0
18.183333333333334,0.08893617,0.08778300738937202,1.822725393487989e-42,1.1400790500685914e-33,4.634315155258582e-68,8.542773644115702e-48,3.0473221633907997e-33,0.08778300738937202,0.0
18.2,0.084255315,0.08010690719407894,1.5167147048290196e-42,9.73821837140985e-34,3.208499146673835e-68,6.243210348886959e-48,2.3644946468354454e-33,0.08010690719407894,0.0
18.216666666666665,0.079574466,0.07287391208375298,1.2620594821332428e-42,8.318014148894689e-34,2.2212788742609645e-68,4.562440372002769e-48,1.834563985079378e-33,0.07287391208375298,0.0
18.23333333333333,0.07021277,0.06609484107480729,1.0501444610723591e-42,7.104858261512154e-34,1.5377619074604963e-68,3.334008419789932e-48,1.4233184686498179e-33,0.06609484107480729,0.0
18.25,0.06553192,0.059772903691436174,8.737990832131163e-43,6.06857628642535e-34,1.0645351959260662e-68,2.4362201469415116e-48,1.1041958919791353e-33,0.059772903691436174,0.0
18.266666666666666,0.060851064,0.05390484724315474,7.270553283506511e-43,5.183389712933879e-34,7.369125006722421e-69,1.7801098607674627e-48,8.565744536642801e-34,0.05390484724315474,0.0
18.28333333333333,0.056170214,0.048482043086482914,6.049461234391594e-43,4.4272757681785624e-34,5.101017980811954e-69,1.30064150381791e-48,6.644452233085371e-34,0.048482043086482914,0.0
18.3,0.05148936,0.04349149595527133,5.03337532100392e-43,3.7814204357699152e-34,3.530879326086889e-69,9.502743928141813e-49,5.15381054293013e-34,0.04349149595527133,0.0
18.316666666666663,0.05148936,0.03891676592838073,4.187890664477526e-43,3.2297511061009953e-34,2.443959719864346e-69,6.942584084426703e-49,3.997357956055311e-34,0.03891676592838073,0.0
18.33333333333333,0.04680851,0.03473879722699516,3.484374103256427e-43,2.758537269730297e-34,1.6915717295945814e-69,5.071939468512481e-49,3.100224037341228e-34,0.03473879722699516,0.0
18.35,0.042127658,0.03093665183074264,2.8989963187819412e-43,2.3560493510194424e-34,1.1707712689791915e-69,3.705167565653925e-49,2.404300180329958e-34,0.03093665183074264,0.0
18.366666666666667,0.042127658,0.027488148929951314,2.411926201476845e-43,2.0122672198698702e-34,8.102872668521576e-70,2.7065908571004115e-49,1.8644897121002365e-34,0.027488148929951314,0.0
18.383333333333333,0.037446808,0.024370413564450962,2.006660272533868e-43,1.7186311505635928e-34,5.6077849329538235e-70,1.977053482835864e-49,1.4457962934557084e-34,0.024370413564450962,0.0
18.4,0.037446808,0.02156033951909279,1.6694645300766234e-43,1.4678290488281981e-34,3.880870204100851e-70,1.4440936601913551e-49,1.1210633529575389e-34,0.02156033951909279,0.0
18.416666666666668,0.03276596,0.0190349727372008,1.3889098790567045e-43,1.2536146673292532e-34,2.6856683185304995e-70,1.0547596937874935e-49,8.692190923694133e-35,0.0190349727372008,0.0
18.433333333333334,0.03276596,0.016771822259003456,1.1554854603602559e-43,1.0706522981131648e-34,1.8584940685550688e-70,7.703587047922421e-50,6.739140773940225e-35,0.016771822259003456,0.0
18.45,0.03276596,0.014749106071657785,9.612768222231703e-44,9.143840870744634e-35,1.286043276975422e-70,5.626182965306924e-50,5.224636587919943e-35,0.014749106071657785,0.0
18.466666666666665,0.03276596,0.01294593934364989,7.996980646625084e-44,7.809166765685871e-35,8.898885999757325e-71,4.1088111433247196e-50,4.050270701095319e-35,0.01294593934364989,0.0
18.48333333333333,0.028085107,0.011342472374380554,6.652689088689294e-44,6.669243617101595e-35,6.157457368691956e-71,3.0005444309923327e-50,3.139702745923631e-35,0.011342472374380554,0.0
18.5,0.028085107,0.00991998527693985,5.53429159707701e-44,5.695663555684634e-35,4.260425243083505e-71,2.191117057423413e-50,2.433714610752487e-35,0.00991998527693985,0.0
18.516666666666666,0.028085107,0.008660945977546552,4.603842917099904e-44,4.864161085330746e-35,2.9477476651774364e-71,1.5999735915487256e-50,1.88637274939175e-35,0.008660945977546552,0.0
18.53333333333333,0.028085107,0.007549037600134997,3.82976939723984e-44,4.1540092624616123e-35,2.0394522051362095e-71,1.1682662938442135e-50,1.4620500485495222e-35,0.007549037600134997,0.0
18.55,0.028085107,0.006569160743040297,3.185799501446809e-44,3.547503860930895e-35,1.4109859416694673e-71,8.530073184893596e-51,1.1331148685238962e-35,0.006569160743040297,0.0
18.566666666666663,0.028085107,0.00570741557380493,2.650073768292775e-44,3.029522706401359e-35,9.761528381606266e-72,6.227957287338226e-51,8.781379003400488e-36,0.00570741557380493,0.0
18.58333333333333,0.023404256,0.004951068089061785,2.2044041197878285e-44,2.5871492301942146e-35,6.753034817599587e-72,4.546953684906854e-51,6.805008940934462e-36,0.004951068089061785,0.0
18.6,0.023404256,0.004288504325257158,1.8336574686241602e-44,2.2093508871212255e-35,4.671606370595929e-72,3.319537286966251e-51,5.2731725608675405e-36,0.004288504325257158,0.0
18.616666666666667,0.023404256,0.0037091757742300454,1.5252427729197916e-44,1.8867044442026818e-35,3.231615132156779e-72,2.4233534751088176e-51,4.0859465470941146e-36,0.0037091757742300454,0.0
18.633333333333333,0.023404256,0.0032035387632829418,1.268684183874995e-44,1.6111613112576325e-35,2.235420421708958e-72,1.7690424396115644e-51,3.1658541284760394e-36,0.0032035387632829418,0.0
18.65,0.023404256,0.002762990107197717,1.0552658420537609e-44,1.375847078963522e-35,1.5462689565902965e-72,1.2913444087738907e-51,2.452826045374745e-36,0.002762990107197717,0.0
18.666666666666668,0.023404256,0.002379800932075741,8.777363004465465e-45,1.1748902797841394e-35,1.0695402992040806e-72,9.426019772388482e-52,1.9002919742660486e-36,0.002379800932075741,0.0
18.683333333333334,0.023404256,0.002047050208459905,7.300625688154454e-45,1.0032761132416775e-35,7.397681231576436e-73,6.880137342617679e-52,1.4721489761419534e-36,0.002047050208459905,0.0
18.7,0.023404256,0.0017585592129846232,6.07225452110773e-45,8.567214973580764e-36,5.116588252097404e-73,5.0216731993667625e-52,1.1404103116079913e-36,0.0017585592129846232,0.0
18.716666666666665,0.023404256,0.0015088278618422258,5.0504925263982994e-45,7.315683381086741e-36,3.538765390279041e-73,3.665071377791978e-52,8.833820319606779e-37,0.0015088278618422258,0.0
18.73333333333333,0.023404256,0.0012929736229444638,4.2006006832156594e-45,6.246923615610909e-36,2.4474259991367145e-73,2.674848287734471e-52,6.842489545974167e-37,0.0012929736229444638,0.0
18.75,0.023404256,0.0011066735136469033,3.4936788704244276e-45,5.3342524025534614e-36,1.6925983521773686e-73,1.952084771917201e-52,5.299781707693241e-37,0.0011066735136469033,0.0
18.766666666666666,0.023404256,0.0009461095238801853,2.9056848251812164e-45,4.5548807591460924e-36,1.1705362138071903e-73,1.4245610549659931e-52,4.104688281456401e-37,0.0009461095238801853,0.0
18.78333333333333,0.023404256,0.0008079176670031883,2.4166178737183084e-45,3.8893458296576706e-36,8.09473136436949e-74,1.0395524569661806e-52,3.1789291076420713e-37,0.0008079176670031883,0.0
18.8,0.023404256,0.0006891407492106007,2.009839770112973e-45,3.32102558604526e-36,5.597662651905264e-74,7.585684434203174e-53,2.4618413784889484e-37,0.0006891407492106007,0.0
18.816666666666663,0.023404256,0.0005871848595647765,1.671509621726151e-45,2.8357243124983698e-36,3.8707733898625995e-74,5.53510964295811e-53,1.9064172267242384e-37,0.0005871848595647765,0.0
18.83333333333333,0.023404256,0.0004997795135582089,1.3901137439574377e-45,2.421318553159486e-36,2.676551254515854e-74,4.0386930705546047e-53,1.4762319565767506e-37,0.0004997795135582089,0.0
18.85,0.023404256,0.00042494133065817946,1.156074502638535e-45,2.067454706601765e-36,1.8507178886866885e-74,2.9467188884315406e-53,1.1430628542036204e-37,0.00042494133065817946,0.0
18.866666666666667,0.023404256,0.0003609410879070262,9.614248784945811e-46,1.7652907357522574e-36,1.2796516776826995e-74,2.1499079817494303e-53,8.850434246692202e-38,0.0003609410879070262,0.0
18.883333333333333,0.023404256,0.0003062739649942072,7.995377151528961e-46,1.507275559810827e-36,8.847697279516303e-75,1.5684996104073417e-53,6.852327380819536e-38,0.0003062739649942072,0.0
18.9,0.023404256,0.0002596327791857026,6.649004654894052e-46,1.286960632594316e-36,6.117242881504658e-75,1.1442802607466394e-53,5.305065867992551e-38,0.0002596327791857026,0.0
18.916666666666668,0.023404256,0.0002198839992583512,5.52927793367711e-46,1.0988390129327382e-36,4.2292974011839435e-75,8.347643912691427e-54,4.106981112957203e-38,0.0002198839992583512,0.0
18.933333333333334,0.023404256,0.00018604632455648953,4.598056712345176e-46,9.38207917182019e-37,2.923935619310677e-75,6.089463203333147e-54,3.179318042306942e-38,0.00018604632455648953,0.0
18.95,0.023404256,0.00015727161710236306,3.823616820123072e-46,8.010513285971436e-37,2.0214104765631298e-75,4.441991892794198e-54,2.46107405537481e-38,0.00015727161710236306,0.0
18.966666666666665,0.023404256,0.00013282798019824329,3.1795712242738274e-46,6.839397377696231e-37,1.3974246223423947e-75,3.2401135956252084e-54,1.9049997458925986e-38,0.00013282798019824329,0.0
18.98333333333333,0.023404256,0.00011208478518886082,2.6439724441042377e-46,5.83944514987507e-37,9.66027498530677e-76,2.3633416191403453e-54,1.47450003735023e-38,0.00011208478518886082,0.0
19.0,0.023404256,9.449945820719898e-05,2.1985658654714108e-46,4.9856477983660685e-37,6.677868334206608e-76,1.7237593262036252e-54,1.1412331339761757e-38,9.449945820719898e-05,0.0
19.016666666666666,0.028085107,7.960585014868076e-05,1.8281685957655613e-46,4.256649446893442e-37,4.616082113644766e-76,1.2572182622245554e-54,8.832502463781167e-39,7.960585014868076e-05,0.0
19.03333333333333,0.028085107,6.700402527918408e-05,1.5201527597381281e-46,3.6342137466536708e-37,3.1907777574102196e-76,9.169142573865388e-55,6.835543703663065e-39,6.700402527918408e-05,0.0
19.05,0.028085107,5.635131636110942e-05,1.2640156814873287e-46,3.1027683381371e-37,2.2054996239538017e-76,6.68699240077353e-55,5.289837784443689e-39,5.635131636110942e-05,0.0
19.066666666666663,0.028085107,4.7354506650623095e-05,1.0510223474765907e-46,2.649015813067353e-37,1.5244208043349697e-76,4.87659914740906e-55,4.0934710902071173e-39,4.7354506650623095e-05,0.0
19.08333333333333,0.028085107,3.976301132890985e-05,8.739079996271375e-47,2.261601471834004e-37,1.0536351195174469e-76,3.5562106428692814e-55,3.167533914488429e-39,3.976301132890985e-05,0.0
19.1,0.028085107,3.336294269594182e-05,7.266307494555302e-47,1.930829587559065e-37,7.282209105091094e-77,2.593236654310065e-55,2.4509309794429132e-39,3.336294269594182e-05,0.0
19.116666666666667,0.028085107,2.7971954645511595e-05,6.041658031394802e-47,1.6484210972278617e-37,5.032961792904382e-77,1.8909547896313143e-55,1.8963619783380986e-39,2.7971954645511595e-05,0.0
19.133333333333333,0.028085107,2.343477246794788e-05,5.023343008982431e-47,1.4073066732427053e-37,3.4783377225885765e-77,1.3788103142613251e-55,1.4672085028516788e-39,2.343477246794788e-05,0.0
19.15,0.028085107,1.9619323839345398e-05,4.1766095009146006e-47,1.2014500110294046e-37,2.4038509110107487e-77,1.0053385806918554e-55,1.1351230859979319e-39,1.9619323839345398e-05,0.0
19.166666666666668,0.028085107,1.6413395928459977e-05,3.4725560985939286e-47,1.0256969219038181e-37,1.6612348126935727e-77,7.330012010516614e-56,8.781620995032555e-40,1.6413395928459977e-05,0.0
19.183333333333334,0.028085107,1.3721751881673284e-05,2.887147991383543e-47,8.756464640638374e-38,1.1480010211863676e-77,5.344186399247167e-56,6.793398962895974e-40,1.3721751881673284e-05,0.0
19.2,0.03276596,1.1463647545546823e-05,2.400397771028465e-47,7.475408943305807e-38,7.933070695071114e-78,3.896217076669089e-56,5.2550921405121474e-40,1.1463647545546823e-05,0.0
19.216666666666665,0.03276596,9.570696180813598e-06,1.9956840849013492e-47,6.381716928205458e-38,5.48186349519841e-78,2.840464675124965e-56,4.064942606808285e-40,9.570696180813598e-06,0.0
19.23333333333333,0.03276596,7.985035144890018e-06,1.6591849497423136e-47,5.447993137801419e-38,3.787939154831978e-78,2.0707153398756412e-56,3.144194863669887e-40,7.985035144890018e-06,0.0
19.25,0.03276596,6.657754111702096e-06,1.3794064368411262e-47,4.6508465834983824e-38,2.617373490603003e-78,1.5095108236599568e-56,2.431898955889438e-40,6.657754111702096e-06,0.0
19.266666666666666,0.03276596,5.547549400718689e-06,1.1467906834342388e-47,3.970305575807437e-38,1.8084910943332432e-78,1.1003654499476222e-56,1.880887059453968e-40,5.547549400718689e-06,0.0
19.28333333333333,0.03276596,4.619573446190929e-06,9.533898835885556e-48,3.3893180389129986e-38,1.2495540933584233e-78,8.02089081073176e-57,1.4546587153895484e-40,4.619573446190929e-06,0.0
19.3,0.03276596,3.8444523976353105e-06,7.92595156673835e-48,2.8933248255500775e-38,8.633398797850274e-79,5.846463836724442e-57,1.1249696160617426e-40,3.8444523976353105e-06,0.0
19.316666666666663,0.03276596,3.197448347670971e-06,6.589110589178843e-48,2.4698953706888415e-38,5.964810337980364e-79,4.26136756472113e-57,8.699651165911175e-41,3.197448347670971e-06,0.0
19.33333333333333,0.037446808,2.6577457760821995e-06,5.477680569387933e-48,2.1084165791162318e-38,4.120971514938224e-79,3.105917020344396e-57,6.727354790466515e-41,2.6577457760821995e-06,0.0
19.35,0.037446808,2.207844519972499e-06,4.553665743323576e-48,1.7998271714096513e-38,2.847021615039384e-79,2.2636844377528982e-57,5.201976115778141e-41,2.207844519972499e-06,0.0
19.366666666666667,0.037446808,1.8330439672277174e-06,3.785472972668758e-48,1.5363908481506251e-38,1.9668449971183142e-79,1.649784292914754e-57,4.0222955965067875e-41,1.8330439672277174e-06,0.0
19.383333333333333,0.037446808,1.5210052597467712e-06,3.146833191398062e-48,1.3115026018590186e-38,1.3587443980219e-79,1.2023301706328411e-57,3.110006529546371e-41,1.5210052597467712e-06,0.0
19.4,0.042127658,1.261380116787356e-06,2.6159044806886555e-48,1.1195233342148906e-38,9.38628416846651e-80,8.762049161200074e-58,2.404531023955162e-41,1.261380116787356e-06,0.0
19.416666666666668,0.042127658,1.0454964773319099e-06,2.1745261961000458e-48,9.556386433254781e-39,6.483924825992177e-80,6.38517851214325e-58,1.8590082367737105e-41,1.0454964773319099e-06,0.0
19.433333333333334,0.042127658,8.660925409535114e-07,1.807598716520761e-48,8.15738249746726e-39,4.478892356773497e-80,4.652923117256439e-58,1.437189932734526e-41,8.660925409535114e-07,0.0
19.45,0.042127658,7.170919839686608e-07,1.502567664312669e-48,6.963130457366046e-39,3.093796188371201e-80,3.390503850629567e-58,1.1110382721805282e-41,7.170919839686608e-07,0.0
19.466666666666665,0.042127658,5.934141639769877e-07,1.2489950059524065e-48,5.943671926805312e-39,2.1369838303110167e-80,2.470518990853505e-58,8.58867067009887e-42,5.934141639769877e-07,0.0
19.48333333333333,0.04680851,4.90814021147216e-07,1.038202403376987e-48,5.073430677741573e-39,1.4760438937608484e-80,1.8001048300317164e-58,6.639036175863276e-42,4.90814021147216e-07,0.0
19.5,0.04680851,4.0574715661472373e-07,8.629746489300197e-49,4.3305718226778814e-39,1.0194967572018346e-80,1.3115749089498505e-58,5.1317601534171125e-42,4.0574715661472373e-07,0.0
19.516666666666666,0.04680851,3.352562329168761e-07,7.173130650826581e-49,3.69645467886105e-39,7.041432231809798e-81,9.555956418249018e-59,3.966522947614551e-42,3.352562329168761e-07,0.0
19.53333333333333,0.04680851,2.7687541250930626e-07,5.9623045367483e-49,3.1551656228455694e-39,4.86322963653082e-81,6.962112464771254e-59,3.06574460639382e-42,2.7687541250930626e-07,0.0
19.55,0.04680851,2.2855004043327877e-07,4.9558059628645206e-49,2.6931192444103818e-39,3.358746343825959e-81,5.072169724446055e-59,2.369432984867985e-42,2.2855004043327877e-07,0.0
19.566666666666663,0.04680851,1.8856919700542318e-07,4.1191648573380626e-49,2.298717816996234e-39,2.319627942086512e-81,3.6951531594540878e-59,1.8311984689900163e-42,1.8856919700542318e-07,0.0
19.58333333333333,0.04680851,1.555091055088738e-07,3.423724487232669e-49,1.962060560517917e-39,1.6019471717742752e-81,2.6918886356596814e-59,1.4151712800893211e-42,1.555091055088738e-07,0.0
19.6,0.04680851,1.2818568661466786e-07,2.8456613475735608e-49,1.674695418012448e-39,1.1062844811132697e-81,1.9609556275529244e-59,1.093617049618324e-42,1.2818568661466786e-07,0.0
19.616666666666667,0.05148936,1.0561481292554192e-07,2.365170242362984e-49,1.4294071312259558e-39,7.639664029845938e-82,1.4284483137906678e-59,8.450925776351914e-43,1.0561481292554192e-07,0.0
19.633333333333333,0.05148936,8.697903994209516e-08,1.965786724263405e-49,1.2200363084994973e-39,5.275584058290722e-82,1.0405128191946713e-59,6.530194603205724e-43,8.697903994209516e-08,0.0
19.65,0.05148936,7.159977939869981e-08,1.6338237477985935e-49,1.04132495388001e-39,3.64297104589867e-82,7.579080731033666e-60,5.045809534436886e-43,7.159977939869981e-08,0.0
19.666666666666668,0.05148936,5.891404206492542e-08,1.3579032896548508e-49,8.887845886267131e-40,2.5155318137910193e-82,5.520416913028505e-60,3.8986885883929635e-43,5.891404206492542e-08,0.0
19.683333333333334,0.05148936,4.845501387616463e-08,1.1285669318911813e-49,7.585836617721795e-40,1.736972203264217e-82,4.020809726219931e-60,3.012237952051323e-43,4.845501387616463e-08,0.0
19.7,0.05148936,3.9835845196641995e-08,9.379521000867776e-50,6.474514292511935e-40,1.1993471830610997e-82,2.9284749783217035e-60,2.3272503858065456e-43,3.9835845196641995e-08,0.0
19.716666666666665,0.05148936,3.2736131190222406e-08,7.795228905919161e-50,5.525958934100384e-40,8.281061382771973e-83,2.13282841200753e-60,1.7979603982044077e-43,3.2736131190222406e-08,0.0
19.73333333333333,0.05148936,2.689064431035748e-08,6.478462855484869e-50,4.71633746752434e-40,5.7176314551714155e-83,1.5533051175477525e-60,1.3889940262952927e-43,2.689064431035748e-08,0.0
19.75,0.05148936,2.2079950079200423e-08,5.384061047986405e-50,4.025305643762095e-40,3.947620716596448e-83,1.1312123451989363e-60,1.0730104430288718e-43,2.2079950079200423e-08,0.0
19.766666666666666,0.05148936,1.812259654266439e-08,4.474483330787e-50,3.4354974621825174e-40,2.7254851706011916e-83,8.237929246504348e-61,8.28878553594035e-44,1.812259654266439e-08,0.0
19.78333333333333,0.056170214,1.4868617719176794e-08,3.718525329823687e-50,2.9320892937542026e-40,1.8816610979579653e-83,5.998996225562709e-61,6.402672803343424e-44,1.4868617719176794e-08,0.0
19.8,0.056170214,1.2194133419922408e-08,3.090249456505365e-50,2.502427778873598e-40,1.2990569897655099e-83,4.36843401405256e-61,4.945557252260672e-44,1.2194133419922408e-08,0.0
19.816666666666663,0.056170214,9.996863214286319e-09,2.5680962241919484e-50,2.135712171330678e-40,8.968178679233703e-84,3.18097079587792e-61,3.8199066169318023e-44,9.996863214286319e-09,0.0
19.83333333333333,0.056170214,8.192402074279893e-09,2.1341454703263488e-50,1.8227231640422947e-40,6.191125205296062e-84,2.3162228650814005e-61,2.9503525340660396e-44,8.192402074279893e-09,0.0
19.85,0.056170214,6.711130230629692e-09,1.7735022054323327e-50,1.5555913968855124e-40,4.273898885324028e-84,1.686505716710847e-61,2.2786561735101975e-44,6.711130230629692e-09,0.0
19.866666666666667,0.056170214,5.495650754047491e-09,1.473786071659878e-50,1.3275998413774063e-40,2.950314108222296e-84,1.2279541489109163e-61,1.7598168568482767e-44,5.495650754047491e-09,0.0
19.883333333333333,0.056170214,4.498665968715885e-09,1.224706936866985e-50,1.133015105986002e-40,2.0365808735157741e-84,8.940532644634752e-62,1.3590642862126677e-44,4.498665968715885e-09,0.0
19.9,0.056170214,3.6812185456650105e-09,1.0177120963581074e-50,9.669434307532367e-41,1.4058030855992342e-84,6.50925962589173e-62,1.0495338377495952e-44,3.6812185456650105e-09,0.0
19.916666666666668,0.056170214,3.0112354639377318e-09,8.456930039586923e-51,8.252077588114035e-41,9.703687121716575e-85,4.739001014867059e-62,8.104698685205326e-45,3.0112354639377318e-09,0.0
19.933333333333334,0.056170214,2.4623233499192424e-09,7.027414907770808e-51,7.042428007803083e-41,6.697898681792032e-85,3.4500791998028275e-62,6.258371644702917e-45,2.4623233499192424e-09,0.0
19.95,0.056170214,2.0127723330629866e-09,5.839471233533499e-51,6.010054591649576e-41,4.623063861857667e-85,2.511646017878795e-62,4.8324785823675316e-45,2.0127723330629866e-09,0.0
19.966666666666665,0.056170214,1.6447327621998532e-09,4.852287607789864e-51,5.128983650345474e-41,3.1908822352600264e-85,1.828415733242973e-62,3.7313217728214175e-45,1.6447327621998532e-09,0.0
19.98333333333333,0.056170214,1.3435351404890434e-09,4.0319454089705456e-51,4.3770460809402643e-41,2.202324235573223e-85,1.3310018739197595e-62,2.880976436791283e-45,1.3435351404890434e-09,0.0
20.0,0.060851064,1.0971286524144628e-09,3.350254988678877e-51,3.735320219985555e-41,1.5199922452121708e-85,9.688791957442329e-63,2.224339185891828e-45,1.0971286524144628e-09,0.0
20.016666666666666,0.060851064,8.956178358422445e-10,2.783788304698685e-51,3.187656264379332e-41,1.0490378363357605e-85,7.052577834597895e-63,1.7173020358337462e-45,8.956178358422445e-10,0.0
20.03333333333333,0.060851064,7.308804328645149e-10,2.313074851589021e-51,2.720270321379848e-41,7.239867735997413e-86,5.133499044449714e-63,1.3257962443524451e-45,7.308804328645149e-10,0.0
20.05,0.056170214,5.962523498481744e-10,1.92193333133142e-51,2.3213978961501053e-41,4.996430431844203e-86,3.73651276387233e-63,1.0235083116314245e-45,5.962523498481744e-10,0.0
20.066666666666663,0.056170214,4.862680661547723e-10,1.5969161556150235e-51,1.980998116539798e-41,3.448091830868865e-86,2.7196116197097335e-63,7.90115377868868e-46,4.862680661547723e-10,0.0
20.08333333333333,0.056170214,3.9644683318138157e-10,1.3268477363736644e-51,1.6905012679911067e-41,2.3795103681471246e-86,1.979405557771215e-63,6.0992195642464344e-46,3.9644683318138157e-10,0.0
20.1,0.056170214,3.231166683369719e-10,1.1024407343224423e-51,1.4425932983745576e-41,1.6420493731891324e-86,1.4406225477651144e-63,4.708067647591401e-46,3.231166683369719e-10,0.0
20.116666666666667,0.056170214,2.632695289130815e-10,9.15977106390357e-52,1.231031880452624e-41,1.133116819243531e-86,1.0484632223595226e-63,3.6340914755744766e-46,2.632695289130815e-10,0.0
20.133333333333333,0.060851064,2.144421958591399e-10,7.610430135120601e-52,1.0504894118056508e-41,7.819033213004872e-87,7.630338598382932e-64,2.805006097626701e-46,2.144421958591399e-10,0.0
20.15,0.060851064,1.7461834676248248e-10,6.323084962075763e-52,8.964190082865933e-42,5.395371574243171e-87,5.5529284904000685e-64,2.1649936072725023e-46,1.7461834676248248e-10,0.0
20.166666666666668,0.060851064,1.4214808386043612e-10,5.253443599096818e-52,7.649401243493758e-42,3.722885017281454e-87,4.040992618400437e-64,1.6709534076769213e-46,1.4214808386043612e-10,0.0
20.183333333333334,0.060851064,1.1568183420663381e-10,4.364699876341884e-52,6.527409264038098e-42,2.5687857341319304e-87,2.940639482891897e-64,1.2896059696373513e-46,1.1568183420663381e-10,0.0
20.2,0.060851064,9.411607811674329e-11,3.626268579837444e-52,5.569949660387678e-42,1.7724180505481602e-87,2.139849875676708e-64,9.952558994326958e-47,9.411607811674329e-11,0.0
20.216666666666665,0.060851064,7.654880784186303e-11,3.0127342794430496e-52,4.7529005907906734e-42,1.2229100263271394e-87,1.557086239178341e-64,7.680642939769208e-47,7.654880784186303e-11,0.0
20.23333333333333,0.060851064,6.224298696531695e-11,2.5029777265334073e-52,4.0556758300533404e-42,8.43748349867545e-88,1.1330000009551197e-64,5.927144825950309e-47,6.224298696531695e-11,0.0
20.25,0.060851064,5.059658552093818e-11,2.07944983387321e-52,3.4607066696233445e-42,5.82132020009102e-88,8.243944897467926e-65,4.573816192290979e-47,5.059658552093818e-11,0.0
20.266666666666666,0.060851064,4.111801728361522e-11,1.7275683129163736e-52,2.95299971973423e-42,4.01624494679923e-88,5.998300515898008e-65,3.5293695877182203e-47,4.111801728361522e-11,0.0
20.28333333333333,0.060851064,3.340601321997256e-11,1.4352162520276205e-52,2.5197594967211073e-42,2.770824885601014e-88,4.364247512995266e-65,2.7233338891997654e-47,3.340601321997256e-11,0.0
20.3,0.060851064,2.7133136290635684e-11,1.1923254170857432e-52,2.1500663064187047e-42,1.9115610878846747e-88,3.1752548051223154e-65,2.1013094734902208e-47,2.7133136290635684e-11,0.0
20.316666666666663,0.060851064,2.2032283955151344e-11,9.905299634281983e-53,1.834601324060071e-42,1.3187349872167948e-88,2.310127177200577e-65,1.621304468167174e-47,2.2032283955151344e-11,0.0
20.33333333333333,0.060851064,1.788564106122769e-11,8.2287866478289e-53,1.5654119571864873e-42,9.097397097179183e-89,1.6806657039345614e-65,1.2509058680615494e-47,1.788564106122769e-11,0.0
20.35,0.060851064,1.4515641622105059e-11,6.835957735400729e-53,1.3357115905337233e-42,6.275770911970531e-89,1.2226860849589639e-65,9.650953541121506e-48,1.4515641622105059e-11,0.0
20.366666666666667,0.060851064,1.177757687720876e-11,5.678822962859807e-53,1.1397086760725215e-42,4.329197002807861e-89,8.894813095236235e-66,7.445629480325514e-48,1.177757687720876e-11,0.0
20.383333333333333,0.060851064,9.553551952907305e-12,4.717508562040784e-53,9.724608690704249e-43,2.986331283612677e-89,6.470635722341508e-66,5.744050790578499e-48,9.553551952907305e-12,0.0
20.4,0.060851064,7.747546841079296e-12,3.9188846732349903e-53,8.297505407153831e-43,2.059961084961277e-89,4.707012850031564e-66,4.431194699280111e-48,7.747546841079296e-12,0.0
20.416666666666668,0.060851064,6.2813813176805655e-12,3.255425042051932e-53,7.07978535311353e-43,1.4209227777022418e-89,3.423987471002765e-66,3.4182919998306756e-48,6.2813813176805655e-12,0.0
20.433333333333334,0.060851064,5.091419504323753e-12,2.7042594739115955e-53,6.040734988256815e-43,9.801045238133251e-90,2.4906192527135303e-66,2.6368371179128512e-48,5.091419504323753e-12,0.0
20.45,0.060851064,4.125879414025139e-12,2.2463864712156764e-53,5.154144971526685e-43,6.760281783527275e-90,1.8116360201514028e-66,2.0339642776706272e-48,4.125879414025139e-12,0.0
20.466666666666665,0.060851064,3.3426371576677425e-12,1.866018981703337e-53,4.39764976697551e-43,4.662810014383712e-90,1.317719661075841e-66,1.568878333053037e-48,3.3426371576677425e-12,0.0
20.48333333333333,0.060851064,2.7074354605497887e-12,1.5500407604098482e-53,3.752164051731217e-43,3.2160381272242936e-90,9.584371034454931e-67,1.2100997993112924e-48,2.7074354605497887e-12,0.0
20.5,0.060851064,2.192422523855792e-12,1.2875546489939976e-53,3.201401740065256e-43,2.2181209965299816e-90,6.970962773991416e-67,9.333384235431282e-49,2.192422523855792e-12,0.0
20.516666666666666,0.060851064,1.7749607027481536e-12,1.0695072354173287e-53,2.7314655159372827e-43,1.5298184059184862e-90,5.070029691110341e-67,7.198519520145645e-49,1.7749607027481536e-12,0.0
20.53333333333333,0.056170214,1.4366554871595181e-12,8.883769824975672e-54,2.3304965403562974e-43,1.0550794512352799e-90,3.687371334359453e-67,5.5517942883102504e-49,1.4366554871595181e-12,0.0
20.55,0.056170214,1.1625642963898452e-12,7.379150958404094e-54,1.9883755140197407e-43,7.276476158362721e-91,2.681710674336382e-67,4.281635913069425e-49,1.1625642963898452e-12,0.0
20.566666666666663,0.056170214,9.405519906512245e-13,6.129302149931381e-54,1.6964675680097484e-43,5.018197484019823e-91,1.950274213883979e-67,3.301964081114538e-49,9.405519906512245e-13,0.0
20.58333333333333,0.056170214,7.607660548810312e-13,5.091095186236518e-54,1.4474045583315265e-43,3.460709191391719e-91,1.4183002788850093e-67,2.5463684683373892e-49,7.607660548810312e-13,0.0
20.6,0.056170214,6.152093634166289e-13,4.2287008686301214e-54,1.2348992814978079e-43,2.3865647041769874e-91,1.0314056084510436e-67,1.9636156962315376e-49,6.152093634166289e-13,0.0
20.616666666666667,0.056170214,4.973924864840848e-13,3.512354046650206e-54,1.0535869318530472e-43,1.6457812026059383e-91,7.500316987825172e-68,1.5141822024265632e-49,4.973924864840848e-13,0.0
20.633333333333333,0.056170214,4.020508135320821e-13,2.9173275488527197e-54,8.988898071054709e-44,1.13491095351948e-91,5.454043738809901e-68,1.167578865280525e-49,4.020508135320821e-13,0.0
20.65,0.05148936,3.2491447774504504e-13,2.4230796847600364e-54,7.669018538308553e-44,7.826044467626686e-92,3.965943483022025e-68,9.002866473536565e-50,3.2491447774504504e-13,0.0
20.666666666666668,0.056170214,2.625212801557936e-13,2.0125459641998393e-54,6.542901442431561e-44,5.39651882801081e-92,2.883788265105874e-68,6.941637631623658e-50,2.625212801557936e-13,0.0
20.683333333333334,0.05148936,2.1206462052457227e-13,1.6715506431576256e-54,5.582108018669888e-44,3.721139673438777e-92,2.0968588758828666e-68,5.352167105700566e-50,2.1206462052457227e-13,0.0
20.7,0.05148936,1.712699192402882e-13,1.3883178292843888e-54,4.762372576086056e-44,2.5658375939659988e-92,1.5246285741713475e-68,4.1265207719913726e-50,1.712699192402882e-13,0.0
20.716666666666665,0.05148936,1.3829422032901708e-13,1.153065307126896e-54,4.0629902826425845e-44,1.7691852152995607e-92,1.108531314419405e-68,3.1814499927046763e-50,1.3829422032901708e-13,0.0
20.73333333333333,0.05148936,1.1164464970092848e-13,9.576670907638533e-55,3.466294745357834e-44,1.2198555636490819e-92,8.059738891863876e-69,2.4527478876437065e-50,1.1164464970092848e-13,0.0
20.75,0.05148936,9.011220555147758e-14,7.953730777545337e-55,2.95721221813327e-44,8.410746065583297e-93,5.859804296085011e-69,1.8908954278633075e-50,9.011220555147758e-14,0.0
20.766666666666666,0.05148936,7.271801252546878e-14,6.60576144482888e-55,2.522881200240665e-44,5.798980629010001e-93,4.2602434877601047e-69,1.4577026850817947e-50,7.271801252546878e-14,0.0
20.78333333333333,0.04680851,5.866970499699029e-14,5.486186567338069e-55,2.152327835908296e-44,3.998157047763844e-93,3.0972405569182835e-69,1.1237178629081455e-50,5.866970499699029e-14,0.0
20.8,0.04680851,4.7326039817495785e-14,4.556317268526302e-55,1.8361889314325588e-44,2.756507139653736e-93,2.2516697704029286e-69,8.662286668242396e-51,4.7326039817495785e-14,0.0
20.816666666666663,0.04680851,3.8168193292807775e-14,3.784016768097935e-55,1.5664756061255124e-44,1.9004196062859567e-93,1.6369059866247056e-69,6.677206445845734e-51,3.8168193292807775e-14,0.0
20.83333333333333,0.04680851,3.0776485807548355e-14,3.1425910372261968e-55,1.3363716174147426e-44,1.3101801575973344e-93,1.1899592604598265e-69,5.146880530555719e-51,3.0776485807548355e-14,0.0
20.85,0.04680851,2.4811512547265797e-14,2.6098672312306895e-55,1.1400612743038842e-44,9.032411082443866e-94,8.650272755272945e-70,3.967166700259658e-51,2.4811512547265797e-14,0.0
20.866666666666667,0.04680851,1.999885007775828e-14,2.1674281229624673e-55,9.725825991796107e-45,6.22683790025219e-94,6.288063205699557e-70,3.057763821833017e-51,1.999885007775828e-14,0.0
20.883333333333333,0.04680851,1.6116664214373645e-14,1.7999761361909593e-55,8.297020343957868e-45,4.292621928436791e-94,4.5708126370958116e-70,2.3567558746244733e-51,1.6116664214373645e-14,0.0
20.9,0.04680851,1.2985671251337471e-14,1.4948050450528088e-55,7.078075332024064e-45,2.959163491248367e-94,3.3224572384831765e-70,1.816404115750549e-51,1.2985671251337471e-14,0.0
20.916666666666668,0.04680851,1.046100760758068e-14,1.2413611168306918e-55,6.038173380855562e-45,2.039889054173531e-94,2.4149874369498965e-70,1.3999019581011624e-51,1.046100760758068e-14,0.0
20.933333333333334,0.042127658,8.425646673875804e-15,1.0308785587859783e-55,5.151021451286574e-45,1.4061622283140436e-94,1.755334472549178e-70,1.0788723808694883e-51,8.425646673875804e-15,0.0
20.95,0.042127658,6.785069697699212e-15,8.560766915981607e-56,4.3941869054726284e-45,9.692942293711771e-95,1.2758348276792918e-70,8.314380310059993e-52,6.785069697699212e-15,0.0
20.966666666666665,0.042127658,5.46295283665716e-15,7.109084004096658e-56,3.748530835991288e-45,6.681395360954196e-95,9.272965093596028e-71,6.407330082225921e-52,5.46295283665716e-15,0.0
20.98333333333333,0.042127658,4.397677427323889e-15,5.903511828139679e-56,3.197724558779848e-45,4.605428939353769e-95,6.739573772100147e-71,4.937552842356272e-52,4.397677427323889e-15,0.0
21.0,0.037446808,3.5395069918009126e-15,4.902335822830511e-56,2.7278370676145472e-45,3.174420068668159e-95,4.8981931597287175e-71,3.804818168717967e-52,3.5395069918009126e-15,0.0
21.016666666666666,0.037446808,2.84830411718156e-15,4.0709101610044208e-56,2.326983037822229e-45,2.1880141589132218e-95,3.5598285945444383e-71,2.9318624629777063e-52,2.84830411718156e-15,0.0
21.03333333333333,0.037446808,2.291684378013872e-15,3.3804602090599246e-56,1.985022494386156e-45,1.50809016204326e-95,2.5870927858708093e-71,2.2591281136918925e-52,2.291684378013872e-15,0.0
21.05,0.037446808,1.843523974256203e-15,2.807087814029499e-56,1.693304563055022e-45,1.0394317005278393e-95,1.880116213236611e-71,1.7407073050544533e-52,1.843523974256203e-15,0.0
21.066666666666663,0.037446808,1.4827535776385865e-15,2.3309450765713454e-56,1.4444488353300793e-45,7.16400872235432e-96,1.3663035288947102e-71,1.3412147231420569e-52,1.4827535776385865e-15,0.0
21.08333333333333,0.037446808,1.1923837095784848e-15,1.9355480785166751e-56,1.2321588273278035e-45,4.937507591577648e-96,9.928863152468075e-72,1.0333765092553296e-52,1.1923837095784848e-15,0.0
21.1,0.03276596,9.587173763186985e-16,1.6072068639026309e-56,1.0510628224237242e-45,3.4029141602638453e-96,7.215089668155586e-72,7.961714743795529e-53,9.587173763186985e-16,0.0
21.116666666666667,0.03276596,7.707141189618527e-16,1.3345519851509788e-56,8.965780786782841e-46,2.345231850099596e-96,5.242927436320458e-72,6.133981204760241e-53,7.707141189618527e-16,0.0
21.133333333333333,0.03276596,6.194764691179028e-16,1.1081412595859478e-56,7.64794971768378e-46,1.6162635168571918e-96,3.8097449376209554e-72,4.725699591346279e-53,6.194764691179028e-16,0.0
21.15,0.028085107,4.978353367812802e-16,9.201331507413992e-57,6.523781473563427e-46,1.1138588953510702e-96,2.7682666886917155e-72,3.640639399477128e-53,4.978353367812802e-16,0.0
21.166666666666668,0.028085107,4.000153409407411e-16,7.640154893741887e-57,5.564821862109106e-46,7.676085983868937e-97,2.0114533196511892e-72,2.8046401468905634e-53,4.000153409407411e-16,0.0
21.183333333333334,0.028085107,3.213647243374412e-16,6.343801601313969e-57,4.746796517847866e-46,5.289823167515308e-97,1.4615107957578404e-72,2.160551375247486e-53,3.213647243374412e-16,0.0
21.2,0.023404256,2.5813743326949827e-16,5.267359673072586e-57,4.048997025858678e-46,3.64530752595074e-97,1.0619013373210984e-72,1.6643323733955826e-53,2.5813743326949827e-16,0.0
21.216666666666665,0.023404256,2.0731732249790276e-16,4.373532118454848e-57,3.453757184424236e-46,2.5119957983891365e-97,7.715363829207849e-73,1.2820459101683598e-53,2.0731732249790276e-16,0.0
21.23333333333333,0.023404256,1.6647637049087832e-16,3.6313460717860276e-57,2.946006173828342e-46,1.7309933032948513e-97,5.605557202394381e-73,9.87541123316613e-54,1.6647637049087832e-16,0.0
21.25,0.023404256,1.3366034771385284e-16,3.015080714497255e-57,2.512887340720044e-46,1.1927890219509807e-97,4.072596033534222e-73,7.60667635335009e-54,1.3366034771385284e-16,0.0
21.266666666666666,0.018723404,1.072966403711366e-16,2.50337689528936e-57,2.1434329646733458e-46,8.219088738830998e-98,2.9587895641136824e-73,5.858991462636281e-54,1.072966403711366e-16,0.0
21.28333333333333,0.018723404,8.611995063101706e-17,2.0784976610405548e-57,1.8282867875934306e-46,5.66337761155543e-98,2.1495475340835034e-73,4.512726475433416e-54,8.611995063101706e-17,0.0
21.3,0.018723404,6.911241786752676e-17,1.725714126630333e-57,1.5594672931334874e-46,3.9022870046998075e-98,1.5616017637672952e-73,3.4757090642435497e-54,6.911241786752676e-17,0.0
21.316666666666663,0.018723404,5.5455371057128754e-17,1.4327954439544947e-57,1.3301657527319104e-46,2.6887768298566534e-98,1.1344459843695037e-73,2.6769244993854894e-54,5.5455371057128754e-17,0.0
21.33333333333333,0.0140425535,4.44904603333745e-17,1.189585228788246e-57,1.1345739332428992e-46,1.8526022669817017e-98,8.24114733685259e-74,2.0616605896158337e-54,4.44904603333745e-17,0.0
21.35,0.0140425535,3.5688350247152434e-17,9.876497930621176e-58,9.677371105828378e-47,1.276443315676701e-98,5.9866227440984284e-74,1.5877663614679492e-54,3.5688350247152434e-17,0.0
21.366666666666667,0.0140425535,1.9858053916636356e-07,8.199860127376796e-58,8.254286732595123e-47,8.794533489239598e-99,4.3487705219816336e-74,1.222769071461743e-54,2.8623508275320835e-17,1.9858053913774004e-07
21.383333333333333,0.0140425535,6.7068350301368925e-06,6.807787235596966e-58,7.040431452429182e-47,6.0592104267845225e-99,3.158940960571987e-74,9.41652696459278e-55,2.2953905569848058e-17,6.706835030113939e-06
21.4,0.0140425535,4.918599352817451e-05,5.651992497281286e-58,6.005049231427617e-47,4.174565126134501e-99,2.2945999294241234e-74,7.251461803577036e-55,1.840467579292209e-17,4.9185993528156106e-05
21.416666666666668,0.0140425535,0.00019302518971679082,4.692380931352344e-58,5.121904198296295e-47,2.8760633431185013e-99,1.6667210556333302e-74,5.584045040284535e-55,1.4754962617788476e-17,0.00019302518971677608
21.433333333333334,0.0140425535,0.0005377638440185439,3.8956599240549064e-58,4.3686164550822156e-47,1.9814251731150556e-99,1.2106242737827074e-74,4.299924599793269e-55,1.1827335565064154e-17,0.0005377638440185321
21.45,0.0140425535,0.0012062941944283182,3.2341854236980564e-58,3.7260954637408016e-47,1.365051233136733e-99,8.79318829490146e-75,3.311016808119455e-55,9.479274142486063e-18,0.0012062941944283086
21.466666666666665,0.018723404,0.0023300558022286634,2.6850037971940257e-58,3.178056676637333e-47,9.403992968984296e-100,6.38666208859183e-75,2.5494739984155473e-55,7.596317303068852e-18,0.0023300558022286556
21.48333333333333,0.018723404,0.0040340493125872534,2.229056175804047e-58,2.7106091837040123e-47,6.478399577414018e-100,4.638655333415003e-75,1.9630369918475383e-55,6.086553510573696e-18,0.004034049312587247
21.5,0.018723404,0.00642403521244232,1.8505177402871227e-58,2.311903944606858e-47,4.462880725962723e-100,3.368999136265547e-75,1.5114546236182513e-55,4.8761898210426664e-18,0.006424035212442314
21.516666666666666,0.023404256,0.009577104797995324,1.5362490655838634e-58,1.9718337062651287e-47,3.07436172904286e-100,2.446810606710824e-75,1.1637254033552762e-55,3.905989278717007e-18,0.00957710479799532
21.53333333333333,0.028085107,0.013535967544805563,1.2753405236996866e-58,1.6817770131136877e-47,2.1178090926905281e-100,1.7770125634672863e-75,8.959725936993902e-56,3.128406945699588e-18,0.01353596754480556
21.55,0.03276596,0.018306752213418778,1.058733964659129e-58,1.4343798326301664e-47,1.4588506473914632e-100,1.2905396747068025e-75,6.89807295891263e-56,2.5052879445672093e-18,0.018306752213418775
21.566666666666663,0.037446808,0.023859804859441325,8.789085706625018e-59,1.2233692700314976e-47,1.004909747494958e-100,9.372230699938785e-76,5.310675020561432e-56,2.0060175317333326e-18,0.023859804859441322
21.58333333333333,0.042127658,0.030132822478441335,7.296200003949098e-59,1.0433946577213539e-47,6.922062396507314e-101,6.806210190778425e-76,4.088467888410157e-56,1.6060346798635424e-18,0.030132822478441335
21.6,0.04680851,0.03703563247249996,6.056837856579891e-59,8.898919975565761e-48,4.767999564985139e-101,4.9426351034739107e-76,3.147461419225292e-56,1.2856379333369381e-18,0.03703563247249996
21.616666666666667,0.056170214,0.04445597291600608,5.02795474925436e-59,7.589683247840592e-48,3.284196792860212e-101,3.5892406375561854e-76,2.4229766896536807e-56,1.0290262211677897e-18,0.04445597291600608
21.633333333333333,0.060851064,0.05226571487034026,4.173812910841089e-59,6.473030665260605e-48,2.2621136903432492e-101,2.6063783915920983e-76,1.8652072286647111e-56,8.235285200788016e-19,0.05226571487034026
21.65,0.07021277,0.06032707303853818,3.464741275315584e-59,5.520638976918274e-48,1.558088044234538e-101,1.8926192302571373e-76,1.4358002138454575e-56,6.589852833019436e-19,0.06032707303853818
21.666666666666668,0.074893616,0.06849845948483811,2.8761058452651744e-59,4.7083496403705746e-48,1.0731536205436569e-101,1.3742949507280661e-76,1.105223329983793e-56,5.272518129732094e-19,0.06849845948483811
21.683333333333334,0.084255315,0.07663973722112952,2.3874547660432986e-59,4.015556550578152e-48,7.391356498629493e-102,9.979013308860295e-77,8.507367945315581e-57,4.217995981798893e-19,0.07663973722112952
21.7,0.08893617,0.08461672059165068,1.9818084719491307e-59,3.424683763999352e-48,5.090714951406954e-102,7.245798118130659e-77,6.548315082302336e-57,3.3739634288386807e-19,0.08461672059165068
21.716666666666665,0.09361702,0.0923048449331719,1.6450702926953306e-59,2.9207399924229664e-48,3.5061121784977875e-102,5.261091586220444e-77,5.040262253247648e-57,2.698491905882293e-19,0.0923048449331719
21.73333333333333,0.10297872,0.09959198832757234,1.3655370829082432e-59,2.4909385843003314e-48,2.4147115136838133e-102,3.819939876627907e-77,3.8794124086577457e-57,2.1579869501928062e-19,0.09959198832757234
21.75,0.10765957,0.10638047406873427,1.1334929040072828e-59,2.124373369070105e-48,1.663018719473727e-102,2.773500530351205e-77,2.9858504588119183e-57,1.7255353270335853e-19,0.10638047406873427
21.766666666666666,0.11234043,0.11258831517328931,9.408716665307308e-60,1.8117421541756444e-48,1.1453058605315112e-102,2.0136828310927587e-77,2.2980500168271575e-57,1.3795792046544412e-19,0.11258831517328931
21.78333333333333,0.11702128,0.11814978369887637,7.809770314936597e-60,1.5451108709194967e-48,7.88748069700892e-103,1.4619920024246484e-77,1.768643316093622e-57,1.1028528225706356e-19,0.11814978369887637
21.8,0.12170213,0.12301539974408539,6.48249854452625e-60,1.3177123945054178e-48,5.431848366174104e-103,1.0614268505801893e-77,1.3611639208413665e-57,8.815298077245898e-20,0.12301539974408539
21.816666666666663,0.12638298,0.12715143969600817,5.380751043538621e-60,1.1237749416105473e-48,3.7406707949418155e-103,7.705952235302621e-78,1.0475385821187708e-57,7.04539507627774e-20,0.12715143969600817
21.83333333333333,0.13106383,0.13053906231850768,4.4662155805294753e-60,9.583756978264352e-49,2.575988283993067e-103,5.594403067388285e-78,8.061559933633975e-58,5.630189168875397e-20,0.13053906231850768
21.85,0.13574468,0.13317314618377502,3.707087080231606e-60,8.173159662561315e-49,1.773906977126729e-103,4.061368709286618e-78,6.203797912926276e-58,4.498733669782439e-20,0.13317314618377502
21.866666666666667,0.13574468,0.1350609240571261,3.0769626459026035e-60,6.970146736154435e-49,1.2215475717278446e-103,2.9483723861209344e-78,4.774036418054431e-58,3.594244451997492e-20,0.1350609240571261
21.883333333333333,0.13574468,0.13622049023305166,2.5539241774589175e-60,5.944175351601412e-49,8.411675924795854e-104,2.1403437545925149e-78,3.6736973683729335e-58,2.8712786208333705e-20,0.13622049023305166
21.9,0.13574468,0.13667924635277226,2.1197767435109177e-60,5.069195764091115e-49,5.79225009106665e-104,1.5537317101095668e-78,2.8269011657303755e-58,2.2934740182457826e-20,0.13667924635277226
21.916666666666668,0.13574468,0.13647234057515972,1.7594162689615866e-60,4.322990479915301e-49,3.9884552444440115e-104,1.1278721170765211e-78,2.1752416228368965e-58,1.8317383231669886e-20,0.13647234057515972
21.933333333333334,0.13574468,0.13564114461615032,1.4603045866138464e-60,3.686610585845054e-49,2.7463431881531022e-104,8.18719339020951e-79,1.6737633364534102e-58,1.4627985243129095e-20,0.13564114461615032
21.95,0.13574468,0.13423180346300756,1.212033626732921e-60,3.14389497125442e-49,1.8910263284424046e-104,5.942943778871943e-79,1.2878648659958803e-58,1.1680392077946711e-20,0.13423180346300756
21.966666666666665,0.13106383,0.13229388373487228,1.0059636118863624e-60,2.681060255172647e-49,1.3020661538649203e-104,4.313796013774857e-79,9.909147045571307e-59,9.325722783693898e-21,0.13229388373487228
21.98333333333333,0.13106383,0.1298791388295356,8.349226928533035e-61,2.2863510220898504e-49,8.965226160028374e-105,3.1311871359155445e-79,7.624160261068122e-59,7.44492107789096e-21,0.1298791388295356
22.0,0.12638298,0.1270404022228958,6.929575940175077e-61,1.9497414986645028e-49,6.1727998392540254e-105,2.27274078498092e-79,5.865939225591653e-59,5.942792288586004e-21,0.1270404022228958
22.016666666666666,0.12170213,0.12383061457025385,5.7512660737104475e-61,1.6626811071707886e-49,4.2500682523805725e-105,1.6496137770886173e-79,4.513078975396668e-59,4.743230132552678e-21,0.12383061457025385
22.03333333333333,0.12170213,0.12030198555481061,4.773277444648417e-61,1.4178774435876804e-49,2.9261891716798145e-105,1.1973087552285055e-79,3.4721475485713893e-59,3.7853964134838894e-21,0.12030198555481061
22.05,0.11702128,0.11650528766793682,3.9615607633355224e-61,1.2091111768411567e-49,2.0146596916568392e-105,8.690036103252927e-80,2.671242452429076e-59,3.020663794490602e-21,0.11650528766793682
22.066666666666663,0.11234043,0.11248927619989536,3.28785304931887e-61,1.0310781748714901e-49,1.3870554383070992e-105,6.3070833156392155e-80,2.055030980551568e-59,2.4101695398129116e-21,0.11248927619989536
22.08333333333333,0.10765957,0.10830022757135317,2.728694511064636e-61,8.792548534179253e-50,9.549459353858504e-106,4.577487271444919e-80,1.5809327658168632e-59,1.922858375383678e-21,0.10830022757135317
22.1,0.10297872,0.10398158664481787,2.2646124278077694e-61,7.49783332166645e-50,6.574407388037953e-106,3.322135469089501e-80,1.2161815803694852e-59,1.5339168681050049e-21,0.10398158664481787
22.116666666666667,0.09829787,0.0995737127219895,1.8794436708937484e-61,6.393734851075664e-50,4.526133098557529e-106,2.411010885257606e-80,9.355639272824147e-60,1.2235211583232031e-21,0.0995737127219895
22.133333333333333,0.09361702,0.09511371346395946,1.5597723178991132e-61,5.452194003156429e-50,3.1159532327214823e-106,1.7497365737473834e-80,7.196785729729856e-60,9.75835453128626e-22,0.09511371346395946
22.15,0.08893617,0.09063535587904382,1.2944628111777995e-61,4.649281297663074e-50,2.1450995923954282e-106,1.2698074146377758e-80,5.535970486660613e-60,7.782111652552244e-22,0.09063535587904382
22.166666666666668,0.084255315,0.08616904372886454,1.074272432039446e-61,3.964589214619206e-50,1.4767158246503384e-106,9.21498776129347e-81,4.2583277081016607e-60,6.205465776200597e-22,0.08616904372886454
22.183333333333334,0.079574466,0.08174185113742198,8.915296177478113e-62,3.380713919942264e-50,1.0165748361642486e-106,6.687186056226406e-81,3.275476943065158e-60,4.947749195194409e-22,0.08174185113742198
22.2,0.079574466,0.07737760278939289,7.3986693658118685e-62,2.882813244241606e-50,6.998013213491145e-107,4.852704150139696e-81,2.5194178162407466e-60,3.9445515222064036e-22,0.07737760278939289
22.216666666666665,0.074893616,0.07309699182100567,6.13999435763033e-62,2.458229697764493e-50,4.817294049785571e-107,3.521405287830534e-81,1.9378317175211686e-60,3.144448959378961e-22,0.07309699182100567
22.23333333333333,0.07021277,0.06891772729596396,5.095406540890875e-62,2.0961689542098392e-50,3.316076716897461e-107,2.55528898188819e-81,1.4904663273947413e-60,2.506390409286864e-22,0.06891772729596396
22.25,0.06553192,0.06485470398438829,4.228499003086817e-62,1.7874256432895605e-50,2.28264836462805e-107,1.8541969827778078e-81,1.1463534801370632e-60,1.9976087629125383e-22,0.06485470398438829
22.266666666666666,0.06553192,0.06092018799581276,3.509054852241441e-62,1.5241494921475598e-50,1.5712544176892986e-107,1.345437658401575e-81,8.81668338427088e-61,1.5919520417058997e-22,0.06092018799581276
22.28333333333333,0.060851064,0.05712401263537192,2.911994977970819e-62,1.2996458794730314e-50,1.0815511876456082e-107,9.762547817982976e-82,6.780820897739116e-61,1.2685501526738648e-22,0.05712401263537192
22.3,0.056170214,0.05347377963838567,2.4165046463598546e-62,1.108205739322279e-50,7.444589126697048e-108,7.083610587978914e-82,5.214944239501108e-61,1.0107498858580888e-22,0.05347377963838567
22.316666666666663,0.056170214,0.04997506168000775,2.0053085410196953e-62,9.449604964217356e-51,5.1242167935056096e-108,5.139704091097491e-82,4.010582571680501e-61,8.05264282079181e-23,0.04997506168000775
22.33333333333333,0.05148936,0.04663160274496396,1.6640690251362923e-62,8.057583499520386e-51,3.527015612831791e-108,3.729181410266099e-82,3.0842933877759427e-61,6.414932980263166e-23,0.04663160274496396
22.35,0.05148936,0.04344551357236018,1.38088668491452e-62,6.870587646138467e-51,2.4276183520851225e-108,2.705707751438248e-82,2.3718889989104223e-61,5.109813343454506e-23,0.04344551357236018
22.366666666666667,0.05148936,0.04041745995930181,1.145885772467156e-62,5.858424898860017e-51,1.6708851646847092e-108,1.9630902458464254e-82,1.8239945061683183e-61,4.069841017387418e-23,0.04041745995930181
22.383333333333333,0.04680851,0.037546842214216315,9.508701195304243e-63,4.995348225271881e-51,1.1500215364594093e-108,1.42426785292736e-82,1.402630272099991e-61,3.241228256950137e-23,0.037546842214216315
22.4,0.04680851,0.034831964497335464,7.89037545025808e-63,4.259401635408547e-51,7.91513891130359e-109,1.0333207002002638e-82,1.0785826645997269e-61,2.5810820890412183e-23,0.034831964497335464
22.416666666666668,0.042127658,0.032270193174025755,6.547428146397998e-63,3.631862075384452e-51,5.447588872278121e-109,7.496709138130413e-83,8.293813007077793e-62,2.0552010307945026e-23,0.032270193174025755
22.433333333333334,0.042127658,0.02985810363991486,5.433009000028968e-63,3.096763469795274e-51,3.7492408482506793e-109,5.4387399001712765e-83,6.377429229137634e-62,1.6363166605076193e-23,0.02985810363991486
22.45,0.037446808,0.027591615358755088,4.5082368743367536e-63,2.640490823343407e-51,2.5803321100420638e-109,3.9456452767647314e-83,4.903742875159741e-62,1.302690374269479e-23,0.027591615358755088
22.466666666666665,0.037446808,0.025466115089007025,3.740844503339331e-63,2.2514340710175612e-51,1.7758289928746534e-109,2.8623974095654226e-83,3.7705125887091937e-62,1.0369937036673764e-23,0.025466115089007025
22.48333333333333,0.037446808,0.023476568467531562,3.104053656444585e-63,1.919692883307165e-51,1.2221372002650462e-109,2.07650981199984e-83,2.899103976661268e-62,8.254149884590383e-24,0.023476568467531562
22.5,0.03276596,0.021617620273063996,2.5756415690158946e-63,1.63682492690258e-51,8.410698962089092e-110,1.5063650590278901e-83,2.2290402384456325e-62,6.569467192432884e-24,0.021617620273063996
22.516666666666666,0.03276596,0.019883683812623874,2.1371661226501586e-63,1.3956311849180586e-51,5.788120118933209e-110,1.0927446534725878e-83,1.7138103997565646e-62,5.228170700866103e-24,0.019883683812623874
22.53333333333333,0.03276596,0.018269019964898315,1.773322785719969e-63,1.1899728818949934e-51,3.983238586507849e-110,7.926827011823928e-84,1.317644994418671e-62,4.160364945669473e-24,0.018269019964898315
22.55,0.028085107,0.016767806479914004,1.4714109123695336e-63,1.0146153615810153e-51,2.7411226073759684e-110,5.750059344159702e-84,1.0130359662671051e-62,3.310361324885753e-24,0.016767806479914004
22.566666666666663,0.028085107,0.015374198177641045,1.2208908061386848e-63,8.650949501032693e-52,1.8863139471581202e-110,4.1709746599885835e-84,7.78829057242764e-63,2.633794658185462e-24,0.015374198177641045
22.58333333333333,0.028085107,0.01408237871298142,1.0130161152074193e-63,7.376054210419427e-52,1.2980543615705259e-110,3.0254855027621323e-84,5.987565665761456e-63,2.095324088308577e-24,0.01408237871298142
22.6,0.023404256,0.012886604583981845,8.40528749861616e-64,6.2890117688201925e-52,8.93233892424607e-111,2.194547188091858e-84,4.6030884700017065e-63,1.6668000898337697e-24,0.012886604583981845
22.616666666666667,0.023404256,0.01178124205680467,6.974056904612066e-64,5.362146860135547e-52,6.1465430921620236e-111,1.591794924500865e-84,3.538663543278181e-63,1.325803235357723e-24,0.01178124205680467
22.633333333333333,0.023404256,0.010760797667514404,5.786488617313436e-64,4.571860766496034e-52,4.2295105233884246e-111,1.154573735877512e-84,2.720321077143103e-63,1.0544794370328918e-24,0.010760797667514404
22.65,0.018723404,0.009819942939248906,4.801107494887255e-64,3.8980309792854414e-52,2.9103334288023076e-111,8.374302038116696e-85,2.0911829698428365e-63,8.386116020833601e-25,0.009819942939248906
22.666666666666668,0.018723404,0.008953533925702948,3.9834968117649304e-64,3.3234992190491335e-52,2.0025753278911814e-111,6.073904752985226e-85,1.6075145041978034e-63,6.668797892865719e-25,0.008953533925702948
22.683333333333334,0.018723404,0.00815662615975059,3.3050972515677203e-64,2.833634848023053e-52,1.3779341616198871e-111,4.405343379230878e-85,1.2356878993403078e-63,5.302716485784967e-25,0.00815662615975059
22.7,0.018723404,0.007424485550813446,2.742210215765644e-64,2.4159625750480977e-52,9.481162333075102e-112,3.195096703244299e-85,9.49847188458596e-64,4.216126624591084e-25,0.007424485550813446
22.716666666666665,0.018723404,0.006752595737456051,2.2751706964531856e-64,2.0598449866752018e-52,6.523613512371343e-112,2.3172917915142106e-85,7.30112477301107e-64,3.3519188078252557e-25,0.006752595737456051
22.73333333333333,0.018723404,0.006136662363605745,1.887660871307177e-64,1.756211831798165e-52,4.488574184066721e-112,1.680621578392544e-85,5.6119902423206394e-64,2.664637653028709e-25,0.006136662363605745
22.75,0.018723404,0.005572614708580515,1.5661404837009715e-64,1.4973291755807863e-52,3.0883189771941806e-112,1.2188539378896032e-85,4.3135534002896044e-64,2.1181068896420793e-25,0.005572614708580515
22.766666666666666,0.018723404,0.005056605063395653,1.2993741418863565e-64,1.2766025519426662e-52,2.1248558287303543e-112,8.839464025001981e-86,3.31546625343313e-64,1.6835376854237373e-25,0.005056605063395653
22.78333333333333,0.0140425535,0.004585006209122774,1.0780390498836052e-64,1.088409108187421e-52,1.4619427943055437e-112,6.410512628464417e-86,2.5482687750338593e-64,1.338022084854443e-25,0.004585006209122774
22.8,0.0140425535,0.004154407317795387,8.943994869276777e-65,9.279544724477054e-53,1.0058307253795105e-112,4.6489210195757105e-86,1.958560844579374e-64,1.0633332687910486e-25,0.004154407317795387
22.816666666666663,0.0140425535,0.0037616085627708512,7.420366796677668e-65,7.9115070320825085e-53,6.920110697566982e-113,3.3713526073580094e-86,1.5052898861281641e-64,8.449702372951779e-26,0.0037616085627708512
22.83333333333333,0.0140425535,0.0034036146937872387,6.156246428909569e-65,6.745122162225596e-53,4.7609632200625626e-113,2.4448308054929383e-86,1.1568964441637264e-64,6.713971889718062e-26,0.0034036146937872387
22.85,0.0140425535,0.003077627802329064,5.107441676247864e-65,5.750670412800953e-53,3.2754446758897096e-113,1.772907527137386e-86,8.89119472142911e-65,5.334379721946698e-26,0.003077627802329064
22.866666666666667,0.0140425535,0.002781039475398573,4.237284659192989e-65,4.902811511205077e-53,2.2534056744519073e-113,1.2856300716531905e-86,6.833088974094106e-65,4.2379403644546804e-26,0.002781039475398573
22.883333333333333,0.0140425535,0.0025114225104198645,3.515350857806518e-65,4.179939372403191e-53,1.550251600057694e-113,9.322634224418761e-87,5.251282403817339e-65,3.3666073069722037e-26,0.0025114225104198645
22.9,0.0140425535,0.0022665223407585485,2.91639626097425e-65,3.56363190841135e-53,1.0664946921158252e-113,6.760113260368248e-87,4.0355714730559894e-65,2.674219114328076e-26,0.0022665223407585485
22.916666666666668,0.0140425535,0.002044248300166268,2.4194754190436424e-65,3.0381818893032805e-53,7.336837999079578e-114,4.901872656370336e-87,3.101245222367429e-65,2.124068996333289e-26,0.002044248300166268
22.933333333333334,0.0140425535,0.0018426648352989938,2.00720961473475e-65,2.5901969175297674e-53,5.0472277060626255e-114,3.5543715378613715e-87,2.383189596676809e-65,1.6869707457310332e-26,0.0018426648352989938
22.95,0.0140425535,0.0016599827582087087,1.6651796050741126e-65,2.20825833544633e-53,3.47208717088847e-114,2.577249037215952e-87,1.8313549524934927e-65,1.3397198053299367e-26,0.0016599827582087087
22.966666666666665,0.0140425535,0.0014945506152752646,1.3814217339400452e-65,1.8826303851908106e-53,2.388482758691226e-114,1.8687135527601588e-87,1.4072716283327387e-65,1.0638688457970765e-26,0.0014945506152752646
22.98333333333333,0.0140425535,0.001344846235310448,1.1460098221758455e-65,1.605012218531963e-53,1.6430371596697654e-114,1.3549456979417396e-87,1.0813712872515128e-65,8.447536619052052e-27,0.001344846235310448
23.0,0.0140425535,0.001209468507418643,9.50708235897383e-66,1.3683264445355994e-53,1.1302290378566117e-114,9.824124808211038e-88,8.309277401379733e-66,6.707182791153645e-27,0.001209468507418643
23.016666666666666,0.0140425535,0.0010871294285156327,7.886840179809992e-66,1.1665388325776286e-53,7.774623236914522e-115,7.122930350457782e-88,6.384740181972053e-66,5.3249858327933534e-27,0.0010871294285156327
23.03333333333333,0.0140425535,0.0009766464510709398,6.542680293905678e-66,9.945045810064931e-54,5.347934436466728e-115,5.164358585507248e-88,4.905855722812241e-66,4.227320852659331e-27,0.0009766464510709398
23.05,0.0140425535,0.0008769351535354189,5.427567579025525e-66,8.478372377916621e-54,3.6786345328430685e-115,3.7442683504385897e-88,3.7694493423797704e-66,3.355680408922744e-27,0.0008769351535354189
23.066666666666663,0.0140425535,0.0007870022489283023,4.5024787157117863e-66,7.227969359607477e-54,2.5303527815258413e-115,2.714628779037016e-88,2.8962274921423624e-66,2.6635740851560305e-27,0.0007870022489283023
23.08333333333333,0.0140425535,0.0007059389410815321,3.735037724784625e-66,6.161950982029585e-54,1.7404813880123894e-115,1.9680986133151117e-88,2.2252513738286137e-66,2.1140631602370265e-27,0.0007059389410815321
23.1,0.0140425535,0.0006329146329712285,3.0983838402823215e-66,5.253131841914846e-54,1.1971583116382242e-115,1.4268430547461684e-88,1.7096891434580011e-66,1.6778004408305276e-27,0.0006329146329712285
23.116666666666667,0.0140425535,0.0005671709873075124,2.570232163790018e-66,4.47833411614672e-54,8.234319134509162e-116,1.0344238355938784e-88,1.3135509542658332e-66,1.3314718731516123e-27,0.0005671709873075124
23.133333333333333,0.018723404,0.0005080163360181377,2.1320942787802296e-66,3.817796866993791e-54,5.66366722150437e-116,7.499180645138489e-89,1.0091794840536932e-66,1.0565576815733312e-27,0.0005080163360181377
23.15,0.018723404,0.0004548204323637631,1.7686315904680272e-66,3.254672399103544e-54,3.895486458747286e-116,5.4365340599737904e-89,7.753211731618583e-67,8.383475991444858e-28,0.0004548204323637631
23.166666666666668,0.018723404,0.0004070095370845538,1.46711879273379e-66,2.774596841269128e-54,2.6792893868435185e-116,3.941154244768566e-89,5.956438222893288e-67,6.651581385082283e-28,0.0004070095370845538
23.183333333333334,0.018723404,0.0003640618281321632,1.216998710683845e-66,2.3653240157330715e-54,1.8427716275906835e-116,2.857049672991824e-89,4.57597275211911e-67,5.2771050135832625e-28,0.0003640618281321632
23.2,0.018723404,0.00032550312212103544,1.0095129596637821e-66,2.016413269168872e-54,1.267410770912358e-116,2.0711197457366865e-89,3.5153780095551164e-67,4.186361981044112e-28,0.00032550312212103544
23.216666666666665,0.018723404,0.00029090289458224,8.373955104352251e-67,1.718963313498798e-54,8.716803752709567e-117,1.5013629876159687e-89,2.7005515464009024e-67,3.3208419091874333e-28,0.00029090289458224
23.23333333333333,0.018723404,0.000259870585367943,6.946184482396908e-67,1.4653852963111637e-54,5.995027182792398e-117,1.0883267355414812e-89,2.0745541343301054e-67,2.6340873637344346e-28,0.000259870585367943
23.25,0.018723404,0.0002320521750894403,5.7618103733617894e-67,1.2492093196549818e-54,4.1230544732196135e-117,7.889073577361223e-90,1.593635359782298e-67,2.0892136994711025e-28,0.0002320521750894403
23.266666666666666,0.018723404,0.00020712701823384083,4.779347159908409e-67,1.0649194778293309e-54,2.835574299425273e-117,5.718549033121427e-90,1.2241793538437074e-67,1.6569386786719128e-28,0.00020712701823384083
23.28333333333333,0.018723404,0.00018480491855686824,3.9643790265419777e-67,9.078132111285287e-55,1.9501007419019795e-117,4.145136580475756e-90,9.40357678768724e-68,1.314017204322281e-28,0.00018480491855686824
23.3,0.018723404,0.00016482343245953637,3.288355360400724e-67,7.738813918399434e-55,1.341118445123283e-117,3.0045885788612724e-90,7.223256784406343e-68,1.0419979709664163e-28,0.00016482343245953637
23.316666666666663,0.018723404,0.0001469453862949519,2.7275913640253353e-67,6.597060868775319e-55,9.222980922726622e-118,2.1778319712626705e-90,5.548364833434977e-68,8.262359018541122e-29,0.0001469453862949519
23.33333333333333,0.018723404,0.0001309565938936428,2.2624389269193984e-67,5.623733917159821e-55,6.342633048181027e-118,1.578544881865383e-90,4.261759785439395e-68,6.551078105069944e-29,0.0001309565938936428
23.35,0.018723404,0.00011666376101951958,1.876598755141952e-67,4.793991142292837e-55,4.361762129292446e-118,1.144149371679426e-90,3.273444234119582e-68,5.193895133098967e-29,0.00011666376101951958
23.366666666666667,0.023404256,0.00010389256395432656,1.556549697091376e-67,4.086654144028483e-55,2.9994974616738364e-118,8.292810918363348e-91,2.5142761305013283e-68,4.1176119648574955e-29,0.00010389256395432656
23.383333333333333,0.023404256,9.248588994068995e-05,1.2910753016066857e-67,3.483667850198236e-55,2.0626672085435773e-118,6.010547909072314e-91,1.931136918533214e-68,3.2641465870792167e-29,9.248588994068995e-05
23.4,0.023404256,8.230222777824677e-05,1.0708710446751055e-67,2.9696399642335805e-55,1.4184171991116854e-118,4.356318698257999e-91,1.4832189033009e-68,2.587414698926346e-29,8.230222777824677e-05
23.416666666666668,0.018723404,7.321419745188384e-05,8.8821848219798e-68,2.5314483138476245e-55,9.753780677885731e-119,3.1573194459890983e-91,1.1391726527284986e-68,2.0508539395481676e-29,7.321419745188384e-05
23.433333333333334,0.018723404,6.510720826639938e-05,7.367149270118388e-68,2.15790609135198e-55,6.707121445744332e-119,2.2882882035812083e-91,8.749152477429697e-69,1.6254584642709212e-29,6.510720826639938e-05
23.45,0.023404256,5.787823555919381e-05,6.110491904811311e-68,1.839476451463907e-55,4.6120452085981204e-119,1.658426596759105e-91,6.719463175275577e-69,1.2882187809380577e-29,5.787823555919381e-05
23.466666666666665,0.023404256,5.143470665544416e-05,5.068155403473746e-68,1.5680291903403629e-55,3.171357169928932e-119,1.2019188301019773e-91,5.160542409108928e-69,1.0208833732918819e-29,5.143470665544416e-05
23.48333333333333,0.023404256,4.569348731281744e-05,4.203593634544034e-68,1.3366333020757965e-55,2.180675212030179e-119,8.7105864398103e-92,3.963221333695635e-69,8.089758126957921e-30,4.569348731281744e-05
23.5,0.023404256,4.0579960470957954e-05,3.4864913120180284e-68,1.1393801233450613e-55,1.4994467963128013e-119,6.31266930066871e-92,3.043641709843614e-69,6.410147043007925e-30,4.0579960470957954e-05
23.516666666666666,0.023404256,3.6027189671147894e-05,2.8917018588419386e-68,9.712325565458408e-56,1.031015968394577e-119,4.5747997464865604e-92,2.3373888783536806e-69,5.078946534995562e-30,3.6027189671147894e-05
23.53333333333333,0.023404256,3.1975160041095954e-05,2.398366296229406e-68,8.278965265572616e-56,7.089147196780136e-120,3.315313189065826e-92,1.7949844374952862e-69,4.023950491823014e-30,3.1975160041095954e-05
23.55,0.023404256,2.8370090246898677e-05,1.989182310881609e-68,7.057113930181664e-56,4.8743519208619944e-120,2.402539159855064e-92,1.378423573459666e-69,3.187902997710412e-30,2.8370090246898677e-05
23.566666666666663,0.023404256,2.516380929740786e-05,1.6497979078887964e-68,6.015565232741998e-56,3.351460210291605e-120,1.7410444017807284e-92,1.0585149768143228e-69,2.5254059018127974e-30,2.516380929740786e-05
23.58333333333333,0.023404256,2.2313192544808156e-05,1.3683084175841555e-68,5.127716431618372e-56,2.3043347362720736e-120,1.2616610463336353e-92,8.128373580075235e-70,2.000465419836257e-30,2.2313192544808156e-05
23.6,0.023404256,1.977965165876269e-05,1.1348392422879996e-68,4.370889340860104e-56,1.584350961720616e-120,9.142585586868457e-93,6.241696655989751e-70,1.58454584970176e-30,1.977965165876269e-05
23.616666666666667,0.018723404,1.7528673759874622e-05,9.41199730235211e-69,3.7257514435440227e-56,1.0893101667765553e-120,6.6250457953441005e-93,4.792852201119682e-70,1.2550256872742098e-30,1.7528673759874622e-05
23.633333333333333,0.023404256,1.5529405281809574e-05,7.805960540090213e-69,3.1758223808916125e-56,7.489383607656869e-121,4.800674513541392e-93,3.6802541579739594e-70,9.939730281821298e-31,1.5529405281809574e-05
23.65,0.018723404,1.3754276490643746e-05,6.473930366033674e-69,2.7070532275374853e-56,5.149143102601041e-121,3.47863756806927e-93,2.8258818852271253e-70,7.871742909248437e-31,1.3754276490643746e-05
23.666666666666668,0.018723404,1.2178662925436823e-05,5.369165820626107e-69,2.307467819522456e-56,3.5401219938999325e-121,2.520633274753481e-93,2.1698146548059413e-70,6.233639109223804e-31,1.2178662925436823e-05
23.683333333333334,0.018723404,1.0780580336590302e-05,4.45289789468951e-69,1.9668569841703323e-56,2.433861656668422e-121,1.8264329150793096e-93,1.6660335039770108e-70,4.9361346268898105e-31,1.0780580336590302e-05
23.7,0.018723404,9.540409989029536e-06,3.6929700860270893e-69,1.6765178702663582e-56,1.6732774445837756e-121,1.3234007612616521e-93,1.2791966242373973e-70,3.90847245986034e-31,9.540409989029536e-06
23.716666666666665,0.018723404,8.440651466693656e-06,3.0627107416409796e-69,1.4290317273160967e-56,1.1503617844135752e-121,9.588985162724054e-94,9.821625724765829e-71,3.094581808074422e-31,8.440651466693656e-06
23.73333333333333,0.018723404,7.465700364195913e-06,2.539997672575776e-69,1.2180744634105277e-56,7.908522760382181e-122,6.947803729276455e-94,7.540879111445212e-71,2.4500326004111566e-31,7.465700364195913e-06
23.75,0.018723404,6.601648481933084e-06,2.106482263139559e-69,1.0382551473888212e-56,5.436892414925118e-122,5.034033266143737e-94,5.789660797085887e-71,1.939620972490787e-31,6.601648481933084e-06
23.766666666666666,0.018723404,5.8361043534099715e-06,1.746945883287736e-69,8.849783338669865e-57,3.7376666915844466e-122,3.6473570725449716e-94,4.44505179118418e-71,1.5354551019055455e-31,5.8361043534099715e-06
23.78333333333333,0.018723404,5.1580321291792554e-06,1.4487660478418743e-69,7.543266974721317e-57,2.569477831773317e-122,2.6426166176274483e-94,3.412660730664794e-71,1.215437810893177e-31,5.1580321291792554e-06
23.8,0.018723404,4.557607021637679e-06,1.2014736112013063e-69,6.429609807819898e-57,1.7663780808032852e-122,1.9146250441931092e-94,2.620004331610103e-71,9.620637720805851e-32,4.557607021637679e-06
23.816666666666663,0.018723404,4.026085679974975e-06,9.963854758723565e-70,5.480347022256675e-57,1.2142747340525097e-122,1.3871614787138042e-94,2.011423540485294e-71,7.614661514661957e-32,4.026085679974975e-06
23.83333333333333,0.018723404,3.555690015855369e-06,8.262999391686735e-70,4.671214468209424e-57,8.347275801736722e-123,1.0049953024992998e-94,1.544179181128152e-71,6.026610080976739e-32,3.555690015855369e-06
23.85,0.018723404,3.139503138884987e-06,6.852439974646202e-70,3.9815288370866797e-57,5.7380865403530656e-123,7.281062970151293e-95,1.1854534983609147e-71,4.7694846731534397e-32,3.139503138884987e-06
23.866666666666667,0.018723404,2.7713761874851584e-06,5.682637482647956e-70,3.393659281812686e-57,3.94442736783265e-123,5.2749615939203434e-95,9.100474512914092e-72,3.7743816973523834e-32,2.7713761874851584e-06
23.883333333333333,0.018723404,2.445844956352419e-06,4.7125054085582604e-70,2.8925769927403866e-57,2.711411194482261e-123,3.821532810395803e-95,6.986123489187009e-72,2.986732283282092e-32,2.445844956352419e-06
23.9,0.018723404,2.158055327065608e-06,3.9079677932651064e-70,2.4654712294492605e-57,1.8638088550028963e-123,2.768532812945342e-95,5.362918582612614e-72,2.3633226368160698e-32,2.158055327065608e-06
23.916666666666668,0.018723404,1.9036966043776908e-06,3.2407632115921265e-70,2.101422004841084e-57,1.281155761956305e-123,2.0056519291296534e-95,4.116791710985791e-72,1.8699332061561393e-32,1.9036966043776908e-06
23.933333333333334,0.018723404,1.6789419480659068e-06,2.687452768212655e-70,1.7911210639744677e-57,8.806373230829057e-124,1.4529654247411609e-95,3.160162024478953e-72,1.4794682615222595e-32,1.6789419480659068e-06
23.95,0.018723404,1.480395169589406e-06,2.228597310177405e-70,1.5266340328415e-57,6.053225378533511e-124,1.05256477944864e-95,2.425786583499274e-72,1.1704741060938651e-32,1.480395169589406e-06
23.966666666666665,0.018723404,1.305043234881249e-06,1.8480749956293617e-70,1.301197663247049e-57,4.1607461140066085e-124,7.624936708862283e-96,1.8620384024630993e-72,9.259652409255423e-33,1.305043234881249e-06
23.98333333333333,0.018723404,1.1502138799824111e-06,1.5325152797123906e-70,1.1090469959028492e-57,2.859895842701493e-124,5.523540260424428e-96,1.4292806063517715e-72,7.32494539430533e-33,1.1502138799824111e-06
24.0,0.018723404,1.0135378054822857e-06,1.2708294610298798e-70,9.45268027660975e-58,1.9657299622363806e-124,4.001222401339221e-96,1.0970823069283361e-72,5.7941675264514514e-33,1.0135378054822857e-06
24.016666666666666,0.018723404,8.929149693852481e-07,1.0538213183004224e-70,8.056721199632928e-58,1.351114489903051e-124,2.898422964105778e-96,8.420808353165981e-73,4.583051826206451e-33,8.929149693852481e-07
24.03333333333333,0.018723404,7.864845465639478e-07,8.73864175754327e-71,6.866889406950412e-58,9.28656518493963e-125,2.0995428878882116e-96,6.463403027617808e-73,3.624896972688832e-33,7.864845465639478e-07
24.05,0.0140425535,6.925981668403922e-07,7.246330657570519e-71,5.852752048623993e-58,6.382822240776587e-125,1.52083350866738e-96,4.960912782984353e-73,2.8669086736918862e-33,6.925981668403922e-07
24.066666666666663,0.0140425535,6.097960833673961e-07,6.008825897801142e-71,4.9883688294141276e-58,4.3869741807324856e-125,1.1016218576727522e-96,3.807631105944634e-73,2.2673024334119853e-33,6.097960833673961e-07
24.08333333333333,0.018723404,5.367859587520941e-07,4.9826268191154706e-71,4.25162889665109e-58,3.0151721294470197e-125,7.979531260412722e-97,2.92240955434491e-73,1.7930093980185004e-33,5.367859587520941e-07
24.1,0.0140425535,4.724239886215481e-07,4.131658087947909e-71,3.623685592036993e-58,2.0723058693063655e-125,5.779845060814392e-97,2.242953395090402e-73,1.4178598505549608e-33,4.724239886215481e-07
24.116666666666667,0.018723404,4.156981113990076e-07,3.4260024281574472e-71,3.0884746262966487e-58,1.42426345691345e-125,4.186479875179237e-97,1.7214420089408623e-73,1.1211449907975572e-33,4.156981113990076e-07
24.133333333333333,0.018723404,3.6571307923821834e-07,2.8408496019224547e-71,2.632303366274176e-58,9.788621723485764e-126,3.032325580727558e-97,1.3211664591762642e-73,8.864782884903693e-34,3.6571307923821834e-07
24.15,0.0140425535,3.2167718862165635e-07,2.3556247443109166e-71,2.243500740427764e-58,6.727404043305929e-126,2.1963253644945798e-97,1.0139480312138818e-73,7.008940622814204e-34,3.2167718862165635e-07
24.166666666666668,0.018723404,2.828904903140597e-07,1.9532654500689216e-71,1.91211881706255e-58,4.623472109407727e-126,1.5907852859522206e-97,7.781563856519861e-74,5.54133901552239e-34,2.828904903140597e-07
24.183333333333334,0.018723404,2.4873431740389265e-07,1.6196222315982456e-71,1.6296784296069315e-58,3.177486752333397e-126,1.1521804696580684e-97,5.971880742617442e-74,4.380818195752704e-34,2.4873431740389265e-07
24.2,0.018723404,2.1866198726672669e-07,1.3429612970744741e-71,1.388952348457815e-58,2.1837053756589117e-126,8.344945874313857e-98,4.582985010531769e-74,3.4631716317976224e-34,2.1866198726672669e-07
24.216666666666665,0.018723404,1.9219054863553536e-07,1.1135521890735025e-71,1.1837804581340566e-58,1.500718160689557e-126,6.0439466863909e-98,3.5170523725275826e-74,2.737607495456158e-34,1.9219054863553536e-07
24.23333333333333,0.018723404,1.6889345873342274e-07,9.233258028674782e-72,1.008912216164805e-58,1.0313333109993281e-126,4.377355575025981e-98,2.6989966197597924e-74,2.1639480611902794e-34,1.6889345873342274e-07
24.25,0.018723404,1.4839408777077965e-07,7.655907742178104e-72,8.59872367185144e-59,7.087511499115979e-127,3.170276509514368e-98,2.0711853742133633e-74,1.7104133332465467e-34,1.4839408777077965e-07
24.266666666666666,0.018723404,1.3035995917176557e-07,6.347982756875714e-72,7.328464799097081e-59,4.870609862753197e-127,2.296024879619354e-98,1.5893836593094376e-74,1.3518671232820796e-34,1.3035995917176557e-07
24.28333333333333,0.018723404,1.144976438024364e-07,5.263469601083227e-72,6.245833811762432e-59,3.347092842405924e-127,1.662838922921383e-98,1.2196400520086415e-74,1.0684291638279323e-34,1.144976438024364e-07
24.3,0.018723404,1.0054823534093336e-07,4.364211994971253e-72,5.323119930382458e-59,2.3001016738246427e-127,1.2042535446365307e-98,9.358964311065733e-75,8.443769277770267e-35,1.0054823534093336e-07
24.316666666666663,0.018723404,8.828334186337126e-08,3.6185693688158396e-72,4.536704469534484e-59,1.5805970987386416e-127,8.721272554704522e-99,7.181532028529298e-75,6.672767283780534e-35,8.828334186337126e-08
24.33333333333333,0.018723404,7.750153581268441e-08,3.000304381806373e-72,3.866456628745081e-59,1.086151009190422e-127,6.315910596146516e-99,5.510609382779102e-75,5.272962673832734e-35,7.750153581268441e-08
24.35,0.018723404,6.802521085739823e-08,2.487660355351576e-72,3.295218485064058e-59,7.463699308357923e-128,4.573896065587239e-99,4.228393396432716e-75,4.166607697994922e-35,6.802521085739823e-08
24.366666666666667,0.018723404,5.969779981009426e-08,2.062596205031244e-72,2.8083660198430474e-59,5.128766954339369e-128,3.312308868782458e-99,3.2444747243581634e-75,3.292227377395414e-35,5.969779981009426e-08
24.383333333333333,0.018723404,5.2381312831544676e-08,1.710151987443886e-72,2.3934349557108257e-59,3.524250052265597e-128,2.3986649838379384e-99,2.4894687150266885e-75,2.6012160536505446e-35,5.2381312831544676e-08
24.4,0.023404256,4.595415965881523e-08,1.4179227663400292e-72,2.0398018363857583e-59,2.4216724093783215e-128,1.7370111634034392e-99,1.9101269700526858e-75,2.0551452417048037e-35,4.595415965881523e-08
24.416666666666668,0.023404256,4.030922362053701e-08,1.1756223076391894e-72,1.7384121941199422e-59,1.6640218091657148e-128,1.2578529847731989e-99,1.4655853124830767e-75,1.6236342401096386e-35,4.030922362053701e-08
24.433333333333334,0.023404256,3.535215879148222e-08,9.747212688145968e-73,1.481548853324599e-59,1.1433984178097274e-128,9.108595890406472e-100,1.1244840314474035e-75,1.2826659505247094e-35,3.535215879148222e-08
24.45,0.023404256,3.0999884837025513e-08,8.08147165452591e-73,1.2626344450180329e-59,7.856536347139482e-129,6.595796895501528e-100,8.627576513379692e-76,1.0132548926563113e-35,3.0999884837025513e-08
24.466666666666665,0.023404256,2.7179256947553186e-08,6.700355684612786e-73,1.076063081393526e-59,5.3983325770344325e-129,4.776144046643199e-100,6.619385928802768e-76,8.003938185400153e-36,2.7179256947553186e-08
24.48333333333333,0.023404256,2.3825890800220516e-08,5.5552378561761187e-73,9.170568853643799e-60,3.7092246434512856e-129,3.4584529867266623e-100,5.0785526419606855e-76,6.322206972708456e-36,2.3825890800220516e-08
24.5,0.023404256,2.088312474408592e-08,4.605797741236484e-73,7.815437054643081e-60,2.5485997403800493e-129,2.5042672135914584e-100,3.896328857394922e-76,4.9936000224380955e-36,2.088312474408592e-08
24.516666666666666,0.023404256,1.8301103414276988e-08,3.818602690121912e-73,6.66052888198675e-60,1.7511169111116575e-129,1.8133172973164918e-100,2.98926666496483e-76,3.944018561061397e-36,1.8301103414276988e-08
24.53333333333333,0.023404256,1.6035968768253085e-08,3.1659313908349756e-73,5.676264417002504e-60,1.2031607913979894e-129,1.312989642760568e-100,2.2933330920050176e-76,3.114902031301983e-36,1.6035968768253085e-08
24.55,0.023404256,1.4049146126412667e-08,2.624798336333901e-73,4.8374331814409654e-60,8.266605854648039e-130,9.506992895143262e-101,1.759393804108902e-76,2.4599720352408323e-36,1.4049146126412667e-08
24.566666666666663,0.023404256,1.230671421164413e-08,2.17614489455712e-73,4.1225487787651615e-60,5.679705730292128e-130,6.883660222358878e-101,1.3497472063822492e-76,1.9426581092849756e-36,1.230671421164413e-08
24.58333333333333,0.023404256,1.0778849437198095e-08,1.8041685327727778e-73,3.5132988418977994e-60,3.9022895730245744e-130,4.9841382717972185e-101,1.0354646854234362e-76,1.5340626550789868e-36,1.0778849437198095e-08
24.6,0.023404256,9.43933580664815e-09,1.495766604850424e-73,2.9940762143704455e-60,2.681070396275065e-130,3.608736343495809e-101,7.943495224327697e-77,1.2113521840339042e-36,9.43933580664815e-09
24.616666666666667,0.023404256,8.265132779006974e-09,1.2400751379433475e-73,2.551579369585565e-60,1.842010144814559e-130,2.6128510498947418e-101,6.0937059666915936e-77,9.564856331884692e-37,8.265132779006974e-09
24.633333333333333,0.023404256,7.235994330077174e-09,1.028086395364006e-73,2.174471843958585e-60,1.26552551539773e-130,1.8917711312357728e-101,4.6746045418415255e-77,7.552091780887716e-37,7.235994330077174e-09
24.65,0.023404256,6.334133220068855e-09,8.52331762495116e-74,1.853091969308166e-60,8.694505618510435e-131,1.369673300842084e-101,3.5859299458687026e-77,5.962617342122747e-37,6.334133220068855e-09
24.666666666666668,0.023404256,5.543925168325139e-09,7.066187997213496e-74,1.5792054765875391e-60,5.97329534622358e-131,9.916532858051545e-102,2.750757364357901e-77,4.707470172064278e-37,5.543925168325139e-09
24.683333333333334,0.023404256,4.851648248488878e-09,5.858132113374861e-74,1.3457946398288447e-60,4.10372457931966e-131,7.179549640591578e-102,2.110067474712525e-77,3.7163726880210213e-37,4.851648248488878e-09
24.7,0.023404256,4.245253360276922e-09,4.8565805911503594e-74,1.1468785640147075e-60,2.81927573621543e-131,5.197913472596864e-102,1.6185793450332567e-77,2.933810599903265e-37,4.245253360276922e-09
24.716666666666665,0.018723404,3.7141621150016675e-09,4.026238592219879e-74,9.773600174201928e-61,1.9368324112786244e-131,3.763183517142303e-102,1.2415529699266278e-77,2.315933596757276e-37,3.7141621150016675e-09
24.73333333333333,0.018723404,3.2490888979879386e-09,3.337842875260057e-74,8.328948881469412e-61,1.3305821331334794e-131,2.7244338798370342e-102,9.523358578855989e-78,1.8281062497140617e-37,3.2490888979879386e-09
24.75,0.018723404,2.84188424826033e-09,2.7671311916086373e-74,7.09780923474127e-61,9.140848158271499e-132,1.9723849609754446e-102,7.3048055821691455e-78,1.442972812914123e-37,2.84188424826033e-09
24.766666666666666,0.018723404,2.4853970297973576e-09,2.2939877526095515e-74,6.04862904077796e-61,6.279520414390808e-132,1.4279126512890019e-102,5.603002851157288e-78,1.1389281633922062e-37,2.4853970297973576e-09
24.78333333333333,0.018723404,2.1733531641478076e-09,1.9017346923461425e-74,5.154518257408399e-61,4.313816266814274e-132,1.0337277204682189e-102,4.297607001308081e-78,8.989097012241747e-38,2.1733531641478076e-09
24.8,0.018723404,1.900248955635443e-09,1.5765445863056487e-74,4.392560196476806e-61,2.963411806775668e-132,7.48350854109315e-103,3.296296299028364e-78,7.094428833146118e-38,1.900248955635443e-09
24.816666666666663,0.018723404,1.6612572715903128e-09,1.3069533461449148e-74,3.743224478964472e-61,2.0357178115242565e-132,5.417500288100869e-103,2.5282469528918194e-78,5.598871773949165e-38,1.6612572715903128e-09
24.83333333333333,0.018723404,1.4521450444820075e-09,1.0834563429212253e-74,3.1898667128409334e-61,1.3984223725035655e-132,3.9218161334902e-103,1.9391279374586908e-78,4.418403796144225e-38,1.4521450444820075e-09
24.85,0.018723404,1.2692007435437572e-09,8.981735401271059e-75,2.7183020838725928e-61,9.606260906923084e-133,2.839030960910018e-103,1.4872609373335388e-78,3.48668058389326e-38,1.2692007435437572e-09
24.866666666666667,0.018723404,1.1091706231669556e-09,7.445718466147706e-75,2.3164419415039697e-61,6.598810105240566e-133,2.0551695462097793e-103,1.1406742360071156e-78,2.751318583254272e-38,1.1091706231669556e-09
24.883333333333333,0.0140425535,9.692026964311298e-10,6.172349134413067e-75,1.973984074436209e-61,4.532858190065616e-133,1.4877152783460938e-103,8.748424781362205e-79,2.1709590806932326e-38,9.692026964311298e-10
24.9,0.0140425535,8.467975067462614e-10,5.116722686436732e-75,1.6821487449179163e-61,3.113679399035787e-133,1.0769279368586134e-103,6.709526557958556e-79,1.7129493089194094e-38,8.467975067462614e-10
24.916666666666668,0.0140425535,7.397648806125236e-10,4.2416106869227185e-75,1.4334537221672936e-61,2.13880368540239e-133,7.795574550454324e-104,5.145738243761581e-79,1.3515109864422257e-38,7.397648806125236e-10
24.933333333333334,0.0140425535,6.461859416377258e-10,3.5161489359760223e-75,1.2215225537690135e-61,1.4691401723734575e-133,5.642925199944198e-104,3.9463656329402326e-79,1.0662938977158956e-38,6.461859416377258e-10
24.95,0.0140425535,5.643797516769421e-10,2.914749647380011e-75,1.0409211648484893e-61,1.0091386390366272e-133,4.084652819977845e-104,3.026500719491662e-79,8.412336159187146e-39,5.643797516769421e-10
24.966666666666665,0.0140425535,4.928740205982131e-10,2.4161995394013247e-75,8.87018600118938e-62,6.931603892138725e-134,2.956655388200254e-104,2.3210157592970885e-79,6.636494561796848e-39,4.928740205982131e-10
24.98333333333333,0.0140425535,4.303793929002194e-10,2.0029120694950705e-75,7.558683420588205e-62,4.761150936687969e-134,2.1401340871561094e-104,1.779955968353081e-79,5.2353216877847216e-39,4.303793929002194e-10
25.0,0.0140425535,3.757668782513989e-10,1.6603074721220713e-75,6.441071653480534e-62,3.270284104993938e-134,1.549087641663828e-104,1.3650052016456262e-79,4.129814868358545e-39,3.757668782513989e-10
25.016666666666666,0.0140425535,3.2804804490235376e-10,1.376298759476068e-75,5.48868936739649e-62,2.246230649953711e-134,1.1212584673616197e-104,1.0467747697187296e-79,3.257620220024237e-39,3.2804804490235376e-10
25.03333333333333,0.0140425535,2.863576406571882e-10,1.140865576651667e-75,4.677111522678171e-62,1.5428317086565228e-134,8.115779447362975e-105,8.0272371631769e-80,2.5695262157094943e-39,2.863576406571882e-10
25.05,0.0140425535,2.4993834639492175e-10,9.45700896982215e-76,3.985523298878617e-62,1.0596882404720921e-134,5.874210472971872e-105,6.155635072459e-80,2.0266953033393436e-39,2.4993834639492175e-10
25.066666666666663,0.0140425535,2.1812740264449205e-10,7.83918108844299e-76,3.3961865365552644e-62,7.278351671918085e-135,4.251709163504305e-105,4.720343188860074e-80,1.598478320566919e-39,2.1812740264449205e-10
25.08333333333333,0.0140425535,1.9034488099991587e-10,6.498081724626106e-76,2.8939850250045466e-62,4.99900220930779e-135,3.0773180644625224e-105,3.619663825861904e-80,1.2606890915457141e-39,1.9034488099991587e-10
25.1,0.0140425535,1.6608339971355698e-10,5.386382890384736e-76,2.4660369859463697e-62,3.433436373288787e-135,2.227286203335801e-105,2.7755999350984205e-80,9.942423721775369e-40,1.6608339971355698e-10
25.116666666666667,0.0140425535,1.448991070641655e-10,4.46484986946642e-76,2.101364824326082e-62,2.3581426372875865e-135,1.6120350612280166e-105,2.1283325306120826e-80,7.840786737172906e-40,1.448991070641655e-10
25.133333333333333,0.0140425535,1.2640377745244474e-10,3.700957422920528e-76,1.7906136842978854e-62,1.6195954200642905e-135,1.1667230227011887e-105,1.6319847482179947e-80,6.183155784951079e-40,1.2640377745244474e-10
25.15,0.0140425535,1.1025788397319934e-10,3.0677425647544855e-76,1.525811598670651e-62,1.1123422191401746e-135,8.4441490867742645e-106,1.2513728304293996e-80,4.875778646283883e-40,1.1025788397319934e-10
25.166666666666668,0.0140425535,9.616452775266791e-11,2.5428534697996208e-76,1.3001650856044871e-62,7.63951388388919e-136,6.1113741014654495e-106,9.595141307943477e-81,3.844687891046669e-40,9.616452775266791e-11
25.183333333333334,0.0140425535,8.386411889115503e-11,2.1077609871703894e-76,1.107884954462111e-62,5.246726906467073e-136,4.422997672306536e-106,7.357157800630399e-81,3.031528016141546e-40,8.386411889115503e-11
25.2,0.0140425535,7.312971665031022e-11,1.7471049628956803e-76,9.440378566666968e-63,3.603351564194099e-136,3.2010276731025837e-106,5.641087349028505e-81,2.3902621827109546e-40,7.312971665031022e-11
25.216666666666665,0.0140425535,6.376294778048179e-11,1.4481523262788358e-76,8.044197770285908e-63,2.474686931966863e-136,2.316631914431302e-106,4.325234414980496e-81,1.8845732508305638e-40,6.376294778048179e-11
25.23333333333333,0.0140425535,5.559043178032745e-11,1.2003478335769629e-76,6.85448223162724e-63,1.6995320335199768e-136,1.6765617037978852e-106,3.3162751892025434e-81,1.485812823438614e-40,5.559043178032745e-11
25.25,0.0140425535,4.846065058101362e-11,9.949416284544135e-77,5.84070349723128e-63,1.1671694609839995e-136,1.213324482335022e-106,2.542644096356251e-81,1.1713828156826941e-40,4.846065058101362e-11
25.266666666666666,0.009361702,4.224120779390662e-11,8.246804863632152e-77,4.976846625001231e-63,8.015561627254436e-137,8.780703331902171e-107,1.9494616802173886e-81,9.234583876497594e-41,4.224120779390662e-11
25.28333333333333,0.009361702,3.681642938003635e-11,6.835518549305779e-77,4.240742954153408e-63,5.5046472024310005e-137,6.354429761005866e-107,1.4946446813047398e-81,7.279802809855079e-41,3.681642938003635e-11
25.3,0.0140425535,3.208526350318027e-11,5.665716636652555e-77,3.613501500250208e-63,3.780250003859347e-137,4.598527741897839e-107,1.1459228077474853e-81,5.738597600386445e-41,3.208526350318027e-11
25.316666666666663,0.0140425535,2.7959442514107137e-11,4.696084194026421e-77,3.0790243989456327e-63,2.5960142078748854e-137,3.327790654080197e-107,8.78550892778684e-82,4.523513263388276e-41,2.7959442514107137e-11
25.33333333333333,0.0140425535,2.4361874567962012e-11,3.8923738325889854e-77,2.623593976154513e-63,1.7827445892143786e-137,2.408175623241911e-107,6.735543700254467e-82,3.565578230923226e-41,2.4361874567962012e-11
25.35,0.0140425535,2.122523637603198e-11,3.2261968553657068e-77,2.2355208581386976e-63,1.2242404307793776e-137,1.7426705708567058e-107,5.163837641608745e-82,2.8104000436416475e-41,2.122523637603198e-11
25.366666666666667,0.0140425535,1.849074210418033e-11,2.6740211438636433e-77,1.904844099528845e-63,8.406976776845166e-138,1.2610648859390616e-107,3.958828616597818e-82,2.2150853055906474e-41,1.849074210418033e-11
25.383333333333333,0.0140425535,1.6107066512263437e-11,2.2163404307559378e-77,1.6230756406306006e-63,5.773092625842435e-138,9.125455994059959e-108,3.034974441830552e-82,1.7458099846304645e-41,1.6107066512263437e-11
25.4,0.0140425535,1.4029403133740098e-11,1.836985651322041e-77,1.3829825416832443e-63,3.9643570377718993e-138,6.6033867659816186e-108,2.3266850786877572e-82,1.3759028161652018e-41,1.4029403133740098e-11
25.416666666666668,0.0140425535,1.2218640668141135e-11,1.5225540772460982e-77,1.1784014101229418e-63,2.72227856454531e-138,4.778305625068739e-108,1.7836696165742223e-82,1.0843335135766018e-41,1.2218640668141135e-11
25.433333333333334,0.0140425535,1.0640642841456156e-11,1.261936090667011e-77,1.004080262196225e-63,1.869338465295785e-138,3.45761118273634e-108,1.367368218998652e-82,8.545203330743086e-42,1.0640642841456156e-11
25.45,0.0140425535,9.265618816100812e-12,1.045922900431023e-77,8.555437635934311e-64,1.2836271889127011e-138,2.5019201007499472e-108,1.0482160853525056e-82,6.733895689499465e-42,9.265618816100812e-12
25.466666666666665,0.009361702,8.067572834187655e-12,8.668813577519723e-78,7.28978393161347e-64,8.814252097141903e-139,1.810363488082088e-108,8.035454441464705e-83,5.3063378217896826e-42,8.067572834187655e-12
25.48333333333333,0.009361702,7.023823182639031e-12,7.184843955694289e-78,6.211345845604233e-64,6.052400137207502e-139,1.3099454259848066e-108,6.1597681398969806e-83,4.1812679199558954e-42,7.023823182639031e-12
25.5,0.009361702,6.114581800399498e-12,5.95487578272893e-78,5.292433360479028e-64,4.155903083402083e-139,9.478414780361486e-109,4.721854491787107e-83,3.2946231882736e-42,6.114581800399498e-12
25.516666666666666,0.0140425535,5.322586927746005e-12,4.935438753090035e-78,4.5094514954814865e-64,2.85363756293909e-139,6.858250032764074e-109,3.619554836539745e-83,2.5959015696232744e-42,5.322586927746005e-12
25.53333333333333,0.009361702,4.63278214406854e-12,4.09050120873516e-78,3.842294763218571e-64,1.9594214021802542e-139,4.962334405964171e-109,2.7745468422201006e-83,2.045292705287386e-42,4.63278214406854e-12
25.55,0.009361702,4.0320359698610915e-12,3.390197399635798e-78,3.273831159717106e-64,1.345403407897775e-139,3.590491151559284e-109,2.126783662733197e-83,1.6114155777250105e-42,4.0320359698610915e-12
25.566666666666663,0.009361702,3.5088969353522453e-12,2.809772479558009e-78,2.7894624512457065e-64,9.237891354502865e-140,2.5978664732984014e-109,1.630230209801836e-83,1.269534616605887e-42,3.5088969353522453e-12
25.58333333333333,0.009361702,3.0533796548497764e-12,2.3287079926822274e-78,2.3767494779851028e-64,6.342914205143812e-140,1.8796410963319968e-109,1.249594021060285e-83,1.000153132304075e-42,3.0533796548497764e-12
25.6,0.009361702,2.6567780035487914e-12,1.9299969766054194e-78,2.025092862093431e-64,4.355123682015203e-140,1.359966441408949e-109,9.578187498020066e-84,7.879043071900987e-43,2.6567780035487914e-12
25.616666666666667,0.009361702,2.3115019819627443e-12,1.5995430878949933e-78,1.7254609287134378e-64,2.990252260642102e-140,9.839581249288471e-110,7.341623984171573e-84,6.2067682983108266e-43,2.3115019819627443e-12
25.633333333333333,0.009361702,2.010935280842056e-12,1.3256625339508004e-78,1.4701578594242366e-64,2.0531035264638178e-140,7.119020048534767e-110,5.627239006343156e-84,4.8892555264348506e-43,2.010935280842056e-12
25.65,0.009361702,1.7493109339297446e-12,1.0986712238670733e-78,1.2526261296046784e-64,1.4096443886242449e-140,5.1506139782325135e-110,4.313134678936621e-84,3.851280408653483e-43,1.7493109339297446e-12
25.666666666666668,0.009361702,1.5216027737320534e-12,9.105425592898086e-79,1.0672781605889261e-64,9.678409427540986e-141,3.7264301548740714e-110,3.305865076678229e-84,3.033561526913138e-43,1.5216027737320534e-12
25.683333333333334,0.009361702,1.3234306924451155e-12,7.5462378007258e-79,9.093528669188557e-65,6.644986881370566e-141,2.6960142118725926e-110,2.5337962577699914e-84,2.38938314760611e-43,1.3234306924451155e-12
25.7,0.009361702,1.150977961319545e-12,6.254008468153811e-79,7.7479341763577e-65,4.56225954961213e-141,1.9505028441502712e-110,1.9420156699495703e-84,1.881933029215835e-43,1.150977961319545e-12
25.716666666666665,0.009361702,1.0009190815142236e-12,5.183035560762468e-79,6.601430747855537e-65,3.132287246472328e-141,1.4111274123754824e-110,1.488429456149577e-84,1.4822039646430396e-43,1.0009190815142236e-12
25.73333333333333,0.009361702,8.703568317748613e-13,4.29544004632457e-79,5.624564360878262e-65,2.1504973744330451e-141,1.02089507741092e-110,1.1407705010838241e-84,1.167339745054794e-43,8.703568317748613e-13
25.75,0.009361702,7.56767346490595e-13,3.559826967720818e-79,4.792238039365307e-65,1.4764270763252178e-141,7.385692845764018e-111,8.743047168787342e-85,9.19331471343036e-44,7.56767346490595e-13
25.766666666666666,0.009361702,6.579522048236252e-13,2.950175647689272e-79,4.08306739687929e-65,1.0136332415603183e-141,5.343141027237891e-111,6.700726414447992e-85,7.239900422883193e-44,6.579522048236252e-13
25.78333333333333,0.009361702,5.7199664029576e-13,2.4449198188764145e-79,3.4788314919015668e-65,6.958977874390706e-142,3.865425476458799e-111,5.1354143482878523e-85,5.701363429117089e-44,5.7199664029576e-13
25.8,0.009361702,4.972330927528643e-13,2.0261851803867027e-79,2.9640049007774716e-65,4.7775566269745924e-142,2.7963611234889218e-111,3.935715033371002e-85,4.489630317332956e-44,4.972330927528643e-13
25.816666666666663,0.009361702,4.322094230256866e-13,1.6791574422942866e-79,2.5253589976379436e-65,3.2799106744729173e-142,2.022946981783582e-111,3.016243268809159e-85,3.535315833134611e-44,4.322094230256866e-13
25.83333333333333,0.009361702,3.7566119663050095e-13,1.3915585286640876e-79,2.151622206604417e-65,2.251717915151588e-142,1.463426956123462e-111,2.311551975932912e-85,2.783759359080056e-44,3.7566119663050095e-13
25.85,0.009361702,3.264875180515913e-13,1.1532124302170847e-79,1.8331905049778783e-65,1.5458300762597952e-142,1.0586512514114992e-111,1.7714771329172314e-85,2.1919015976439007e-44,3.264875180515913e-13
25.866666666666667,0.009361702,2.837299628722653e-13,9.556853647361244e-80,1.5618807457501298e-65,1.0612197745266802e-142,7.658259982316626e-112,1.3575694019627043e-85,1.7258234373657043e-44,2.837299628722653e-13
25.883333333333333,0.009361702,2.4655421246045255e-13,7.919875284631126e-80,1.3307204667291237e-65,7.285254621818528e-143,5.539909016318691e-112,1.0403588039396643e-85,1.3588066796950904e-44,2.4655421246045255e-13
25.9,0.009361702,2.1423404610621196e-13,6.5632589775794806e-80,1.1337687900398924e-65,5.001266128793392e-143,4.0074720800695005e-112,7.972579903440553e-86,1.0698060248006594e-44,2.1423404610621196e-13
25.916666666666668,0.009361702,1.8613738936020468e-13,5.438993440070198e-80,9.659638137573755e-66,3.4332942972727806e-143,2.898903344673134e-112,6.109550445858593e-86,8.422451435981515e-45,1.8613738936020468e-13
25.933333333333334,0.009361702,1.6171415563197774e-13,4.5072881987930205e-80,8.229925774329653e-66,2.3568825731173608e-143,2.0969705567020814e-112,4.6818153670821326e-86,6.630681317481374e-45,1.6171415563197774e-13
25.95,0.004680851,1.4048565156987478e-13,3.735166143193764e-80,7.011802627287561e-66,1.6179336690982097e-143,1.5168628238994156e-112,3.5876822848259864e-86,5.219921990769138e-45,1.4048565156987478e-13
25.966666666666665,0.004680851,1.2203534597101868e-13,3.0952970091029655e-80,5.973957841429314e-66,1.110655427482314e-143,1.0972249393655555e-112,2.7492127391874605e-86,4.109189225018069e-45,1.2203534597101868e-13
25.98333333333333,0.004680851,1.0600082749284905e-13,2.5650305570815583e-80,5.089713455638081e-66,7.624192361333711e-144,7.936708527153122e-113,2.106674360515722e-86,3.234704346979025e-45,1.0600082749284905e-13
26.0,0.004680851,9.206679872437735e-14,2.1255952642141648e-80,4.3363389692534524e-66,5.233644591839715e-144,5.740908177070215e-113,1.6142885803890568e-86,2.546240489763751e-45,9.206679872437735e-14
26.016666666666666,0.004680851,7.995897363340607e-14,1.7614341980678398e-80,3.6944673075187833e-66,3.592613498801214e-144,4.152562602859958e-113,1.2369713890916641e-86,2.004244388180753e-45,7.995897363340607e-14
26.03333333333333,0.004680851,6.94387623926403e-14,1.4596545904515709e-80,3.1475971871505315e-66,2.466111250474602e-144,3.0036353370217674e-113,9.478352631479726e-87,1.5775691803897076e-45,6.94387623926403e-14
26.05,0.004680851,6.029864241523854e-14,1.2095716477388316e-80,2.6816691016272745e-66,1.6928198260024482e-144,2.1725694106189457e-113,7.262745221305011e-87,1.2416885678367056e-45,6.029864241523854e-14
26.066666666666663,0.004680851,5.235812737157281e-14,1.0023304658314605e-80,2.2847040360783282e-66,1.1619962396672985e-144,1.5714318989646147e-113,5.564978724515679e-87,9.772901820300228e-46,5.235812737157281e-14
26.08333333333333,0.004680851,4.546025725284467e-14,8.3059267904923385e-81,1.9464956323949887e-66,7.976174200196135e-145,1.1366138088887344e-113,4.2640370673077255e-87,7.691676744893844e-46,4.546025725284467e-14
26.1,0.004680851,3.9468542402242276e-14,6.882767608750878e-81,1.6583478977099247e-66,5.474953922168618e-145,8.221021051590904e-114,3.26718111799868e-87,6.0534812015283e-46,3.9468542402242276e-14
26.116666666666667,0.004680851,3.426430303274309e-14,5.703427914335779e-81,1.412851718921882e-66,3.758047326329019e-145,5.946125503625814e-114,2.5033422995186905e-87,4.764047781131972e-46,3.426430303274309e-14
26.133333333333333,0.004680851,2.97443532521404e-14,4.726140788667542e-81,1.2036944425026938e-66,2.5795263487662543e-145,4.300687351673926e-114,1.9180594558212408e-87,3.749158540781754e-46,2.97443532521404e-14
26.15,0.004680851,2.5818985159523285e-14,3.9162932495022214e-81,1.0254976279958771e-66,1.7705722233959742e-145,3.1105498848257243e-114,1.4695985164365144e-87,2.950382611458505e-46,2.5818985159523285e-14
26.166666666666668,0.004680851,2.24102142848711e-14,3.245201054173095e-81,8.736788071864801e-67,1.215299413757836e-145,2.2497381779912585e-114,1.125978683079236e-87,2.321719559886212e-46,2.24102142848711e-14
26.183333333333334,0.004680851,1.9450252621183257e-14,2.689093307069913e-81,7.443336974767791e-67,8.341591183306166e-146,1.6271301956673125e-114,8.626933855778874e-88,1.826956119847032e-46,1.9450252621183257e-14
26.2,0.004680851,1.688017983928995e-14,2.22827094858178e-81,6.341358433607144e-67,5.7254614413152105e-146,1.176814902219834e-114,6.609637105884036e-88,1.4375847525453874e-46,1.688017983928995e-14
26.216666666666665,0.004680851,1.4648787060469596e-14,1.8464093526936422e-81,5.4025110754234354e-67,3.9297785218298065e-146,8.5111756260785e-115,5.063999135285484e-88,1.1311646724296175e-46,1.4648787060469596e-14
26.23333333333333,0.004680851,1.2711570861915995e-14,1.5299803576396575e-81,4.6026481468156595e-67,2.6972527902218715e-146,6.15554475089559e-115,3.8797567856302966e-88,8.900313227289894e-47,1.2711570861915995e-14
26.25,0.004680851,1.1029858066938418e-14,1.2677732786804868e-81,3.921196757670042e-67,1.8512762574097317e-146,4.451834302182345e-115,2.9724206038521085e-88,7.0028025249369e-47,1.1029858066938418e-14
26.266666666666666,0.004680851,9.570044379462548e-15,1.0504979535290188e-81,3.3406289805668746e-67,1.2706233256731451e-146,3.2196380947427166e-115,2.2772510946571253e-88,5.509670756070078e-47,9.570044379462548e-15
26.28333333333333,0.004680851,8.302932108097166e-15,8.7045577298326e-82,2.8460112150050167e-67,8.720842359761048e-147,2.328470285992065e-115,1.744642639185091e-88,4.3347758150909535e-47,8.302932108097166e-15
26.3,0.004680851,7.203154129925477e-15,7.212670545475678e-82,2.4246202362797756e-67,5.9854399314625e-147,1.683952859574496e-115,1.3365861713163732e-88,3.4103182589994446e-47,7.203154129925477e-15
26.316666666666663,0.004680851,6.248672904138102e-15,5.976451102669254e-82,2.065616062076637e-67,4.1079935526332204e-147,1.217824636423373e-115,1.0239585440317608e-88,2.6829371582525354e-47,6.248672904138102e-15
26.33333333333333,0.004680851,5.420344792035375e-15,4.9520901215904485e-82,1.7597632296549935e-67,2.819418038559708e-147,8.807145822415985e-116,7.844454097000545e-89,2.11063657199991e-47,5.420344792035375e-15
26.35,0.0,4.701541200142848e-15,4.1032842792391576e-82,1.499193320338332e-67,1.9350190580018935e-147,6.369146436723581e-116,6.0094957245371566e-89,1.660366005589254e-47,4.701541200142848e-15
26.366666666666667,0.0,4.077819161036503e-15,3.399950344617903e-82,1.2772026278689525e-67,1.328027534155213e-147,4.6059891008372973e-116,4.6037136118490905e-89,1.3061157566811253e-47,4.077819161036503e-15
26.383333333333333,0.0,3.536634922829648e-15,2.817159572778308e-82,1.088079770227049e-67,9.114334847861905e-148,3.330889397489575e-116,3.526740810184404e-89,1.0274176267572537e-47,3.536634922829648e-15
26.4,0.0,3.0670949512785165e-15,2.3342546335536343e-82,9.269588139683098e-68,6.255167679562004e-148,2.4087579559359485e-116,2.7016791703681134e-89,8.081647615636707e-48,3.0670949512785165e-15
26.416666666666668,0.004680851,2.6597394739415055e-15,1.9341178111124e-82,7.896941357407156e-68,4.292882641360622e-148,1.7418941686448583e-116,2.0696123332422734e-89,6.356827217669562e-48,2.6597394739415055e-15
26.433333333333334,0.004680851,2.3063543276334754e-15,1.6025645645911746e-82,6.7275380426244e-68,2.94615211929949e-148,1.2596388043394667e-116,1.585401419237189e-89,4.999983251484322e-48,2.3063543276334754e-15
26.45,0.0,1.9998074205680995e-15,1.3278409773630998e-82,5.731287420105856e-68,2.0218895027386623e-148,9.10890072137047e-117,1.2144635990891323e-89,3.932641720866973e-48,1.9998074205680995e-15
26.466666666666665,0.0,1.7339065996051296e-15,1.1002072999660226e-82,4.882553314198304e-68,1.3875727901200655e-148,6.586907847922258e-117,9.303037980103804e-90,3.093057191296777e-48,1.7339065996051296e-15
26.48333333333333,0.004680851,1.5032761300635433e-15,9.115928394318538e-83,4.159494759359415e-68,9.522483898560409e-149,4.7631350696075855e-117,7.126234819690647e-90,2.4326481483747922e-48,1.5032761300635433e-15
26.5,0.004680851,1.3032493586202475e-15,7.553099735636637e-83,3.5435042068886893e-68,6.53492852036843e-149,3.4442915515340764e-117,5.458716228918249e-90,1.9131916238483384e-48,1.3032493586202475e-15
26.516666666666666,0.004680851,1.1297754458447048e-15,6.2581716196288174e-83,3.0187288840763336e-68,4.484639795124709e-149,2.490592206139811e-117,4.181344715316747e-90,1.5046154328590814e-48,1.1297754458447048e-15
26.53333333333333,0.004680851,9.793383299896109e-16,5.185225603787033e-83,2.5716629993855596e-68,3.077587639570273e-149,1.800947535434467e-117,3.202849294428946e-90,1.1832607698809822e-48,9.793383299896109e-16
26.55,0.004680851,8.488863230580589e-16,4.296212826260327e-83,2.1908003084277585e-68,2.11197823022999e-149,1.3022525762776091e-117,2.45330826986937e-90,9.305149959536394e-49,8.488863230580589e-16
26.566666666666663,0.004680851,7.357709485019673e-16,3.559605457664727e-83,1.866338107148739e-68,1.449321045771428e-149,9.416404925614676e-118,1.879156022295663e-90,7.317357724661344e-49,7.357709485019673e-16
26.58333333333333,0.004680851,6.376938111938528e-16,2.9492792163841145e-83,1.5899250407139704e-68,9.94571295727556e-150,6.8088030501161235e-118,1.439357473096584e-90,5.7540448237895816e-49,6.376938111938528e-16
26.6,0.004680851,5.526604480523187e-16,2.4435873609928587e-83,1.3544462430132758e-68,6.825011878375954e-150,4.9232532134542405e-118,1.1024771937677783e-90,4.524600933496273e-49,5.526604480523187e-16
26.616666666666667,0.004680851,4.789402449354388e-16,2.0245933546622717e-83,1.1538402814567453e-68,4.6834628339690173e-150,3.5598306487564522e-118,8.444339642152389e-91,3.5577501856649965e-49,4.789402449354388e-16
26.633333333333333,0.004680851,4.150316248049021e-16,1.677435016155618e-83,9.829431994563028e-69,3.2138598073992174e-150,2.5739628561976127e-118,6.467804938912242e-91,2.7974271847302184e-49,4.150316248049021e-16
26.65,0.004680851,3.5963181601746743e-16,1.3897976291668396e-83,8.373556457120234e-69,2.205377653214785e-150,1.861105510317172e-118,4.953854963749207e-91,2.199532310248269e-49,3.5963181601746743e-16
26.666666666666668,0.004680851,3.116105999319099e-16,1.151477341181102e-83,7.133296730322379e-69,1.5133354634742088e-150,1.3456605024371335e-118,3.794240233561505e-91,1.7293789053534508e-49,3.116105999319099e-16
26.683333333333334,0.004680851,2.699875155860177e-16,9.540193813624996e-84,6.076722951885278e-69,1.0384453724074139e-150,9.729618577888523e-119,2.9060396595543133e-91,1.3596848752521797e-49,2.699875155860177e-16
26.7,0.004680851,2.3391206752411933e-16,7.904182774302928e-84,5.17663321225154e-69,7.125712808627759e-151,7.034802901356482e-119,2.2257348922626217e-91,1.0689926416873699e-49,2.3391206752411933e-16
26.716666666666665,0.004680851,2.0264654227237703e-16,6.548694479094127e-84,4.4098535379123844e-69,4.8895534185437755e-151,5.08632223051344e-119,1.704670820700915e-91,8.404261290079429e-50,2.0264654227237703e-16
26.73333333333333,0.004680851,1.7555109062332255e-16,5.425633663013109e-84,3.7566415087544516e-69,3.3551064504792364e-151,3.6774911220490667e-119,1.3055780109221186e-91,6.607129197421016e-50,1.7555109062332255e-16
26.75,0.004680851,1.520707778117438e-16,4.495150020671495e-84,3.200178168399165e-69,2.302181971283221e-151,2.6588585326478933e-119,9.999086920262904e-92,5.194150339097379e-50,1.520707778117438e-16
26.766666666666666,0.004680851,1.3172434271758865e-16,3.724224932586974e-84,2.726135157228377e-69,1.579680424382736e-151,1.922359785705669e-119,7.657959902896716e-92,4.08323839523606e-50,1.3172434271758865e-16
26.78333333333333,0.004680851,1.1409444118197338e-16,3.0855004143405264e-84,2.322305932439731e-69,1.083914621216555e-151,1.389856516046853e-119,5.864906200256673e-92,3.20984086741486e-50,1.1409444118197338e-16
26.8,0.004680851,9.881917803442387e-17,2.556308778408724e-84,1.9782915877980361e-69,7.437332036368648e-152,1.0048497384329109e-119,4.491633393494938e-92,2.5231952192794415e-50,9.881917803442387e-17
26.816666666666663,0.004680851,8.558475808091556e-17,2.117868611349644e-84,1.685233190096077e-69,5.103117076988798e-152,7.264875069431045e-120,3.4398760393231104e-92,1.983384109982085e-50,8.558475808091556e-17
26.83333333333333,0.009361702,7.411910859698868e-17,1.7546185632226172e-84,1.435583745838527e-69,3.5014680343928048e-152,5.252318524925123e-120,2.634368668484096e-92,1.559019227177484e-50,7.411910859698868e-17
26.85,0.009361702,6.418634524582082e-17,1.4536653304295172e-84,1.2229139310613858e-69,2.4024871832329887e-152,3.797255754822493e-120,2.0174630649341967e-92,1.225419588252004e-50,6.418634524582082e-17
26.866666666666667,0.009361702,5.558197017835222e-17,1.204326260585569e-84,1.0417465857140869e-69,1.6484215368142845e-152,2.745266676008273e-120,1.5450051197628755e-92,9.63178788386791e-51,5.558197017835222e-17
26.883333333333333,0.009361702,4.8128705703272126e-17,9.977503619526656e-85,8.874157139890238e-70,1.1310238804666874e-152,1.9847012012528713e-120,1.1831765509883754e-92,7.5703818397096e-51,4.8128705703272126e-17
26.9,0.009361702,4.167287962691737e-17,8.266042791977064e-85,7.559463624163197e-70,7.760175995533044e-153,1.4348339372081708e-120,9.060757263882881e-93,5.950007098557748e-51,4.167287962691737e-17
26.916666666666668,0.009361702,3.6081289407518635e-17,6.848121002378007e-85,6.439522846519121e-70,5.324363231017059e-153,1.0372992642844865e-120,6.938646448731361e-93,4.676339620846293e-51,3.6081289407518635e-17
26.933333333333334,0.009361702,3.1238481863233985e-17,5.673397673002944e-85,5.4854875949545464e-70,3.653087680291473e-153,7.498984052797737e-121,5.313495946726755e-93,3.675221391833397e-51,3.1238481863233985e-17
26.95,0.009361702,2.704439350831762e-17,4.700164466711758e-85,4.672783185424543e-70,2.50639109905057e-153,5.421216222273173e-121,4.068940037024324e-93,2.8883505839938814e-51,2.704439350831762e-17
26.966666666666665,0.009361702,2.341230383181399e-17,3.8938652196334727e-85,3.9804747203188865e-70,1.7196256443705107e-153,3.919105692382581e-121,3.1158574299544056e-93,2.2698924698679454e-51,2.341230383181399e-17
26.98333333333333,0.009361702,2.0267060121500822e-17,3.225869615387637e-85,3.3907280443650574e-70,1.1798188309636554e-153,2.8331735491534067e-121,2.3859933426938346e-93,1.783814450248261e-51,2.0267060121500822e-17
27.0,0.009361702,1.7543537897338417e-17,2.672457104433712e-85,2.8883505243829022e-70,8.094556866025984e-154,2.048119750017741e-121,1.82707447083344e-93,1.4017905400306956e-51,1.7543537897338417e-17
27.016666666666666,0.0140425535,1.5185305761682713e-17,2.2139750274662321e-85,2.4603998333503125e-70,5.5535052211836426e-154,1.4805854774307634e-121,1.3990674518712001e-93,1.1015536736340568e-51,1.5185305761682713e-17
27.03333333333333,0.0140425535,1.3143467592260952e-17,1.8341410793879694e-85,2.0958506691948254e-70,3.810111182015524e-154,1.0703051276457396e-121,1.0713131828771537e-93,8.656001644533698e-52,1.3143467592260952e-17
27.05,0.0140425535,1.137565858035537e-17,1.5194653692631978e-85,1.785310829622167e-70,2.613993351509142e-154,7.737091205087536e-122,8.203319884864987e-94,6.801710817411596e-52,1.137565858035537e-17
27.066666666666663,0.0140425535,9.845174721908633e-18,1.2587715731925756e-85,1.5207793344583838e-70,1.793360833794278e-154,5.592987187578738e-122,6.281426131605853e-94,5.344513763886567e-52,9.845174721908633e-18
27.08333333333333,0.0140425535,8.520218065303261e-18,1.0428001916246647e-85,1.2954403691124524e-70,1.2303460013302397e-154,4.043020455135445e-122,4.809747623825886e-94,4.199402248397343e-52,8.520218065303261e-18
27.1,0.0140425535,7.373242360152659e-18,8.638798348015331e-86,1.1034877446829262e-70,8.440792609790235e-155,2.9225642470046314e-122,3.682830679990307e-94,3.2995599985835812e-52,7.373242360152659e-18
27.116666666666667,0.009361702,6.3803857832492176e-18,7.156548730612811e-86,9.399753556588749e-71,5.790760331309417e-155,2.1126045855727642e-122,2.819919155892372e-94,2.592470939664073e-52,6.3803857832492176e-18
27.133333333333333,0.0140425535,5.520979181525354e-18,5.9285978814473814e-86,8.006897853042221e-71,3.972687022639935e-155,1.5271032448431306e-122,2.1591708808014357e-94,2.0368596910323357e-52,5.520979181525354e-18
27.15,0.0140425535,4.7771198027510314e-18,4.911322183547671e-86,6.820417788861131e-71,2.7253954073785807e-155,1.1038615871486633e-122,1.6532283067382274e-94,1.6002864078971072e-52,4.7771198027510314e-18
27.166666666666668,0.0140425535,4.133301813339642e-18,4.068580631359602e-86,5.809737905707124e-71,1.8696964425622575e-155,7.979154763075926e-123,1.2658263209002033e-94,1.2572560712586974e-52,4.133301813339642e-18
27.183333333333334,0.0140425535,3.576096055754158e-18,3.370431500546786e-86,4.948812235678492e-71,1.2826527731487818e-155,5.7676010457830624e-123,9.691943906379512e-95,9.877322281105479e-53,3.576096055754158e-18
27.2,0.0140425535,3.09387249867797e-18,2.7920690959409738e-86,4.215453355994171e-71,8.79920700563192e-156,4.16897795358616e-123,7.420670575259382e-95,7.759686947920577e-53,3.09387249867797e-18
27.216666666666665,0.0140425535,2.6765597014661075e-18,2.3129428405613655e-86,3.5907608206783557e-71,6.036349812071167e-156,3.013422707507865e-123,5.681603377687006e-95,6.09591224044525e-53,2.6765597014661075e-18
27.23333333333333,0.0140425535,2.3154363678556063e-18,1.916027438737786e-86,3.058634251367387e-71,4.1409663904476685e-156,2.178144030033783e-123,4.350049347383066e-95,4.788756734381004e-53,2.3154363678556063e-18
27.25,0.0140425535,2.0029507176590385e-18,1.58721820729378e-86,2.605358548901369e-71,2.84070057823885e-156,1.5743787500649093e-123,3.3305271138981854e-95,3.7618064330163646e-53,2.0029507176590385e-18
27.266666666666666,0.0140425535,1.732563972349989e-18,1.3148301106085072e-86,2.219250544166302e-71,1.9487030662081256e-156,1.13796247204893e-123,2.549924328811099e-95,2.955015397537639e-53,1.732563972349989e-18
27.28333333333333,0.0140425535,1.4986147425032591e-18,1.0891827157103196e-86,1.890357988507943e-71,1.3367873859186993e-156,8.225129878065671e-124,1.9522577253951617e-95,2.3212008484868917e-53,1.4986147425032591e-18
27.3,0.0140425535,1.2962015319067426e-18,9.022563329244387e-87,1.6102031316607424e-71,9.170129682778788e-157,5.9450252046806705e-124,1.4946604940391173e-95,1.8232885168381086e-53,1.2962015319067426e-18
27.316666666666663,0.0140425535,1.121080943426653e-18,7.474071341425463e-87,1.37156428318864e-71,6.290498903716714e-157,4.2969545050887765e-124,1.144309540489959e-95,1.4321477036480572e-53,1.121080943426653e-18
27.33333333333333,0.0140425535,9.69579492870616e-19,6.191311341511988e-87,1.1682897314884163e-71,4.315103194307466e-157,3.105731723860861e-124,8.760725019723879e-96,1.1248898483411143e-53,9.69579492870616e-19
27.35,0.0140425535,8.385172156488889e-19,5.128686548994163e-87,9.951392276215924e-72,2.960014030890527e-157,2.2447255829875892e-124,6.707059445966908e-96,8.835314035464013e-54,8.385172156488889e-19
27.366666666666667,0.0140425535,7.251414926159306e-19,4.2484232963764075e-87,8.476489510657775e-72,2.030452565366461e-157,1.6224029127239253e-124,5.13475643740052e-96,6.939430386690127e-54,7.251414926159306e-19
27.383333333333333,0.0140425535,6.270697309841012e-19,3.5192289451114493e-87,7.220164791823604e-72,1.3927989418245866e-157,1.1726011869809763e-124,3.931000831786073e-96,5.450238793221599e-54,6.270697309841012e-19
27.4,0.0140425535,5.422397178827724e-19,2.915180016807715e-87,6.15002797353213e-72,9.553896153158982e-158,8.474968650576296e-125,3.009414630018511e-96,4.280526058606152e-54,5.422397178827724e-19
27.416666666666668,0.0140425535,4.688666216749358e-19,2.414801053772052e-87,5.238488255986731e-72,6.553436857908869e-158,6.125224880218865e-125,2.303862384342469e-96,3.361775446199539e-54,4.688666216749358e-19
27.433333333333334,0.0140425535,4.054057527437014e-19,2.0003014947540558e-87,4.4620431135751826e-72,4.495254078454323e-158,4.4269248522939233e-125,1.7637079121299312e-96,2.6401599007070164e-54,4.054057527437014e-19
27.45,0.0140425535,3.5052031389577496e-19,1.656943462327721e-87,3.8006725660646523e-72,3.0834427973569174e-158,3.1994729579671003e-125,1.3501823447519948e-96,2.073393666596004e-54,3.5052031389577496e-19
27.466666666666665,0.0140425535,3.0305347320987813e-19,1.372518006790223e-87,3.237323188237172e-72,2.1150180725422592e-158,2.3123359312995195e-125,1.0336031589103418e-96,1.6282584651661427e-54,3.0305347320987813e-19
27.48333333333333,0.0140425535,2.6200418117416047e-19,1.136911202747389e-87,2.757468564431009e-72,1.4507374103157725e-158,1.6711660686014924e-125,7.912448237442853e-97,1.278659750356631e-54,2.6200418117416047e-19
27.5,0.0140425535,2.2650623112343935e-19,9.41744685379215e-88,2.348734863533972e-72,9.950847842372682e-159,1.2077707171639777e-125,6.057083990379235e-97,1.0040994982707697e-54,2.2650623112343935e-19
27.516666666666666,0.0140425535,1.9581012887718263e-19,7.800778569917911e-88,2.000581887418814e-72,6.825396958682488e-159,8.728620168268565e-126,4.6367318307562934e-97,7.884762990238312e-55,1.9581012887718263e-19
27.53333333333333,0.0140425535,1.692673954582638e-19,6.461611846912223e-88,1.7040313747951588e-72,4.681578436665203e-159,6.308163124117532e-126,3.549408949722534e-97,6.19142628594941e-55,1.692673954582638e-19
27.55,0.0140425535,1.4631697702527537e-19,5.352318246169536e-88,1.4514355597997737e-72,3.211095784468815e-159,4.558862183262546e-126,2.717038475811956e-97,4.861641965857964e-55,1.4631697702527537e-19
27.566666666666663,0.0140425535,1.264734797040475e-19,4.4334431155209807e-88,1.2362800216662113e-72,2.2024739985922609e-159,3.29462695507683e-126,2.0798462584095553e-97,3.817380686170549e-55,1.264734797040475e-19
27.58333333333333,0.0140425535,1.0931698474897107e-19,3.6723029826365255e-88,1.0530157452458878e-72,1.5106536324898684e-159,2.3809609597669495e-126,1.5920708228917793e-97,2.9973553771020658e-55,1.0931698474897107e-19
27.6,0.0140425535,9.448423217421939e-20,3.041823608330575e-88,8.969160647200167e-73,1.0361332119342262e-159,1.7206579773872775e-126,1.2186787760232587e-97,2.3534300834667495e-55,9.448423217421939e-20
27.616666666666667,0.0140425535,8.166098933886787e-20,2.519577411517684e-88,7.639548039410942e-73,7.106616542482368e-160,1.2434636340449702e-126,9.328500419230137e-98,1.8477988515806836e-55,8.166098933886787e-20
27.633333333333333,0.0140425535,7.057544553019016e-20,2.0869860603473643e-88,6.507024729735255e-73,4.8742384258083447e-160,8.986030546997712e-127,7.140525184927144e-98,1.4507695959285104e-55,7.057544553019016e-20
27.65,0.0140425535,6.099249486970172e-20,1.7286598919473284e-88,5.542378456422714e-73,3.34308378302892e-160,6.493800853732893e-127,5.4656801870947794e-98,1.13902325103634e-55,6.099249486970172e-20
27.666666666666668,0.009361702,5.270878830367023e-20,1.4318506845681573e-88,4.720726392145683e-73,2.292896038920236e-160,4.692738153183838e-127,4.183637308392354e-98,8.942463086442461e-56,5.270878830367023e-20
27.683333333333334,0.009361702,4.5548451413342056e-20,1.18599833340848e-88,4.020873549541689e-73,1.5725993252801724e-160,3.3911731595794306e-127,3.2022821686958226e-98,7.020566802676532e-56,4.5548451413342056e-20
27.7,0.009361702,3.9359378618037607e-20,9.823553180145659e-89,3.424766258859412e-73,1.0785702324613155e-160,2.4505857626051577e-127,2.4510994615685793e-98,5.5115998584287045e-56,3.9359378618037607e-20
27.716666666666665,0.009361702,3.401002633182759e-20,8.136756133966016e-89,2.917026631040863e-73,7.397337017301585e-161,1.7708678310290993e-127,1.8761089208181992e-98,4.326868526412213e-56,3.401002633182759e-20
27.73333333333333,0.009361702,2.938663801827908e-20,6.739569870550252e-89,2.4845560065876485e-73,5.073398978775731e-161,1.2796721013672517e-127,1.4359884529528545e-98,3.3967240265949606e-56,2.938663801827908e-20
27.75,0.009361702,2.539084308213333e-20,5.582275213089696e-89,2.116197168399307e-73,3.4795194765473206e-161,9.247142974915471e-128,1.0991061572460821e-98,2.666474302564802e-56,2.539084308213333e-20
27.766666666666666,0.009361702,2.1937579327092964e-20,4.623687720453376e-89,1.8024466112351284e-73,2.3863611793814265e-161,6.682096884102288e-128,8.412481779961999e-99,2.0931731133523396e-56,2.1937579327092964e-20
27.78333333333333,0.009361702,1.8953295456035334e-20,3.829692770931508e-89,1.5352094505480042e-73,1.6366270854447528e-161,4.828522907658681e-128,6.438792711816086e-99,1.643098231265966e-56,1.8953295456035334e-20
27.8,0.009361702,1.637439593339184e-20,3.172032061294174e-89,1.3075906524155949e-73,1.122431779729733e-161,3.4890899319191425e-128,4.928112018347887e-99,1.289770899882464e-56,1.637439593339184e-20
27.816666666666663,0.009361702,1.4145895589823672e-20,2.627298376558752e-89,1.1137172024476501e-73,7.697803880873834e-162,2.5211946557325916e-128,3.771833616418846e-99,1.0124004162749554e-56,1.4145895589823672e-20
27.83333333333333,0.009361702,1.2220255731471911e-20,2.1761028890141756e-89,9.48586629013749e-74,5.279227816772559e-162,1.821784262653568e-128,2.886824084654184e-99,7.946626125353051e-57,1.2220255731471911e-20
27.85,0.004680851,1.055637731068612e-20,1.8023853780364867e-89,8.079379754483077e-74,3.6205174495441244e-162,1.3163878816487673e-128,2.2094488857804226e-99,6.237405809589714e-57,1.055637731068612e-20
27.866666666666667,0.004680851,9.11873000077039e-21,1.4928428429379376e-89,6.881418945587196e-74,2.4829477018856106e-162,9.511897759511152e-129,1.6909993949824696e-99,4.895713599440123e-57,9.11873000077039e-21
27.883333333333333,0.004680851,7.876598862154055e-21,1.2364561900644585e-89,5.861070316920642e-74,1.7027903933507583e-162,6.873007962098098e-129,1.2941922906613671e-99,3.8425437339831707e-57,7.876598862154055e-21
27.9,0.004680851,6.803432750474001e-21,1.024098162144037e-89,4.9920028251725886e-74,1.167754390063257e-162,4.9661851074893646e-129,9.904898651220761e-100,3.015869021049019e-57,6.803432750474001e-21
27.916666666666668,0.009361702,5.876280749438838e-21,8.482085663829083e-90,4.251788693598957e-74,8.008266737932671e-163,3.588354566588066e-129,7.580487634700079e-100,2.3669931642468686e-57,5.876280749438838e-21
27.933333333333334,0.009361702,5.075304757419511e-21,7.025252506711313e-90,3.621324846157599e-74,5.491895460965039e-163,2.5927711898281453e-129,5.801497902166106e-100,1.857686522464261e-57,5.075304757419511e-21
27.95,0.009361702,4.383357954778692e-21,5.818612595203772e-90,3.084340093093072e-74,3.766194195410531e-163,1.873395356043171e-129,4.4399597407180726e-100,1.4579370900518652e-57,4.383357954778692e-21
27.966666666666665,0.004680851,3.785620262304145e-21,4.819202434683488e-90,2.626975359486601e-74,2.582735189706369e-163,1.3536023430592147e-129,3.3979253223026677e-100,1.1441845918590015e-57,3.785620262304145e-21
27.98333333333333,0.004680851,3.2692830985175017e-21,3.9914355600589885e-90,2.237426131540112e-74,1.7711436165558838e-163,9.780232377500317e-130,2.600426249328243e-100,8.97933945633668e-58,3.2692830985175017e-21
28.0,0.004680851,2.8232767800520002e-21,3.305835989692976e-90,1.9056378995670373e-74,1.2145752046142676e-163,7.066488802616558e-130,1.9900829294790285e-100,7.046666170182687e-58,2.8232767800520002e-21
28.016666666666666,0.004680851,2.438034806324936e-21,2.7379891084203197e-90,1.6230467431576055e-74,8.32897931651395e-164,5.105691954933264e-130,1.5229783785692095e-100,5.529858850034744e-58,2.438034806324936e-21
28.03333333333333,0.004680851,2.105290046082938e-21,2.267672657121873e-90,1.382358367990371e-74,5.711575243480431e-164,3.6889433111653796e-130,1.165499897367355e-100,4.339457738149742e-58,2.105290046082938e-21
28.05,0.004680851,1.817898515281737e-21,1.8781369122359203e-90,1.1773598952862126e-74,3.9166681238264015e-164,2.665298164141205e-130,8.919216136795361e-101,3.405241964022154e-58,1.817898515281737e-21
28.066666666666663,0.004680851,1.5696870172001296e-21,1.5555084451188177e-90,1.002759549488913e-74,2.6858045324810348e-164,1.925688655649569e-130,6.825541188611304e-101,2.6720932776710952e-58,1.5696870172001296e-21
28.08333333333333,0.004680851,1.3553214188371642e-21,1.2882962469804542e-90,8.540501091930279e-75,1.841742013181543e-164,1.3913064666785792e-130,5.223281818290834e-101,2.0967488036918414e-58,1.3553214188371642e-21
28.1,0.004680851,1.1701927730281075e-21,1.0669826464973803e-90,7.273925991603758e-75,1.2629319716384255e-164,1.0052081527452246e-130,3.997107206729802e-101,1.645251791846367e-58,1.1701927730281075e-21
28.116666666666667,0.004680851,1.0103188724353146e-21,8.836844636078826e-91,6.195172232733136e-75,8.660199483282149e-165,7.26249212673118e-131,3.058750929852978e-101,1.2909503732677383e-58,1.0103188724353146e-21
28.133333333333333,0.004680851,8.72259147529431e-22,7.318723416825654e-91,5.276389829203312e-75,5.938443317738355e-165,5.247009221356361e-131,2.3406604654302254e-101,1.0129265530753224e-58,8.72259147529431e-22
28.15,0.004680851,7.530411026933949e-22,6.061382700869025e-91,4.493858040640992e-75,4.072059567727498e-165,3.790831386362226e-131,1.7911366525130716e-101,7.947629719694754e-59,7.530411026933949e-22
28.166666666666668,0.004680851,6.500967285696461e-22,5.02003023701925e-91,3.82737318863095e-75,2.792237930906517e-165,2.738757641016538e-131,1.3706135665931068e-101,6.235748368732757e-59,6.500967285696461e-22
28.183333333333334,0.004680851,5.612075398532442e-22,4.157566662330277e-91,3.259727225285981e-75,1.9146417350754663e-165,1.978651177118958e-131,1.0488112650950284e-101,4.892500207417151e-59,5.612075398532442e-22
28.2,0.004680851,4.844570703355467e-22,3.44326440610511e-91,2.7762636018063794e-75,1.3128630486253546e-165,1.429490854125285e-131,8.025566184086149e-102,3.838525806050158e-59,4.844570703355467e-22
28.216666666666665,0.004680851,4.181898149638215e-22,2.851673443180085e-91,2.3644989785678557e-75,9.002189257894058e-166,1.0327377185064963e-131,6.141154814617173e-102,3.011545604088661e-59,4.181898149638215e-22
28.23333333333333,0.004680851,3.609757453185683e-22,2.361714947319429e-91,2.0138010166639384e-75,6.172678668121517e-166,7.460968701734561e-132,4.699162322893803e-102,2.3626849640258962e-59,3.609757453185683e-22
28.25,0.004680851,3.1157964309807373e-22,1.9559305823266042e-91,1.7151139375057897e-75,4.232490789813574e-166,5.390101276240334e-132,3.5957285003651644e-102,1.853589715232626e-59,3.1157964309807373e-22
28.266666666666666,0.004680851,2.6893459842423e-22,1.6198607073781853e-91,1.4607247693408982e-75,2.9021189011234344e-166,3.8939930070333885e-132,2.7513724839921457e-102,1.454162199403918e-59,2.6893459842423e-22
28.28333333333333,0.004680851,2.3211910819753586e-22,1.3415293611442158e-91,1.2440642491731858e-75,1.989899830764007e-166,2.813130961113846e-132,2.1052707028327985e-102,1.1407843734069936e-59,2.3211910819753586e-22
28.3,0.004680851,2.0033728619557234e-22,1.1110176896939465e-91,1.0595372426224527e-75,1.3644074042849598e-166,2.0322694183157442e-132,1.6108777085811599e-102,8.949232154782222e-60,2.0033728619557234e-22
28.316666666666663,0.004680851,1.7290176273908935e-22,9.20110631182932e-92,9.02378305794938e-76,9.355214826356851e-167,1.468145735539194e-132,1.232574766069373e-102,7.020362043366095e-60,1.7290176273908935e-22
28.33333333333333,0.004680851,1.4921890893837398e-22,7.620042778779271e-92,7.685286619014226e-76,6.414463118968389e-167,1.060604866095667e-132,9.4310501992825e-103,5.507123228953646e-60,1.4921890893837398e-22
28.35,0.004680851,1.2877606998735953e-22,6.310634959756273e-92,6.545314178748187e-76,4.3980859886010784e-167,7.661867382987128e-133,7.216106463532932e-103,4.3199791925021127e-60,1.2877606998735953e-22
28.366666666666667,0.004680851,1.1113053473651618e-22,5.226211727437759e-92,5.574423168595233e-76,3.0155322787824977e-167,5.534931117485201e-133,5.521307137676146e-103,3.3886765438552955e-60,1.1113053473651618e-22
28.383333333333333,0.004680851,9.590000575338583e-23,4.328119424302416e-92,4.747537233057059e-76,2.0675742481866384e-167,3.998401404115017e-133,4.224516280957612e-103,2.6580931996092207e-60,9.590000575338583e-23
28.4,0.004680851,8.275436605239687e-23,3.5843446987143777e-92,4.04329878845583e-76,1.417604620387315e-167,2.8883987592886363e-133,3.232274116302002e-103,2.0849802419097724e-60,8.275436605239687e-23
28.416666666666668,0.004680851,7.140856631933401e-23,2.9683738746139078e-92,3.4435175795762535e-76,9.71954655339788e-168,2.086529370817493e-133,2.473064840524431e-103,1.635405145768219e-60,7.140856631933401e-23
28.433333333333334,0.004680851,6.161648035662792e-23,2.4582482330676005e-92,2.932701001451961e-76,6.663981342881289e-168,1.5072609779012934e-133,1.8921647692887066e-103,1.2827454349859245e-60,6.161648035662792e-23
28.45,0.004680851,5.316559713860558e-23,2.035781559539157e-92,2.4976540635481127e-76,4.5689713040044235e-168,1.0888022660897863e-133,1.447699880822787e-103,1.006114301231037e-60,5.316559713860558e-23
28.466666666666665,0.004680851,4.587243572945452e-23,1.6859120886209112e-92,2.1271386708039204e-76,3.132564222798477e-168,7.865135157510544e-134,1.107628879809034e-103,7.891252104034537e-61,4.587243572945452e-23
28.48333333333333,0.004680851,3.9578584759209165e-23,1.396165763725567e-92,1.8115834267924872e-76,2.147723837216058e-168,5.68146040295051e-134,8.474345302318228e-104,6.189225270785459e-61,3.9578584759209165e-23
28.5,0.004680851,3.4147281502401465e-23,1.1562116932359724e-92,1.542836468123949e-76,1.4724948934533542e-168,4.1040288474484944e-134,6.483569972082979e-104,4.854208906198246e-61,3.4147281502401465e-23
28.516666666666666,0.004680851,2.946045714327971e-23,9.574939679262625e-93,1.3139549497941865e-76,1.0095458993822234e-168,2.9645409811077536e-134,4.9604196205381134e-104,3.8070840107947e-61,2.946045714327971e-23
28.53333333333333,0.004680851,2.5416184785765363e-23,7.929267239767047e-93,1.119025747120446e-76,6.921420868352249e-169,2.1414165318649335e-134,3.7950614028175653e-104,2.985783458562458e-61,2.5416184785765363e-23
28.55,0.004680851,2.192647538755876e-23,6.5664158841795925e-93,9.53012745614727e-77,4.7452748224501516e-169,1.5468260936800095e-134,2.903456882039185e-104,2.3416178961525897e-61,2.192647538755876e-23
28.566666666666663,0.004680851,1.8915374249180677e-23,5.437785095364979e-93,8.116267764026362e-77,3.253302218777481e-169,1.1173223348354598e-134,2.2213047525816136e-104,1.8363930790427787e-61,1.8915374249180677e-23
28.58333333333333,0.004680851,1.6317317128821983e-23,4.503125200761666e-93,6.912148393184911e-77,2.23040835195823e-169,8.070717189222302e-135,1.69940585119861e-104,1.4401482066324243e-61,1.6317317128821983e-23
28.6,0.004680851,1.4075710619712835e-23,3.7291026099730797e-93,5.8866575367136235e-77,1.529119036297896e-169,5.82964948318094e-135,1.300116525911945e-104,1.1293815126758675e-61,1.4075710619712835e-23
28.616666666666667,0.004680851,1.2141706236722395e-23,3.088111536697899e-93,5.013298007288794e-77,1.048323090283901e-169,4.2108466694519974e-135,9.946348263164266e-105,8.856581639083758e-62,1.2141706236722395e-23
28.633333333333333,0.004680851,1.0473141815663351e-23,2.5572898642896104e-93,4.269502831485127e-77,7.186972086681927e-170,3.041536899969382e-135,7.60923970681857e-105,6.945181176664227e-62,1.0473141815663351e-23
28.65,0.004680851,9.033627420825833e-24,2.1177040867857674e-93,3.6360523422147e-77,4.9271265815162166e-170,2.196915916742064e-135,5.821234542186759e-105,5.446193226149701e-62,9.033627420825833e-24
28.666666666666668,0.004680851,7.791756060176583e-24,1.7536742807383307e-93,3.096577718168501e-77,3.377835082124183e-170,1.5868302497841053e-135,4.453332946276456e-105,4.270655622858636e-62,7.791756060176583e-24
28.683333333333334,0.004680851,6.72042218973763e-24,1.4522150521626121e-93,2.637138150894487e-77,2.3156884528305313e-170,1.1461572409224224e-135,3.406837953139658e-105,3.348791606879162e-62,6.72042218973763e-24
28.7,0.004680851,5.796233306093264e-24,1.2025725350199988e-93,2.2458607210002324e-77,1.5875184794203038e-170,8.278556865756065e-136,2.60623779387156e-105,2.6258733763515284e-62,5.796233306093264e-24
28.716666666666665,0.004680851,4.999001928295606e-24,9.95840940042884e-94,1.9126336839883148e-77,1.0883145245376954e-170,5.979457435259766e-136,1.993759903807624e-105,2.0589772477153647e-62,4.999001928295606e-24
28.73333333333333,0.004680851,4.311307000411911e-24,8.246449872676319e-94,1.6288452451996921e-77,7.460828258204777e-171,4.318825289594473e-136,1.5252040233629774e-105,1.6144382873803695e-62,4.311307000411911e-24
28.75,0.004680851,3.718115240590685e-24,6.828769033332624e-94,1.3871610778443888e-77,5.114658574087881e-171,3.1193651347968687e-136,1.1667540019112874e-105,1.2658536724709358e-62,3.718115240590685e-24
28.766666666666666,0.004680851,3.2064542537730564e-24,5.65478609035791e-94,1.1813348384545588e-77,3.5062529608212957e-171,2.2530120715692387e-136,8.925384530175074e-106,9.925165161841433e-63,3.2064542537730564e-24
28.78333333333333,0.004680851,2.7651303406800082e-24,4.682613330687958e-94,1.006046786119204e-77,2.4036257084192587e-171,1.627262276809738e-136,6.827643856205925e-106,7.781873755730645e-63,2.7651303406800082e-24
28.8,0.004680851,2.3844848993563338e-24,3.8775622168998663e-94,8.567663375514296e-78,1.6477352722427744e-171,1.1752989118692658e-136,5.222892379675884e-106,6.101306526507948e-63,2.3844848993563338e-24
28.816666666666663,0.004680851,2.0561841479805544e-24,3.210906187456924e-94,7.296350081193026e-78,1.1295489204341712e-171,8.488595846778354e-137,3.995283449082058e-106,4.7835878572404486e-63,2.0561841479805544e-24
28.83333333333333,0.004680851,1.7730376167081424e-24,2.658856054132113e-94,6.213667154051331e-78,7.743185517802111e-172,6.130842097724919e-137,3.0561905169461488e-106,3.7503943443267484e-63,1.7730376167081424e-24
28.85,0.004680851,1.5288414774220822e-24,2.201711467809154e-94,5.29162870228049e-78,5.308004752036458e-172,4.427934239632182e-137,2.3378119119818907e-106,2.9403051697882894e-63,1.5288414774220822e-24
28.866666666666667,0.004680851,1.3182433167345644e-24,1.8231581997153899e-94,4.506400619472538e-78,3.63864733787532e-172,3.1980036682779274e-137,1.7882779986719786e-106,2.3051553262540352e-63,1.3182433167345644e-24
28.883333333333333,0.004680851,1.1366254209463006e-24,1.5096861828734037e-94,3.837684701171338e-78,2.4942825971081663e-172,2.3096890864828453e-137,1.3679078115842354e-106,1.8071754489247067e-63,1.1366254209463006e-24
28.9,0.004680851,9.800040418683577e-25,1.2501075633637307e-94,3.268194115882512e-78,1.709812084196856e-172,1.668110678565177e-137,1.0463451435842686e-106,1.4167486261996106e-63,9.800040418683577e-25
28.916666666666668,0.004680851,8.449424580401563e-25,1.035157576229147e-94,2.783206680884051e-78,1.1720554187839726e-172,1.2047390410042286e-137,8.003674911982136e-107,1.1106511310126704e-63,8.449424580401563e-25
28.933333333333334,0.004680851,7.284759443765493e-25,8.571640135971024e-95,2.370184402710943e-78,8.034242879697982e-173,8.7007741137089e-138,6.122097884737544e-107,8.706727030670853e-64,7.284759443765493e-25
28.95,0.004680851,6.280470210550808e-25,7.097734980421562e-95,2.0184494537069388e-78,5.5073010294054856e-173,6.283760106499187e-138,4.682819909446043e-107,6.82534516518911e-64,6.280470210550808e-25
28.966666666666665,0.004680851,5.414495750671031e-25,5.877247995173822e-95,1.718908213737335e-78,3.775111033436294e-173,4.5381421895701424e-138,3.581879805071454e-107,5.3504062083529744e-64,5.414495750671031e-25
28.98333333333333,0.004680851,4.667806400869575e-25,4.866611115190825e-95,1.4638162476817887e-78,2.587722508484039e-173,3.277429865618689e-138,2.7397499834101884e-107,4.194124900184526e-64,4.667806400869575e-25
29.0,0.004680851,4.023987863091564e-25,4.029745913000334e-95,1.246578146728633e-78,1.773792205652496e-173,2.3669306091834363e-138,2.0955944366218562e-107,3.287671773820525e-64,4.023987863091564e-25
29.016666666666666,0.004680851,3.4688821523595455e-25,3.336776194154372e-95,1.0615770620773639e-78,1.2158635835343892e-173,1.70936364185769e-138,1.6028760024441242e-107,2.577080930822965e-64,3.4688821523595455e-25
29.03333333333333,0.004680851,2.990277781585926e-25,2.7629618668319483e-95,9.040295266762808e-79,8.334202241543565e-174,1.2344690945356684e-138,1.2259958783154711e-107,2.02004104473792e-64,2.990277781585926e-25
29.05,0.004680851,2.5776424393396693e-25,2.287816057244127e-95,7.69861813890564e-79,5.712685285105143e-174,8.915030020793377e-139,9.377228384140457e-108,1.5833790112060155e-64,2.5776424393396693e-25
29.066666666666663,0.004680851,2.221892339188582e-25,1.8943739774891364e-95,6.556046383727547e-79,3.9157382065755973e-174,6.438166931776114e-139,7.172265930354264e-108,1.2410867762827571e-64,2.221892339188582e-25
29.08333333333333,0.004680851,1.9151932157874134e-25,1.5685874645876713e-95,5.583034782704009e-79,2.6840097445103283e-174,4.6494169742956804e-139,5.4857332784857204e-108,9.727741209830121e-65,1.9151932157874134e-25
29.1,0.004680851,1.6507886305755022e-25,1.2988235915445294e-95,4.754422014854536e-79,1.8397195486938624e-174,3.3576204937801676e-139,4.1957481610459024e-108,7.624554713006321e-65,1.6507886305755022e-25
29.116666666666667,0.004680851,1.4228518436354463e-25,1.0754494632005549e-95,4.0487802242348786e-79,1.261003402278211e-174,2.4247198588291454e-139,3.2090801590169017e-108,5.975986388161789e-65,1.4228518436354463e-25
29.133333333333333,0.004680851,1.2263580207879978e-25,8.904883837065102e-96,3.447861084116011e-79,8.643268387762304e-175,1.7510090465264163e-139,2.4544158807154583e-108,4.683789539487901e-65,1.2263580207879978e-25
29.15,0.0,1.0569739874401297e-25,7.373351282669602e-96,2.9361240428845405e-79,5.924297365117882e-175,1.2644803187965227e-139,1.8772070663583235e-108,3.6709445472857564e-65,1.0569739874401297e-25
29.166666666666668,0.0,9.109631226243475e-26,6.1052016012069014e-96,2.5003345601028328e-79,4.0606243567310366e-175,9.131300347412524e-140,1.4357296073266576e-108,2.8770736250356096e-65,9.109631226243475e-26
29.183333333333334,0.0,7.851033163484271e-26,5.0551437973971645e-96,2.1292219496469356e-79,2.783209520472469e-175,6.5940169157890415e-140,1.0980688892867925e-108,2.254845800219656e-65,7.851033163484271e-26
29.2,0.0,6.766161979428959e-26,4.185674391802857e-96,1.8131879870572857e-79,1.9076386477362646e-175,4.761725620856064e-140,8.398137471870882e-109,1.7671583217049599e-65,6.766161979428959e-26
29.216666666666665,0.0,5.831060887197325e-26,3.4657385198127505e-96,1.544058750005225e-79,1.3075052866577363e-175,3.4385517411736107e-140,6.422924839150098e-109,1.3849268460150115e-65,5.831060887197325e-26
29.23333333333333,0.0,5.025073442590015e-26,2.869621206681969e-96,1.3148732779660161e-79,8.961648992177977e-176,2.483039640253109e-140,4.912235454334288e-109,1.0853529450539926e-65,5.025073442590015e-26
29.25,0.0,4.330389346194079e-26,2.3760292515835843e-96,1.1197035886638692e-79,6.1422790841962886e-176,1.7930344757064331e-140,3.756833884253213e-109,8.505658575559755e-66,4.330389346194079e-26
29.266666666666666,0.0,3.731652686920718e-26,1.9673309545547664e-96,9.53501399192624e-80,4.209866324811199e-176,1.2947637476544172e-140,2.873169830779501e-109,6.665576609433226e-66,3.731652686920718e-26
29.28333333333333,-0.004680851,3.2156240521024984e-26,1.628926552294541e-96,8.119675898496522e-80,2.8853879656922405e-176,9.34952035157404e-141,2.1973391707133986e-109,5.223484911276615e-66,3.2156240521024984e-26
29.3,-0.004680851,2.7708891055164307e-26,1.3487268928464283e-96,6.914410364846459e-80,1.9775946599847892e-176,6.751263311426963e-141,1.6804647206014608e-109,4.0933212165925365e-66,2.7708891055164307e-26
29.316666666666663,-0.004680851,2.3876072497704742e-26,1.1167217416376407e-96,5.888039377356477e-80,1.3554000726585723e-176,4.875034376328804e-141,1.2851629868811381e-109,3.207629434745225e-66,2.3876072497704742e-26
29.33333333333333,-0.004680851,2.0572948654616e-26,9.246223099149884e-97,5.014011898431154e-80,9.289554619895702e-177,3.520199237773521e-141,9.828416080604442e-110,2.5135379986345306e-66,2.0572948654616e-26
29.35,-0.004680851,1.7726383754218312e-26,7.655652454172675e-97,4.269717248076715e-80,6.366774227068791e-177,2.541872358481302e-141,7.516322046098422e-110,1.9696072816231353e-66,1.7726383754218312e-26
29.366666666666667,-0.004680851,1.5273330346417884e-26,6.338675186282657e-97,3.635900368720203e-80,4.363562293953007e-177,1.8354272263072883e-141,5.748092568288934e-110,1.5433583216546131e-66,1.5273330346417884e-26
29.383333333333333,-0.004680851,1.3159439093026475e-26,5.248234544282309e-97,3.096163856502398e-80,2.990612124004945e-177,1.3253102100738383e-141,4.3958074592724956e-110,1.2093356482778537e-66,1.3159439093026475e-26
29.4,-0.004680851,1.1337859939990754e-26,4.3453666319932184e-97,2.6365438850485724e-80,2.049633365735944e-177,9.569623824486672e-142,3.3616315472958603e-110,9.475888061533992e-67,1.1337859939990754e-26
29.416666666666668,-0.004680851,9.768208352674375e-27,3.597808711052356e-97,2.2451490577573284e-80,1.4047190207966116e-177,6.90985832161755e-142,2.5707397166312407e-110,7.424820993573176e-67,9.768208352674375e-27
29.433333333333334,-0.004680851,8.415673910818338e-27,2.978846808083343e-97,1.9118528513363904e-80,9.62719872844907e-178,4.989308736240838e-142,1.9659055902631523e-110,5.817616271211172e-67,8.415673910818338e-27
29.45,-0.004680851,7.250251679144548e-27,2.4663614810436937e-97,1.6280316986674221e-80,6.59792854913421e-178,3.602538075628607e-142,1.5033626919254573e-110,4.558240061628974e-67,7.250251679144548e-27
29.466666666666665,-0.004680851,6.2460794608195305e-27,2.0420376733123944e-97,1.38634193891098e-80,4.521811789942784e-178,2.6012000335341287e-142,1.1496388881333899e-110,3.57143189138406e-67,6.2460794608195305e-27
29.48333333333333,-0.004680851,5.380866362803382e-27,1.6907104418020026e-97,1.1805298675497765e-80,3.0989499540064196e-178,1.8781743196920413e-142,8.79135255729347e-111,2.798212077989726e-67,5.380866362803382e-27
29.5,-0.004680851,4.635400105164873e-27,1.399823196110404e-97,1.0052699747877187e-80,2.1238011685159852e-178,1.3561103378212593e-142,6.722743279934153e-111,2.192360536941545e-67,4.635400105164873e-27
29.516666666666666,-0.004680851,3.99312223443262e-27,1.1589791025480413e-97,8.560271894815946e-81,1.4554938161955618e-178,9.791543146154812e-143,5.140838299551523e-111,1.717656981767453e-67,3.99312223443262e-27
29.53333333333333,-0.004680851,3.439761891716984e-27,9.595696331448539e-98,7.289395664192193e-81,9.974797668209273e-179,7.069753139434925e-143,3.931134948831193e-111,1.3457179164106928e-67,3.439761891716984e-27
29.55,-0.004680851,2.963020072239926e-27,7.944669941586182e-98,6.207183833154557e-81,6.83588977664823e-179,5.104513473506375e-143,3.006066337246608e-111,1.054301395251809e-67,2.963020072239926e-27
29.566666666666663,-0.004680851,2.5522974221270302e-27,6.57769449477733e-98,5.285630640297426e-81,4.68471568128449e-179,3.6855428297363863e-143,2.2986654753659473e-111,8.259784145852473e-68,2.5522974221270302e-27
29.58333333333333,-0.004680851,2.198459575119586e-27,5.4459044304219866e-98,4.500887278576902e-81,3.21047032906003e-179,2.661004315481949e-143,1.7577196068349376e-111,6.4709166117902214e-68,2.198459575119586e-27
29.6,-0.004680851,1.893634857162555e-27,4.5088398841348863e-98,3.832644912181301e-81,2.2001450950615598e-179,1.921262512538467e-143,1.3440642789607996e-111,5.0693948072900644e-68,1.893634857162555e-27
29.616666666666667,-0.004680851,1.6310398986678173e-27,3.733000887240562e-98,3.2636092608680985e-81,1.5077565685531122e-179,1.3871545733001504e-143,1.0277490994936737e-111,3.971363623896002e-68,1.6310398986678173e-27
29.633333333333333,-0.004680851,1.404829308230959e-27,3.090650226678417e-98,2.7790531630399943e-81,1.0332570682024254e-179,1.0015209341891651e-143,7.8587016438601e-112,3.111117654417947e-68,1.404829308230959e-27
29.65,-0.004680851,1.2099660911287928e-27,2.5588222023178555e-98,2.3664355452814996e-81,7.0808076064068796e-180,7.230897988861608e-144,6.009123554809574e-112,2.437173679621093e-68,1.2099660911287928e-27
29.666666666666668,-0.004680851,1.0421099526371772e-27,2.1185018721464405e-98,2.0150769433100552e-81,4.852376178922041e-180,5.220612667825585e-144,4.594815835292338e-112,1.909192869525148e-68,1.0421099526371772e-27
29.683333333333334,-0.004680851,8.97521020101011e-28,1.7539454649001822e-98,1.7158831817340777e-81,3.325243037068541e-180,3.76918757924613e-144,3.5133525653859292e-112,1.4955689038761182e-68,8.97521020101011e-28
29.7,-0.004680851,7.729768573841365e-28,1.452117681784414e-98,1.4611100654403406e-81,2.2787127951363574e-180,2.7212664997399855e-144,2.6864082530074673e-112,1.171537963093127e-68,7.729768573841365e-28
29.716666666666665,-0.004680851,6.657009382806472e-28,1.2022257840404989e-98,1.2441629960609247e-81,1.5615398119994465e-180,1.9646783078707927e-144,2.0540875668680462e-112,9.176976941947302e-69,6.657009382806472e-28
29.73333333333333,-0.004680851,5.733009981016413e-28,9.953338202869909e-99,1.0594263302132729e-81,1.0700739904132438e-180,1.4184331775060048e-144,1.5705890389986377e-112,7.188466734280244e-69,5.733009981016413e-28
29.75,-0.004680851,4.937159005097555e-28,8.240432102603507e-99,9.021180654193618e-82,7.33283370490597e-181,1.0240552139686061e-144,1.2008889377066048e-112,5.630750247124808e-69,4.937159005097555e-28
29.766666666666666,-0.004680851,4.251698445378205e-28,6.822282720049804e-99,7.681660946767019e-82,5.024896835616081e-181,7.393242166161143e-145,9.182053227661527e-113,4.4105185198296565e-69,4.251698445378205e-28
29.78333333333333,-0.004680851,3.6613289872244606e-28,5.648172423647859e-99,6.54102828513527e-82,3.443338780009785e-181,5.337569735518442e-145,7.020587454684212e-113,3.4546689880362077e-69,3.6613289872244606e-28
29.8,-0.004680851,3.1528698896917487e-28,4.676109658961755e-99,5.569754584387883e-82,2.3595525411850285e-181,3.8534459289732266e-145,5.367892295644942e-113,2.7059306155175494e-69,3.1528698896917487e-28
29.816666666666663,-0.004680851,2.7149658720906173e-28,3.871327730933602e-99,4.742695402718866e-82,1.616876504842624e-181,2.7819675425801286e-145,4.104221877390405e-113,2.119436027611494e-69,2.7149658720906173e-28
29.83333333333333,-0.004680851,2.337834517571809e-28,3.2050418315501656e-99,4.0384392037606917e-82,1.1079530358298875e-181,2.0084079662410936e-145,3.138011803692097e-113,1.6600356975699144e-69,2.337834517571809e-28
29.85,-0.004680851,2.0130485982533733e-28,2.653419892211109e-99,3.438753212278484e-82,7.592121706996682e-182,1.4499362380887386e-145,2.3992473558767564e-113,1.30019358241254e-69,2.0130485982533733e-28
29.866666666666667,-0.004680851,1.733348498415232e-28,2.1967304802327322e-99,2.92811152620461e-82,5.2023825449601113e-182,1.0467500028337221e-145,1.8343921914593566e-113,1.0183383570910358e-69,1.733348498415232e-28
29.883333333333333,-0.004680851,1.4924805778922189e-28,1.818637285124508e-99,2.4932932758386338e-82,3.564829173225396e-182,7.5567340817880204e-146,1.4025103776718318e-113,7.975716297390018e-70,1.4924805778922189e-28
29.9,-0.004680851,1.2850578916416098e-28,1.5056149784667234e-99,2.1230404331067695e-82,2.4427132278263893e-182,5.455347459739028e-146,1.0723009778607034e-113,6.246558626287749e-70,1.2850578916416098e-28
29.916666666666668,-0.004680851,1.1064401761780186e-28,1.2464655685048237e-99,1.807766416905777e-82,1.673800029203361e-182,3.9382910311801095e-146,8.198304689482357e-114,4.892214476709665e-70,1.1064401761780186e-28
29.933333333333334,-0.004680851,9.526304400715033e-29,1.0319179619012638e-99,1.5393079546823353e-82,1.1469169955203283e-182,2.8430880768322903e-146,6.267987875564585e-114,3.831454907678364e-70,9.526304400715033e-29
29.95,-0.004680851,8.20185863377024e-29,8.542964187211021e-100,1.310713779488406e-82,7.858827214016138e-183,2.0524375170512532e-146,4.7921343665539524e-114,3.0006512890169066e-70,8.20185863377024e-29
29.966666666666665,-0.004680851,7.061410278203017e-29,7.072460489157737e-100,1.1160646947563884e-82,5.384939540054651e-183,1.481653677515028e-146,3.6637562958551744e-114,2.3499625104334163e-70,7.061410278203017e-29
29.98333333333333,-0.004680851,6.079417727899593e-29,5.85505537258913e-100,9.503203506009818e-83,3.689786744478359e-183,1.0695980316280028e-146,2.8010504221389948e-114,1.8403479962341673e-70,6.079417727899593e-29
30.0,-0.004680851,5.233882077102486e-29,4.847189717219261e-100,8.091887665681023e-83,2.5282443711788377e-183,7.721321302790108e-147,2.1414702207058262e-114,1.4412277024278148e-70,5.233882077102486e-29
